batch,site,cohort,feature,raw_value,raw_finite,bright_dependency,pore_dependency,coverage_eligible,policy_eligible,observed_model_input,reason,variant
Batch_1,4ih2ggld,known,bright_aspect_count_iqr,1.7571064848515494,True,True,False,True,False,False,bright_low_contrast,nominal
Batch_1,4ih2ggld,known,bright_circularity_count_iqr,0.2860948236558406,True,True,False,True,False,False,bright_low_contrast,nominal
Batch_1,4ih2ggld,known,bright_solidity_count_q10,0.497560193929109,True,True,False,True,False,False,bright_low_contrast,nominal
Batch_1,4ih2ggld,known,void_local_width_d50_px,10.0,True,False,True,True,True,True,,nominal
Batch_1,4ih2ggld,known,void_local_width_d90_px,38.8329756778952,True,False,True,True,True,True,,nominal
Batch_1,4ih2ggld,known,graph_edge_length_iqr_ratio,0.8717855993040962,True,True,False,True,False,False,bright_low_contrast,nominal
Batch_1,4ih2ggld,known,local_bright_std_512px,0.0815693932611079,True,True,False,True,False,False,bright_low_contrast,nominal
Batch_1,4ih2ggld,known,bright_pore_crosscorr_xy_contrast_256px,0.0092313697851206,True,True,True,True,False,False,bright_low_contrast,nominal
Batch_1,5n1q8atc,known,bright_aspect_count_iqr,1.905467070642609,True,True,False,True,False,False,bright_low_contrast,nominal
Batch_1,5n1q8atc,known,bright_circularity_count_iqr,0.2952803776202743,True,True,False,True,False,False,bright_low_contrast,nominal
Batch_1,5n1q8atc,known,bright_solidity_count_q10,0.4831328320802005,True,True,False,True,False,False,bright_low_contrast,nominal
Batch_1,5n1q8atc,known,void_local_width_d50_px,7.211102550927978,True,False,True,True,True,True,,nominal
Batch_1,5n1q8atc,known,void_local_width_d90_px,29.5296461204668,True,False,True,True,True,True,,nominal
Batch_1,5n1q8atc,known,graph_edge_length_iqr_ratio,0.8672955640907164,True,True,False,True,False,False,bright_low_contrast,nominal
Batch_1,5n1q8atc,known,local_bright_std_512px,0.1144710595405117,True,True,False,True,False,False,bright_low_contrast,nominal
Batch_1,5n1q8atc,known,bright_pore_crosscorr_xy_contrast_256px,0.0302067470192585,True,True,True,True,False,False,bright_low_contrast,nominal
Batch_1,f1vzngrs,known,bright_aspect_count_iqr,1.3280303255663228,True,True,False,True,True,True,,nominal
Batch_1,f1vzngrs,known,bright_circularity_count_iqr,0.3086619559924545,True,True,False,True,True,True,,nominal
Batch_1,f1vzngrs,known,bright_solidity_count_q10,0.6312443438914027,True,True,False,True,True,True,,nominal
Batch_1,f1vzngrs,known,void_local_width_d50_px,7.211102550927978,True,False,True,True,True,True,,nominal
Batch_1,f1vzngrs,known,void_local_width_d90_px,22.09072203437452,True,False,True,True,True,True,,nominal
Batch_1,f1vzngrs,known,graph_edge_length_iqr_ratio,1.2547100646988607,True,True,False,True,True,True,,nominal
Batch_1,f1vzngrs,known,local_bright_std_512px,0.0625311444101326,True,True,False,True,True,True,,nominal
Batch_1,f1vzngrs,known,bright_pore_crosscorr_xy_contrast_256px,0.0163230262019439,True,True,True,True,True,True,,nominal
Batch_1,ffwubibz,known,bright_aspect_count_iqr,1.0393162156094558,True,True,False,True,True,True,,nominal
Batch_1,ffwubibz,known,bright_circularity_count_iqr,0.2958090113217054,True,True,False,True,True,True,,nominal
Batch_1,ffwubibz,known,bright_solidity_count_q10,0.6962025316455697,True,True,False,True,True,True,,nominal
Batch_1,ffwubibz,known,void_local_width_d50_px,8.246211251235321,True,False,True,True,True,True,,nominal
Batch_1,ffwubibz,known,void_local_width_d90_px,30.0,True,False,True,True,True,True,,nominal
Batch_1,ffwubibz,known,graph_edge_length_iqr_ratio,1.2153760097808894,True,True,False,True,True,True,,nominal
Batch_1,ffwubibz,known,local_bright_std_512px,0.0504657613697751,True,True,False,True,True,True,,nominal
Batch_1,ffwubibz,known,bright_pore_crosscorr_xy_contrast_256px,0.006089292112666,True,True,True,True,True,True,,nominal
Batch_1,fzrt2k6r,known,bright_aspect_count_iqr,1.2777180320055102,True,True,False,True,True,True,,nominal
Batch_1,fzrt2k6r,known,bright_circularity_count_iqr,0.3190669166071468,True,True,False,True,True,True,,nominal
Batch_1,fzrt2k6r,known,bright_solidity_count_q10,0.669780676910005,True,True,False,True,True,True,,nominal
Batch_1,fzrt2k6r,known,void_local_width_d50_px,8.94427190999916,True,False,True,True,True,True,,nominal
Batch_1,fzrt2k6r,known,void_local_width_d90_px,31.304951684997057,True,False,True,True,True,True,,nominal
Batch_1,fzrt2k6r,known,graph_edge_length_iqr_ratio,1.0755837077288946,True,True,False,True,True,True,,nominal
Batch_1,fzrt2k6r,known,local_bright_std_512px,0.058566292157561,True,True,False,True,True,True,,nominal
Batch_1,fzrt2k6r,known,bright_pore_crosscorr_xy_contrast_256px,0.0102042550742523,True,True,True,True,True,True,,nominal
Batch_1,iv6g2oq0,known,bright_aspect_count_iqr,1.1732083784439744,True,True,False,True,True,True,,nominal
Batch_1,iv6g2oq0,known,bright_circularity_count_iqr,0.3086291855488903,True,True,False,True,True,True,,nominal
Batch_1,iv6g2oq0,known,bright_solidity_count_q10,0.6689451352093053,True,True,False,True,True,True,,nominal
Batch_1,iv6g2oq0,known,void_local_width_d50_px,10.0,True,False,True,True,True,True,,nominal
Batch_1,iv6g2oq0,known,void_local_width_d90_px,34.23448553724738,True,False,True,True,True,True,,nominal
Batch_1,iv6g2oq0,known,graph_edge_length_iqr_ratio,1.0794989361745306,True,True,False,True,True,True,,nominal
Batch_1,iv6g2oq0,known,local_bright_std_512px,0.0553201172683688,True,True,False,True,True,True,,nominal
Batch_1,iv6g2oq0,known,bright_pore_crosscorr_xy_contrast_256px,0.0281970615771991,True,True,True,True,True,True,,nominal
Batch_1,uhdslk0o,known,bright_aspect_count_iqr,2.5040087116684235,True,True,False,True,True,True,,nominal
Batch_1,uhdslk0o,known,bright_circularity_count_iqr,0.2740632244600924,True,True,False,True,True,True,,nominal
Batch_1,uhdslk0o,known,bright_solidity_count_q10,0.6154480937448423,True,True,False,True,True,True,,nominal
Batch_1,uhdslk0o,known,void_local_width_d50_px,8.94427190999916,True,False,True,True,True,True,,nominal
Batch_1,uhdslk0o,known,void_local_width_d90_px,29.120439557122072,True,False,True,True,True,True,,nominal
Batch_1,uhdslk0o,known,graph_edge_length_iqr_ratio,1.1275196221100303,True,True,False,True,True,True,,nominal
Batch_1,uhdslk0o,known,local_bright_std_512px,0.0606286856083137,True,True,False,True,True,True,,nominal
Batch_1,uhdslk0o,known,bright_pore_crosscorr_xy_contrast_256px,0.0147888459498193,True,True,True,True,True,True,,nominal
Batch_2,3806gxp0,known,bright_aspect_count_iqr,1.0610059461394905,True,True,False,True,True,True,,nominal
Batch_2,3806gxp0,known,bright_circularity_count_iqr,0.2636164788445393,True,True,False,True,True,True,,nominal
Batch_2,3806gxp0,known,bright_solidity_count_q10,0.7136921215938768,True,True,False,True,True,True,,nominal
Batch_2,3806gxp0,known,void_local_width_d50_px,8.94427190999916,True,False,True,True,True,True,,nominal
Batch_2,3806gxp0,known,void_local_width_d90_px,26.83281572999748,True,False,True,True,True,True,,nominal
Batch_2,3806gxp0,known,graph_edge_length_iqr_ratio,0.9634528622609044,True,True,False,True,True,True,,nominal
Batch_2,3806gxp0,known,local_bright_std_512px,0.065015123287959,True,True,False,True,True,True,,nominal
Batch_2,3806gxp0,known,bright_pore_crosscorr_xy_contrast_256px,0.0223653899207748,True,True,True,True,True,True,,nominal
Batch_2,avn74qx1,known,bright_aspect_count_iqr,1.141076365980188,True,True,False,True,True,True,,nominal
Batch_2,avn74qx1,known,bright_circularity_count_iqr,0.3018063469173049,True,True,False,True,True,True,,nominal
Batch_2,avn74qx1,known,bright_solidity_count_q10,0.7489130434782608,True,True,False,True,True,True,,nominal
Batch_2,avn74qx1,known,void_local_width_d50_px,10.0,True,False,True,True,True,True,,nominal
Batch_2,avn74qx1,known,void_local_width_d90_px,31.04834939252005,True,False,True,True,True,True,,nominal
Batch_2,avn74qx1,known,graph_edge_length_iqr_ratio,0.9375374714924348,True,True,False,True,True,True,,nominal
Batch_2,avn74qx1,known,local_bright_std_512px,0.0508202261748757,True,True,False,True,True,True,,nominal
Batch_2,avn74qx1,known,bright_pore_crosscorr_xy_contrast_256px,0.0042438336862064,True,True,True,True,True,True,,nominal
Batch_2,b3esycq1,known,bright_aspect_count_iqr,1.3897492968227363,True,True,False,True,True,True,,nominal
Batch_2,b3esycq1,known,bright_circularity_count_iqr,0.3319406940301192,True,True,False,True,True,True,,nominal
Batch_2,b3esycq1,known,bright_solidity_count_q10,0.6255175983436854,True,True,False,True,True,True,,nominal
Batch_2,b3esycq1,known,void_local_width_d50_px,8.94427190999916,True,False,True,True,True,True,,nominal
Batch_2,b3esycq1,known,void_local_width_d90_px,29.5296461204668,True,False,True,True,True,True,,nominal
Batch_2,b3esycq1,known,graph_edge_length_iqr_ratio,1.0060595158638368,True,True,False,True,True,True,,nominal
Batch_2,b3esycq1,known,local_bright_std_512px,0.0662785489302155,True,True,False,True,True,True,,nominal
Batch_2,b3esycq1,known,bright_pore_crosscorr_xy_contrast_256px,0.0221634655762009,True,True,True,True,True,True,,nominal
Batch_2,epqdaau9,known,bright_aspect_count_iqr,1.0039284687877943,True,True,False,True,True,True,,nominal
Batch_2,epqdaau9,known,bright_circularity_count_iqr,0.3245548157134046,True,True,False,True,True,True,,nominal
Batch_2,epqdaau9,known,bright_solidity_count_q10,0.6910184155906748,True,True,False,True,True,True,,nominal
Batch_2,epqdaau9,known,void_local_width_d50_px,8.0,True,False,True,True,True,True,,nominal
Batch_2,epqdaau9,known,void_local_width_d90_px,26.68332812825267,True,False,True,True,True,True,,nominal
Batch_2,epqdaau9,known,graph_edge_length_iqr_ratio,1.07634186355617,True,True,False,True,True,True,,nominal
Batch_2,epqdaau9,known,local_bright_std_512px,0.0635172304989436,True,True,False,True,True,True,,nominal
Batch_2,epqdaau9,known,bright_pore_crosscorr_xy_contrast_256px,-0.0009569231589602,True,True,True,True,True,True,,nominal
Batch_2,i9jiqjwl,known,bright_aspect_count_iqr,1.568925686670113,True,True,False,True,True,True,,nominal
Batch_2,i9jiqjwl,known,bright_circularity_count_iqr,0.3076380472469466,True,True,False,True,True,True,,nominal
Batch_2,i9jiqjwl,known,bright_solidity_count_q10,0.569095047552772,True,True,False,True,True,True,,nominal
Batch_2,i9jiqjwl,known,void_local_width_d50_px,8.246211251235321,True,False,True,True,True,True,,nominal
Batch_2,i9jiqjwl,known,void_local_width_d90_px,26.30589287593181,True,False,True,True,True,True,,nominal
Batch_2,i9jiqjwl,known,graph_edge_length_iqr_ratio,1.4511510191359034,True,True,False,True,True,True,,nominal
Batch_2,i9jiqjwl,known,local_bright_std_512px,0.0592415085921611,True,True,False,True,True,True,,nominal
Batch_2,i9jiqjwl,known,bright_pore_crosscorr_xy_contrast_256px,-0.022370903994983,True,True,True,True,True,True,,nominal
Batch_2,r17byphk,known,bright_aspect_count_iqr,1.2700812747232677,True,True,False,True,True,True,,nominal
Batch_2,r17byphk,known,bright_circularity_count_iqr,0.3506689792406074,True,True,False,True,True,True,,nominal
Batch_2,r17byphk,known,bright_solidity_count_q10,0.6354858731813894,True,True,False,True,True,True,,nominal
Batch_2,r17byphk,known,void_local_width_d50_px,10.0,True,False,True,True,True,True,,nominal
Batch_2,r17byphk,known,void_local_width_d90_px,32.0,True,False,True,True,True,True,,nominal
Batch_2,r17byphk,known,graph_edge_length_iqr_ratio,1.2175457605072566,True,True,False,True,True,True,,nominal
Batch_2,r17byphk,known,local_bright_std_512px,0.0565788746601561,True,True,False,True,True,True,,nominal
Batch_2,r17byphk,known,bright_pore_crosscorr_xy_contrast_256px,0.0047063882562715,True,True,True,True,True,True,,nominal
Batch_2,rxax5ozo,known,bright_aspect_count_iqr,1.3160275073995735,True,True,False,True,True,True,,nominal
Batch_2,rxax5ozo,known,bright_circularity_count_iqr,0.2823141462826685,True,True,False,True,True,True,,nominal
Batch_2,rxax5ozo,known,bright_solidity_count_q10,0.6808846221114506,True,True,False,True,True,True,,nominal
Batch_2,rxax5ozo,known,void_local_width_d50_px,8.48528137423857,True,False,True,True,True,True,,nominal
Batch_2,rxax5ozo,known,void_local_width_d90_px,28.635642126552707,True,False,True,True,True,True,,nominal
Batch_2,rxax5ozo,known,graph_edge_length_iqr_ratio,0.9677199341606834,True,True,False,True,True,True,,nominal
Batch_2,rxax5ozo,known,local_bright_std_512px,0.0626066828460931,True,True,False,True,True,True,,nominal
Batch_2,rxax5ozo,known,bright_pore_crosscorr_xy_contrast_256px,-0.0068068963551654,True,True,True,True,True,True,,nominal
Batch_3,0grcilhi,known,bright_aspect_count_iqr,1.0794884273014924,True,True,False,True,True,True,,nominal
Batch_3,0grcilhi,known,bright_circularity_count_iqr,0.28991273582042,True,True,False,True,True,True,,nominal
Batch_3,0grcilhi,known,bright_solidity_count_q10,0.688296999784157,True,True,False,True,True,True,,nominal
Batch_3,0grcilhi,known,void_local_width_d50_px,10.0,True,False,True,True,True,True,,nominal
Batch_3,0grcilhi,known,void_local_width_d90_px,35.608987629529715,True,False,True,True,True,True,,nominal
Batch_3,0grcilhi,known,graph_edge_length_iqr_ratio,1.0506089669548375,True,True,False,True,True,True,,nominal
Batch_3,0grcilhi,known,local_bright_std_512px,0.065301628965604,True,True,False,True,True,True,,nominal
Batch_3,0grcilhi,known,bright_pore_crosscorr_xy_contrast_256px,-0.0120076763903123,True,True,True,True,True,True,,nominal
Batch_3,71vgq3fw,known,bright_aspect_count_iqr,1.076495146192574,True,True,False,True,True,True,,nominal
Batch_3,71vgq3fw,known,bright_circularity_count_iqr,0.3169838431217776,True,True,False,True,True,True,,nominal
Batch_3,71vgq3fw,known,bright_solidity_count_q10,0.6636836372798611,True,True,False,True,True,True,,nominal
Batch_3,71vgq3fw,known,void_local_width_d50_px,8.246211251235321,True,False,True,True,False,False,raised_black_level,nominal
Batch_3,71vgq3fw,known,void_local_width_d90_px,26.90724809414742,True,False,True,True,False,False,raised_black_level,nominal
Batch_3,71vgq3fw,known,graph_edge_length_iqr_ratio,0.9910618733292352,True,True,False,True,True,True,,nominal
Batch_3,71vgq3fw,known,local_bright_std_512px,0.0675334696410173,True,True,False,True,True,True,,nominal
Batch_3,71vgq3fw,known,bright_pore_crosscorr_xy_contrast_256px,0.0037682003602047,True,True,True,True,False,False,raised_black_level,nominal
Batch_3,9luzk4jm,known,bright_aspect_count_iqr,1.1107975484569683,True,True,False,True,True,True,,nominal
Batch_3,9luzk4jm,known,bright_circularity_count_iqr,0.2710143980658113,True,True,False,True,True,True,,nominal
Batch_3,9luzk4jm,known,bright_solidity_count_q10,0.7003105590062112,True,True,False,True,True,True,,nominal
Batch_3,9luzk4jm,known,void_local_width_d50_px,10.0,True,False,True,True,True,True,,nominal
Batch_3,9luzk4jm,known,void_local_width_d90_px,29.732137494637012,True,False,True,True,True,True,,nominal
Batch_3,9luzk4jm,known,graph_edge_length_iqr_ratio,1.001484011275093,True,True,False,True,True,True,,nominal
Batch_3,9luzk4jm,known,local_bright_std_512px,0.0675298647572762,True,True,False,True,True,True,,nominal
Batch_3,9luzk4jm,known,bright_pore_crosscorr_xy_contrast_256px,-0.0115807275744727,True,True,True,True,True,True,,nominal
Batch_3,cfe5vt7s,known,bright_aspect_count_iqr,1.5707918561681988,True,True,False,True,True,True,,nominal
Batch_3,cfe5vt7s,known,bright_circularity_count_iqr,0.3026136797864124,True,True,False,True,True,True,,nominal
Batch_3,cfe5vt7s,known,bright_solidity_count_q10,0.6406291228261463,True,True,False,True,True,True,,nominal
Batch_3,cfe5vt7s,known,void_local_width_d50_px,8.48528137423857,True,False,True,True,True,True,,nominal
Batch_3,cfe5vt7s,known,void_local_width_d90_px,29.120439557122072,True,False,True,True,True,True,,nominal
Batch_3,cfe5vt7s,known,graph_edge_length_iqr_ratio,1.3811713671786705,True,True,False,True,True,True,,nominal
Batch_3,cfe5vt7s,known,local_bright_std_512px,0.0568763600589616,True,True,False,True,True,True,,nominal
Batch_3,cfe5vt7s,known,bright_pore_crosscorr_xy_contrast_256px,-0.0041536782425693,True,True,True,True,True,True,,nominal
Batch_3,hawkfj64,known,bright_aspect_count_iqr,1.0868912454513906,True,True,False,True,True,True,,nominal
Batch_3,hawkfj64,known,bright_circularity_count_iqr,0.3134161882401809,True,True,False,True,True,True,,nominal
Batch_3,hawkfj64,known,bright_solidity_count_q10,0.7179326549942164,True,True,False,True,True,True,,nominal
Batch_3,hawkfj64,known,void_local_width_d50_px,10.0,True,False,True,True,True,True,,nominal
Batch_3,hawkfj64,known,void_local_width_d90_px,31.304951684997057,True,False,True,True,True,True,,nominal
Batch_3,hawkfj64,known,graph_edge_length_iqr_ratio,1.3070670991235147,True,True,False,True,True,True,,nominal
Batch_3,hawkfj64,known,local_bright_std_512px,0.0483386925218138,True,True,False,True,True,True,,nominal
Batch_3,hawkfj64,known,bright_pore_crosscorr_xy_contrast_256px,-0.0084343069225958,True,True,True,True,True,True,,nominal
Batch_3,hzumfsms,known,bright_aspect_count_iqr,1.145038005167056,True,True,False,True,True,True,,nominal
Batch_3,hzumfsms,known,bright_circularity_count_iqr,0.349814679615996,True,True,False,True,True,True,,nominal
Batch_3,hzumfsms,known,bright_solidity_count_q10,0.7274905660377358,True,True,False,True,True,True,,nominal
Batch_3,hzumfsms,known,void_local_width_d50_px,10.0,True,False,True,True,True,True,,nominal
Batch_3,hzumfsms,known,void_local_width_d90_px,35.77708763999664,True,False,True,True,True,True,,nominal
Batch_3,hzumfsms,known,graph_edge_length_iqr_ratio,1.188864774262039,True,True,False,True,True,True,,nominal
Batch_3,hzumfsms,known,local_bright_std_512px,0.0505961575141088,True,True,False,True,True,True,,nominal
Batch_3,hzumfsms,known,bright_pore_crosscorr_xy_contrast_256px,-0.0113909009274641,True,True,True,True,True,True,,nominal
Batch_3,kbdh4tri,known,bright_aspect_count_iqr,1.3133297137982216,True,True,False,True,True,True,,nominal
Batch_3,kbdh4tri,known,bright_circularity_count_iqr,0.3117727693386907,True,True,False,True,True,True,,nominal
Batch_3,kbdh4tri,known,bright_solidity_count_q10,0.6392575257481593,True,True,False,True,True,True,,nominal
Batch_3,kbdh4tri,known,void_local_width_d50_px,8.0,True,False,True,True,False,False,raised_black_level,nominal
Batch_3,kbdh4tri,known,void_local_width_d90_px,24.166091947189145,True,False,True,True,False,False,raised_black_level,nominal
Batch_3,kbdh4tri,known,graph_edge_length_iqr_ratio,1.3017190979164308,True,True,False,True,True,True,,nominal
Batch_3,kbdh4tri,known,local_bright_std_512px,0.0448441821895919,True,True,False,True,True,True,,nominal
Batch_3,kbdh4tri,known,bright_pore_crosscorr_xy_contrast_256px,0.0243812770143382,True,True,True,True,False,False,raised_black_level,nominal
Batch_3,mgxahqnk,known,bright_aspect_count_iqr,1.214625675601436,True,True,False,True,True,True,,nominal
Batch_3,mgxahqnk,known,bright_circularity_count_iqr,0.2432200980149763,True,True,False,True,True,True,,nominal
Batch_3,mgxahqnk,known,bright_solidity_count_q10,0.7267949062198278,True,True,False,True,True,True,,nominal
Batch_3,mgxahqnk,known,void_local_width_d50_px,10.0,True,False,True,True,True,True,,nominal
Batch_3,mgxahqnk,known,void_local_width_d90_px,29.732137494637012,True,False,True,True,True,True,,nominal
Batch_3,mgxahqnk,known,graph_edge_length_iqr_ratio,0.9402251972478144,True,True,False,True,True,True,,nominal
Batch_3,mgxahqnk,known,local_bright_std_512px,0.0910764436082379,True,True,False,True,True,True,,nominal
Batch_3,mgxahqnk,known,bright_pore_crosscorr_xy_contrast_256px,0.0038091017960507,True,True,True,True,True,True,,nominal
Batch_3,pl8uabbv,known,bright_aspect_count_iqr,0.9720686911303787,True,True,False,True,True,True,,nominal
Batch_3,pl8uabbv,known,bright_circularity_count_iqr,0.3297428024101885,True,True,False,True,True,True,,nominal
Batch_3,pl8uabbv,known,bright_solidity_count_q10,0.6784668989547039,True,True,False,True,True,True,,nominal
Batch_3,pl8uabbv,known,void_local_width_d50_px,8.48528137423857,True,False,True,True,True,True,,nominal
Batch_3,pl8uabbv,known,void_local_width_d90_px,30.265491900843113,True,False,True,True,True,True,,nominal
Batch_3,pl8uabbv,known,graph_edge_length_iqr_ratio,1.3740595796198811,True,True,False,True,True,True,,nominal
Batch_3,pl8uabbv,known,local_bright_std_512px,0.0459880274162619,True,True,False,True,True,True,,nominal
Batch_3,pl8uabbv,known,bright_pore_crosscorr_xy_contrast_256px,0.019996475210251,True,True,True,True,True,True,,nominal
Batch_3,ptg8lmto,known,bright_aspect_count_iqr,1.257778163579661,True,True,False,True,True,True,,nominal
Batch_3,ptg8lmto,known,bright_circularity_count_iqr,0.3236523602358135,True,True,False,True,True,True,,nominal
Batch_3,ptg8lmto,known,bright_solidity_count_q10,0.7178981937602628,True,True,False,True,True,True,,nominal
Batch_3,ptg8lmto,known,void_local_width_d50_px,8.246211251235321,True,False,True,True,True,True,,nominal
Batch_3,ptg8lmto,known,void_local_width_d90_px,26.0,True,False,True,True,True,True,,nominal
Batch_3,ptg8lmto,known,graph_edge_length_iqr_ratio,1.4346758071518226,True,True,False,True,True,True,,nominal
Batch_3,ptg8lmto,known,local_bright_std_512px,0.0700391452654554,True,True,False,True,True,True,,nominal
Batch_3,ptg8lmto,known,bright_pore_crosscorr_xy_contrast_256px,-0.0008547394634584,True,True,True,True,True,True,,nominal
Batch_3,tuy3zymq,known,bright_aspect_count_iqr,1.1397763066649162,True,True,False,True,True,True,,nominal
Batch_3,tuy3zymq,known,bright_circularity_count_iqr,0.329512848563024,True,True,False,True,True,True,,nominal
Batch_3,tuy3zymq,known,bright_solidity_count_q10,0.6328020713463752,True,True,False,True,True,True,,nominal
Batch_3,tuy3zymq,known,void_local_width_d50_px,8.94427190999916,True,False,True,True,False,False,raised_black_level,nominal
Batch_3,tuy3zymq,known,void_local_width_d90_px,28.635642126552707,True,False,True,True,False,False,raised_black_level,nominal
Batch_3,tuy3zymq,known,graph_edge_length_iqr_ratio,1.2447988366175655,True,True,False,True,True,True,,nominal
Batch_3,tuy3zymq,known,local_bright_std_512px,0.0443457923094918,True,True,False,True,True,True,,nominal
Batch_3,tuy3zymq,known,bright_pore_crosscorr_xy_contrast_256px,0.009748520676597,True,True,True,True,False,False,raised_black_level,nominal
Batch_3,ufdvpb81,known,bright_aspect_count_iqr,1.2760841520356343,True,True,False,True,True,True,,nominal
Batch_3,ufdvpb81,known,bright_circularity_count_iqr,0.3031939679217329,True,True,False,True,True,True,,nominal
Batch_3,ufdvpb81,known,bright_solidity_count_q10,0.637132302725523,True,True,False,True,True,True,,nominal
Batch_3,ufdvpb81,known,void_local_width_d50_px,10.0,True,False,True,True,True,True,,nominal
Batch_3,ufdvpb81,known,void_local_width_d90_px,31.622776601683793,True,False,True,True,True,True,,nominal
Batch_3,ufdvpb81,known,graph_edge_length_iqr_ratio,1.26175363399645,True,True,False,True,True,True,,nominal
Batch_3,ufdvpb81,known,local_bright_std_512px,0.0574676349176191,True,True,False,True,True,True,,nominal
Batch_3,ufdvpb81,known,bright_pore_crosscorr_xy_contrast_256px,-0.0051247496387803,True,True,True,True,True,True,,nominal
Batch_3,utfgcjfa,known,bright_aspect_count_iqr,1.1522454018041988,True,True,False,True,True,True,,nominal
Batch_3,utfgcjfa,known,bright_circularity_count_iqr,0.3131269417217641,True,True,False,True,True,True,,nominal
Batch_3,utfgcjfa,known,bright_solidity_count_q10,0.6779661016949152,True,True,False,True,True,True,,nominal
Batch_3,utfgcjfa,known,void_local_width_d50_px,8.48528137423857,True,False,True,True,True,True,,nominal
Batch_3,utfgcjfa,known,void_local_width_d90_px,31.04834939252005,True,False,True,True,True,True,,nominal
Batch_3,utfgcjfa,known,graph_edge_length_iqr_ratio,1.1361897320019636,True,True,False,True,True,True,,nominal
Batch_3,utfgcjfa,known,local_bright_std_512px,0.0717841117429209,True,True,False,True,True,True,,nominal
Batch_3,utfgcjfa,known,bright_pore_crosscorr_xy_contrast_256px,-0.0082937229750545,True,True,True,True,True,True,,nominal
Batch_3,vc2whyaq,known,bright_aspect_count_iqr,1.10383422347358,True,True,False,True,True,True,,nominal
Batch_3,vc2whyaq,known,bright_circularity_count_iqr,0.2914567189882915,True,True,False,True,True,True,,nominal
Batch_3,vc2whyaq,known,bright_solidity_count_q10,0.725578476743274,True,True,False,True,True,True,,nominal
Batch_3,vc2whyaq,known,void_local_width_d50_px,8.94427190999916,True,False,True,True,True,True,,nominal
Batch_3,vc2whyaq,known,void_local_width_d90_px,29.732137494637012,True,False,True,True,True,True,,nominal
Batch_3,vc2whyaq,known,graph_edge_length_iqr_ratio,0.9906922270125068,True,True,False,True,True,True,,nominal
Batch_3,vc2whyaq,known,local_bright_std_512px,0.0561925031584824,True,True,False,True,True,True,,nominal
Batch_3,vc2whyaq,known,bright_pore_crosscorr_xy_contrast_256px,0.0267691791398653,True,True,True,True,True,True,,nominal
Batch_3,x77cy643,known,bright_aspect_count_iqr,1.05398849888521,True,True,False,True,True,True,,nominal
Batch_3,x77cy643,known,bright_circularity_count_iqr,0.3471684553141108,True,True,False,True,True,True,,nominal
Batch_3,x77cy643,known,bright_solidity_count_q10,0.7220578566732413,True,True,False,True,True,True,,nominal
Batch_3,x77cy643,known,void_local_width_d50_px,8.246211251235321,True,False,True,True,True,True,,nominal
Batch_3,x77cy643,known,void_local_width_d90_px,30.0,True,False,True,True,True,True,,nominal
Batch_3,x77cy643,known,graph_edge_length_iqr_ratio,0.8944901683914669,True,True,False,True,True,True,,nominal
Batch_3,x77cy643,known,local_bright_std_512px,0.0592809081036349,True,True,False,True,True,True,,nominal
Batch_3,x77cy643,known,bright_pore_crosscorr_xy_contrast_256px,0.0077642129421432,True,True,True,True,True,True,,nominal
Batch_3,x7u69zsw,known,bright_aspect_count_iqr,1.2939556586481291,True,True,False,True,True,True,,nominal
Batch_3,x7u69zsw,known,bright_circularity_count_iqr,0.2825280582344585,True,True,False,True,True,True,,nominal
Batch_3,x7u69zsw,known,bright_solidity_count_q10,0.6197183098591549,True,True,False,True,True,True,,nominal
Batch_3,x7u69zsw,known,void_local_width_d50_px,8.246211251235321,True,False,True,True,False,False,raised_black_level,nominal
Batch_3,x7u69zsw,known,void_local_width_d90_px,25.059928172283335,True,False,True,True,False,False,raised_black_level,nominal
Batch_3,x7u69zsw,known,graph_edge_length_iqr_ratio,1.1552120596040825,True,True,False,True,True,True,,nominal
Batch_3,x7u69zsw,known,local_bright_std_512px,0.0864452966940795,True,True,False,True,True,True,,nominal
Batch_3,x7u69zsw,known,bright_pore_crosscorr_xy_contrast_256px,0.0056543236698072,True,True,True,True,False,False,raised_black_level,nominal
Batch_3,xgj4xftb,known,bright_aspect_count_iqr,1.0301984312574697,True,True,False,True,True,True,,nominal
Batch_3,xgj4xftb,known,bright_circularity_count_iqr,0.2821165931985475,True,True,False,True,True,True,,nominal
Batch_3,xgj4xftb,known,bright_solidity_count_q10,0.7488699555200796,True,True,False,True,True,True,,nominal
Batch_3,xgj4xftb,known,void_local_width_d50_px,8.0,True,False,True,True,True,True,,nominal
Batch_3,xgj4xftb,known,void_local_width_d90_px,27.202941017470888,True,False,True,True,True,True,,nominal
Batch_3,xgj4xftb,known,graph_edge_length_iqr_ratio,0.944430745540133,True,True,False,True,True,True,,nominal
Batch_3,xgj4xftb,known,local_bright_std_512px,0.0697317313671791,True,True,False,True,True,True,,nominal
Batch_3,xgj4xftb,known,bright_pore_crosscorr_xy_contrast_256px,0.0047263344810541,True,True,True,True,True,True,,nominal
Batch_1,4ih2ggld,known,bright_aspect_count_iqr,1.9340353424757173,True,True,False,True,False,False,bright_low_contrast,threshold_minus5
Batch_1,4ih2ggld,known,bright_circularity_count_iqr,0.294029197936095,True,True,False,True,False,False,bright_low_contrast,threshold_minus5
Batch_1,4ih2ggld,known,bright_solidity_count_q10,0.4805188287946909,True,True,False,True,False,False,bright_low_contrast,threshold_minus5
Batch_1,4ih2ggld,known,void_local_width_d50_px,10.0,True,False,True,True,True,True,,threshold_minus5
Batch_1,4ih2ggld,known,void_local_width_d90_px,39.293765408777,True,False,True,True,True,True,,threshold_minus5
Batch_1,4ih2ggld,known,graph_edge_length_iqr_ratio,0.801210036448733,True,True,False,True,False,False,bright_low_contrast,threshold_minus5
Batch_1,4ih2ggld,known,local_bright_std_512px,0.0874593543691822,True,True,False,True,False,False,bright_low_contrast,threshold_minus5
Batch_1,4ih2ggld,known,bright_pore_crosscorr_xy_contrast_256px,0.0116555961255416,True,True,True,True,False,False,bright_low_contrast,threshold_minus5
Batch_1,5n1q8atc,known,bright_aspect_count_iqr,2.0402580945899427,True,True,False,True,False,False,bright_low_contrast,threshold_minus5
Batch_1,5n1q8atc,known,bright_circularity_count_iqr,0.3160759211973678,True,True,False,True,False,False,bright_low_contrast,threshold_minus5
Batch_1,5n1q8atc,known,bright_solidity_count_q10,0.4612436980350038,True,True,False,True,False,False,bright_low_contrast,threshold_minus5
Batch_1,5n1q8atc,known,void_local_width_d50_px,8.246211251235321,True,False,True,True,True,True,,threshold_minus5
Batch_1,5n1q8atc,known,void_local_width_d90_px,30.265491900843113,True,False,True,True,True,True,,threshold_minus5
Batch_1,5n1q8atc,known,graph_edge_length_iqr_ratio,0.750390565267764,True,True,False,True,False,False,bright_low_contrast,threshold_minus5
Batch_1,5n1q8atc,known,local_bright_std_512px,0.1158662184470024,True,True,False,True,False,False,bright_low_contrast,threshold_minus5
Batch_1,5n1q8atc,known,bright_pore_crosscorr_xy_contrast_256px,0.0299025136491858,True,True,True,True,False,False,bright_low_contrast,threshold_minus5
Batch_1,f1vzngrs,known,bright_aspect_count_iqr,1.383031365940216,True,True,False,True,True,True,,threshold_minus5
Batch_1,f1vzngrs,known,bright_circularity_count_iqr,0.2631853495256375,True,True,False,True,True,True,,threshold_minus5
Batch_1,f1vzngrs,known,bright_solidity_count_q10,0.6347521702604313,True,True,False,True,True,True,,threshold_minus5
Batch_1,f1vzngrs,known,void_local_width_d50_px,7.211102550927978,True,False,True,True,True,True,,threshold_minus5
Batch_1,f1vzngrs,known,void_local_width_d90_px,22.09072203437452,True,False,True,True,True,True,,threshold_minus5
Batch_1,f1vzngrs,known,graph_edge_length_iqr_ratio,1.080288689900982,True,True,False,True,True,True,,threshold_minus5
Batch_1,f1vzngrs,known,local_bright_std_512px,0.0645133182507065,True,True,False,True,True,True,,threshold_minus5
Batch_1,f1vzngrs,known,bright_pore_crosscorr_xy_contrast_256px,0.016214869509045,True,True,True,True,True,True,,threshold_minus5
Batch_1,ffwubibz,known,bright_aspect_count_iqr,1.0523327437079122,True,True,False,True,True,True,,threshold_minus5
Batch_1,ffwubibz,known,bright_circularity_count_iqr,0.2704575861472362,True,True,False,True,True,True,,threshold_minus5
Batch_1,ffwubibz,known,bright_solidity_count_q10,0.6764026471612679,True,True,False,True,True,True,,threshold_minus5
Batch_1,ffwubibz,known,void_local_width_d50_px,8.246211251235321,True,False,True,True,True,True,,threshold_minus5
Batch_1,ffwubibz,known,void_local_width_d90_px,28.844410203711913,True,False,True,True,True,True,,threshold_minus5
Batch_1,ffwubibz,known,graph_edge_length_iqr_ratio,1.157467409076287,True,True,False,True,True,True,,threshold_minus5
Batch_1,ffwubibz,known,local_bright_std_512px,0.0522610705444615,True,True,False,True,True,True,,threshold_minus5
Batch_1,ffwubibz,known,bright_pore_crosscorr_xy_contrast_256px,0.0067428333032365,True,True,True,True,True,True,,threshold_minus5
Batch_1,fzrt2k6r,known,bright_aspect_count_iqr,1.3985295794215271,True,True,False,True,True,True,,threshold_minus5
Batch_1,fzrt2k6r,known,bright_circularity_count_iqr,0.2882825924260903,True,True,False,True,True,True,,threshold_minus5
Batch_1,fzrt2k6r,known,bright_solidity_count_q10,0.6192052980132451,True,True,False,True,True,True,,threshold_minus5
Batch_1,fzrt2k6r,known,void_local_width_d50_px,8.94427190999916,True,False,True,True,True,True,,threshold_minus5
Batch_1,fzrt2k6r,known,void_local_width_d90_px,30.066592756745816,True,False,True,True,True,True,,threshold_minus5
Batch_1,fzrt2k6r,known,graph_edge_length_iqr_ratio,1.3095400846229754,True,True,False,True,True,True,,threshold_minus5
Batch_1,fzrt2k6r,known,local_bright_std_512px,0.0605543683438538,True,True,False,True,True,True,,threshold_minus5
Batch_1,fzrt2k6r,known,bright_pore_crosscorr_xy_contrast_256px,0.0114178843045842,True,True,True,True,True,True,,threshold_minus5
Batch_1,iv6g2oq0,known,bright_aspect_count_iqr,1.4579145453615223,True,True,False,True,True,True,,threshold_minus5
Batch_1,iv6g2oq0,known,bright_circularity_count_iqr,0.2693149953452132,True,True,False,True,True,True,,threshold_minus5
Batch_1,iv6g2oq0,known,bright_solidity_count_q10,0.6597030752916224,True,True,False,True,True,True,,threshold_minus5
Batch_1,iv6g2oq0,known,void_local_width_d50_px,10.0,True,False,True,True,True,True,,threshold_minus5
Batch_1,iv6g2oq0,known,void_local_width_d90_px,34.058772731852805,True,False,True,True,True,True,,threshold_minus5
Batch_1,iv6g2oq0,known,graph_edge_length_iqr_ratio,1.221385900287984,True,True,False,True,True,True,,threshold_minus5
Batch_1,iv6g2oq0,known,local_bright_std_512px,0.0561787502218661,True,True,False,True,True,True,,threshold_minus5
Batch_1,iv6g2oq0,known,bright_pore_crosscorr_xy_contrast_256px,0.0283341974769727,True,True,True,True,True,True,,threshold_minus5
Batch_1,uhdslk0o,known,bright_aspect_count_iqr,2.732884507619841,True,True,False,True,True,True,,threshold_minus5
Batch_1,uhdslk0o,known,bright_circularity_count_iqr,0.2954506798866629,True,True,False,True,True,True,,threshold_minus5
Batch_1,uhdslk0o,known,bright_solidity_count_q10,0.6033015177593491,True,True,False,True,True,True,,threshold_minus5
Batch_1,uhdslk0o,known,void_local_width_d50_px,8.94427190999916,True,False,True,True,True,True,,threshold_minus5
Batch_1,uhdslk0o,known,void_local_width_d90_px,28.42534080710379,True,False,True,True,True,True,,threshold_minus5
Batch_1,uhdslk0o,known,graph_edge_length_iqr_ratio,0.9612457080986756,True,True,False,True,True,True,,threshold_minus5
Batch_1,uhdslk0o,known,local_bright_std_512px,0.0614925422173736,True,True,False,True,True,True,,threshold_minus5
Batch_1,uhdslk0o,known,bright_pore_crosscorr_xy_contrast_256px,0.0131153092380487,True,True,True,True,True,True,,threshold_minus5
Batch_2,3806gxp0,known,bright_aspect_count_iqr,1.185915868807126,True,True,False,True,True,True,,threshold_minus5
Batch_2,3806gxp0,known,bright_circularity_count_iqr,0.3193886232099773,True,True,False,True,True,True,,threshold_minus5
Batch_2,3806gxp0,known,bright_solidity_count_q10,0.6635107925257732,True,True,False,True,True,True,,threshold_minus5
Batch_2,3806gxp0,known,void_local_width_d50_px,8.48528137423857,True,False,True,True,True,True,,threshold_minus5
Batch_2,3806gxp0,known,void_local_width_d90_px,25.298221281347036,True,False,True,True,True,True,,threshold_minus5
Batch_2,3806gxp0,known,graph_edge_length_iqr_ratio,0.9871516332102684,True,True,False,True,True,True,,threshold_minus5
Batch_2,3806gxp0,known,local_bright_std_512px,0.0667877558855983,True,True,False,True,True,True,,threshold_minus5
Batch_2,3806gxp0,known,bright_pore_crosscorr_xy_contrast_256px,0.0182704653796015,True,True,True,True,True,True,,threshold_minus5
Batch_2,avn74qx1,known,bright_aspect_count_iqr,1.238116504688124,True,True,False,True,True,True,,threshold_minus5
Batch_2,avn74qx1,known,bright_circularity_count_iqr,0.2897502866523803,True,True,False,True,True,True,,threshold_minus5
Batch_2,avn74qx1,known,bright_solidity_count_q10,0.7190197987666342,True,True,False,True,True,True,,threshold_minus5
Batch_2,avn74qx1,known,void_local_width_d50_px,8.94427190999916,True,False,True,True,True,True,,threshold_minus5
Batch_2,avn74qx1,known,void_local_width_d90_px,29.5296461204668,True,False,True,True,True,True,,threshold_minus5
Batch_2,avn74qx1,known,graph_edge_length_iqr_ratio,0.9355265222796002,True,True,False,True,True,True,,threshold_minus5
Batch_2,avn74qx1,known,local_bright_std_512px,0.0516870723570755,True,True,False,True,True,True,,threshold_minus5
Batch_2,avn74qx1,known,bright_pore_crosscorr_xy_contrast_256px,0.0041360115999241,True,True,True,True,True,True,,threshold_minus5
Batch_2,b3esycq1,known,bright_aspect_count_iqr,1.5115680232981772,True,True,False,True,True,True,,threshold_minus5
Batch_2,b3esycq1,known,bright_circularity_count_iqr,0.3177797070226767,True,True,False,True,True,True,,threshold_minus5
Batch_2,b3esycq1,known,bright_solidity_count_q10,0.6108208466729348,True,True,False,True,True,True,,threshold_minus5
Batch_2,b3esycq1,known,void_local_width_d50_px,8.94427190999916,True,False,True,True,True,True,,threshold_minus5
Batch_2,b3esycq1,known,void_local_width_d90_px,28.635642126552707,True,False,True,True,True,True,,threshold_minus5
Batch_2,b3esycq1,known,graph_edge_length_iqr_ratio,1.075471877882673,True,True,False,True,True,True,,threshold_minus5
Batch_2,b3esycq1,known,local_bright_std_512px,0.0689616215142077,True,True,False,True,True,True,,threshold_minus5
Batch_2,b3esycq1,known,bright_pore_crosscorr_xy_contrast_256px,0.0209958720167088,True,True,True,True,True,True,,threshold_minus5
Batch_2,epqdaau9,known,bright_aspect_count_iqr,1.0192119441020928,True,True,False,True,True,True,,threshold_minus5
Batch_2,epqdaau9,known,bright_circularity_count_iqr,0.2843215413024436,True,True,False,True,True,True,,threshold_minus5
Batch_2,epqdaau9,known,bright_solidity_count_q10,0.6772472070061156,True,True,False,True,True,True,,threshold_minus5
Batch_2,epqdaau9,known,void_local_width_d50_px,8.0,True,False,True,True,True,True,,threshold_minus5
Batch_2,epqdaau9,known,void_local_width_d90_px,26.0,True,False,True,True,True,True,,threshold_minus5
Batch_2,epqdaau9,known,graph_edge_length_iqr_ratio,1.1943849851157793,True,True,False,True,True,True,,threshold_minus5
Batch_2,epqdaau9,known,local_bright_std_512px,0.0660876333299406,True,True,False,True,True,True,,threshold_minus5
Batch_2,epqdaau9,known,bright_pore_crosscorr_xy_contrast_256px,-0.0003880334063095,True,True,True,True,True,True,,threshold_minus5
Batch_2,i9jiqjwl,known,bright_aspect_count_iqr,1.608462654929257,True,True,False,True,True,True,,threshold_minus5
Batch_2,i9jiqjwl,known,bright_circularity_count_iqr,0.2867820493759674,True,True,False,True,True,True,,threshold_minus5
Batch_2,i9jiqjwl,known,bright_solidity_count_q10,0.5784613999050888,True,True,False,True,True,True,,threshold_minus5
Batch_2,i9jiqjwl,known,void_local_width_d50_px,8.246211251235321,True,False,True,True,True,True,,threshold_minus5
Batch_2,i9jiqjwl,known,void_local_width_d90_px,24.413111231467404,True,False,True,True,True,True,,threshold_minus5
Batch_2,i9jiqjwl,known,graph_edge_length_iqr_ratio,1.4038381117610963,True,True,False,True,True,True,,threshold_minus5
Batch_2,i9jiqjwl,known,local_bright_std_512px,0.0625191681658335,True,True,False,True,True,True,,threshold_minus5
Batch_2,i9jiqjwl,known,bright_pore_crosscorr_xy_contrast_256px,-0.0248713014612281,True,True,True,True,True,True,,threshold_minus5
Batch_2,r17byphk,known,bright_aspect_count_iqr,1.570574115862578,True,True,False,True,True,True,,threshold_minus5
Batch_2,r17byphk,known,bright_circularity_count_iqr,0.2866451319141769,True,True,False,True,True,True,,threshold_minus5
Batch_2,r17byphk,known,bright_solidity_count_q10,0.6065055165117509,True,True,False,True,True,True,,threshold_minus5
Batch_2,r17byphk,known,void_local_width_d50_px,8.94427190999916,True,False,True,True,True,True,,threshold_minus5
Batch_2,r17byphk,known,void_local_width_d90_px,30.528675044947494,True,False,True,True,True,True,,threshold_minus5
Batch_2,r17byphk,known,graph_edge_length_iqr_ratio,1.093578548058226,True,True,False,True,True,True,,threshold_minus5
Batch_2,r17byphk,known,local_bright_std_512px,0.0585465177166645,True,True,False,True,True,True,,threshold_minus5
Batch_2,r17byphk,known,bright_pore_crosscorr_xy_contrast_256px,0.0039267726927974,True,True,True,True,True,True,,threshold_minus5
Batch_2,rxax5ozo,known,bright_aspect_count_iqr,1.4127866995745526,True,True,False,True,True,True,,threshold_minus5
Batch_2,rxax5ozo,known,bright_circularity_count_iqr,0.273968483595524,True,True,False,True,True,True,,threshold_minus5
Batch_2,rxax5ozo,known,bright_solidity_count_q10,0.6398882113821138,True,True,False,True,True,True,,threshold_minus5
Batch_2,rxax5ozo,known,void_local_width_d50_px,8.246211251235321,True,False,True,True,True,True,,threshold_minus5
Batch_2,rxax5ozo,known,void_local_width_d90_px,27.85677655436824,True,False,True,True,True,True,,threshold_minus5
Batch_2,rxax5ozo,known,graph_edge_length_iqr_ratio,1.1669778493524654,True,True,False,True,True,True,,threshold_minus5
Batch_2,rxax5ozo,known,local_bright_std_512px,0.0639411170482972,True,True,False,True,True,True,,threshold_minus5
Batch_2,rxax5ozo,known,bright_pore_crosscorr_xy_contrast_256px,-0.0093358700667457,True,True,True,True,True,True,,threshold_minus5
Batch_3,0grcilhi,known,bright_aspect_count_iqr,1.2663144651542828,True,True,False,True,True,True,,threshold_minus5
Batch_3,0grcilhi,known,bright_circularity_count_iqr,0.2949686329502913,True,True,False,True,True,True,,threshold_minus5
Batch_3,0grcilhi,known,bright_solidity_count_q10,0.6334699453551913,True,True,False,True,True,True,,threshold_minus5
Batch_3,0grcilhi,known,void_local_width_d50_px,10.0,True,False,True,True,True,True,,threshold_minus5
Batch_3,0grcilhi,known,void_local_width_d90_px,33.52610922848042,True,False,True,True,True,True,,threshold_minus5
Batch_3,0grcilhi,known,graph_edge_length_iqr_ratio,1.2016775391489103,True,True,False,True,True,True,,threshold_minus5
Batch_3,0grcilhi,known,local_bright_std_512px,0.0672491853866125,True,True,False,True,True,True,,threshold_minus5
Batch_3,0grcilhi,known,bright_pore_crosscorr_xy_contrast_256px,-0.0121706443375384,True,True,True,True,True,True,,threshold_minus5
Batch_3,71vgq3fw,known,bright_aspect_count_iqr,1.3040247807915404,True,True,False,True,True,True,,threshold_minus5
Batch_3,71vgq3fw,known,bright_circularity_count_iqr,0.289630126988109,True,True,False,True,True,True,,threshold_minus5
Batch_3,71vgq3fw,known,bright_solidity_count_q10,0.6319440452237233,True,True,False,True,True,True,,threshold_minus5
Batch_3,71vgq3fw,known,void_local_width_d50_px,8.246211251235321,True,False,True,True,False,False,raised_black_level,threshold_minus5
Batch_3,71vgq3fw,known,void_local_width_d90_px,26.076809620810597,True,False,True,True,False,False,raised_black_level,threshold_minus5
Batch_3,71vgq3fw,known,graph_edge_length_iqr_ratio,0.8333114587574548,True,True,False,True,True,True,,threshold_minus5
Batch_3,71vgq3fw,known,local_bright_std_512px,0.0692357476856754,True,True,False,True,True,True,,threshold_minus5
Batch_3,71vgq3fw,known,bright_pore_crosscorr_xy_contrast_256px,0.0064341088181264,True,True,True,True,False,False,raised_black_level,threshold_minus5
Batch_3,9luzk4jm,known,bright_aspect_count_iqr,1.256808041165003,True,True,False,True,True,True,,threshold_minus5
Batch_3,9luzk4jm,known,bright_circularity_count_iqr,0.2666787700753077,True,True,False,True,True,True,,threshold_minus5
Batch_3,9luzk4jm,known,bright_solidity_count_q10,0.6912624640865304,True,True,False,True,True,True,,threshold_minus5
Batch_3,9luzk4jm,known,void_local_width_d50_px,10.0,True,False,True,True,True,True,,threshold_minus5
Batch_3,9luzk4jm,known,void_local_width_d90_px,30.066592756745816,True,False,True,True,True,True,,threshold_minus5
Batch_3,9luzk4jm,known,graph_edge_length_iqr_ratio,0.9111756519511846,True,True,False,True,True,True,,threshold_minus5
Batch_3,9luzk4jm,known,local_bright_std_512px,0.0690811323741627,True,True,False,True,True,True,,threshold_minus5
Batch_3,9luzk4jm,known,bright_pore_crosscorr_xy_contrast_256px,-0.0081505921287351,True,True,True,True,True,True,,threshold_minus5
Batch_3,cfe5vt7s,known,bright_aspect_count_iqr,1.6297793123092152,True,True,False,True,True,True,,threshold_minus5
Batch_3,cfe5vt7s,known,bright_circularity_count_iqr,0.285016590938449,True,True,False,True,True,True,,threshold_minus5
Batch_3,cfe5vt7s,known,bright_solidity_count_q10,0.6286095901173684,True,True,False,True,True,True,,threshold_minus5
Batch_3,cfe5vt7s,known,void_local_width_d50_px,8.48528137423857,True,False,True,True,True,True,,threshold_minus5
Batch_3,cfe5vt7s,known,void_local_width_d90_px,27.202941017470888,True,False,True,True,True,True,,threshold_minus5
Batch_3,cfe5vt7s,known,graph_edge_length_iqr_ratio,1.1855749437728007,True,True,False,True,True,True,,threshold_minus5
Batch_3,cfe5vt7s,known,local_bright_std_512px,0.0582754809558906,True,True,False,True,True,True,,threshold_minus5
Batch_3,cfe5vt7s,known,bright_pore_crosscorr_xy_contrast_256px,-0.0070567954576564,True,True,True,True,True,True,,threshold_minus5
Batch_3,hawkfj64,known,bright_aspect_count_iqr,1.0909019690595314,True,True,False,True,True,True,,threshold_minus5
Batch_3,hawkfj64,known,bright_circularity_count_iqr,0.2877592925118438,True,True,False,True,True,True,,threshold_minus5
Batch_3,hawkfj64,known,bright_solidity_count_q10,0.6630434782608695,True,True,False,True,True,True,,threshold_minus5
Batch_3,hawkfj64,known,void_local_width_d50_px,10.0,True,False,True,True,True,True,,threshold_minus5
Batch_3,hawkfj64,known,void_local_width_d90_px,30.0,True,False,True,True,True,True,,threshold_minus5
Batch_3,hawkfj64,known,graph_edge_length_iqr_ratio,1.3217208252319288,True,True,False,True,True,True,,threshold_minus5
Batch_3,hawkfj64,known,local_bright_std_512px,0.0492424990518895,True,True,False,True,True,True,,threshold_minus5
Batch_3,hawkfj64,known,bright_pore_crosscorr_xy_contrast_256px,-0.0098744157522427,True,True,True,True,True,True,,threshold_minus5
Batch_3,hzumfsms,known,bright_aspect_count_iqr,1.414119238307522,True,True,False,True,True,True,,threshold_minus5
Batch_3,hzumfsms,known,bright_circularity_count_iqr,0.3492559145529272,True,True,False,True,True,True,,threshold_minus5
Batch_3,hzumfsms,known,bright_solidity_count_q10,0.6264665618820666,True,True,False,True,True,True,,threshold_minus5
Batch_3,hzumfsms,known,void_local_width_d50_px,8.94427190999916,True,False,True,True,True,True,,threshold_minus5
Batch_3,hzumfsms,known,void_local_width_d90_px,33.1058907144937,True,False,True,True,True,True,,threshold_minus5
Batch_3,hzumfsms,known,graph_edge_length_iqr_ratio,1.27741129027495,True,True,False,True,True,True,,threshold_minus5
Batch_3,hzumfsms,known,local_bright_std_512px,0.0512974720710285,True,True,False,True,True,True,,threshold_minus5
Batch_3,hzumfsms,known,bright_pore_crosscorr_xy_contrast_256px,-0.0081296942542517,True,True,True,True,True,True,,threshold_minus5
Batch_3,kbdh4tri,known,bright_aspect_count_iqr,1.357225732617624,True,True,False,True,True,True,,threshold_minus5
Batch_3,kbdh4tri,known,bright_circularity_count_iqr,0.2893191424021401,True,True,False,True,True,True,,threshold_minus5
Batch_3,kbdh4tri,known,bright_solidity_count_q10,0.6275172344386857,True,True,False,True,True,True,,threshold_minus5
Batch_3,kbdh4tri,known,void_local_width_d50_px,8.0,True,False,True,True,False,False,raised_black_level,threshold_minus5
Batch_3,kbdh4tri,known,void_local_width_d90_px,22.80350850198276,True,False,True,True,False,False,raised_black_level,threshold_minus5
Batch_3,kbdh4tri,known,graph_edge_length_iqr_ratio,1.2785341530454544,True,True,False,True,True,True,,threshold_minus5
Batch_3,kbdh4tri,known,local_bright_std_512px,0.0480229784433328,True,True,False,True,True,True,,threshold_minus5
Batch_3,kbdh4tri,known,bright_pore_crosscorr_xy_contrast_256px,0.0224254566587909,True,True,True,True,False,False,raised_black_level,threshold_minus5
Batch_3,mgxahqnk,known,bright_aspect_count_iqr,1.0884697300073978,True,True,False,True,True,True,,threshold_minus5
Batch_3,mgxahqnk,known,bright_circularity_count_iqr,0.2835168980355864,True,True,False,True,True,True,,threshold_minus5
Batch_3,mgxahqnk,known,bright_solidity_count_q10,0.653968253968254,True,True,False,True,True,True,,threshold_minus5
Batch_3,mgxahqnk,known,void_local_width_d50_px,10.0,True,False,True,True,True,True,,threshold_minus5
Batch_3,mgxahqnk,known,void_local_width_d90_px,29.120439557122072,True,False,True,True,True,True,,threshold_minus5
Batch_3,mgxahqnk,known,graph_edge_length_iqr_ratio,1.32670554368757,True,True,False,True,True,True,,threshold_minus5
Batch_3,mgxahqnk,known,local_bright_std_512px,0.0928366067645095,True,True,False,True,True,True,,threshold_minus5
Batch_3,mgxahqnk,known,bright_pore_crosscorr_xy_contrast_256px,0.0057109521340947,True,True,True,True,True,True,,threshold_minus5
Batch_3,pl8uabbv,known,bright_aspect_count_iqr,1.176540064702999,True,True,False,True,True,True,,threshold_minus5
Batch_3,pl8uabbv,known,bright_circularity_count_iqr,0.322797306069966,True,True,False,True,True,True,,threshold_minus5
Batch_3,pl8uabbv,known,bright_solidity_count_q10,0.6689216236666748,True,True,False,True,True,True,,threshold_minus5
Batch_3,pl8uabbv,known,void_local_width_d50_px,8.48528137423857,True,False,True,True,True,True,,threshold_minus5
Batch_3,pl8uabbv,known,void_local_width_d90_px,30.066592756745816,True,False,True,True,True,True,,threshold_minus5
Batch_3,pl8uabbv,known,graph_edge_length_iqr_ratio,1.5551297044909371,True,True,False,True,True,True,,threshold_minus5
Batch_3,pl8uabbv,known,local_bright_std_512px,0.0482678717519274,True,True,False,True,True,True,,threshold_minus5
Batch_3,pl8uabbv,known,bright_pore_crosscorr_xy_contrast_256px,0.0211795982241476,True,True,True,True,True,True,,threshold_minus5
Batch_3,ptg8lmto,known,bright_aspect_count_iqr,1.213802580049306,True,True,False,True,True,True,,threshold_minus5
Batch_3,ptg8lmto,known,bright_circularity_count_iqr,0.3062378442898694,True,True,False,True,True,True,,threshold_minus5
Batch_3,ptg8lmto,known,bright_solidity_count_q10,0.6980176211453744,True,True,False,True,True,True,,threshold_minus5
Batch_3,ptg8lmto,known,void_local_width_d50_px,8.246211251235321,True,False,True,True,True,True,,threshold_minus5
Batch_3,ptg8lmto,known,void_local_width_d90_px,24.166091947189145,True,False,True,True,True,True,,threshold_minus5
Batch_3,ptg8lmto,known,graph_edge_length_iqr_ratio,1.266820530487878,True,True,False,True,True,True,,threshold_minus5
Batch_3,ptg8lmto,known,local_bright_std_512px,0.0718935911261786,True,True,False,True,True,True,,threshold_minus5
Batch_3,ptg8lmto,known,bright_pore_crosscorr_xy_contrast_256px,-0.0012225539192541,True,True,True,True,True,True,,threshold_minus5
Batch_3,tuy3zymq,known,bright_aspect_count_iqr,1.628685187939696,True,True,False,True,True,True,,threshold_minus5
Batch_3,tuy3zymq,known,bright_circularity_count_iqr,0.3090791628755509,True,True,False,True,True,True,,threshold_minus5
Batch_3,tuy3zymq,known,bright_solidity_count_q10,0.615013422596361,True,True,False,True,True,True,,threshold_minus5
Batch_3,tuy3zymq,known,void_local_width_d50_px,8.48528137423857,True,False,True,True,False,False,raised_black_level,threshold_minus5
Batch_3,tuy3zymq,known,void_local_width_d90_px,26.076809620810597,True,False,True,True,False,False,raised_black_level,threshold_minus5
Batch_3,tuy3zymq,known,graph_edge_length_iqr_ratio,1.2338279420725604,True,True,False,True,True,True,,threshold_minus5
Batch_3,tuy3zymq,known,local_bright_std_512px,0.0472238259146189,True,True,False,True,True,True,,threshold_minus5
Batch_3,tuy3zymq,known,bright_pore_crosscorr_xy_contrast_256px,0.0059672181120956,True,True,True,True,False,False,raised_black_level,threshold_minus5
Batch_3,ufdvpb81,known,bright_aspect_count_iqr,1.6072896926552267,True,True,False,True,True,True,,threshold_minus5
Batch_3,ufdvpb81,known,bright_circularity_count_iqr,0.3072640521272452,True,True,False,True,True,True,,threshold_minus5
Batch_3,ufdvpb81,known,bright_solidity_count_q10,0.6079880199024202,True,True,False,True,True,True,,threshold_minus5
Batch_3,ufdvpb81,known,void_local_width_d50_px,8.94427190999916,True,False,True,True,True,True,,threshold_minus5
Batch_3,ufdvpb81,known,void_local_width_d90_px,29.5296461204668,True,False,True,True,True,True,,threshold_minus5
Batch_3,ufdvpb81,known,graph_edge_length_iqr_ratio,1.0727907466169475,True,True,False,True,True,True,,threshold_minus5
Batch_3,ufdvpb81,known,local_bright_std_512px,0.0608764952059773,True,True,False,True,True,True,,threshold_minus5
Batch_3,ufdvpb81,known,bright_pore_crosscorr_xy_contrast_256px,-0.0007324905292522,True,True,True,True,True,True,,threshold_minus5
Batch_3,utfgcjfa,known,bright_aspect_count_iqr,1.152370559682981,True,True,False,True,True,True,,threshold_minus5
Batch_3,utfgcjfa,known,bright_circularity_count_iqr,0.3281557900289254,True,True,False,True,True,True,,threshold_minus5
Batch_3,utfgcjfa,known,bright_solidity_count_q10,0.6883653241032096,True,True,False,True,True,True,,threshold_minus5
Batch_3,utfgcjfa,known,void_local_width_d50_px,8.48528137423857,True,False,True,True,True,True,,threshold_minus5
Batch_3,utfgcjfa,known,void_local_width_d90_px,28.42534080710379,True,False,True,True,True,True,,threshold_minus5
Batch_3,utfgcjfa,known,graph_edge_length_iqr_ratio,1.1562773525879717,True,True,False,True,True,True,,threshold_minus5
Batch_3,utfgcjfa,known,local_bright_std_512px,0.0728682224352466,True,True,False,True,True,True,,threshold_minus5
Batch_3,utfgcjfa,known,bright_pore_crosscorr_xy_contrast_256px,-0.0040273898720036,True,True,True,True,True,True,,threshold_minus5
Batch_3,vc2whyaq,known,bright_aspect_count_iqr,1.176951095577936,True,True,False,True,True,True,,threshold_minus5
Batch_3,vc2whyaq,known,bright_circularity_count_iqr,0.2871221411089384,True,True,False,True,True,True,,threshold_minus5
Batch_3,vc2whyaq,known,bright_solidity_count_q10,0.6987126588545964,True,True,False,True,True,True,,threshold_minus5
Batch_3,vc2whyaq,known,void_local_width_d50_px,8.246211251235321,True,False,True,True,True,True,,threshold_minus5
Batch_3,vc2whyaq,known,void_local_width_d90_px,28.284271247461906,True,False,True,True,True,True,,threshold_minus5
Batch_3,vc2whyaq,known,graph_edge_length_iqr_ratio,0.9171150880381956,True,True,False,True,True,True,,threshold_minus5
Batch_3,vc2whyaq,known,local_bright_std_512px,0.0577132547742396,True,True,False,True,True,True,,threshold_minus5
Batch_3,vc2whyaq,known,bright_pore_crosscorr_xy_contrast_256px,0.0272051424262076,True,True,True,True,True,True,,threshold_minus5
Batch_3,x77cy643,known,bright_aspect_count_iqr,1.076287044549754,True,True,False,True,True,True,,threshold_minus5
Batch_3,x77cy643,known,bright_circularity_count_iqr,0.3135353175826303,True,True,False,True,True,True,,threshold_minus5
Batch_3,x77cy643,known,bright_solidity_count_q10,0.697279767615298,True,True,False,True,True,True,,threshold_minus5
Batch_3,x77cy643,known,void_local_width_d50_px,8.246211251235321,True,False,True,True,True,True,,threshold_minus5
Batch_3,x77cy643,known,void_local_width_d90_px,29.5296461204668,True,False,True,True,True,True,,threshold_minus5
Batch_3,x77cy643,known,graph_edge_length_iqr_ratio,1.0001411585702766,True,True,False,True,True,True,,threshold_minus5
Batch_3,x77cy643,known,local_bright_std_512px,0.0605554841596855,True,True,False,True,True,True,,threshold_minus5
Batch_3,x77cy643,known,bright_pore_crosscorr_xy_contrast_256px,0.003962336882696,True,True,True,True,True,True,,threshold_minus5
Batch_3,x7u69zsw,known,bright_aspect_count_iqr,1.4430329696700883,True,True,False,True,True,True,,threshold_minus5
Batch_3,x7u69zsw,known,bright_circularity_count_iqr,0.2703508240900534,True,True,False,True,True,True,,threshold_minus5
Batch_3,x7u69zsw,known,bright_solidity_count_q10,0.5924787825577992,True,True,False,True,True,True,,threshold_minus5
Batch_3,x7u69zsw,known,void_local_width_d50_px,8.246211251235321,True,False,True,True,False,False,raised_black_level,threshold_minus5
Batch_3,x7u69zsw,known,void_local_width_d90_px,22.80350850198276,True,False,True,True,False,False,raised_black_level,threshold_minus5
Batch_3,x7u69zsw,known,graph_edge_length_iqr_ratio,1.2428644622374665,True,True,False,True,True,True,,threshold_minus5
Batch_3,x7u69zsw,known,local_bright_std_512px,0.0904455686011663,True,True,False,True,True,True,,threshold_minus5
Batch_3,x7u69zsw,known,bright_pore_crosscorr_xy_contrast_256px,0.0043184000341902,True,True,True,True,False,False,raised_black_level,threshold_minus5
Batch_3,xgj4xftb,known,bright_aspect_count_iqr,1.0560655431278942,True,True,False,True,True,True,,threshold_minus5
Batch_3,xgj4xftb,known,bright_circularity_count_iqr,0.311097765562554,True,True,False,True,True,True,,threshold_minus5
Batch_3,xgj4xftb,known,bright_solidity_count_q10,0.672437567029263,True,True,False,True,True,True,,threshold_minus5
Batch_3,xgj4xftb,known,void_local_width_d50_px,8.0,True,False,True,True,True,True,,threshold_minus5
Batch_3,xgj4xftb,known,void_local_width_d90_px,26.68332812825267,True,False,True,True,True,True,,threshold_minus5
Batch_3,xgj4xftb,known,graph_edge_length_iqr_ratio,1.000625598936154,True,True,False,True,True,True,,threshold_minus5
Batch_3,xgj4xftb,known,local_bright_std_512px,0.070724528717971,True,True,False,True,True,True,,threshold_minus5
Batch_3,xgj4xftb,known,bright_pore_crosscorr_xy_contrast_256px,0.0058400351943767,True,True,True,True,True,True,,threshold_minus5
Batch_1,4ih2ggld,known,bright_aspect_count_iqr,1.7700335044303224,True,True,False,True,False,False,bright_low_contrast,threshold_plus5
Batch_1,4ih2ggld,known,bright_circularity_count_iqr,0.283597495101729,True,True,False,True,False,False,bright_low_contrast,threshold_plus5
Batch_1,4ih2ggld,known,bright_solidity_count_q10,0.527391952309985,True,True,False,True,False,False,bright_low_contrast,threshold_plus5
Batch_1,4ih2ggld,known,void_local_width_d50_px,8.0,True,False,True,True,True,True,,threshold_plus5
Batch_1,4ih2ggld,known,void_local_width_d90_px,37.36308338453881,True,False,True,True,True,True,,threshold_plus5
Batch_1,4ih2ggld,known,graph_edge_length_iqr_ratio,0.9898534274733892,True,True,False,True,False,False,bright_low_contrast,threshold_plus5
Batch_1,4ih2ggld,known,local_bright_std_512px,0.0659190251892461,True,True,False,True,False,False,bright_low_contrast,threshold_plus5
Batch_1,4ih2ggld,known,bright_pore_crosscorr_xy_contrast_256px,0.0107050049892277,True,True,True,True,False,False,bright_low_contrast,threshold_plus5
Batch_1,5n1q8atc,known,bright_aspect_count_iqr,1.8199404286936331,True,True,False,True,False,False,bright_low_contrast,threshold_plus5
Batch_1,5n1q8atc,known,bright_circularity_count_iqr,0.2816562466179305,True,True,False,True,False,False,bright_low_contrast,threshold_plus5
Batch_1,5n1q8atc,known,bright_solidity_count_q10,0.5297007223942208,True,True,False,True,False,False,bright_low_contrast,threshold_plus5
Batch_1,5n1q8atc,known,void_local_width_d50_px,6.324555320336759,True,False,True,True,True,True,,threshold_plus5
Batch_1,5n1q8atc,known,void_local_width_d90_px,28.635642126552707,True,False,True,True,True,True,,threshold_plus5
Batch_1,5n1q8atc,known,graph_edge_length_iqr_ratio,1.0019282270512542,True,True,False,True,False,False,bright_low_contrast,threshold_plus5
Batch_1,5n1q8atc,known,local_bright_std_512px,0.1062834855051115,True,True,False,True,False,False,bright_low_contrast,threshold_plus5
Batch_1,5n1q8atc,known,bright_pore_crosscorr_xy_contrast_256px,0.0279654413642517,True,True,True,True,False,False,bright_low_contrast,threshold_plus5
Batch_1,f1vzngrs,known,bright_aspect_count_iqr,1.029518159960913,True,True,False,True,True,True,,threshold_plus5
Batch_1,f1vzngrs,known,bright_circularity_count_iqr,0.2663383496875162,True,True,False,True,True,True,,threshold_plus5
Batch_1,f1vzngrs,known,bright_solidity_count_q10,0.6219059149083362,True,True,False,True,True,True,,threshold_plus5
Batch_1,f1vzngrs,known,void_local_width_d50_px,7.211102550927978,True,False,True,True,True,True,,threshold_plus5
Batch_1,f1vzngrs,known,void_local_width_d90_px,22.0,True,False,True,True,True,True,,threshold_plus5
Batch_1,f1vzngrs,known,graph_edge_length_iqr_ratio,1.6902682427168614,True,True,False,True,True,True,,threshold_plus5
Batch_1,f1vzngrs,known,local_bright_std_512px,0.0607175915620642,True,True,False,True,True,True,,threshold_plus5
Batch_1,f1vzngrs,known,bright_pore_crosscorr_xy_contrast_256px,0.016470654421567,True,True,True,True,True,True,,threshold_plus5
Batch_1,ffwubibz,known,bright_aspect_count_iqr,0.9833037177729692,True,True,False,True,True,True,,threshold_plus5
Batch_1,ffwubibz,known,bright_circularity_count_iqr,0.2913215110622087,True,True,False,True,True,True,,threshold_plus5
Batch_1,ffwubibz,known,bright_solidity_count_q10,0.6754238658922138,True,True,False,True,True,True,,threshold_plus5
Batch_1,ffwubibz,known,void_local_width_d50_px,8.246211251235321,True,False,True,True,True,True,,threshold_plus5
Batch_1,ffwubibz,known,void_local_width_d90_px,29.732137494637012,True,False,True,True,True,True,,threshold_plus5
Batch_1,ffwubibz,known,graph_edge_length_iqr_ratio,1.2573669775337015,True,True,False,True,True,True,,threshold_plus5
Batch_1,ffwubibz,known,local_bright_std_512px,0.0482371544171636,True,True,False,True,True,True,,threshold_plus5
Batch_1,ffwubibz,known,bright_pore_crosscorr_xy_contrast_256px,0.005925672382069,True,True,True,True,True,True,,threshold_plus5
Batch_1,fzrt2k6r,known,bright_aspect_count_iqr,1.129492909676608,True,True,False,True,True,True,,threshold_plus5
Batch_1,fzrt2k6r,known,bright_circularity_count_iqr,0.3508586499009945,True,True,False,True,True,True,,threshold_plus5
Batch_1,fzrt2k6r,known,bright_solidity_count_q10,0.6489426691729323,True,True,False,True,True,True,,threshold_plus5
Batch_1,fzrt2k6r,known,void_local_width_d50_px,8.246211251235321,True,False,True,True,True,True,,threshold_plus5
Batch_1,fzrt2k6r,known,void_local_width_d90_px,31.622776601683793,True,False,True,True,True,True,,threshold_plus5
Batch_1,fzrt2k6r,known,graph_edge_length_iqr_ratio,1.106446594172274,True,True,False,True,True,True,,threshold_plus5
Batch_1,fzrt2k6r,known,local_bright_std_512px,0.0558868305865737,True,True,False,True,True,True,,threshold_plus5
Batch_1,fzrt2k6r,known,bright_pore_crosscorr_xy_contrast_256px,0.0109116011119735,True,True,True,True,True,True,,threshold_plus5
Batch_1,iv6g2oq0,known,bright_aspect_count_iqr,1.0460149306021491,True,True,False,True,True,True,,threshold_plus5
Batch_1,iv6g2oq0,known,bright_circularity_count_iqr,0.3232869840398431,True,True,False,True,True,True,,threshold_plus5
Batch_1,iv6g2oq0,known,bright_solidity_count_q10,0.6537920017626969,True,True,False,True,True,True,,threshold_plus5
Batch_1,iv6g2oq0,known,void_local_width_d50_px,6.324555320336759,True,False,True,True,True,True,,threshold_plus5
Batch_1,iv6g2oq0,known,void_local_width_d90_px,30.0,True,False,True,True,True,True,,threshold_plus5
Batch_1,iv6g2oq0,known,graph_edge_length_iqr_ratio,1.2379069160996583,True,True,False,True,True,True,,threshold_plus5
Batch_1,iv6g2oq0,known,local_bright_std_512px,0.0540827707882149,True,True,False,True,True,True,,threshold_plus5
Batch_1,iv6g2oq0,known,bright_pore_crosscorr_xy_contrast_256px,0.0239079373704354,True,True,True,True,True,True,,threshold_plus5
Batch_1,uhdslk0o,known,bright_aspect_count_iqr,1.7234205966371148,True,True,False,True,True,True,,threshold_plus5
Batch_1,uhdslk0o,known,bright_circularity_count_iqr,0.3420329991502094,True,True,False,True,True,True,,threshold_plus5
Batch_1,uhdslk0o,known,bright_solidity_count_q10,0.6726337732937139,True,True,False,True,True,True,,threshold_plus5
Batch_1,uhdslk0o,known,void_local_width_d50_px,8.246211251235321,True,False,True,True,True,True,,threshold_plus5
Batch_1,uhdslk0o,known,void_local_width_d90_px,29.120439557122072,True,False,True,True,True,True,,threshold_plus5
Batch_1,uhdslk0o,known,graph_edge_length_iqr_ratio,1.0231615622481538,True,True,False,True,True,True,,threshold_plus5
Batch_1,uhdslk0o,known,local_bright_std_512px,0.0588197630595813,True,True,False,True,True,True,,threshold_plus5
Batch_1,uhdslk0o,known,bright_pore_crosscorr_xy_contrast_256px,0.0140026839707979,True,True,True,True,True,True,,threshold_plus5
Batch_2,3806gxp0,known,bright_aspect_count_iqr,1.0820320153546383,True,True,False,True,True,True,,threshold_plus5
Batch_2,3806gxp0,known,bright_circularity_count_iqr,0.2728884864004978,True,True,False,True,True,True,,threshold_plus5
Batch_2,3806gxp0,known,bright_solidity_count_q10,0.7089552238805971,True,True,False,True,True,True,,threshold_plus5
Batch_2,3806gxp0,known,void_local_width_d50_px,10.0,True,False,True,True,True,True,,threshold_plus5
Batch_2,3806gxp0,known,void_local_width_d90_px,28.844410203711913,True,False,True,True,True,True,,threshold_plus5
Batch_2,3806gxp0,known,graph_edge_length_iqr_ratio,0.970420691096383,True,True,False,True,True,True,,threshold_plus5
Batch_2,3806gxp0,known,local_bright_std_512px,0.0630427967499855,True,True,False,True,True,True,,threshold_plus5
Batch_2,3806gxp0,known,bright_pore_crosscorr_xy_contrast_256px,0.0271765617685568,True,True,True,True,True,True,,threshold_plus5
Batch_2,avn74qx1,known,bright_aspect_count_iqr,1.0299250311720194,True,True,False,True,True,True,,threshold_plus5
Batch_2,avn74qx1,known,bright_circularity_count_iqr,0.2990355269263067,True,True,False,True,True,True,,threshold_plus5
Batch_2,avn74qx1,known,bright_solidity_count_q10,0.7511095790063343,True,True,False,True,True,True,,threshold_plus5
Batch_2,avn74qx1,known,void_local_width_d50_px,10.0,True,False,True,True,True,True,,threshold_plus5
Batch_2,avn74qx1,known,void_local_width_d90_px,32.55764119219941,True,False,True,True,True,True,,threshold_plus5
Batch_2,avn74qx1,known,graph_edge_length_iqr_ratio,1.003764311593712,True,True,False,True,True,True,,threshold_plus5
Batch_2,avn74qx1,known,local_bright_std_512px,0.0498809720192369,True,True,False,True,True,True,,threshold_plus5
Batch_2,avn74qx1,known,bright_pore_crosscorr_xy_contrast_256px,0.0033398623404738,True,True,True,True,True,True,,threshold_plus5
Batch_2,b3esycq1,known,bright_aspect_count_iqr,1.163419446323486,True,True,False,True,True,True,,threshold_plus5
Batch_2,b3esycq1,known,bright_circularity_count_iqr,0.3301344193226973,True,True,False,True,True,True,,threshold_plus5
Batch_2,b3esycq1,known,bright_solidity_count_q10,0.6004255319148936,True,True,False,True,True,True,,threshold_plus5
Batch_2,b3esycq1,known,void_local_width_d50_px,8.246211251235321,True,False,True,True,True,True,,threshold_plus5
Batch_2,b3esycq1,known,void_local_width_d90_px,29.5296461204668,True,False,True,True,True,True,,threshold_plus5
Batch_2,b3esycq1,known,graph_edge_length_iqr_ratio,1.4529657479773157,True,True,False,True,True,True,,threshold_plus5
Batch_2,b3esycq1,known,local_bright_std_512px,0.0633257697854051,True,True,False,True,True,True,,threshold_plus5
Batch_2,b3esycq1,known,bright_pore_crosscorr_xy_contrast_256px,0.0227073452857684,True,True,True,True,True,True,,threshold_plus5
Batch_2,epqdaau9,known,bright_aspect_count_iqr,0.9703267575012092,True,True,False,True,True,True,,threshold_plus5
Batch_2,epqdaau9,known,bright_circularity_count_iqr,0.3619664323190772,True,True,False,True,True,True,,threshold_plus5
Batch_2,epqdaau9,known,bright_solidity_count_q10,0.6203809610511073,True,True,False,True,True,True,,threshold_plus5
Batch_2,epqdaau9,known,void_local_width_d50_px,8.0,True,False,True,True,True,True,,threshold_plus5
Batch_2,epqdaau9,known,void_local_width_d90_px,26.68332812825267,True,False,True,True,True,True,,threshold_plus5
Batch_2,epqdaau9,known,graph_edge_length_iqr_ratio,1.7229841753065986,True,True,False,True,True,True,,threshold_plus5
Batch_2,epqdaau9,known,local_bright_std_512px,0.0591764186320408,True,True,False,True,True,True,,threshold_plus5
Batch_2,epqdaau9,known,bright_pore_crosscorr_xy_contrast_256px,-0.0018912138801133,True,True,True,True,True,True,,threshold_plus5
Batch_2,i9jiqjwl,known,bright_aspect_count_iqr,1.505470849311928,True,True,False,True,True,True,,threshold_plus5
Batch_2,i9jiqjwl,known,bright_circularity_count_iqr,0.3174781628456149,True,True,False,True,True,True,,threshold_plus5
Batch_2,i9jiqjwl,known,bright_solidity_count_q10,0.5953412865397144,True,True,False,True,True,True,,threshold_plus5
Batch_2,i9jiqjwl,known,void_local_width_d50_px,8.246211251235321,True,False,True,True,True,True,,threshold_plus5
Batch_2,i9jiqjwl,known,void_local_width_d90_px,28.284271247461906,True,False,True,True,True,True,,threshold_plus5
Batch_2,i9jiqjwl,known,graph_edge_length_iqr_ratio,1.4970234498500423,True,True,False,True,True,True,,threshold_plus5
Batch_2,i9jiqjwl,known,local_bright_std_512px,0.0552222258028664,True,True,False,True,True,True,,threshold_plus5
Batch_2,i9jiqjwl,known,bright_pore_crosscorr_xy_contrast_256px,-0.019647531069264,True,True,True,True,True,True,,threshold_plus5
Batch_2,r17byphk,known,bright_aspect_count_iqr,1.2250083662473628,True,True,False,True,True,True,,threshold_plus5
Batch_2,r17byphk,known,bright_circularity_count_iqr,0.3331977439686945,True,True,False,True,True,True,,threshold_plus5
Batch_2,r17byphk,known,bright_solidity_count_q10,0.5826851592416177,True,True,False,True,True,True,,threshold_plus5
Batch_2,r17byphk,known,void_local_width_d50_px,10.0,True,False,True,True,True,True,,threshold_plus5
Batch_2,r17byphk,known,void_local_width_d90_px,32.0,True,False,True,True,True,True,,threshold_plus5
Batch_2,r17byphk,known,graph_edge_length_iqr_ratio,1.94238408554033,True,True,False,True,True,True,,threshold_plus5
Batch_2,r17byphk,known,local_bright_std_512px,0.0538104016951218,True,True,False,True,True,True,,threshold_plus5
Batch_2,r17byphk,known,bright_pore_crosscorr_xy_contrast_256px,0.0056968285466355,True,True,True,True,True,True,,threshold_plus5
Batch_2,rxax5ozo,known,bright_aspect_count_iqr,1.3049056152889116,True,True,False,True,True,True,,threshold_plus5
Batch_2,rxax5ozo,known,bright_circularity_count_iqr,0.2880233506712761,True,True,False,True,True,True,,threshold_plus5
Batch_2,rxax5ozo,known,bright_solidity_count_q10,0.6899357086302454,True,True,False,True,True,True,,threshold_plus5
Batch_2,rxax5ozo,known,void_local_width_d50_px,8.48528137423857,True,False,True,True,True,True,,threshold_plus5
Batch_2,rxax5ozo,known,void_local_width_d90_px,29.5296461204668,True,False,True,True,True,True,,threshold_plus5
Batch_2,rxax5ozo,known,graph_edge_length_iqr_ratio,1.2714943305730404,True,True,False,True,True,True,,threshold_plus5
Batch_2,rxax5ozo,known,local_bright_std_512px,0.0602331849282671,True,True,False,True,True,True,,threshold_plus5
Batch_2,rxax5ozo,known,bright_pore_crosscorr_xy_contrast_256px,-0.0044310355825873,True,True,True,True,True,True,,threshold_plus5
Batch_3,0grcilhi,known,bright_aspect_count_iqr,1.2320076041343466,True,True,False,True,True,True,,threshold_plus5
Batch_3,0grcilhi,known,bright_circularity_count_iqr,0.3431177856568307,True,True,False,True,True,True,,threshold_plus5
Batch_3,0grcilhi,known,bright_solidity_count_q10,0.6989165267816267,True,True,False,True,True,True,,threshold_plus5
Batch_3,0grcilhi,known,void_local_width_d50_px,10.0,True,False,True,True,True,True,,threshold_plus5
Batch_3,0grcilhi,known,void_local_width_d90_px,35.4400902933387,True,False,True,True,True,True,,threshold_plus5
Batch_3,0grcilhi,known,graph_edge_length_iqr_ratio,0.934654088938795,True,True,False,True,True,True,,threshold_plus5
Batch_3,0grcilhi,known,local_bright_std_512px,0.0613750295417599,True,True,False,True,True,True,,threshold_plus5
Batch_3,0grcilhi,known,bright_pore_crosscorr_xy_contrast_256px,-0.0114108780197157,True,True,True,True,True,True,,threshold_plus5
Batch_3,71vgq3fw,known,bright_aspect_count_iqr,1.1708718993057885,True,True,False,True,True,True,,threshold_plus5
Batch_3,71vgq3fw,known,bright_circularity_count_iqr,0.3195598780660417,True,True,False,True,True,True,,threshold_plus5
Batch_3,71vgq3fw,known,bright_solidity_count_q10,0.6539551192145863,True,True,False,True,True,True,,threshold_plus5
Batch_3,71vgq3fw,known,void_local_width_d50_px,8.48528137423857,True,False,True,True,False,False,raised_black_level,threshold_plus5
Batch_3,71vgq3fw,known,void_local_width_d90_px,28.284271247461906,True,False,True,True,False,False,raised_black_level,threshold_plus5
Batch_3,71vgq3fw,known,graph_edge_length_iqr_ratio,1.0038120231530296,True,True,False,True,True,True,,threshold_plus5
Batch_3,71vgq3fw,known,local_bright_std_512px,0.062529307402277,True,True,False,True,True,True,,threshold_plus5
Batch_3,71vgq3fw,known,bright_pore_crosscorr_xy_contrast_256px,0.0025646087666836,True,True,True,True,False,False,raised_black_level,threshold_plus5
Batch_3,9luzk4jm,known,bright_aspect_count_iqr,1.0153708790350289,True,True,False,True,True,True,,threshold_plus5
Batch_3,9luzk4jm,known,bright_circularity_count_iqr,0.2863438046399714,True,True,False,True,True,True,,threshold_plus5
Batch_3,9luzk4jm,known,bright_solidity_count_q10,0.673028023696998,True,True,False,True,True,True,,threshold_plus5
Batch_3,9luzk4jm,known,void_local_width_d50_px,10.0,True,False,True,True,True,True,,threshold_plus5
Batch_3,9luzk4jm,known,void_local_width_d90_px,30.528675044947494,True,False,True,True,True,True,,threshold_plus5
Batch_3,9luzk4jm,known,graph_edge_length_iqr_ratio,1.2172964292237316,True,True,False,True,True,True,,threshold_plus5
Batch_3,9luzk4jm,known,local_bright_std_512px,0.0651506833372478,True,True,False,True,True,True,,threshold_plus5
Batch_3,9luzk4jm,known,bright_pore_crosscorr_xy_contrast_256px,-0.014032980319312,True,True,True,True,True,True,,threshold_plus5
Batch_3,cfe5vt7s,known,bright_aspect_count_iqr,1.4584159044552905,True,True,False,True,True,True,,threshold_plus5
Batch_3,cfe5vt7s,known,bright_circularity_count_iqr,0.3280317638766408,True,True,False,True,True,True,,threshold_plus5
Batch_3,cfe5vt7s,known,bright_solidity_count_q10,0.6337854500616523,True,True,False,True,True,True,,threshold_plus5
Batch_3,cfe5vt7s,known,void_local_width_d50_px,8.48528137423857,True,False,True,True,True,True,,threshold_plus5
Batch_3,cfe5vt7s,known,void_local_width_d90_px,30.0,True,False,True,True,True,True,,threshold_plus5
Batch_3,cfe5vt7s,known,graph_edge_length_iqr_ratio,1.5968641859943544,True,True,False,True,True,True,,threshold_plus5
Batch_3,cfe5vt7s,known,local_bright_std_512px,0.0552816115411998,True,True,False,True,True,True,,threshold_plus5
Batch_3,cfe5vt7s,known,bright_pore_crosscorr_xy_contrast_256px,-0.0020952964578489,True,True,True,True,True,True,,threshold_plus5
Batch_3,hawkfj64,known,bright_aspect_count_iqr,1.1397752460400945,True,True,False,True,True,True,,threshold_plus5
Batch_3,hawkfj64,known,bright_circularity_count_iqr,0.2856575001352558,True,True,False,True,True,True,,threshold_plus5
Batch_3,hawkfj64,known,bright_solidity_count_q10,0.6439846694951343,True,True,False,True,True,True,,threshold_plus5
Batch_3,hawkfj64,known,void_local_width_d50_px,10.0,True,False,True,True,True,True,,threshold_plus5
Batch_3,hawkfj64,known,void_local_width_d90_px,32.2490309931942,True,False,True,True,True,True,,threshold_plus5
Batch_3,hawkfj64,known,graph_edge_length_iqr_ratio,1.3863633732331382,True,True,False,True,True,True,,threshold_plus5
Batch_3,hawkfj64,known,local_bright_std_512px,0.04668706344797,True,True,False,True,True,True,,threshold_plus5
Batch_3,hawkfj64,known,bright_pore_crosscorr_xy_contrast_256px,-0.0063652072145097,True,True,True,True,True,True,,threshold_plus5
Batch_3,hzumfsms,known,bright_aspect_count_iqr,1.0094384387661464,True,True,False,True,True,True,,threshold_plus5
Batch_3,hzumfsms,known,bright_circularity_count_iqr,0.3327892624461981,True,True,False,True,True,True,,threshold_plus5
Batch_3,hzumfsms,known,bright_solidity_count_q10,0.698147067775974,True,True,False,True,True,True,,threshold_plus5
Batch_3,hzumfsms,known,void_local_width_d50_px,10.0,True,False,True,True,True,True,,threshold_plus5
Batch_3,hzumfsms,known,void_local_width_d90_px,37.73592452822641,True,False,True,True,True,True,,threshold_plus5
Batch_3,hzumfsms,known,graph_edge_length_iqr_ratio,1.2438056082067812,True,True,False,True,True,True,,threshold_plus5
Batch_3,hzumfsms,known,local_bright_std_512px,0.0496669107093509,True,True,False,True,True,True,,threshold_plus5
Batch_3,hzumfsms,known,bright_pore_crosscorr_xy_contrast_256px,-0.0144458956984377,True,True,True,True,True,True,,threshold_plus5
Batch_3,kbdh4tri,known,bright_aspect_count_iqr,1.2177710092537823,True,True,False,True,True,True,,threshold_plus5
Batch_3,kbdh4tri,known,bright_circularity_count_iqr,0.3359705927930124,True,True,False,True,True,True,,threshold_plus5
Batch_3,kbdh4tri,known,bright_solidity_count_q10,0.6447374301675978,True,True,False,True,True,True,,threshold_plus5
Batch_3,kbdh4tri,known,void_local_width_d50_px,8.246211251235321,True,False,True,True,False,False,raised_black_level,threshold_plus5
Batch_3,kbdh4tri,known,void_local_width_d90_px,25.298221281347036,True,False,True,True,False,False,raised_black_level,threshold_plus5
Batch_3,kbdh4tri,known,graph_edge_length_iqr_ratio,1.515787689312719,True,True,False,True,True,True,,threshold_plus5
Batch_3,kbdh4tri,known,local_bright_std_512px,0.0421411928112119,True,True,False,True,True,True,,threshold_plus5
Batch_3,kbdh4tri,known,bright_pore_crosscorr_xy_contrast_256px,0.0271858912501119,True,True,True,True,False,False,raised_black_level,threshold_plus5
Batch_3,mgxahqnk,known,bright_aspect_count_iqr,1.108572976529088,True,True,False,True,True,True,,threshold_plus5
Batch_3,mgxahqnk,known,bright_circularity_count_iqr,0.2761893432589045,True,True,False,True,True,True,,threshold_plus5
Batch_3,mgxahqnk,known,bright_solidity_count_q10,0.7288129917964172,True,True,False,True,True,True,,threshold_plus5
Batch_3,mgxahqnk,known,void_local_width_d50_px,10.0,True,False,True,True,True,True,,threshold_plus5
Batch_3,mgxahqnk,known,void_local_width_d90_px,31.04834939252005,True,False,True,True,True,True,,threshold_plus5
Batch_3,mgxahqnk,known,graph_edge_length_iqr_ratio,0.8570086577674106,True,True,False,True,True,True,,threshold_plus5
Batch_3,mgxahqnk,known,local_bright_std_512px,0.0873857783744161,True,True,False,True,True,True,,threshold_plus5
Batch_3,mgxahqnk,known,bright_pore_crosscorr_xy_contrast_256px,0.0026625466975261,True,True,True,True,True,True,,threshold_plus5
Batch_3,pl8uabbv,known,bright_aspect_count_iqr,1.0694528798233065,True,True,False,True,True,True,,threshold_plus5
Batch_3,pl8uabbv,known,bright_circularity_count_iqr,0.3255611165159409,True,True,False,True,True,True,,threshold_plus5
Batch_3,pl8uabbv,known,bright_solidity_count_q10,0.6812781954887218,True,True,False,True,True,True,,threshold_plus5
Batch_3,pl8uabbv,known,void_local_width_d50_px,8.48528137423857,True,False,True,True,True,True,,threshold_plus5
Batch_3,pl8uabbv,known,void_local_width_d90_px,30.463092423455635,True,False,True,True,True,True,,threshold_plus5
Batch_3,pl8uabbv,known,graph_edge_length_iqr_ratio,1.3106003620097333,True,True,False,True,True,True,,threshold_plus5
Batch_3,pl8uabbv,known,local_bright_std_512px,0.043775198799524,True,True,False,True,True,True,,threshold_plus5
Batch_3,pl8uabbv,known,bright_pore_crosscorr_xy_contrast_256px,0.0179069185684555,True,True,True,True,True,True,,threshold_plus5
Batch_3,ptg8lmto,known,bright_aspect_count_iqr,1.1049816232649874,True,True,False,True,True,True,,threshold_plus5
Batch_3,ptg8lmto,known,bright_circularity_count_iqr,0.376450462699538,True,True,False,True,True,True,,threshold_plus5
Batch_3,ptg8lmto,known,bright_solidity_count_q10,0.6667558487569483,True,True,False,True,True,True,,threshold_plus5
Batch_3,ptg8lmto,known,void_local_width_d50_px,8.246211251235321,True,False,True,True,True,True,,threshold_plus5
Batch_3,ptg8lmto,known,void_local_width_d90_px,26.83281572999748,True,False,True,True,True,True,,threshold_plus5
Batch_3,ptg8lmto,known,graph_edge_length_iqr_ratio,1.5073921283449123,True,True,False,True,True,True,,threshold_plus5
Batch_3,ptg8lmto,known,local_bright_std_512px,0.0677602321020126,True,True,False,True,True,True,,threshold_plus5
Batch_3,ptg8lmto,known,bright_pore_crosscorr_xy_contrast_256px,-0.0022022035094475,True,True,True,True,True,True,,threshold_plus5
Batch_3,tuy3zymq,known,bright_aspect_count_iqr,1.117376500831855,True,True,False,True,True,True,,threshold_plus5
Batch_3,tuy3zymq,known,bright_circularity_count_iqr,0.3834923371062145,True,True,False,True,True,True,,threshold_plus5
Batch_3,tuy3zymq,known,bright_solidity_count_q10,0.5849867658763211,True,True,False,True,True,True,,threshold_plus5
Batch_3,tuy3zymq,known,void_local_width_d50_px,8.94427190999916,True,False,True,True,False,False,raised_black_level,threshold_plus5
Batch_3,tuy3zymq,known,void_local_width_d90_px,29.120439557122072,True,False,True,True,False,False,raised_black_level,threshold_plus5
Batch_3,tuy3zymq,known,graph_edge_length_iqr_ratio,1.8090520745119816,True,True,False,True,True,True,,threshold_plus5
Batch_3,tuy3zymq,known,local_bright_std_512px,0.0383416431736614,True,True,False,True,True,True,,threshold_plus5
Batch_3,tuy3zymq,known,bright_pore_crosscorr_xy_contrast_256px,0.0141845332421646,True,True,True,True,False,False,raised_black_level,threshold_plus5
Batch_3,ufdvpb81,known,bright_aspect_count_iqr,1.182041161564129,True,True,False,True,True,True,,threshold_plus5
Batch_3,ufdvpb81,known,bright_circularity_count_iqr,0.341319261755506,True,True,False,True,True,True,,threshold_plus5
Batch_3,ufdvpb81,known,bright_solidity_count_q10,0.5965687795587322,True,True,False,True,True,True,,threshold_plus5
Batch_3,ufdvpb81,known,void_local_width_d50_px,10.0,True,False,True,True,True,True,,threshold_plus5
Batch_3,ufdvpb81,known,void_local_width_d90_px,33.52610922848042,True,False,True,True,True,True,,threshold_plus5
Batch_3,ufdvpb81,known,graph_edge_length_iqr_ratio,1.539982112237955,True,True,False,True,True,True,,threshold_plus5
Batch_3,ufdvpb81,known,local_bright_std_512px,0.0502727850017521,True,True,False,True,True,True,,threshold_plus5
Batch_3,ufdvpb81,known,bright_pore_crosscorr_xy_contrast_256px,-0.0057493345339781,True,True,True,True,True,True,,threshold_plus5
Batch_3,utfgcjfa,known,bright_aspect_count_iqr,1.0930964818179625,True,True,False,True,True,True,,threshold_plus5
Batch_3,utfgcjfa,known,bright_circularity_count_iqr,0.3338959371087897,True,True,False,True,True,True,,threshold_plus5
Batch_3,utfgcjfa,known,bright_solidity_count_q10,0.6726926592321137,True,True,False,True,True,True,,threshold_plus5
Batch_3,utfgcjfa,known,void_local_width_d50_px,8.94427190999916,True,False,True,True,True,True,,threshold_plus5
Batch_3,utfgcjfa,known,void_local_width_d90_px,32.802438933713454,True,False,True,True,True,True,,threshold_plus5
Batch_3,utfgcjfa,known,graph_edge_length_iqr_ratio,1.3327779516385774,True,True,False,True,True,True,,threshold_plus5
Batch_3,utfgcjfa,known,local_bright_std_512px,0.0705833865114828,True,True,False,True,True,True,,threshold_plus5
Batch_3,utfgcjfa,known,bright_pore_crosscorr_xy_contrast_256px,-0.0110230639050128,True,True,True,True,True,True,,threshold_plus5
Batch_3,vc2whyaq,known,bright_aspect_count_iqr,1.0705419799610372,True,True,False,True,True,True,,threshold_plus5
Batch_3,vc2whyaq,known,bright_circularity_count_iqr,0.281432798728175,True,True,False,True,True,True,,threshold_plus5
Batch_3,vc2whyaq,known,bright_solidity_count_q10,0.7003072227465312,True,True,False,True,True,True,,threshold_plus5
Batch_3,vc2whyaq,known,void_local_width_d50_px,8.94427190999916,True,False,True,True,True,True,,threshold_plus5
Batch_3,vc2whyaq,known,void_local_width_d90_px,30.463092423455635,True,False,True,True,True,True,,threshold_plus5
Batch_3,vc2whyaq,known,graph_edge_length_iqr_ratio,1.0652690943770036,True,True,False,True,True,True,,threshold_plus5
Batch_3,vc2whyaq,known,local_bright_std_512px,0.054356207923066,True,True,False,True,True,True,,threshold_plus5
Batch_3,vc2whyaq,known,bright_pore_crosscorr_xy_contrast_256px,0.0270411551995737,True,True,True,True,True,True,,threshold_plus5
Batch_3,x77cy643,known,bright_aspect_count_iqr,0.984877226013202,True,True,False,True,True,True,,threshold_plus5
Batch_3,x77cy643,known,bright_circularity_count_iqr,0.3149471308955727,True,True,False,True,True,True,,threshold_plus5
Batch_3,x77cy643,known,bright_solidity_count_q10,0.67477212687739,True,True,False,True,True,True,,threshold_plus5
Batch_3,x77cy643,known,void_local_width_d50_px,8.48528137423857,True,False,True,True,True,True,,threshold_plus5
Batch_3,x77cy643,known,void_local_width_d90_px,30.59411708155671,True,False,True,True,True,True,,threshold_plus5
Batch_3,x77cy643,known,graph_edge_length_iqr_ratio,0.8833495960175544,True,True,False,True,True,True,,threshold_plus5
Batch_3,x77cy643,known,local_bright_std_512px,0.0576538171418084,True,True,False,True,True,True,,threshold_plus5
Batch_3,x77cy643,known,bright_pore_crosscorr_xy_contrast_256px,0.0092399128366218,True,True,True,True,True,True,,threshold_plus5
Batch_3,x7u69zsw,known,bright_aspect_count_iqr,1.083744168087816,True,True,False,True,True,True,,threshold_plus5
Batch_3,x7u69zsw,known,bright_circularity_count_iqr,0.3164323195886299,True,True,False,True,True,True,,threshold_plus5
Batch_3,x7u69zsw,known,bright_solidity_count_q10,0.5836121543188801,True,True,False,True,True,True,,threshold_plus5
Batch_3,x7u69zsw,known,void_local_width_d50_px,8.246211251235321,True,False,True,True,False,False,raised_black_level,threshold_plus5
Batch_3,x7u69zsw,known,void_local_width_d90_px,26.30589287593181,True,False,True,True,False,False,raised_black_level,threshold_plus5
Batch_3,x7u69zsw,known,graph_edge_length_iqr_ratio,2.137042420034935,True,True,False,True,True,True,,threshold_plus5
Batch_3,x7u69zsw,known,local_bright_std_512px,0.079860728273745,True,True,False,True,True,True,,threshold_plus5
Batch_3,x7u69zsw,known,bright_pore_crosscorr_xy_contrast_256px,0.0065802195712044,True,True,True,True,False,False,raised_black_level,threshold_plus5
Batch_3,xgj4xftb,known,bright_aspect_count_iqr,0.8357282336406175,True,True,False,True,True,True,,threshold_plus5
Batch_3,xgj4xftb,known,bright_circularity_count_iqr,0.3728027598255955,True,True,False,True,True,True,,threshold_plus5
Batch_3,xgj4xftb,known,bright_solidity_count_q10,0.6564759285300686,True,True,False,True,True,True,,threshold_plus5
Batch_3,xgj4xftb,known,void_local_width_d50_px,8.246211251235321,True,False,True,True,True,True,,threshold_plus5
Batch_3,xgj4xftb,known,void_local_width_d90_px,28.42534080710379,True,False,True,True,True,True,,threshold_plus5
Batch_3,xgj4xftb,known,graph_edge_length_iqr_ratio,1.4812525069840623,True,True,False,True,True,True,,threshold_plus5
Batch_3,xgj4xftb,known,local_bright_std_512px,0.0681953351277057,True,True,False,True,True,True,,threshold_plus5
Batch_3,xgj4xftb,known,bright_pore_crosscorr_xy_contrast_256px,0.0043358374090224,True,True,True,True,True,True,,threshold_plus5
Batch_1,4ih2ggld,known,bright_aspect_count_iqr,1.8623717390061825,True,True,False,True,False,False,bright_low_contrast,floor100
Batch_1,4ih2ggld,known,bright_circularity_count_iqr,0.181094749511506,True,True,False,True,False,False,bright_low_contrast,floor100
Batch_1,4ih2ggld,known,bright_solidity_count_q10,0.4514910570430879,True,True,False,True,False,False,bright_low_contrast,floor100
Batch_1,4ih2ggld,known,void_local_width_d50_px,10.0,True,False,True,True,True,True,,floor100
Batch_1,4ih2ggld,known,void_local_width_d90_px,38.8329756778952,True,False,True,True,True,True,,floor100
Batch_1,4ih2ggld,known,graph_edge_length_iqr_ratio,0.8443190596745861,True,True,False,True,False,False,bright_low_contrast,floor100
Batch_1,4ih2ggld,known,local_bright_std_512px,0.0815693932611079,True,True,False,True,False,False,bright_low_contrast,floor100
Batch_1,4ih2ggld,known,bright_pore_crosscorr_xy_contrast_256px,0.0092313697851206,True,True,True,True,False,False,bright_low_contrast,floor100
Batch_1,5n1q8atc,known,bright_aspect_count_iqr,1.959323455552977,True,True,False,True,False,False,bright_low_contrast,floor100
Batch_1,5n1q8atc,known,bright_circularity_count_iqr,0.1922573409765778,True,True,False,True,False,False,bright_low_contrast,floor100
Batch_1,5n1q8atc,known,bright_solidity_count_q10,0.4365589708271762,True,True,False,True,False,False,bright_low_contrast,floor100
Batch_1,5n1q8atc,known,void_local_width_d50_px,7.211102550927978,True,False,True,True,True,True,,floor100
Batch_1,5n1q8atc,known,void_local_width_d90_px,29.5296461204668,True,False,True,True,True,True,,floor100
Batch_1,5n1q8atc,known,graph_edge_length_iqr_ratio,0.830561084509118,True,True,False,True,False,False,bright_low_contrast,floor100
Batch_1,5n1q8atc,known,local_bright_std_512px,0.1144710595405117,True,True,False,True,False,False,bright_low_contrast,floor100
Batch_1,5n1q8atc,known,bright_pore_crosscorr_xy_contrast_256px,0.0302067470192585,True,True,True,True,False,False,bright_low_contrast,floor100
Batch_1,f1vzngrs,known,bright_aspect_count_iqr,1.1887019667727787,True,True,False,True,True,True,,floor100
Batch_1,f1vzngrs,known,bright_circularity_count_iqr,0.2932746101701801,True,True,False,True,True,True,,floor100
Batch_1,f1vzngrs,known,bright_solidity_count_q10,0.6081370594397324,True,True,False,True,True,True,,floor100
Batch_1,f1vzngrs,known,void_local_width_d50_px,7.211102550927978,True,False,True,True,True,True,,floor100
Batch_1,f1vzngrs,known,void_local_width_d90_px,22.09072203437452,True,False,True,True,True,True,,floor100
Batch_1,f1vzngrs,known,graph_edge_length_iqr_ratio,1.1180992659219413,True,True,False,True,True,True,,floor100
Batch_1,f1vzngrs,known,local_bright_std_512px,0.0625311444101326,True,True,False,True,True,True,,floor100
Batch_1,f1vzngrs,known,bright_pore_crosscorr_xy_contrast_256px,0.0163230262019439,True,True,True,True,True,True,,floor100
Batch_1,ffwubibz,known,bright_aspect_count_iqr,1.1032166985823382,True,True,False,True,True,True,,floor100
Batch_1,ffwubibz,known,bright_circularity_count_iqr,0.2685674919180792,True,True,False,True,True,True,,floor100
Batch_1,ffwubibz,known,bright_solidity_count_q10,0.7032967032967034,True,True,False,True,True,True,,floor100
Batch_1,ffwubibz,known,void_local_width_d50_px,8.246211251235321,True,False,True,True,True,True,,floor100
Batch_1,ffwubibz,known,void_local_width_d90_px,30.0,True,False,True,True,True,True,,floor100
Batch_1,ffwubibz,known,graph_edge_length_iqr_ratio,1.0650213122303105,True,True,False,True,True,True,,floor100
Batch_1,ffwubibz,known,local_bright_std_512px,0.0504657613697751,True,True,False,True,True,True,,floor100
Batch_1,ffwubibz,known,bright_pore_crosscorr_xy_contrast_256px,0.006089292112666,True,True,True,True,True,True,,floor100
Batch_1,fzrt2k6r,known,bright_aspect_count_iqr,1.1791642821798012,True,True,False,True,True,True,,floor100
Batch_1,fzrt2k6r,known,bright_circularity_count_iqr,0.2933762289795202,True,True,False,True,True,True,,floor100
Batch_1,fzrt2k6r,known,bright_solidity_count_q10,0.6694452311831764,True,True,False,True,True,True,,floor100
Batch_1,fzrt2k6r,known,void_local_width_d50_px,8.94427190999916,True,False,True,True,True,True,,floor100
Batch_1,fzrt2k6r,known,void_local_width_d90_px,31.304951684997057,True,False,True,True,True,True,,floor100
Batch_1,fzrt2k6r,known,graph_edge_length_iqr_ratio,0.9739687473521288,True,True,False,True,True,True,,floor100
Batch_1,fzrt2k6r,known,local_bright_std_512px,0.058566292157561,True,True,False,True,True,True,,floor100
Batch_1,fzrt2k6r,known,bright_pore_crosscorr_xy_contrast_256px,0.0102042550742523,True,True,True,True,True,True,,floor100
Batch_1,iv6g2oq0,known,bright_aspect_count_iqr,0.8485326063020098,True,True,False,True,True,True,,floor100
Batch_1,iv6g2oq0,known,bright_circularity_count_iqr,0.2775693365720263,True,True,False,True,True,True,,floor100
Batch_1,iv6g2oq0,known,bright_solidity_count_q10,0.6557696067373486,True,True,False,True,True,True,,floor100
Batch_1,iv6g2oq0,known,void_local_width_d50_px,10.0,True,False,True,True,True,True,,floor100
Batch_1,iv6g2oq0,known,void_local_width_d90_px,34.23448553724738,True,False,True,True,True,True,,floor100
Batch_1,iv6g2oq0,known,graph_edge_length_iqr_ratio,1.0592166481914342,True,True,False,True,True,True,,floor100
Batch_1,iv6g2oq0,known,local_bright_std_512px,0.0553201172683688,True,True,False,True,True,True,,floor100
Batch_1,iv6g2oq0,known,bright_pore_crosscorr_xy_contrast_256px,0.0281970615771991,True,True,True,True,True,True,,floor100
Batch_1,uhdslk0o,known,bright_aspect_count_iqr,2.1930371569090896,True,True,False,True,True,True,,floor100
Batch_1,uhdslk0o,known,bright_circularity_count_iqr,0.275771463244251,True,True,False,True,True,True,,floor100
Batch_1,uhdslk0o,known,bright_solidity_count_q10,0.5848558014755199,True,True,False,True,True,True,,floor100
Batch_1,uhdslk0o,known,void_local_width_d50_px,8.94427190999916,True,False,True,True,True,True,,floor100
Batch_1,uhdslk0o,known,void_local_width_d90_px,29.120439557122072,True,False,True,True,True,True,,floor100
Batch_1,uhdslk0o,known,graph_edge_length_iqr_ratio,0.956653103747766,True,True,False,True,True,True,,floor100
Batch_1,uhdslk0o,known,local_bright_std_512px,0.0606286856083137,True,True,False,True,True,True,,floor100
Batch_1,uhdslk0o,known,bright_pore_crosscorr_xy_contrast_256px,0.0147888459498193,True,True,True,True,True,True,,floor100
Batch_2,3806gxp0,known,bright_aspect_count_iqr,1.030858208149739,True,True,False,True,True,True,,floor100
Batch_2,3806gxp0,known,bright_circularity_count_iqr,0.2616043849163576,True,True,False,True,True,True,,floor100
Batch_2,3806gxp0,known,bright_solidity_count_q10,0.6998730964467005,True,True,False,True,True,True,,floor100
Batch_2,3806gxp0,known,void_local_width_d50_px,8.94427190999916,True,False,True,True,True,True,,floor100
Batch_2,3806gxp0,known,void_local_width_d90_px,26.83281572999748,True,False,True,True,True,True,,floor100
Batch_2,3806gxp0,known,graph_edge_length_iqr_ratio,0.8081046305315313,True,True,False,True,True,True,,floor100
Batch_2,3806gxp0,known,local_bright_std_512px,0.065015123287959,True,True,False,True,True,True,,floor100
Batch_2,3806gxp0,known,bright_pore_crosscorr_xy_contrast_256px,0.0223653899207748,True,True,True,True,True,True,,floor100
Batch_2,avn74qx1,known,bright_aspect_count_iqr,1.1942491126521375,True,True,False,True,True,True,,floor100
Batch_2,avn74qx1,known,bright_circularity_count_iqr,0.2921650176710793,True,True,False,True,True,True,,floor100
Batch_2,avn74qx1,known,bright_solidity_count_q10,0.7211295942930646,True,True,False,True,True,True,,floor100
Batch_2,avn74qx1,known,void_local_width_d50_px,10.0,True,False,True,True,True,True,,floor100
Batch_2,avn74qx1,known,void_local_width_d90_px,31.04834939252005,True,False,True,True,True,True,,floor100
Batch_2,avn74qx1,known,graph_edge_length_iqr_ratio,0.8300241724894168,True,True,False,True,True,True,,floor100
Batch_2,avn74qx1,known,local_bright_std_512px,0.0508202261748757,True,True,False,True,True,True,,floor100
Batch_2,avn74qx1,known,bright_pore_crosscorr_xy_contrast_256px,0.0042438336862064,True,True,True,True,True,True,,floor100
Batch_2,b3esycq1,known,bright_aspect_count_iqr,1.1856375982192338,True,True,False,True,True,True,,floor100
Batch_2,b3esycq1,known,bright_circularity_count_iqr,0.3063620430157691,True,True,False,True,True,True,,floor100
Batch_2,b3esycq1,known,bright_solidity_count_q10,0.6032525411374424,True,True,False,True,True,True,,floor100
Batch_2,b3esycq1,known,void_local_width_d50_px,8.94427190999916,True,False,True,True,True,True,,floor100
Batch_2,b3esycq1,known,void_local_width_d90_px,29.5296461204668,True,False,True,True,True,True,,floor100
Batch_2,b3esycq1,known,graph_edge_length_iqr_ratio,0.991172261814574,True,True,False,True,True,True,,floor100
Batch_2,b3esycq1,known,local_bright_std_512px,0.0662785489302155,True,True,False,True,True,True,,floor100
Batch_2,b3esycq1,known,bright_pore_crosscorr_xy_contrast_256px,0.0221634655762009,True,True,True,True,True,True,,floor100
Batch_2,epqdaau9,known,bright_aspect_count_iqr,0.9991217931629012,True,True,False,True,True,True,,floor100
Batch_2,epqdaau9,known,bright_circularity_count_iqr,0.2703353957717616,True,True,False,True,True,True,,floor100
Batch_2,epqdaau9,known,bright_solidity_count_q10,0.6662668523324261,True,True,False,True,True,True,,floor100
Batch_2,epqdaau9,known,void_local_width_d50_px,8.0,True,False,True,True,True,True,,floor100
Batch_2,epqdaau9,known,void_local_width_d90_px,26.68332812825267,True,False,True,True,True,True,,floor100
Batch_2,epqdaau9,known,graph_edge_length_iqr_ratio,1.0203585029476672,True,True,False,True,True,True,,floor100
Batch_2,epqdaau9,known,local_bright_std_512px,0.0635172304989436,True,True,False,True,True,True,,floor100
Batch_2,epqdaau9,known,bright_pore_crosscorr_xy_contrast_256px,-0.0009569231589602,True,True,True,True,True,True,,floor100
Batch_2,i9jiqjwl,known,bright_aspect_count_iqr,1.7592922592978717,True,True,False,True,True,True,,floor100
Batch_2,i9jiqjwl,known,bright_circularity_count_iqr,0.2836255990689859,True,True,False,True,True,True,,floor100
Batch_2,i9jiqjwl,known,bright_solidity_count_q10,0.5612959007222053,True,True,False,True,True,True,,floor100
Batch_2,i9jiqjwl,known,void_local_width_d50_px,8.246211251235321,True,False,True,True,True,True,,floor100
Batch_2,i9jiqjwl,known,void_local_width_d90_px,26.30589287593181,True,False,True,True,True,True,,floor100
Batch_2,i9jiqjwl,known,graph_edge_length_iqr_ratio,1.1080873107597002,True,True,False,True,True,True,,floor100
Batch_2,i9jiqjwl,known,local_bright_std_512px,0.0592415085921611,True,True,False,True,True,True,,floor100
Batch_2,i9jiqjwl,known,bright_pore_crosscorr_xy_contrast_256px,-0.022370903994983,True,True,True,True,True,True,,floor100
Batch_2,r17byphk,known,bright_aspect_count_iqr,1.3461621945076043,True,True,False,True,True,True,,floor100
Batch_2,r17byphk,known,bright_circularity_count_iqr,0.3323222203818257,True,True,False,True,True,True,,floor100
Batch_2,r17byphk,known,bright_solidity_count_q10,0.5996234076693847,True,True,False,True,True,True,,floor100
Batch_2,r17byphk,known,void_local_width_d50_px,10.0,True,False,True,True,True,True,,floor100
Batch_2,r17byphk,known,void_local_width_d90_px,32.0,True,False,True,True,True,True,,floor100
Batch_2,r17byphk,known,graph_edge_length_iqr_ratio,1.164308881236752,True,True,False,True,True,True,,floor100
Batch_2,r17byphk,known,local_bright_std_512px,0.0565788746601561,True,True,False,True,True,True,,floor100
Batch_2,r17byphk,known,bright_pore_crosscorr_xy_contrast_256px,0.0047063882562715,True,True,True,True,True,True,,floor100
Batch_2,rxax5ozo,known,bright_aspect_count_iqr,1.1853300665808912,True,True,False,True,True,True,,floor100
Batch_2,rxax5ozo,known,bright_circularity_count_iqr,0.2703238594919137,True,True,False,True,True,True,,floor100
Batch_2,rxax5ozo,known,bright_solidity_count_q10,0.681391219792001,True,True,False,True,True,True,,floor100
Batch_2,rxax5ozo,known,void_local_width_d50_px,8.48528137423857,True,False,True,True,True,True,,floor100
Batch_2,rxax5ozo,known,void_local_width_d90_px,28.635642126552707,True,False,True,True,True,True,,floor100
Batch_2,rxax5ozo,known,graph_edge_length_iqr_ratio,0.925669028451563,True,True,False,True,True,True,,floor100
Batch_2,rxax5ozo,known,local_bright_std_512px,0.0626066828460931,True,True,False,True,True,True,,floor100
Batch_2,rxax5ozo,known,bright_pore_crosscorr_xy_contrast_256px,-0.0068068963551654,True,True,True,True,True,True,,floor100
Batch_3,0grcilhi,known,bright_aspect_count_iqr,1.0480986207258884,True,True,False,True,True,True,,floor100
Batch_3,0grcilhi,known,bright_circularity_count_iqr,0.2866231533001173,True,True,False,True,True,True,,floor100
Batch_3,0grcilhi,known,bright_solidity_count_q10,0.6821335927367056,True,True,False,True,True,True,,floor100
Batch_3,0grcilhi,known,void_local_width_d50_px,10.0,True,False,True,True,True,True,,floor100
Batch_3,0grcilhi,known,void_local_width_d90_px,35.608987629529715,True,False,True,True,True,True,,floor100
Batch_3,0grcilhi,known,graph_edge_length_iqr_ratio,0.7778582378351412,True,True,False,True,True,True,,floor100
Batch_3,0grcilhi,known,local_bright_std_512px,0.065301628965604,True,True,False,True,True,True,,floor100
Batch_3,0grcilhi,known,bright_pore_crosscorr_xy_contrast_256px,-0.0120076763903123,True,True,True,True,True,True,,floor100
Batch_3,71vgq3fw,known,bright_aspect_count_iqr,1.1441947478233911,True,True,False,True,True,True,,floor100
Batch_3,71vgq3fw,known,bright_circularity_count_iqr,0.284182248688863,True,True,False,True,True,True,,floor100
Batch_3,71vgq3fw,known,bright_solidity_count_q10,0.6503601596103021,True,True,False,True,True,True,,floor100
Batch_3,71vgq3fw,known,void_local_width_d50_px,8.246211251235321,True,False,True,True,False,False,raised_black_level,floor100
Batch_3,71vgq3fw,known,void_local_width_d90_px,26.90724809414742,True,False,True,True,False,False,raised_black_level,floor100
Batch_3,71vgq3fw,known,graph_edge_length_iqr_ratio,0.937894290262682,True,True,False,True,True,True,,floor100
Batch_3,71vgq3fw,known,local_bright_std_512px,0.0675334696410173,True,True,False,True,True,True,,floor100
Batch_3,71vgq3fw,known,bright_pore_crosscorr_xy_contrast_256px,0.0037682003602047,True,True,True,True,False,False,raised_black_level,floor100
Batch_3,9luzk4jm,known,bright_aspect_count_iqr,1.079550053033444,True,True,False,True,True,True,,floor100
Batch_3,9luzk4jm,known,bright_circularity_count_iqr,0.2351588847384041,True,True,False,True,True,True,,floor100
Batch_3,9luzk4jm,known,bright_solidity_count_q10,0.7004522727492951,True,True,False,True,True,True,,floor100
Batch_3,9luzk4jm,known,void_local_width_d50_px,10.0,True,False,True,True,True,True,,floor100
Batch_3,9luzk4jm,known,void_local_width_d90_px,29.732137494637012,True,False,True,True,True,True,,floor100
Batch_3,9luzk4jm,known,graph_edge_length_iqr_ratio,0.9317953165581276,True,True,False,True,True,True,,floor100
Batch_3,9luzk4jm,known,local_bright_std_512px,0.0675298647572762,True,True,False,True,True,True,,floor100
Batch_3,9luzk4jm,known,bright_pore_crosscorr_xy_contrast_256px,-0.0115807275744727,True,True,True,True,True,True,,floor100
Batch_3,cfe5vt7s,known,bright_aspect_count_iqr,1.6268316859696097,True,True,False,True,True,True,,floor100
Batch_3,cfe5vt7s,known,bright_circularity_count_iqr,0.3050455226209796,True,True,False,True,True,True,,floor100
Batch_3,cfe5vt7s,known,bright_solidity_count_q10,0.5921501706484642,True,True,False,True,True,True,,floor100
Batch_3,cfe5vt7s,known,void_local_width_d50_px,8.48528137423857,True,False,True,True,True,True,,floor100
Batch_3,cfe5vt7s,known,void_local_width_d90_px,29.120439557122072,True,False,True,True,True,True,,floor100
Batch_3,cfe5vt7s,known,graph_edge_length_iqr_ratio,1.125078559037894,True,True,False,True,True,True,,floor100
Batch_3,cfe5vt7s,known,local_bright_std_512px,0.0568763600589616,True,True,False,True,True,True,,floor100
Batch_3,cfe5vt7s,known,bright_pore_crosscorr_xy_contrast_256px,-0.0041536782425693,True,True,True,True,True,True,,floor100
Batch_3,hawkfj64,known,bright_aspect_count_iqr,1.2135150024479753,True,True,False,True,True,True,,floor100
Batch_3,hawkfj64,known,bright_circularity_count_iqr,0.2697251736372218,True,True,False,True,True,True,,floor100
Batch_3,hawkfj64,known,bright_solidity_count_q10,0.7122186495176849,True,True,False,True,True,True,,floor100
Batch_3,hawkfj64,known,void_local_width_d50_px,10.0,True,False,True,True,True,True,,floor100
Batch_3,hawkfj64,known,void_local_width_d90_px,31.304951684997057,True,False,True,True,True,True,,floor100
Batch_3,hawkfj64,known,graph_edge_length_iqr_ratio,0.868325279634625,True,True,False,True,True,True,,floor100
Batch_3,hawkfj64,known,local_bright_std_512px,0.0483386925218138,True,True,False,True,True,True,,floor100
Batch_3,hawkfj64,known,bright_pore_crosscorr_xy_contrast_256px,-0.0084343069225958,True,True,True,True,True,True,,floor100
Batch_3,hzumfsms,known,bright_aspect_count_iqr,1.2111549541289812,True,True,False,True,True,True,,floor100
Batch_3,hzumfsms,known,bright_circularity_count_iqr,0.261530631560082,True,True,False,True,True,True,,floor100
Batch_3,hzumfsms,known,bright_solidity_count_q10,0.7216727939286728,True,True,False,True,True,True,,floor100
Batch_3,hzumfsms,known,void_local_width_d50_px,10.0,True,False,True,True,True,True,,floor100
Batch_3,hzumfsms,known,void_local_width_d90_px,35.77708763999664,True,False,True,True,True,True,,floor100
Batch_3,hzumfsms,known,graph_edge_length_iqr_ratio,1.148498633236596,True,True,False,True,True,True,,floor100
Batch_3,hzumfsms,known,local_bright_std_512px,0.0505961575141088,True,True,False,True,True,True,,floor100
Batch_3,hzumfsms,known,bright_pore_crosscorr_xy_contrast_256px,-0.0113909009274641,True,True,True,True,True,True,,floor100
Batch_3,kbdh4tri,known,bright_aspect_count_iqr,1.334832029194183,True,True,False,True,True,True,,floor100
Batch_3,kbdh4tri,known,bright_circularity_count_iqr,0.3230880097720676,True,True,False,True,True,True,,floor100
Batch_3,kbdh4tri,known,bright_solidity_count_q10,0.6134449071108264,True,True,False,True,True,True,,floor100
Batch_3,kbdh4tri,known,void_local_width_d50_px,8.0,True,False,True,True,False,False,raised_black_level,floor100
Batch_3,kbdh4tri,known,void_local_width_d90_px,24.166091947189145,True,False,True,True,False,False,raised_black_level,floor100
Batch_3,kbdh4tri,known,graph_edge_length_iqr_ratio,0.9466480325758008,True,True,False,True,True,True,,floor100
Batch_3,kbdh4tri,known,local_bright_std_512px,0.0448441821895919,True,True,False,True,True,True,,floor100
Batch_3,kbdh4tri,known,bright_pore_crosscorr_xy_contrast_256px,0.0243812770143382,True,True,True,True,False,False,raised_black_level,floor100
Batch_3,mgxahqnk,known,bright_aspect_count_iqr,1.1857421884951187,True,True,False,True,True,True,,floor100
Batch_3,mgxahqnk,known,bright_circularity_count_iqr,0.2349099814750737,True,True,False,True,True,True,,floor100
Batch_3,mgxahqnk,known,bright_solidity_count_q10,0.7363518453012616,True,True,False,True,True,True,,floor100
Batch_3,mgxahqnk,known,void_local_width_d50_px,10.0,True,False,True,True,True,True,,floor100
Batch_3,mgxahqnk,known,void_local_width_d90_px,29.732137494637012,True,False,True,True,True,True,,floor100
Batch_3,mgxahqnk,known,graph_edge_length_iqr_ratio,0.8038824555760155,True,True,False,True,True,True,,floor100
Batch_3,mgxahqnk,known,local_bright_std_512px,0.0910764436082379,True,True,False,True,True,True,,floor100
Batch_3,mgxahqnk,known,bright_pore_crosscorr_xy_contrast_256px,0.0038091017960507,True,True,True,True,True,True,,floor100
Batch_3,pl8uabbv,known,bright_aspect_count_iqr,1.0570742524915406,True,True,False,True,True,True,,floor100
Batch_3,pl8uabbv,known,bright_circularity_count_iqr,0.2947606355851822,True,True,False,True,True,True,,floor100
Batch_3,pl8uabbv,known,bright_solidity_count_q10,0.6573362950889429,True,True,False,True,True,True,,floor100
Batch_3,pl8uabbv,known,void_local_width_d50_px,8.48528137423857,True,False,True,True,True,True,,floor100
Batch_3,pl8uabbv,known,void_local_width_d90_px,30.265491900843113,True,False,True,True,True,True,,floor100
Batch_3,pl8uabbv,known,graph_edge_length_iqr_ratio,1.1714363919614208,True,True,False,True,True,True,,floor100
Batch_3,pl8uabbv,known,local_bright_std_512px,0.0459880274162619,True,True,False,True,True,True,,floor100
Batch_3,pl8uabbv,known,bright_pore_crosscorr_xy_contrast_256px,0.019996475210251,True,True,True,True,True,True,,floor100
Batch_3,ptg8lmto,known,bright_aspect_count_iqr,1.209971458632596,True,True,False,True,True,True,,floor100
Batch_3,ptg8lmto,known,bright_circularity_count_iqr,0.3152721888518801,True,True,False,True,True,True,,floor100
Batch_3,ptg8lmto,known,bright_solidity_count_q10,0.7230812734134341,True,True,False,True,True,True,,floor100
Batch_3,ptg8lmto,known,void_local_width_d50_px,8.246211251235321,True,False,True,True,True,True,,floor100
Batch_3,ptg8lmto,known,void_local_width_d90_px,26.0,True,False,True,True,True,True,,floor100
Batch_3,ptg8lmto,known,graph_edge_length_iqr_ratio,1.3445153376963814,True,True,False,True,True,True,,floor100
Batch_3,ptg8lmto,known,local_bright_std_512px,0.0700391452654554,True,True,False,True,True,True,,floor100
Batch_3,ptg8lmto,known,bright_pore_crosscorr_xy_contrast_256px,-0.0008547394634584,True,True,True,True,True,True,,floor100
Batch_3,tuy3zymq,known,bright_aspect_count_iqr,1.2118022677250624,True,True,False,True,True,True,,floor100
Batch_3,tuy3zymq,known,bright_circularity_count_iqr,0.3302635191113054,True,True,False,True,True,True,,floor100
Batch_3,tuy3zymq,known,bright_solidity_count_q10,0.6260870448386953,True,True,False,True,True,True,,floor100
Batch_3,tuy3zymq,known,void_local_width_d50_px,8.94427190999916,True,False,True,True,False,False,raised_black_level,floor100
Batch_3,tuy3zymq,known,void_local_width_d90_px,28.635642126552707,True,False,True,True,False,False,raised_black_level,floor100
Batch_3,tuy3zymq,known,graph_edge_length_iqr_ratio,1.0029976225513837,True,True,False,True,True,True,,floor100
Batch_3,tuy3zymq,known,local_bright_std_512px,0.0443457923094918,True,True,False,True,True,True,,floor100
Batch_3,tuy3zymq,known,bright_pore_crosscorr_xy_contrast_256px,0.009748520676597,True,True,True,True,False,False,raised_black_level,floor100
Batch_3,ufdvpb81,known,bright_aspect_count_iqr,1.3327131532974434,True,True,False,True,True,True,,floor100
Batch_3,ufdvpb81,known,bright_circularity_count_iqr,0.2681454123109036,True,True,False,True,True,True,,floor100
Batch_3,ufdvpb81,known,bright_solidity_count_q10,0.6228782591218871,True,True,False,True,True,True,,floor100
Batch_3,ufdvpb81,known,void_local_width_d50_px,10.0,True,False,True,True,True,True,,floor100
Batch_3,ufdvpb81,known,void_local_width_d90_px,31.622776601683793,True,False,True,True,True,True,,floor100
Batch_3,ufdvpb81,known,graph_edge_length_iqr_ratio,1.0520938680066951,True,True,False,True,True,True,,floor100
Batch_3,ufdvpb81,known,local_bright_std_512px,0.0574676349176191,True,True,False,True,True,True,,floor100
Batch_3,ufdvpb81,known,bright_pore_crosscorr_xy_contrast_256px,-0.0051247496387803,True,True,True,True,True,True,,floor100
Batch_3,utfgcjfa,known,bright_aspect_count_iqr,1.088490949645749,True,True,False,True,True,True,,floor100
Batch_3,utfgcjfa,known,bright_circularity_count_iqr,0.276392494621919,True,True,False,True,True,True,,floor100
Batch_3,utfgcjfa,known,bright_solidity_count_q10,0.6729429644808743,True,True,False,True,True,True,,floor100
Batch_3,utfgcjfa,known,void_local_width_d50_px,8.48528137423857,True,False,True,True,True,True,,floor100
Batch_3,utfgcjfa,known,void_local_width_d90_px,31.04834939252005,True,False,True,True,True,True,,floor100
Batch_3,utfgcjfa,known,graph_edge_length_iqr_ratio,1.0796867781380544,True,True,False,True,True,True,,floor100
Batch_3,utfgcjfa,known,local_bright_std_512px,0.0717841117429209,True,True,False,True,True,True,,floor100
Batch_3,utfgcjfa,known,bright_pore_crosscorr_xy_contrast_256px,-0.0082937229750545,True,True,True,True,True,True,,floor100
Batch_3,vc2whyaq,known,bright_aspect_count_iqr,1.1152812556373202,True,True,False,True,True,True,,floor100
Batch_3,vc2whyaq,known,bright_circularity_count_iqr,0.2338686662570526,True,True,False,True,True,True,,floor100
Batch_3,vc2whyaq,known,bright_solidity_count_q10,0.719665073107085,True,True,False,True,True,True,,floor100
Batch_3,vc2whyaq,known,void_local_width_d50_px,8.94427190999916,True,False,True,True,True,True,,floor100
Batch_3,vc2whyaq,known,void_local_width_d90_px,29.732137494637012,True,False,True,True,True,True,,floor100
Batch_3,vc2whyaq,known,graph_edge_length_iqr_ratio,0.9007985178927372,True,True,False,True,True,True,,floor100
Batch_3,vc2whyaq,known,local_bright_std_512px,0.0561925031584824,True,True,False,True,True,True,,floor100
Batch_3,vc2whyaq,known,bright_pore_crosscorr_xy_contrast_256px,0.0267691791398653,True,True,True,True,True,True,,floor100
Batch_3,x77cy643,known,bright_aspect_count_iqr,1.1101954747264142,True,True,False,True,True,True,,floor100
Batch_3,x77cy643,known,bright_circularity_count_iqr,0.2917448736902737,True,True,False,True,True,True,,floor100
Batch_3,x77cy643,known,bright_solidity_count_q10,0.7173288250211327,True,True,False,True,True,True,,floor100
Batch_3,x77cy643,known,void_local_width_d50_px,8.246211251235321,True,False,True,True,True,True,,floor100
Batch_3,x77cy643,known,void_local_width_d90_px,30.0,True,False,True,True,True,True,,floor100
Batch_3,x77cy643,known,graph_edge_length_iqr_ratio,0.8098203836423314,True,True,False,True,True,True,,floor100
Batch_3,x77cy643,known,local_bright_std_512px,0.0592809081036349,True,True,False,True,True,True,,floor100
Batch_3,x77cy643,known,bright_pore_crosscorr_xy_contrast_256px,0.0077642129421432,True,True,True,True,True,True,,floor100
Batch_3,x7u69zsw,known,bright_aspect_count_iqr,1.1312857127593683,True,True,False,True,True,True,,floor100
Batch_3,x7u69zsw,known,bright_circularity_count_iqr,0.2735125660100986,True,True,False,True,True,True,,floor100
Batch_3,x7u69zsw,known,bright_solidity_count_q10,0.615897435897436,True,True,False,True,True,True,,floor100
Batch_3,x7u69zsw,known,void_local_width_d50_px,8.246211251235321,True,False,True,True,False,False,raised_black_level,floor100
Batch_3,x7u69zsw,known,void_local_width_d90_px,25.059928172283335,True,False,True,True,False,False,raised_black_level,floor100
Batch_3,x7u69zsw,known,graph_edge_length_iqr_ratio,1.066854336433848,True,True,False,True,True,True,,floor100
Batch_3,x7u69zsw,known,local_bright_std_512px,0.0864452966940795,True,True,False,True,True,True,,floor100
Batch_3,x7u69zsw,known,bright_pore_crosscorr_xy_contrast_256px,0.0056543236698072,True,True,True,True,False,False,raised_black_level,floor100
Batch_3,xgj4xftb,known,bright_aspect_count_iqr,0.97627045556984,True,True,False,True,True,True,,floor100
Batch_3,xgj4xftb,known,bright_circularity_count_iqr,0.2650434590757101,True,True,False,True,True,True,,floor100
Batch_3,xgj4xftb,known,bright_solidity_count_q10,0.7428218090910382,True,True,False,True,True,True,,floor100
Batch_3,xgj4xftb,known,void_local_width_d50_px,8.0,True,False,True,True,True,True,,floor100
Batch_3,xgj4xftb,known,void_local_width_d90_px,27.202941017470888,True,False,True,True,True,True,,floor100
Batch_3,xgj4xftb,known,graph_edge_length_iqr_ratio,0.8525727267069695,True,True,False,True,True,True,,floor100
Batch_3,xgj4xftb,known,local_bright_std_512px,0.0697317313671791,True,True,False,True,True,True,,floor100
Batch_3,xgj4xftb,known,bright_pore_crosscorr_xy_contrast_256px,0.0047263344810541,True,True,True,True,True,True,,floor100
