batch,site,mode,window_id,x,y_trimmed,y_raw,period_px,angle_deg,mean_power
Batch_1,4ih2ggld,nominal,0,1493,323,323,16,0,0.8908145694889307
Batch_1,4ih2ggld,nominal,0,1493,323,323,16,45,0.670316001306002
Batch_1,4ih2ggld,nominal,0,1493,323,323,16,90,1.0667572493110418
Batch_1,4ih2ggld,nominal,0,1493,323,323,16,135,1.1920503743572974
Batch_1,4ih2ggld,nominal,0,1493,323,323,32,0,2.9124448046394424
Batch_1,4ih2ggld,nominal,0,1493,323,323,32,45,2.2526787982481338
Batch_1,4ih2ggld,nominal,0,1493,323,323,32,90,3.381481712075294
Batch_1,4ih2ggld,nominal,0,1493,323,323,32,135,4.704258152499945
Batch_1,4ih2ggld,nominal,0,1493,323,323,64,0,11.139134519170923
Batch_1,4ih2ggld,nominal,0,1493,323,323,64,45,9.457121593495554
Batch_1,4ih2ggld,nominal,0,1493,323,323,64,90,25.49619181174134
Batch_1,4ih2ggld,nominal,0,1493,323,323,64,135,19.231012767837615
Batch_1,4ih2ggld,nominal,1,4991,323,323,16,0,1.0777292814937818
Batch_1,4ih2ggld,nominal,1,4991,323,323,16,45,1.6659925276235072
Batch_1,4ih2ggld,nominal,1,4991,323,323,16,90,3.028452296545245
Batch_1,4ih2ggld,nominal,1,4991,323,323,16,135,1.2678872414613247
Batch_1,4ih2ggld,nominal,1,4991,323,323,32,0,6.048912237800977
Batch_1,4ih2ggld,nominal,1,4991,323,323,32,45,7.693685071662201
Batch_1,4ih2ggld,nominal,1,4991,323,323,32,90,16.865693473968705
Batch_1,4ih2ggld,nominal,1,4991,323,323,32,135,6.964118897669695
Batch_1,4ih2ggld,nominal,1,4991,323,323,64,0,27.988284562883564
Batch_1,4ih2ggld,nominal,1,4991,323,323,64,45,40.29116377331226
Batch_1,4ih2ggld,nominal,1,4991,323,323,64,90,138.06702888987462
Batch_1,4ih2ggld,nominal,1,4991,323,323,64,135,24.119205614678293
Batch_1,4ih2ggld,nominal,2,1493,1481,1481,16,0,3.6149753170929806
Batch_1,4ih2ggld,nominal,2,1493,1481,1481,16,45,3.4075178163380633
Batch_1,4ih2ggld,nominal,2,1493,1481,1481,16,90,3.626756901945047
Batch_1,4ih2ggld,nominal,2,1493,1481,1481,16,135,4.209356658237015
Batch_1,4ih2ggld,nominal,2,1493,1481,1481,32,0,7.778262095875246
Batch_1,4ih2ggld,nominal,2,1493,1481,1481,32,45,8.794395854481392
Batch_1,4ih2ggld,nominal,2,1493,1481,1481,32,90,8.21197399659623
Batch_1,4ih2ggld,nominal,2,1493,1481,1481,32,135,12.012153293888087
Batch_1,4ih2ggld,nominal,2,1493,1481,1481,64,0,14.411065861770979
Batch_1,4ih2ggld,nominal,2,1493,1481,1481,64,45,21.850740335912388
Batch_1,4ih2ggld,nominal,2,1493,1481,1481,64,90,18.38595563665184
Batch_1,4ih2ggld,nominal,2,1493,1481,1481,64,135,28.69872920196198
Batch_1,4ih2ggld,nominal,3,4991,1481,1481,16,0,2.903996646740922
Batch_1,4ih2ggld,nominal,3,4991,1481,1481,16,45,2.183638419165878
Batch_1,4ih2ggld,nominal,3,4991,1481,1481,16,90,2.0666935913455977
Batch_1,4ih2ggld,nominal,3,4991,1481,1481,16,135,3.0507203369734555
Batch_1,4ih2ggld,nominal,3,4991,1481,1481,32,0,10.765988737803994
Batch_1,4ih2ggld,nominal,3,4991,1481,1481,32,45,9.388596842423699
Batch_1,4ih2ggld,nominal,3,4991,1481,1481,32,90,9.808368001451786
Batch_1,4ih2ggld,nominal,3,4991,1481,1481,32,135,11.067109421682439
Batch_1,4ih2ggld,nominal,3,4991,1481,1481,64,0,55.13561876046615
Batch_1,4ih2ggld,nominal,3,4991,1481,1481,64,45,19.443919016849314
Batch_1,4ih2ggld,nominal,3,4991,1481,1481,64,90,56.78674566349996
Batch_1,4ih2ggld,nominal,3,4991,1481,1481,64,135,42.59020840820283
Batch_1,4ih2ggld,full_resolution,0,1493,323,323,16,0,3.0989098619889304
Batch_1,4ih2ggld,full_resolution,0,1493,323,323,16,45,2.3135500973031644
Batch_1,4ih2ggld,full_resolution,0,1493,323,323,16,90,3.7008430620940542
Batch_1,4ih2ggld,full_resolution,0,1493,323,323,16,135,4.12667503519157
Batch_1,4ih2ggld,full_resolution,0,1493,323,323,32,0,9.86442486098908
Batch_1,4ih2ggld,full_resolution,0,1493,323,323,32,45,7.600693964603615
Batch_1,4ih2ggld,full_resolution,0,1493,323,323,32,90,11.403605623803516
Batch_1,4ih2ggld,full_resolution,0,1493,323,323,32,135,15.875332379045057
Batch_1,4ih2ggld,full_resolution,0,1493,323,323,64,0,37.443184303792755
Batch_1,4ih2ggld,full_resolution,0,1493,323,323,64,45,31.781104257998308
Batch_1,4ih2ggld,full_resolution,0,1493,323,323,64,90,85.59487859478575
Batch_1,4ih2ggld,full_resolution,0,1493,323,323,64,135,64.53626117686701
Batch_1,4ih2ggld,full_resolution,1,4991,323,323,16,0,3.6217654009792186
Batch_1,4ih2ggld,full_resolution,1,4991,323,323,16,45,5.567499238991054
Batch_1,4ih2ggld,full_resolution,1,4991,323,323,16,90,10.161827088022255
Batch_1,4ih2ggld,full_resolution,1,4991,323,323,16,135,4.2291323265908884
Batch_1,4ih2ggld,full_resolution,1,4991,323,323,32,0,19.765274675401447
Batch_1,4ih2ggld,full_resolution,1,4991,323,323,32,45,25.206545993621916
Batch_1,4ih2ggld,full_resolution,1,4991,323,323,32,90,55.234917236089444
Batch_1,4ih2ggld,full_resolution,1,4991,323,323,32,135,22.78993341920365
Batch_1,4ih2ggld,full_resolution,1,4991,323,323,64,0,91.04339528478683
Batch_1,4ih2ggld,full_resolution,1,4991,323,323,64,45,131.36076371537547
Batch_1,4ih2ggld,full_resolution,1,4991,323,323,64,90,449.6836550567251
Batch_1,4ih2ggld,full_resolution,1,4991,323,323,64,135,78.52326909233359
Batch_1,4ih2ggld,full_resolution,2,1493,1481,1481,16,0,10.503248651630193
Batch_1,4ih2ggld,full_resolution,2,1493,1481,1481,16,45,9.843971057268094
Batch_1,4ih2ggld,full_resolution,2,1493,1481,1481,16,90,10.471893691797204
Batch_1,4ih2ggld,full_resolution,2,1493,1481,1481,16,135,12.192081322021524
Batch_1,4ih2ggld,full_resolution,2,1493,1481,1481,32,0,21.869672394416543
Batch_1,4ih2ggld,full_resolution,2,1493,1481,1481,32,45,24.738698991370974
Batch_1,4ih2ggld,full_resolution,2,1493,1481,1481,32,90,23.24212939192124
Batch_1,4ih2ggld,full_resolution,2,1493,1481,1481,32,135,33.72825209905843
Batch_1,4ih2ggld,full_resolution,2,1493,1481,1481,64,0,40.33208080391539
Batch_1,4ih2ggld,full_resolution,2,1493,1481,1481,64,45,61.183642995191306
Batch_1,4ih2ggld,full_resolution,2,1493,1481,1481,64,90,51.4700246708552
Batch_1,4ih2ggld,full_resolution,2,1493,1481,1481,64,135,80.37980834995442
Batch_1,4ih2ggld,full_resolution,3,4991,1481,1481,16,0,9.424913267801124
Batch_1,4ih2ggld,full_resolution,3,4991,1481,1481,16,45,7.0615451161619065
Batch_1,4ih2ggld,full_resolution,3,4991,1481,1481,16,90,6.681823961963873
Batch_1,4ih2ggld,full_resolution,3,4991,1481,1481,16,135,9.885223338867974
Batch_1,4ih2ggld,full_resolution,3,4991,1481,1481,32,0,34.058674287431764
Batch_1,4ih2ggld,full_resolution,3,4991,1481,1481,32,45,29.83198631368503
Batch_1,4ih2ggld,full_resolution,3,4991,1481,1481,32,90,31.161988994160478
Batch_1,4ih2ggld,full_resolution,3,4991,1481,1481,32,135,35.18941692730394
Batch_1,4ih2ggld,full_resolution,3,4991,1481,1481,64,0,173.8883299933373
Batch_1,4ih2ggld,full_resolution,3,4991,1481,1481,64,45,61.34520755622563
Batch_1,4ih2ggld,full_resolution,3,4991,1481,1481,64,90,179.04239219387856
Batch_1,4ih2ggld,full_resolution,3,4991,1481,1481,64,135,134.29228127871067
Batch_1,4ih2ggld,gamma_075,0,1493,323,323,16,0,0.8353267657010633
Batch_1,4ih2ggld,gamma_075,0,1493,323,323,16,45,0.6104518396678463
Batch_1,4ih2ggld,gamma_075,0,1493,323,323,16,90,1.0182597770373574
Batch_1,4ih2ggld,gamma_075,0,1493,323,323,16,135,1.248788993258459
Batch_1,4ih2ggld,gamma_075,0,1493,323,323,32,0,2.886141860763016
Batch_1,4ih2ggld,gamma_075,0,1493,323,323,32,45,2.2257802531010853
Batch_1,4ih2ggld,gamma_075,0,1493,323,323,32,90,3.3032247047326395
Batch_1,4ih2ggld,gamma_075,0,1493,323,323,32,135,5.154701921732859
Batch_1,4ih2ggld,gamma_075,0,1493,323,323,64,0,10.54383274476897
Batch_1,4ih2ggld,gamma_075,0,1493,323,323,64,45,9.569446025066194
Batch_1,4ih2ggld,gamma_075,0,1493,323,323,64,90,26.34699223935497
Batch_1,4ih2ggld,gamma_075,0,1493,323,323,64,135,20.079687436850232
Batch_1,4ih2ggld,gamma_075,1,4991,323,323,16,0,0.9256777996738879
Batch_1,4ih2ggld,gamma_075,1,4991,323,323,16,45,1.539438699620688
Batch_1,4ih2ggld,gamma_075,1,4991,323,323,16,90,2.770816107756991
Batch_1,4ih2ggld,gamma_075,1,4991,323,323,16,135,1.1108629907264898
Batch_1,4ih2ggld,gamma_075,1,4991,323,323,32,0,5.463576320906478
Batch_1,4ih2ggld,gamma_075,1,4991,323,323,32,45,7.331596709030897
Batch_1,4ih2ggld,gamma_075,1,4991,323,323,32,90,15.990316125606803
Batch_1,4ih2ggld,gamma_075,1,4991,323,323,32,135,6.148109762028948
Batch_1,4ih2ggld,gamma_075,1,4991,323,323,64,0,24.824190497101036
Batch_1,4ih2ggld,gamma_075,1,4991,323,323,64,45,40.38533574550921
Batch_1,4ih2ggld,gamma_075,1,4991,323,323,64,90,130.59259473821436
Batch_1,4ih2ggld,gamma_075,1,4991,323,323,64,135,23.58949349641482
Batch_1,4ih2ggld,gamma_075,2,1493,1481,1481,16,0,3.4725771369845755
Batch_1,4ih2ggld,gamma_075,2,1493,1481,1481,16,45,3.2462684306348337
Batch_1,4ih2ggld,gamma_075,2,1493,1481,1481,16,90,3.526974717134132
Batch_1,4ih2ggld,gamma_075,2,1493,1481,1481,16,135,3.9917601273515957
Batch_1,4ih2ggld,gamma_075,2,1493,1481,1481,32,0,7.66483483506763
Batch_1,4ih2ggld,gamma_075,2,1493,1481,1481,32,45,8.264152610456824
Batch_1,4ih2ggld,gamma_075,2,1493,1481,1481,32,90,8.072757526345647
Batch_1,4ih2ggld,gamma_075,2,1493,1481,1481,32,135,11.619832303250325
Batch_1,4ih2ggld,gamma_075,2,1493,1481,1481,64,0,14.068651603070798
Batch_1,4ih2ggld,gamma_075,2,1493,1481,1481,64,45,19.292871214257215
Batch_1,4ih2ggld,gamma_075,2,1493,1481,1481,64,90,17.80097506803771
Batch_1,4ih2ggld,gamma_075,2,1493,1481,1481,64,135,27.34168908542599
Batch_1,4ih2ggld,gamma_075,3,4991,1481,1481,16,0,2.8215691296641006
Batch_1,4ih2ggld,gamma_075,3,4991,1481,1481,16,45,1.9937699803660982
Batch_1,4ih2ggld,gamma_075,3,4991,1481,1481,16,90,1.9632248001863635
Batch_1,4ih2ggld,gamma_075,3,4991,1481,1481,16,135,2.9408571692953047
Batch_1,4ih2ggld,gamma_075,3,4991,1481,1481,32,0,10.815169464118787
Batch_1,4ih2ggld,gamma_075,3,4991,1481,1481,32,45,8.959493517580135
Batch_1,4ih2ggld,gamma_075,3,4991,1481,1481,32,90,9.511843927770098
Batch_1,4ih2ggld,gamma_075,3,4991,1481,1481,32,135,11.129321680906246
Batch_1,4ih2ggld,gamma_075,3,4991,1481,1481,64,0,61.02992118300874
Batch_1,4ih2ggld,gamma_075,3,4991,1481,1481,64,45,18.712261232874624
Batch_1,4ih2ggld,gamma_075,3,4991,1481,1481,64,90,53.57831203848771
Batch_1,4ih2ggld,gamma_075,3,4991,1481,1481,64,135,38.57056073041871
Batch_1,4ih2ggld,gamma_125,0,1493,323,323,16,0,0.9382642434654184
Batch_1,4ih2ggld,gamma_125,0,1493,323,323,16,45,0.7211754385928719
Batch_1,4ih2ggld,gamma_125,0,1493,323,323,16,90,1.0958207655161627
Batch_1,4ih2ggld,gamma_125,0,1493,323,323,16,135,1.148720619200468
Batch_1,4ih2ggld,gamma_125,0,1493,323,323,32,0,2.9593523617213457
Batch_1,4ih2ggld,gamma_125,0,1493,323,323,32,45,2.2828177623861916
Batch_1,4ih2ggld,gamma_125,0,1493,323,323,32,90,3.4620207267885257
Batch_1,4ih2ggld,gamma_125,0,1493,323,323,32,135,4.361695212850249
Batch_1,4ih2ggld,gamma_125,0,1493,323,323,64,0,11.789687505465421
Batch_1,4ih2ggld,gamma_125,0,1493,323,323,64,45,9.497300874536188
Batch_1,4ih2ggld,gamma_125,0,1493,323,323,64,90,25.255133569284066
Batch_1,4ih2ggld,gamma_125,0,1493,323,323,64,135,18.4320585764974
Batch_1,4ih2ggld,gamma_125,1,4991,323,323,16,0,1.2049819631637186
Batch_1,4ih2ggld,gamma_125,1,4991,323,323,16,45,1.7533692120051974
Batch_1,4ih2ggld,gamma_125,1,4991,323,323,16,90,3.2307939891027644
Batch_1,4ih2ggld,gamma_125,1,4991,323,323,16,135,1.3918024849938408
Batch_1,4ih2ggld,gamma_125,1,4991,323,323,32,0,6.498266759196539
Batch_1,4ih2ggld,gamma_125,1,4991,323,323,32,45,7.8933583903839075
Batch_1,4ih2ggld,gamma_125,1,4991,323,323,32,90,17.337773625155815
Batch_1,4ih2ggld,gamma_125,1,4991,323,323,32,135,7.609759879935658
Batch_1,4ih2ggld,gamma_125,1,4991,323,323,64,0,30.429084086571443
Batch_1,4ih2ggld,gamma_125,1,4991,323,323,64,45,39.77740707123041
Batch_1,4ih2ggld,gamma_125,1,4991,323,323,64,90,142.97075582342356
Batch_1,4ih2ggld,gamma_125,1,4991,323,323,64,135,24.728847795931607
Batch_1,4ih2ggld,gamma_125,2,1493,1481,1481,16,0,3.6750689121177733
Batch_1,4ih2ggld,gamma_125,2,1493,1481,1481,16,45,3.4938464538157565
Batch_1,4ih2ggld,gamma_125,2,1493,1481,1481,16,90,3.651690939386272
Batch_1,4ih2ggld,gamma_125,2,1493,1481,1481,16,135,4.341414090665385
Batch_1,4ih2ggld,gamma_125,2,1493,1481,1481,32,0,7.715673670835121
Batch_1,4ih2ggld,gamma_125,2,1493,1481,1481,32,45,9.063983240294514
Batch_1,4ih2ggld,gamma_125,2,1493,1481,1481,32,90,8.161185299945853
Batch_1,4ih2ggld,gamma_125,2,1493,1481,1481,32,135,12.1656481725863
Batch_1,4ih2ggld,gamma_125,2,1493,1481,1481,64,0,14.400245211268146
Batch_1,4ih2ggld,gamma_125,2,1493,1481,1481,64,45,23.87033761139112
Batch_1,4ih2ggld,gamma_125,2,1493,1481,1481,64,90,18.72784031452346
Batch_1,4ih2ggld,gamma_125,2,1493,1481,1481,64,135,29.620435984413874
Batch_1,4ih2ggld,gamma_125,3,4991,1481,1481,16,0,2.930145865395577
Batch_1,4ih2ggld,gamma_125,3,4991,1481,1481,16,45,2.3448378421808376
Batch_1,4ih2ggld,gamma_125,3,4991,1481,1481,16,90,2.1359951115140943
Batch_1,4ih2ggld,gamma_125,3,4991,1481,1481,16,135,3.1027035386014274
Batch_1,4ih2ggld,gamma_125,3,4991,1481,1481,32,0,10.668370424924229
Batch_1,4ih2ggld,gamma_125,3,4991,1481,1481,32,45,9.726402594578326
Batch_1,4ih2ggld,gamma_125,3,4991,1481,1481,32,90,9.942755170211186
Batch_1,4ih2ggld,gamma_125,3,4991,1481,1481,32,135,10.916731634869862
Batch_1,4ih2ggld,gamma_125,3,4991,1481,1481,64,0,50.68121621964722
Batch_1,4ih2ggld,gamma_125,3,4991,1481,1481,64,45,19.78938007109902
Batch_1,4ih2ggld,gamma_125,3,4991,1481,1481,64,90,58.5478068215223
Batch_1,4ih2ggld,gamma_125,3,4991,1481,1481,64,135,45.10655631517111
Batch_1,4ih2ggld,affine,0,1493,323,323,16,0,0.8908145694889307
Batch_1,4ih2ggld,affine,0,1493,323,323,16,45,0.670316001306002
Batch_1,4ih2ggld,affine,0,1493,323,323,16,90,1.0667572493110418
Batch_1,4ih2ggld,affine,0,1493,323,323,16,135,1.1920503743572974
Batch_1,4ih2ggld,affine,0,1493,323,323,32,0,2.9124448046394424
Batch_1,4ih2ggld,affine,0,1493,323,323,32,45,2.2526787982481333
Batch_1,4ih2ggld,affine,0,1493,323,323,32,90,3.381481712075294
Batch_1,4ih2ggld,affine,0,1493,323,323,32,135,4.704258152499945
Batch_1,4ih2ggld,affine,0,1493,323,323,64,0,11.13913451917092
Batch_1,4ih2ggld,affine,0,1493,323,323,64,45,9.457121593495554
Batch_1,4ih2ggld,affine,0,1493,323,323,64,90,25.496191811741348
Batch_1,4ih2ggld,affine,0,1493,323,323,64,135,19.231012767837615
Batch_1,4ih2ggld,affine,1,4991,323,323,16,0,1.077729281493782
Batch_1,4ih2ggld,affine,1,4991,323,323,16,45,1.6659925276235077
Batch_1,4ih2ggld,affine,1,4991,323,323,16,90,3.0284522965452463
Batch_1,4ih2ggld,affine,1,4991,323,323,16,135,1.2678872414613251
Batch_1,4ih2ggld,affine,1,4991,323,323,32,0,6.048912237800977
Batch_1,4ih2ggld,affine,1,4991,323,323,32,45,7.693685071662203
Batch_1,4ih2ggld,affine,1,4991,323,323,32,90,16.865693473968708
Batch_1,4ih2ggld,affine,1,4991,323,323,32,135,6.964118897669696
Batch_1,4ih2ggld,affine,1,4991,323,323,64,0,27.988284562883567
Batch_1,4ih2ggld,affine,1,4991,323,323,64,45,40.29116377331227
Batch_1,4ih2ggld,affine,1,4991,323,323,64,90,138.06702888987465
Batch_1,4ih2ggld,affine,1,4991,323,323,64,135,24.1192056146783
Batch_1,4ih2ggld,affine,2,1493,1481,1481,16,0,3.6149753170929797
Batch_1,4ih2ggld,affine,2,1493,1481,1481,16,45,3.4075178163380615
Batch_1,4ih2ggld,affine,2,1493,1481,1481,16,90,3.6267569019450456
Batch_1,4ih2ggld,affine,2,1493,1481,1481,16,135,4.209356658237014
Batch_1,4ih2ggld,affine,2,1493,1481,1481,32,0,7.7782620958752435
Batch_1,4ih2ggld,affine,2,1493,1481,1481,32,45,8.794395854481388
Batch_1,4ih2ggld,affine,2,1493,1481,1481,32,90,8.211973996596228
Batch_1,4ih2ggld,affine,2,1493,1481,1481,32,135,12.01215329388808
Batch_1,4ih2ggld,affine,2,1493,1481,1481,64,0,14.411065861770973
Batch_1,4ih2ggld,affine,2,1493,1481,1481,64,45,21.850740335912384
Batch_1,4ih2ggld,affine,2,1493,1481,1481,64,90,18.385955636651833
Batch_1,4ih2ggld,affine,2,1493,1481,1481,64,135,28.698729201961978
Batch_1,4ih2ggld,affine,3,4991,1481,1481,16,0,2.903996646740921
Batch_1,4ih2ggld,affine,3,4991,1481,1481,16,45,2.183638419165878
Batch_1,4ih2ggld,affine,3,4991,1481,1481,16,90,2.0666935913455977
Batch_1,4ih2ggld,affine,3,4991,1481,1481,16,135,3.0507203369734555
Batch_1,4ih2ggld,affine,3,4991,1481,1481,32,0,10.765988737803994
Batch_1,4ih2ggld,affine,3,4991,1481,1481,32,45,9.388596842423699
Batch_1,4ih2ggld,affine,3,4991,1481,1481,32,90,9.808368001451786
Batch_1,4ih2ggld,affine,3,4991,1481,1481,32,135,11.067109421682439
Batch_1,4ih2ggld,affine,3,4991,1481,1481,64,0,55.13561876046615
Batch_1,4ih2ggld,affine,3,4991,1481,1481,64,45,19.443919016849314
Batch_1,4ih2ggld,affine,3,4991,1481,1481,64,90,56.78674566349997
Batch_1,4ih2ggld,affine,3,4991,1481,1481,64,135,42.59020840820283
Batch_1,5n1q8atc,nominal,0,1494,323,323,16,0,2.7407373210685804
Batch_1,5n1q8atc,nominal,0,1494,323,323,16,45,2.2879530436179327
Batch_1,5n1q8atc,nominal,0,1494,323,323,16,90,2.530118106004236
Batch_1,5n1q8atc,nominal,0,1494,323,323,16,135,2.9188473597096514
Batch_1,5n1q8atc,nominal,0,1494,323,323,32,0,7.237267931573651
Batch_1,5n1q8atc,nominal,0,1494,323,323,32,45,6.417384030788675
Batch_1,5n1q8atc,nominal,0,1494,323,323,32,90,13.853743248643845
Batch_1,5n1q8atc,nominal,0,1494,323,323,32,135,15.01123472348665
Batch_1,5n1q8atc,nominal,0,1494,323,323,64,0,17.85877653079664
Batch_1,5n1q8atc,nominal,0,1494,323,323,64,45,26.757687170133607
Batch_1,5n1q8atc,nominal,0,1494,323,323,64,90,51.327350299601946
Batch_1,5n1q8atc,nominal,0,1494,323,323,64,135,63.88652006311041
Batch_1,5n1q8atc,nominal,1,4994,323,323,16,0,2.00358295084626
Batch_1,5n1q8atc,nominal,1,4994,323,323,16,45,1.8013938297272927
Batch_1,5n1q8atc,nominal,1,4994,323,323,16,90,1.9664270391341976
Batch_1,5n1q8atc,nominal,1,4994,323,323,16,135,1.6216650726376258
Batch_1,5n1q8atc,nominal,1,4994,323,323,32,0,5.909206890473763
Batch_1,5n1q8atc,nominal,1,4994,323,323,32,45,7.737156226167428
Batch_1,5n1q8atc,nominal,1,4994,323,323,32,90,8.709036122918725
Batch_1,5n1q8atc,nominal,1,4994,323,323,32,135,7.62777225791662
Batch_1,5n1q8atc,nominal,1,4994,323,323,64,0,26.25593632117258
Batch_1,5n1q8atc,nominal,1,4994,323,323,64,45,25.53186485279559
Batch_1,5n1q8atc,nominal,1,4994,323,323,64,90,39.937299278288236
Batch_1,5n1q8atc,nominal,1,4994,323,323,64,135,37.85617340446106
Batch_1,5n1q8atc,nominal,2,1494,1481,1481,16,0,1.38526562125968
Batch_1,5n1q8atc,nominal,2,1494,1481,1481,16,45,1.8940121500403027
Batch_1,5n1q8atc,nominal,2,1494,1481,1481,16,90,1.431345980813396
Batch_1,5n1q8atc,nominal,2,1494,1481,1481,16,135,1.220773248448032
Batch_1,5n1q8atc,nominal,2,1494,1481,1481,32,0,7.315645633973139
Batch_1,5n1q8atc,nominal,2,1494,1481,1481,32,45,9.197848044433803
Batch_1,5n1q8atc,nominal,2,1494,1481,1481,32,90,8.862863869785942
Batch_1,5n1q8atc,nominal,2,1494,1481,1481,32,135,6.064898554928455
Batch_1,5n1q8atc,nominal,2,1494,1481,1481,64,0,55.23610999678862
Batch_1,5n1q8atc,nominal,2,1494,1481,1481,64,45,62.384811787259984
Batch_1,5n1q8atc,nominal,2,1494,1481,1481,64,90,47.25606468245928
Batch_1,5n1q8atc,nominal,2,1494,1481,1481,64,135,37.21805708177286
Batch_1,5n1q8atc,nominal,3,4994,1481,1481,16,0,2.4457734788914776
Batch_1,5n1q8atc,nominal,3,4994,1481,1481,16,45,2.089328117614716
Batch_1,5n1q8atc,nominal,3,4994,1481,1481,16,90,1.7370697101574775
Batch_1,5n1q8atc,nominal,3,4994,1481,1481,16,135,1.1921017622497359
Batch_1,5n1q8atc,nominal,3,4994,1481,1481,32,0,18.814686962105995
Batch_1,5n1q8atc,nominal,3,4994,1481,1481,32,45,10.02139309898702
Batch_1,5n1q8atc,nominal,3,4994,1481,1481,32,90,7.202329098520965
Batch_1,5n1q8atc,nominal,3,4994,1481,1481,32,135,6.265580152095742
Batch_1,5n1q8atc,nominal,3,4994,1481,1481,64,0,131.77062811675535
Batch_1,5n1q8atc,nominal,3,4994,1481,1481,64,45,63.52958005297617
Batch_1,5n1q8atc,nominal,3,4994,1481,1481,64,90,28.884911946159672
Batch_1,5n1q8atc,nominal,3,4994,1481,1481,64,135,27.914669398048844
Batch_1,5n1q8atc,full_resolution,0,1494,323,323,16,0,8.228479339801996
Batch_1,5n1q8atc,full_resolution,0,1494,323,323,16,45,6.820135689738822
Batch_1,5n1q8atc,full_resolution,0,1494,323,323,16,90,7.540771013833935
Batch_1,5n1q8atc,full_resolution,0,1494,323,323,16,135,8.769654687727785
Batch_1,5n1q8atc,full_resolution,0,1494,323,323,32,0,21.08619118070633
Batch_1,5n1q8atc,full_resolution,0,1494,323,323,32,45,18.64837421824766
Batch_1,5n1q8atc,full_resolution,0,1494,323,323,32,90,40.38885729625579
Batch_1,5n1q8atc,full_resolution,0,1494,323,323,32,135,43.75027423665125
Batch_1,5n1q8atc,full_resolution,0,1494,323,323,64,0,51.71219798618172
Batch_1,5n1q8atc,full_resolution,0,1494,323,323,64,45,77.50232293675899
Batch_1,5n1q8atc,full_resolution,0,1494,323,323,64,90,148.50446527348112
Batch_1,5n1q8atc,full_resolution,0,1494,323,323,64,135,185.16372858535877
Batch_1,5n1q8atc,full_resolution,1,4994,323,323,16,0,6.708152496425589
Batch_1,5n1q8atc,full_resolution,1,4994,323,323,16,45,6.0357520235219155
Batch_1,5n1q8atc,full_resolution,1,4994,323,323,16,90,6.560029912270434
Batch_1,5n1q8atc,full_resolution,1,4994,323,323,16,135,5.426101443630566
Batch_1,5n1q8atc,full_resolution,1,4994,323,323,32,0,19.33001353381415
Batch_1,5n1q8atc,full_resolution,1,4994,323,323,32,45,25.333807220279
Batch_1,5n1q8atc,full_resolution,1,4994,323,323,32,90,28.475647995711537
Batch_1,5n1q8atc,full_resolution,1,4994,323,323,32,135,24.919984627593845
Batch_1,5n1q8atc,full_resolution,1,4994,323,323,64,0,85.29949224136634
Batch_1,5n1q8atc,full_resolution,1,4994,323,323,64,45,83.01374365728246
Batch_1,5n1q8atc,full_resolution,1,4994,323,323,64,90,129.75128822127039
Batch_1,5n1q8atc,full_resolution,1,4994,323,323,64,135,123.0183066457652
Batch_1,5n1q8atc,full_resolution,2,1494,1481,1481,16,0,4.662818245507288
Batch_1,5n1q8atc,full_resolution,2,1494,1481,1481,16,45,6.359157480605639
Batch_1,5n1q8atc,full_resolution,2,1494,1481,1481,16,90,4.784896493659317
Batch_1,5n1q8atc,full_resolution,2,1494,1481,1481,16,135,4.109403835013146
Batch_1,5n1q8atc,full_resolution,2,1494,1481,1481,32,0,23.9295854571474
Batch_1,5n1q8atc,full_resolution,2,1494,1481,1481,32,45,30.12931271649347
Batch_1,5n1q8atc,full_resolution,2,1494,1481,1481,32,90,29.02582809995372
Batch_1,5n1q8atc,full_resolution,2,1494,1481,1481,32,135,19.905829467888537
Batch_1,5n1q8atc,full_resolution,2,1494,1481,1481,64,0,180.01503340094752
Batch_1,5n1q8atc,full_resolution,2,1494,1481,1481,64,45,203.15564805715061
Batch_1,5n1q8atc,full_resolution,2,1494,1481,1481,64,90,154.23425600144992
Batch_1,5n1q8atc,full_resolution,2,1494,1481,1481,64,135,121.34973969949587
Batch_1,5n1q8atc,full_resolution,3,4994,1481,1481,16,0,8.354415034627486
Batch_1,5n1q8atc,full_resolution,3,4994,1481,1481,16,45,7.091573945816334
Batch_1,5n1q8atc,full_resolution,3,4994,1481,1481,16,90,5.928092533643443
Batch_1,5n1q8atc,full_resolution,3,4994,1481,1481,16,135,4.074520786518558
Batch_1,5n1q8atc,full_resolution,3,4994,1481,1481,32,0,62.809112378864505
Batch_1,5n1q8atc,full_resolution,3,4994,1481,1481,32,45,33.36056676929448
Batch_1,5n1q8atc,full_resolution,3,4994,1481,1481,32,90,24.00906134092848
Batch_1,5n1q8atc,full_resolution,3,4994,1481,1481,32,135,20.95404638925268
Batch_1,5n1q8atc,full_resolution,3,4994,1481,1481,64,0,437.52653392616446
Batch_1,5n1q8atc,full_resolution,3,4994,1481,1481,64,45,210.8029036013181
Batch_1,5n1q8atc,full_resolution,3,4994,1481,1481,64,90,95.98085883360403
Batch_1,5n1q8atc,full_resolution,3,4994,1481,1481,64,135,92.7613385314966
Batch_1,5n1q8atc,gamma_075,0,1494,323,323,16,0,2.677603457694458
Batch_1,5n1q8atc,gamma_075,0,1494,323,323,16,45,2.1977633476656013
Batch_1,5n1q8atc,gamma_075,0,1494,323,323,16,90,2.6224867650585497
Batch_1,5n1q8atc,gamma_075,0,1494,323,323,16,135,3.046823954909415
Batch_1,5n1q8atc,gamma_075,0,1494,323,323,32,0,7.816468450449321
Batch_1,5n1q8atc,gamma_075,0,1494,323,323,32,45,6.600516797703608
Batch_1,5n1q8atc,gamma_075,0,1494,323,323,32,90,16.319249076548825
Batch_1,5n1q8atc,gamma_075,0,1494,323,323,32,135,17.9141472814468
Batch_1,5n1q8atc,gamma_075,0,1494,323,323,64,0,19.312725052747545
Batch_1,5n1q8atc,gamma_075,0,1494,323,323,64,45,29.026597881317265
Batch_1,5n1q8atc,gamma_075,0,1494,323,323,64,90,65.9172338078517
Batch_1,5n1q8atc,gamma_075,0,1494,323,323,64,135,82.33915483970043
Batch_1,5n1q8atc,gamma_075,1,4994,323,323,16,0,2.1988785031349662
Batch_1,5n1q8atc,gamma_075,1,4994,323,323,16,45,1.9898056372669806
Batch_1,5n1q8atc,gamma_075,1,4994,323,323,16,90,2.144776438739033
Batch_1,5n1q8atc,gamma_075,1,4994,323,323,16,135,1.7094557483024955
Batch_1,5n1q8atc,gamma_075,1,4994,323,323,32,0,6.465295726831007
Batch_1,5n1q8atc,gamma_075,1,4994,323,323,32,45,8.11270602933423
Batch_1,5n1q8atc,gamma_075,1,4994,323,323,32,90,9.426521455347908
Batch_1,5n1q8atc,gamma_075,1,4994,323,323,32,135,8.230255112318646
Batch_1,5n1q8atc,gamma_075,1,4994,323,323,64,0,29.90091887708816
Batch_1,5n1q8atc,gamma_075,1,4994,323,323,64,45,27.941071635467893
Batch_1,5n1q8atc,gamma_075,1,4994,323,323,64,90,44.61811752112763
Batch_1,5n1q8atc,gamma_075,1,4994,323,323,64,135,42.328812338612316
Batch_1,5n1q8atc,gamma_075,2,1494,1481,1481,16,0,1.262057234985663
Batch_1,5n1q8atc,gamma_075,2,1494,1481,1481,16,45,1.8856945857155574
Batch_1,5n1q8atc,gamma_075,2,1494,1481,1481,16,90,1.3649550309082983
Batch_1,5n1q8atc,gamma_075,2,1494,1481,1481,16,135,1.0919921225777354
Batch_1,5n1q8atc,gamma_075,2,1494,1481,1481,32,0,7.142370921745101
Batch_1,5n1q8atc,gamma_075,2,1494,1481,1481,32,45,9.579162641570475
Batch_1,5n1q8atc,gamma_075,2,1494,1481,1481,32,90,9.19262921709251
Batch_1,5n1q8atc,gamma_075,2,1494,1481,1481,32,135,6.124807125273156
Batch_1,5n1q8atc,gamma_075,2,1494,1481,1481,64,0,57.673264750788945
Batch_1,5n1q8atc,gamma_075,2,1494,1481,1481,64,45,67.14864968977147
Batch_1,5n1q8atc,gamma_075,2,1494,1481,1481,64,90,50.51942842312585
Batch_1,5n1q8atc,gamma_075,2,1494,1481,1481,64,135,41.901461842227775
Batch_1,5n1q8atc,gamma_075,3,4994,1481,1481,16,0,2.4278093965577043
Batch_1,5n1q8atc,gamma_075,3,4994,1481,1481,16,45,2.1604599556332995
Batch_1,5n1q8atc,gamma_075,3,4994,1481,1481,16,90,1.801891799011279
Batch_1,5n1q8atc,gamma_075,3,4994,1481,1481,16,135,1.2229129653283846
Batch_1,5n1q8atc,gamma_075,3,4994,1481,1481,32,0,19.63160101670568
Batch_1,5n1q8atc,gamma_075,3,4994,1481,1481,32,45,11.187489984224987
Batch_1,5n1q8atc,gamma_075,3,4994,1481,1481,32,90,7.697493980402682
Batch_1,5n1q8atc,gamma_075,3,4994,1481,1481,32,135,6.427504634046582
Batch_1,5n1q8atc,gamma_075,3,4994,1481,1481,64,0,144.52416276441556
Batch_1,5n1q8atc,gamma_075,3,4994,1481,1481,64,45,71.94744751836137
Batch_1,5n1q8atc,gamma_075,3,4994,1481,1481,64,90,32.72672401067566
Batch_1,5n1q8atc,gamma_075,3,4994,1481,1481,64,135,27.310574360617395
Batch_1,5n1q8atc,gamma_125,0,1494,323,323,16,0,2.7624394136547044
Batch_1,5n1q8atc,gamma_125,0,1494,323,323,16,45,2.364458797694621
Batch_1,5n1q8atc,gamma_125,0,1494,323,323,16,90,2.46081967937663
Batch_1,5n1q8atc,gamma_125,0,1494,323,323,16,135,2.8106496688953824
Batch_1,5n1q8atc,gamma_125,0,1494,323,323,32,0,6.794798741551194
Batch_1,5n1q8atc,gamma_125,0,1494,323,323,32,45,6.305753658037771
Batch_1,5n1q8atc,gamma_125,0,1494,323,323,32,90,12.271747804248907
Batch_1,5n1q8atc,gamma_125,0,1494,323,323,32,135,13.105680827193487
Batch_1,5n1q8atc,gamma_125,0,1494,323,323,64,0,17.216694967111764
Batch_1,5n1q8atc,gamma_125,0,1494,323,323,64,45,25.55318196813081
Batch_1,5n1q8atc,gamma_125,0,1494,323,323,64,90,42.159366301897634
Batch_1,5n1q8atc,gamma_125,0,1494,323,323,64,135,52.47454640832923
Batch_1,5n1q8atc,gamma_125,1,4994,323,323,16,0,1.8644497806056792
Batch_1,5n1q8atc,gamma_125,1,4994,323,323,16,45,1.6694305648026961
Batch_1,5n1q8atc,gamma_125,1,4994,323,323,16,90,1.8222930477405996
Batch_1,5n1q8atc,gamma_125,1,4994,323,323,16,135,1.5491430506567383
Batch_1,5n1q8atc,gamma_125,1,4994,323,323,32,0,5.541935268008969
Batch_1,5n1q8atc,gamma_125,1,4994,323,323,32,45,7.412629207322632
Batch_1,5n1q8atc,gamma_125,1,4994,323,323,32,90,8.131320362245058
Batch_1,5n1q8atc,gamma_125,1,4994,323,323,32,135,7.120009406493715
Batch_1,5n1q8atc,gamma_125,1,4994,323,323,64,0,23.97582129646145
Batch_1,5n1q8atc,gamma_125,1,4994,323,323,64,45,24.12426432858592
Batch_1,5n1q8atc,gamma_125,1,4994,323,323,64,90,36.82590399527826
Batch_1,5n1q8atc,gamma_125,1,4994,323,323,64,135,34.69926081007918
Batch_1,5n1q8atc,gamma_125,2,1494,1481,1481,16,0,1.5187025383484558
Batch_1,5n1q8atc,gamma_125,2,1494,1481,1481,16,45,1.895541587163587
Batch_1,5n1q8atc,gamma_125,2,1494,1481,1481,16,90,1.4784987779149705
Batch_1,5n1q8atc,gamma_125,2,1494,1481,1481,16,135,1.3329004358643197
Batch_1,5n1q8atc,gamma_125,2,1494,1481,1481,32,0,7.539189170604261
Batch_1,5n1q8atc,gamma_125,2,1494,1481,1481,32,45,8.785446516786912
Batch_1,5n1q8atc,gamma_125,2,1494,1481,1481,32,90,8.527816600312997
Batch_1,5n1q8atc,gamma_125,2,1494,1481,1481,32,135,6.079366531686829
Batch_1,5n1q8atc,gamma_125,2,1494,1481,1481,64,0,53.03253290274493
Batch_1,5n1q8atc,gamma_125,2,1494,1481,1481,64,45,57.90905036230824
Batch_1,5n1q8atc,gamma_125,2,1494,1481,1481,64,90,44.4248413023776
Batch_1,5n1q8atc,gamma_125,2,1494,1481,1481,64,135,33.82095979071244
Batch_1,5n1q8atc,gamma_125,3,4994,1481,1481,16,0,2.44834326995426
Batch_1,5n1q8atc,gamma_125,3,4994,1481,1481,16,45,2.0487336239332232
Batch_1,5n1q8atc,gamma_125,3,4994,1481,1481,16,90,1.6914192358731228
Batch_1,5n1q8atc,gamma_125,3,4994,1481,1481,16,135,1.1643120666712328
Batch_1,5n1q8atc,gamma_125,3,4994,1481,1481,32,0,18.085232881094903
Batch_1,5n1q8atc,gamma_125,3,4994,1481,1481,32,45,9.25792178304139
Batch_1,5n1q8atc,gamma_125,3,4994,1481,1481,32,90,6.884946208243325
Batch_1,5n1q8atc,gamma_125,3,4994,1481,1481,32,135,6.041174459183739
Batch_1,5n1q8atc,gamma_125,3,4994,1481,1481,64,0,120.46027686239786
Batch_1,5n1q8atc,gamma_125,3,4994,1481,1481,64,45,56.22655804394707
Batch_1,5n1q8atc,gamma_125,3,4994,1481,1481,64,90,26.24877472838963
Batch_1,5n1q8atc,gamma_125,3,4994,1481,1481,64,135,28.00974661297482
Batch_1,5n1q8atc,affine,0,1494,323,323,16,0,2.7407373210685795
Batch_1,5n1q8atc,affine,0,1494,323,323,16,45,2.2879530436179323
Batch_1,5n1q8atc,affine,0,1494,323,323,16,90,2.530118106004236
Batch_1,5n1q8atc,affine,0,1494,323,323,16,135,2.9188473597096514
Batch_1,5n1q8atc,affine,0,1494,323,323,32,0,7.237267931573651
Batch_1,5n1q8atc,affine,0,1494,323,323,32,45,6.417384030788675
Batch_1,5n1q8atc,affine,0,1494,323,323,32,90,13.853743248643845
Batch_1,5n1q8atc,affine,0,1494,323,323,32,135,15.01123472348665
Batch_1,5n1q8atc,affine,0,1494,323,323,64,0,17.85877653079664
Batch_1,5n1q8atc,affine,0,1494,323,323,64,45,26.757687170133607
Batch_1,5n1q8atc,affine,0,1494,323,323,64,90,51.327350299601946
Batch_1,5n1q8atc,affine,0,1494,323,323,64,135,63.88652006311041
Batch_1,5n1q8atc,affine,1,4994,323,323,16,0,2.00358295084626
Batch_1,5n1q8atc,affine,1,4994,323,323,16,45,1.801393829727293
Batch_1,5n1q8atc,affine,1,4994,323,323,16,90,1.9664270391341976
Batch_1,5n1q8atc,affine,1,4994,323,323,16,135,1.621665072637626
Batch_1,5n1q8atc,affine,1,4994,323,323,32,0,5.909206890473763
Batch_1,5n1q8atc,affine,1,4994,323,323,32,45,7.737156226167428
Batch_1,5n1q8atc,affine,1,4994,323,323,32,90,8.709036122918725
Batch_1,5n1q8atc,affine,1,4994,323,323,32,135,7.627772257916621
Batch_1,5n1q8atc,affine,1,4994,323,323,64,0,26.25593632117258
Batch_1,5n1q8atc,affine,1,4994,323,323,64,45,25.53186485279559
Batch_1,5n1q8atc,affine,1,4994,323,323,64,90,39.937299278288236
Batch_1,5n1q8atc,affine,1,4994,323,323,64,135,37.85617340446106
Batch_1,5n1q8atc,affine,2,1494,1481,1481,16,0,1.38526562125968
Batch_1,5n1q8atc,affine,2,1494,1481,1481,16,45,1.8940121500403027
Batch_1,5n1q8atc,affine,2,1494,1481,1481,16,90,1.431345980813396
Batch_1,5n1q8atc,affine,2,1494,1481,1481,16,135,1.2207732484480318
Batch_1,5n1q8atc,affine,2,1494,1481,1481,32,0,7.315645633973137
Batch_1,5n1q8atc,affine,2,1494,1481,1481,32,45,9.197848044433803
Batch_1,5n1q8atc,affine,2,1494,1481,1481,32,90,8.86286386978594
Batch_1,5n1q8atc,affine,2,1494,1481,1481,32,135,6.064898554928452
Batch_1,5n1q8atc,affine,2,1494,1481,1481,64,0,55.23610999678862
Batch_1,5n1q8atc,affine,2,1494,1481,1481,64,45,62.38481178725997
Batch_1,5n1q8atc,affine,2,1494,1481,1481,64,90,47.256064682459275
Batch_1,5n1q8atc,affine,2,1494,1481,1481,64,135,37.21805708177286
Batch_1,5n1q8atc,affine,3,4994,1481,1481,16,0,2.445773478891478
Batch_1,5n1q8atc,affine,3,4994,1481,1481,16,45,2.0893281176147163
Batch_1,5n1q8atc,affine,3,4994,1481,1481,16,90,1.7370697101574777
Batch_1,5n1q8atc,affine,3,4994,1481,1481,16,135,1.1921017622497359
Batch_1,5n1q8atc,affine,3,4994,1481,1481,32,0,18.814686962105995
Batch_1,5n1q8atc,affine,3,4994,1481,1481,32,45,10.02139309898702
Batch_1,5n1q8atc,affine,3,4994,1481,1481,32,90,7.202329098520965
Batch_1,5n1q8atc,affine,3,4994,1481,1481,32,135,6.265580152095745
Batch_1,5n1q8atc,affine,3,4994,1481,1481,64,0,131.77062811675538
Batch_1,5n1q8atc,affine,3,4994,1481,1481,64,45,63.52958005297617
Batch_1,5n1q8atc,affine,3,4994,1481,1481,64,90,28.884911946159672
Batch_1,5n1q8atc,affine,3,4994,1481,1481,64,135,27.91466939804885
Batch_1,f1vzngrs,nominal,0,1494,281,281,16,0,1.4811114460855723
Batch_1,f1vzngrs,nominal,0,1494,281,281,16,45,1.9096999295405226
Batch_1,f1vzngrs,nominal,0,1494,281,281,16,90,1.4982056321646788
Batch_1,f1vzngrs,nominal,0,1494,281,281,16,135,1.301007715324302
Batch_1,f1vzngrs,nominal,0,1494,281,281,32,0,6.482282350624209
Batch_1,f1vzngrs,nominal,0,1494,281,281,32,45,7.052949153729633
Batch_1,f1vzngrs,nominal,0,1494,281,281,32,90,4.467735647417408
Batch_1,f1vzngrs,nominal,0,1494,281,281,32,135,7.6571711209964235
Batch_1,f1vzngrs,nominal,0,1494,281,281,64,0,32.431316726757466
Batch_1,f1vzngrs,nominal,0,1494,281,281,64,45,43.40300045773905
Batch_1,f1vzngrs,nominal,0,1494,281,281,64,90,17.50210716991143
Batch_1,f1vzngrs,nominal,0,1494,281,281,64,135,40.97776568260494
Batch_1,f1vzngrs,nominal,1,4994,281,281,16,0,0.7329765649975403
Batch_1,f1vzngrs,nominal,1,4994,281,281,16,45,0.9450835979829176
Batch_1,f1vzngrs,nominal,1,4994,281,281,16,90,1.3011617490387564
Batch_1,f1vzngrs,nominal,1,4994,281,281,16,135,1.016994372299222
Batch_1,f1vzngrs,nominal,1,4994,281,281,32,0,2.7840641227211593
Batch_1,f1vzngrs,nominal,1,4994,281,281,32,45,4.351033642402788
Batch_1,f1vzngrs,nominal,1,4994,281,281,32,90,8.942907593962481
Batch_1,f1vzngrs,nominal,1,4994,281,281,32,135,5.405834205876118
Batch_1,f1vzngrs,nominal,1,4994,281,281,64,0,21.10230758907413
Batch_1,f1vzngrs,nominal,1,4994,281,281,64,45,34.88353406531942
Batch_1,f1vzngrs,nominal,1,4994,281,281,64,90,91.01925858942712
Batch_1,f1vzngrs,nominal,1,4994,281,281,64,135,33.02732181559637
Batch_1,f1vzngrs,nominal,2,1494,1355,1355,16,0,1.1383625937312951
Batch_1,f1vzngrs,nominal,2,1494,1355,1355,16,45,1.3921114265794687
Batch_1,f1vzngrs,nominal,2,1494,1355,1355,16,90,1.759953575787182
Batch_1,f1vzngrs,nominal,2,1494,1355,1355,16,135,0.8255716695788236
Batch_1,f1vzngrs,nominal,2,1494,1355,1355,32,0,6.465112289365399
Batch_1,f1vzngrs,nominal,2,1494,1355,1355,32,45,11.75111135847029
Batch_1,f1vzngrs,nominal,2,1494,1355,1355,32,90,17.992079098061186
Batch_1,f1vzngrs,nominal,2,1494,1355,1355,32,135,5.201642193765968
Batch_1,f1vzngrs,nominal,2,1494,1355,1355,64,0,29.17433517680165
Batch_1,f1vzngrs,nominal,2,1494,1355,1355,64,45,77.07257129695252
Batch_1,f1vzngrs,nominal,2,1494,1355,1355,64,90,94.65128479006432
Batch_1,f1vzngrs,nominal,2,1494,1355,1355,64,135,17.479450751994694
Batch_1,f1vzngrs,nominal,3,4994,1355,1355,16,0,0.9089238767465798
Batch_1,f1vzngrs,nominal,3,4994,1355,1355,16,45,2.5764467727935365
Batch_1,f1vzngrs,nominal,3,4994,1355,1355,16,90,2.872540133160964
Batch_1,f1vzngrs,nominal,3,4994,1355,1355,16,135,0.8855500944107731
Batch_1,f1vzngrs,nominal,3,4994,1355,1355,32,0,7.272089194151215
Batch_1,f1vzngrs,nominal,3,4994,1355,1355,32,45,20.295743851923884
Batch_1,f1vzngrs,nominal,3,4994,1355,1355,32,90,22.244787770758304
Batch_1,f1vzngrs,nominal,3,4994,1355,1355,32,135,7.973434114420669
Batch_1,f1vzngrs,nominal,3,4994,1355,1355,64,0,28.001364495524967
Batch_1,f1vzngrs,nominal,3,4994,1355,1355,64,45,118.6828542063135
Batch_1,f1vzngrs,nominal,3,4994,1355,1355,64,90,95.6318665979995
Batch_1,f1vzngrs,nominal,3,4994,1355,1355,64,135,58.298133955801205
Batch_1,f1vzngrs,full_resolution,0,1494,281,281,16,0,5.147307160423199
Batch_1,f1vzngrs,full_resolution,0,1494,281,281,16,45,6.621693071273153
Batch_1,f1vzngrs,full_resolution,0,1494,281,281,16,90,5.179653549059535
Batch_1,f1vzngrs,full_resolution,0,1494,281,281,16,135,4.5059189112828815
Batch_1,f1vzngrs,full_resolution,0,1494,281,281,32,0,21.949317649603067
Batch_1,f1vzngrs,full_resolution,0,1494,281,281,32,45,23.904950383794656
Batch_1,f1vzngrs,full_resolution,0,1494,281,281,32,90,15.181650390801941
Batch_1,f1vzngrs,full_resolution,0,1494,281,281,32,135,25.947106755082988
Batch_1,f1vzngrs,full_resolution,0,1494,281,281,64,0,109.26522976833857
Batch_1,f1vzngrs,full_resolution,0,1494,281,281,64,45,146.10484147249014
Batch_1,f1vzngrs,full_resolution,0,1494,281,281,64,90,58.92423869470342
Batch_1,f1vzngrs,full_resolution,0,1494,281,281,64,135,137.86610537982315
Batch_1,f1vzngrs,full_resolution,1,4994,281,281,16,0,2.5293726999221415
Batch_1,f1vzngrs,full_resolution,1,4994,281,281,16,45,3.3200428151710715
Batch_1,f1vzngrs,full_resolution,1,4994,281,281,16,90,4.503278715789113
Batch_1,f1vzngrs,full_resolution,1,4994,281,281,16,135,3.5185021204195004
Batch_1,f1vzngrs,full_resolution,1,4994,281,281,32,0,9.459862609693152
Batch_1,f1vzngrs,full_resolution,1,4994,281,281,32,45,14.748579719562564
Batch_1,f1vzngrs,full_resolution,1,4994,281,281,32,90,30.382248096098127
Batch_1,f1vzngrs,full_resolution,1,4994,281,281,32,135,18.380055995873146
Batch_1,f1vzngrs,full_resolution,1,4994,281,281,64,0,71.27090382638384
Batch_1,f1vzngrs,full_resolution,1,4994,281,281,64,45,117.89165736995696
Batch_1,f1vzngrs,full_resolution,1,4994,281,281,64,90,307.40059460817866
Batch_1,f1vzngrs,full_resolution,1,4994,281,281,64,135,111.5596589299488
Batch_1,f1vzngrs,full_resolution,2,1494,1355,1355,16,0,3.959187427094123
Batch_1,f1vzngrs,full_resolution,2,1494,1355,1355,16,45,4.887611587293552
Batch_1,f1vzngrs,full_resolution,2,1494,1355,1355,16,90,6.1507086446868975
Batch_1,f1vzngrs,full_resolution,2,1494,1355,1355,16,135,2.8761013499704458
Batch_1,f1vzngrs,full_resolution,2,1494,1355,1355,32,0,22.26351149851683
Batch_1,f1vzngrs,full_resolution,2,1494,1355,1355,32,45,40.42366655479274
Batch_1,f1vzngrs,full_resolution,2,1494,1355,1355,32,90,61.902466618731886
Batch_1,f1vzngrs,full_resolution,2,1494,1355,1355,32,135,17.918998427558467
Batch_1,f1vzngrs,full_resolution,2,1494,1355,1355,64,0,99.97606031424885
Batch_1,f1vzngrs,full_resolution,2,1494,1355,1355,64,45,263.93903309602956
Batch_1,f1vzngrs,full_resolution,2,1494,1355,1355,64,90,323.93906309928127
Batch_1,f1vzngrs,full_resolution,2,1494,1355,1355,64,135,59.917489979936924
Batch_1,f1vzngrs,full_resolution,3,4994,1355,1355,16,0,2.7366798473479714
Batch_1,f1vzngrs,full_resolution,3,4994,1355,1355,16,45,7.745250713345979
Batch_1,f1vzngrs,full_resolution,3,4994,1355,1355,16,90,8.670983363425698
Batch_1,f1vzngrs,full_resolution,3,4994,1355,1355,16,135,2.64339586534975
Batch_1,f1vzngrs,full_resolution,3,4994,1355,1355,32,0,21.54836698338579
Batch_1,f1vzngrs,full_resolution,3,4994,1355,1355,32,45,59.9099348200506
Batch_1,f1vzngrs,full_resolution,3,4994,1355,1355,32,90,65.71286837039426
Batch_1,f1vzngrs,full_resolution,3,4994,1355,1355,32,135,23.524293594616392
Batch_1,f1vzngrs,full_resolution,3,4994,1355,1355,64,0,82.33802476271543
Batch_1,f1vzngrs,full_resolution,3,4994,1355,1355,64,45,348.8062107880552
Batch_1,f1vzngrs,full_resolution,3,4994,1355,1355,64,90,281.03352600417776
Batch_1,f1vzngrs,full_resolution,3,4994,1355,1355,64,135,171.24581131543863
Batch_1,f1vzngrs,gamma_075,0,1494,281,281,16,0,1.60376019688491
Batch_1,f1vzngrs,gamma_075,0,1494,281,281,16,45,2.1805107179695997
Batch_1,f1vzngrs,gamma_075,0,1494,281,281,16,90,1.7428243757101847
Batch_1,f1vzngrs,gamma_075,0,1494,281,281,16,135,1.4189763926340782
Batch_1,f1vzngrs,gamma_075,0,1494,281,281,32,0,7.332124377214541
Batch_1,f1vzngrs,gamma_075,0,1494,281,281,32,45,8.37760289897404
Batch_1,f1vzngrs,gamma_075,0,1494,281,281,32,90,5.462677627523998
Batch_1,f1vzngrs,gamma_075,0,1494,281,281,32,135,8.709024902888292
Batch_1,f1vzngrs,gamma_075,0,1494,281,281,64,0,32.619724926862865
Batch_1,f1vzngrs,gamma_075,0,1494,281,281,64,45,46.30749826390967
Batch_1,f1vzngrs,gamma_075,0,1494,281,281,64,90,18.45372274337233
Batch_1,f1vzngrs,gamma_075,0,1494,281,281,64,135,42.533500409262864
Batch_1,f1vzngrs,gamma_075,1,4994,281,281,16,0,0.8694002576807077
Batch_1,f1vzngrs,gamma_075,1,4994,281,281,16,45,1.140824564793345
Batch_1,f1vzngrs,gamma_075,1,4994,281,281,16,90,1.5044120624480417
Batch_1,f1vzngrs,gamma_075,1,4994,281,281,16,135,1.242391865112747
Batch_1,f1vzngrs,gamma_075,1,4994,281,281,32,0,3.1452162468782525
Batch_1,f1vzngrs,gamma_075,1,4994,281,281,32,45,4.858582355929958
Batch_1,f1vzngrs,gamma_075,1,4994,281,281,32,90,10.265469587518137
Batch_1,f1vzngrs,gamma_075,1,4994,281,281,32,135,6.600179148174574
Batch_1,f1vzngrs,gamma_075,1,4994,281,281,64,0,21.863049407144455
Batch_1,f1vzngrs,gamma_075,1,4994,281,281,64,45,36.22895640980211
Batch_1,f1vzngrs,gamma_075,1,4994,281,281,64,90,102.74299142301822
Batch_1,f1vzngrs,gamma_075,1,4994,281,281,64,135,36.51884481060005
Batch_1,f1vzngrs,gamma_075,2,1494,1355,1355,16,0,1.1460531101288653
Batch_1,f1vzngrs,gamma_075,2,1494,1355,1355,16,45,1.4009790686061776
Batch_1,f1vzngrs,gamma_075,2,1494,1355,1355,16,90,1.7809648626322028
Batch_1,f1vzngrs,gamma_075,2,1494,1355,1355,16,135,0.7753227330470049
Batch_1,f1vzngrs,gamma_075,2,1494,1355,1355,32,0,6.401612129345552
Batch_1,f1vzngrs,gamma_075,2,1494,1355,1355,32,45,12.12898034591651
Batch_1,f1vzngrs,gamma_075,2,1494,1355,1355,32,90,18.760828366084684
Batch_1,f1vzngrs,gamma_075,2,1494,1355,1355,32,135,5.185384422635235
Batch_1,f1vzngrs,gamma_075,2,1494,1355,1355,64,0,30.24732063407526
Batch_1,f1vzngrs,gamma_075,2,1494,1355,1355,64,45,82.26370068262833
Batch_1,f1vzngrs,gamma_075,2,1494,1355,1355,64,90,107.11067113208782
Batch_1,f1vzngrs,gamma_075,2,1494,1355,1355,64,135,19.27610753332718
Batch_1,f1vzngrs,gamma_075,3,4994,1355,1355,16,0,0.9230413412397138
Batch_1,f1vzngrs,gamma_075,3,4994,1355,1355,16,45,2.6220232184377408
Batch_1,f1vzngrs,gamma_075,3,4994,1355,1355,16,90,3.039862581456607
Batch_1,f1vzngrs,gamma_075,3,4994,1355,1355,16,135,0.8931322426752619
Batch_1,f1vzngrs,gamma_075,3,4994,1355,1355,32,0,7.570018975538606
Batch_1,f1vzngrs,gamma_075,3,4994,1355,1355,32,45,21.915846755327557
Batch_1,f1vzngrs,gamma_075,3,4994,1355,1355,32,90,23.189035948556455
Batch_1,f1vzngrs,gamma_075,3,4994,1355,1355,32,135,8.618347084746869
Batch_1,f1vzngrs,gamma_075,3,4994,1355,1355,64,0,32.29258518518056
Batch_1,f1vzngrs,gamma_075,3,4994,1355,1355,64,45,136.7219222920334
Batch_1,f1vzngrs,gamma_075,3,4994,1355,1355,64,90,99.42073498539153
Batch_1,f1vzngrs,gamma_075,3,4994,1355,1355,64,135,66.4754951697118
Batch_1,f1vzngrs,gamma_125,0,1494,281,281,16,0,1.3824897866435444
Batch_1,f1vzngrs,gamma_125,0,1494,281,281,16,45,1.712733047356176
Batch_1,f1vzngrs,gamma_125,0,1494,281,281,16,90,1.3408731991539193
Batch_1,f1vzngrs,gamma_125,0,1494,281,281,16,135,1.2274792074599974
Batch_1,f1vzngrs,gamma_125,0,1494,281,281,32,0,5.807424147050572
Batch_1,f1vzngrs,gamma_125,0,1494,281,281,32,45,6.127741170677654
Batch_1,f1vzngrs,gamma_125,0,1494,281,281,32,90,3.770888576658956
Batch_1,f1vzngrs,gamma_125,0,1494,281,281,32,135,6.894938596899886
Batch_1,f1vzngrs,gamma_125,0,1494,281,281,64,0,31.854831293999105
Batch_1,f1vzngrs,gamma_125,0,1494,281,281,64,45,40.43717904660264
Batch_1,f1vzngrs,gamma_125,0,1494,281,281,64,90,16.552895750357294
Batch_1,f1vzngrs,gamma_125,0,1494,281,281,64,135,39.48742950200205
Batch_1,f1vzngrs,gamma_125,1,4994,281,281,16,0,0.6344999324713998
Batch_1,f1vzngrs,gamma_125,1,4994,281,281,16,45,0.8138824183190901
Batch_1,f1vzngrs,gamma_125,1,4994,281,281,16,90,1.1758448638102936
Batch_1,f1vzngrs,gamma_125,1,4994,281,281,16,135,0.8766032036489875
Batch_1,f1vzngrs,gamma_125,1,4994,281,281,32,0,2.57508237176858
Batch_1,f1vzngrs,gamma_125,1,4994,281,281,32,45,4.048840935621031
Batch_1,f1vzngrs,gamma_125,1,4994,281,281,32,90,8.290942926387565
Batch_1,f1vzngrs,gamma_125,1,4994,281,281,32,135,4.775080410312152
Batch_1,f1vzngrs,gamma_125,1,4994,281,281,64,0,20.395702247794002
Batch_1,f1vzngrs,gamma_125,1,4994,281,281,64,45,33.95174065682152
Batch_1,f1vzngrs,gamma_125,1,4994,281,281,64,90,83.44351257896389
Batch_1,f1vzngrs,gamma_125,1,4994,281,281,64,135,31.275515697878177
Batch_1,f1vzngrs,gamma_125,2,1494,1355,1355,16,0,1.1025374261886132
Batch_1,f1vzngrs,gamma_125,2,1494,1355,1355,16,45,1.3688380276987677
Batch_1,f1vzngrs,gamma_125,2,1494,1355,1355,16,90,1.7229295352955112
Batch_1,f1vzngrs,gamma_125,2,1494,1355,1355,16,135,0.8566402165367127
Batch_1,f1vzngrs,gamma_125,2,1494,1355,1355,32,0,6.460840052786311
Batch_1,f1vzngrs,gamma_125,2,1494,1355,1355,32,45,11.314834687186481
Batch_1,f1vzngrs,gamma_125,2,1494,1355,1355,32,90,17.02228243590923
Batch_1,f1vzngrs,gamma_125,2,1494,1355,1355,32,135,5.0845155183211155
Batch_1,f1vzngrs,gamma_125,2,1494,1355,1355,64,0,28.135970776420454
Batch_1,f1vzngrs,gamma_125,2,1494,1355,1355,64,45,72.210045809382
Batch_1,f1vzngrs,gamma_125,2,1494,1355,1355,64,90,84.41229000608506
Batch_1,f1vzngrs,gamma_125,2,1494,1355,1355,64,135,16.036070126987383
Batch_1,f1vzngrs,gamma_125,3,4994,1355,1355,16,0,0.8895068571051941
Batch_1,f1vzngrs,gamma_125,3,4994,1355,1355,16,45,2.5279741334577372
Batch_1,f1vzngrs,gamma_125,3,4994,1355,1355,16,90,2.746679911508109
Batch_1,f1vzngrs,gamma_125,3,4994,1355,1355,16,135,0.8723307833068664
Batch_1,f1vzngrs,gamma_125,3,4994,1355,1355,32,0,6.9825625022055275
Batch_1,f1vzngrs,gamma_125,3,4994,1355,1355,32,45,19.099218623106868
Batch_1,f1vzngrs,gamma_125,3,4994,1355,1355,32,90,21.304715566426676
Batch_1,f1vzngrs,gamma_125,3,4994,1355,1355,32,135,7.452180400264324
Batch_1,f1vzngrs,gamma_125,3,4994,1355,1355,64,0,24.756348550032484
Batch_1,f1vzngrs,gamma_125,3,4994,1355,1355,64,45,104.76722085968551
Batch_1,f1vzngrs,gamma_125,3,4994,1355,1355,64,90,91.4104149325371
Batch_1,f1vzngrs,gamma_125,3,4994,1355,1355,64,135,51.56916819122276
Batch_1,f1vzngrs,affine,0,1494,281,281,16,0,1.4811114460855725
Batch_1,f1vzngrs,affine,0,1494,281,281,16,45,1.9096999295405228
Batch_1,f1vzngrs,affine,0,1494,281,281,16,90,1.4982056321646795
Batch_1,f1vzngrs,affine,0,1494,281,281,16,135,1.3010077153243023
Batch_1,f1vzngrs,affine,0,1494,281,281,32,0,6.482282350624209
Batch_1,f1vzngrs,affine,0,1494,281,281,32,45,7.052949153729633
Batch_1,f1vzngrs,affine,0,1494,281,281,32,90,4.46773564741741
Batch_1,f1vzngrs,affine,0,1494,281,281,32,135,7.657171120996427
Batch_1,f1vzngrs,affine,0,1494,281,281,64,0,32.431316726757466
Batch_1,f1vzngrs,affine,0,1494,281,281,64,45,43.403000457739054
Batch_1,f1vzngrs,affine,0,1494,281,281,64,90,17.502107169911437
Batch_1,f1vzngrs,affine,0,1494,281,281,64,135,40.97776568260494
Batch_1,f1vzngrs,affine,1,4994,281,281,16,0,0.7329765649975403
Batch_1,f1vzngrs,affine,1,4994,281,281,16,45,0.9450835979829176
Batch_1,f1vzngrs,affine,1,4994,281,281,16,90,1.3011617490387568
Batch_1,f1vzngrs,affine,1,4994,281,281,16,135,1.0169943722992223
Batch_1,f1vzngrs,affine,1,4994,281,281,32,0,2.7840641227211593
Batch_1,f1vzngrs,affine,1,4994,281,281,32,45,4.351033642402789
Batch_1,f1vzngrs,affine,1,4994,281,281,32,90,8.942907593962484
Batch_1,f1vzngrs,affine,1,4994,281,281,32,135,5.405834205876119
Batch_1,f1vzngrs,affine,1,4994,281,281,64,0,21.102307589074126
Batch_1,f1vzngrs,affine,1,4994,281,281,64,45,34.88353406531942
Batch_1,f1vzngrs,affine,1,4994,281,281,64,90,91.01925858942714
Batch_1,f1vzngrs,affine,1,4994,281,281,64,135,33.02732181559638
Batch_1,f1vzngrs,affine,2,1494,1355,1355,16,0,1.1383625937312951
Batch_1,f1vzngrs,affine,2,1494,1355,1355,16,45,1.3921114265794685
Batch_1,f1vzngrs,affine,2,1494,1355,1355,16,90,1.759953575787182
Batch_1,f1vzngrs,affine,2,1494,1355,1355,16,135,0.8255716695788236
Batch_1,f1vzngrs,affine,2,1494,1355,1355,32,0,6.465112289365397
Batch_1,f1vzngrs,affine,2,1494,1355,1355,32,45,11.751111358470284
Batch_1,f1vzngrs,affine,2,1494,1355,1355,32,90,17.992079098061183
Batch_1,f1vzngrs,affine,2,1494,1355,1355,32,135,5.201642193765967
Batch_1,f1vzngrs,affine,2,1494,1355,1355,64,0,29.17433517680165
Batch_1,f1vzngrs,affine,2,1494,1355,1355,64,45,77.07257129695252
Batch_1,f1vzngrs,affine,2,1494,1355,1355,64,90,94.65128479006431
Batch_1,f1vzngrs,affine,2,1494,1355,1355,64,135,17.479450751994694
Batch_1,f1vzngrs,affine,3,4994,1355,1355,16,0,0.9089238767465798
Batch_1,f1vzngrs,affine,3,4994,1355,1355,16,45,2.576446772793537
Batch_1,f1vzngrs,affine,3,4994,1355,1355,16,90,2.872540133160965
Batch_1,f1vzngrs,affine,3,4994,1355,1355,16,135,0.8855500944107731
Batch_1,f1vzngrs,affine,3,4994,1355,1355,32,0,7.272089194151216
Batch_1,f1vzngrs,affine,3,4994,1355,1355,32,45,20.295743851923888
Batch_1,f1vzngrs,affine,3,4994,1355,1355,32,90,22.244787770758304
Batch_1,f1vzngrs,affine,3,4994,1355,1355,32,135,7.97343411442067
Batch_1,f1vzngrs,affine,3,4994,1355,1355,64,0,28.001364495524978
Batch_1,f1vzngrs,affine,3,4994,1355,1355,64,45,118.68285420631354
Batch_1,f1vzngrs,affine,3,4994,1355,1355,64,90,95.6318665979995
Batch_1,f1vzngrs,affine,3,4994,1355,1355,64,135,58.298133955801234
Batch_1,ffwubibz,nominal,0,1494,264,264,16,0,1.136883423445588
Batch_1,ffwubibz,nominal,0,1494,264,264,16,45,1.6064343614376708
Batch_1,ffwubibz,nominal,0,1494,264,264,16,90,2.801209490591789
Batch_1,ffwubibz,nominal,0,1494,264,264,16,135,3.010325608439469
Batch_1,ffwubibz,nominal,0,1494,264,264,32,0,5.93641463709469
Batch_1,ffwubibz,nominal,0,1494,264,264,32,45,6.758853455239005
Batch_1,ffwubibz,nominal,0,1494,264,264,32,90,10.01599999762048
Batch_1,ffwubibz,nominal,0,1494,264,264,32,135,9.73053366518345
Batch_1,ffwubibz,nominal,0,1494,264,264,64,0,19.940686212153498
Batch_1,ffwubibz,nominal,0,1494,264,264,64,45,23.25104313008711
Batch_1,ffwubibz,nominal,0,1494,264,264,64,90,41.06272234463099
Batch_1,ffwubibz,nominal,0,1494,264,264,64,135,35.55729878362845
Batch_1,ffwubibz,nominal,1,4994,264,264,16,0,0.8220981876575578
Batch_1,ffwubibz,nominal,1,4994,264,264,16,45,1.7535133897523816
Batch_1,ffwubibz,nominal,1,4994,264,264,16,90,1.6324342136832095
Batch_1,ffwubibz,nominal,1,4994,264,264,16,135,1.0546764795527617
Batch_1,ffwubibz,nominal,1,4994,264,264,32,0,3.752401917100209
Batch_1,ffwubibz,nominal,1,4994,264,264,32,45,11.053910901276065
Batch_1,ffwubibz,nominal,1,4994,264,264,32,90,12.020915178632094
Batch_1,ffwubibz,nominal,1,4994,264,264,32,135,5.565289301776741
Batch_1,ffwubibz,nominal,1,4994,264,264,64,0,19.37878296346968
Batch_1,ffwubibz,nominal,1,4994,264,264,64,45,81.36957781814465
Batch_1,ffwubibz,nominal,1,4994,264,264,64,90,81.16953892715674
Batch_1,ffwubibz,nominal,1,4994,264,264,64,135,32.6541605697132
Batch_1,ffwubibz,nominal,2,1494,1304,1304,16,0,1.740116584408731
Batch_1,ffwubibz,nominal,2,1494,1304,1304,16,45,1.3005460024098259
Batch_1,ffwubibz,nominal,2,1494,1304,1304,16,90,2.639252170663131
Batch_1,ffwubibz,nominal,2,1494,1304,1304,16,135,2.7846289422371724
Batch_1,ffwubibz,nominal,2,1494,1304,1304,32,0,5.2442880155698655
Batch_1,ffwubibz,nominal,2,1494,1304,1304,32,45,3.9599280366323235
Batch_1,ffwubibz,nominal,2,1494,1304,1304,32,90,10.001755807852456
Batch_1,ffwubibz,nominal,2,1494,1304,1304,32,135,7.163368670385115
Batch_1,ffwubibz,nominal,2,1494,1304,1304,64,0,15.864399786664487
Batch_1,ffwubibz,nominal,2,1494,1304,1304,64,45,17.053920243608236
Batch_1,ffwubibz,nominal,2,1494,1304,1304,64,90,42.90941447471957
Batch_1,ffwubibz,nominal,2,1494,1304,1304,64,135,24.633903566638523
Batch_1,ffwubibz,nominal,3,4994,1304,1304,16,0,0.9438542142019657
Batch_1,ffwubibz,nominal,3,4994,1304,1304,16,45,0.7687383336688574
Batch_1,ffwubibz,nominal,3,4994,1304,1304,16,90,1.109049927543327
Batch_1,ffwubibz,nominal,3,4994,1304,1304,16,135,1.0186045911020278
Batch_1,ffwubibz,nominal,3,4994,1304,1304,32,0,7.893100191099315
Batch_1,ffwubibz,nominal,3,4994,1304,1304,32,45,5.214224976883024
Batch_1,ffwubibz,nominal,3,4994,1304,1304,32,90,6.944734483611033
Batch_1,ffwubibz,nominal,3,4994,1304,1304,32,135,7.330053487775432
Batch_1,ffwubibz,nominal,3,4994,1304,1304,64,0,60.707502992961366
Batch_1,ffwubibz,nominal,3,4994,1304,1304,64,45,37.100610421274
Batch_1,ffwubibz,nominal,3,4994,1304,1304,64,90,47.98703658827139
Batch_1,ffwubibz,nominal,3,4994,1304,1304,64,135,37.697492898730566
Batch_1,ffwubibz,full_resolution,0,1494,264,264,16,0,3.343220582198445
Batch_1,ffwubibz,full_resolution,0,1494,264,264,16,45,4.694664221115165
Batch_1,ffwubibz,full_resolution,0,1494,264,264,16,90,8.155499600845761
Batch_1,ffwubibz,full_resolution,0,1494,264,264,16,135,8.83021098282242
Batch_1,ffwubibz,full_resolution,0,1494,264,264,32,0,16.964216957651267
Batch_1,ffwubibz,full_resolution,0,1494,264,264,32,45,19.29176636466804
Batch_1,ffwubibz,full_resolution,0,1494,264,264,32,90,28.547707505138256
Batch_1,ffwubibz,full_resolution,0,1494,264,264,32,135,27.851383975993528
Batch_1,ffwubibz,full_resolution,0,1494,264,264,64,0,56.60902293196
Batch_1,ffwubibz,full_resolution,0,1494,264,264,64,45,65.96277380876441
Batch_1,ffwubibz,full_resolution,0,1494,264,264,64,90,116.38034598883898
Batch_1,ffwubibz,full_resolution,0,1494,264,264,64,135,101.01113029698378
Batch_1,ffwubibz,full_resolution,1,4994,264,264,16,0,2.7133837736091926
Batch_1,ffwubibz,full_resolution,1,4994,264,264,16,45,5.798460059290672
Batch_1,ffwubibz,full_resolution,1,4994,264,264,16,90,5.403369658059441
Batch_1,ffwubibz,full_resolution,1,4994,264,264,16,135,3.469024755895899
Batch_1,ffwubibz,full_resolution,1,4994,264,264,32,0,12.12229174858112
Batch_1,ffwubibz,full_resolution,1,4994,264,264,32,45,35.79295453117314
Batch_1,ffwubibz,full_resolution,1,4994,264,264,32,90,38.74511370727596
Batch_1,ffwubibz,full_resolution,1,4994,264,264,32,135,17.998523703359485
Batch_1,ffwubibz,full_resolution,1,4994,264,264,64,0,62.258501980517174
Batch_1,ffwubibz,full_resolution,1,4994,264,264,64,45,261.6158024644328
Batch_1,ffwubibz,full_resolution,1,4994,264,264,64,90,260.87251762650044
Batch_1,ffwubibz,full_resolution,1,4994,264,264,64,135,105.06403017393455
Batch_1,ffwubibz,full_resolution,2,1494,1304,1304,16,0,4.777663921360055
Batch_1,ffwubibz,full_resolution,2,1494,1304,1304,16,45,3.5581361740311395
Batch_1,ffwubibz,full_resolution,2,1494,1304,1304,16,90,7.285400990991922
Batch_1,ffwubibz,full_resolution,2,1494,1304,1304,16,135,7.723418512108748
Batch_1,ffwubibz,full_resolution,2,1494,1304,1304,32,0,14.216022796054016
Batch_1,ffwubibz,full_resolution,2,1494,1304,1304,32,45,10.647349497386369
Batch_1,ffwubibz,full_resolution,2,1494,1304,1304,32,90,26.988334301995334
Batch_1,ffwubibz,full_resolution,2,1494,1304,1304,32,135,19.36996116551537
Batch_1,ffwubibz,full_resolution,2,1494,1304,1304,64,0,42.77777689034051
Batch_1,ffwubibz,full_resolution,2,1494,1304,1304,64,45,45.873130887006084
Batch_1,ffwubibz,full_resolution,2,1494,1304,1304,64,90,115.14580653458714
Batch_1,ffwubibz,full_resolution,2,1494,1304,1304,64,135,66.13570371879705
Batch_1,ffwubibz,full_resolution,3,4994,1304,1304,16,0,3.21864788541542
Batch_1,ffwubibz,full_resolution,3,4994,1304,1304,16,45,2.6297093372872644
Batch_1,ffwubibz,full_resolution,3,4994,1304,1304,16,90,3.7548038637819006
Batch_1,ffwubibz,full_resolution,3,4994,1304,1304,16,135,3.456796544853911
Batch_1,ffwubibz,full_resolution,3,4994,1304,1304,32,0,26.301115116238623
Batch_1,ffwubibz,full_resolution,3,4994,1304,1304,32,45,17.37617167218185
Batch_1,ffwubibz,full_resolution,3,4994,1304,1304,32,90,23.181430187340087
Batch_1,ffwubibz,full_resolution,3,4994,1304,1304,32,135,24.463535060465865
Batch_1,ffwubibz,full_resolution,3,4994,1304,1304,64,0,201.24532701472756
Batch_1,ffwubibz,full_resolution,3,4994,1304,1304,64,45,123.00619047251266
Batch_1,ffwubibz,full_resolution,3,4994,1304,1304,64,90,159.10015944995365
Batch_1,ffwubibz,full_resolution,3,4994,1304,1304,64,135,125.0197579719068
Batch_1,ffwubibz,gamma_075,0,1494,264,264,16,0,1.1526310240061513
Batch_1,ffwubibz,gamma_075,0,1494,264,264,16,45,1.635858857060431
Batch_1,ffwubibz,gamma_075,0,1494,264,264,16,90,2.7146476553221737
Batch_1,ffwubibz,gamma_075,0,1494,264,264,16,135,2.9029046572722246
Batch_1,ffwubibz,gamma_075,0,1494,264,264,32,0,6.570752051490149
Batch_1,ffwubibz,gamma_075,0,1494,264,264,32,45,7.461260306306206
Batch_1,ffwubibz,gamma_075,0,1494,264,264,32,90,10.481984346463118
Batch_1,ffwubibz,gamma_075,0,1494,264,264,32,135,10.243434101189688
Batch_1,ffwubibz,gamma_075,0,1494,264,264,64,0,22.046230481384015
Batch_1,ffwubibz,gamma_075,0,1494,264,264,64,45,24.202777703832307
Batch_1,ffwubibz,gamma_075,0,1494,264,264,64,90,44.8081867392344
Batch_1,ffwubibz,gamma_075,0,1494,264,264,64,135,40.43644458009862
Batch_1,ffwubibz,gamma_075,1,4994,264,264,16,0,0.7612007711388479
Batch_1,ffwubibz,gamma_075,1,4994,264,264,16,45,1.4696502521337929
Batch_1,ffwubibz,gamma_075,1,4994,264,264,16,90,1.7046198795107264
Batch_1,ffwubibz,gamma_075,1,4994,264,264,16,135,1.057655518437235
Batch_1,ffwubibz,gamma_075,1,4994,264,264,32,0,3.3556765740461167
Batch_1,ffwubibz,gamma_075,1,4994,264,264,32,45,9.19412899631429
Batch_1,ffwubibz,gamma_075,1,4994,264,264,32,90,12.875913598621528
Batch_1,ffwubibz,gamma_075,1,4994,264,264,32,135,5.76752183090357
Batch_1,ffwubibz,gamma_075,1,4994,264,264,64,0,18.33467613204911
Batch_1,ffwubibz,gamma_075,1,4994,264,264,64,45,67.66973010434343
Batch_1,ffwubibz,gamma_075,1,4994,264,264,64,90,84.8309838857603
Batch_1,ffwubibz,gamma_075,1,4994,264,264,64,135,35.34811316232888
Batch_1,ffwubibz,gamma_075,2,1494,1304,1304,16,0,1.2630053732418018
Batch_1,ffwubibz,gamma_075,2,1494,1304,1304,16,45,1.1430114203324353
Batch_1,ffwubibz,gamma_075,2,1494,1304,1304,16,90,2.3725032358867084
Batch_1,ffwubibz,gamma_075,2,1494,1304,1304,16,135,2.3179919120290498
Batch_1,ffwubibz,gamma_075,2,1494,1304,1304,32,0,3.9310703171752914
Batch_1,ffwubibz,gamma_075,2,1494,1304,1304,32,45,3.4536279626650987
Batch_1,ffwubibz,gamma_075,2,1494,1304,1304,32,90,9.357057256749652
Batch_1,ffwubibz,gamma_075,2,1494,1304,1304,32,135,6.148377522951829
Batch_1,ffwubibz,gamma_075,2,1494,1304,1304,64,0,12.377928339152682
Batch_1,ffwubibz,gamma_075,2,1494,1304,1304,64,45,13.850651129861264
Batch_1,ffwubibz,gamma_075,2,1494,1304,1304,64,90,41.034876656856476
Batch_1,ffwubibz,gamma_075,2,1494,1304,1304,64,135,22.903676502624265
Batch_1,ffwubibz,gamma_075,3,4994,1304,1304,16,0,1.0824608342732538
Batch_1,ffwubibz,gamma_075,3,4994,1304,1304,16,45,0.8855363354885892
Batch_1,ffwubibz,gamma_075,3,4994,1304,1304,16,90,1.1830903097494392
Batch_1,ffwubibz,gamma_075,3,4994,1304,1304,16,135,1.207700194209076
Batch_1,ffwubibz,gamma_075,3,4994,1304,1304,32,0,8.97747156737621
Batch_1,ffwubibz,gamma_075,3,4994,1304,1304,32,45,5.504851566951699
Batch_1,ffwubibz,gamma_075,3,4994,1304,1304,32,90,7.090907551299592
Batch_1,ffwubibz,gamma_075,3,4994,1304,1304,32,135,8.397125242157966
Batch_1,ffwubibz,gamma_075,3,4994,1304,1304,64,0,60.65727935516215
Batch_1,ffwubibz,gamma_075,3,4994,1304,1304,64,45,36.589013622996625
Batch_1,ffwubibz,gamma_075,3,4994,1304,1304,64,90,47.63601084967484
Batch_1,ffwubibz,gamma_075,3,4994,1304,1304,64,135,40.633329355541555
Batch_1,ffwubibz,gamma_125,0,1494,264,264,16,0,1.1401166464323245
Batch_1,ffwubibz,gamma_125,0,1494,264,264,16,45,1.6061554176149466
Batch_1,ffwubibz,gamma_125,0,1494,264,264,16,90,2.8626061428785095
Batch_1,ffwubibz,gamma_125,0,1494,264,264,16,135,3.0922625049619032
Batch_1,ffwubibz,gamma_125,0,1494,264,264,32,0,5.465463253944067
Batch_1,ffwubibz,gamma_125,0,1494,264,264,32,45,6.275109660363272
Batch_1,ffwubibz,gamma_125,0,1494,264,264,32,90,9.639945904637653
Batch_1,ffwubibz,gamma_125,0,1494,264,264,32,135,9.272830766428289
Batch_1,ffwubibz,gamma_125,0,1494,264,264,64,0,18.16581464133323
Batch_1,ffwubibz,gamma_125,0,1494,264,264,64,45,22.26586674193469
Batch_1,ffwubibz,gamma_125,0,1494,264,264,64,90,37.81230210472666
Batch_1,ffwubibz,gamma_125,0,1494,264,264,64,135,31.468651540116458
Batch_1,ffwubibz,gamma_125,1,4994,264,264,16,0,0.8502965055478238
Batch_1,ffwubibz,gamma_125,1,4994,264,264,16,45,1.9689336177413228
Batch_1,ffwubibz,gamma_125,1,4994,264,264,16,90,1.561804115262433
Batch_1,ffwubibz,gamma_125,1,4994,264,264,16,135,1.0292841912061967
Batch_1,ffwubibz,gamma_125,1,4994,264,264,32,0,4.075714146113401
Batch_1,ffwubibz,gamma_125,1,4994,264,264,32,45,12.535753158377098
Batch_1,ffwubibz,gamma_125,1,4994,264,264,32,90,11.28192536253942
Batch_1,ffwubibz,gamma_125,1,4994,264,264,32,135,5.308639363855443
Batch_1,ffwubibz,gamma_125,1,4994,264,264,64,0,20.229350008253896
Batch_1,ffwubibz,gamma_125,1,4994,264,264,64,45,93.28294688007242
Batch_1,ffwubibz,gamma_125,1,4994,264,264,64,90,77.70240506612508
Batch_1,ffwubibz,gamma_125,1,4994,264,264,64,135,30.249984125619015
Batch_1,ffwubibz,gamma_125,2,1494,1304,1304,16,0,2.2536027154970193
Batch_1,ffwubibz,gamma_125,2,1494,1304,1304,16,45,1.403117278789048
Batch_1,ffwubibz,gamma_125,2,1494,1304,1304,16,90,2.783501906653775
Batch_1,ffwubibz,gamma_125,2,1494,1304,1304,16,135,3.156951383336417
Batch_1,ffwubibz,gamma_125,2,1494,1304,1304,32,0,6.650882607659234
Batch_1,ffwubibz,gamma_125,2,1494,1304,1304,32,45,4.312610160279447
Batch_1,ffwubibz,gamma_125,2,1494,1304,1304,32,90,10.18675014325752
Batch_1,ffwubibz,gamma_125,2,1494,1304,1304,32,135,7.989560359708995
Batch_1,ffwubibz,gamma_125,2,1494,1304,1304,64,0,19.2609612205057
Batch_1,ffwubibz,gamma_125,2,1494,1304,1304,64,45,19.825480363504838
Batch_1,ffwubibz,gamma_125,2,1494,1304,1304,64,90,42.5050956049503
Batch_1,ffwubibz,gamma_125,2,1494,1304,1304,64,135,25.524630156536627
Batch_1,ffwubibz,gamma_125,3,4994,1304,1304,16,0,0.8523258568099779
Batch_1,ffwubibz,gamma_125,3,4994,1304,1304,16,45,0.6850766297763694
Batch_1,ffwubibz,gamma_125,3,4994,1304,1304,16,90,1.0347138881514488
Batch_1,ffwubibz,gamma_125,3,4994,1304,1304,16,135,0.8744681822363515
Batch_1,ffwubibz,gamma_125,3,4994,1304,1304,32,0,7.185643879437361
Batch_1,ffwubibz,gamma_125,3,4994,1304,1304,32,45,4.992008905214392
Batch_1,ffwubibz,gamma_125,3,4994,1304,1304,32,90,6.768367222808219
Batch_1,ffwubibz,gamma_125,3,4994,1304,1304,32,135,6.470601370608944
Batch_1,ffwubibz,gamma_125,3,4994,1304,1304,64,0,60.822875259969535
Batch_1,ffwubibz,gamma_125,3,4994,1304,1304,64,45,37.33887489574495
Batch_1,ffwubibz,gamma_125,3,4994,1304,1304,64,90,47.63514824730213
Batch_1,ffwubibz,gamma_125,3,4994,1304,1304,64,135,35.27038930140122
Batch_1,ffwubibz,affine,0,1494,264,264,16,0,1.136883423445588
Batch_1,ffwubibz,affine,0,1494,264,264,16,45,1.6064343614376708
Batch_1,ffwubibz,affine,0,1494,264,264,16,90,2.801209490591789
Batch_1,ffwubibz,affine,0,1494,264,264,16,135,3.010325608439469
Batch_1,ffwubibz,affine,0,1494,264,264,32,0,5.936414637094691
Batch_1,ffwubibz,affine,0,1494,264,264,32,45,6.758853455239005
Batch_1,ffwubibz,affine,0,1494,264,264,32,90,10.01599999762048
Batch_1,ffwubibz,affine,0,1494,264,264,32,135,9.73053366518345
Batch_1,ffwubibz,affine,0,1494,264,264,64,0,19.940686212153498
Batch_1,ffwubibz,affine,0,1494,264,264,64,45,23.2510431300871
Batch_1,ffwubibz,affine,0,1494,264,264,64,90,41.06272234463099
Batch_1,ffwubibz,affine,0,1494,264,264,64,135,35.55729878362845
Batch_1,ffwubibz,affine,1,4994,264,264,16,0,0.8220981876575577
Batch_1,ffwubibz,affine,1,4994,264,264,16,45,1.7535133897523811
Batch_1,ffwubibz,affine,1,4994,264,264,16,90,1.6324342136832095
Batch_1,ffwubibz,affine,1,4994,264,264,16,135,1.0546764795527617
Batch_1,ffwubibz,affine,1,4994,264,264,32,0,3.7524019171002077
Batch_1,ffwubibz,affine,1,4994,264,264,32,45,11.053910901276062
Batch_1,ffwubibz,affine,1,4994,264,264,32,90,12.020915178632093
Batch_1,ffwubibz,affine,1,4994,264,264,32,135,5.56528930177674
Batch_1,ffwubibz,affine,1,4994,264,264,64,0,19.37878296346968
Batch_1,ffwubibz,affine,1,4994,264,264,64,45,81.36957781814465
Batch_1,ffwubibz,affine,1,4994,264,264,64,90,81.16953892715672
Batch_1,ffwubibz,affine,1,4994,264,264,64,135,32.65416056971319
Batch_1,ffwubibz,affine,2,1494,1304,1304,16,0,1.740116584408731
Batch_1,ffwubibz,affine,2,1494,1304,1304,16,45,1.3005460024098259
Batch_1,ffwubibz,affine,2,1494,1304,1304,16,90,2.6392521706631307
Batch_1,ffwubibz,affine,2,1494,1304,1304,16,135,2.7846289422371715
Batch_1,ffwubibz,affine,2,1494,1304,1304,32,0,5.2442880155698655
Batch_1,ffwubibz,affine,2,1494,1304,1304,32,45,3.959928036632322
Batch_1,ffwubibz,affine,2,1494,1304,1304,32,90,10.001755807852456
Batch_1,ffwubibz,affine,2,1494,1304,1304,32,135,7.163368670385115
Batch_1,ffwubibz,affine,2,1494,1304,1304,64,0,15.864399786664487
Batch_1,ffwubibz,affine,2,1494,1304,1304,64,45,17.053920243608236
Batch_1,ffwubibz,affine,2,1494,1304,1304,64,90,42.90941447471957
Batch_1,ffwubibz,affine,2,1494,1304,1304,64,135,24.633903566638523
Batch_1,ffwubibz,affine,3,4994,1304,1304,16,0,0.9438542142019654
Batch_1,ffwubibz,affine,3,4994,1304,1304,16,45,0.7687383336688574
Batch_1,ffwubibz,affine,3,4994,1304,1304,16,90,1.1090499275433272
Batch_1,ffwubibz,affine,3,4994,1304,1304,16,135,1.018604591102028
Batch_1,ffwubibz,affine,3,4994,1304,1304,32,0,7.893100191099315
Batch_1,ffwubibz,affine,3,4994,1304,1304,32,45,5.214224976883024
Batch_1,ffwubibz,affine,3,4994,1304,1304,32,90,6.944734483611034
Batch_1,ffwubibz,affine,3,4994,1304,1304,32,135,7.330053487775432
Batch_1,ffwubibz,affine,3,4994,1304,1304,64,0,60.707502992961366
Batch_1,ffwubibz,affine,3,4994,1304,1304,64,45,37.100610421274
Batch_1,ffwubibz,affine,3,4994,1304,1304,64,90,47.98703658827139
Batch_1,ffwubibz,affine,3,4994,1304,1304,64,135,37.69749289873056
Batch_1,fzrt2k6r,nominal,0,1494,283,283,16,0,1.3236663601378735
Batch_1,fzrt2k6r,nominal,0,1494,283,283,16,45,2.445530455745915
Batch_1,fzrt2k6r,nominal,0,1494,283,283,16,90,2.171189549445994
Batch_1,fzrt2k6r,nominal,0,1494,283,283,16,135,1.2414603707676812
Batch_1,fzrt2k6r,nominal,0,1494,283,283,32,0,5.215619158947882
Batch_1,fzrt2k6r,nominal,0,1494,283,283,32,45,11.294801786503
Batch_1,fzrt2k6r,nominal,0,1494,283,283,32,90,11.502054798577687
Batch_1,fzrt2k6r,nominal,0,1494,283,283,32,135,6.133690547530387
Batch_1,fzrt2k6r,nominal,0,1494,283,283,64,0,19.369083613964133
Batch_1,fzrt2k6r,nominal,0,1494,283,283,64,45,35.591106262638725
Batch_1,fzrt2k6r,nominal,0,1494,283,283,64,90,51.102736660737555
Batch_1,fzrt2k6r,nominal,0,1494,283,283,64,135,23.351887646842737
Batch_1,fzrt2k6r,nominal,1,4994,283,283,16,0,1.2769430078548156
Batch_1,fzrt2k6r,nominal,1,4994,283,283,16,45,0.5433783099705535
Batch_1,fzrt2k6r,nominal,1,4994,283,283,16,90,0.6192019668497067
Batch_1,fzrt2k6r,nominal,1,4994,283,283,16,135,1.5122366492481825
Batch_1,fzrt2k6r,nominal,1,4994,283,283,32,0,7.9866905890726425
Batch_1,fzrt2k6r,nominal,1,4994,283,283,32,45,2.1363130783393323
Batch_1,fzrt2k6r,nominal,1,4994,283,283,32,90,3.029774153702824
Batch_1,fzrt2k6r,nominal,1,4994,283,283,32,135,8.02811327303986
Batch_1,fzrt2k6r,nominal,1,4994,283,283,64,0,42.37730987262299
Batch_1,fzrt2k6r,nominal,1,4994,283,283,64,45,17.36443510797163
Batch_1,fzrt2k6r,nominal,1,4994,283,283,64,90,24.93427254200317
Batch_1,fzrt2k6r,nominal,1,4994,283,283,64,135,55.9164748162628
Batch_1,fzrt2k6r,nominal,2,1494,1361,1361,16,0,1.4068055775144388
Batch_1,fzrt2k6r,nominal,2,1494,1361,1361,16,45,2.1368356185326323
Batch_1,fzrt2k6r,nominal,2,1494,1361,1361,16,90,2.094013134416669
Batch_1,fzrt2k6r,nominal,2,1494,1361,1361,16,135,2.1100499827011516
Batch_1,fzrt2k6r,nominal,2,1494,1361,1361,32,0,4.732219040633836
Batch_1,fzrt2k6r,nominal,2,1494,1361,1361,32,45,12.462987209650262
Batch_1,fzrt2k6r,nominal,2,1494,1361,1361,32,90,12.809858678844353
Batch_1,fzrt2k6r,nominal,2,1494,1361,1361,32,135,11.846979592648319
Batch_1,fzrt2k6r,nominal,2,1494,1361,1361,64,0,17.75376132827843
Batch_1,fzrt2k6r,nominal,2,1494,1361,1361,64,45,55.35679136693765
Batch_1,fzrt2k6r,nominal,2,1494,1361,1361,64,90,64.03000514225515
Batch_1,fzrt2k6r,nominal,2,1494,1361,1361,64,135,31.633934367403228
Batch_1,fzrt2k6r,nominal,3,4994,1361,1361,16,0,0.848438015206124
Batch_1,fzrt2k6r,nominal,3,4994,1361,1361,16,45,0.8358822445420228
Batch_1,fzrt2k6r,nominal,3,4994,1361,1361,16,90,1.6967185243393823
Batch_1,fzrt2k6r,nominal,3,4994,1361,1361,16,135,1.9566024298487397
Batch_1,fzrt2k6r,nominal,3,4994,1361,1361,32,0,5.4130595033928355
Batch_1,fzrt2k6r,nominal,3,4994,1361,1361,32,45,4.354169359883375
Batch_1,fzrt2k6r,nominal,3,4994,1361,1361,32,90,9.11581802029353
Batch_1,fzrt2k6r,nominal,3,4994,1361,1361,32,135,10.05224202733527
Batch_1,fzrt2k6r,nominal,3,4994,1361,1361,64,0,12.650482400741913
Batch_1,fzrt2k6r,nominal,3,4994,1361,1361,64,45,15.151586001369514
Batch_1,fzrt2k6r,nominal,3,4994,1361,1361,64,90,77.8933155015092
Batch_1,fzrt2k6r,nominal,3,4994,1361,1361,64,135,51.13460861910286
Batch_1,fzrt2k6r,full_resolution,0,1494,283,283,16,0,4.15275343207995
Batch_1,fzrt2k6r,full_resolution,0,1494,283,283,16,45,7.56677538232604
Batch_1,fzrt2k6r,full_resolution,0,1494,283,283,16,90,6.741208541702788
Batch_1,fzrt2k6r,full_resolution,0,1494,283,283,16,135,3.8596774450946856
Batch_1,fzrt2k6r,full_resolution,0,1494,283,283,32,0,15.915311711850523
Batch_1,fzrt2k6r,full_resolution,0,1494,283,283,32,45,34.33425995653382
Batch_1,fzrt2k6r,full_resolution,0,1494,283,283,32,90,34.92792059943872
Batch_1,fzrt2k6r,full_resolution,0,1494,283,283,32,135,18.592212848066765
Batch_1,fzrt2k6r,full_resolution,0,1494,283,283,64,0,58.41702986992861
Batch_1,fzrt2k6r,full_resolution,0,1494,283,283,64,45,107.4007087985003
Batch_1,fzrt2k6r,full_resolution,0,1494,283,283,64,90,154.22301150772884
Batch_1,fzrt2k6r,full_resolution,0,1494,283,283,64,135,70.52127011132532
Batch_1,fzrt2k6r,full_resolution,1,4994,283,283,16,0,4.104230300181424
Batch_1,fzrt2k6r,full_resolution,1,4994,283,283,16,45,1.748849035256701
Batch_1,fzrt2k6r,full_resolution,1,4994,283,283,16,90,1.98069287119981
Batch_1,fzrt2k6r,full_resolution,1,4994,283,283,16,135,4.890450440984148
Batch_1,fzrt2k6r,full_resolution,1,4994,283,283,32,0,25.148501064593948
Batch_1,fzrt2k6r,full_resolution,1,4994,283,283,32,45,6.71571047180744
Batch_1,fzrt2k6r,full_resolution,1,4994,283,283,32,90,9.521607509055638
Batch_1,fzrt2k6r,full_resolution,1,4994,283,283,32,135,25.316661647447727
Batch_1,fzrt2k6r,full_resolution,1,4994,283,283,64,0,132.928063501051
Batch_1,fzrt2k6r,full_resolution,1,4994,283,283,64,45,54.41391989827869
Batch_1,fzrt2k6r,full_resolution,1,4994,283,283,64,90,78.17426596549498
Batch_1,fzrt2k6r,full_resolution,1,4994,283,283,64,135,175.28418941554978
Batch_1,fzrt2k6r,full_resolution,2,1494,1361,1361,16,0,4.505929406085562
Batch_1,fzrt2k6r,full_resolution,2,1494,1361,1361,16,45,6.782050696196286
Batch_1,fzrt2k6r,full_resolution,2,1494,1361,1361,16,90,6.6819398614950885
Batch_1,fzrt2k6r,full_resolution,2,1494,1361,1361,16,135,6.7269947336763725
Batch_1,fzrt2k6r,full_resolution,2,1494,1361,1361,32,0,14.748810488725058
Batch_1,fzrt2k6r,full_resolution,2,1494,1361,1361,32,45,38.74184552892436
Batch_1,fzrt2k6r,full_resolution,2,1494,1361,1361,32,90,40.05780267040773
Batch_1,fzrt2k6r,full_resolution,2,1494,1361,1361,32,135,36.80754540113714
Batch_1,fzrt2k6r,full_resolution,2,1494,1361,1361,64,0,54.95220689472685
Batch_1,fzrt2k6r,full_resolution,2,1494,1361,1361,64,45,171.4305466045507
Batch_1,fzrt2k6r,full_resolution,2,1494,1361,1361,64,90,198.32257806474976
Batch_1,fzrt2k6r,full_resolution,2,1494,1361,1361,64,135,97.92456306530102
Batch_1,fzrt2k6r,full_resolution,3,4994,1361,1361,16,0,2.82714874044599
Batch_1,fzrt2k6r,full_resolution,3,4994,1361,1361,16,45,2.7994021424372795
Batch_1,fzrt2k6r,full_resolution,3,4994,1361,1361,16,90,5.702552516851823
Batch_1,fzrt2k6r,full_resolution,3,4994,1361,1361,16,135,6.580586322068905
Batch_1,fzrt2k6r,full_resolution,3,4994,1361,1361,32,0,17.761690693158926
Batch_1,fzrt2k6r,full_resolution,3,4994,1361,1361,32,45,14.322180961954652
Batch_1,fzrt2k6r,full_resolution,3,4994,1361,1361,32,90,29.91836792284296
Batch_1,fzrt2k6r,full_resolution,3,4994,1361,1361,32,135,32.98928966187507
Batch_1,fzrt2k6r,full_resolution,3,4994,1361,1361,64,0,41.34157756429737
Batch_1,fzrt2k6r,full_resolution,3,4994,1361,1361,64,45,49.32499450920808
Batch_1,fzrt2k6r,full_resolution,3,4994,1361,1361,64,90,254.35605459346385
Batch_1,fzrt2k6r,full_resolution,3,4994,1361,1361,64,135,166.6720500750988
Batch_1,fzrt2k6r,gamma_075,0,1494,283,283,16,0,1.2552399043243023
Batch_1,fzrt2k6r,gamma_075,0,1494,283,283,16,45,2.462330171864815
Batch_1,fzrt2k6r,gamma_075,0,1494,283,283,16,90,2.2183005234703295
Batch_1,fzrt2k6r,gamma_075,0,1494,283,283,16,135,1.16022355739105
Batch_1,fzrt2k6r,gamma_075,0,1494,283,283,32,0,5.020189969399081
Batch_1,fzrt2k6r,gamma_075,0,1494,283,283,32,45,12.099650496722042
Batch_1,fzrt2k6r,gamma_075,0,1494,283,283,32,90,11.686414116499689
Batch_1,fzrt2k6r,gamma_075,0,1494,283,283,32,135,6.062948051457076
Batch_1,fzrt2k6r,gamma_075,0,1494,283,283,64,0,17.805600521939592
Batch_1,fzrt2k6r,gamma_075,0,1494,283,283,64,45,38.55237330306466
Batch_1,fzrt2k6r,gamma_075,0,1494,283,283,64,90,47.94700950355229
Batch_1,fzrt2k6r,gamma_075,0,1494,283,283,64,135,21.6840901052701
Batch_1,fzrt2k6r,gamma_075,1,4994,283,283,16,0,1.3620147339958633
Batch_1,fzrt2k6r,gamma_075,1,4994,283,283,16,45,0.5655722194677731
Batch_1,fzrt2k6r,gamma_075,1,4994,283,283,16,90,0.6403862580961259
Batch_1,fzrt2k6r,gamma_075,1,4994,283,283,16,135,1.5831144901793843
Batch_1,fzrt2k6r,gamma_075,1,4994,283,283,32,0,9.259543774611934
Batch_1,fzrt2k6r,gamma_075,1,4994,283,283,32,45,2.289487291319952
Batch_1,fzrt2k6r,gamma_075,1,4994,283,283,32,90,3.2305835177209854
Batch_1,fzrt2k6r,gamma_075,1,4994,283,283,32,135,9.0947168797728
Batch_1,fzrt2k6r,gamma_075,1,4994,283,283,64,0,51.11322717620247
Batch_1,fzrt2k6r,gamma_075,1,4994,283,283,64,45,20.079457013042713
Batch_1,fzrt2k6r,gamma_075,1,4994,283,283,64,90,30.59136359064312
Batch_1,fzrt2k6r,gamma_075,1,4994,283,283,64,135,66.03234379089702
Batch_1,fzrt2k6r,gamma_075,2,1494,1361,1361,16,0,1.379855757261186
Batch_1,fzrt2k6r,gamma_075,2,1494,1361,1361,16,45,2.131289802641456
Batch_1,fzrt2k6r,gamma_075,2,1494,1361,1361,16,90,2.3133439130142945
Batch_1,fzrt2k6r,gamma_075,2,1494,1361,1361,16,135,2.250523291179007
Batch_1,fzrt2k6r,gamma_075,2,1494,1361,1361,32,0,4.940443186464073
Batch_1,fzrt2k6r,gamma_075,2,1494,1361,1361,32,45,13.403697306416047
Batch_1,fzrt2k6r,gamma_075,2,1494,1361,1361,32,90,15.08623854724583
Batch_1,fzrt2k6r,gamma_075,2,1494,1361,1361,32,135,13.223976834704239
Batch_1,fzrt2k6r,gamma_075,2,1494,1361,1361,64,0,20.862771023651135
Batch_1,fzrt2k6r,gamma_075,2,1494,1361,1361,64,45,63.42787856665214
Batch_1,fzrt2k6r,gamma_075,2,1494,1361,1361,64,90,75.43732771551076
Batch_1,fzrt2k6r,gamma_075,2,1494,1361,1361,64,135,38.856354504194925
Batch_1,fzrt2k6r,gamma_075,3,4994,1361,1361,16,0,0.9257830468162301
Batch_1,fzrt2k6r,gamma_075,3,4994,1361,1361,16,45,0.9362603480652066
Batch_1,fzrt2k6r,gamma_075,3,4994,1361,1361,16,90,1.9585005503467565
Batch_1,fzrt2k6r,gamma_075,3,4994,1361,1361,16,135,2.122383545541007
Batch_1,fzrt2k6r,gamma_075,3,4994,1361,1361,32,0,6.111227514959254
Batch_1,fzrt2k6r,gamma_075,3,4994,1361,1361,32,45,5.306664620077133
Batch_1,fzrt2k6r,gamma_075,3,4994,1361,1361,32,90,11.626682212547522
Batch_1,fzrt2k6r,gamma_075,3,4994,1361,1361,32,135,12.13145924642543
Batch_1,fzrt2k6r,gamma_075,3,4994,1361,1361,64,0,15.100639520353704
Batch_1,fzrt2k6r,gamma_075,3,4994,1361,1361,64,45,19.475988053050706
Batch_1,fzrt2k6r,gamma_075,3,4994,1361,1361,64,90,97.04860800608847
Batch_1,fzrt2k6r,gamma_075,3,4994,1361,1361,64,135,59.653935893240615
Batch_1,fzrt2k6r,gamma_125,0,1494,283,283,16,0,1.3902692822354181
Batch_1,fzrt2k6r,gamma_125,0,1494,283,283,16,45,2.4275290234042335
Batch_1,fzrt2k6r,gamma_125,0,1494,283,283,16,90,2.146673909801243
Batch_1,fzrt2k6r,gamma_125,0,1494,283,283,16,135,1.3180120517706138
Batch_1,fzrt2k6r,gamma_125,0,1494,283,283,32,0,5.3530974169367616
Batch_1,fzrt2k6r,gamma_125,0,1494,283,283,32,45,10.548621003181976
Batch_1,fzrt2k6r,gamma_125,0,1494,283,283,32,90,11.36490331341021
Batch_1,fzrt2k6r,gamma_125,0,1494,283,283,32,135,6.156484102577206
Batch_1,fzrt2k6r,gamma_125,0,1494,283,283,64,0,20.671423603396224
Batch_1,fzrt2k6r,gamma_125,0,1494,283,283,64,45,32.84798255703943
Batch_1,fzrt2k6r,gamma_125,0,1494,283,283,64,90,53.93158170657566
Batch_1,fzrt2k6r,gamma_125,0,1494,283,283,64,135,24.909454519728715
Batch_1,fzrt2k6r,gamma_125,1,4994,283,283,16,0,1.1788076637302027
Batch_1,fzrt2k6r,gamma_125,1,4994,283,283,16,45,0.5186337581947096
Batch_1,fzrt2k6r,gamma_125,1,4994,283,283,16,90,0.5961759100660431
Batch_1,fzrt2k6r,gamma_125,1,4994,283,283,16,135,1.4444440634096378
Batch_1,fzrt2k6r,gamma_125,1,4994,283,283,32,0,6.901893996117559
Batch_1,fzrt2k6r,gamma_125,1,4994,283,283,32,45,2.055630761406873
Batch_1,fzrt2k6r,gamma_125,1,4994,283,283,32,90,2.9488237617008433
Batch_1,fzrt2k6r,gamma_125,1,4994,283,283,32,135,7.159411494039279
Batch_1,fzrt2k6r,gamma_125,1,4994,283,283,64,0,35.891366937625804
Batch_1,fzrt2k6r,gamma_125,1,4994,283,283,64,45,15.68309405317977
Batch_1,fzrt2k6r,gamma_125,1,4994,283,283,64,90,21.58600091062167
Batch_1,fzrt2k6r,gamma_125,1,4994,283,283,64,135,47.48017384291184
Batch_1,fzrt2k6r,gamma_125,2,1494,1361,1361,16,0,1.3863391997929633
Batch_1,fzrt2k6r,gamma_125,2,1494,1361,1361,16,45,2.085114224259488
Batch_1,fzrt2k6r,gamma_125,2,1494,1361,1361,16,90,1.89358424448843
Batch_1,fzrt2k6r,gamma_125,2,1494,1361,1361,16,135,1.949774793682996
Batch_1,fzrt2k6r,gamma_125,2,1494,1361,1361,32,0,4.464587482536242
Batch_1,fzrt2k6r,gamma_125,2,1494,1361,1361,32,45,11.309255117600971
Batch_1,fzrt2k6r,gamma_125,2,1494,1361,1361,32,90,10.877455223122515
Batch_1,fzrt2k6r,gamma_125,2,1494,1361,1361,32,135,10.445290682496363
Batch_1,fzrt2k6r,gamma_125,2,1494,1361,1361,64,0,15.32177835942846
Batch_1,fzrt2k6r,gamma_125,2,1494,1361,1361,64,45,47.42888782455423
Batch_1,fzrt2k6r,gamma_125,2,1494,1361,1361,64,90,53.672334041488476
Batch_1,fzrt2k6r,gamma_125,2,1494,1361,1361,64,135,26.08501279252828
Batch_1,fzrt2k6r,gamma_125,3,4994,1361,1361,16,0,0.7656283465990821
Batch_1,fzrt2k6r,gamma_125,3,4994,1361,1361,16,45,0.7492600146239599
Batch_1,fzrt2k6r,gamma_125,3,4994,1361,1361,16,90,1.4905863981964458
Batch_1,fzrt2k6r,gamma_125,3,4994,1361,1361,16,135,1.7724385154075082
Batch_1,fzrt2k6r,gamma_125,3,4994,1361,1361,32,0,4.733559817825541
Batch_1,fzrt2k6r,gamma_125,3,4994,1361,1361,32,45,3.6357809135432695
Batch_1,fzrt2k6r,gamma_125,3,4994,1361,1361,32,90,7.358375321249355
Batch_1,fzrt2k6r,gamma_125,3,4994,1361,1361,32,135,8.426237950727597
Batch_1,fzrt2k6r,gamma_125,3,4994,1361,1361,64,0,10.70722042175239
Batch_1,fzrt2k6r,gamma_125,3,4994,1361,1361,64,45,12.02459707363628
Batch_1,fzrt2k6r,gamma_125,3,4994,1361,1361,64,90,62.06043029973576
Batch_1,fzrt2k6r,gamma_125,3,4994,1361,1361,64,135,43.76566009341055
Batch_1,fzrt2k6r,affine,0,1494,283,283,16,0,1.3236663601378738
Batch_1,fzrt2k6r,affine,0,1494,283,283,16,45,2.4455304557459154
Batch_1,fzrt2k6r,affine,0,1494,283,283,16,90,2.1711895494459945
Batch_1,fzrt2k6r,affine,0,1494,283,283,16,135,1.2414603707676815
Batch_1,fzrt2k6r,affine,0,1494,283,283,32,0,5.215619158947882
Batch_1,fzrt2k6r,affine,0,1494,283,283,32,45,11.294801786503001
Batch_1,fzrt2k6r,affine,0,1494,283,283,32,90,11.50205479857769
Batch_1,fzrt2k6r,affine,0,1494,283,283,32,135,6.133690547530389
Batch_1,fzrt2k6r,affine,0,1494,283,283,64,0,19.369083613964136
Batch_1,fzrt2k6r,affine,0,1494,283,283,64,45,35.591106262638725
Batch_1,fzrt2k6r,affine,0,1494,283,283,64,90,51.10273666073756
Batch_1,fzrt2k6r,affine,0,1494,283,283,64,135,23.35188764684274
Batch_1,fzrt2k6r,affine,1,4994,283,283,16,0,1.2769430078548156
Batch_1,fzrt2k6r,affine,1,4994,283,283,16,45,0.5433783099705535
Batch_1,fzrt2k6r,affine,1,4994,283,283,16,90,0.6192019668497066
Batch_1,fzrt2k6r,affine,1,4994,283,283,16,135,1.5122366492481825
Batch_1,fzrt2k6r,affine,1,4994,283,283,32,0,7.9866905890726425
Batch_1,fzrt2k6r,affine,1,4994,283,283,32,45,2.1363130783393323
Batch_1,fzrt2k6r,affine,1,4994,283,283,32,90,3.0297741537028235
Batch_1,fzrt2k6r,affine,1,4994,283,283,32,135,8.02811327303986
Batch_1,fzrt2k6r,affine,1,4994,283,283,64,0,42.377309872623
Batch_1,fzrt2k6r,affine,1,4994,283,283,64,45,17.364435107971623
Batch_1,fzrt2k6r,affine,1,4994,283,283,64,90,24.93427254200317
Batch_1,fzrt2k6r,affine,1,4994,283,283,64,135,55.91647481626278
Batch_1,fzrt2k6r,affine,2,1494,1361,1361,16,0,1.4068055775144381
Batch_1,fzrt2k6r,affine,2,1494,1361,1361,16,45,2.1368356185326314
Batch_1,fzrt2k6r,affine,2,1494,1361,1361,16,90,2.0940131344166684
Batch_1,fzrt2k6r,affine,2,1494,1361,1361,16,135,2.110049982701151
Batch_1,fzrt2k6r,affine,2,1494,1361,1361,32,0,4.732219040633834
Batch_1,fzrt2k6r,affine,2,1494,1361,1361,32,45,12.462987209650255
Batch_1,fzrt2k6r,affine,2,1494,1361,1361,32,90,12.809858678844343
Batch_1,fzrt2k6r,affine,2,1494,1361,1361,32,135,11.846979592648315
Batch_1,fzrt2k6r,affine,2,1494,1361,1361,64,0,17.753761328278422
Batch_1,fzrt2k6r,affine,2,1494,1361,1361,64,45,55.356791366937635
Batch_1,fzrt2k6r,affine,2,1494,1361,1361,64,90,64.03000514225512
Batch_1,fzrt2k6r,affine,2,1494,1361,1361,64,135,31.63393436740322
Batch_1,fzrt2k6r,affine,3,4994,1361,1361,16,0,0.8484380152061237
Batch_1,fzrt2k6r,affine,3,4994,1361,1361,16,45,0.8358822445420224
Batch_1,fzrt2k6r,affine,3,4994,1361,1361,16,90,1.6967185243393823
Batch_1,fzrt2k6r,affine,3,4994,1361,1361,16,135,1.9566024298487392
Batch_1,fzrt2k6r,affine,3,4994,1361,1361,32,0,5.4130595033928355
Batch_1,fzrt2k6r,affine,3,4994,1361,1361,32,45,4.354169359883375
Batch_1,fzrt2k6r,affine,3,4994,1361,1361,32,90,9.11581802029353
Batch_1,fzrt2k6r,affine,3,4994,1361,1361,32,135,10.052242027335268
Batch_1,fzrt2k6r,affine,3,4994,1361,1361,64,0,12.650482400741913
Batch_1,fzrt2k6r,affine,3,4994,1361,1361,64,45,15.15158600136951
Batch_1,fzrt2k6r,affine,3,4994,1361,1361,64,90,77.89331550150919
Batch_1,fzrt2k6r,affine,3,4994,1361,1361,64,135,51.134608619102856
Batch_1,iv6g2oq0,nominal,0,1484,189,189,16,0,2.104406139205396
Batch_1,iv6g2oq0,nominal,0,1484,189,189,16,45,1.7347243888809751
Batch_1,iv6g2oq0,nominal,0,1484,189,189,16,90,1.6287343612510954
Batch_1,iv6g2oq0,nominal,0,1484,189,189,16,135,2.0094722850189206
Batch_1,iv6g2oq0,nominal,0,1484,189,189,32,0,11.5178174929183
Batch_1,iv6g2oq0,nominal,0,1484,189,189,32,45,10.69661417620373
Batch_1,iv6g2oq0,nominal,0,1484,189,189,32,90,11.019899773588152
Batch_1,iv6g2oq0,nominal,0,1484,189,189,32,135,9.24616172531673
Batch_1,iv6g2oq0,nominal,0,1484,189,189,64,0,46.076097633336325
Batch_1,iv6g2oq0,nominal,0,1484,189,189,64,45,67.0728399038691
Batch_1,iv6g2oq0,nominal,0,1484,189,189,64,90,76.64996441867163
Batch_1,iv6g2oq0,nominal,0,1484,189,189,64,135,41.70920814024141
Batch_1,iv6g2oq0,nominal,1,4964,189,189,16,0,0.3620836570992724
Batch_1,iv6g2oq0,nominal,1,4964,189,189,16,45,1.5169966214588744
Batch_1,iv6g2oq0,nominal,1,4964,189,189,16,90,0.7129510711736602
Batch_1,iv6g2oq0,nominal,1,4964,189,189,16,135,0.7723884424785435
Batch_1,iv6g2oq0,nominal,1,4964,189,189,32,0,1.9120824539967796
Batch_1,iv6g2oq0,nominal,1,4964,189,189,32,45,9.758310369322935
Batch_1,iv6g2oq0,nominal,1,4964,189,189,32,90,5.100958036446745
Batch_1,iv6g2oq0,nominal,1,4964,189,189,32,135,2.9651077987775603
Batch_1,iv6g2oq0,nominal,1,4964,189,189,64,0,10.414641269211105
Batch_1,iv6g2oq0,nominal,1,4964,189,189,64,45,30.89687263124301
Batch_1,iv6g2oq0,nominal,1,4964,189,189,64,90,23.609764018904364
Batch_1,iv6g2oq0,nominal,1,4964,189,189,64,135,11.87652571299927
Batch_1,iv6g2oq0,nominal,2,1484,1079,1079,16,0,1.360845831992685
Batch_1,iv6g2oq0,nominal,2,1484,1079,1079,16,45,1.3086712150008162
Batch_1,iv6g2oq0,nominal,2,1484,1079,1079,16,90,2.8857045601413587
Batch_1,iv6g2oq0,nominal,2,1484,1079,1079,16,135,1.0526786501591983
Batch_1,iv6g2oq0,nominal,2,1484,1079,1079,32,0,4.951547025046315
Batch_1,iv6g2oq0,nominal,2,1484,1079,1079,32,45,6.135337312562182
Batch_1,iv6g2oq0,nominal,2,1484,1079,1079,32,90,16.839256388387504
Batch_1,iv6g2oq0,nominal,2,1484,1079,1079,32,135,4.0808244568706735
Batch_1,iv6g2oq0,nominal,2,1484,1079,1079,64,0,18.583865748890133
Batch_1,iv6g2oq0,nominal,2,1484,1079,1079,64,45,27.45249108236538
Batch_1,iv6g2oq0,nominal,2,1484,1079,1079,64,90,31.900457356645056
Batch_1,iv6g2oq0,nominal,2,1484,1079,1079,64,135,8.168816684061582
Batch_1,iv6g2oq0,nominal,3,4964,1079,1079,16,0,0.6790762128412117
Batch_1,iv6g2oq0,nominal,3,4964,1079,1079,16,45,0.9545711802128457
Batch_1,iv6g2oq0,nominal,3,4964,1079,1079,16,90,1.2796064283819018
Batch_1,iv6g2oq0,nominal,3,4964,1079,1079,16,135,1.401101717342458
Batch_1,iv6g2oq0,nominal,3,4964,1079,1079,32,0,3.03861213287194
Batch_1,iv6g2oq0,nominal,3,4964,1079,1079,32,45,5.9801727930985065
Batch_1,iv6g2oq0,nominal,3,4964,1079,1079,32,90,9.290464770803856
Batch_1,iv6g2oq0,nominal,3,4964,1079,1079,32,135,8.164565799914289
Batch_1,iv6g2oq0,nominal,3,4964,1079,1079,64,0,18.07361781304997
Batch_1,iv6g2oq0,nominal,3,4964,1079,1079,64,45,83.44651637603197
Batch_1,iv6g2oq0,nominal,3,4964,1079,1079,64,90,50.37932891933879
Batch_1,iv6g2oq0,nominal,3,4964,1079,1079,64,135,37.786737010579834
Batch_1,iv6g2oq0,full_resolution,0,1484,189,189,16,0,7.338360314557641
Batch_1,iv6g2oq0,full_resolution,0,1484,189,189,16,45,6.055035240519328
Batch_1,iv6g2oq0,full_resolution,0,1484,189,189,16,90,5.671655695292161
Batch_1,iv6g2oq0,full_resolution,0,1484,189,189,16,135,6.958867975476
Batch_1,iv6g2oq0,full_resolution,0,1484,189,189,32,0,39.32296522052458
Batch_1,iv6g2oq0,full_resolution,0,1484,189,189,32,45,36.47260287605186
Batch_1,iv6g2oq0,full_resolution,0,1484,189,189,32,90,37.549109880756234
Batch_1,iv6g2oq0,full_resolution,0,1484,189,189,32,135,31.495874454101248
Batch_1,iv6g2oq0,full_resolution,0,1484,189,189,64,0,155.82170338256654
Batch_1,iv6g2oq0,full_resolution,0,1484,189,189,64,45,226.89128236208512
Batch_1,iv6g2oq0,full_resolution,0,1484,189,189,64,90,259.5815208647085
Batch_1,iv6g2oq0,full_resolution,0,1484,189,189,64,135,141.23130961544956
Batch_1,iv6g2oq0,full_resolution,1,4964,189,189,16,0,1.3388187799481073
Batch_1,iv6g2oq0,full_resolution,1,4964,189,189,16,45,5.607742173665031
Batch_1,iv6g2oq0,full_resolution,1,4964,189,189,16,90,2.622094071829949
Batch_1,iv6g2oq0,full_resolution,1,4964,189,189,16,135,2.8681521114871886
Batch_1,iv6g2oq0,full_resolution,1,4964,189,189,32,0,6.913566339550528
Batch_1,iv6g2oq0,full_resolution,1,4964,189,189,32,45,35.24936089181215
Batch_1,iv6g2oq0,full_resolution,1,4964,189,189,32,90,18.401849350966987
Batch_1,iv6g2oq0,full_resolution,1,4964,189,189,32,135,10.739655695490624
Batch_1,iv6g2oq0,full_resolution,1,4964,189,189,64,0,37.35716818615844
Batch_1,iv6g2oq0,full_resolution,1,4964,189,189,64,45,111.006171365182
Batch_1,iv6g2oq0,full_resolution,1,4964,189,189,64,90,84.79393272881548
Batch_1,iv6g2oq0,full_resolution,1,4964,189,189,64,135,42.66304006365828
Batch_1,iv6g2oq0,full_resolution,2,1484,1079,1079,16,0,4.278075313217267
Batch_1,iv6g2oq0,full_resolution,2,1484,1079,1079,16,45,4.127514233673684
Batch_1,iv6g2oq0,full_resolution,2,1484,1079,1079,16,90,9.096865683649884
Batch_1,iv6g2oq0,full_resolution,2,1484,1079,1079,16,135,3.3200215067796064
Batch_1,iv6g2oq0,full_resolution,2,1484,1079,1079,32,0,15.266351846373126
Batch_1,iv6g2oq0,full_resolution,2,1484,1079,1079,32,45,18.94204266222384
Batch_1,iv6g2oq0,full_resolution,2,1484,1079,1079,32,90,51.886442073801355
Batch_1,iv6g2oq0,full_resolution,2,1484,1079,1079,32,135,12.604436286675481
Batch_1,iv6g2oq0,full_resolution,2,1484,1079,1079,64,0,57.00990870320016
Batch_1,iv6g2oq0,full_resolution,2,1484,1079,1079,64,45,84.15586932252903
Batch_1,iv6g2oq0,full_resolution,2,1484,1079,1079,64,90,97.83431735773182
Batch_1,iv6g2oq0,full_resolution,2,1484,1079,1079,64,135,25.087570971673586
Batch_1,iv6g2oq0,full_resolution,3,4964,1079,1079,16,0,2.401888692557635
Batch_1,iv6g2oq0,full_resolution,3,4964,1079,1079,16,45,3.3508679589840527
Batch_1,iv6g2oq0,full_resolution,3,4964,1079,1079,16,90,4.502981271932893
Batch_1,iv6g2oq0,full_resolution,3,4964,1079,1079,16,135,4.959061183417913
Batch_1,iv6g2oq0,full_resolution,3,4964,1079,1079,32,0,10.488788467574146
Batch_1,iv6g2oq0,full_resolution,3,4964,1079,1079,32,45,20.63764169401895
Batch_1,iv6g2oq0,full_resolution,3,4964,1079,1079,32,90,32.14201366919727
Batch_1,iv6g2oq0,full_resolution,3,4964,1079,1079,32,135,28.252744432438934
Batch_1,iv6g2oq0,full_resolution,3,4964,1079,1079,64,0,62.13404884325198
Batch_1,iv6g2oq0,full_resolution,3,4964,1079,1079,64,45,286.8906610702441
Batch_1,iv6g2oq0,full_resolution,3,4964,1079,1079,64,90,173.16417162756662
Batch_1,iv6g2oq0,full_resolution,3,4964,1079,1079,64,135,129.75185592147776
Batch_1,iv6g2oq0,gamma_075,0,1484,189,189,16,0,2.049580487382037
Batch_1,iv6g2oq0,gamma_075,0,1484,189,189,16,45,1.889027607020991
Batch_1,iv6g2oq0,gamma_075,0,1484,189,189,16,90,1.6699123154271112
Batch_1,iv6g2oq0,gamma_075,0,1484,189,189,16,135,1.9715049127651847
Batch_1,iv6g2oq0,gamma_075,0,1484,189,189,32,0,11.58492265136096
Batch_1,iv6g2oq0,gamma_075,0,1484,189,189,32,45,12.155223254198315
Batch_1,iv6g2oq0,gamma_075,0,1484,189,189,32,90,11.67581688293243
Batch_1,iv6g2oq0,gamma_075,0,1484,189,189,32,135,9.400132914747903
Batch_1,iv6g2oq0,gamma_075,0,1484,189,189,64,0,42.29411684971696
Batch_1,iv6g2oq0,gamma_075,0,1484,189,189,64,45,77.44993358072742
Batch_1,iv6g2oq0,gamma_075,0,1484,189,189,64,90,83.83331220365567
Batch_1,iv6g2oq0,gamma_075,0,1484,189,189,64,135,37.05395323283553
Batch_1,iv6g2oq0,gamma_075,1,4964,189,189,16,0,0.4034743569176362
Batch_1,iv6g2oq0,gamma_075,1,4964,189,189,16,45,1.9387611665787574
Batch_1,iv6g2oq0,gamma_075,1,4964,189,189,16,90,0.7947459567526667
Batch_1,iv6g2oq0,gamma_075,1,4964,189,189,16,135,0.8673022897389921
Batch_1,iv6g2oq0,gamma_075,1,4964,189,189,32,0,2.4590906007449367
Batch_1,iv6g2oq0,gamma_075,1,4964,189,189,32,45,13.290762767920864
Batch_1,iv6g2oq0,gamma_075,1,4964,189,189,32,90,6.197699782456811
Batch_1,iv6g2oq0,gamma_075,1,4964,189,189,32,135,3.403063945084166
Batch_1,iv6g2oq0,gamma_075,1,4964,189,189,64,0,13.387449084619016
Batch_1,iv6g2oq0,gamma_075,1,4964,189,189,64,45,40.33093808010948
Batch_1,iv6g2oq0,gamma_075,1,4964,189,189,64,90,29.99130358412536
Batch_1,iv6g2oq0,gamma_075,1,4964,189,189,64,135,13.189570871836775
Batch_1,iv6g2oq0,gamma_075,2,1484,1079,1079,16,0,1.3894217833487073
Batch_1,iv6g2oq0,gamma_075,2,1484,1079,1079,16,45,1.3478187035999931
Batch_1,iv6g2oq0,gamma_075,2,1484,1079,1079,16,90,2.9148312828428966
Batch_1,iv6g2oq0,gamma_075,2,1484,1079,1079,16,135,1.027847001526405
Batch_1,iv6g2oq0,gamma_075,2,1484,1079,1079,32,0,5.252903687832506
Batch_1,iv6g2oq0,gamma_075,2,1484,1079,1079,32,45,6.83076655214502
Batch_1,iv6g2oq0,gamma_075,2,1484,1079,1079,32,90,16.740204656615813
Batch_1,iv6g2oq0,gamma_075,2,1484,1079,1079,32,135,4.2009067165920415
Batch_1,iv6g2oq0,gamma_075,2,1484,1079,1079,64,0,20.19009774989441
Batch_1,iv6g2oq0,gamma_075,2,1484,1079,1079,64,45,30.16078615480712
Batch_1,iv6g2oq0,gamma_075,2,1484,1079,1079,64,90,37.79008036510775
Batch_1,iv6g2oq0,gamma_075,2,1484,1079,1079,64,135,9.087579704948263
Batch_1,iv6g2oq0,gamma_075,3,4964,1079,1079,16,0,0.7224864339549135
Batch_1,iv6g2oq0,gamma_075,3,4964,1079,1079,16,45,1.0565286359715926
Batch_1,iv6g2oq0,gamma_075,3,4964,1079,1079,16,90,1.3952192277606672
Batch_1,iv6g2oq0,gamma_075,3,4964,1079,1079,16,135,1.4671365845547744
Batch_1,iv6g2oq0,gamma_075,3,4964,1079,1079,32,0,3.4852148224698305
Batch_1,iv6g2oq0,gamma_075,3,4964,1079,1079,32,45,7.65680560093848
Batch_1,iv6g2oq0,gamma_075,3,4964,1079,1079,32,90,11.343045910912762
Batch_1,iv6g2oq0,gamma_075,3,4964,1079,1079,32,135,8.973886349134865
Batch_1,iv6g2oq0,gamma_075,3,4964,1079,1079,64,0,22.66102656760617
Batch_1,iv6g2oq0,gamma_075,3,4964,1079,1079,64,45,105.81687443988443
Batch_1,iv6g2oq0,gamma_075,3,4964,1079,1079,64,90,59.08108706535296
Batch_1,iv6g2oq0,gamma_075,3,4964,1079,1079,64,135,43.668794330879244
Batch_1,iv6g2oq0,gamma_125,0,1484,189,189,16,0,2.115037158131738
Batch_1,iv6g2oq0,gamma_125,0,1484,189,189,16,45,1.6111064075760586
Batch_1,iv6g2oq0,gamma_125,0,1484,189,189,16,90,1.5828648279235262
Batch_1,iv6g2oq0,gamma_125,0,1484,189,189,16,135,2.045707006410378
Batch_1,iv6g2oq0,gamma_125,0,1484,189,189,32,0,11.141084633374623
Batch_1,iv6g2oq0,gamma_125,0,1484,189,189,32,45,9.489139952626775
Batch_1,iv6g2oq0,gamma_125,0,1484,189,189,32,90,10.489351432470626
Batch_1,iv6g2oq0,gamma_125,0,1484,189,189,32,135,9.255015413894771
Batch_1,iv6g2oq0,gamma_125,0,1484,189,189,64,0,48.29461578271022
Batch_1,iv6g2oq0,gamma_125,0,1484,189,189,64,45,59.529527406201
Batch_1,iv6g2oq0,gamma_125,0,1484,189,189,64,90,71.02420325862467
Batch_1,iv6g2oq0,gamma_125,0,1484,189,189,64,135,45.62135345714396
Batch_1,iv6g2oq0,gamma_125,1,4964,189,189,16,0,0.32182100343626724
Batch_1,iv6g2oq0,gamma_125,1,4964,189,189,16,45,1.19091306789306
Batch_1,iv6g2oq0,gamma_125,1,4964,189,189,16,90,0.6345177731876547
Batch_1,iv6g2oq0,gamma_125,1,4964,189,189,16,135,0.6749659051457871
Batch_1,iv6g2oq0,gamma_125,1,4964,189,189,32,0,1.5117514642367664
Batch_1,iv6g2oq0,gamma_125,1,4964,189,189,32,45,7.191413856218785
Batch_1,iv6g2oq0,gamma_125,1,4964,189,189,32,90,4.213282586162372
Batch_1,iv6g2oq0,gamma_125,1,4964,189,189,32,135,2.5495494219812436
Batch_1,iv6g2oq0,gamma_125,1,4964,189,189,64,0,8.243389120459433
Batch_1,iv6g2oq0,gamma_125,1,4964,189,189,64,45,23.585185105318995
Batch_1,iv6g2oq0,gamma_125,1,4964,189,189,64,90,18.631090544396912
Batch_1,iv6g2oq0,gamma_125,1,4964,189,189,64,135,10.849941399111529
Batch_1,iv6g2oq0,gamma_125,2,1484,1079,1079,16,0,1.3083417266501265
Batch_1,iv6g2oq0,gamma_125,2,1484,1079,1079,16,45,1.2677138079937764
Batch_1,iv6g2oq0,gamma_125,2,1484,1079,1079,16,90,2.8077819250325446
Batch_1,iv6g2oq0,gamma_125,2,1484,1079,1079,16,135,1.048668583570035
Batch_1,iv6g2oq0,gamma_125,2,1484,1079,1079,32,0,4.5442350626178305
Batch_1,iv6g2oq0,gamma_125,2,1484,1079,1079,32,45,5.473981486147023
Batch_1,iv6g2oq0,gamma_125,2,1484,1079,1079,32,90,16.62138058285258
Batch_1,iv6g2oq0,gamma_125,2,1484,1079,1079,32,135,3.8795198024924202
Batch_1,iv6g2oq0,gamma_125,2,1484,1079,1079,64,0,16.49100444302061
Batch_1,iv6g2oq0,gamma_125,2,1484,1079,1079,64,45,24.174385903770848
Batch_1,iv6g2oq0,gamma_125,2,1484,1079,1079,64,90,27.606836310959174
Batch_1,iv6g2oq0,gamma_125,2,1484,1079,1079,64,135,7.443786074455808
Batch_1,iv6g2oq0,gamma_125,3,4964,1079,1079,16,0,0.6314950893006207
Batch_1,iv6g2oq0,gamma_125,3,4964,1079,1079,16,45,0.8784861527770594
Batch_1,iv6g2oq0,gamma_125,3,4964,1079,1079,16,90,1.174388822874155
Batch_1,iv6g2oq0,gamma_125,3,4964,1079,1079,16,135,1.3018611108900056
Batch_1,iv6g2oq0,gamma_125,3,4964,1079,1079,32,0,2.6672643909747276
Batch_1,iv6g2oq0,gamma_125,3,4964,1079,1079,32,45,4.9290072391953395
Batch_1,iv6g2oq0,gamma_125,3,4964,1079,1079,32,90,7.857393034726121
Batch_1,iv6g2oq0,gamma_125,3,4964,1079,1079,32,135,7.186930156221236
Batch_1,iv6g2oq0,gamma_125,3,4964,1079,1079,64,0,14.599314813627974
Batch_1,iv6g2oq0,gamma_125,3,4964,1079,1079,64,45,66.04285105760484
Batch_1,iv6g2oq0,gamma_125,3,4964,1079,1079,64,90,43.66726159568409
Batch_1,iv6g2oq0,gamma_125,3,4964,1079,1079,64,135,31.97250380839481
Batch_1,iv6g2oq0,affine,0,1484,189,189,16,0,2.1044061392053965
Batch_1,iv6g2oq0,affine,0,1484,189,189,16,45,1.7347243888809751
Batch_1,iv6g2oq0,affine,0,1484,189,189,16,90,1.6287343612510954
Batch_1,iv6g2oq0,affine,0,1484,189,189,16,135,2.009472285018921
Batch_1,iv6g2oq0,affine,0,1484,189,189,32,0,11.517817492918303
Batch_1,iv6g2oq0,affine,0,1484,189,189,32,45,10.696614176203731
Batch_1,iv6g2oq0,affine,0,1484,189,189,32,90,11.019899773588154
Batch_1,iv6g2oq0,affine,0,1484,189,189,32,135,9.246161725316732
Batch_1,iv6g2oq0,affine,0,1484,189,189,64,0,46.076097633336325
Batch_1,iv6g2oq0,affine,0,1484,189,189,64,45,67.07283990386911
Batch_1,iv6g2oq0,affine,0,1484,189,189,64,90,76.64996441867162
Batch_1,iv6g2oq0,affine,0,1484,189,189,64,135,41.70920814024141
Batch_1,iv6g2oq0,affine,1,4964,189,189,16,0,0.3620836570992725
Batch_1,iv6g2oq0,affine,1,4964,189,189,16,45,1.5169966214588744
Batch_1,iv6g2oq0,affine,1,4964,189,189,16,90,0.71295107117366
Batch_1,iv6g2oq0,affine,1,4964,189,189,16,135,0.7723884424785439
Batch_1,iv6g2oq0,affine,1,4964,189,189,32,0,1.9120824539967796
Batch_1,iv6g2oq0,affine,1,4964,189,189,32,45,9.758310369322935
Batch_1,iv6g2oq0,affine,1,4964,189,189,32,90,5.100958036446744
Batch_1,iv6g2oq0,affine,1,4964,189,189,32,135,2.9651077987775607
Batch_1,iv6g2oq0,affine,1,4964,189,189,64,0,10.414641269211105
Batch_1,iv6g2oq0,affine,1,4964,189,189,64,45,30.896872631243014
Batch_1,iv6g2oq0,affine,1,4964,189,189,64,90,23.609764018904364
Batch_1,iv6g2oq0,affine,1,4964,189,189,64,135,11.87652571299927
Batch_1,iv6g2oq0,affine,2,1484,1079,1079,16,0,1.360845831992685
Batch_1,iv6g2oq0,affine,2,1484,1079,1079,16,45,1.3086712150008162
Batch_1,iv6g2oq0,affine,2,1484,1079,1079,16,90,2.885704560141358
Batch_1,iv6g2oq0,affine,2,1484,1079,1079,16,135,1.052678650159198
Batch_1,iv6g2oq0,affine,2,1484,1079,1079,32,0,4.951547025046316
Batch_1,iv6g2oq0,affine,2,1484,1079,1079,32,45,6.13533731256218
Batch_1,iv6g2oq0,affine,2,1484,1079,1079,32,90,16.839256388387504
Batch_1,iv6g2oq0,affine,2,1484,1079,1079,32,135,4.0808244568706735
Batch_1,iv6g2oq0,affine,2,1484,1079,1079,64,0,18.583865748890133
Batch_1,iv6g2oq0,affine,2,1484,1079,1079,64,45,27.45249108236538
Batch_1,iv6g2oq0,affine,2,1484,1079,1079,64,90,31.90045735664507
Batch_1,iv6g2oq0,affine,2,1484,1079,1079,64,135,8.168816684061582
Batch_1,iv6g2oq0,affine,3,4964,1079,1079,16,0,0.6790762128412114
Batch_1,iv6g2oq0,affine,3,4964,1079,1079,16,45,0.9545711802128455
Batch_1,iv6g2oq0,affine,3,4964,1079,1079,16,90,1.2796064283819013
Batch_1,iv6g2oq0,affine,3,4964,1079,1079,16,135,1.4011017173424574
Batch_1,iv6g2oq0,affine,3,4964,1079,1079,32,0,3.038612132871939
Batch_1,iv6g2oq0,affine,3,4964,1079,1079,32,45,5.980172793098505
Batch_1,iv6g2oq0,affine,3,4964,1079,1079,32,90,9.290464770803855
Batch_1,iv6g2oq0,affine,3,4964,1079,1079,32,135,8.164565799914287
Batch_1,iv6g2oq0,affine,3,4964,1079,1079,64,0,18.073617813049967
Batch_1,iv6g2oq0,affine,3,4964,1079,1079,64,45,83.44651637603194
Batch_1,iv6g2oq0,affine,3,4964,1079,1079,64,90,50.37932891933877
Batch_1,iv6g2oq0,affine,3,4964,1079,1079,64,135,37.786737010579834
Batch_1,uhdslk0o,nominal,0,1494,214,214,16,0,1.3677721725132646
Batch_1,uhdslk0o,nominal,0,1494,214,214,16,45,0.9753742982697395
Batch_1,uhdslk0o,nominal,0,1494,214,214,16,90,0.9778873211511666
Batch_1,uhdslk0o,nominal,0,1494,214,214,16,135,1.1723138148447358
Batch_1,uhdslk0o,nominal,0,1494,214,214,32,0,4.578831182328484
Batch_1,uhdslk0o,nominal,0,1494,214,214,32,45,2.2754915718809143
Batch_1,uhdslk0o,nominal,0,1494,214,214,32,90,2.8902959864664965
Batch_1,uhdslk0o,nominal,0,1494,214,214,32,135,4.119556008669898
Batch_1,uhdslk0o,nominal,0,1494,214,214,64,0,12.200016253116992
Batch_1,uhdslk0o,nominal,0,1494,214,214,64,45,10.231313879624564
Batch_1,uhdslk0o,nominal,0,1494,214,214,64,90,7.117961036262934
Batch_1,uhdslk0o,nominal,0,1494,214,214,64,135,10.38518230812661
Batch_1,uhdslk0o,nominal,1,4994,214,214,16,0,1.443431920449461
Batch_1,uhdslk0o,nominal,1,4994,214,214,16,45,1.808718544417959
Batch_1,uhdslk0o,nominal,1,4994,214,214,16,90,1.4273160114730186
Batch_1,uhdslk0o,nominal,1,4994,214,214,16,135,1.4465099403496302
Batch_1,uhdslk0o,nominal,1,4994,214,214,32,0,8.558814977244229
Batch_1,uhdslk0o,nominal,1,4994,214,214,32,45,9.39832942829646
Batch_1,uhdslk0o,nominal,1,4994,214,214,32,90,8.469962962658167
Batch_1,uhdslk0o,nominal,1,4994,214,214,32,135,7.168979482315565
Batch_1,uhdslk0o,nominal,1,4994,214,214,64,0,30.804996429895436
Batch_1,uhdslk0o,nominal,1,4994,214,214,64,45,90.68056280291803
Batch_1,uhdslk0o,nominal,1,4994,214,214,64,90,58.10001956118912
Batch_1,uhdslk0o,nominal,1,4994,214,214,64,135,27.44752622374115
Batch_1,uhdslk0o,nominal,2,1494,1154,1154,16,0,0.7077256841275031
Batch_1,uhdslk0o,nominal,2,1494,1154,1154,16,45,0.9448336821978242
Batch_1,uhdslk0o,nominal,2,1494,1154,1154,16,90,1.1635319785356881
Batch_1,uhdslk0o,nominal,2,1494,1154,1154,16,135,0.6360059325984697
Batch_1,uhdslk0o,nominal,2,1494,1154,1154,32,0,3.4173704133395484
Batch_1,uhdslk0o,nominal,2,1494,1154,1154,32,45,2.8073475988139784
Batch_1,uhdslk0o,nominal,2,1494,1154,1154,32,90,6.8072321751280285
Batch_1,uhdslk0o,nominal,2,1494,1154,1154,32,135,3.777165016828326
Batch_1,uhdslk0o,nominal,2,1494,1154,1154,64,0,10.016364960931336
Batch_1,uhdslk0o,nominal,2,1494,1154,1154,64,45,17.807496690726634
Batch_1,uhdslk0o,nominal,2,1494,1154,1154,64,90,39.112697034661984
Batch_1,uhdslk0o,nominal,2,1494,1154,1154,64,135,15.559967696046622
Batch_1,uhdslk0o,nominal,3,4994,1154,1154,16,0,0.6718752876531288
Batch_1,uhdslk0o,nominal,3,4994,1154,1154,16,45,0.5866081016882413
Batch_1,uhdslk0o,nominal,3,4994,1154,1154,16,90,1.2534040170459215
Batch_1,uhdslk0o,nominal,3,4994,1154,1154,16,135,1.0395003858935665
Batch_1,uhdslk0o,nominal,3,4994,1154,1154,32,0,4.687057589604225
Batch_1,uhdslk0o,nominal,3,4994,1154,1154,32,45,4.423716174551658
Batch_1,uhdslk0o,nominal,3,4994,1154,1154,32,90,7.110085176246762
Batch_1,uhdslk0o,nominal,3,4994,1154,1154,32,135,7.173821891426412
Batch_1,uhdslk0o,nominal,3,4994,1154,1154,64,0,31.334393710104884
Batch_1,uhdslk0o,nominal,3,4994,1154,1154,64,45,38.0144501633215
Batch_1,uhdslk0o,nominal,3,4994,1154,1154,64,90,37.21727373509473
Batch_1,uhdslk0o,nominal,3,4994,1154,1154,64,135,24.543639274081805
Batch_1,uhdslk0o,full_resolution,0,1494,214,214,16,0,3.155692343752772
Batch_1,uhdslk0o,full_resolution,0,1494,214,214,16,45,2.2130974018333567
Batch_1,uhdslk0o,full_resolution,0,1494,214,214,16,90,2.219855901865114
Batch_1,uhdslk0o,full_resolution,0,1494,214,214,16,135,2.668316850113244
Batch_1,uhdslk0o,full_resolution,0,1494,214,214,32,0,10.287003077048462
Batch_1,uhdslk0o,full_resolution,0,1494,214,214,32,45,5.141517174928359
Batch_1,uhdslk0o,full_resolution,0,1494,214,214,32,90,6.425018602254041
Batch_1,uhdslk0o,full_resolution,0,1494,214,214,32,135,9.20689601966077
Batch_1,uhdslk0o,full_resolution,0,1494,214,214,64,0,27.05496550326742
Batch_1,uhdslk0o,full_resolution,0,1494,214,214,64,45,22.815388820352993
Batch_1,uhdslk0o,full_resolution,0,1494,214,214,64,90,15.833065282919627
Batch_1,uhdslk0o,full_resolution,0,1494,214,214,64,135,22.98966592330422
Batch_1,uhdslk0o,full_resolution,1,4994,214,214,16,0,5.224088013406074
Batch_1,uhdslk0o,full_resolution,1,4994,214,214,16,45,6.566944708917301
Batch_1,uhdslk0o,full_resolution,1,4994,214,214,16,90,5.178947115506944
Batch_1,uhdslk0o,full_resolution,1,4994,214,214,16,135,5.2224086081656695
Batch_1,uhdslk0o,full_resolution,1,4994,214,214,32,0,30.404683210343634
Batch_1,uhdslk0o,full_resolution,1,4994,214,214,32,45,33.305643719816
Batch_1,uhdslk0o,full_resolution,1,4994,214,214,32,90,30.090116229821014
Batch_1,uhdslk0o,full_resolution,1,4994,214,214,32,135,25.45356690492968
Batch_1,uhdslk0o,full_resolution,1,4994,214,214,64,0,108.69686236837705
Batch_1,uhdslk0o,full_resolution,1,4994,214,214,64,45,320.12187462067214
Batch_1,uhdslk0o,full_resolution,1,4994,214,214,64,90,205.25034382746574
Batch_1,uhdslk0o,full_resolution,1,4994,214,214,64,135,96.82433230889772
Batch_1,uhdslk0o,full_resolution,2,1494,1154,1154,16,0,2.4342846545451757
Batch_1,uhdslk0o,full_resolution,2,1494,1154,1154,16,45,3.274391788777221
Batch_1,uhdslk0o,full_resolution,2,1494,1154,1154,16,90,3.988967297112408
Batch_1,uhdslk0o,full_resolution,2,1494,1154,1154,16,135,2.1878362697818483
Batch_1,uhdslk0o,full_resolution,2,1494,1154,1154,32,0,11.567971890226366
Batch_1,uhdslk0o,full_resolution,2,1494,1154,1154,32,45,9.491162804093499
Batch_1,uhdslk0o,full_resolution,2,1494,1154,1154,32,90,23.00182721310116
Batch_1,uhdslk0o,full_resolution,2,1494,1154,1154,32,135,12.793204371766032
Batch_1,uhdslk0o,full_resolution,2,1494,1154,1154,64,0,33.679154257067864
Batch_1,uhdslk0o,full_resolution,2,1494,1154,1154,64,45,59.89554178738224
Batch_1,uhdslk0o,full_resolution,2,1494,1154,1154,64,90,131.20347981568491
Batch_1,uhdslk0o,full_resolution,2,1494,1154,1154,64,135,52.31098543208864
Batch_1,uhdslk0o,full_resolution,3,4994,1154,1154,16,0,2.435627347383372
Batch_1,uhdslk0o,full_resolution,3,4994,1154,1154,16,45,2.127673526998326
Batch_1,uhdslk0o,full_resolution,3,4994,1154,1154,16,90,4.557032353865452
Batch_1,uhdslk0o,full_resolution,3,4994,1154,1154,16,135,3.7777227642260107
Batch_1,uhdslk0o,full_resolution,3,4994,1154,1154,32,0,16.588558903728696
Batch_1,uhdslk0o,full_resolution,3,4994,1154,1154,32,45,15.676466998250802
Batch_1,uhdslk0o,full_resolution,3,4994,1154,1154,32,90,25.199112972017485
Batch_1,uhdslk0o,full_resolution,3,4994,1154,1154,32,135,25.460467056629195
Batch_1,uhdslk0o,full_resolution,3,4994,1154,1154,64,0,110.31181010372843
Batch_1,uhdslk0o,full_resolution,3,4994,1154,1154,64,45,134.01235265655538
Batch_1,uhdslk0o,full_resolution,3,4994,1154,1154,64,90,131.32916899993398
Batch_1,uhdslk0o,full_resolution,3,4994,1154,1154,64,135,86.60828983339579
Batch_1,uhdslk0o,gamma_075,0,1494,214,214,16,0,1.1716757641044118
Batch_1,uhdslk0o,gamma_075,0,1494,214,214,16,45,0.8443721704268516
Batch_1,uhdslk0o,gamma_075,0,1494,214,214,16,90,0.8156093810618569
Batch_1,uhdslk0o,gamma_075,0,1494,214,214,16,135,0.9464186292648233
Batch_1,uhdslk0o,gamma_075,0,1494,214,214,32,0,3.931770589276356
Batch_1,uhdslk0o,gamma_075,0,1494,214,214,32,45,2.0621693970979043
Batch_1,uhdslk0o,gamma_075,0,1494,214,214,32,90,2.483230562425043
Batch_1,uhdslk0o,gamma_075,0,1494,214,214,32,135,3.434935734150644
Batch_1,uhdslk0o,gamma_075,0,1494,214,214,64,0,11.435941680826364
Batch_1,uhdslk0o,gamma_075,0,1494,214,214,64,45,10.003256077884997
Batch_1,uhdslk0o,gamma_075,0,1494,214,214,64,90,6.582967582502054
Batch_1,uhdslk0o,gamma_075,0,1494,214,214,64,135,9.141746150520811
Batch_1,uhdslk0o,gamma_075,1,4994,214,214,16,0,1.7115666007833048
Batch_1,uhdslk0o,gamma_075,1,4994,214,214,16,45,2.1916795951789347
Batch_1,uhdslk0o,gamma_075,1,4994,214,214,16,90,1.6123744944122353
Batch_1,uhdslk0o,gamma_075,1,4994,214,214,16,135,1.6988664026310432
Batch_1,uhdslk0o,gamma_075,1,4994,214,214,32,0,10.710357388741706
Batch_1,uhdslk0o,gamma_075,1,4994,214,214,32,45,12.285185668207498
Batch_1,uhdslk0o,gamma_075,1,4994,214,214,32,90,10.329101880549945
Batch_1,uhdslk0o,gamma_075,1,4994,214,214,32,135,8.462687999693152
Batch_1,uhdslk0o,gamma_075,1,4994,214,214,64,0,37.72699593553935
Batch_1,uhdslk0o,gamma_075,1,4994,214,214,64,45,111.10410375356737
Batch_1,uhdslk0o,gamma_075,1,4994,214,214,64,90,68.29942043236095
Batch_1,uhdslk0o,gamma_075,1,4994,214,214,64,135,31.597213911497224
Batch_1,uhdslk0o,gamma_075,2,1494,1154,1154,16,0,0.6283248719104262
Batch_1,uhdslk0o,gamma_075,2,1494,1154,1154,16,45,0.9362350499869656
Batch_1,uhdslk0o,gamma_075,2,1494,1154,1154,16,90,1.1386501089327143
Batch_1,uhdslk0o,gamma_075,2,1494,1154,1154,16,135,0.5783590388921657
Batch_1,uhdslk0o,gamma_075,2,1494,1154,1154,32,0,3.0351336364797614
Batch_1,uhdslk0o,gamma_075,2,1494,1154,1154,32,45,2.87631291282216
Batch_1,uhdslk0o,gamma_075,2,1494,1154,1154,32,90,7.228817932498182
Batch_1,uhdslk0o,gamma_075,2,1494,1154,1154,32,135,3.625331497893082
Batch_1,uhdslk0o,gamma_075,2,1494,1154,1154,64,0,9.455105887101027
Batch_1,uhdslk0o,gamma_075,2,1494,1154,1154,64,45,17.932782973271838
Batch_1,uhdslk0o,gamma_075,2,1494,1154,1154,64,90,42.24571220393348
Batch_1,uhdslk0o,gamma_075,2,1494,1154,1154,64,135,14.633704280844485
Batch_1,uhdslk0o,gamma_075,3,4994,1154,1154,16,0,0.7652413257349114
Batch_1,uhdslk0o,gamma_075,3,4994,1154,1154,16,45,0.6804450566037029
Batch_1,uhdslk0o,gamma_075,3,4994,1154,1154,16,90,1.5320634519052956
Batch_1,uhdslk0o,gamma_075,3,4994,1154,1154,16,135,1.3220230926740486
Batch_1,uhdslk0o,gamma_075,3,4994,1154,1154,32,0,5.23377443292215
Batch_1,uhdslk0o,gamma_075,3,4994,1154,1154,32,45,5.447897356009742
Batch_1,uhdslk0o,gamma_075,3,4994,1154,1154,32,90,8.816602359024856
Batch_1,uhdslk0o,gamma_075,3,4994,1154,1154,32,135,9.068416448431996
Batch_1,uhdslk0o,gamma_075,3,4994,1154,1154,64,0,32.904119254569395
Batch_1,uhdslk0o,gamma_075,3,4994,1154,1154,64,45,44.65832170858316
Batch_1,uhdslk0o,gamma_075,3,4994,1154,1154,64,90,45.26365109105175
Batch_1,uhdslk0o,gamma_075,3,4994,1154,1154,64,135,31.595214572530757
Batch_1,uhdslk0o,gamma_125,0,1494,214,214,16,0,1.5386409015360796
Batch_1,uhdslk0o,gamma_125,0,1494,214,214,16,45,1.0897137755083746
Batch_1,uhdslk0o,gamma_125,0,1494,214,214,16,90,1.130708300801507
Batch_1,uhdslk0o,gamma_125,0,1494,214,214,16,135,1.3991619338879564
Batch_1,uhdslk0o,gamma_125,0,1494,214,214,32,0,5.11667311982668
Batch_1,uhdslk0o,gamma_125,0,1494,214,214,32,45,2.460246567628794
Batch_1,uhdslk0o,gamma_125,0,1494,214,214,32,90,3.2772145065275957
Batch_1,uhdslk0o,gamma_125,0,1494,214,214,32,135,4.7684934178318015
Batch_1,uhdslk0o,gamma_125,0,1494,214,214,64,0,12.660447415899478
Batch_1,uhdslk0o,gamma_125,0,1494,214,214,64,45,10.371476691164176
Batch_1,uhdslk0o,gamma_125,0,1494,214,214,64,90,7.644113245913956
Batch_1,uhdslk0o,gamma_125,0,1494,214,214,64,135,11.44354917617218
Batch_1,uhdslk0o,gamma_125,1,4994,214,214,16,0,1.2311857196977671
Batch_1,uhdslk0o,gamma_125,1,4994,214,214,16,45,1.5181111958409952
Batch_1,uhdslk0o,gamma_125,1,4994,214,214,16,90,1.2890291973415164
Batch_1,uhdslk0o,gamma_125,1,4994,214,214,16,135,1.2564116219508972
Batch_1,uhdslk0o,gamma_125,1,4994,214,214,32,0,6.940556389531017
Batch_1,uhdslk0o,gamma_125,1,4994,214,214,32,45,7.4072462203072496
Batch_1,uhdslk0o,gamma_125,1,4994,214,214,32,90,7.271274546677827
Batch_1,uhdslk0o,gamma_125,1,4994,214,214,32,135,6.2131325156000115
Batch_1,uhdslk0o,gamma_125,1,4994,214,214,64,0,25.760525264013232
Batch_1,uhdslk0o,gamma_125,1,4994,214,214,64,45,75.38667822911752
Batch_1,uhdslk0o,gamma_125,1,4994,214,214,64,90,50.895500725655964
Batch_1,uhdslk0o,gamma_125,1,4994,214,214,64,135,24.461655730025118
Batch_1,uhdslk0o,gamma_125,2,1494,1154,1154,16,0,0.7545352054124771
Batch_1,uhdslk0o,gamma_125,2,1494,1154,1154,16,45,0.9232053283898465
Batch_1,uhdslk0o,gamma_125,2,1494,1154,1154,16,90,1.1725120624538303
Batch_1,uhdslk0o,gamma_125,2,1494,1154,1154,16,135,0.6784836667729718
Batch_1,uhdslk0o,gamma_125,2,1494,1154,1154,32,0,3.710036167725704
Batch_1,uhdslk0o,gamma_125,2,1494,1154,1154,32,45,2.7083692126263434
Batch_1,uhdslk0o,gamma_125,2,1494,1154,1154,32,90,6.495784702703894
Batch_1,uhdslk0o,gamma_125,2,1494,1154,1154,32,135,3.873177990230979
Batch_1,uhdslk0o,gamma_125,2,1494,1154,1154,64,0,10.979172166562002
Batch_1,uhdslk0o,gamma_125,2,1494,1154,1154,64,45,17.35698865708079
Batch_1,uhdslk0o,gamma_125,2,1494,1154,1154,64,90,36.502503805485475
Batch_1,uhdslk0o,gamma_125,2,1494,1154,1154,64,135,16.56459535368755
Batch_1,uhdslk0o,gamma_125,3,4994,1154,1154,16,0,0.5949148229285828
Batch_1,uhdslk0o,gamma_125,3,4994,1154,1154,16,45,0.5141788662957589
Batch_1,uhdslk0o,gamma_125,3,4994,1154,1154,16,90,1.0323040187305184
Batch_1,uhdslk0o,gamma_125,3,4994,1154,1154,16,135,0.8287862253969156
Batch_1,uhdslk0o,gamma_125,3,4994,1154,1154,32,0,4.211991028390354
Batch_1,uhdslk0o,gamma_125,3,4994,1154,1154,32,45,3.643197809003524
Batch_1,uhdslk0o,gamma_125,3,4994,1154,1154,32,90,5.772366802429994
Batch_1,uhdslk0o,gamma_125,3,4994,1154,1154,32,135,5.719731613309519
Batch_1,uhdslk0o,gamma_125,3,4994,1154,1154,64,0,29.88231483361494
Batch_1,uhdslk0o,gamma_125,3,4994,1154,1154,64,45,32.52218356828162
Batch_1,uhdslk0o,gamma_125,3,4994,1154,1154,64,90,30.703998906131282
Batch_1,uhdslk0o,gamma_125,3,4994,1154,1154,64,135,19.277890729427114
Batch_1,uhdslk0o,affine,0,1494,214,214,16,0,1.3677721725132648
Batch_1,uhdslk0o,affine,0,1494,214,214,16,45,0.9753742982697395
Batch_1,uhdslk0o,affine,0,1494,214,214,16,90,0.9778873211511666
Batch_1,uhdslk0o,affine,0,1494,214,214,16,135,1.1723138148447358
Batch_1,uhdslk0o,affine,0,1494,214,214,32,0,4.578831182328484
Batch_1,uhdslk0o,affine,0,1494,214,214,32,45,2.2754915718809143
Batch_1,uhdslk0o,affine,0,1494,214,214,32,90,2.8902959864664965
Batch_1,uhdslk0o,affine,0,1494,214,214,32,135,4.119556008669898
Batch_1,uhdslk0o,affine,0,1494,214,214,64,0,12.200016253116992
Batch_1,uhdslk0o,affine,0,1494,214,214,64,45,10.231313879624565
Batch_1,uhdslk0o,affine,0,1494,214,214,64,90,7.117961036262934
Batch_1,uhdslk0o,affine,0,1494,214,214,64,135,10.385182308126614
Batch_1,uhdslk0o,affine,1,4994,214,214,16,0,1.4434319204494614
Batch_1,uhdslk0o,affine,1,4994,214,214,16,45,1.8087185444179594
Batch_1,uhdslk0o,affine,1,4994,214,214,16,90,1.4273160114730188
Batch_1,uhdslk0o,affine,1,4994,214,214,16,135,1.4465099403496304
Batch_1,uhdslk0o,affine,1,4994,214,214,32,0,8.55881497724423
Batch_1,uhdslk0o,affine,1,4994,214,214,32,45,9.39832942829646
Batch_1,uhdslk0o,affine,1,4994,214,214,32,90,8.469962962658167
Batch_1,uhdslk0o,affine,1,4994,214,214,32,135,7.168979482315564
Batch_1,uhdslk0o,affine,1,4994,214,214,64,0,30.80499642989544
Batch_1,uhdslk0o,affine,1,4994,214,214,64,45,90.68056280291805
Batch_1,uhdslk0o,affine,1,4994,214,214,64,90,58.100019561189136
Batch_1,uhdslk0o,affine,1,4994,214,214,64,135,27.44752622374115
Batch_1,uhdslk0o,affine,2,1494,1154,1154,16,0,0.7077256841275031
Batch_1,uhdslk0o,affine,2,1494,1154,1154,16,45,0.9448336821978242
Batch_1,uhdslk0o,affine,2,1494,1154,1154,16,90,1.163531978535688
Batch_1,uhdslk0o,affine,2,1494,1154,1154,16,135,0.6360059325984697
Batch_1,uhdslk0o,affine,2,1494,1154,1154,32,0,3.4173704133395484
Batch_1,uhdslk0o,affine,2,1494,1154,1154,32,45,2.8073475988139784
Batch_1,uhdslk0o,affine,2,1494,1154,1154,32,90,6.80723217512803
Batch_1,uhdslk0o,affine,2,1494,1154,1154,32,135,3.7771650168283246
Batch_1,uhdslk0o,affine,2,1494,1154,1154,64,0,10.016364960931337
Batch_1,uhdslk0o,affine,2,1494,1154,1154,64,45,17.807496690726634
Batch_1,uhdslk0o,affine,2,1494,1154,1154,64,90,39.112697034661984
Batch_1,uhdslk0o,affine,2,1494,1154,1154,64,135,15.559967696046623
Batch_1,uhdslk0o,affine,3,4994,1154,1154,16,0,0.6718752876531288
Batch_1,uhdslk0o,affine,3,4994,1154,1154,16,45,0.5866081016882414
Batch_1,uhdslk0o,affine,3,4994,1154,1154,16,90,1.253404017045922
Batch_1,uhdslk0o,affine,3,4994,1154,1154,16,135,1.0395003858935667
Batch_1,uhdslk0o,affine,3,4994,1154,1154,32,0,4.687057589604227
Batch_1,uhdslk0o,affine,3,4994,1154,1154,32,45,4.42371617455166
Batch_1,uhdslk0o,affine,3,4994,1154,1154,32,90,7.1100851762467645
Batch_1,uhdslk0o,affine,3,4994,1154,1154,32,135,7.173821891426415
Batch_1,uhdslk0o,affine,3,4994,1154,1154,64,0,31.33439371010489
Batch_1,uhdslk0o,affine,3,4994,1154,1154,64,45,38.014450163321506
Batch_1,uhdslk0o,affine,3,4994,1154,1154,64,90,37.217273735094736
Batch_1,uhdslk0o,affine,3,4994,1154,1154,64,135,24.543639274081812
Batch_2,3806gxp0,nominal,0,1494,256,256,16,0,0.5556487034768519
Batch_2,3806gxp0,nominal,0,1494,256,256,16,45,0.7153951000390845
Batch_2,3806gxp0,nominal,0,1494,256,256,16,90,1.5075928658210214
Batch_2,3806gxp0,nominal,0,1494,256,256,16,135,0.69873172930869
Batch_2,3806gxp0,nominal,0,1494,256,256,32,0,3.8339299173083763
Batch_2,3806gxp0,nominal,0,1494,256,256,32,45,4.615826530841668
Batch_2,3806gxp0,nominal,0,1494,256,256,32,90,14.670947492462101
Batch_2,3806gxp0,nominal,0,1494,256,256,32,135,3.4337116662171834
Batch_2,3806gxp0,nominal,0,1494,256,256,64,0,18.228221999307245
Batch_2,3806gxp0,nominal,0,1494,256,256,64,45,22.755926167056018
Batch_2,3806gxp0,nominal,0,1494,256,256,64,90,93.84422840152749
Batch_2,3806gxp0,nominal,0,1494,256,256,64,135,20.421251762462397
Batch_2,3806gxp0,nominal,1,4994,256,256,16,0,0.9324787860349815
Batch_2,3806gxp0,nominal,1,4994,256,256,16,45,3.84041311791957
Batch_2,3806gxp0,nominal,1,4994,256,256,16,90,1.359078750032845
Batch_2,3806gxp0,nominal,1,4994,256,256,16,135,1.0367035736666286
Batch_2,3806gxp0,nominal,1,4994,256,256,32,0,4.1505575825619925
Batch_2,3806gxp0,nominal,1,4994,256,256,32,45,20.012400502955153
Batch_2,3806gxp0,nominal,1,4994,256,256,32,90,8.050561463781326
Batch_2,3806gxp0,nominal,1,4994,256,256,32,135,5.063895265783284
Batch_2,3806gxp0,nominal,1,4994,256,256,64,0,33.04231614596504
Batch_2,3806gxp0,nominal,1,4994,256,256,64,45,50.25806695602469
Batch_2,3806gxp0,nominal,1,4994,256,256,64,90,45.34795832453571
Batch_2,3806gxp0,nominal,1,4994,256,256,64,135,25.611595684449572
Batch_2,3806gxp0,nominal,2,1494,1280,1280,16,0,0.6926466477708473
Batch_2,3806gxp0,nominal,2,1494,1280,1280,16,45,1.1080394795939834
Batch_2,3806gxp0,nominal,2,1494,1280,1280,16,90,2.089932632433649
Batch_2,3806gxp0,nominal,2,1494,1280,1280,16,135,1.2098353646599431
Batch_2,3806gxp0,nominal,2,1494,1280,1280,32,0,3.4007442472502003
Batch_2,3806gxp0,nominal,2,1494,1280,1280,32,45,7.697641729350948
Batch_2,3806gxp0,nominal,2,1494,1280,1280,32,90,12.0034174476937
Batch_2,3806gxp0,nominal,2,1494,1280,1280,32,135,9.2885095765805
Batch_2,3806gxp0,nominal,2,1494,1280,1280,64,0,14.839080823455168
Batch_2,3806gxp0,nominal,2,1494,1280,1280,64,45,49.12782029858669
Batch_2,3806gxp0,nominal,2,1494,1280,1280,64,90,70.43096606211584
Batch_2,3806gxp0,nominal,2,1494,1280,1280,64,135,33.35346232066902
Batch_2,3806gxp0,nominal,3,4994,1280,1280,16,0,2.2857096487223614
Batch_2,3806gxp0,nominal,3,4994,1280,1280,16,45,2.469380947719751
Batch_2,3806gxp0,nominal,3,4994,1280,1280,16,90,2.671959727237079
Batch_2,3806gxp0,nominal,3,4994,1280,1280,16,135,5.011489791450818
Batch_2,3806gxp0,nominal,3,4994,1280,1280,32,0,14.397947876385835
Batch_2,3806gxp0,nominal,3,4994,1280,1280,32,45,13.43900928003877
Batch_2,3806gxp0,nominal,3,4994,1280,1280,32,90,13.791128560532654
Batch_2,3806gxp0,nominal,3,4994,1280,1280,32,135,26.29102446024475
Batch_2,3806gxp0,nominal,3,4994,1280,1280,64,0,58.1382930204159
Batch_2,3806gxp0,nominal,3,4994,1280,1280,64,45,92.80148860352735
Batch_2,3806gxp0,nominal,3,4994,1280,1280,64,90,70.52772593977006
Batch_2,3806gxp0,nominal,3,4994,1280,1280,64,135,93.49262713219547
Batch_2,3806gxp0,full_resolution,0,1494,256,256,16,0,1.9331286674382333
Batch_2,3806gxp0,full_resolution,0,1494,256,256,16,45,2.504047976610094
Batch_2,3806gxp0,full_resolution,0,1494,256,256,16,90,5.281100453339468
Batch_2,3806gxp0,full_resolution,0,1494,256,256,16,135,2.466322933632182
Batch_2,3806gxp0,full_resolution,0,1494,256,256,32,0,13.137636825781685
Batch_2,3806gxp0,full_resolution,0,1494,256,256,32,45,15.833110400825149
Batch_2,3806gxp0,full_resolution,0,1494,256,256,32,90,50.3522227666484
Batch_2,3806gxp0,full_resolution,0,1494,256,256,32,135,11.802994837227684
Batch_2,3806gxp0,full_resolution,0,1494,256,256,64,0,62.26318249782552
Batch_2,3806gxp0,full_resolution,0,1494,256,256,64,45,77.5889441751628
Batch_2,3806gxp0,full_resolution,0,1494,256,256,64,90,320.54973712419945
Batch_2,3806gxp0,full_resolution,0,1494,256,256,64,135,69.67992976026824
Batch_2,3806gxp0,full_resolution,1,4994,256,256,16,0,3.0348484856717035
Batch_2,3806gxp0,full_resolution,1,4994,256,256,16,45,12.405991286581454
Batch_2,3806gxp0,full_resolution,1,4994,256,256,16,90,4.413636665545855
Batch_2,3806gxp0,full_resolution,1,4994,256,256,16,135,3.3907075860867106
Batch_2,3806gxp0,full_resolution,1,4994,256,256,32,0,13.185713024055019
Batch_2,3806gxp0,full_resolution,1,4994,256,256,32,45,63.666404559528836
Batch_2,3806gxp0,full_resolution,1,4994,256,256,32,90,25.541257268665294
Batch_2,3806gxp0,full_resolution,1,4994,256,256,32,135,15.995694457967351
Batch_2,3806gxp0,full_resolution,1,4994,256,256,64,0,104.23930737657847
Batch_2,3806gxp0,full_resolution,1,4994,256,256,64,45,158.72690709231279
Batch_2,3806gxp0,full_resolution,1,4994,256,256,64,90,143.1867552325613
Batch_2,3806gxp0,full_resolution,1,4994,256,256,64,135,80.85424070171604
Batch_2,3806gxp0,full_resolution,2,1494,1280,1280,16,0,2.056851024803305
Batch_2,3806gxp0,full_resolution,2,1494,1280,1280,16,45,3.2732406549747854
Batch_2,3806gxp0,full_resolution,2,1494,1280,1280,16,90,6.186775993955337
Batch_2,3806gxp0,full_resolution,2,1494,1280,1280,16,135,3.5905173717068433
Batch_2,3806gxp0,full_resolution,2,1494,1280,1280,32,0,9.897305779151647
Batch_2,3806gxp0,full_resolution,2,1494,1280,1280,32,45,22.365466599606126
Batch_2,3806gxp0,full_resolution,2,1494,1280,1280,32,90,34.92512016856234
Batch_2,3806gxp0,full_resolution,2,1494,1280,1280,32,135,27.106361387287603
Batch_2,3806gxp0,full_resolution,2,1494,1280,1280,64,0,43.00201067732776
Batch_2,3806gxp0,full_resolution,2,1494,1280,1280,64,45,142.3812825666376
Batch_2,3806gxp0,full_resolution,2,1494,1280,1280,64,90,204.16853946718427
Batch_2,3806gxp0,full_resolution,2,1494,1280,1280,64,135,96.69110756596477
Batch_2,3806gxp0,full_resolution,3,4994,1280,1280,16,0,6.931121498914646
Batch_2,3806gxp0,full_resolution,3,4994,1280,1280,16,45,7.527839857110768
Batch_2,3806gxp0,full_resolution,3,4994,1280,1280,16,90,8.130729262510496
Batch_2,3806gxp0,full_resolution,3,4994,1280,1280,16,135,15.281816012649072
Batch_2,3806gxp0,full_resolution,3,4994,1280,1280,32,0,42.7220984180709
Batch_2,3806gxp0,full_resolution,3,4994,1280,1280,32,45,39.950938969508876
Batch_2,3806gxp0,full_resolution,3,4994,1280,1280,32,90,40.939046060270236
Batch_2,3806gxp0,full_resolution,3,4994,1280,1280,32,135,78.12654097322567
Batch_2,3806gxp0,full_resolution,3,4994,1280,1280,64,0,171.54760855379948
Batch_2,3806gxp0,full_resolution,3,4994,1280,1280,64,45,273.762386059267
Batch_2,3806gxp0,full_resolution,3,4994,1280,1280,64,90,207.94176996744534
Batch_2,3806gxp0,full_resolution,3,4994,1280,1280,64,135,275.8577899966999
Batch_2,3806gxp0,gamma_075,0,1494,256,256,16,0,0.637652229822179
Batch_2,3806gxp0,gamma_075,0,1494,256,256,16,45,0.8381656611838812
Batch_2,3806gxp0,gamma_075,0,1494,256,256,16,90,1.777033768285971
Batch_2,3806gxp0,gamma_075,0,1494,256,256,16,135,0.8797268488542791
Batch_2,3806gxp0,gamma_075,0,1494,256,256,32,0,4.311660091873589
Batch_2,3806gxp0,gamma_075,0,1494,256,256,32,45,5.216787673919816
Batch_2,3806gxp0,gamma_075,0,1494,256,256,32,90,15.796798758185943
Batch_2,3806gxp0,gamma_075,0,1494,256,256,32,135,3.9139731920938003
Batch_2,3806gxp0,gamma_075,0,1494,256,256,64,0,19.02356339050072
Batch_2,3806gxp0,gamma_075,0,1494,256,256,64,45,22.931177559505432
Batch_2,3806gxp0,gamma_075,0,1494,256,256,64,90,95.99122545698077
Batch_2,3806gxp0,gamma_075,0,1494,256,256,64,135,21.239687247813805
Batch_2,3806gxp0,gamma_075,1,4994,256,256,16,0,0.915152191950027
Batch_2,3806gxp0,gamma_075,1,4994,256,256,16,45,4.128038294963037
Batch_2,3806gxp0,gamma_075,1,4994,256,256,16,90,1.4322860794151024
Batch_2,3806gxp0,gamma_075,1,4994,256,256,16,135,1.02911298402242
Batch_2,3806gxp0,gamma_075,1,4994,256,256,32,0,4.217108227798793
Batch_2,3806gxp0,gamma_075,1,4994,256,256,32,45,22.21509658129171
Batch_2,3806gxp0,gamma_075,1,4994,256,256,32,90,7.763524627451108
Batch_2,3806gxp0,gamma_075,1,4994,256,256,32,135,4.815149325345576
Batch_2,3806gxp0,gamma_075,1,4994,256,256,64,0,32.9231099974046
Batch_2,3806gxp0,gamma_075,1,4994,256,256,64,45,57.371537098345236
Batch_2,3806gxp0,gamma_075,1,4994,256,256,64,90,39.87682087674592
Batch_2,3806gxp0,gamma_075,1,4994,256,256,64,135,23.790685251953548
Batch_2,3806gxp0,gamma_075,2,1494,1280,1280,16,0,0.7596427932899882
Batch_2,3806gxp0,gamma_075,2,1494,1280,1280,16,45,1.153582323122921
Batch_2,3806gxp0,gamma_075,2,1494,1280,1280,16,90,2.1946737402556193
Batch_2,3806gxp0,gamma_075,2,1494,1280,1280,16,135,1.4172583469784186
Batch_2,3806gxp0,gamma_075,2,1494,1280,1280,32,0,3.7308881083004013
Batch_2,3806gxp0,gamma_075,2,1494,1280,1280,32,45,7.600538434438131
Batch_2,3806gxp0,gamma_075,2,1494,1280,1280,32,90,13.291664649935877
Batch_2,3806gxp0,gamma_075,2,1494,1280,1280,32,135,10.884097199813931
Batch_2,3806gxp0,gamma_075,2,1494,1280,1280,64,0,14.528326580680032
Batch_2,3806gxp0,gamma_075,2,1494,1280,1280,64,45,46.68615424406886
Batch_2,3806gxp0,gamma_075,2,1494,1280,1280,64,90,71.50812510978557
Batch_2,3806gxp0,gamma_075,2,1494,1280,1280,64,135,37.934633579957314
Batch_2,3806gxp0,gamma_075,3,4994,1280,1280,16,0,2.602249417571356
Batch_2,3806gxp0,gamma_075,3,4994,1280,1280,16,45,2.5812584128320863
Batch_2,3806gxp0,gamma_075,3,4994,1280,1280,16,90,2.854396767829061
Batch_2,3806gxp0,gamma_075,3,4994,1280,1280,16,135,5.542418758053645
Batch_2,3806gxp0,gamma_075,3,4994,1280,1280,32,0,16.223579109932178
Batch_2,3806gxp0,gamma_075,3,4994,1280,1280,32,45,13.29936869368428
Batch_2,3806gxp0,gamma_075,3,4994,1280,1280,32,90,15.628079236459401
Batch_2,3806gxp0,gamma_075,3,4994,1280,1280,32,135,30.699571970173626
Batch_2,3806gxp0,gamma_075,3,4994,1280,1280,64,0,60.306593228907204
Batch_2,3806gxp0,gamma_075,3,4994,1280,1280,64,45,86.86125038059636
Batch_2,3806gxp0,gamma_075,3,4994,1280,1280,64,90,89.3968339808322
Batch_2,3806gxp0,gamma_075,3,4994,1280,1280,64,135,110.6392231979141
Batch_2,3806gxp0,gamma_125,0,1494,256,256,16,0,0.49493549990811564
Batch_2,3806gxp0,gamma_125,0,1494,256,256,16,45,0.6275338600717941
Batch_2,3806gxp0,gamma_125,0,1494,256,256,16,90,1.3408141556894564
Batch_2,3806gxp0,gamma_125,0,1494,256,256,16,135,0.5812619613576171
Batch_2,3806gxp0,gamma_125,0,1494,256,256,32,0,3.4685368689341805
Batch_2,3806gxp0,gamma_125,0,1494,256,256,32,45,4.210769690971796
Batch_2,3806gxp0,gamma_125,0,1494,256,256,32,90,13.796885700410975
Batch_2,3806gxp0,gamma_125,0,1494,256,256,32,135,3.0860556847435596
Batch_2,3806gxp0,gamma_125,0,1494,256,256,64,0,17.602932894447104
Batch_2,3806gxp0,gamma_125,0,1494,256,256,64,45,22.52089398809379
Batch_2,3806gxp0,gamma_125,0,1494,256,256,64,90,91.35114438065962
Batch_2,3806gxp0,gamma_125,0,1494,256,256,64,135,19.650213024463415
Batch_2,3806gxp0,gamma_125,1,4994,256,256,16,0,0.9478445332971677
Batch_2,3806gxp0,gamma_125,1,4994,256,256,16,45,3.4398589978813483
Batch_2,3806gxp0,gamma_125,1,4994,256,256,16,90,1.2752237776469089
Batch_2,3806gxp0,gamma_125,1,4994,256,256,16,135,1.0335473603064103
Batch_2,3806gxp0,gamma_125,1,4994,256,256,32,0,4.148691572837634
Batch_2,3806gxp0,gamma_125,1,4994,256,256,32,45,17.376463593491362
Batch_2,3806gxp0,gamma_125,1,4994,256,256,32,90,8.261974924671179
Batch_2,3806gxp0,gamma_125,1,4994,256,256,32,135,5.265063625236957
Batch_2,3806gxp0,gamma_125,1,4994,256,256,64,0,34.11063338954046
Batch_2,3806gxp0,gamma_125,1,4994,256,256,64,45,43.27410254132792
Batch_2,3806gxp0,gamma_125,1,4994,256,256,64,90,50.21822595809158
Batch_2,3806gxp0,gamma_125,1,4994,256,256,64,135,27.166936765763538
Batch_2,3806gxp0,gamma_125,2,1494,1280,1280,16,0,0.6497629500537397
Batch_2,3806gxp0,gamma_125,2,1494,1280,1280,16,45,1.0589546877565699
Batch_2,3806gxp0,gamma_125,2,1494,1280,1280,16,90,1.9934540038969737
Batch_2,3806gxp0,gamma_125,2,1494,1280,1280,16,135,1.0593925307982843
Batch_2,3806gxp0,gamma_125,2,1494,1280,1280,32,0,3.1954317772027987
Batch_2,3806gxp0,gamma_125,2,1494,1280,1280,32,45,7.628049773206309
Batch_2,3806gxp0,gamma_125,2,1494,1280,1280,32,90,11.092075618296354
Batch_2,3806gxp0,gamma_125,2,1494,1280,1280,32,135,8.143755264620633
Batch_2,3806gxp0,gamma_125,2,1494,1280,1280,64,0,15.56838241465503
Batch_2,3806gxp0,gamma_125,2,1494,1280,1280,64,45,50.49083470276049
Batch_2,3806gxp0,gamma_125,2,1494,1280,1280,64,90,69.98924858941524
Batch_2,3806gxp0,gamma_125,2,1494,1280,1280,64,135,30.950071557586607
Batch_2,3806gxp0,gamma_125,3,4994,1280,1280,16,0,2.060883461112372
Batch_2,3806gxp0,gamma_125,3,4994,1280,1280,16,45,2.3625408323350716
Batch_2,3806gxp0,gamma_125,3,4994,1280,1280,16,90,2.4710945157990456
Batch_2,3806gxp0,gamma_125,3,4994,1280,1280,16,135,4.4982881471060265
Batch_2,3806gxp0,gamma_125,3,4994,1280,1280,32,0,13.283156971530536
Batch_2,3806gxp0,gamma_125,3,4994,1280,1280,32,45,13.9161992303596
Batch_2,3806gxp0,gamma_125,3,4994,1280,1280,32,90,12.331583388971481
Batch_2,3806gxp0,gamma_125,3,4994,1280,1280,32,135,22.61618660310046
Batch_2,3806gxp0,gamma_125,3,4994,1280,1280,64,0,58.46504954034327
Batch_2,3806gxp0,gamma_125,3,4994,1280,1280,64,45,99.46794693407672
Batch_2,3806gxp0,gamma_125,3,4994,1280,1280,64,90,59.10741978211367
Batch_2,3806gxp0,gamma_125,3,4994,1280,1280,64,135,80.00801178166212
Batch_2,3806gxp0,affine,0,1494,256,256,16,0,0.555648703476852
Batch_2,3806gxp0,affine,0,1494,256,256,16,45,0.7153951000390845
Batch_2,3806gxp0,affine,0,1494,256,256,16,90,1.5075928658210214
Batch_2,3806gxp0,affine,0,1494,256,256,16,135,0.6987317293086902
Batch_2,3806gxp0,affine,0,1494,256,256,32,0,3.8339299173083763
Batch_2,3806gxp0,affine,0,1494,256,256,32,45,4.615826530841668
Batch_2,3806gxp0,affine,0,1494,256,256,32,90,14.670947492462101
Batch_2,3806gxp0,affine,0,1494,256,256,32,135,3.4337116662171834
Batch_2,3806gxp0,affine,0,1494,256,256,64,0,18.228221999307245
Batch_2,3806gxp0,affine,0,1494,256,256,64,45,22.755926167056018
Batch_2,3806gxp0,affine,0,1494,256,256,64,90,93.84422840152747
Batch_2,3806gxp0,affine,0,1494,256,256,64,135,20.42125176246239
Batch_2,3806gxp0,affine,1,4994,256,256,16,0,0.9324787860349817
Batch_2,3806gxp0,affine,1,4994,256,256,16,45,3.84041311791957
Batch_2,3806gxp0,affine,1,4994,256,256,16,90,1.3590787500328454
Batch_2,3806gxp0,affine,1,4994,256,256,16,135,1.036703573666629
Batch_2,3806gxp0,affine,1,4994,256,256,32,0,4.150557582561994
Batch_2,3806gxp0,affine,1,4994,256,256,32,45,20.012400502955156
Batch_2,3806gxp0,affine,1,4994,256,256,32,90,8.050561463781326
Batch_2,3806gxp0,affine,1,4994,256,256,32,135,5.063895265783285
Batch_2,3806gxp0,affine,1,4994,256,256,64,0,33.04231614596505
Batch_2,3806gxp0,affine,1,4994,256,256,64,45,50.25806695602471
Batch_2,3806gxp0,affine,1,4994,256,256,64,90,45.34795832453573
Batch_2,3806gxp0,affine,1,4994,256,256,64,135,25.61159568444958
Batch_2,3806gxp0,affine,2,1494,1280,1280,16,0,0.6926466477708476
Batch_2,3806gxp0,affine,2,1494,1280,1280,16,45,1.1080394795939836
Batch_2,3806gxp0,affine,2,1494,1280,1280,16,90,2.089932632433649
Batch_2,3806gxp0,affine,2,1494,1280,1280,16,135,1.2098353646599436
Batch_2,3806gxp0,affine,2,1494,1280,1280,32,0,3.4007442472502007
Batch_2,3806gxp0,affine,2,1494,1280,1280,32,45,7.6976417293509485
Batch_2,3806gxp0,affine,2,1494,1280,1280,32,90,12.003417447693703
Batch_2,3806gxp0,affine,2,1494,1280,1280,32,135,9.288509576580504
Batch_2,3806gxp0,affine,2,1494,1280,1280,64,0,14.839080823455172
Batch_2,3806gxp0,affine,2,1494,1280,1280,64,45,49.127820298586705
Batch_2,3806gxp0,affine,2,1494,1280,1280,64,90,70.43096606211584
Batch_2,3806gxp0,affine,2,1494,1280,1280,64,135,33.353462320669024
Batch_2,3806gxp0,affine,3,4994,1280,1280,16,0,2.285709648722362
Batch_2,3806gxp0,affine,3,4994,1280,1280,16,45,2.469380947719751
Batch_2,3806gxp0,affine,3,4994,1280,1280,16,90,2.671959727237079
Batch_2,3806gxp0,affine,3,4994,1280,1280,16,135,5.011489791450819
Batch_2,3806gxp0,affine,3,4994,1280,1280,32,0,14.397947876385837
Batch_2,3806gxp0,affine,3,4994,1280,1280,32,45,13.439009280038771
Batch_2,3806gxp0,affine,3,4994,1280,1280,32,90,13.791128560532654
Batch_2,3806gxp0,affine,3,4994,1280,1280,32,135,26.29102446024475
Batch_2,3806gxp0,affine,3,4994,1280,1280,64,0,58.138293020415915
Batch_2,3806gxp0,affine,3,4994,1280,1280,64,45,92.80148860352737
Batch_2,3806gxp0,affine,3,4994,1280,1280,64,90,70.5277259397701
Batch_2,3806gxp0,affine,3,4994,1280,1280,64,135,93.49262713219548
Batch_2,avn74qx1,nominal,0,1494,256,256,16,0,1.3004071766380496
Batch_2,avn74qx1,nominal,0,1494,256,256,16,45,0.7393925053063479
Batch_2,avn74qx1,nominal,0,1494,256,256,16,90,0.6779003669388878
Batch_2,avn74qx1,nominal,0,1494,256,256,16,135,1.137677990998692
Batch_2,avn74qx1,nominal,0,1494,256,256,32,0,8.593399318180959
Batch_2,avn74qx1,nominal,0,1494,256,256,32,45,4.808909959328419
Batch_2,avn74qx1,nominal,0,1494,256,256,32,90,5.5274438974618025
Batch_2,avn74qx1,nominal,0,1494,256,256,32,135,6.904951169096794
Batch_2,avn74qx1,nominal,0,1494,256,256,64,0,68.13906423982642
Batch_2,avn74qx1,nominal,0,1494,256,256,64,45,33.58809093090565
Batch_2,avn74qx1,nominal,0,1494,256,256,64,90,33.60968937807224
Batch_2,avn74qx1,nominal,0,1494,256,256,64,135,45.953325206782665
Batch_2,avn74qx1,nominal,1,4994,256,256,16,0,1.1172425642790238
Batch_2,avn74qx1,nominal,1,4994,256,256,16,45,2.0253917391392933
Batch_2,avn74qx1,nominal,1,4994,256,256,16,90,2.347684691836866
Batch_2,avn74qx1,nominal,1,4994,256,256,16,135,1.5380784850683162
Batch_2,avn74qx1,nominal,1,4994,256,256,32,0,6.0667944581328905
Batch_2,avn74qx1,nominal,1,4994,256,256,32,45,11.44281832474147
Batch_2,avn74qx1,nominal,1,4994,256,256,32,90,15.997934730257674
Batch_2,avn74qx1,nominal,1,4994,256,256,32,135,5.309378544678683
Batch_2,avn74qx1,nominal,1,4994,256,256,64,0,21.84670403156256
Batch_2,avn74qx1,nominal,1,4994,256,256,64,45,46.99046260224541
Batch_2,avn74qx1,nominal,1,4994,256,256,64,90,103.60428635997279
Batch_2,avn74qx1,nominal,1,4994,256,256,64,135,15.998070728738403
Batch_2,avn74qx1,nominal,2,1494,1280,1280,16,0,1.0250108488213172
Batch_2,avn74qx1,nominal,2,1494,1280,1280,16,45,1.4499925803095584
Batch_2,avn74qx1,nominal,2,1494,1280,1280,16,90,3.002230439198553
Batch_2,avn74qx1,nominal,2,1494,1280,1280,16,135,1.378741691110462
Batch_2,avn74qx1,nominal,2,1494,1280,1280,32,0,5.412668145834932
Batch_2,avn74qx1,nominal,2,1494,1280,1280,32,45,9.098597826798088
Batch_2,avn74qx1,nominal,2,1494,1280,1280,32,90,18.794267889394792
Batch_2,avn74qx1,nominal,2,1494,1280,1280,32,135,8.65094592509964
Batch_2,avn74qx1,nominal,2,1494,1280,1280,64,0,17.138198904272368
Batch_2,avn74qx1,nominal,2,1494,1280,1280,64,45,20.668003621208705
Batch_2,avn74qx1,nominal,2,1494,1280,1280,64,90,83.39372870411208
Batch_2,avn74qx1,nominal,2,1494,1280,1280,64,135,37.11333931553542
Batch_2,avn74qx1,nominal,3,4994,1280,1280,16,0,0.822347148655621
Batch_2,avn74qx1,nominal,3,4994,1280,1280,16,45,1.5857043951523895
Batch_2,avn74qx1,nominal,3,4994,1280,1280,16,90,1.4132934203851013
Batch_2,avn74qx1,nominal,3,4994,1280,1280,16,135,1.1964300241749597
Batch_2,avn74qx1,nominal,3,4994,1280,1280,32,0,5.292791747151097
Batch_2,avn74qx1,nominal,3,4994,1280,1280,32,45,8.417282179466518
Batch_2,avn74qx1,nominal,3,4994,1280,1280,32,90,9.42551287642177
Batch_2,avn74qx1,nominal,3,4994,1280,1280,32,135,7.530287906655092
Batch_2,avn74qx1,nominal,3,4994,1280,1280,64,0,49.134871851693845
Batch_2,avn74qx1,nominal,3,4994,1280,1280,64,45,61.47472098817548
Batch_2,avn74qx1,nominal,3,4994,1280,1280,64,90,58.23401311834585
Batch_2,avn74qx1,nominal,3,4994,1280,1280,64,135,104.68858140833821
Batch_2,avn74qx1,full_resolution,0,1494,256,256,16,0,4.484311111934463
Batch_2,avn74qx1,full_resolution,0,1494,256,256,16,45,2.5508344390118087
Batch_2,avn74qx1,full_resolution,0,1494,256,256,16,90,2.3174566306186826
Batch_2,avn74qx1,full_resolution,0,1494,256,256,16,135,3.937560858341092
Batch_2,avn74qx1,full_resolution,0,1494,256,256,32,0,29.10750419112908
Batch_2,avn74qx1,full_resolution,0,1494,256,256,32,45,16.298511080174094
Batch_2,avn74qx1,full_resolution,0,1494,256,256,32,90,18.705074881856348
Batch_2,avn74qx1,full_resolution,0,1494,256,256,32,135,23.466024699317348
Batch_2,avn74qx1,full_resolution,0,1494,256,256,64,0,229.90685759788033
Batch_2,avn74qx1,full_resolution,0,1494,256,256,64,45,113.35073904459112
Batch_2,avn74qx1,full_resolution,0,1494,256,256,64,90,113.47574128340064
Batch_2,avn74qx1,full_resolution,0,1494,256,256,64,135,155.1094468294711
Batch_2,avn74qx1,full_resolution,1,4994,256,256,16,0,3.23139824759533
Batch_2,avn74qx1,full_resolution,1,4994,256,256,16,45,5.8546585457656946
Batch_2,avn74qx1,full_resolution,1,4994,256,256,16,90,6.805156487915713
Batch_2,avn74qx1,full_resolution,1,4994,256,256,16,135,4.489150348527825
Batch_2,avn74qx1,full_resolution,1,4994,256,256,32,0,17.239025960789277
Batch_2,avn74qx1,full_resolution,1,4994,256,256,32,45,32.50531981147736
Batch_2,avn74qx1,full_resolution,1,4994,256,256,32,90,45.39833838942881
Batch_2,avn74qx1,full_resolution,1,4994,256,256,32,135,15.08007558510815
Batch_2,avn74qx1,full_resolution,1,4994,256,256,64,0,61.74075884836872
Batch_2,avn74qx1,full_resolution,1,4994,256,256,64,45,132.57688676970503
Batch_2,avn74qx1,full_resolution,1,4994,256,256,64,90,292.50379761860216
Batch_2,avn74qx1,full_resolution,1,4994,256,256,64,135,45.138947877325876
Batch_2,avn74qx1,full_resolution,2,1494,1280,1280,16,0,3.122035078805211
Batch_2,avn74qx1,full_resolution,2,1494,1280,1280,16,45,4.4227191247310405
Batch_2,avn74qx1,full_resolution,2,1494,1280,1280,16,90,9.1637513454065
Batch_2,avn74qx1,full_resolution,2,1494,1280,1280,16,135,4.198983027036835
Batch_2,avn74qx1,full_resolution,2,1494,1280,1280,32,0,16.156545164763344
Batch_2,avn74qx1,full_resolution,2,1494,1280,1280,32,45,27.122275670702457
Batch_2,avn74qx1,full_resolution,2,1494,1280,1280,32,90,56.17148394378807
Batch_2,avn74qx1,full_resolution,2,1494,1280,1280,32,135,25.837148116967473
Batch_2,avn74qx1,full_resolution,2,1494,1280,1280,64,0,50.931136267005975
Batch_2,avn74qx1,full_resolution,2,1494,1280,1280,64,45,61.400242671042854
Batch_2,avn74qx1,full_resolution,2,1494,1280,1280,64,90,248.04755806361675
Batch_2,avn74qx1,full_resolution,2,1494,1280,1280,64,135,110.49902086752638
Batch_2,avn74qx1,full_resolution,3,4994,1280,1280,16,0,2.973994372707366
Batch_2,avn74qx1,full_resolution,3,4994,1280,1280,16,45,5.705899077959673
Batch_2,avn74qx1,full_resolution,3,4994,1280,1280,16,90,5.099298509562937
Batch_2,avn74qx1,full_resolution,3,4994,1280,1280,16,135,4.307338867568527
Batch_2,avn74qx1,full_resolution,3,4994,1280,1280,32,0,18.678574190300843
Batch_2,avn74qx1,full_resolution,3,4994,1280,1280,32,45,29.72726680337356
Batch_2,avn74qx1,full_resolution,3,4994,1280,1280,32,90,33.31890252044517
Batch_2,avn74qx1,full_resolution,3,4994,1280,1280,32,135,26.557652454405037
Batch_2,avn74qx1,full_resolution,3,4994,1280,1280,64,0,172.53288204564035
Batch_2,avn74qx1,full_resolution,3,4994,1280,1280,64,45,215.97610799787086
Batch_2,avn74qx1,full_resolution,3,4994,1280,1280,64,90,204.65191516876436
Batch_2,avn74qx1,full_resolution,3,4994,1280,1280,64,135,367.7562779880336
Batch_2,avn74qx1,gamma_075,0,1494,256,256,16,0,1.5601632948630901
Batch_2,avn74qx1,gamma_075,0,1494,256,256,16,45,0.8465940736331535
Batch_2,avn74qx1,gamma_075,0,1494,256,256,16,90,0.8366331513612266
Batch_2,avn74qx1,gamma_075,0,1494,256,256,16,135,1.536578753800897
Batch_2,avn74qx1,gamma_075,0,1494,256,256,32,0,9.526081177303787
Batch_2,avn74qx1,gamma_075,0,1494,256,256,32,45,5.420051359659263
Batch_2,avn74qx1,gamma_075,0,1494,256,256,32,90,6.699935404604504
Batch_2,avn74qx1,gamma_075,0,1494,256,256,32,135,8.78066366816746
Batch_2,avn74qx1,gamma_075,0,1494,256,256,64,0,72.81087034470971
Batch_2,avn74qx1,gamma_075,0,1494,256,256,64,45,34.8928607019288
Batch_2,avn74qx1,gamma_075,0,1494,256,256,64,90,41.14135900044873
Batch_2,avn74qx1,gamma_075,0,1494,256,256,64,135,60.63551630326778
Batch_2,avn74qx1,gamma_075,1,4994,256,256,16,0,1.0392721603625437
Batch_2,avn74qx1,gamma_075,1,4994,256,256,16,45,1.995670195089213
Batch_2,avn74qx1,gamma_075,1,4994,256,256,16,90,2.2024859364383667
Batch_2,avn74qx1,gamma_075,1,4994,256,256,16,135,1.464055451271536
Batch_2,avn74qx1,gamma_075,1,4994,256,256,32,0,5.849525522416892
Batch_2,avn74qx1,gamma_075,1,4994,256,256,32,45,11.20468803442828
Batch_2,avn74qx1,gamma_075,1,4994,256,256,32,90,15.708697312206377
Batch_2,avn74qx1,gamma_075,1,4994,256,256,32,135,5.377640136009834
Batch_2,avn74qx1,gamma_075,1,4994,256,256,64,0,20.479209401874144
Batch_2,avn74qx1,gamma_075,1,4994,256,256,64,45,42.78776251507456
Batch_2,avn74qx1,gamma_075,1,4994,256,256,64,90,100.73390653043957
Batch_2,avn74qx1,gamma_075,1,4994,256,256,64,135,15.913168116941328
Batch_2,avn74qx1,gamma_075,2,1494,1280,1280,16,0,1.0312902605185623
Batch_2,avn74qx1,gamma_075,2,1494,1280,1280,16,45,1.4989148395317193
Batch_2,avn74qx1,gamma_075,2,1494,1280,1280,16,90,3.052000608053364
Batch_2,avn74qx1,gamma_075,2,1494,1280,1280,16,135,1.3826990504912486
Batch_2,avn74qx1,gamma_075,2,1494,1280,1280,32,0,5.78575246069237
Batch_2,avn74qx1,gamma_075,2,1494,1280,1280,32,45,9.468411723612054
Batch_2,avn74qx1,gamma_075,2,1494,1280,1280,32,90,20.455664131596997
Batch_2,avn74qx1,gamma_075,2,1494,1280,1280,32,135,9.595758535219677
Batch_2,avn74qx1,gamma_075,2,1494,1280,1280,64,0,18.49934185698006
Batch_2,avn74qx1,gamma_075,2,1494,1280,1280,64,45,21.244748635928694
Batch_2,avn74qx1,gamma_075,2,1494,1280,1280,64,90,90.55281183619348
Batch_2,avn74qx1,gamma_075,2,1494,1280,1280,64,135,42.8293065989736
Batch_2,avn74qx1,gamma_075,3,4994,1280,1280,16,0,0.9465963933683901
Batch_2,avn74qx1,gamma_075,3,4994,1280,1280,16,45,1.9098004087030973
Batch_2,avn74qx1,gamma_075,3,4994,1280,1280,16,90,1.6076362327195202
Batch_2,avn74qx1,gamma_075,3,4994,1280,1280,16,135,1.3766668327762688
Batch_2,avn74qx1,gamma_075,3,4994,1280,1280,32,0,6.271583534819878
Batch_2,avn74qx1,gamma_075,3,4994,1280,1280,32,45,10.419522785329548
Batch_2,avn74qx1,gamma_075,3,4994,1280,1280,32,90,10.838906642320348
Batch_2,avn74qx1,gamma_075,3,4994,1280,1280,32,135,8.185815974369936
Batch_2,avn74qx1,gamma_075,3,4994,1280,1280,64,0,54.57621052450449
Batch_2,avn74qx1,gamma_075,3,4994,1280,1280,64,45,80.04455529825027
Batch_2,avn74qx1,gamma_075,3,4994,1280,1280,64,90,71.0718598069728
Batch_2,avn74qx1,gamma_075,3,4994,1280,1280,64,135,108.11607170563092
Batch_2,avn74qx1,gamma_125,0,1494,256,256,16,0,1.1239912285783187
Batch_2,avn74qx1,gamma_125,0,1494,256,256,16,45,0.6666815841897101
Batch_2,avn74qx1,gamma_125,0,1494,256,256,16,90,0.5778234650678846
Batch_2,avn74qx1,gamma_125,0,1494,256,256,16,135,0.8911536048470503
Batch_2,avn74qx1,gamma_125,0,1494,256,256,32,0,7.949822934984959
Batch_2,avn74qx1,gamma_125,0,1494,256,256,32,45,4.408254751451333
Batch_2,avn74qx1,gamma_125,0,1494,256,256,32,90,4.727357259560758
Batch_2,avn74qx1,gamma_125,0,1494,256,256,32,135,5.658450750862602
Batch_2,avn74qx1,gamma_125,0,1494,256,256,64,0,64.8542423893414
Batch_2,avn74qx1,gamma_125,0,1494,256,256,64,45,33.12195902121728
Batch_2,avn74qx1,gamma_125,0,1494,256,256,64,90,29.3350893337752
Batch_2,avn74qx1,gamma_125,0,1494,256,256,64,135,37.298174755355774
Batch_2,avn74qx1,gamma_125,1,4994,256,256,16,0,1.190842518107369
Batch_2,avn74qx1,gamma_125,1,4994,256,256,16,45,2.055439968083809
Batch_2,avn74qx1,gamma_125,1,4994,256,256,16,90,2.471287015482531
Batch_2,avn74qx1,gamma_125,1,4994,256,256,16,135,1.6281494952202273
Batch_2,avn74qx1,gamma_125,1,4994,256,256,32,0,6.262094320439377
Batch_2,avn74qx1,gamma_125,1,4994,256,256,32,45,11.524256318844559
Batch_2,avn74qx1,gamma_125,1,4994,256,256,32,90,16.058560711369395
Batch_2,avn74qx1,gamma_125,1,4994,256,256,32,135,5.293838549377501
Batch_2,avn74qx1,gamma_125,1,4994,256,256,64,0,22.80488967779595
Batch_2,avn74qx1,gamma_125,1,4994,256,256,64,45,49.83597841856058
Batch_2,avn74qx1,gamma_125,1,4994,256,256,64,90,102.87473687725728
Batch_2,avn74qx1,gamma_125,1,4994,256,256,64,135,16.164734629131225
Batch_2,avn74qx1,gamma_125,2,1494,1280,1280,16,0,1.0218791562014002
Batch_2,avn74qx1,gamma_125,2,1494,1280,1280,16,45,1.4123912617376806
Batch_2,avn74qx1,gamma_125,2,1494,1280,1280,16,90,2.9605427091165972
Batch_2,avn74qx1,gamma_125,2,1494,1280,1280,16,135,1.3903848732816062
Batch_2,avn74qx1,gamma_125,2,1494,1280,1280,32,0,5.05314073548081
Batch_2,avn74qx1,gamma_125,2,1494,1280,1280,32,45,8.648627830434474
Batch_2,avn74qx1,gamma_125,2,1494,1280,1280,32,90,17.315854670062137
Batch_2,avn74qx1,gamma_125,2,1494,1280,1280,32,135,7.902758608936457
Batch_2,avn74qx1,gamma_125,2,1494,1280,1280,64,0,15.91561139084047
Batch_2,avn74qx1,gamma_125,2,1494,1280,1280,64,45,19.7548107177567
Batch_2,avn74qx1,gamma_125,2,1494,1280,1280,64,90,76.12137343066793
Batch_2,avn74qx1,gamma_125,2,1494,1280,1280,64,135,32.59511327611526
Batch_2,avn74qx1,gamma_125,3,4994,1280,1280,16,0,0.7300251057723197
Batch_2,avn74qx1,gamma_125,3,4994,1280,1280,16,45,1.3415567874758638
Batch_2,avn74qx1,gamma_125,3,4994,1280,1280,16,90,1.226821819425753
Batch_2,avn74qx1,gamma_125,3,4994,1280,1280,16,135,1.069167142819702
Batch_2,avn74qx1,gamma_125,3,4994,1280,1280,32,0,4.603142216180823
Batch_2,avn74qx1,gamma_125,3,4994,1280,1280,32,45,6.950574522128477
Batch_2,avn74qx1,gamma_125,3,4994,1280,1280,32,90,8.148077958826388
Batch_2,avn74qx1,gamma_125,3,4994,1280,1280,32,135,7.035946608675662
Batch_2,avn74qx1,gamma_125,3,4994,1280,1280,64,0,44.30097243291016
Batch_2,avn74qx1,gamma_125,3,4994,1280,1280,64,45,49.07703367560365
Batch_2,avn74qx1,gamma_125,3,4994,1280,1280,64,90,48.49954564569573
Batch_2,avn74qx1,gamma_125,3,4994,1280,1280,64,135,99.83522432308193
Batch_2,avn74qx1,affine,0,1494,256,256,16,0,1.3004071766380496
Batch_2,avn74qx1,affine,0,1494,256,256,16,45,0.739392505306348
Batch_2,avn74qx1,affine,0,1494,256,256,16,90,0.6779003669388879
Batch_2,avn74qx1,affine,0,1494,256,256,16,135,1.1376779909986923
Batch_2,avn74qx1,affine,0,1494,256,256,32,0,8.593399318180959
Batch_2,avn74qx1,affine,0,1494,256,256,32,45,4.80890995932842
Batch_2,avn74qx1,affine,0,1494,256,256,32,90,5.527443897461804
Batch_2,avn74qx1,affine,0,1494,256,256,32,135,6.904951169096796
Batch_2,avn74qx1,affine,0,1494,256,256,64,0,68.13906423982644
Batch_2,avn74qx1,affine,0,1494,256,256,64,45,33.58809093090566
Batch_2,avn74qx1,affine,0,1494,256,256,64,90,33.60968937807225
Batch_2,avn74qx1,affine,0,1494,256,256,64,135,45.95332520678267
Batch_2,avn74qx1,affine,1,4994,256,256,16,0,1.1172425642790238
Batch_2,avn74qx1,affine,1,4994,256,256,16,45,2.025391739139293
Batch_2,avn74qx1,affine,1,4994,256,256,16,90,2.347684691836866
Batch_2,avn74qx1,affine,1,4994,256,256,16,135,1.5380784850683162
Batch_2,avn74qx1,affine,1,4994,256,256,32,0,6.0667944581328905
Batch_2,avn74qx1,affine,1,4994,256,256,32,45,11.44281832474147
Batch_2,avn74qx1,affine,1,4994,256,256,32,90,15.997934730257674
Batch_2,avn74qx1,affine,1,4994,256,256,32,135,5.309378544678683
Batch_2,avn74qx1,affine,1,4994,256,256,64,0,21.84670403156256
Batch_2,avn74qx1,affine,1,4994,256,256,64,45,46.9904626022454
Batch_2,avn74qx1,affine,1,4994,256,256,64,90,103.60428635997282
Batch_2,avn74qx1,affine,1,4994,256,256,64,135,15.998070728738403
Batch_2,avn74qx1,affine,2,1494,1280,1280,16,0,1.0250108488213174
Batch_2,avn74qx1,affine,2,1494,1280,1280,16,45,1.4499925803095588
Batch_2,avn74qx1,affine,2,1494,1280,1280,16,90,3.002230439198553
Batch_2,avn74qx1,affine,2,1494,1280,1280,16,135,1.378741691110462
Batch_2,avn74qx1,affine,2,1494,1280,1280,32,0,5.412668145834932
Batch_2,avn74qx1,affine,2,1494,1280,1280,32,45,9.098597826798088
Batch_2,avn74qx1,affine,2,1494,1280,1280,32,90,18.794267889394792
Batch_2,avn74qx1,affine,2,1494,1280,1280,32,135,8.65094592509964
Batch_2,avn74qx1,affine,2,1494,1280,1280,64,0,17.138198904272368
Batch_2,avn74qx1,affine,2,1494,1280,1280,64,45,20.668003621208705
Batch_2,avn74qx1,affine,2,1494,1280,1280,64,90,83.39372870411208
Batch_2,avn74qx1,affine,2,1494,1280,1280,64,135,37.11333931553542
Batch_2,avn74qx1,affine,3,4994,1280,1280,16,0,0.8223471486556213
Batch_2,avn74qx1,affine,3,4994,1280,1280,16,45,1.5857043951523897
Batch_2,avn74qx1,affine,3,4994,1280,1280,16,90,1.4132934203851015
Batch_2,avn74qx1,affine,3,4994,1280,1280,16,135,1.1964300241749601
Batch_2,avn74qx1,affine,3,4994,1280,1280,32,0,5.292791747151097
Batch_2,avn74qx1,affine,3,4994,1280,1280,32,45,8.41728217946652
Batch_2,avn74qx1,affine,3,4994,1280,1280,32,90,9.425512876421772
Batch_2,avn74qx1,affine,3,4994,1280,1280,32,135,7.530287906655092
Batch_2,avn74qx1,affine,3,4994,1280,1280,64,0,49.134871851693845
Batch_2,avn74qx1,affine,3,4994,1280,1280,64,45,61.4747209881755
Batch_2,avn74qx1,affine,3,4994,1280,1280,64,90,58.23401311834586
Batch_2,avn74qx1,affine,3,4994,1280,1280,64,135,104.68858140833824
Batch_2,b3esycq1,nominal,0,1494,283,283,16,0,0.476762697749334
Batch_2,b3esycq1,nominal,0,1494,283,283,16,45,2.1549324413482562
Batch_2,b3esycq1,nominal,0,1494,283,283,16,90,1.1334407918249811
Batch_2,b3esycq1,nominal,0,1494,283,283,16,135,0.5863007916227762
Batch_2,b3esycq1,nominal,0,1494,283,283,32,0,1.81657394688312
Batch_2,b3esycq1,nominal,0,1494,283,283,32,45,5.154735685067018
Batch_2,b3esycq1,nominal,0,1494,283,283,32,90,7.837014624179086
Batch_2,b3esycq1,nominal,0,1494,283,283,32,135,2.6533233998976766
Batch_2,b3esycq1,nominal,0,1494,283,283,64,0,11.224583998874
Batch_2,b3esycq1,nominal,0,1494,283,283,64,45,20.964103234238657
Batch_2,b3esycq1,nominal,0,1494,283,283,64,90,22.19341721271595
Batch_2,b3esycq1,nominal,0,1494,283,283,64,135,5.8069739588925335
Batch_2,b3esycq1,nominal,1,4994,283,283,16,0,2.222136055590221
Batch_2,b3esycq1,nominal,1,4994,283,283,16,45,1.8599856391818792
Batch_2,b3esycq1,nominal,1,4994,283,283,16,90,2.4409527330008145
Batch_2,b3esycq1,nominal,1,4994,283,283,16,135,1.9368945630731114
Batch_2,b3esycq1,nominal,1,4994,283,283,32,0,8.078327851195795
Batch_2,b3esycq1,nominal,1,4994,283,283,32,45,8.002325714662152
Batch_2,b3esycq1,nominal,1,4994,283,283,32,90,11.858922448998053
Batch_2,b3esycq1,nominal,1,4994,283,283,32,135,6.157187905087758
Batch_2,b3esycq1,nominal,1,4994,283,283,64,0,40.715227598475664
Batch_2,b3esycq1,nominal,1,4994,283,283,64,45,49.55158168449562
Batch_2,b3esycq1,nominal,1,4994,283,283,64,90,57.28426395130955
Batch_2,b3esycq1,nominal,1,4994,283,283,64,135,36.50570889626054
Batch_2,b3esycq1,nominal,2,1494,1361,1361,16,0,1.0178998645480872
Batch_2,b3esycq1,nominal,2,1494,1361,1361,16,45,1.7068218524848817
Batch_2,b3esycq1,nominal,2,1494,1361,1361,16,90,0.8028906748250896
Batch_2,b3esycq1,nominal,2,1494,1361,1361,16,135,0.7804494978688605
Batch_2,b3esycq1,nominal,2,1494,1361,1361,32,0,3.285707101104035
Batch_2,b3esycq1,nominal,2,1494,1361,1361,32,45,9.11104747671598
Batch_2,b3esycq1,nominal,2,1494,1361,1361,32,90,3.7312182114694825
Batch_2,b3esycq1,nominal,2,1494,1361,1361,32,135,3.93902122713363
Batch_2,b3esycq1,nominal,2,1494,1361,1361,64,0,8.003417436310857
Batch_2,b3esycq1,nominal,2,1494,1361,1361,64,45,30.20425784810914
Batch_2,b3esycq1,nominal,2,1494,1361,1361,64,90,28.209740973397874
Batch_2,b3esycq1,nominal,2,1494,1361,1361,64,135,37.21978155867129
Batch_2,b3esycq1,nominal,3,4994,1361,1361,16,0,0.891624367433079
Batch_2,b3esycq1,nominal,3,4994,1361,1361,16,45,1.1362294670847413
Batch_2,b3esycq1,nominal,3,4994,1361,1361,16,90,1.9307171458056613
Batch_2,b3esycq1,nominal,3,4994,1361,1361,16,135,1.8051779960898076
Batch_2,b3esycq1,nominal,3,4994,1361,1361,32,0,4.727529889415993
Batch_2,b3esycq1,nominal,3,4994,1361,1361,32,45,4.772382021932582
Batch_2,b3esycq1,nominal,3,4994,1361,1361,32,90,13.224312972076646
Batch_2,b3esycq1,nominal,3,4994,1361,1361,32,135,10.934457793695222
Batch_2,b3esycq1,nominal,3,4994,1361,1361,64,0,22.578142994311758
Batch_2,b3esycq1,nominal,3,4994,1361,1361,64,45,31.799093230207177
Batch_2,b3esycq1,nominal,3,4994,1361,1361,64,90,46.69792371169724
Batch_2,b3esycq1,nominal,3,4994,1361,1361,64,135,42.88536811313997
Batch_2,b3esycq1,full_resolution,0,1494,283,283,16,0,1.3543721996930638
Batch_2,b3esycq1,full_resolution,0,1494,283,283,16,45,6.243487901311605
Batch_2,b3esycq1,full_resolution,0,1494,283,283,16,90,3.2288789530090933
Batch_2,b3esycq1,full_resolution,0,1494,283,283,16,135,1.6885459229917226
Batch_2,b3esycq1,full_resolution,0,1494,283,283,32,0,5.052293548602199
Batch_2,b3esycq1,full_resolution,0,1494,283,283,32,45,14.435430924261095
Batch_2,b3esycq1,full_resolution,0,1494,283,283,32,90,22.014499567827325
Batch_2,b3esycq1,full_resolution,0,1494,283,283,32,135,7.383651410193334
Batch_2,b3esycq1,full_resolution,0,1494,283,283,64,0,31.22782861962089
Batch_2,b3esycq1,full_resolution,0,1494,283,283,64,45,58.350364325178525
Batch_2,b3esycq1,full_resolution,0,1494,283,283,64,90,61.93406157027934
Batch_2,b3esycq1,full_resolution,0,1494,283,283,64,135,16.180329228296817
Batch_2,b3esycq1,full_resolution,1,4994,283,283,16,0,7.051926827034132
Batch_2,b3esycq1,full_resolution,1,4994,283,283,16,45,5.8731031874707575
Batch_2,b3esycq1,full_resolution,1,4994,283,283,16,90,7.743485224388369
Batch_2,b3esycq1,full_resolution,1,4994,283,283,16,135,6.130097330635579
Batch_2,b3esycq1,full_resolution,1,4994,283,283,32,0,24.9669712804934
Batch_2,b3esycq1,full_resolution,1,4994,283,283,32,45,24.74298351098605
Batch_2,b3esycq1,full_resolution,1,4994,283,283,32,90,36.72417317210627
Batch_2,b3esycq1,full_resolution,1,4994,283,283,32,135,19.01628178674333
Batch_2,b3esycq1,full_resolution,1,4994,283,283,64,0,125.31125392976156
Batch_2,b3esycq1,full_resolution,1,4994,283,283,64,45,152.29607222859974
Batch_2,b3esycq1,full_resolution,1,4994,283,283,64,90,176.15546245857198
Batch_2,b3esycq1,full_resolution,1,4994,283,283,64,135,112.24150096172497
Batch_2,b3esycq1,full_resolution,2,1494,1361,1361,16,0,3.556963721170522
Batch_2,b3esycq1,full_resolution,2,1494,1361,1361,16,45,5.9376605163523575
Batch_2,b3esycq1,full_resolution,2,1494,1361,1361,16,90,2.77828700870354
Batch_2,b3esycq1,full_resolution,2,1494,1361,1361,16,135,2.6917572600773543
Batch_2,b3esycq1,full_resolution,2,1494,1361,1361,32,0,11.23073276031941
Batch_2,b3esycq1,full_resolution,2,1494,1361,1361,32,45,31.1682059739886
Batch_2,b3esycq1,full_resolution,2,1494,1361,1361,32,90,12.71831872684034
Batch_2,b3esycq1,full_resolution,2,1494,1361,1361,32,135,13.394296399094806
Batch_2,b3esycq1,full_resolution,2,1494,1361,1361,64,0,27.14590923812453
Batch_2,b3esycq1,full_resolution,2,1494,1361,1361,64,45,102.47475072726627
Batch_2,b3esycq1,full_resolution,2,1494,1361,1361,64,90,95.74883412703673
Batch_2,b3esycq1,full_resolution,2,1494,1361,1361,64,135,126.22774673520549
Batch_2,b3esycq1,full_resolution,3,4994,1361,1361,16,0,2.979398996629335
Batch_2,b3esycq1,full_resolution,3,4994,1361,1361,16,45,3.853624551229288
Batch_2,b3esycq1,full_resolution,3,4994,1361,1361,16,90,6.53616135924641
Batch_2,b3esycq1,full_resolution,3,4994,1361,1361,16,135,6.075149589210278
Batch_2,b3esycq1,full_resolution,3,4994,1361,1361,32,0,15.510741239354664
Batch_2,b3esycq1,full_resolution,3,4994,1361,1361,32,45,15.670835260125768
Batch_2,b3esycq1,full_resolution,3,4994,1361,1361,32,90,43.51440133898778
Batch_2,b3esycq1,full_resolution,3,4994,1361,1361,32,135,35.863838320949164
Batch_2,b3esycq1,full_resolution,3,4994,1361,1361,64,0,73.75326861222426
Batch_2,b3esycq1,full_resolution,3,4994,1361,1361,64,45,103.91053074572561
Batch_2,b3esycq1,full_resolution,3,4994,1361,1361,64,90,152.45652974570623
Batch_2,b3esycq1,full_resolution,3,4994,1361,1361,64,135,140.1232996562426
Batch_2,b3esycq1,gamma_075,0,1494,283,283,16,0,0.4343684083464217
Batch_2,b3esycq1,gamma_075,0,1494,283,283,16,45,1.9703752308974476
Batch_2,b3esycq1,gamma_075,0,1494,283,283,16,90,1.0869666718147948
Batch_2,b3esycq1,gamma_075,0,1494,283,283,16,135,0.519386859041578
Batch_2,b3esycq1,gamma_075,0,1494,283,283,32,0,1.5157404123756557
Batch_2,b3esycq1,gamma_075,0,1494,283,283,32,45,4.583531765556051
Batch_2,b3esycq1,gamma_075,0,1494,283,283,32,90,7.071416289919202
Batch_2,b3esycq1,gamma_075,0,1494,283,283,32,135,2.1474334555937475
Batch_2,b3esycq1,gamma_075,0,1494,283,283,64,0,9.464473241112117
Batch_2,b3esycq1,gamma_075,0,1494,283,283,64,45,19.246271510795054
Batch_2,b3esycq1,gamma_075,0,1494,283,283,64,90,22.614074622808104
Batch_2,b3esycq1,gamma_075,0,1494,283,283,64,135,4.813314998951161
Batch_2,b3esycq1,gamma_075,1,4994,283,283,16,0,2.382039147091643
Batch_2,b3esycq1,gamma_075,1,4994,283,283,16,45,2.1620021156381624
Batch_2,b3esycq1,gamma_075,1,4994,283,283,16,90,2.4497622724254966
Batch_2,b3esycq1,gamma_075,1,4994,283,283,16,135,2.055032139125217
Batch_2,b3esycq1,gamma_075,1,4994,283,283,32,0,8.828804199723526
Batch_2,b3esycq1,gamma_075,1,4994,283,283,32,45,8.64253828508735
Batch_2,b3esycq1,gamma_075,1,4994,283,283,32,90,11.841709432846734
Batch_2,b3esycq1,gamma_075,1,4994,283,283,32,135,6.737057664316817
Batch_2,b3esycq1,gamma_075,1,4994,283,283,64,0,46.22682828078849
Batch_2,b3esycq1,gamma_075,1,4994,283,283,64,45,53.078605281336394
Batch_2,b3esycq1,gamma_075,1,4994,283,283,64,90,57.607622596285
Batch_2,b3esycq1,gamma_075,1,4994,283,283,64,135,39.531458407616576
Batch_2,b3esycq1,gamma_075,2,1494,1361,1361,16,0,1.2743963127146558
Batch_2,b3esycq1,gamma_075,2,1494,1361,1361,16,45,2.0201565253768656
Batch_2,b3esycq1,gamma_075,2,1494,1361,1361,16,90,1.0125799504125714
Batch_2,b3esycq1,gamma_075,2,1494,1361,1361,16,135,0.9627334252239972
Batch_2,b3esycq1,gamma_075,2,1494,1361,1361,32,0,4.144282350943896
Batch_2,b3esycq1,gamma_075,2,1494,1361,1361,32,45,10.572687466051315
Batch_2,b3esycq1,gamma_075,2,1494,1361,1361,32,90,4.793347095214786
Batch_2,b3esycq1,gamma_075,2,1494,1361,1361,32,135,4.961145270635243
Batch_2,b3esycq1,gamma_075,2,1494,1361,1361,64,0,9.730113402798791
Batch_2,b3esycq1,gamma_075,2,1494,1361,1361,64,45,31.782143718609223
Batch_2,b3esycq1,gamma_075,2,1494,1361,1361,64,90,31.20353667382024
Batch_2,b3esycq1,gamma_075,2,1494,1361,1361,64,135,42.14433169649388
Batch_2,b3esycq1,gamma_075,3,4994,1361,1361,16,0,0.9620413074499077
Batch_2,b3esycq1,gamma_075,3,4994,1361,1361,16,45,1.1987711155377445
Batch_2,b3esycq1,gamma_075,3,4994,1361,1361,16,90,2.169630911174421
Batch_2,b3esycq1,gamma_075,3,4994,1361,1361,16,135,1.9640428301338202
Batch_2,b3esycq1,gamma_075,3,4994,1361,1361,32,0,4.872551958964232
Batch_2,b3esycq1,gamma_075,3,4994,1361,1361,32,45,5.018836490114712
Batch_2,b3esycq1,gamma_075,3,4994,1361,1361,32,90,14.94091395408557
Batch_2,b3esycq1,gamma_075,3,4994,1361,1361,32,135,12.293196525668504
Batch_2,b3esycq1,gamma_075,3,4994,1361,1361,64,0,23.039251552200195
Batch_2,b3esycq1,gamma_075,3,4994,1361,1361,64,45,31.284854673926887
Batch_2,b3esycq1,gamma_075,3,4994,1361,1361,64,90,49.43815842140059
Batch_2,b3esycq1,gamma_075,3,4994,1361,1361,64,135,46.886821008064736
Batch_2,b3esycq1,gamma_125,0,1494,283,283,16,0,0.5113983030166581
Batch_2,b3esycq1,gamma_125,0,1494,283,283,16,45,2.283467014550748
Batch_2,b3esycq1,gamma_125,0,1494,283,283,16,90,1.1624679502867061
Batch_2,b3esycq1,gamma_125,0,1494,283,283,16,135,0.6441434951150806
Batch_2,b3esycq1,gamma_125,0,1494,283,283,32,0,2.144635110139823
Batch_2,b3esycq1,gamma_125,0,1494,283,283,32,45,5.659527048107146
Batch_2,b3esycq1,gamma_125,0,1494,283,283,32,90,8.51351528243222
Batch_2,b3esycq1,gamma_125,0,1494,283,283,32,135,3.1876754300160868
Batch_2,b3esycq1,gamma_125,0,1494,283,283,64,0,13.045229466821695
Batch_2,b3esycq1,gamma_125,0,1494,283,283,64,45,22.60342682161474
Batch_2,b3esycq1,gamma_125,0,1494,283,283,64,90,21.610982710065922
Batch_2,b3esycq1,gamma_125,0,1494,283,283,64,135,6.974908613374087
Batch_2,b3esycq1,gamma_125,1,4994,283,283,16,0,2.079167012228956
Batch_2,b3esycq1,gamma_125,1,4994,283,283,16,45,1.6350905345098514
Batch_2,b3esycq1,gamma_125,1,4994,283,283,16,90,2.4239303017252833
Batch_2,b3esycq1,gamma_125,1,4994,283,283,16,135,1.8406951332369217
Batch_2,b3esycq1,gamma_125,1,4994,283,283,32,0,7.391603800514458
Batch_2,b3esycq1,gamma_125,1,4994,283,283,32,45,7.452097937995487
Batch_2,b3esycq1,gamma_125,1,4994,283,283,32,90,11.695274449102401
Batch_2,b3esycq1,gamma_125,1,4994,283,283,32,135,5.690778540404327
Batch_2,b3esycq1,gamma_125,1,4994,283,283,64,0,36.260291632867336
Batch_2,b3esycq1,gamma_125,1,4994,283,283,64,45,46.09476125788407
Batch_2,b3esycq1,gamma_125,1,4994,283,283,64,90,56.44628829396036
Batch_2,b3esycq1,gamma_125,1,4994,283,283,64,135,33.93698008751383
Batch_2,b3esycq1,gamma_125,2,1494,1361,1361,16,0,0.8401827349693766
Batch_2,b3esycq1,gamma_125,2,1494,1361,1361,16,45,1.4711216062067387
Batch_2,b3esycq1,gamma_125,2,1494,1361,1361,16,90,0.6800889457693813
Batch_2,b3esycq1,gamma_125,2,1494,1361,1361,16,135,0.6645594212796021
Batch_2,b3esycq1,gamma_125,2,1494,1361,1361,32,0,2.6906645358099706
Batch_2,b3esycq1,gamma_125,2,1494,1361,1361,32,45,7.931454840617601
Batch_2,b3esycq1,gamma_125,2,1494,1361,1361,32,90,3.078894193017897
Batch_2,b3esycq1,gamma_125,2,1494,1361,1361,32,135,3.332005282097384
Batch_2,b3esycq1,gamma_125,2,1494,1361,1361,64,0,6.893052547838653
Batch_2,b3esycq1,gamma_125,2,1494,1361,1361,64,45,28.88114843773139
Batch_2,b3esycq1,gamma_125,2,1494,1361,1361,64,90,25.96443078072228
Batch_2,b3esycq1,gamma_125,2,1494,1361,1361,64,135,33.50230326719765
Batch_2,b3esycq1,gamma_125,3,4994,1361,1361,16,0,0.8277028671417148
Batch_2,b3esycq1,gamma_125,3,4994,1361,1361,16,45,1.0721809950360217
Batch_2,b3esycq1,gamma_125,3,4994,1361,1361,16,90,1.7307446358575036
Batch_2,b3esycq1,gamma_125,3,4994,1361,1361,16,135,1.6476990284890505
Batch_2,b3esycq1,gamma_125,3,4994,1361,1361,32,0,4.5730191389763615
Batch_2,b3esycq1,gamma_125,3,4994,1361,1361,32,45,4.527153558630763
Batch_2,b3esycq1,gamma_125,3,4994,1361,1361,32,90,11.71592909401993
Batch_2,b3esycq1,gamma_125,3,4994,1361,1361,32,135,9.736343293841992
Batch_2,b3esycq1,gamma_125,3,4994,1361,1361,64,0,22.258525907667476
Batch_2,b3esycq1,gamma_125,3,4994,1361,1361,64,45,32.2775082015936
Batch_2,b3esycq1,gamma_125,3,4994,1361,1361,64,90,44.06557253116087
Batch_2,b3esycq1,gamma_125,3,4994,1361,1361,64,135,39.216379608340915
Batch_2,b3esycq1,affine,0,1494,283,283,16,0,0.47676269774933394
Batch_2,b3esycq1,affine,0,1494,283,283,16,45,2.1549324413482562
Batch_2,b3esycq1,affine,0,1494,283,283,16,90,1.133440791824981
Batch_2,b3esycq1,affine,0,1494,283,283,16,135,0.5863007916227762
Batch_2,b3esycq1,affine,0,1494,283,283,32,0,1.81657394688312
Batch_2,b3esycq1,affine,0,1494,283,283,32,45,5.154735685067018
Batch_2,b3esycq1,affine,0,1494,283,283,32,90,7.837014624179085
Batch_2,b3esycq1,affine,0,1494,283,283,32,135,2.653323399897676
Batch_2,b3esycq1,affine,0,1494,283,283,64,0,11.224583998874
Batch_2,b3esycq1,affine,0,1494,283,283,64,45,20.96410323423865
Batch_2,b3esycq1,affine,0,1494,283,283,64,90,22.193417212715943
Batch_2,b3esycq1,affine,0,1494,283,283,64,135,5.8069739588925335
Batch_2,b3esycq1,affine,1,4994,283,283,16,0,2.222136055590221
Batch_2,b3esycq1,affine,1,4994,283,283,16,45,1.8599856391818799
Batch_2,b3esycq1,affine,1,4994,283,283,16,90,2.4409527330008145
Batch_2,b3esycq1,affine,1,4994,283,283,16,135,1.9368945630731118
Batch_2,b3esycq1,affine,1,4994,283,283,32,0,8.078327851195798
Batch_2,b3esycq1,affine,1,4994,283,283,32,45,8.002325714662154
Batch_2,b3esycq1,affine,1,4994,283,283,32,90,11.858922448998054
Batch_2,b3esycq1,affine,1,4994,283,283,32,135,6.157187905087758
Batch_2,b3esycq1,affine,1,4994,283,283,64,0,40.71522759847567
Batch_2,b3esycq1,affine,1,4994,283,283,64,45,49.55158168449562
Batch_2,b3esycq1,affine,1,4994,283,283,64,90,57.284263951309555
Batch_2,b3esycq1,affine,1,4994,283,283,64,135,36.50570889626055
Batch_2,b3esycq1,affine,2,1494,1361,1361,16,0,1.0178998645480875
Batch_2,b3esycq1,affine,2,1494,1361,1361,16,45,1.706821852484882
Batch_2,b3esycq1,affine,2,1494,1361,1361,16,90,0.8028906748250898
Batch_2,b3esycq1,affine,2,1494,1361,1361,16,135,0.7804494978688608
Batch_2,b3esycq1,affine,2,1494,1361,1361,32,0,3.2857071011040357
Batch_2,b3esycq1,affine,2,1494,1361,1361,32,45,9.11104747671598
Batch_2,b3esycq1,affine,2,1494,1361,1361,32,90,3.7312182114694825
Batch_2,b3esycq1,affine,2,1494,1361,1361,32,135,3.9390212271336305
Batch_2,b3esycq1,affine,2,1494,1361,1361,64,0,8.00341743631086
Batch_2,b3esycq1,affine,2,1494,1361,1361,64,45,30.20425784810914
Batch_2,b3esycq1,affine,2,1494,1361,1361,64,90,28.209740973397878
Batch_2,b3esycq1,affine,2,1494,1361,1361,64,135,37.2197815586713
Batch_2,b3esycq1,affine,3,4994,1361,1361,16,0,0.891624367433079
Batch_2,b3esycq1,affine,3,4994,1361,1361,16,45,1.1362294670847413
Batch_2,b3esycq1,affine,3,4994,1361,1361,16,90,1.9307171458056613
Batch_2,b3esycq1,affine,3,4994,1361,1361,16,135,1.8051779960898076
Batch_2,b3esycq1,affine,3,4994,1361,1361,32,0,4.727529889415993
Batch_2,b3esycq1,affine,3,4994,1361,1361,32,45,4.772382021932582
Batch_2,b3esycq1,affine,3,4994,1361,1361,32,90,13.22431297207664
Batch_2,b3esycq1,affine,3,4994,1361,1361,32,135,10.934457793695222
Batch_2,b3esycq1,affine,3,4994,1361,1361,64,0,22.578142994311758
Batch_2,b3esycq1,affine,3,4994,1361,1361,64,45,31.79909323020718
Batch_2,b3esycq1,affine,3,4994,1361,1361,64,90,46.69792371169724
Batch_2,b3esycq1,affine,3,4994,1361,1361,64,135,42.885368113139975
Batch_2,epqdaau9,nominal,0,1494,277,277,16,0,1.3564168659281102
Batch_2,epqdaau9,nominal,0,1494,277,277,16,45,2.7802571235105153
Batch_2,epqdaau9,nominal,0,1494,277,277,16,90,2.439593583216047
Batch_2,epqdaau9,nominal,0,1494,277,277,16,135,1.6456436680883308
Batch_2,epqdaau9,nominal,0,1494,277,277,32,0,6.256062855693743
Batch_2,epqdaau9,nominal,0,1494,277,277,32,45,13.997466449606769
Batch_2,epqdaau9,nominal,0,1494,277,277,32,90,21.068502241527895
Batch_2,epqdaau9,nominal,0,1494,277,277,32,135,16.12670403987504
Batch_2,epqdaau9,nominal,0,1494,277,277,64,0,24.645700123028636
Batch_2,epqdaau9,nominal,0,1494,277,277,64,45,47.495192354020816
Batch_2,epqdaau9,nominal,0,1494,277,277,64,90,84.19180563412175
Batch_2,epqdaau9,nominal,0,1494,277,277,64,135,68.1209882598997
Batch_2,epqdaau9,nominal,1,4994,277,277,16,0,0.3605940051422488
Batch_2,epqdaau9,nominal,1,4994,277,277,16,45,0.35222972987693824
Batch_2,epqdaau9,nominal,1,4994,277,277,16,90,0.35695839113396716
Batch_2,epqdaau9,nominal,1,4994,277,277,16,135,0.3404838664650585
Batch_2,epqdaau9,nominal,1,4994,277,277,32,0,0.7313607659327184
Batch_2,epqdaau9,nominal,1,4994,277,277,32,45,0.8282438477520457
Batch_2,epqdaau9,nominal,1,4994,277,277,32,90,0.8616482568415296
Batch_2,epqdaau9,nominal,1,4994,277,277,32,135,0.8211720079120272
Batch_2,epqdaau9,nominal,1,4994,277,277,64,0,3.0735367207061444
Batch_2,epqdaau9,nominal,1,4994,277,277,64,45,2.60177703178484
Batch_2,epqdaau9,nominal,1,4994,277,277,64,90,3.0823498615644187
Batch_2,epqdaau9,nominal,1,4994,277,277,64,135,5.335879438772313
Batch_2,epqdaau9,nominal,2,1494,1343,1343,16,0,1.4103077997132707
Batch_2,epqdaau9,nominal,2,1494,1343,1343,16,45,1.2357687607864187
Batch_2,epqdaau9,nominal,2,1494,1343,1343,16,90,0.8121492374494668
Batch_2,epqdaau9,nominal,2,1494,1343,1343,16,135,1.0715990756141742
Batch_2,epqdaau9,nominal,2,1494,1343,1343,32,0,10.831921953081602
Batch_2,epqdaau9,nominal,2,1494,1343,1343,32,45,6.733768846344858
Batch_2,epqdaau9,nominal,2,1494,1343,1343,32,90,4.516318361562831
Batch_2,epqdaau9,nominal,2,1494,1343,1343,32,135,5.885162465792987
Batch_2,epqdaau9,nominal,2,1494,1343,1343,64,0,62.587847004233474
Batch_2,epqdaau9,nominal,2,1494,1343,1343,64,45,22.558518718691722
Batch_2,epqdaau9,nominal,2,1494,1343,1343,64,90,15.509986958390703
Batch_2,epqdaau9,nominal,2,1494,1343,1343,64,135,20.329990164468335
Batch_2,epqdaau9,nominal,3,4994,1343,1343,16,0,1.5065532483287654
Batch_2,epqdaau9,nominal,3,4994,1343,1343,16,45,3.042727177522012
Batch_2,epqdaau9,nominal,3,4994,1343,1343,16,90,3.3028822109484226
Batch_2,epqdaau9,nominal,3,4994,1343,1343,16,135,1.3547667151480978
Batch_2,epqdaau9,nominal,3,4994,1343,1343,32,0,8.38091850613742
Batch_2,epqdaau9,nominal,3,4994,1343,1343,32,45,13.520750025207276
Batch_2,epqdaau9,nominal,3,4994,1343,1343,32,90,19.83577542857255
Batch_2,epqdaau9,nominal,3,4994,1343,1343,32,135,10.718951634288125
Batch_2,epqdaau9,nominal,3,4994,1343,1343,64,0,43.26877524804484
Batch_2,epqdaau9,nominal,3,4994,1343,1343,64,45,78.80760977072413
Batch_2,epqdaau9,nominal,3,4994,1343,1343,64,90,174.43916154242442
Batch_2,epqdaau9,nominal,3,4994,1343,1343,64,135,56.63344785565139
Batch_2,epqdaau9,full_resolution,0,1494,277,277,16,0,4.106513444273813
Batch_2,epqdaau9,full_resolution,0,1494,277,277,16,45,8.447477296478757
Batch_2,epqdaau9,full_resolution,0,1494,277,277,16,90,7.315229723324799
Batch_2,epqdaau9,full_resolution,0,1494,277,277,16,135,4.919716555738279
Batch_2,epqdaau9,full_resolution,0,1494,277,277,32,0,18.527996010813403
Batch_2,epqdaau9,full_resolution,0,1494,277,277,32,45,41.45161538775421
Batch_2,epqdaau9,full_resolution,0,1494,277,277,32,90,62.211103029336684
Batch_2,epqdaau9,full_resolution,0,1494,277,277,32,135,47.647949001447614
Batch_2,epqdaau9,full_resolution,0,1494,277,277,64,0,72.39595320401726
Batch_2,epqdaau9,full_resolution,0,1494,277,277,64,45,139.64701442729123
Batch_2,epqdaau9,full_resolution,0,1494,277,277,64,90,247.43761959581263
Batch_2,epqdaau9,full_resolution,0,1494,277,277,64,135,200.3094879129175
Batch_2,epqdaau9,full_resolution,1,4994,277,277,16,0,0.8188783449893845
Batch_2,epqdaau9,full_resolution,1,4994,277,277,16,45,0.7942351881331254
Batch_2,epqdaau9,full_resolution,1,4994,277,277,16,90,0.8335048513137571
Batch_2,epqdaau9,full_resolution,1,4994,277,277,16,135,0.7711194390905288
Batch_2,epqdaau9,full_resolution,1,4994,277,277,32,0,1.6709682724614436
Batch_2,epqdaau9,full_resolution,1,4994,277,277,32,45,1.9132993969535772
Batch_2,epqdaau9,full_resolution,1,4994,277,277,32,90,1.9664866374643224
Batch_2,epqdaau9,full_resolution,1,4994,277,277,32,135,1.846916186786132
Batch_2,epqdaau9,full_resolution,1,4994,277,277,64,0,6.993937911835408
Batch_2,epqdaau9,full_resolution,1,4994,277,277,64,45,5.884329226435955
Batch_2,epqdaau9,full_resolution,1,4994,277,277,64,90,7.000684698643153
Batch_2,epqdaau9,full_resolution,1,4994,277,277,64,135,12.06924617144225
Batch_2,epqdaau9,full_resolution,2,1494,1343,1343,16,0,5.024401894399784
Batch_2,epqdaau9,full_resolution,2,1494,1343,1343,16,45,4.395771964843589
Batch_2,epqdaau9,full_resolution,2,1494,1343,1343,16,90,2.8607755416437732
Batch_2,epqdaau9,full_resolution,2,1494,1343,1343,16,135,3.7877008504516425
Batch_2,epqdaau9,full_resolution,2,1494,1343,1343,32,0,37.4280852612056
Batch_2,epqdaau9,full_resolution,2,1494,1343,1343,32,45,23.233925851227177
Batch_2,epqdaau9,full_resolution,2,1494,1343,1343,32,90,15.58590118220086
Batch_2,epqdaau9,full_resolution,2,1494,1343,1343,32,135,20.292707800555608
Batch_2,epqdaau9,full_resolution,2,1494,1343,1343,64,0,215.1160740486534
Batch_2,epqdaau9,full_resolution,2,1494,1343,1343,64,45,77.55033299611279
Batch_2,epqdaau9,full_resolution,2,1494,1343,1343,64,90,53.38107059742313
Batch_2,epqdaau9,full_resolution,2,1494,1343,1343,64,135,69.93619986394671
Batch_2,epqdaau9,full_resolution,3,4994,1343,1343,16,0,5.048716743938897
Batch_2,epqdaau9,full_resolution,3,4994,1343,1343,16,45,10.234631432240455
Batch_2,epqdaau9,full_resolution,3,4994,1343,1343,16,90,11.09569433664566
Batch_2,epqdaau9,full_resolution,3,4994,1343,1343,16,135,4.568308747808065
Batch_2,epqdaau9,full_resolution,3,4994,1343,1343,32,0,27.570976017074454
Batch_2,epqdaau9,full_resolution,3,4994,1343,1343,32,45,44.47188432267403
Batch_2,epqdaau9,full_resolution,3,4994,1343,1343,32,90,65.1326297548607
Batch_2,epqdaau9,full_resolution,3,4994,1343,1343,32,135,35.27581978501271
Batch_2,epqdaau9,full_resolution,3,4994,1343,1343,64,0,141.65281162791004
Batch_2,epqdaau9,full_resolution,3,4994,1343,1343,64,45,257.6757155177624
Batch_2,epqdaau9,full_resolution,3,4994,1343,1343,64,90,570.1578500058582
Batch_2,epqdaau9,full_resolution,3,4994,1343,1343,64,135,185.08805395493394
Batch_2,epqdaau9,gamma_075,0,1494,277,277,16,0,1.413155649907249
Batch_2,epqdaau9,gamma_075,0,1494,277,277,16,45,3.0038097165644597
Batch_2,epqdaau9,gamma_075,0,1494,277,277,16,90,2.8076121918792993
Batch_2,epqdaau9,gamma_075,0,1494,277,277,16,135,1.8212508059426358
Batch_2,epqdaau9,gamma_075,0,1494,277,277,32,0,6.661901775007688
Batch_2,epqdaau9,gamma_075,0,1494,277,277,32,45,14.992057086907893
Batch_2,epqdaau9,gamma_075,0,1494,277,277,32,90,23.005495912688726
Batch_2,epqdaau9,gamma_075,0,1494,277,277,32,135,18.50836028313099
Batch_2,epqdaau9,gamma_075,0,1494,277,277,64,0,24.488348717981598
Batch_2,epqdaau9,gamma_075,0,1494,277,277,64,45,41.76654406492087
Batch_2,epqdaau9,gamma_075,0,1494,277,277,64,90,83.86232443224273
Batch_2,epqdaau9,gamma_075,0,1494,277,277,64,135,72.92088753981201
Batch_2,epqdaau9,gamma_075,1,4994,277,277,16,0,0.3143845523811686
Batch_2,epqdaau9,gamma_075,1,4994,277,277,16,45,0.30687656241046407
Batch_2,epqdaau9,gamma_075,1,4994,277,277,16,90,0.30899408844039816
Batch_2,epqdaau9,gamma_075,1,4994,277,277,16,135,0.2963640971436235
Batch_2,epqdaau9,gamma_075,1,4994,277,277,32,0,0.6066149848679749
Batch_2,epqdaau9,gamma_075,1,4994,277,277,32,45,0.6790902988329587
Batch_2,epqdaau9,gamma_075,1,4994,277,277,32,90,0.6928809787265436
Batch_2,epqdaau9,gamma_075,1,4994,277,277,32,135,0.6676240486126263
Batch_2,epqdaau9,gamma_075,1,4994,277,277,64,0,2.450848765285181
Batch_2,epqdaau9,gamma_075,1,4994,277,277,64,45,2.00496661543799
Batch_2,epqdaau9,gamma_075,1,4994,277,277,64,90,2.3567648303096673
Batch_2,epqdaau9,gamma_075,1,4994,277,277,64,135,4.117852157658694
Batch_2,epqdaau9,gamma_075,2,1494,1343,1343,16,0,1.645290096190895
Batch_2,epqdaau9,gamma_075,2,1494,1343,1343,16,45,1.53918207839999
Batch_2,epqdaau9,gamma_075,2,1494,1343,1343,16,90,0.9599545349583499
Batch_2,epqdaau9,gamma_075,2,1494,1343,1343,16,135,1.2014965950733736
Batch_2,epqdaau9,gamma_075,2,1494,1343,1343,32,0,12.45139657944871
Batch_2,epqdaau9,gamma_075,2,1494,1343,1343,32,45,8.627375923661521
Batch_2,epqdaau9,gamma_075,2,1494,1343,1343,32,90,5.571234150980685
Batch_2,epqdaau9,gamma_075,2,1494,1343,1343,32,135,6.8809529922621575
Batch_2,epqdaau9,gamma_075,2,1494,1343,1343,64,0,63.465909329166045
Batch_2,epqdaau9,gamma_075,2,1494,1343,1343,64,45,27.91915657254921
Batch_2,epqdaau9,gamma_075,2,1494,1343,1343,64,90,18.148532366646364
Batch_2,epqdaau9,gamma_075,2,1494,1343,1343,64,135,22.45750904887533
Batch_2,epqdaau9,gamma_075,3,4994,1343,1343,16,0,1.5951063172293019
Batch_2,epqdaau9,gamma_075,3,4994,1343,1343,16,45,3.2301556815527164
Batch_2,epqdaau9,gamma_075,3,4994,1343,1343,16,90,3.432236334829514
Batch_2,epqdaau9,gamma_075,3,4994,1343,1343,16,135,1.4381461426904993
Batch_2,epqdaau9,gamma_075,3,4994,1343,1343,32,0,8.60713201437677
Batch_2,epqdaau9,gamma_075,3,4994,1343,1343,32,45,13.767233751586454
Batch_2,epqdaau9,gamma_075,3,4994,1343,1343,32,90,22.633346336677313
Batch_2,epqdaau9,gamma_075,3,4994,1343,1343,32,135,12.271558351323954
Batch_2,epqdaau9,gamma_075,3,4994,1343,1343,64,0,45.437712839680444
Batch_2,epqdaau9,gamma_075,3,4994,1343,1343,64,45,76.18433048282206
Batch_2,epqdaau9,gamma_075,3,4994,1343,1343,64,90,170.26315288115075
Batch_2,epqdaau9,gamma_075,3,4994,1343,1343,64,135,56.94880204093906
Batch_2,epqdaau9,gamma_125,0,1494,277,277,16,0,1.3210434091702254
Batch_2,epqdaau9,gamma_125,0,1494,277,277,16,45,2.616229550969876
Batch_2,epqdaau9,gamma_125,0,1494,277,277,16,90,2.183219744474821
Batch_2,epqdaau9,gamma_125,0,1494,277,277,16,135,1.516586834042302
Batch_2,epqdaau9,gamma_125,0,1494,277,277,32,0,6.103299852247278
Batch_2,epqdaau9,gamma_125,0,1494,277,277,32,45,13.200406320849012
Batch_2,epqdaau9,gamma_125,0,1494,277,277,32,90,19.655070658953843
Batch_2,epqdaau9,gamma_125,0,1494,277,277,32,135,14.174568037662162
Batch_2,epqdaau9,gamma_125,0,1494,277,277,64,0,24.969455441804698
Batch_2,epqdaau9,gamma_125,0,1494,277,277,64,45,53.105972874265575
Batch_2,epqdaau9,gamma_125,0,1494,277,277,64,90,86.21649112740631
Batch_2,epqdaau9,gamma_125,0,1494,277,277,64,135,65.1424838673281
Batch_2,epqdaau9,gamma_125,1,4994,277,277,16,0,0.378408603799584
Batch_2,epqdaau9,gamma_125,1,4994,277,277,16,45,0.37006759200272454
Batch_2,epqdaau9,gamma_125,1,4994,277,277,16,90,0.3774403398794506
Batch_2,epqdaau9,gamma_125,1,4994,277,277,16,135,0.35793112632834545
Batch_2,epqdaau9,gamma_125,1,4994,277,277,32,0,0.8104532115222582
Batch_2,epqdaau9,gamma_125,1,4994,277,277,32,45,0.9301043293064503
Batch_2,epqdaau9,gamma_125,1,4994,277,277,32,90,0.9904641630839427
Batch_2,epqdaau9,gamma_125,1,4994,277,277,32,135,0.9299682383701964
Batch_2,epqdaau9,gamma_125,1,4994,277,277,64,0,3.5735342794684937
Batch_2,epqdaau9,gamma_125,1,4994,277,277,64,45,3.101676896805516
Batch_2,epqdaau9,gamma_125,1,4994,277,277,64,90,3.7029899121753194
Batch_2,epqdaau9,gamma_125,1,4994,277,277,64,135,6.397189995792332
Batch_2,epqdaau9,gamma_125,2,1494,1343,1343,16,0,1.2223700286540566
Batch_2,epqdaau9,gamma_125,2,1494,1343,1343,16,45,1.0108039202632144
Batch_2,epqdaau9,gamma_125,2,1494,1343,1343,16,90,0.678727575561963
Batch_2,epqdaau9,gamma_125,2,1494,1343,1343,16,135,0.9451574547022479
Batch_2,epqdaau9,gamma_125,2,1494,1343,1343,32,0,9.611772945465297
Batch_2,epqdaau9,gamma_125,2,1494,1343,1343,32,45,5.429658506805526
Batch_2,epqdaau9,gamma_125,2,1494,1343,1343,32,90,3.6676840651648184
Batch_2,epqdaau9,gamma_125,2,1494,1343,1343,32,135,5.005175452260873
Batch_2,epqdaau9,gamma_125,2,1494,1343,1343,64,0,61.12736701954953
Batch_2,epqdaau9,gamma_125,2,1494,1343,1343,64,45,18.946085140472643
Batch_2,epqdaau9,gamma_125,2,1494,1343,1343,64,90,13.463803695701724
Batch_2,epqdaau9,gamma_125,2,1494,1343,1343,64,135,18.268134212552727
Batch_2,epqdaau9,gamma_125,3,4994,1343,1343,16,0,1.4446044934259807
Batch_2,epqdaau9,gamma_125,3,4994,1343,1343,16,45,2.8255701168164933
Batch_2,epqdaau9,gamma_125,3,4994,1343,1343,16,90,3.142261402017996
Batch_2,epqdaau9,gamma_125,3,4994,1343,1343,16,135,1.2994292130422218
Batch_2,epqdaau9,gamma_125,3,4994,1343,1343,32,0,8.16965310106541
Batch_2,epqdaau9,gamma_125,3,4994,1343,1343,32,45,13.355475361319003
Batch_2,epqdaau9,gamma_125,3,4994,1343,1343,32,90,17.740475491529118
Batch_2,epqdaau9,gamma_125,3,4994,1343,1343,32,135,9.731114191767853
Batch_2,epqdaau9,gamma_125,3,4994,1343,1343,64,0,41.642435254526816
Batch_2,epqdaau9,gamma_125,3,4994,1343,1343,64,45,81.1809727871345
Batch_2,epqdaau9,gamma_125,3,4994,1343,1343,64,90,176.80963309553897
Batch_2,epqdaau9,gamma_125,3,4994,1343,1343,64,135,56.76535925978633
Batch_2,epqdaau9,affine,0,1494,277,277,16,0,1.3564168659281106
Batch_2,epqdaau9,affine,0,1494,277,277,16,45,2.780257123510516
Batch_2,epqdaau9,affine,0,1494,277,277,16,90,2.4395935832160474
Batch_2,epqdaau9,affine,0,1494,277,277,16,135,1.645643668088331
Batch_2,epqdaau9,affine,0,1494,277,277,32,0,6.256062855693745
Batch_2,epqdaau9,affine,0,1494,277,277,32,45,13.99746644960677
Batch_2,epqdaau9,affine,0,1494,277,277,32,90,21.068502241527902
Batch_2,epqdaau9,affine,0,1494,277,277,32,135,16.12670403987504
Batch_2,epqdaau9,affine,0,1494,277,277,64,0,24.645700123028647
Batch_2,epqdaau9,affine,0,1494,277,277,64,45,47.49519235402084
Batch_2,epqdaau9,affine,0,1494,277,277,64,90,84.19180563412178
Batch_2,epqdaau9,affine,0,1494,277,277,64,135,68.12098825989972
Batch_2,epqdaau9,affine,1,4994,277,277,16,0,0.360594005142249
Batch_2,epqdaau9,affine,1,4994,277,277,16,45,0.3522297298769383
Batch_2,epqdaau9,affine,1,4994,277,277,16,90,0.35695839113396716
Batch_2,epqdaau9,affine,1,4994,277,277,16,135,0.3404838664650586
Batch_2,epqdaau9,affine,1,4994,277,277,32,0,0.7313607659327189
Batch_2,epqdaau9,affine,1,4994,277,277,32,45,0.8282438477520461
Batch_2,epqdaau9,affine,1,4994,277,277,32,90,0.8616482568415297
Batch_2,epqdaau9,affine,1,4994,277,277,32,135,0.8211720079120274
Batch_2,epqdaau9,affine,1,4994,277,277,64,0,3.073536720706145
Batch_2,epqdaau9,affine,1,4994,277,277,64,45,2.6017770317848408
Batch_2,epqdaau9,affine,1,4994,277,277,64,90,3.08234986156442
Batch_2,epqdaau9,affine,1,4994,277,277,64,135,5.335879438772315
Batch_2,epqdaau9,affine,2,1494,1343,1343,16,0,1.4103077997132707
Batch_2,epqdaau9,affine,2,1494,1343,1343,16,45,1.2357687607864187
Batch_2,epqdaau9,affine,2,1494,1343,1343,16,90,0.8121492374494665
Batch_2,epqdaau9,affine,2,1494,1343,1343,16,135,1.0715990756141742
Batch_2,epqdaau9,affine,2,1494,1343,1343,32,0,10.831921953081602
Batch_2,epqdaau9,affine,2,1494,1343,1343,32,45,6.733768846344858
Batch_2,epqdaau9,affine,2,1494,1343,1343,32,90,4.516318361562831
Batch_2,epqdaau9,affine,2,1494,1343,1343,32,135,5.885162465792987
Batch_2,epqdaau9,affine,2,1494,1343,1343,64,0,62.587847004233474
Batch_2,epqdaau9,affine,2,1494,1343,1343,64,45,22.558518718691722
Batch_2,epqdaau9,affine,2,1494,1343,1343,64,90,15.509986958390705
Batch_2,epqdaau9,affine,2,1494,1343,1343,64,135,20.329990164468335
Batch_2,epqdaau9,affine,3,4994,1343,1343,16,0,1.5065532483287654
Batch_2,epqdaau9,affine,3,4994,1343,1343,16,45,3.042727177522012
Batch_2,epqdaau9,affine,3,4994,1343,1343,16,90,3.3028822109484226
Batch_2,epqdaau9,affine,3,4994,1343,1343,16,135,1.354766715148098
Batch_2,epqdaau9,affine,3,4994,1343,1343,32,0,8.380918506137421
Batch_2,epqdaau9,affine,3,4994,1343,1343,32,45,13.520750025207281
Batch_2,epqdaau9,affine,3,4994,1343,1343,32,90,19.835775428572553
Batch_2,epqdaau9,affine,3,4994,1343,1343,32,135,10.718951634288128
Batch_2,epqdaau9,affine,3,4994,1343,1343,64,0,43.26877524804485
Batch_2,epqdaau9,affine,3,4994,1343,1343,64,45,78.80760977072414
Batch_2,epqdaau9,affine,3,4994,1343,1343,64,90,174.43916154242444
Batch_2,epqdaau9,affine,3,4994,1343,1343,64,135,56.633447855651404
Batch_2,i9jiqjwl,nominal,0,1494,312,312,16,0,1.3639931773164198
Batch_2,i9jiqjwl,nominal,0,1494,312,312,16,45,1.1842577234138107
Batch_2,i9jiqjwl,nominal,0,1494,312,312,16,90,1.0478159562999714
Batch_2,i9jiqjwl,nominal,0,1494,312,312,16,135,1.1625506144884286
Batch_2,i9jiqjwl,nominal,0,1494,312,312,32,0,7.451464489327216
Batch_2,i9jiqjwl,nominal,0,1494,312,312,32,45,6.798914334162719
Batch_2,i9jiqjwl,nominal,0,1494,312,312,32,90,5.429584068298068
Batch_2,i9jiqjwl,nominal,0,1494,312,312,32,135,9.085628814438348
Batch_2,i9jiqjwl,nominal,0,1494,312,312,64,0,44.962818224517065
Batch_2,i9jiqjwl,nominal,0,1494,312,312,64,45,34.91042810703718
Batch_2,i9jiqjwl,nominal,0,1494,312,312,64,90,28.090922428176853
Batch_2,i9jiqjwl,nominal,0,1494,312,312,64,135,48.18936820234155
Batch_2,i9jiqjwl,nominal,1,4994,312,312,16,0,1.0196280002892744
Batch_2,i9jiqjwl,nominal,1,4994,312,312,16,45,0.7319253058051074
Batch_2,i9jiqjwl,nominal,1,4994,312,312,16,90,0.8936831108811691
Batch_2,i9jiqjwl,nominal,1,4994,312,312,16,135,1.803895744830319
Batch_2,i9jiqjwl,nominal,1,4994,312,312,32,0,5.1511256599865405
Batch_2,i9jiqjwl,nominal,1,4994,312,312,32,45,4.160914214587397
Batch_2,i9jiqjwl,nominal,1,4994,312,312,32,90,4.352020151886668
Batch_2,i9jiqjwl,nominal,1,4994,312,312,32,135,8.98027793327792
Batch_2,i9jiqjwl,nominal,1,4994,312,312,64,0,41.76314898135969
Batch_2,i9jiqjwl,nominal,1,4994,312,312,64,45,19.50197482902373
Batch_2,i9jiqjwl,nominal,1,4994,312,312,64,90,29.69332852618738
Batch_2,i9jiqjwl,nominal,1,4994,312,312,64,135,22.450743920964406
Batch_2,i9jiqjwl,nominal,2,1494,1448,1448,16,0,0.894618467781651
Batch_2,i9jiqjwl,nominal,2,1494,1448,1448,16,45,1.8298132915925671
Batch_2,i9jiqjwl,nominal,2,1494,1448,1448,16,90,1.5783385524090203
Batch_2,i9jiqjwl,nominal,2,1494,1448,1448,16,135,1.3872654980122376
Batch_2,i9jiqjwl,nominal,2,1494,1448,1448,32,0,5.293029452795659
Batch_2,i9jiqjwl,nominal,2,1494,1448,1448,32,45,12.360813565075441
Batch_2,i9jiqjwl,nominal,2,1494,1448,1448,32,90,7.624415722658264
Batch_2,i9jiqjwl,nominal,2,1494,1448,1448,32,135,8.276281784463169
Batch_2,i9jiqjwl,nominal,2,1494,1448,1448,64,0,31.07124595234582
Batch_2,i9jiqjwl,nominal,2,1494,1448,1448,64,45,54.866876853236356
Batch_2,i9jiqjwl,nominal,2,1494,1448,1448,64,90,34.00723896620974
Batch_2,i9jiqjwl,nominal,2,1494,1448,1448,64,135,80.31494628571625
Batch_2,i9jiqjwl,nominal,3,4994,1448,1448,16,0,1.6934590318637504
Batch_2,i9jiqjwl,nominal,3,4994,1448,1448,16,45,1.8764371205712231
Batch_2,i9jiqjwl,nominal,3,4994,1448,1448,16,90,2.3381080989730294
Batch_2,i9jiqjwl,nominal,3,4994,1448,1448,16,135,2.1999467927578222
Batch_2,i9jiqjwl,nominal,3,4994,1448,1448,32,0,13.89143404914447
Batch_2,i9jiqjwl,nominal,3,4994,1448,1448,32,45,11.137967432235937
Batch_2,i9jiqjwl,nominal,3,4994,1448,1448,32,90,15.00165000779299
Batch_2,i9jiqjwl,nominal,3,4994,1448,1448,32,135,10.244382366415925
Batch_2,i9jiqjwl,nominal,3,4994,1448,1448,64,0,66.62076310822052
Batch_2,i9jiqjwl,nominal,3,4994,1448,1448,64,45,58.16393455340601
Batch_2,i9jiqjwl,nominal,3,4994,1448,1448,64,90,84.25306178943792
Batch_2,i9jiqjwl,nominal,3,4994,1448,1448,64,135,45.96712144519496
Batch_2,i9jiqjwl,full_resolution,0,1494,312,312,16,0,5.0041164327923555
Batch_2,i9jiqjwl,full_resolution,0,1494,312,312,16,45,4.363538539581933
Batch_2,i9jiqjwl,full_resolution,0,1494,312,312,16,90,3.8797512815937107
Batch_2,i9jiqjwl,full_resolution,0,1494,312,312,16,135,4.288415111079866
Batch_2,i9jiqjwl,full_resolution,0,1494,312,312,32,0,26.887755190627487
Batch_2,i9jiqjwl,full_resolution,0,1494,312,312,32,45,24.493626253074545
Batch_2,i9jiqjwl,full_resolution,0,1494,312,312,32,90,19.57978222218151
Batch_2,i9jiqjwl,full_resolution,0,1494,312,312,32,135,32.75843941912577
Batch_2,i9jiqjwl,full_resolution,0,1494,312,312,64,0,161.20651573021377
Batch_2,i9jiqjwl,full_resolution,0,1494,312,312,64,45,125.1392016681014
Batch_2,i9jiqjwl,full_resolution,0,1494,312,312,64,90,100.69267966856484
Batch_2,i9jiqjwl,full_resolution,0,1494,312,312,64,135,172.77391374799078
Batch_2,i9jiqjwl,full_resolution,1,4994,312,312,16,0,3.5833728655554125
Batch_2,i9jiqjwl,full_resolution,1,4994,312,312,16,45,2.5869555359209015
Batch_2,i9jiqjwl,full_resolution,1,4994,312,312,16,90,3.131665804676207
Batch_2,i9jiqjwl,full_resolution,1,4994,312,312,16,135,6.31675270351291
Batch_2,i9jiqjwl,full_resolution,1,4994,312,312,32,0,17.729424265648824
Batch_2,i9jiqjwl,full_resolution,1,4994,312,312,32,45,14.316999732861534
Batch_2,i9jiqjwl,full_resolution,1,4994,312,312,32,90,14.996259977792544
Batch_2,i9jiqjwl,full_resolution,1,4994,312,312,32,135,30.92097174074845
Batch_2,i9jiqjwl,full_resolution,1,4994,312,312,64,0,142.92053799120424
Batch_2,i9jiqjwl,full_resolution,1,4994,312,312,64,45,66.70210155934791
Batch_2,i9jiqjwl,full_resolution,1,4994,312,312,64,90,101.5141117311356
Batch_2,i9jiqjwl,full_resolution,1,4994,312,312,64,135,76.88265530705289
Batch_2,i9jiqjwl,full_resolution,2,1494,1448,1448,16,0,2.941825788692008
Batch_2,i9jiqjwl,full_resolution,2,1494,1448,1448,16,45,6.040903841925061
Batch_2,i9jiqjwl,full_resolution,2,1494,1448,1448,16,90,5.177433062478898
Batch_2,i9jiqjwl,full_resolution,2,1494,1448,1448,16,135,4.583495081437667
Batch_2,i9jiqjwl,full_resolution,2,1494,1448,1448,32,0,17.026924050269397
Batch_2,i9jiqjwl,full_resolution,2,1494,1448,1448,32,45,39.69513530780634
Batch_2,i9jiqjwl,full_resolution,2,1494,1448,1448,32,90,24.55868407440253
Batch_2,i9jiqjwl,full_resolution,2,1494,1448,1448,32,135,26.62840050560725
Batch_2,i9jiqjwl,full_resolution,2,1494,1448,1448,64,0,99.54034533427763
Batch_2,i9jiqjwl,full_resolution,2,1494,1448,1448,64,45,175.41936121755123
Batch_2,i9jiqjwl,full_resolution,2,1494,1448,1448,64,90,108.70184177909803
Batch_2,i9jiqjwl,full_resolution,2,1494,1448,1448,64,135,256.82585403272674
Batch_2,i9jiqjwl,full_resolution,3,4994,1448,1448,16,0,5.486799529807571
Batch_2,i9jiqjwl,full_resolution,3,4994,1448,1448,16,45,6.073490539706407
Batch_2,i9jiqjwl,full_resolution,3,4994,1448,1448,16,90,7.572605958173089
Batch_2,i9jiqjwl,full_resolution,3,4994,1448,1448,16,135,7.1822832103523195
Batch_2,i9jiqjwl,full_resolution,3,4994,1448,1448,32,0,44.045009712698466
Batch_2,i9jiqjwl,full_resolution,3,4994,1448,1448,32,45,35.37139260953076
Batch_2,i9jiqjwl,full_resolution,3,4994,1448,1448,32,90,47.465431682550815
Batch_2,i9jiqjwl,full_resolution,3,4994,1448,1448,32,135,32.521545686481105
Batch_2,i9jiqjwl,full_resolution,3,4994,1448,1448,64,0,210.39159085632073
Batch_2,i9jiqjwl,full_resolution,3,4994,1448,1448,64,45,183.58017740058983
Batch_2,i9jiqjwl,full_resolution,3,4994,1448,1448,64,90,265.9397880480711
Batch_2,i9jiqjwl,full_resolution,3,4994,1448,1448,64,135,145.04950638310672
Batch_2,i9jiqjwl,gamma_075,0,1494,312,312,16,0,1.2953032814324137
Batch_2,i9jiqjwl,gamma_075,0,1494,312,312,16,45,1.1812147626072977
Batch_2,i9jiqjwl,gamma_075,0,1494,312,312,16,90,1.0756233274985767
Batch_2,i9jiqjwl,gamma_075,0,1494,312,312,16,135,1.137455969537389
Batch_2,i9jiqjwl,gamma_075,0,1494,312,312,32,0,7.488214635118211
Batch_2,i9jiqjwl,gamma_075,0,1494,312,312,32,45,7.243869251236726
Batch_2,i9jiqjwl,gamma_075,0,1494,312,312,32,90,5.639485601665399
Batch_2,i9jiqjwl,gamma_075,0,1494,312,312,32,135,8.891792443717652
Batch_2,i9jiqjwl,gamma_075,0,1494,312,312,64,0,47.481125717415416
Batch_2,i9jiqjwl,gamma_075,0,1494,312,312,64,45,39.66390752636187
Batch_2,i9jiqjwl,gamma_075,0,1494,312,312,64,90,28.187813433961427
Batch_2,i9jiqjwl,gamma_075,0,1494,312,312,64,135,49.71168999090574
Batch_2,i9jiqjwl,gamma_075,1,4994,312,312,16,0,1.0563594030899701
Batch_2,i9jiqjwl,gamma_075,1,4994,312,312,16,45,0.7667911746549605
Batch_2,i9jiqjwl,gamma_075,1,4994,312,312,16,90,0.9754508700945353
Batch_2,i9jiqjwl,gamma_075,1,4994,312,312,16,135,1.9142755951251218
Batch_2,i9jiqjwl,gamma_075,1,4994,312,312,32,0,5.046204483136045
Batch_2,i9jiqjwl,gamma_075,1,4994,312,312,32,45,4.312090229880907
Batch_2,i9jiqjwl,gamma_075,1,4994,312,312,32,90,4.4952747898664525
Batch_2,i9jiqjwl,gamma_075,1,4994,312,312,32,135,9.245532340575524
Batch_2,i9jiqjwl,gamma_075,1,4994,312,312,64,0,37.26792498456362
Batch_2,i9jiqjwl,gamma_075,1,4994,312,312,64,45,18.575747562148223
Batch_2,i9jiqjwl,gamma_075,1,4994,312,312,64,90,29.04307219596931
Batch_2,i9jiqjwl,gamma_075,1,4994,312,312,64,135,20.247097454780704
Batch_2,i9jiqjwl,gamma_075,2,1494,1448,1448,16,0,0.9992189038580223
Batch_2,i9jiqjwl,gamma_075,2,1494,1448,1448,16,45,2.1219175056690376
Batch_2,i9jiqjwl,gamma_075,2,1494,1448,1448,16,90,1.6902659124503996
Batch_2,i9jiqjwl,gamma_075,2,1494,1448,1448,16,135,1.4214599173212976
Batch_2,i9jiqjwl,gamma_075,2,1494,1448,1448,32,0,6.289093126064074
Batch_2,i9jiqjwl,gamma_075,2,1494,1448,1448,32,45,13.953780766435521
Batch_2,i9jiqjwl,gamma_075,2,1494,1448,1448,32,90,8.25640898046685
Batch_2,i9jiqjwl,gamma_075,2,1494,1448,1448,32,135,8.378598048471842
Batch_2,i9jiqjwl,gamma_075,2,1494,1448,1448,64,0,35.123072433238214
Batch_2,i9jiqjwl,gamma_075,2,1494,1448,1448,64,45,56.77170211381548
Batch_2,i9jiqjwl,gamma_075,2,1494,1448,1448,64,90,37.4067377094503
Batch_2,i9jiqjwl,gamma_075,2,1494,1448,1448,64,135,72.19610590581463
Batch_2,i9jiqjwl,gamma_075,3,4994,1448,1448,16,0,2.064183861711412
Batch_2,i9jiqjwl,gamma_075,3,4994,1448,1448,16,45,2.1014708051317688
Batch_2,i9jiqjwl,gamma_075,3,4994,1448,1448,16,90,2.625079647473533
Batch_2,i9jiqjwl,gamma_075,3,4994,1448,1448,16,135,2.621374580948539
Batch_2,i9jiqjwl,gamma_075,3,4994,1448,1448,32,0,18.450456031014358
Batch_2,i9jiqjwl,gamma_075,3,4994,1448,1448,32,45,11.932533032983761
Batch_2,i9jiqjwl,gamma_075,3,4994,1448,1448,32,90,15.637875823719542
Batch_2,i9jiqjwl,gamma_075,3,4994,1448,1448,32,135,12.398458589795105
Batch_2,i9jiqjwl,gamma_075,3,4994,1448,1448,64,0,89.29589486340204
Batch_2,i9jiqjwl,gamma_075,3,4994,1448,1448,64,45,56.92267537440651
Batch_2,i9jiqjwl,gamma_075,3,4994,1448,1448,64,90,79.17175210917671
Batch_2,i9jiqjwl,gamma_075,3,4994,1448,1448,64,135,52.8032238771158
Batch_2,i9jiqjwl,gamma_125,0,1494,312,312,16,0,1.4336846819606652
Batch_2,i9jiqjwl,gamma_125,0,1494,312,312,16,45,1.2105344640281965
Batch_2,i9jiqjwl,gamma_125,0,1494,312,312,16,90,1.0392722681952054
Batch_2,i9jiqjwl,gamma_125,0,1494,312,312,16,135,1.200923295309284
Batch_2,i9jiqjwl,gamma_125,0,1494,312,312,32,0,7.469057503693939
Batch_2,i9jiqjwl,gamma_125,0,1494,312,312,32,45,6.538431277823616
Batch_2,i9jiqjwl,gamma_125,0,1494,312,312,32,90,5.306154748068715
Batch_2,i9jiqjwl,gamma_125,0,1494,312,312,32,135,9.220192612833774
Batch_2,i9jiqjwl,gamma_125,0,1494,312,312,64,0,43.18049844247051
Batch_2,i9jiqjwl,gamma_125,0,1494,312,312,64,45,31.454087580907945
Batch_2,i9jiqjwl,gamma_125,0,1494,312,312,64,90,27.805707689568035
Batch_2,i9jiqjwl,gamma_125,0,1494,312,312,64,135,46.35682246063357
Batch_2,i9jiqjwl,gamma_125,1,4994,312,312,16,0,0.9532620772090707
Batch_2,i9jiqjwl,gamma_125,1,4994,312,312,16,45,0.6905195028384595
Batch_2,i9jiqjwl,gamma_125,1,4994,312,312,16,90,0.800788603637978
Batch_2,i9jiqjwl,gamma_125,1,4994,312,312,16,135,1.6287966114793786
Batch_2,i9jiqjwl,gamma_125,1,4994,312,312,32,0,5.059558631223911
Batch_2,i9jiqjwl,gamma_125,1,4994,312,312,32,45,3.979001928516593
Batch_2,i9jiqjwl,gamma_125,1,4994,312,312,32,90,4.134406143456832
Batch_2,i9jiqjwl,gamma_125,1,4994,312,312,32,135,8.309106340988471
Batch_2,i9jiqjwl,gamma_125,1,4994,312,312,64,0,44.22683692979223
Batch_2,i9jiqjwl,gamma_125,1,4994,312,312,64,45,20.023762814021545
Batch_2,i9jiqjwl,gamma_125,1,4994,312,312,64,90,29.323146878278536
Batch_2,i9jiqjwl,gamma_125,1,4994,312,312,64,135,23.544526449063756
Batch_2,i9jiqjwl,gamma_125,2,1494,1448,1448,16,0,0.8198252467490087
Batch_2,i9jiqjwl,gamma_125,2,1494,1448,1448,16,45,1.603934165841882
Batch_2,i9jiqjwl,gamma_125,2,1494,1448,1448,16,90,1.4525498507697951
Batch_2,i9jiqjwl,gamma_125,2,1494,1448,1448,16,135,1.3499471089158162
Batch_2,i9jiqjwl,gamma_125,2,1494,1448,1448,32,0,4.5868132814408185
Batch_2,i9jiqjwl,gamma_125,2,1494,1448,1448,32,45,11.015112280114815
Batch_2,i9jiqjwl,gamma_125,2,1494,1448,1448,32,90,6.9412462271004465
Batch_2,i9jiqjwl,gamma_125,2,1494,1448,1448,32,135,8.109290799759684
Batch_2,i9jiqjwl,gamma_125,2,1494,1448,1448,64,0,28.06211858884994
Batch_2,i9jiqjwl,gamma_125,2,1494,1448,1448,64,45,52.7423161975535
Batch_2,i9jiqjwl,gamma_125,2,1494,1448,1448,64,90,31.25462794017848
Batch_2,i9jiqjwl,gamma_125,2,1494,1448,1448,64,135,85.46399240215018
Batch_2,i9jiqjwl,gamma_125,3,4994,1448,1448,16,0,1.4244501243906484
Batch_2,i9jiqjwl,gamma_125,3,4994,1448,1448,16,45,1.6909610173312322
Batch_2,i9jiqjwl,gamma_125,3,4994,1448,1448,16,90,2.1058701069004595
Batch_2,i9jiqjwl,gamma_125,3,4994,1448,1448,16,135,1.8750969052249367
Batch_2,i9jiqjwl,gamma_125,3,4994,1448,1448,32,0,10.89087624518971
Batch_2,i9jiqjwl,gamma_125,3,4994,1448,1448,32,45,10.437416488063684
Batch_2,i9jiqjwl,gamma_125,3,4994,1448,1448,32,90,14.378595073497793
Batch_2,i9jiqjwl,gamma_125,3,4994,1448,1448,32,135,8.784592332512853
Batch_2,i9jiqjwl,gamma_125,3,4994,1448,1448,64,0,51.58260093642801
Batch_2,i9jiqjwl,gamma_125,3,4994,1448,1448,64,45,58.75415091389199
Batch_2,i9jiqjwl,gamma_125,3,4994,1448,1448,64,90,87.66704904342923
Batch_2,i9jiqjwl,gamma_125,3,4994,1448,1448,64,135,41.97685047710881
Batch_2,i9jiqjwl,affine,0,1494,312,312,16,0,1.3639931773164204
Batch_2,i9jiqjwl,affine,0,1494,312,312,16,45,1.1842577234138107
Batch_2,i9jiqjwl,affine,0,1494,312,312,16,90,1.0478159562999714
Batch_2,i9jiqjwl,affine,0,1494,312,312,16,135,1.1625506144884286
Batch_2,i9jiqjwl,affine,0,1494,312,312,32,0,7.451464489327216
Batch_2,i9jiqjwl,affine,0,1494,312,312,32,45,6.798914334162719
Batch_2,i9jiqjwl,affine,0,1494,312,312,32,90,5.429584068298068
Batch_2,i9jiqjwl,affine,0,1494,312,312,32,135,9.085628814438348
Batch_2,i9jiqjwl,affine,0,1494,312,312,64,0,44.96281822451708
Batch_2,i9jiqjwl,affine,0,1494,312,312,64,45,34.910428107037184
Batch_2,i9jiqjwl,affine,0,1494,312,312,64,90,28.09092242817686
Batch_2,i9jiqjwl,affine,0,1494,312,312,64,135,48.18936820234155
Batch_2,i9jiqjwl,affine,1,4994,312,312,16,0,1.0196280002892741
Batch_2,i9jiqjwl,affine,1,4994,312,312,16,45,0.7319253058051074
Batch_2,i9jiqjwl,affine,1,4994,312,312,16,90,0.8936831108811691
Batch_2,i9jiqjwl,affine,1,4994,312,312,16,135,1.803895744830319
Batch_2,i9jiqjwl,affine,1,4994,312,312,32,0,5.1511256599865405
Batch_2,i9jiqjwl,affine,1,4994,312,312,32,45,4.160914214587397
Batch_2,i9jiqjwl,affine,1,4994,312,312,32,90,4.352020151886669
Batch_2,i9jiqjwl,affine,1,4994,312,312,32,135,8.980277933277918
Batch_2,i9jiqjwl,affine,1,4994,312,312,64,0,41.763148981359684
Batch_2,i9jiqjwl,affine,1,4994,312,312,64,45,19.50197482902373
Batch_2,i9jiqjwl,affine,1,4994,312,312,64,90,29.69332852618738
Batch_2,i9jiqjwl,affine,1,4994,312,312,64,135,22.450743920964406
Batch_2,i9jiqjwl,affine,2,1494,1448,1448,16,0,0.894618467781651
Batch_2,i9jiqjwl,affine,2,1494,1448,1448,16,45,1.8298132915925671
Batch_2,i9jiqjwl,affine,2,1494,1448,1448,16,90,1.5783385524090203
Batch_2,i9jiqjwl,affine,2,1494,1448,1448,16,135,1.3872654980122376
Batch_2,i9jiqjwl,affine,2,1494,1448,1448,32,0,5.2930294527956585
Batch_2,i9jiqjwl,affine,2,1494,1448,1448,32,45,12.360813565075441
Batch_2,i9jiqjwl,affine,2,1494,1448,1448,32,90,7.624415722658264
Batch_2,i9jiqjwl,affine,2,1494,1448,1448,32,135,8.276281784463169
Batch_2,i9jiqjwl,affine,2,1494,1448,1448,64,0,31.071245952345816
Batch_2,i9jiqjwl,affine,2,1494,1448,1448,64,45,54.86687685323634
Batch_2,i9jiqjwl,affine,2,1494,1448,1448,64,90,34.007238966209734
Batch_2,i9jiqjwl,affine,2,1494,1448,1448,64,135,80.31494628571625
Batch_2,i9jiqjwl,affine,3,4994,1448,1448,16,0,1.693459031863751
Batch_2,i9jiqjwl,affine,3,4994,1448,1448,16,45,1.8764371205712238
Batch_2,i9jiqjwl,affine,3,4994,1448,1448,16,90,2.33810809897303
Batch_2,i9jiqjwl,affine,3,4994,1448,1448,16,135,2.1999467927578227
Batch_2,i9jiqjwl,affine,3,4994,1448,1448,32,0,13.891434049144475
Batch_2,i9jiqjwl,affine,3,4994,1448,1448,32,45,11.13796743223594
Batch_2,i9jiqjwl,affine,3,4994,1448,1448,32,90,15.00165000779299
Batch_2,i9jiqjwl,affine,3,4994,1448,1448,32,135,10.244382366415927
Batch_2,i9jiqjwl,affine,3,4994,1448,1448,64,0,66.62076310822054
Batch_2,i9jiqjwl,affine,3,4994,1448,1448,64,45,58.16393455340601
Batch_2,i9jiqjwl,affine,3,4994,1448,1448,64,90,84.25306178943794
Batch_2,i9jiqjwl,affine,3,4994,1448,1448,64,135,45.96712144519496
Batch_2,r17byphk,nominal,0,1494,264,264,16,0,0.9075186296178839
Batch_2,r17byphk,nominal,0,1494,264,264,16,45,1.4395533166651113
Batch_2,r17byphk,nominal,0,1494,264,264,16,90,3.265960022202019
Batch_2,r17byphk,nominal,0,1494,264,264,16,135,1.147838897473977
Batch_2,r17byphk,nominal,0,1494,264,264,32,0,3.450786330839841
Batch_2,r17byphk,nominal,0,1494,264,264,32,45,9.915589084668031
Batch_2,r17byphk,nominal,0,1494,264,264,32,90,23.681002531574087
Batch_2,r17byphk,nominal,0,1494,264,264,32,135,4.074072444443048
Batch_2,r17byphk,nominal,0,1494,264,264,64,0,17.672057813125065
Batch_2,r17byphk,nominal,0,1494,264,264,64,45,84.73329763951065
Batch_2,r17byphk,nominal,0,1494,264,264,64,90,127.50794249809132
Batch_2,r17byphk,nominal,0,1494,264,264,64,135,27.69036960649779
Batch_2,r17byphk,nominal,1,4994,264,264,16,0,1.0836621111418978
Batch_2,r17byphk,nominal,1,4994,264,264,16,45,1.9519828060107238
Batch_2,r17byphk,nominal,1,4994,264,264,16,90,1.1992933922451643
Batch_2,r17byphk,nominal,1,4994,264,264,16,135,1.3738774288829914
Batch_2,r17byphk,nominal,1,4994,264,264,32,0,7.545313557913595
Batch_2,r17byphk,nominal,1,4994,264,264,32,45,12.358533798635573
Batch_2,r17byphk,nominal,1,4994,264,264,32,90,8.127609915484214
Batch_2,r17byphk,nominal,1,4994,264,264,32,135,9.036023283523981
Batch_2,r17byphk,nominal,1,4994,264,264,64,0,33.24489774783113
Batch_2,r17byphk,nominal,1,4994,264,264,64,45,77.63736720267266
Batch_2,r17byphk,nominal,1,4994,264,264,64,90,69.92411467062118
Batch_2,r17byphk,nominal,1,4994,264,264,64,135,57.23518045020468
Batch_2,r17byphk,nominal,2,1494,1304,1304,16,0,0.5739439629832428
Batch_2,r17byphk,nominal,2,1494,1304,1304,16,45,0.8514368241911532
Batch_2,r17byphk,nominal,2,1494,1304,1304,16,90,1.6896034517423775
Batch_2,r17byphk,nominal,2,1494,1304,1304,16,135,0.7533174917547786
Batch_2,r17byphk,nominal,2,1494,1304,1304,32,0,2.1275654899204968
Batch_2,r17byphk,nominal,2,1494,1304,1304,32,45,4.017414647678023
Batch_2,r17byphk,nominal,2,1494,1304,1304,32,90,9.893841803051311
Batch_2,r17byphk,nominal,2,1494,1304,1304,32,135,2.74214385302387
Batch_2,r17byphk,nominal,2,1494,1304,1304,64,0,9.79938098406056
Batch_2,r17byphk,nominal,2,1494,1304,1304,64,45,27.73453943752731
Batch_2,r17byphk,nominal,2,1494,1304,1304,64,90,59.05564808433448
Batch_2,r17byphk,nominal,2,1494,1304,1304,64,135,16.14028396947243
Batch_2,r17byphk,nominal,3,4994,1304,1304,16,0,0.37686318668323177
Batch_2,r17byphk,nominal,3,4994,1304,1304,16,45,0.4748436892476524
Batch_2,r17byphk,nominal,3,4994,1304,1304,16,90,1.0120829401714766
Batch_2,r17byphk,nominal,3,4994,1304,1304,16,135,0.86150033483453
Batch_2,r17byphk,nominal,3,4994,1304,1304,32,0,1.8388658378928826
Batch_2,r17byphk,nominal,3,4994,1304,1304,32,45,2.0753018488655277
Batch_2,r17byphk,nominal,3,4994,1304,1304,32,90,7.290125743742892
Batch_2,r17byphk,nominal,3,4994,1304,1304,32,135,3.8387627237613966
Batch_2,r17byphk,nominal,3,4994,1304,1304,64,0,14.340942425070248
Batch_2,r17byphk,nominal,3,4994,1304,1304,64,45,14.998079607276713
Batch_2,r17byphk,nominal,3,4994,1304,1304,64,90,30.334972320682752
Batch_2,r17byphk,nominal,3,4994,1304,1304,64,135,46.443322284241795
Batch_2,r17byphk,full_resolution,0,1494,264,264,16,0,3.319361809772386
Batch_2,r17byphk,full_resolution,0,1494,264,264,16,45,5.2633670468987335
Batch_2,r17byphk,full_resolution,0,1494,264,264,16,90,11.894772605714746
Batch_2,r17byphk,full_resolution,0,1494,264,264,16,135,4.1894471028687965
Batch_2,r17byphk,full_resolution,0,1494,264,264,32,0,12.358569614669316
Batch_2,r17byphk,full_resolution,0,1494,264,264,32,45,35.43561911549134
Batch_2,r17byphk,full_resolution,0,1494,264,264,32,90,84.64127936058256
Batch_2,r17byphk,full_resolution,0,1494,264,264,32,135,14.601004000688404
Batch_2,r17byphk,full_resolution,0,1494,264,264,64,0,62.884378053978516
Batch_2,r17byphk,full_resolution,0,1494,264,264,64,45,301.2841469461115
Batch_2,r17byphk,full_resolution,0,1494,264,264,64,90,453.28652523244665
Batch_2,r17byphk,full_resolution,0,1494,264,264,64,135,98.40412464425539
Batch_2,r17byphk,full_resolution,1,4994,264,264,16,0,3.87579310236239
Batch_2,r17byphk,full_resolution,1,4994,264,264,16,45,6.992316409717823
Batch_2,r17byphk,full_resolution,1,4994,264,264,16,90,4.261763762748128
Batch_2,r17byphk,full_resolution,1,4994,264,264,16,135,4.910294500240092
Batch_2,r17byphk,full_resolution,1,4994,264,264,32,0,26.28189104373951
Batch_2,r17byphk,full_resolution,1,4994,264,264,32,45,43.15227538250635
Batch_2,r17byphk,full_resolution,1,4994,264,264,32,90,28.280287741780775
Batch_2,r17byphk,full_resolution,1,4994,264,264,32,135,31.541078147696577
Batch_2,r17byphk,full_resolution,1,4994,264,264,64,0,115.45678588505046
Batch_2,r17byphk,full_resolution,1,4994,264,264,64,45,269.44573275434226
Batch_2,r17byphk,full_resolution,1,4994,264,264,64,90,242.5954618106417
Batch_2,r17byphk,full_resolution,1,4994,264,264,64,135,198.80310694395794
Batch_2,r17byphk,full_resolution,2,1494,1304,1304,16,0,2.013262276036368
Batch_2,r17byphk,full_resolution,2,1494,1304,1304,16,45,2.9814469172286113
Batch_2,r17byphk,full_resolution,2,1494,1304,1304,16,90,5.913330615006671
Batch_2,r17byphk,full_resolution,2,1494,1304,1304,16,135,2.6456230959573936
Batch_2,r17byphk,full_resolution,2,1494,1304,1304,32,0,7.291703491380008
Batch_2,r17byphk,full_resolution,2,1494,1304,1304,32,45,13.717209388890637
Batch_2,r17byphk,full_resolution,2,1494,1304,1304,32,90,33.87696547447847
Batch_2,r17byphk,full_resolution,2,1494,1304,1304,32,135,9.380613087800928
Batch_2,r17byphk,full_resolution,2,1494,1304,1304,64,0,33.32245182461714
Batch_2,r17byphk,full_resolution,2,1494,1304,1304,64,45,94.34003249538158
Batch_2,r17byphk,full_resolution,2,1494,1304,1304,64,90,200.90288769075948
Batch_2,r17byphk,full_resolution,2,1494,1304,1304,64,135,54.86652418076863
Batch_2,r17byphk,full_resolution,3,4994,1304,1304,16,0,1.0830186194924303
Batch_2,r17byphk,full_resolution,3,4994,1304,1304,16,45,1.380434336145964
Batch_2,r17byphk,full_resolution,3,4994,1304,1304,16,90,2.939476479909595
Batch_2,r17byphk,full_resolution,3,4994,1304,1304,16,135,2.49390459941554
Batch_2,r17byphk,full_resolution,3,4994,1304,1304,32,0,5.300760718712566
Batch_2,r17byphk,full_resolution,3,4994,1304,1304,32,45,5.970502354254986
Batch_2,r17byphk,full_resolution,3,4994,1304,1304,32,90,20.863258608515054
Batch_2,r17byphk,full_resolution,3,4994,1304,1304,32,135,11.04301184741241
Batch_2,r17byphk,full_resolution,3,4994,1304,1304,64,0,40.90650953780155
Batch_2,r17byphk,full_resolution,3,4994,1304,1304,64,45,42.83921558035819
Batch_2,r17byphk,full_resolution,3,4994,1304,1304,64,90,86.74834886291642
Batch_2,r17byphk,full_resolution,3,4994,1304,1304,64,135,132.56892517453085
Batch_2,r17byphk,gamma_075,0,1494,264,264,16,0,0.9003109264565268
Batch_2,r17byphk,gamma_075,0,1494,264,264,16,45,1.5116691762172705
Batch_2,r17byphk,gamma_075,0,1494,264,264,16,90,3.333499399714165
Batch_2,r17byphk,gamma_075,0,1494,264,264,16,135,1.1125246561082922
Batch_2,r17byphk,gamma_075,0,1494,264,264,32,0,3.657872405553848
Batch_2,r17byphk,gamma_075,0,1494,264,264,32,45,10.529858209602336
Batch_2,r17byphk,gamma_075,0,1494,264,264,32,90,25.340294229491406
Batch_2,r17byphk,gamma_075,0,1494,264,264,32,135,4.282426245887768
Batch_2,r17byphk,gamma_075,0,1494,264,264,64,0,18.065525564375847
Batch_2,r17byphk,gamma_075,0,1494,264,264,64,45,92.87536962105659
Batch_2,r17byphk,gamma_075,0,1494,264,264,64,90,142.47504778806652
Batch_2,r17byphk,gamma_075,0,1494,264,264,64,135,30.8274411014996
Batch_2,r17byphk,gamma_075,1,4994,264,264,16,0,1.1236497688511455
Batch_2,r17byphk,gamma_075,1,4994,264,264,16,45,2.0556794195974213
Batch_2,r17byphk,gamma_075,1,4994,264,264,16,90,1.2079029145476154
Batch_2,r17byphk,gamma_075,1,4994,264,264,16,135,1.3956633638174318
Batch_2,r17byphk,gamma_075,1,4994,264,264,32,0,8.04728493331986
Batch_2,r17byphk,gamma_075,1,4994,264,264,32,45,13.27906794990118
Batch_2,r17byphk,gamma_075,1,4994,264,264,32,90,8.463420446704687
Batch_2,r17byphk,gamma_075,1,4994,264,264,32,135,9.480245214356149
Batch_2,r17byphk,gamma_075,1,4994,264,264,64,0,37.22395060538636
Batch_2,r17byphk,gamma_075,1,4994,264,264,64,45,80.69167654636131
Batch_2,r17byphk,gamma_075,1,4994,264,264,64,90,69.4008243819638
Batch_2,r17byphk,gamma_075,1,4994,264,264,64,135,58.219546770139495
Batch_2,r17byphk,gamma_075,2,1494,1304,1304,16,0,0.6742541442595369
Batch_2,r17byphk,gamma_075,2,1494,1304,1304,16,45,0.9953340189494765
Batch_2,r17byphk,gamma_075,2,1494,1304,1304,16,90,1.979773674229975
Batch_2,r17byphk,gamma_075,2,1494,1304,1304,16,135,0.8449342342338869
Batch_2,r17byphk,gamma_075,2,1494,1304,1304,32,0,2.7692959410095552
Batch_2,r17byphk,gamma_075,2,1494,1304,1304,32,45,4.795031140300731
Batch_2,r17byphk,gamma_075,2,1494,1304,1304,32,90,11.586091390871776
Batch_2,r17byphk,gamma_075,2,1494,1304,1304,32,135,3.2165742885400634
Batch_2,r17byphk,gamma_075,2,1494,1304,1304,64,0,13.510457969846646
Batch_2,r17byphk,gamma_075,2,1494,1304,1304,64,45,33.107902350567116
Batch_2,r17byphk,gamma_075,2,1494,1304,1304,64,90,72.66809875090307
Batch_2,r17byphk,gamma_075,2,1494,1304,1304,64,135,20.402108515476353
Batch_2,r17byphk,gamma_075,3,4994,1304,1304,16,0,0.3474515660392777
Batch_2,r17byphk,gamma_075,3,4994,1304,1304,16,45,0.4289490202599996
Batch_2,r17byphk,gamma_075,3,4994,1304,1304,16,90,0.9509457180352
Batch_2,r17byphk,gamma_075,3,4994,1304,1304,16,135,0.8509137902300575
Batch_2,r17byphk,gamma_075,3,4994,1304,1304,32,0,2.0059239583732813
Batch_2,r17byphk,gamma_075,3,4994,1304,1304,32,45,1.9556909527512756
Batch_2,r17byphk,gamma_075,3,4994,1304,1304,32,90,6.920966191936251
Batch_2,r17byphk,gamma_075,3,4994,1304,1304,32,135,4.221092586062754
Batch_2,r17byphk,gamma_075,3,4994,1304,1304,64,0,16.0846321705262
Batch_2,r17byphk,gamma_075,3,4994,1304,1304,64,45,16.081199160131455
Batch_2,r17byphk,gamma_075,3,4994,1304,1304,64,90,31.424478428487518
Batch_2,r17byphk,gamma_075,3,4994,1304,1304,64,135,51.965409725193986
Batch_2,r17byphk,gamma_125,0,1494,264,264,16,0,0.9009188109057301
Batch_2,r17byphk,gamma_125,0,1494,264,264,16,45,1.3837569501370022
Batch_2,r17byphk,gamma_125,0,1494,264,264,16,90,3.1277941616122615
Batch_2,r17byphk,gamma_125,0,1494,264,264,16,135,1.1506943660492976
Batch_2,r17byphk,gamma_125,0,1494,264,264,32,0,3.2604861350343426
Batch_2,r17byphk,gamma_125,0,1494,264,264,32,45,9.322065484725046
Batch_2,r17byphk,gamma_125,0,1494,264,264,32,90,21.88720944981926
Batch_2,r17byphk,gamma_125,0,1494,264,264,32,135,3.863676885095732
Batch_2,r17byphk,gamma_125,0,1494,264,264,64,0,17.13481530292019
Batch_2,r17byphk,gamma_125,0,1494,264,264,64,45,76.69537861227896
Batch_2,r17byphk,gamma_125,0,1494,264,264,64,90,113.93798089607235
Batch_2,r17byphk,gamma_125,0,1494,264,264,64,135,24.75053061660087
Batch_2,r17byphk,gamma_125,1,4994,264,264,16,0,1.0502266329134053
Batch_2,r17byphk,gamma_125,1,4994,264,264,16,45,1.8336031656609721
Batch_2,r17byphk,gamma_125,1,4994,264,264,16,90,1.2061761345043371
Batch_2,r17byphk,gamma_125,1,4994,264,264,16,135,1.3651490323490467
Batch_2,r17byphk,gamma_125,1,4994,264,264,32,0,7.027122730180253
Batch_2,r17byphk,gamma_125,1,4994,264,264,32,45,11.426895063289376
Batch_2,r17byphk,gamma_125,1,4994,264,264,32,90,7.990461055894667
Batch_2,r17byphk,gamma_125,1,4994,264,264,32,135,8.786516755943554
Batch_2,r17byphk,gamma_125,1,4994,264,264,64,0,30.159252592899776
Batch_2,r17byphk,gamma_125,1,4994,264,264,64,45,74.90456391292587
Batch_2,r17byphk,gamma_125,1,4994,264,264,64,90,69.83810845792647
Batch_2,r17byphk,gamma_125,1,4994,264,264,64,135,56.927236017397135
Batch_2,r17byphk,gamma_125,2,1494,1304,1304,16,0,0.49908264260910085
Batch_2,r17byphk,gamma_125,2,1494,1304,1304,16,45,0.7414422330946553
Batch_2,r17byphk,gamma_125,2,1494,1304,1304,16,90,1.4144012393566001
Batch_2,r17byphk,gamma_125,2,1494,1304,1304,16,135,0.6592804366896171
Batch_2,r17byphk,gamma_125,2,1494,1304,1304,32,0,1.6666663403990092
Batch_2,r17byphk,gamma_125,2,1494,1304,1304,32,45,3.4422501238371894
Batch_2,r17byphk,gamma_125,2,1494,1304,1304,32,90,8.33934096781155
Batch_2,r17byphk,gamma_125,2,1494,1304,1304,32,135,2.3479159635987914
Batch_2,r17byphk,gamma_125,2,1494,1304,1304,64,0,7.426512240992702
Batch_2,r17byphk,gamma_125,2,1494,1304,1304,64,45,23.84917200636176
Batch_2,r17byphk,gamma_125,2,1494,1304,1304,64,90,48.179499615923795
Batch_2,r17byphk,gamma_125,2,1494,1304,1304,64,135,13.235699156615805
Batch_2,r17byphk,gamma_125,3,4994,1304,1304,16,0,0.40720346488535225
Batch_2,r17byphk,gamma_125,3,4994,1304,1304,16,45,0.5150695896276104
Batch_2,r17byphk,gamma_125,3,4994,1304,1304,16,90,1.0719903401146964
Batch_2,r17byphk,gamma_125,3,4994,1304,1304,16,135,0.8743535535813401
Batch_2,r17byphk,gamma_125,3,4994,1304,1304,32,0,1.727491505432256
Batch_2,r17byphk,gamma_125,3,4994,1304,1304,32,45,2.1563477697392077
Batch_2,r17byphk,gamma_125,3,4994,1304,1304,32,90,7.535122429597453
Batch_2,r17byphk,gamma_125,3,4994,1304,1304,32,135,3.614845892704645
Batch_2,r17byphk,gamma_125,3,4994,1304,1304,64,0,13.048325101064107
Batch_2,r17byphk,gamma_125,3,4994,1304,1304,64,45,14.087009173466772
Batch_2,r17byphk,gamma_125,3,4994,1304,1304,64,90,29.072035172030468
Batch_2,r17byphk,gamma_125,3,4994,1304,1304,64,135,41.76244611860573
Batch_2,r17byphk,affine,0,1494,264,264,16,0,0.9075186296178844
Batch_2,r17byphk,affine,0,1494,264,264,16,45,1.4395533166651122
Batch_2,r17byphk,affine,0,1494,264,264,16,90,3.2659600222020204
Batch_2,r17byphk,affine,0,1494,264,264,16,135,1.1478388974739777
Batch_2,r17byphk,affine,0,1494,264,264,32,0,3.4507863308398425
Batch_2,r17byphk,affine,0,1494,264,264,32,45,9.915589084668035
Batch_2,r17byphk,affine,0,1494,264,264,32,90,23.681002531574094
Batch_2,r17byphk,affine,0,1494,264,264,32,135,4.0740724444430505
Batch_2,r17byphk,affine,0,1494,264,264,64,0,17.672057813125072
Batch_2,r17byphk,affine,0,1494,264,264,64,45,84.7332976395107
Batch_2,r17byphk,affine,0,1494,264,264,64,90,127.5079424980914
Batch_2,r17byphk,affine,0,1494,264,264,64,135,27.690369606497804
Batch_2,r17byphk,affine,1,4994,264,264,16,0,1.083662111141898
Batch_2,r17byphk,affine,1,4994,264,264,16,45,1.9519828060107238
Batch_2,r17byphk,affine,1,4994,264,264,16,90,1.1992933922451645
Batch_2,r17byphk,affine,1,4994,264,264,16,135,1.3738774288829918
Batch_2,r17byphk,affine,1,4994,264,264,32,0,7.545313557913596
Batch_2,r17byphk,affine,1,4994,264,264,32,45,12.358533798635573
Batch_2,r17byphk,affine,1,4994,264,264,32,90,8.127609915484216
Batch_2,r17byphk,affine,1,4994,264,264,32,135,9.036023283523983
Batch_2,r17byphk,affine,1,4994,264,264,64,0,33.24489774783114
Batch_2,r17byphk,affine,1,4994,264,264,64,45,77.63736720267266
Batch_2,r17byphk,affine,1,4994,264,264,64,90,69.92411467062118
Batch_2,r17byphk,affine,1,4994,264,264,64,135,57.23518045020468
Batch_2,r17byphk,affine,2,1494,1304,1304,16,0,0.5739439629832427
Batch_2,r17byphk,affine,2,1494,1304,1304,16,45,0.851436824191153
Batch_2,r17byphk,affine,2,1494,1304,1304,16,90,1.6896034517423772
Batch_2,r17byphk,affine,2,1494,1304,1304,16,135,0.7533174917547784
Batch_2,r17byphk,affine,2,1494,1304,1304,32,0,2.1275654899204968
Batch_2,r17byphk,affine,2,1494,1304,1304,32,45,4.017414647678023
Batch_2,r17byphk,affine,2,1494,1304,1304,32,90,9.89384180305131
Batch_2,r17byphk,affine,2,1494,1304,1304,32,135,2.74214385302387
Batch_2,r17byphk,affine,2,1494,1304,1304,64,0,9.79938098406056
Batch_2,r17byphk,affine,2,1494,1304,1304,64,45,27.7345394375273
Batch_2,r17byphk,affine,2,1494,1304,1304,64,90,59.05564808433448
Batch_2,r17byphk,affine,2,1494,1304,1304,64,135,16.14028396947243
Batch_2,r17byphk,affine,3,4994,1304,1304,16,0,0.37686318668323193
Batch_2,r17byphk,affine,3,4994,1304,1304,16,45,0.4748436892476526
Batch_2,r17byphk,affine,3,4994,1304,1304,16,90,1.012082940171477
Batch_2,r17byphk,affine,3,4994,1304,1304,16,135,0.8615003348345305
Batch_2,r17byphk,affine,3,4994,1304,1304,32,0,1.8388658378928833
Batch_2,r17byphk,affine,3,4994,1304,1304,32,45,2.075301848865528
Batch_2,r17byphk,affine,3,4994,1304,1304,32,90,7.290125743742895
Batch_2,r17byphk,affine,3,4994,1304,1304,32,135,3.838762723761397
Batch_2,r17byphk,affine,3,4994,1304,1304,64,0,14.340942425070256
Batch_2,r17byphk,affine,3,4994,1304,1304,64,45,14.998079607276718
Batch_2,r17byphk,affine,3,4994,1304,1304,64,90,30.334972320682763
Batch_2,r17byphk,affine,3,4994,1304,1304,64,135,46.4433222842418
Batch_2,rxax5ozo,nominal,0,1494,261,261,16,0,0.7316873198720971
Batch_2,rxax5ozo,nominal,0,1494,261,261,16,45,0.8276799401882361
Batch_2,rxax5ozo,nominal,0,1494,261,261,16,90,0.7552768377382391
Batch_2,rxax5ozo,nominal,0,1494,261,261,16,135,0.7137395440680584
Batch_2,rxax5ozo,nominal,0,1494,261,261,32,0,3.780614526336344
Batch_2,rxax5ozo,nominal,0,1494,261,261,32,45,4.755971686998829
Batch_2,rxax5ozo,nominal,0,1494,261,261,32,90,5.424969629362886
Batch_2,rxax5ozo,nominal,0,1494,261,261,32,135,3.476369938118134
Batch_2,rxax5ozo,nominal,0,1494,261,261,64,0,27.347831372937375
Batch_2,rxax5ozo,nominal,0,1494,261,261,64,45,37.526316543492165
Batch_2,rxax5ozo,nominal,0,1494,261,261,64,90,35.487026932041786
Batch_2,rxax5ozo,nominal,0,1494,261,261,64,135,17.692659095618364
Batch_2,rxax5ozo,nominal,1,4994,261,261,16,0,1.5174606875386254
Batch_2,rxax5ozo,nominal,1,4994,261,261,16,45,1.1399310370186269
Batch_2,rxax5ozo,nominal,1,4994,261,261,16,90,1.7332328238317074
Batch_2,rxax5ozo,nominal,1,4994,261,261,16,135,1.213987963843956
Batch_2,rxax5ozo,nominal,1,4994,261,261,32,0,9.824028409053538
Batch_2,rxax5ozo,nominal,1,4994,261,261,32,45,7.2422346496625325
Batch_2,rxax5ozo,nominal,1,4994,261,261,32,90,12.903868926316914
Batch_2,rxax5ozo,nominal,1,4994,261,261,32,135,6.92572609613908
Batch_2,rxax5ozo,nominal,1,4994,261,261,64,0,69.22088931156887
Batch_2,rxax5ozo,nominal,1,4994,261,261,64,45,48.118344315809225
Batch_2,rxax5ozo,nominal,1,4994,261,261,64,90,108.94675002994174
Batch_2,rxax5ozo,nominal,1,4994,261,261,64,135,33.38900071249484
Batch_2,rxax5ozo,nominal,2,1494,1295,1295,16,0,1.0237282141439392
Batch_2,rxax5ozo,nominal,2,1494,1295,1295,16,45,0.9258975643528464
Batch_2,rxax5ozo,nominal,2,1494,1295,1295,16,90,0.7933360710306083
Batch_2,rxax5ozo,nominal,2,1494,1295,1295,16,135,1.0222291871431983
Batch_2,rxax5ozo,nominal,2,1494,1295,1295,32,0,7.331070772809445
Batch_2,rxax5ozo,nominal,2,1494,1295,1295,32,45,5.516673952858416
Batch_2,rxax5ozo,nominal,2,1494,1295,1295,32,90,3.7244388310170784
Batch_2,rxax5ozo,nominal,2,1494,1295,1295,32,135,6.00199635800426
Batch_2,rxax5ozo,nominal,2,1494,1295,1295,64,0,63.667290852885415
Batch_2,rxax5ozo,nominal,2,1494,1295,1295,64,45,19.792690412528497
Batch_2,rxax5ozo,nominal,2,1494,1295,1295,64,90,16.123127769413024
Batch_2,rxax5ozo,nominal,2,1494,1295,1295,64,135,30.091079673130654
Batch_2,rxax5ozo,nominal,3,4994,1295,1295,16,0,0.7441292684231852
Batch_2,rxax5ozo,nominal,3,4994,1295,1295,16,45,1.3676258662944016
Batch_2,rxax5ozo,nominal,3,4994,1295,1295,16,90,1.906619396900889
Batch_2,rxax5ozo,nominal,3,4994,1295,1295,16,135,1.3470396386299281
Batch_2,rxax5ozo,nominal,3,4994,1295,1295,32,0,2.672604433515554
Batch_2,rxax5ozo,nominal,3,4994,1295,1295,32,45,8.102099595065592
Batch_2,rxax5ozo,nominal,3,4994,1295,1295,32,90,13.476514649802334
Batch_2,rxax5ozo,nominal,3,4994,1295,1295,32,135,4.788336816228675
Batch_2,rxax5ozo,nominal,3,4994,1295,1295,64,0,13.459454172904616
Batch_2,rxax5ozo,nominal,3,4994,1295,1295,64,45,45.0611732658094
Batch_2,rxax5ozo,nominal,3,4994,1295,1295,64,90,81.31078016206696
Batch_2,rxax5ozo,nominal,3,4994,1295,1295,64,135,22.691443827939985
Batch_2,rxax5ozo,full_resolution,0,1494,261,261,16,0,2.729943112223323
Batch_2,rxax5ozo,full_resolution,0,1494,261,261,16,45,3.095746667834971
Batch_2,rxax5ozo,full_resolution,0,1494,261,261,16,90,2.803432189497999
Batch_2,rxax5ozo,full_resolution,0,1494,261,261,16,135,2.6886608586880696
Batch_2,rxax5ozo,full_resolution,0,1494,261,261,32,0,13.84258847662227
Batch_2,rxax5ozo,full_resolution,0,1494,261,261,32,45,17.42428845839144
Batch_2,rxax5ozo,full_resolution,0,1494,261,261,32,90,19.84978125572482
Batch_2,rxax5ozo,full_resolution,0,1494,261,261,32,135,12.728535413412187
Batch_2,rxax5ozo,full_resolution,0,1494,261,261,64,0,99.67857176549705
Batch_2,rxax5ozo,full_resolution,0,1494,261,261,64,45,136.72522242824994
Batch_2,rxax5ozo,full_resolution,0,1494,261,261,64,90,129.09454713003433
Batch_2,rxax5ozo,full_resolution,0,1494,261,261,64,135,64.39637879769151
Batch_2,rxax5ozo,full_resolution,1,4994,261,261,16,0,5.008828986486946
Batch_2,rxax5ozo,full_resolution,1,4994,261,261,16,45,3.7808198764327674
Batch_2,rxax5ozo,full_resolution,1,4994,261,261,16,90,5.698884529280894
Batch_2,rxax5ozo,full_resolution,1,4994,261,261,16,135,4.023223136436943
Batch_2,rxax5ozo,full_resolution,1,4994,261,261,32,0,31.908389111533253
Batch_2,rxax5ozo,full_resolution,1,4994,261,261,32,45,23.510646027182396
Batch_2,rxax5ozo,full_resolution,1,4994,261,261,32,90,41.75883352256984
Batch_2,rxax5ozo,full_resolution,1,4994,261,261,32,135,22.42259253946403
Batch_2,rxax5ozo,full_resolution,1,4994,261,261,64,0,223.3320920546219
Batch_2,rxax5ozo,full_resolution,1,4994,261,261,64,45,155.19649920740994
Batch_2,rxax5ozo,full_resolution,1,4994,261,261,64,90,351.2205116473349
Batch_2,rxax5ozo,full_resolution,1,4994,261,261,64,135,107.64783262109677
Batch_2,rxax5ozo,full_resolution,2,1494,1295,1295,16,0,3.6127072751828293
Batch_2,rxax5ozo,full_resolution,2,1494,1295,1295,16,45,3.269057820996879
Batch_2,rxax5ozo,full_resolution,2,1494,1295,1295,16,90,2.7757192367924346
Batch_2,rxax5ozo,full_resolution,2,1494,1295,1295,16,135,3.5909767128818624
Batch_2,rxax5ozo,full_resolution,2,1494,1295,1295,32,0,25.294567945438704
Batch_2,rxax5ozo,full_resolution,2,1494,1295,1295,32,45,18.96808236266167
Batch_2,rxax5ozo,full_resolution,2,1494,1295,1295,32,90,12.850463029377874
Batch_2,rxax5ozo,full_resolution,2,1494,1295,1295,32,135,20.653924653482715
Batch_2,rxax5ozo,full_resolution,2,1494,1295,1295,64,0,218.14924742622975
Batch_2,rxax5ozo,full_resolution,2,1494,1295,1295,64,45,67.90293535647689
Batch_2,rxax5ozo,full_resolution,2,1494,1295,1295,64,90,55.25437608473609
Batch_2,rxax5ozo,full_resolution,2,1494,1295,1295,64,135,103.10414616887581
Batch_2,rxax5ozo,full_resolution,3,4994,1295,1295,16,0,2.5065166291944534
Batch_2,rxax5ozo,full_resolution,3,4994,1295,1295,16,45,4.641168112964426
Batch_2,rxax5ozo,full_resolution,3,4994,1295,1295,16,90,6.464130477732708
Batch_2,rxax5ozo,full_resolution,3,4994,1295,1295,16,135,4.5535324267024375
Batch_2,rxax5ozo,full_resolution,3,4994,1295,1295,32,0,8.865677966714037
Batch_2,rxax5ozo,full_resolution,3,4994,1295,1295,32,45,26.845623123435242
Batch_2,rxax5ozo,full_resolution,3,4994,1295,1295,32,90,44.67066527932343
Batch_2,rxax5ozo,full_resolution,3,4994,1295,1295,32,135,15.88343568837689
Batch_2,rxax5ozo,full_resolution,3,4994,1295,1295,64,0,44.2946725277857
Batch_2,rxax5ozo,full_resolution,3,4994,1295,1295,64,45,148.15249896758007
Batch_2,rxax5ozo,full_resolution,3,4994,1295,1295,64,90,267.5778731583213
Batch_2,rxax5ozo,full_resolution,3,4994,1295,1295,64,135,74.71112470291699
Batch_2,rxax5ozo,gamma_075,0,1494,261,261,16,0,0.7914157232776412
Batch_2,rxax5ozo,gamma_075,0,1494,261,261,16,45,0.9105845137962327
Batch_2,rxax5ozo,gamma_075,0,1494,261,261,16,90,0.829862857087071
Batch_2,rxax5ozo,gamma_075,0,1494,261,261,16,135,0.7926166815193117
Batch_2,rxax5ozo,gamma_075,0,1494,261,261,32,0,4.260503776731643
Batch_2,rxax5ozo,gamma_075,0,1494,261,261,32,45,5.12709317479507
Batch_2,rxax5ozo,gamma_075,0,1494,261,261,32,90,5.66074675015685
Batch_2,rxax5ozo,gamma_075,0,1494,261,261,32,135,3.978521686936067
Batch_2,rxax5ozo,gamma_075,0,1494,261,261,64,0,29.17987275989891
Batch_2,rxax5ozo,gamma_075,0,1494,261,261,64,45,37.76906392940171
Batch_2,rxax5ozo,gamma_075,0,1494,261,261,64,90,36.68673456500695
Batch_2,rxax5ozo,gamma_075,0,1494,261,261,64,135,18.0666807630086
Batch_2,rxax5ozo,gamma_075,1,4994,261,261,16,0,1.4863202811839613
Batch_2,rxax5ozo,gamma_075,1,4994,261,261,16,45,1.105237197549239
Batch_2,rxax5ozo,gamma_075,1,4994,261,261,16,90,1.7674983926164005
Batch_2,rxax5ozo,gamma_075,1,4994,261,261,16,135,1.3037422855983443
Batch_2,rxax5ozo,gamma_075,1,4994,261,261,32,0,9.697793745714442
Batch_2,rxax5ozo,gamma_075,1,4994,261,261,32,45,6.770710152812594
Batch_2,rxax5ozo,gamma_075,1,4994,261,261,32,90,14.380821379630648
Batch_2,rxax5ozo,gamma_075,1,4994,261,261,32,135,7.792420810309091
Batch_2,rxax5ozo,gamma_075,1,4994,261,261,64,0,68.735559678905
Batch_2,rxax5ozo,gamma_075,1,4994,261,261,64,45,40.768096659870146
Batch_2,rxax5ozo,gamma_075,1,4994,261,261,64,90,114.00900356637504
Batch_2,rxax5ozo,gamma_075,1,4994,261,261,64,135,35.34641263937167
Batch_2,rxax5ozo,gamma_075,2,1494,1295,1295,16,0,1.1930688242378884
Batch_2,rxax5ozo,gamma_075,2,1494,1295,1295,16,45,1.0058655370074387
Batch_2,rxax5ozo,gamma_075,2,1494,1295,1295,16,90,0.8514632551472855
Batch_2,rxax5ozo,gamma_075,2,1494,1295,1295,16,135,1.154836607236935
Batch_2,rxax5ozo,gamma_075,2,1494,1295,1295,32,0,8.75053893465079
Batch_2,rxax5ozo,gamma_075,2,1494,1295,1295,32,45,6.514756466984968
Batch_2,rxax5ozo,gamma_075,2,1494,1295,1295,32,90,4.114699398245243
Batch_2,rxax5ozo,gamma_075,2,1494,1295,1295,32,135,7.009301235689947
Batch_2,rxax5ozo,gamma_075,2,1494,1295,1295,64,0,74.39776218567587
Batch_2,rxax5ozo,gamma_075,2,1494,1295,1295,64,45,25.314252479228422
Batch_2,rxax5ozo,gamma_075,2,1494,1295,1295,64,90,16.939806745592247
Batch_2,rxax5ozo,gamma_075,2,1494,1295,1295,64,135,37.43283860082258
Batch_2,rxax5ozo,gamma_075,3,4994,1295,1295,16,0,0.6638684149245497
Batch_2,rxax5ozo,gamma_075,3,4994,1295,1295,16,45,1.1844665158830132
Batch_2,rxax5ozo,gamma_075,3,4994,1295,1295,16,90,1.846015692467356
Batch_2,rxax5ozo,gamma_075,3,4994,1295,1295,16,135,1.2587445492950768
Batch_2,rxax5ozo,gamma_075,3,4994,1295,1295,32,0,2.649217906764406
Batch_2,rxax5ozo,gamma_075,3,4994,1295,1295,32,45,6.613513983913886
Batch_2,rxax5ozo,gamma_075,3,4994,1295,1295,32,90,13.716160582642747
Batch_2,rxax5ozo,gamma_075,3,4994,1295,1295,32,135,4.665055869458327
Batch_2,rxax5ozo,gamma_075,3,4994,1295,1295,64,0,13.129054005368753
Batch_2,rxax5ozo,gamma_075,3,4994,1295,1295,64,45,37.47531819368462
Batch_2,rxax5ozo,gamma_075,3,4994,1295,1295,64,90,83.20523079179696
Batch_2,rxax5ozo,gamma_075,3,4994,1295,1295,64,135,24.471566389566302
Batch_2,rxax5ozo,gamma_125,0,1494,261,261,16,0,0.6873659578159524
Batch_2,rxax5ozo,gamma_125,0,1494,261,261,16,45,0.764005223433086
Batch_2,rxax5ozo,gamma_125,0,1494,261,261,16,90,0.7053756357674014
Batch_2,rxax5ozo,gamma_125,0,1494,261,261,16,135,0.6534587665908961
Batch_2,rxax5ozo,gamma_125,0,1494,261,261,32,0,3.455276791396023
Batch_2,rxax5ozo,gamma_125,0,1494,261,261,32,45,4.4787443969940774
Batch_2,rxax5ozo,gamma_125,0,1494,261,261,32,90,5.248373518846605
Batch_2,rxax5ozo,gamma_125,0,1494,261,261,32,135,3.1221544028861454
Batch_2,rxax5ozo,gamma_125,0,1494,261,261,64,0,26.020158552308555
Batch_2,rxax5ozo,gamma_125,0,1494,261,261,64,45,37.002998587749175
Batch_2,rxax5ozo,gamma_125,0,1494,261,261,64,90,34.431243429589024
Batch_2,rxax5ozo,gamma_125,0,1494,261,261,64,135,17.370923708019863
Batch_2,rxax5ozo,gamma_125,1,4994,261,261,16,0,1.5786155166775953
Batch_2,rxax5ozo,gamma_125,1,4994,261,261,16,45,1.2122199544718832
Batch_2,rxax5ozo,gamma_125,1,4994,261,261,16,90,1.725044545829428
Batch_2,rxax5ozo,gamma_125,1,4994,261,261,16,135,1.1611360847803083
Batch_2,rxax5ozo,gamma_125,1,4994,261,261,32,0,10.077154538934506
Batch_2,rxax5ozo,gamma_125,1,4994,261,261,32,45,8.048473797776063
Batch_2,rxax5ozo,gamma_125,1,4994,261,261,32,90,11.611552917740859
Batch_2,rxax5ozo,gamma_125,1,4994,261,261,32,135,6.4600383945707245
Batch_2,rxax5ozo,gamma_125,1,4994,261,261,64,0,70.75151784384516
Batch_2,rxax5ozo,gamma_125,1,4994,261,261,64,45,56.950187041130576
Batch_2,rxax5ozo,gamma_125,1,4994,261,261,64,90,103.45376479974894
Batch_2,rxax5ozo,gamma_125,1,4994,261,261,64,135,33.04209000119211
Batch_2,rxax5ozo,gamma_125,2,1494,1295,1295,16,0,0.8767632128002718
Batch_2,rxax5ozo,gamma_125,2,1494,1295,1295,16,45,0.827243985009017
Batch_2,rxax5ozo,gamma_125,2,1494,1295,1295,16,90,0.7198308573519637
Batch_2,rxax5ozo,gamma_125,2,1494,1295,1295,16,135,0.9070502593727169
Batch_2,rxax5ozo,gamma_125,2,1494,1295,1295,32,0,6.086274515030024
Batch_2,rxax5ozo,gamma_125,2,1494,1295,1295,32,45,4.591141630429448
Batch_2,rxax5ozo,gamma_125,2,1494,1295,1295,32,90,3.380365220321802
Batch_2,rxax5ozo,gamma_125,2,1494,1295,1295,32,135,5.31733946042537
Batch_2,rxax5ozo,gamma_125,2,1494,1295,1295,64,0,54.34291304969468
Batch_2,rxax5ozo,gamma_125,2,1494,1295,1295,64,45,15.917821081169643
Batch_2,rxax5ozo,gamma_125,2,1494,1295,1295,64,90,15.447645372229559
Batch_2,rxax5ozo,gamma_125,2,1494,1295,1295,64,135,25.87373977056694
Batch_2,rxax5ozo,gamma_125,3,4994,1295,1295,16,0,0.8301540004600867
Batch_2,rxax5ozo,gamma_125,3,4994,1295,1295,16,45,1.5519020147779543
Batch_2,rxax5ozo,gamma_125,3,4994,1295,1295,16,90,1.9921123529711042
Batch_2,rxax5ozo,gamma_125,3,4994,1295,1295,16,135,1.4255721619788972
Batch_2,rxax5ozo,gamma_125,3,4994,1295,1295,32,0,2.807101185009162
Batch_2,rxax5ozo,gamma_125,3,4994,1295,1295,32,45,9.798406547621953
Batch_2,rxax5ozo,gamma_125,3,4994,1295,1295,32,90,13.443622723681056
Batch_2,rxax5ozo,gamma_125,3,4994,1295,1295,32,135,4.968297879604946
Batch_2,rxax5ozo,gamma_125,3,4994,1295,1295,64,0,14.21021427951021
Batch_2,rxax5ozo,gamma_125,3,4994,1295,1295,64,45,53.74282804754752
Batch_2,rxax5ozo,gamma_125,3,4994,1295,1295,64,90,80.73781902058072
Batch_2,rxax5ozo,gamma_125,3,4994,1295,1295,64,135,21.79650585303867
Batch_2,rxax5ozo,affine,0,1494,261,261,16,0,0.7316873198720973
Batch_2,rxax5ozo,affine,0,1494,261,261,16,45,0.8276799401882364
Batch_2,rxax5ozo,affine,0,1494,261,261,16,90,0.7552768377382394
Batch_2,rxax5ozo,affine,0,1494,261,261,16,135,0.7137395440680586
Batch_2,rxax5ozo,affine,0,1494,261,261,32,0,3.7806145263363464
Batch_2,rxax5ozo,affine,0,1494,261,261,32,45,4.755971686998832
Batch_2,rxax5ozo,affine,0,1494,261,261,32,90,5.424969629362889
Batch_2,rxax5ozo,affine,0,1494,261,261,32,135,3.476369938118135
Batch_2,rxax5ozo,affine,0,1494,261,261,64,0,27.34783137293738
Batch_2,rxax5ozo,affine,0,1494,261,261,64,45,37.52631654349218
Batch_2,rxax5ozo,affine,0,1494,261,261,64,90,35.48702693204179
Batch_2,rxax5ozo,affine,0,1494,261,261,64,135,17.692659095618367
Batch_2,rxax5ozo,affine,1,4994,261,261,16,0,1.517460687538626
Batch_2,rxax5ozo,affine,1,4994,261,261,16,45,1.1399310370186269
Batch_2,rxax5ozo,affine,1,4994,261,261,16,90,1.7332328238317074
Batch_2,rxax5ozo,affine,1,4994,261,261,16,135,1.2139879638439561
Batch_2,rxax5ozo,affine,1,4994,261,261,32,0,9.82402840905354
Batch_2,rxax5ozo,affine,1,4994,261,261,32,45,7.2422346496625325
Batch_2,rxax5ozo,affine,1,4994,261,261,32,90,12.903868926316918
Batch_2,rxax5ozo,affine,1,4994,261,261,32,135,6.92572609613908
Batch_2,rxax5ozo,affine,1,4994,261,261,64,0,69.22088931156887
Batch_2,rxax5ozo,affine,1,4994,261,261,64,45,48.118344315809225
Batch_2,rxax5ozo,affine,1,4994,261,261,64,90,108.94675002994174
Batch_2,rxax5ozo,affine,1,4994,261,261,64,135,33.38900071249484
Batch_2,rxax5ozo,affine,2,1494,1295,1295,16,0,1.0237282141439392
Batch_2,rxax5ozo,affine,2,1494,1295,1295,16,45,0.9258975643528464
Batch_2,rxax5ozo,affine,2,1494,1295,1295,16,90,0.793336071030608
Batch_2,rxax5ozo,affine,2,1494,1295,1295,16,135,1.022229187143198
Batch_2,rxax5ozo,affine,2,1494,1295,1295,32,0,7.3310707728094435
Batch_2,rxax5ozo,affine,2,1494,1295,1295,32,45,5.516673952858417
Batch_2,rxax5ozo,affine,2,1494,1295,1295,32,90,3.7244388310170784
Batch_2,rxax5ozo,affine,2,1494,1295,1295,32,135,6.001996358004261
Batch_2,rxax5ozo,affine,2,1494,1295,1295,64,0,63.66729085288541
Batch_2,rxax5ozo,affine,2,1494,1295,1295,64,45,19.792690412528497
Batch_2,rxax5ozo,affine,2,1494,1295,1295,64,90,16.123127769413028
Batch_2,rxax5ozo,affine,2,1494,1295,1295,64,135,30.091079673130654
Batch_2,rxax5ozo,affine,3,4994,1295,1295,16,0,0.7441292684231852
Batch_2,rxax5ozo,affine,3,4994,1295,1295,16,45,1.3676258662944019
Batch_2,rxax5ozo,affine,3,4994,1295,1295,16,90,1.9066193969008893
Batch_2,rxax5ozo,affine,3,4994,1295,1295,16,135,1.3470396386299288
Batch_2,rxax5ozo,affine,3,4994,1295,1295,32,0,2.672604433515554
Batch_2,rxax5ozo,affine,3,4994,1295,1295,32,45,8.102099595065592
Batch_2,rxax5ozo,affine,3,4994,1295,1295,32,90,13.476514649802334
Batch_2,rxax5ozo,affine,3,4994,1295,1295,32,135,4.788336816228675
Batch_2,rxax5ozo,affine,3,4994,1295,1295,64,0,13.459454172904616
Batch_2,rxax5ozo,affine,3,4994,1295,1295,64,45,45.0611732658094
Batch_2,rxax5ozo,affine,3,4994,1295,1295,64,90,81.31078016206696
Batch_2,rxax5ozo,affine,3,4994,1295,1295,64,135,22.69144382793999
Batch_3,0grcilhi,nominal,0,1494,220,220,16,0,1.45018896576587
Batch_3,0grcilhi,nominal,0,1494,220,220,16,45,1.782527332953727
Batch_3,0grcilhi,nominal,0,1494,220,220,16,90,2.645553321903879
Batch_3,0grcilhi,nominal,0,1494,220,220,16,135,1.8166299576712908
Batch_3,0grcilhi,nominal,0,1494,220,220,32,0,7.56785021046051
Batch_3,0grcilhi,nominal,0,1494,220,220,32,45,10.469504679513191
Batch_3,0grcilhi,nominal,0,1494,220,220,32,90,12.554801429495688
Batch_3,0grcilhi,nominal,0,1494,220,220,32,135,9.03257499541837
Batch_3,0grcilhi,nominal,0,1494,220,220,64,0,30.004562885093183
Batch_3,0grcilhi,nominal,0,1494,220,220,64,45,41.99877610196303
Batch_3,0grcilhi,nominal,0,1494,220,220,64,90,92.98812379747218
Batch_3,0grcilhi,nominal,0,1494,220,220,64,135,37.49160826500015
Batch_3,0grcilhi,nominal,1,4994,220,220,16,0,0.8588041803331841
Batch_3,0grcilhi,nominal,1,4994,220,220,16,45,2.0565383507212336
Batch_3,0grcilhi,nominal,1,4994,220,220,16,90,1.0632988004077455
Batch_3,0grcilhi,nominal,1,4994,220,220,16,135,1.317939837683692
Batch_3,0grcilhi,nominal,1,4994,220,220,32,0,4.014552785936809
Batch_3,0grcilhi,nominal,1,4994,220,220,32,45,10.66679898510864
Batch_3,0grcilhi,nominal,1,4994,220,220,32,90,7.346014572107059
Batch_3,0grcilhi,nominal,1,4994,220,220,32,135,5.846514563589938
Batch_3,0grcilhi,nominal,1,4994,220,220,64,0,20.198477149866903
Batch_3,0grcilhi,nominal,1,4994,220,220,64,45,56.215065013379736
Batch_3,0grcilhi,nominal,1,4994,220,220,64,90,34.148807881456875
Batch_3,0grcilhi,nominal,1,4994,220,220,64,135,22.894353803139666
Batch_3,0grcilhi,nominal,2,1494,1172,1172,16,0,0.3642427372665065
Batch_3,0grcilhi,nominal,2,1494,1172,1172,16,45,0.3024103774337935
Batch_3,0grcilhi,nominal,2,1494,1172,1172,16,90,0.4454573418453444
Batch_3,0grcilhi,nominal,2,1494,1172,1172,16,135,0.3913656464300763
Batch_3,0grcilhi,nominal,2,1494,1172,1172,32,0,3.307610930765072
Batch_3,0grcilhi,nominal,2,1494,1172,1172,32,45,0.96589805486312
Batch_3,0grcilhi,nominal,2,1494,1172,1172,32,90,2.9592867612387495
Batch_3,0grcilhi,nominal,2,1494,1172,1172,32,135,2.331430814834954
Batch_3,0grcilhi,nominal,2,1494,1172,1172,64,0,24.806545832459825
Batch_3,0grcilhi,nominal,2,1494,1172,1172,64,45,8.14572923816562
Batch_3,0grcilhi,nominal,2,1494,1172,1172,64,90,18.205850897274086
Batch_3,0grcilhi,nominal,2,1494,1172,1172,64,135,17.65064263848244
Batch_3,0grcilhi,nominal,3,4994,1172,1172,16,0,1.2856230172067955
Batch_3,0grcilhi,nominal,3,4994,1172,1172,16,45,0.9498185959000606
Batch_3,0grcilhi,nominal,3,4994,1172,1172,16,90,0.9514413349178134
Batch_3,0grcilhi,nominal,3,4994,1172,1172,16,135,0.8492119011961262
Batch_3,0grcilhi,nominal,3,4994,1172,1172,32,0,12.635840878570475
Batch_3,0grcilhi,nominal,3,4994,1172,1172,32,45,6.595594404636173
Batch_3,0grcilhi,nominal,3,4994,1172,1172,32,90,5.951568972660887
Batch_3,0grcilhi,nominal,3,4994,1172,1172,32,135,6.21952739795247
Batch_3,0grcilhi,nominal,3,4994,1172,1172,64,0,74.12391676812797
Batch_3,0grcilhi,nominal,3,4994,1172,1172,64,45,43.32082390549107
Batch_3,0grcilhi,nominal,3,4994,1172,1172,64,90,37.51413798267484
Batch_3,0grcilhi,nominal,3,4994,1172,1172,64,135,35.64677956573555
Batch_3,0grcilhi,full_resolution,0,1494,220,220,16,0,4.496760642127744
Batch_3,0grcilhi,full_resolution,0,1494,220,220,16,45,5.567697528719512
Batch_3,0grcilhi,full_resolution,0,1494,220,220,16,90,8.255448296858708
Batch_3,0grcilhi,full_resolution,0,1494,220,220,16,135,5.663056306324643
Batch_3,0grcilhi,full_resolution,0,1494,220,220,32,0,23.021681840798983
Batch_3,0grcilhi,full_resolution,0,1494,220,220,32,45,31.840289958100062
Batch_3,0grcilhi,full_resolution,0,1494,220,220,32,90,38.24971473271727
Batch_3,0grcilhi,full_resolution,0,1494,220,220,32,135,27.557589181252087
Batch_3,0grcilhi,full_resolution,0,1494,220,220,64,0,90.8314981211841
Batch_3,0grcilhi,full_resolution,0,1494,220,220,64,45,127.21814178679114
Batch_3,0grcilhi,full_resolution,0,1494,220,220,64,90,281.4985511016355
Batch_3,0grcilhi,full_resolution,0,1494,220,220,64,135,113.58979222457545
Batch_3,0grcilhi,full_resolution,1,4994,220,220,16,0,2.827203073524853
Batch_3,0grcilhi,full_resolution,1,4994,220,220,16,45,6.716761336702121
Batch_3,0grcilhi,full_resolution,1,4994,220,220,16,90,3.4750638737865645
Batch_3,0grcilhi,full_resolution,1,4994,220,220,16,135,4.328728412847895
Batch_3,0grcilhi,full_resolution,1,4994,220,220,32,0,12.868634438782609
Batch_3,0grcilhi,full_resolution,1,4994,220,220,32,45,34.14887258034593
Batch_3,0grcilhi,full_resolution,1,4994,220,220,32,90,23.54947843112724
Batch_3,0grcilhi,full_resolution,1,4994,220,220,32,135,18.696624613350533
Batch_3,0grcilhi,full_resolution,1,4994,220,220,64,0,64.41626181246093
Batch_3,0grcilhi,full_resolution,1,4994,220,220,64,45,179.13637385168164
Batch_3,0grcilhi,full_resolution,1,4994,220,220,64,90,108.71442198990891
Batch_3,0grcilhi,full_resolution,1,4994,220,220,64,135,72.84917671093635
Batch_3,0grcilhi,full_resolution,2,1494,1172,1172,16,0,1.3480386779658695
Batch_3,0grcilhi,full_resolution,2,1494,1172,1172,16,45,1.1320354024421684
Batch_3,0grcilhi,full_resolution,2,1494,1172,1172,16,90,1.680588289853506
Batch_3,0grcilhi,full_resolution,2,1494,1172,1172,16,135,1.4568653891838914
Batch_3,0grcilhi,full_resolution,2,1494,1172,1172,32,0,12.107625252845471
Batch_3,0grcilhi,full_resolution,2,1494,1172,1172,32,45,3.538207094428776
Batch_3,0grcilhi,full_resolution,2,1494,1172,1172,32,90,10.857143967252146
Batch_3,0grcilhi,full_resolution,2,1494,1172,1172,32,135,8.521438623507697
Batch_3,0grcilhi,full_resolution,2,1494,1172,1172,64,0,90.45370187293487
Batch_3,0grcilhi,full_resolution,2,1494,1172,1172,64,45,29.666935954224318
Batch_3,0grcilhi,full_resolution,2,1494,1172,1172,64,90,66.31809881574017
Batch_3,0grcilhi,full_resolution,2,1494,1172,1172,64,135,64.3316944850637
Batch_3,0grcilhi,full_resolution,3,4994,1172,1172,16,0,4.360750344959959
Batch_3,0grcilhi,full_resolution,3,4994,1172,1172,16,45,3.243209652005132
Batch_3,0grcilhi,full_resolution,3,4994,1172,1172,16,90,3.2753202610216756
Batch_3,0grcilhi,full_resolution,3,4994,1172,1172,16,135,2.9083240813960027
Batch_3,0grcilhi,full_resolution,3,4994,1172,1172,32,0,42.168383780460154
Batch_3,0grcilhi,full_resolution,3,4994,1172,1172,32,45,22.036822945957482
Batch_3,0grcilhi,full_resolution,3,4994,1172,1172,32,90,19.876390005436694
Batch_3,0grcilhi,full_resolution,3,4994,1172,1172,32,135,20.68506418356914
Batch_3,0grcilhi,full_resolution,3,4994,1172,1172,64,0,245.91605882852025
Batch_3,0grcilhi,full_resolution,3,4994,1172,1172,64,45,143.6659938708831
Batch_3,0grcilhi,full_resolution,3,4994,1172,1172,64,90,124.34746641540386
Batch_3,0grcilhi,full_resolution,3,4994,1172,1172,64,135,118.16122675427309
Batch_3,0grcilhi,gamma_075,0,1494,220,220,16,0,1.3338963693561225
Batch_3,0grcilhi,gamma_075,0,1494,220,220,16,45,1.7279049663889805
Batch_3,0grcilhi,gamma_075,0,1494,220,220,16,90,2.5329509120345137
Batch_3,0grcilhi,gamma_075,0,1494,220,220,16,135,1.7678037678435725
Batch_3,0grcilhi,gamma_075,0,1494,220,220,32,0,7.182888070802702
Batch_3,0grcilhi,gamma_075,0,1494,220,220,32,45,10.549848414112933
Batch_3,0grcilhi,gamma_075,0,1494,220,220,32,90,13.028213907487029
Batch_3,0grcilhi,gamma_075,0,1494,220,220,32,135,9.043116120969374
Batch_3,0grcilhi,gamma_075,0,1494,220,220,64,0,27.99295700689127
Batch_3,0grcilhi,gamma_075,0,1494,220,220,64,45,44.49017488871793
Batch_3,0grcilhi,gamma_075,0,1494,220,220,64,90,103.27117852958891
Batch_3,0grcilhi,gamma_075,0,1494,220,220,64,135,40.07062564341041
Batch_3,0grcilhi,gamma_075,1,4994,220,220,16,0,0.9553734220964886
Batch_3,0grcilhi,gamma_075,1,4994,220,220,16,45,2.4801879363672756
Batch_3,0grcilhi,gamma_075,1,4994,220,220,16,90,1.252345493318961
Batch_3,0grcilhi,gamma_075,1,4994,220,220,16,135,1.5546148150801087
Batch_3,0grcilhi,gamma_075,1,4994,220,220,32,0,4.552126652055946
Batch_3,0grcilhi,gamma_075,1,4994,220,220,32,45,14.132414725482015
Batch_3,0grcilhi,gamma_075,1,4994,220,220,32,90,9.117054872015995
Batch_3,0grcilhi,gamma_075,1,4994,220,220,32,135,6.932522832027725
Batch_3,0grcilhi,gamma_075,1,4994,220,220,64,0,24.498996448430333
Batch_3,0grcilhi,gamma_075,1,4994,220,220,64,45,72.55144038312996
Batch_3,0grcilhi,gamma_075,1,4994,220,220,64,90,41.47500815050457
Batch_3,0grcilhi,gamma_075,1,4994,220,220,64,135,28.26267906843077
Batch_3,0grcilhi,gamma_075,2,1494,1172,1172,16,0,0.3154973713659512
Batch_3,0grcilhi,gamma_075,2,1494,1172,1172,16,45,0.2728333050605651
Batch_3,0grcilhi,gamma_075,2,1494,1172,1172,16,90,0.3946470510566751
Batch_3,0grcilhi,gamma_075,2,1494,1172,1172,16,135,0.35341608042093325
Batch_3,0grcilhi,gamma_075,2,1494,1172,1172,32,0,2.7084262271135007
Batch_3,0grcilhi,gamma_075,2,1494,1172,1172,32,45,0.9085755345288561
Batch_3,0grcilhi,gamma_075,2,1494,1172,1172,32,90,2.5357392617138728
Batch_3,0grcilhi,gamma_075,2,1494,1172,1172,32,135,2.016191478147426
Batch_3,0grcilhi,gamma_075,2,1494,1172,1172,64,0,19.59830703745608
Batch_3,0grcilhi,gamma_075,2,1494,1172,1172,64,45,7.701301340992827
Batch_3,0grcilhi,gamma_075,2,1494,1172,1172,64,90,14.605695201849715
Batch_3,0grcilhi,gamma_075,2,1494,1172,1172,64,135,14.09942427830128
Batch_3,0grcilhi,gamma_075,3,4994,1172,1172,16,0,1.21247617625957
Batch_3,0grcilhi,gamma_075,3,4994,1172,1172,16,45,0.843271622982769
Batch_3,0grcilhi,gamma_075,3,4994,1172,1172,16,90,0.8195237905647061
Batch_3,0grcilhi,gamma_075,3,4994,1172,1172,16,135,0.7273211626977037
Batch_3,0grcilhi,gamma_075,3,4994,1172,1172,32,0,12.724441337734502
Batch_3,0grcilhi,gamma_075,3,4994,1172,1172,32,45,6.356744650075507
Batch_3,0grcilhi,gamma_075,3,4994,1172,1172,32,90,5.219507705992389
Batch_3,0grcilhi,gamma_075,3,4994,1172,1172,32,135,5.4124132085769805
Batch_3,0grcilhi,gamma_075,3,4994,1172,1172,64,0,71.2311044146312
Batch_3,0grcilhi,gamma_075,3,4994,1172,1172,64,45,43.65672269743221
Batch_3,0grcilhi,gamma_075,3,4994,1172,1172,64,90,33.531654230169956
Batch_3,0grcilhi,gamma_075,3,4994,1172,1172,64,135,33.87360124518239
Batch_3,0grcilhi,gamma_125,0,1494,220,220,16,0,1.5220042444366728
Batch_3,0grcilhi,gamma_125,0,1494,220,220,16,45,1.7873853681768572
Batch_3,0grcilhi,gamma_125,0,1494,220,220,16,90,2.656334237520771
Batch_3,0grcilhi,gamma_125,0,1494,220,220,16,135,1.8284608614120321
Batch_3,0grcilhi,gamma_125,0,1494,220,220,32,0,7.844126922385848
Batch_3,0grcilhi,gamma_125,0,1494,220,220,32,45,10.284037866310086
Batch_3,0grcilhi,gamma_125,0,1494,220,220,32,90,12.000464384218066
Batch_3,0grcilhi,gamma_125,0,1494,220,220,32,135,9.04777169120479
Batch_3,0grcilhi,gamma_125,0,1494,220,220,64,0,32.51599456400511
Batch_3,0grcilhi,gamma_125,0,1494,220,220,64,45,40.01922727696123
Batch_3,0grcilhi,gamma_125,0,1494,220,220,64,90,82.54813606429475
Batch_3,0grcilhi,gamma_125,0,1494,220,220,64,135,35.418792242311696
Batch_3,0grcilhi,gamma_125,1,4994,220,220,16,0,0.7638536730086878
Batch_3,0grcilhi,gamma_125,1,4994,220,220,16,45,1.716087031367252
Batch_3,0grcilhi,gamma_125,1,4994,220,220,16,90,0.9064578265547014
Batch_3,0grcilhi,gamma_125,1,4994,220,220,16,135,1.1276038958517933
Batch_3,0grcilhi,gamma_125,1,4994,220,220,32,0,3.564980407008126
Batch_3,0grcilhi,gamma_125,1,4994,220,220,32,45,8.219831572168172
Batch_3,0grcilhi,gamma_125,1,4994,220,220,32,90,6.03103134764453
Batch_3,0grcilhi,gamma_125,1,4994,220,220,32,135,4.98333893248983
Batch_3,0grcilhi,gamma_125,1,4994,220,220,64,0,17.1744196224833
Batch_3,0grcilhi,gamma_125,1,4994,220,220,64,45,45.03379508887826
Batch_3,0grcilhi,gamma_125,1,4994,220,220,64,90,28.452133373281235
Batch_3,0grcilhi,gamma_125,1,4994,220,220,64,135,19.13913229905977
Batch_3,0grcilhi,gamma_125,2,1494,1172,1172,16,0,0.398784669676363
Batch_3,0grcilhi,gamma_125,2,1494,1172,1172,16,45,0.31556725173716704
Batch_3,0grcilhi,gamma_125,2,1494,1172,1172,16,90,0.47675978051840673
Batch_3,0grcilhi,gamma_125,2,1494,1172,1172,16,135,0.410874425305432
Batch_3,0grcilhi,gamma_125,2,1494,1172,1172,32,0,3.800049320478405
Batch_3,0grcilhi,gamma_125,2,1494,1172,1172,32,45,0.9836255367768387
Batch_3,0grcilhi,gamma_125,2,1494,1172,1172,32,90,3.244792097633008
Batch_3,0grcilhi,gamma_125,2,1494,1172,1172,32,135,2.547979010427712
Batch_3,0grcilhi,gamma_125,2,1494,1172,1172,64,0,29.290749994171705
Batch_3,0grcilhi,gamma_125,2,1494,1172,1172,64,45,8.482811525131916
Batch_3,0grcilhi,gamma_125,2,1494,1172,1172,64,90,21.179214900495698
Batch_3,0grcilhi,gamma_125,2,1494,1172,1172,64,135,20.715963880682324
Batch_3,0grcilhi,gamma_125,3,4994,1172,1172,16,0,1.3616886621101307
Batch_3,0grcilhi,gamma_125,3,4994,1172,1172,16,45,1.0477353080055811
Batch_3,0grcilhi,gamma_125,3,4994,1172,1172,16,90,1.064942206095061
Batch_3,0grcilhi,gamma_125,3,4994,1172,1172,16,135,0.962638505038695
Batch_3,0grcilhi,gamma_125,3,4994,1172,1172,32,0,12.464469919206968
Batch_3,0grcilhi,gamma_125,3,4994,1172,1172,32,45,6.827996138561506
Batch_3,0grcilhi,gamma_125,3,4994,1172,1172,32,90,6.579538748376863
Batch_3,0grcilhi,gamma_125,3,4994,1172,1172,32,135,6.940022042996819
Batch_3,0grcilhi,gamma_125,3,4994,1172,1172,64,0,75.69829698744697
Batch_3,0grcilhi,gamma_125,3,4994,1172,1172,64,45,42.4921585646726
Batch_3,0grcilhi,gamma_125,3,4994,1172,1172,64,90,40.583579415161886
Batch_3,0grcilhi,gamma_125,3,4994,1172,1172,64,135,36.807424467569724
Batch_3,0grcilhi,affine,0,1494,220,220,16,0,1.45018896576587
Batch_3,0grcilhi,affine,0,1494,220,220,16,45,1.7825273329537277
Batch_3,0grcilhi,affine,0,1494,220,220,16,90,2.6455533219038783
Batch_3,0grcilhi,affine,0,1494,220,220,16,135,1.816629957671291
Batch_3,0grcilhi,affine,0,1494,220,220,32,0,7.56785021046051
Batch_3,0grcilhi,affine,0,1494,220,220,32,45,10.469504679513191
Batch_3,0grcilhi,affine,0,1494,220,220,32,90,12.554801429495688
Batch_3,0grcilhi,affine,0,1494,220,220,32,135,9.03257499541837
Batch_3,0grcilhi,affine,0,1494,220,220,64,0,30.004562885093183
Batch_3,0grcilhi,affine,0,1494,220,220,64,45,41.99877610196303
Batch_3,0grcilhi,affine,0,1494,220,220,64,90,92.98812379747218
Batch_3,0grcilhi,affine,0,1494,220,220,64,135,37.49160826500015
Batch_3,0grcilhi,affine,1,4994,220,220,16,0,0.8588041803331842
Batch_3,0grcilhi,affine,1,4994,220,220,16,45,2.0565383507212345
Batch_3,0grcilhi,affine,1,4994,220,220,16,90,1.0632988004077455
Batch_3,0grcilhi,affine,1,4994,220,220,16,135,1.3179398376836924
Batch_3,0grcilhi,affine,1,4994,220,220,32,0,4.01455278593681
Batch_3,0grcilhi,affine,1,4994,220,220,32,45,10.66679898510864
Batch_3,0grcilhi,affine,1,4994,220,220,32,90,7.3460145721070615
Batch_3,0grcilhi,affine,1,4994,220,220,32,135,5.846514563589938
Batch_3,0grcilhi,affine,1,4994,220,220,64,0,20.198477149866914
Batch_3,0grcilhi,affine,1,4994,220,220,64,45,56.21506501337976
Batch_3,0grcilhi,affine,1,4994,220,220,64,90,34.14880788145688
Batch_3,0grcilhi,affine,1,4994,220,220,64,135,22.894353803139676
Batch_3,0grcilhi,affine,2,1494,1172,1172,16,0,0.3642427372665067
Batch_3,0grcilhi,affine,2,1494,1172,1172,16,45,0.30241037743379356
Batch_3,0grcilhi,affine,2,1494,1172,1172,16,90,0.4454573418453447
Batch_3,0grcilhi,affine,2,1494,1172,1172,16,135,0.3913656464300764
Batch_3,0grcilhi,affine,2,1494,1172,1172,32,0,3.3076109307650734
Batch_3,0grcilhi,affine,2,1494,1172,1172,32,45,0.9658980548631203
Batch_3,0grcilhi,affine,2,1494,1172,1172,32,90,2.95928676123875
Batch_3,0grcilhi,affine,2,1494,1172,1172,32,135,2.331430814834954
Batch_3,0grcilhi,affine,2,1494,1172,1172,64,0,24.806545832459825
Batch_3,0grcilhi,affine,2,1494,1172,1172,64,45,8.145729238165622
Batch_3,0grcilhi,affine,2,1494,1172,1172,64,90,18.205850897274086
Batch_3,0grcilhi,affine,2,1494,1172,1172,64,135,17.650642638482445
Batch_3,0grcilhi,affine,3,4994,1172,1172,16,0,1.2856230172067955
Batch_3,0grcilhi,affine,3,4994,1172,1172,16,45,0.9498185959000606
Batch_3,0grcilhi,affine,3,4994,1172,1172,16,90,0.9514413349178134
Batch_3,0grcilhi,affine,3,4994,1172,1172,16,135,0.8492119011961262
Batch_3,0grcilhi,affine,3,4994,1172,1172,32,0,12.635840878570475
Batch_3,0grcilhi,affine,3,4994,1172,1172,32,45,6.5955944046361745
Batch_3,0grcilhi,affine,3,4994,1172,1172,32,90,5.951568972660887
Batch_3,0grcilhi,affine,3,4994,1172,1172,32,135,6.21952739795247
Batch_3,0grcilhi,affine,3,4994,1172,1172,64,0,74.12391676812797
Batch_3,0grcilhi,affine,3,4994,1172,1172,64,45,43.32082390549108
Batch_3,0grcilhi,affine,3,4994,1172,1172,64,90,37.51413798267483
Batch_3,0grcilhi,affine,3,4994,1172,1172,64,135,35.64677956573556
Batch_3,71vgq3fw,nominal,0,1494,259,259,16,0,0.3311147494871385
Batch_3,71vgq3fw,nominal,0,1494,259,259,16,45,0.2731212563124886
Batch_3,71vgq3fw,nominal,0,1494,259,259,16,90,0.20272105889823624
Batch_3,71vgq3fw,nominal,0,1494,259,259,16,135,0.18788524832432707
Batch_3,71vgq3fw,nominal,0,1494,259,259,32,0,0.5502420810387884
Batch_3,71vgq3fw,nominal,0,1494,259,259,32,45,0.4510307472776824
Batch_3,71vgq3fw,nominal,0,1494,259,259,32,90,0.37850113028628535
Batch_3,71vgq3fw,nominal,0,1494,259,259,32,135,0.5133690567988881
Batch_3,71vgq3fw,nominal,0,1494,259,259,64,0,2.8015935566039385
Batch_3,71vgq3fw,nominal,0,1494,259,259,64,45,1.6379867967635147
Batch_3,71vgq3fw,nominal,0,1494,259,259,64,90,1.3549608056300915
Batch_3,71vgq3fw,nominal,0,1494,259,259,64,135,5.640214893775761
Batch_3,71vgq3fw,nominal,1,4994,259,259,16,0,0.7146208925314521
Batch_3,71vgq3fw,nominal,1,4994,259,259,16,45,1.2617865514986837
Batch_3,71vgq3fw,nominal,1,4994,259,259,16,90,1.6537363356555677
Batch_3,71vgq3fw,nominal,1,4994,259,259,16,135,0.9684071049640233
Batch_3,71vgq3fw,nominal,1,4994,259,259,32,0,4.818646987060775
Batch_3,71vgq3fw,nominal,1,4994,259,259,32,45,6.458542174856092
Batch_3,71vgq3fw,nominal,1,4994,259,259,32,90,14.647123518164967
Batch_3,71vgq3fw,nominal,1,4994,259,259,32,135,6.632901269892192
Batch_3,71vgq3fw,nominal,1,4994,259,259,64,0,27.65288401689484
Batch_3,71vgq3fw,nominal,1,4994,259,259,64,45,34.651470055504795
Batch_3,71vgq3fw,nominal,1,4994,259,259,64,90,137.2437042177067
Batch_3,71vgq3fw,nominal,1,4994,259,259,64,135,32.52205402655481
Batch_3,71vgq3fw,nominal,2,1494,1289,1289,16,0,0.38787155192207173
Batch_3,71vgq3fw,nominal,2,1494,1289,1289,16,45,0.7696794253430328
Batch_3,71vgq3fw,nominal,2,1494,1289,1289,16,90,0.7380476921008161
Batch_3,71vgq3fw,nominal,2,1494,1289,1289,16,135,0.7087118772573612
Batch_3,71vgq3fw,nominal,2,1494,1289,1289,32,0,1.618171453336089
Batch_3,71vgq3fw,nominal,2,1494,1289,1289,32,45,4.90024885012611
Batch_3,71vgq3fw,nominal,2,1494,1289,1289,32,90,4.778956411959017
Batch_3,71vgq3fw,nominal,2,1494,1289,1289,32,135,5.123894001691428
Batch_3,71vgq3fw,nominal,2,1494,1289,1289,64,0,9.436478813495237
Batch_3,71vgq3fw,nominal,2,1494,1289,1289,64,45,23.93981210306918
Batch_3,71vgq3fw,nominal,2,1494,1289,1289,64,90,29.591401179309088
Batch_3,71vgq3fw,nominal,2,1494,1289,1289,64,135,38.12273626474514
Batch_3,71vgq3fw,nominal,3,4994,1289,1289,16,0,1.3932992481492574
Batch_3,71vgq3fw,nominal,3,4994,1289,1289,16,45,1.4063520917849113
Batch_3,71vgq3fw,nominal,3,4994,1289,1289,16,90,1.4063541739666914
Batch_3,71vgq3fw,nominal,3,4994,1289,1289,16,135,2.1029616613334285
Batch_3,71vgq3fw,nominal,3,4994,1289,1289,32,0,7.046947181166364
Batch_3,71vgq3fw,nominal,3,4994,1289,1289,32,45,8.398307119883098
Batch_3,71vgq3fw,nominal,3,4994,1289,1289,32,90,10.740691775667804
Batch_3,71vgq3fw,nominal,3,4994,1289,1289,32,135,16.912524657454533
Batch_3,71vgq3fw,nominal,3,4994,1289,1289,64,0,56.630670980203206
Batch_3,71vgq3fw,nominal,3,4994,1289,1289,64,45,59.101288566985914
Batch_3,71vgq3fw,nominal,3,4994,1289,1289,64,90,82.42103600520036
Batch_3,71vgq3fw,nominal,3,4994,1289,1289,64,135,200.4380783921585
Batch_3,71vgq3fw,full_resolution,0,1494,259,259,16,0,0.9609049426632698
Batch_3,71vgq3fw,full_resolution,0,1494,259,259,16,45,0.7832788946929319
Batch_3,71vgq3fw,full_resolution,0,1494,259,259,16,90,0.5707482976954741
Batch_3,71vgq3fw,full_resolution,0,1494,259,259,16,135,0.5483174803905659
Batch_3,71vgq3fw,full_resolution,0,1494,259,259,32,0,1.5853498327011868
Batch_3,71vgq3fw,full_resolution,0,1494,259,259,32,45,1.2812388333349247
Batch_3,71vgq3fw,full_resolution,0,1494,259,259,32,90,1.0828435222156527
Batch_3,71vgq3fw,full_resolution,0,1494,259,259,32,135,1.4733432756138165
Batch_3,71vgq3fw,full_resolution,0,1494,259,259,64,0,7.943520311077561
Batch_3,71vgq3fw,full_resolution,0,1494,259,259,64,45,4.666351606001935
Batch_3,71vgq3fw,full_resolution,0,1494,259,259,64,90,3.8548871980596346
Batch_3,71vgq3fw,full_resolution,0,1494,259,259,64,135,16.022039613409007
Batch_3,71vgq3fw,full_resolution,1,4994,259,259,16,0,2.5204858054277586
Batch_3,71vgq3fw,full_resolution,1,4994,259,259,16,45,4.491900202138
Batch_3,71vgq3fw,full_resolution,1,4994,259,259,16,90,5.829321851570452
Batch_3,71vgq3fw,full_resolution,1,4994,259,259,16,135,3.436171444900885
Batch_3,71vgq3fw,full_resolution,1,4994,259,259,32,0,16.772653338245387
Batch_3,71vgq3fw,full_resolution,1,4994,259,259,32,45,22.42458912520968
Batch_3,71vgq3fw,full_resolution,1,4994,259,259,32,90,50.808366986758735
Batch_3,71vgq3fw,full_resolution,1,4994,259,259,32,135,23.047942868529326
Batch_3,71vgq3fw,full_resolution,1,4994,259,259,64,0,95.5405060685464
Batch_3,71vgq3fw,full_resolution,1,4994,259,259,64,45,119.76902788171905
Batch_3,71vgq3fw,full_resolution,1,4994,259,259,64,90,473.8348680552674
Batch_3,71vgq3fw,full_resolution,1,4994,259,259,64,135,112.37886135159174
Batch_3,71vgq3fw,full_resolution,2,1494,1289,1289,16,0,1.4361287831665641
Batch_3,71vgq3fw,full_resolution,2,1494,1289,1289,16,45,2.8726794153650896
Batch_3,71vgq3fw,full_resolution,2,1494,1289,1289,16,90,2.74965825109013
Batch_3,71vgq3fw,full_resolution,2,1494,1289,1289,16,135,2.6118029939593805
Batch_3,71vgq3fw,full_resolution,2,1494,1289,1289,32,0,5.892279345325017
Batch_3,71vgq3fw,full_resolution,2,1494,1289,1289,32,45,17.867253309565232
Batch_3,71vgq3fw,full_resolution,2,1494,1289,1289,32,90,17.368020587672007
Batch_3,71vgq3fw,full_resolution,2,1494,1289,1289,32,135,18.666552357994547
Batch_3,71vgq3fw,full_resolution,2,1494,1289,1289,64,0,34.14660463863342
Batch_3,71vgq3fw,full_resolution,2,1494,1289,1289,64,45,86.80496568050303
Batch_3,71vgq3fw,full_resolution,2,1494,1289,1289,64,90,107.2272136929672
Batch_3,71vgq3fw,full_resolution,2,1494,1289,1289,64,135,138.046329615309
Batch_3,71vgq3fw,full_resolution,3,4994,1289,1289,16,0,4.619521987024842
Batch_3,71vgq3fw,full_resolution,3,4994,1289,1289,16,45,4.688714505889417
Batch_3,71vgq3fw,full_resolution,3,4994,1289,1289,16,90,4.624269941540091
Batch_3,71vgq3fw,full_resolution,3,4994,1289,1289,16,135,6.979834725217414
Batch_3,71vgq3fw,full_resolution,3,4994,1289,1289,32,0,22.880930149847618
Batch_3,71vgq3fw,full_resolution,3,4994,1289,1289,32,45,27.346250662345305
Batch_3,71vgq3fw,full_resolution,3,4994,1289,1289,32,90,34.834517246929934
Batch_3,71vgq3fw,full_resolution,3,4994,1289,1289,32,135,54.81032663785336
Batch_3,71vgq3fw,full_resolution,3,4994,1289,1289,64,0,182.4779759922737
Batch_3,71vgq3fw,full_resolution,3,4994,1289,1289,64,45,190.51191051689176
Batch_3,71vgq3fw,full_resolution,3,4994,1289,1289,64,90,265.6838247825684
Batch_3,71vgq3fw,full_resolution,3,4994,1289,1289,64,135,645.7112864253935
Batch_3,71vgq3fw,gamma_075,0,1494,259,259,16,0,0.3405882795134898
Batch_3,71vgq3fw,gamma_075,0,1494,259,259,16,45,0.28017081613918543
Batch_3,71vgq3fw,gamma_075,0,1494,259,259,16,90,0.20800614482500102
Batch_3,71vgq3fw,gamma_075,0,1494,259,259,16,135,0.19338346767407533
Batch_3,71vgq3fw,gamma_075,0,1494,259,259,32,0,0.5556528373687826
Batch_3,71vgq3fw,gamma_075,0,1494,259,259,32,45,0.4608327612332292
Batch_3,71vgq3fw,gamma_075,0,1494,259,259,32,90,0.387241495130422
Batch_3,71vgq3fw,gamma_075,0,1494,259,259,32,135,0.5116182732341094
Batch_3,71vgq3fw,gamma_075,0,1494,259,259,64,0,2.769066334740018
Batch_3,71vgq3fw,gamma_075,0,1494,259,259,64,45,1.6459784696769881
Batch_3,71vgq3fw,gamma_075,0,1494,259,259,64,90,1.350251034652621
Batch_3,71vgq3fw,gamma_075,0,1494,259,259,64,135,5.5995513780090915
Batch_3,71vgq3fw,gamma_075,1,4994,259,259,16,0,0.6755447696024065
Batch_3,71vgq3fw,gamma_075,1,4994,259,259,16,45,1.2242526624552235
Batch_3,71vgq3fw,gamma_075,1,4994,259,259,16,90,1.6187501035300544
Batch_3,71vgq3fw,gamma_075,1,4994,259,259,16,135,0.9349429382311463
Batch_3,71vgq3fw,gamma_075,1,4994,259,259,32,0,4.672720680982841
Batch_3,71vgq3fw,gamma_075,1,4994,259,259,32,45,6.438417001200915
Batch_3,71vgq3fw,gamma_075,1,4994,259,259,32,90,14.683997962130713
Batch_3,71vgq3fw,gamma_075,1,4994,259,259,32,135,6.439903578975021
Batch_3,71vgq3fw,gamma_075,1,4994,259,259,64,0,27.460441199296806
Batch_3,71vgq3fw,gamma_075,1,4994,259,259,64,45,34.85991914050017
Batch_3,71vgq3fw,gamma_075,1,4994,259,259,64,90,140.96800613608377
Batch_3,71vgq3fw,gamma_075,1,4994,259,259,64,135,32.29738602553431
Batch_3,71vgq3fw,gamma_075,2,1494,1289,1289,16,0,0.41517247352108094
Batch_3,71vgq3fw,gamma_075,2,1494,1289,1289,16,45,0.8169809306751814
Batch_3,71vgq3fw,gamma_075,2,1494,1289,1289,16,90,0.7869663924257938
Batch_3,71vgq3fw,gamma_075,2,1494,1289,1289,16,135,0.7363947751050708
Batch_3,71vgq3fw,gamma_075,2,1494,1289,1289,32,0,1.8027550637988348
Batch_3,71vgq3fw,gamma_075,2,1494,1289,1289,32,45,5.182125783092913
Batch_3,71vgq3fw,gamma_075,2,1494,1289,1289,32,90,5.165424036635925
Batch_3,71vgq3fw,gamma_075,2,1494,1289,1289,32,135,5.220461825288124
Batch_3,71vgq3fw,gamma_075,2,1494,1289,1289,64,0,10.55553496849195
Batch_3,71vgq3fw,gamma_075,2,1494,1289,1289,64,45,25.078042761111583
Batch_3,71vgq3fw,gamma_075,2,1494,1289,1289,64,90,31.667612169089857
Batch_3,71vgq3fw,gamma_075,2,1494,1289,1289,64,135,37.52063510116253
Batch_3,71vgq3fw,gamma_075,3,4994,1289,1289,16,0,1.4940104583776201
Batch_3,71vgq3fw,gamma_075,3,4994,1289,1289,16,45,1.4662757499341301
Batch_3,71vgq3fw,gamma_075,3,4994,1289,1289,16,90,1.450754835754084
Batch_3,71vgq3fw,gamma_075,3,4994,1289,1289,16,135,2.0653739620908014
Batch_3,71vgq3fw,gamma_075,3,4994,1289,1289,32,0,7.543118839334372
Batch_3,71vgq3fw,gamma_075,3,4994,1289,1289,32,45,8.978913356528839
Batch_3,71vgq3fw,gamma_075,3,4994,1289,1289,32,90,10.96874810734255
Batch_3,71vgq3fw,gamma_075,3,4994,1289,1289,32,135,16.273768267029435
Batch_3,71vgq3fw,gamma_075,3,4994,1289,1289,64,0,58.466823129274125
Batch_3,71vgq3fw,gamma_075,3,4994,1289,1289,64,45,66.09245302437516
Batch_3,71vgq3fw,gamma_075,3,4994,1289,1289,64,90,87.66967949018395
Batch_3,71vgq3fw,gamma_075,3,4994,1289,1289,64,135,182.67908758348636
Batch_3,71vgq3fw,gamma_125,0,1494,259,259,16,0,0.31665423003262283
Batch_3,71vgq3fw,gamma_125,0,1494,259,259,16,45,0.2618331532096199
Batch_3,71vgq3fw,gamma_125,0,1494,259,259,16,90,0.19418076905062825
Batch_3,71vgq3fw,gamma_125,0,1494,259,259,16,135,0.17950162724555302
Batch_3,71vgq3fw,gamma_125,0,1494,259,259,32,0,0.5364288119503607
Batch_3,71vgq3fw,gamma_125,0,1494,259,259,32,45,0.43439237261182156
Batch_3,71vgq3fw,gamma_125,0,1494,259,259,32,90,0.363953515373389
Batch_3,71vgq3fw,gamma_125,0,1494,259,259,32,135,0.5072704084623761
Batch_3,71vgq3fw,gamma_125,0,1494,259,259,64,0,2.7940544375651215
Batch_3,71vgq3fw,gamma_125,0,1494,259,259,64,45,1.607876441178334
Batch_3,71vgq3fw,gamma_125,0,1494,259,259,64,90,1.3433546001683845
Batch_3,71vgq3fw,gamma_125,0,1494,259,259,64,135,5.612310985531787
Batch_3,71vgq3fw,gamma_125,1,4994,259,259,16,0,0.7557114158206913
Batch_3,71vgq3fw,gamma_125,1,4994,259,259,16,45,1.296594517463396
Batch_3,71vgq3fw,gamma_125,1,4994,259,259,16,90,1.6855956252457351
Batch_3,71vgq3fw,gamma_125,1,4994,259,259,16,135,1.001534442876576
Batch_3,71vgq3fw,gamma_125,1,4994,259,259,32,0,4.954505686147686
Batch_3,71vgq3fw,gamma_125,1,4994,259,259,32,45,6.445779075687567
Batch_3,71vgq3fw,gamma_125,1,4994,259,259,32,90,14.55739804116637
Batch_3,71vgq3fw,gamma_125,1,4994,259,259,32,135,6.819837765814226
Batch_3,71vgq3fw,gamma_125,1,4994,259,259,64,0,27.714524382278693
Batch_3,71vgq3fw,gamma_125,1,4994,259,259,64,45,34.22302091095069
Batch_3,71vgq3fw,gamma_125,1,4994,259,259,64,90,132.9941350381086
Batch_3,71vgq3fw,gamma_125,1,4994,259,259,64,135,32.63796207416785
Batch_3,71vgq3fw,gamma_125,2,1494,1289,1289,16,0,0.364482656564562
Batch_3,71vgq3fw,gamma_125,2,1494,1289,1289,16,45,0.7305036264140871
Batch_3,71vgq3fw,gamma_125,2,1494,1289,1289,16,90,0.6936572105111216
Batch_3,71vgq3fw,gamma_125,2,1494,1289,1289,16,135,0.6866767347326542
Batch_3,71vgq3fw,gamma_125,2,1494,1289,1289,32,0,1.470594970834009
Batch_3,71vgq3fw,gamma_125,2,1494,1289,1289,32,45,4.666786392929999
Batch_3,71vgq3fw,gamma_125,2,1494,1289,1289,32,90,4.439962784776454
Batch_3,71vgq3fw,gamma_125,2,1494,1289,1289,32,135,5.051063526907254
Batch_3,71vgq3fw,gamma_125,2,1494,1289,1289,64,0,8.540947250806457
Batch_3,71vgq3fw,gamma_125,2,1494,1289,1289,64,45,23.046326565022042
Batch_3,71vgq3fw,gamma_125,2,1494,1289,1289,64,90,27.838616088831486
Batch_3,71vgq3fw,gamma_125,2,1494,1289,1289,64,135,38.69107519836975
Batch_3,71vgq3fw,gamma_125,3,4994,1289,1289,16,0,1.2996208518469043
Batch_3,71vgq3fw,gamma_125,3,4994,1289,1289,16,45,1.3465073208085219
Batch_3,71vgq3fw,gamma_125,3,4994,1289,1289,16,90,1.358491114515169
Batch_3,71vgq3fw,gamma_125,3,4994,1289,1289,16,135,2.1479970592129005
Batch_3,71vgq3fw,gamma_125,3,4994,1289,1289,32,0,6.624474984375694
Batch_3,71vgq3fw,gamma_125,3,4994,1289,1289,32,45,7.875114571346922
Batch_3,71vgq3fw,gamma_125,3,4994,1289,1289,32,90,10.520172284640534
Batch_3,71vgq3fw,gamma_125,3,4994,1289,1289,32,135,17.661269788903024
Batch_3,71vgq3fw,gamma_125,3,4994,1289,1289,64,0,55.098625289449245
Batch_3,71vgq3fw,gamma_125,3,4994,1289,1289,64,45,52.81979417127432
Batch_3,71vgq3fw,gamma_125,3,4994,1289,1289,64,90,77.80288442324617
Batch_3,71vgq3fw,gamma_125,3,4994,1289,1289,64,135,218.96144936276613
Batch_3,71vgq3fw,affine,0,1494,259,259,16,0,0.3311147494871387
Batch_3,71vgq3fw,affine,0,1494,259,259,16,45,0.27312125631248885
Batch_3,71vgq3fw,affine,0,1494,259,259,16,90,0.20272105889823624
Batch_3,71vgq3fw,affine,0,1494,259,259,16,135,0.18788524832432713
Batch_3,71vgq3fw,affine,0,1494,259,259,32,0,0.5502420810387885
Batch_3,71vgq3fw,affine,0,1494,259,259,32,45,0.4510307472776825
Batch_3,71vgq3fw,affine,0,1494,259,259,32,90,0.3785011302862856
Batch_3,71vgq3fw,affine,0,1494,259,259,32,135,0.513369056798888
Batch_3,71vgq3fw,affine,0,1494,259,259,64,0,2.8015935566039385
Batch_3,71vgq3fw,affine,0,1494,259,259,64,45,1.6379867967635149
Batch_3,71vgq3fw,affine,0,1494,259,259,64,90,1.3549608056300915
Batch_3,71vgq3fw,affine,0,1494,259,259,64,135,5.640214893775761
Batch_3,71vgq3fw,affine,1,4994,259,259,16,0,0.7146208925314519
Batch_3,71vgq3fw,affine,1,4994,259,259,16,45,1.2617865514986835
Batch_3,71vgq3fw,affine,1,4994,259,259,16,90,1.653736335655567
Batch_3,71vgq3fw,affine,1,4994,259,259,16,135,0.9684071049640233
Batch_3,71vgq3fw,affine,1,4994,259,259,32,0,4.818646987060774
Batch_3,71vgq3fw,affine,1,4994,259,259,32,45,6.458542174856092
Batch_3,71vgq3fw,affine,1,4994,259,259,32,90,14.647123518164962
Batch_3,71vgq3fw,affine,1,4994,259,259,32,135,6.632901269892192
Batch_3,71vgq3fw,affine,1,4994,259,259,64,0,27.652884016894827
Batch_3,71vgq3fw,affine,1,4994,259,259,64,45,34.651470055504795
Batch_3,71vgq3fw,affine,1,4994,259,259,64,90,137.2437042177067
Batch_3,71vgq3fw,affine,1,4994,259,259,64,135,32.52205402655481
Batch_3,71vgq3fw,affine,2,1494,1289,1289,16,0,0.38787155192207173
Batch_3,71vgq3fw,affine,2,1494,1289,1289,16,45,0.7696794253430328
Batch_3,71vgq3fw,affine,2,1494,1289,1289,16,90,0.7380476921008163
Batch_3,71vgq3fw,affine,2,1494,1289,1289,16,135,0.7087118772573612
Batch_3,71vgq3fw,affine,2,1494,1289,1289,32,0,1.6181714533360896
Batch_3,71vgq3fw,affine,2,1494,1289,1289,32,45,4.900248850126111
Batch_3,71vgq3fw,affine,2,1494,1289,1289,32,90,4.778956411959017
Batch_3,71vgq3fw,affine,2,1494,1289,1289,32,135,5.123894001691428
Batch_3,71vgq3fw,affine,2,1494,1289,1289,64,0,9.436478813495235
Batch_3,71vgq3fw,affine,2,1494,1289,1289,64,45,23.93981210306918
Batch_3,71vgq3fw,affine,2,1494,1289,1289,64,90,29.591401179309088
Batch_3,71vgq3fw,affine,2,1494,1289,1289,64,135,38.12273626474514
Batch_3,71vgq3fw,affine,3,4994,1289,1289,16,0,1.393299248149257
Batch_3,71vgq3fw,affine,3,4994,1289,1289,16,45,1.4063520917849113
Batch_3,71vgq3fw,affine,3,4994,1289,1289,16,90,1.4063541739666912
Batch_3,71vgq3fw,affine,3,4994,1289,1289,16,135,2.1029616613334277
Batch_3,71vgq3fw,affine,3,4994,1289,1289,32,0,7.046947181166363
Batch_3,71vgq3fw,affine,3,4994,1289,1289,32,45,8.398307119883096
Batch_3,71vgq3fw,affine,3,4994,1289,1289,32,90,10.740691775667804
Batch_3,71vgq3fw,affine,3,4994,1289,1289,32,135,16.91252465745453
Batch_3,71vgq3fw,affine,3,4994,1289,1289,64,0,56.630670980203185
Batch_3,71vgq3fw,affine,3,4994,1289,1289,64,45,59.10128856698589
Batch_3,71vgq3fw,affine,3,4994,1289,1289,64,90,82.42103600520035
Batch_3,71vgq3fw,affine,3,4994,1289,1289,64,135,200.43807839215845
Batch_3,9luzk4jm,nominal,0,1494,266,266,16,0,0.4290078057229836
Batch_3,9luzk4jm,nominal,0,1494,266,266,16,45,0.5575363008375741
Batch_3,9luzk4jm,nominal,0,1494,266,266,16,90,0.5736250842514673
Batch_3,9luzk4jm,nominal,0,1494,266,266,16,135,0.7512095599330206
Batch_3,9luzk4jm,nominal,0,1494,266,266,32,0,1.0625362895885198
Batch_3,9luzk4jm,nominal,0,1494,266,266,32,45,3.388586182775881
Batch_3,9luzk4jm,nominal,0,1494,266,266,32,90,2.361942728889307
Batch_3,9luzk4jm,nominal,0,1494,266,266,32,135,3.298739474064962
Batch_3,9luzk4jm,nominal,0,1494,266,266,64,0,11.047371554030244
Batch_3,9luzk4jm,nominal,0,1494,266,266,64,45,19.902048968412725
Batch_3,9luzk4jm,nominal,0,1494,266,266,64,90,17.998012333691904
Batch_3,9luzk4jm,nominal,0,1494,266,266,64,135,10.662745871882528
Batch_3,9luzk4jm,nominal,1,4994,266,266,16,0,1.4175322668550643
Batch_3,9luzk4jm,nominal,1,4994,266,266,16,45,1.0190873163045777
Batch_3,9luzk4jm,nominal,1,4994,266,266,16,90,1.826266725222286
Batch_3,9luzk4jm,nominal,1,4994,266,266,16,135,1.9953736644397722
Batch_3,9luzk4jm,nominal,1,4994,266,266,32,0,9.306630783114004
Batch_3,9luzk4jm,nominal,1,4994,266,266,32,45,4.931766409998443
Batch_3,9luzk4jm,nominal,1,4994,266,266,32,90,10.1351475943956
Batch_3,9luzk4jm,nominal,1,4994,266,266,32,135,11.060419776391404
Batch_3,9luzk4jm,nominal,1,4994,266,266,64,0,74.71498171299181
Batch_3,9luzk4jm,nominal,1,4994,266,266,64,45,24.28154932599328
Batch_3,9luzk4jm,nominal,1,4994,266,266,64,90,69.09589780434064
Batch_3,9luzk4jm,nominal,1,4994,266,266,64,135,70.83127674341648
Batch_3,9luzk4jm,nominal,2,1494,1310,1310,16,0,1.0041452146668197
Batch_3,9luzk4jm,nominal,2,1494,1310,1310,16,45,1.5559431575030649
Batch_3,9luzk4jm,nominal,2,1494,1310,1310,16,90,2.523059034999281
Batch_3,9luzk4jm,nominal,2,1494,1310,1310,16,135,1.2398285708521302
Batch_3,9luzk4jm,nominal,2,1494,1310,1310,32,0,4.006816138298279
Batch_3,9luzk4jm,nominal,2,1494,1310,1310,32,45,6.274929213029136
Batch_3,9luzk4jm,nominal,2,1494,1310,1310,32,90,14.758633992541522
Batch_3,9luzk4jm,nominal,2,1494,1310,1310,32,135,7.339907378518074
Batch_3,9luzk4jm,nominal,2,1494,1310,1310,64,0,17.9747601886457
Batch_3,9luzk4jm,nominal,2,1494,1310,1310,64,45,31.59424573349574
Batch_3,9luzk4jm,nominal,2,1494,1310,1310,64,90,127.85777208039616
Batch_3,9luzk4jm,nominal,2,1494,1310,1310,64,135,31.05303969743459
Batch_3,9luzk4jm,nominal,3,4994,1310,1310,16,0,1.0247309237579807
Batch_3,9luzk4jm,nominal,3,4994,1310,1310,16,45,0.8969270048238078
Batch_3,9luzk4jm,nominal,3,4994,1310,1310,16,90,0.9536378211895769
Batch_3,9luzk4jm,nominal,3,4994,1310,1310,16,135,2.3172539739860754
Batch_3,9luzk4jm,nominal,3,4994,1310,1310,32,0,5.245252114727691
Batch_3,9luzk4jm,nominal,3,4994,1310,1310,32,45,3.295196012019403
Batch_3,9luzk4jm,nominal,3,4994,1310,1310,32,90,6.361270385222735
Batch_3,9luzk4jm,nominal,3,4994,1310,1310,32,135,11.322957336800261
Batch_3,9luzk4jm,nominal,3,4994,1310,1310,64,0,16.96173492136127
Batch_3,9luzk4jm,nominal,3,4994,1310,1310,64,45,26.651279940575954
Batch_3,9luzk4jm,nominal,3,4994,1310,1310,64,90,27.59747988640879
Batch_3,9luzk4jm,nominal,3,4994,1310,1310,64,135,35.61494074165971
Batch_3,9luzk4jm,full_resolution,0,1494,266,266,16,0,1.6079661854202152
Batch_3,9luzk4jm,full_resolution,0,1494,266,266,16,45,2.100547521582308
Batch_3,9luzk4jm,full_resolution,0,1494,266,266,16,90,2.1453437336569783
Batch_3,9luzk4jm,full_resolution,0,1494,266,266,16,135,2.81967627058671
Batch_3,9luzk4jm,full_resolution,0,1494,266,266,32,0,3.881135558756648
Batch_3,9luzk4jm,full_resolution,0,1494,266,266,32,45,12.425808325318293
Batch_3,9luzk4jm,full_resolution,0,1494,266,266,32,90,8.677112500182401
Batch_3,9luzk4jm,full_resolution,0,1494,266,266,32,135,12.154585572995538
Batch_3,9luzk4jm,full_resolution,0,1494,266,266,64,0,40.28612312911917
Batch_3,9luzk4jm,full_resolution,0,1494,266,266,64,45,72.65144511378476
Batch_3,9luzk4jm,full_resolution,0,1494,266,266,64,90,65.65268497494928
Batch_3,9luzk4jm,full_resolution,0,1494,266,266,64,135,38.879331547767165
Batch_3,9luzk4jm,full_resolution,1,4994,266,266,16,0,5.197117901805424
Batch_3,9luzk4jm,full_resolution,1,4994,266,266,16,45,3.7369519396969584
Batch_3,9luzk4jm,full_resolution,1,4994,266,266,16,90,6.746931548613638
Batch_3,9luzk4jm,full_resolution,1,4994,266,266,16,135,7.364010805708112
Batch_3,9luzk4jm,full_resolution,1,4994,266,266,32,0,33.47942615815439
Batch_3,9luzk4jm,full_resolution,1,4994,266,266,32,45,17.718905129656115
Batch_3,9luzk4jm,full_resolution,1,4994,266,266,32,90,36.46054997537052
Batch_3,9luzk4jm,full_resolution,1,4994,266,266,32,135,39.805637359193135
Batch_3,9luzk4jm,full_resolution,1,4994,266,266,64,0,267.2592015800971
Batch_3,9luzk4jm,full_resolution,1,4994,266,266,64,45,86.92706072396733
Batch_3,9luzk4jm,full_resolution,1,4994,266,266,64,90,247.34316846910215
Batch_3,9luzk4jm,full_resolution,1,4994,266,266,64,135,253.49326965980748
Batch_3,9luzk4jm,full_resolution,2,1494,1310,1310,16,0,3.519684252202585
Batch_3,9luzk4jm,full_resolution,2,1494,1310,1310,16,45,5.466049188287626
Batch_3,9luzk4jm,full_resolution,2,1494,1310,1310,16,90,8.852796882361808
Batch_3,9luzk4jm,full_resolution,2,1494,1310,1310,16,135,4.329600970407094
Batch_3,9luzk4jm,full_resolution,2,1494,1310,1310,32,0,13.777014038849188
Batch_3,9luzk4jm,full_resolution,2,1494,1310,1310,32,45,21.551640374492955
Batch_3,9luzk4jm,full_resolution,2,1494,1310,1310,32,90,50.67687377624812
Batch_3,9luzk4jm,full_resolution,2,1494,1310,1310,32,135,25.166328397150725
Batch_3,9luzk4jm,full_resolution,2,1494,1310,1310,64,0,61.35321910752648
Batch_3,9luzk4jm,full_resolution,2,1494,1310,1310,64,45,107.79256351656139
Batch_3,9luzk4jm,full_resolution,2,1494,1310,1310,64,90,436.19478255517555
Batch_3,9luzk4jm,full_resolution,2,1494,1310,1310,64,135,106.02280269756864
Batch_3,9luzk4jm,full_resolution,3,4994,1310,1310,16,0,3.5096379467730663
Batch_3,9luzk4jm,full_resolution,3,4994,1310,1310,16,45,3.1038537078926605
Batch_3,9luzk4jm,full_resolution,3,4994,1310,1310,16,90,3.3049353386336118
Batch_3,9luzk4jm,full_resolution,3,4994,1310,1310,16,135,7.950812392353927
Batch_3,9luzk4jm,full_resolution,3,4994,1310,1310,32,0,17.655476419913033
Batch_3,9luzk4jm,full_resolution,3,4994,1310,1310,32,45,11.057913861983259
Batch_3,9luzk4jm,full_resolution,3,4994,1310,1310,32,90,21.353850445877715
Batch_3,9luzk4jm,full_resolution,3,4994,1310,1310,32,135,38.09297911422447
Batch_3,9luzk4jm,full_resolution,3,4994,1310,1310,64,0,56.79695015705014
Batch_3,9luzk4jm,full_resolution,3,4994,1310,1310,64,45,89.18354972573114
Batch_3,9luzk4jm,full_resolution,3,4994,1310,1310,64,90,92.41777192061377
Batch_3,9luzk4jm,full_resolution,3,4994,1310,1310,64,135,119.2719501078196
Batch_3,9luzk4jm,gamma_075,0,1494,266,266,16,0,0.44100693738704555
Batch_3,9luzk4jm,gamma_075,0,1494,266,266,16,45,0.5473775074274725
Batch_3,9luzk4jm,gamma_075,0,1494,266,266,16,90,0.6008056674547515
Batch_3,9luzk4jm,gamma_075,0,1494,266,266,16,135,0.7708504844513151
Batch_3,9luzk4jm,gamma_075,0,1494,266,266,32,0,1.0678315519702963
Batch_3,9luzk4jm,gamma_075,0,1494,266,266,32,45,3.078915350091679
Batch_3,9luzk4jm,gamma_075,0,1494,266,266,32,90,2.4017890057919833
Batch_3,9luzk4jm,gamma_075,0,1494,266,266,32,135,3.5208399493852762
Batch_3,9luzk4jm,gamma_075,0,1494,266,266,64,0,10.649575677732669
Batch_3,9luzk4jm,gamma_075,0,1494,266,266,64,45,18.39042563786864
Batch_3,9luzk4jm,gamma_075,0,1494,266,266,64,90,18.384637859374553
Batch_3,9luzk4jm,gamma_075,0,1494,266,266,64,135,10.986518435795446
Batch_3,9luzk4jm,gamma_075,1,4994,266,266,16,0,1.6014425619618553
Batch_3,9luzk4jm,gamma_075,1,4994,266,266,16,45,1.078875708118126
Batch_3,9luzk4jm,gamma_075,1,4994,266,266,16,90,1.9293532120487769
Batch_3,9luzk4jm,gamma_075,1,4994,266,266,16,135,2.100317596466881
Batch_3,9luzk4jm,gamma_075,1,4994,266,266,32,0,11.184191432189483
Batch_3,9luzk4jm,gamma_075,1,4994,266,266,32,45,5.312915765407374
Batch_3,9luzk4jm,gamma_075,1,4994,266,266,32,90,10.744312685222596
Batch_3,9luzk4jm,gamma_075,1,4994,266,266,32,135,12.178626086621223
Batch_3,9luzk4jm,gamma_075,1,4994,266,266,64,0,80.94580178445798
Batch_3,9luzk4jm,gamma_075,1,4994,266,266,64,45,23.542097158383182
Batch_3,9luzk4jm,gamma_075,1,4994,266,266,64,90,67.66300917091053
Batch_3,9luzk4jm,gamma_075,1,4994,266,266,64,135,71.88390368559244
Batch_3,9luzk4jm,gamma_075,2,1494,1310,1310,16,0,1.0313839766497568
Batch_3,9luzk4jm,gamma_075,2,1494,1310,1310,16,45,1.5589291190865837
Batch_3,9luzk4jm,gamma_075,2,1494,1310,1310,16,90,2.6253229503247275
Batch_3,9luzk4jm,gamma_075,2,1494,1310,1310,16,135,1.2799121188796565
Batch_3,9luzk4jm,gamma_075,2,1494,1310,1310,32,0,4.106929051253164
Batch_3,9luzk4jm,gamma_075,2,1494,1310,1310,32,45,6.382533570363893
Batch_3,9luzk4jm,gamma_075,2,1494,1310,1310,32,90,15.877921909083302
Batch_3,9luzk4jm,gamma_075,2,1494,1310,1310,32,135,7.79660822413137
Batch_3,9luzk4jm,gamma_075,2,1494,1310,1310,64,0,18.00569098385274
Batch_3,9luzk4jm,gamma_075,2,1494,1310,1310,64,45,33.80044863004363
Batch_3,9luzk4jm,gamma_075,2,1494,1310,1310,64,90,142.18557599469483
Batch_3,9luzk4jm,gamma_075,2,1494,1310,1310,64,135,33.2312127012973
Batch_3,9luzk4jm,gamma_075,3,4994,1310,1310,16,0,1.1991925477275482
Batch_3,9luzk4jm,gamma_075,3,4994,1310,1310,16,45,0.96259727964457
Batch_3,9luzk4jm,gamma_075,3,4994,1310,1310,16,90,1.0972267531846889
Batch_3,9luzk4jm,gamma_075,3,4994,1310,1310,16,135,2.808873343139236
Batch_3,9luzk4jm,gamma_075,3,4994,1310,1310,32,0,6.329284665456641
Batch_3,9luzk4jm,gamma_075,3,4994,1310,1310,32,45,3.541231824483967
Batch_3,9luzk4jm,gamma_075,3,4994,1310,1310,32,90,7.791677853771189
Batch_3,9luzk4jm,gamma_075,3,4994,1310,1310,32,135,14.446064031230925
Batch_3,9luzk4jm,gamma_075,3,4994,1310,1310,64,0,18.487702386139112
Batch_3,9luzk4jm,gamma_075,3,4994,1310,1310,64,45,27.36431388536257
Batch_3,9luzk4jm,gamma_075,3,4994,1310,1310,64,90,32.58240947262769
Batch_3,9luzk4jm,gamma_075,3,4994,1310,1310,64,135,44.88265765862882
Batch_3,9luzk4jm,gamma_125,0,1494,266,266,16,0,0.4023792167164186
Batch_3,9luzk4jm,gamma_125,0,1494,266,266,16,45,0.551520787678782
Batch_3,9luzk4jm,gamma_125,0,1494,266,266,16,90,0.534445502981097
Batch_3,9luzk4jm,gamma_125,0,1494,266,266,16,135,0.705142255679238
Batch_3,9luzk4jm,gamma_125,0,1494,266,266,32,0,1.0467466515163764
Batch_3,9luzk4jm,gamma_125,0,1494,266,266,32,45,3.653156941177012
Batch_3,9luzk4jm,gamma_125,0,1494,266,266,32,90,2.2947193424422623
Batch_3,9luzk4jm,gamma_125,0,1494,266,266,32,135,2.993113679365536
Batch_3,9luzk4jm,gamma_125,0,1494,266,266,64,0,11.3560029134751
Batch_3,9luzk4jm,gamma_125,0,1494,266,266,64,45,20.934262460386034
Batch_3,9luzk4jm,gamma_125,0,1494,266,266,64,90,17.54335766772807
Batch_3,9luzk4jm,gamma_125,0,1494,266,266,64,135,10.094969210954753
Batch_3,9luzk4jm,gamma_125,1,4994,266,266,16,0,1.259478844027622
Batch_3,9luzk4jm,gamma_125,1,4994,266,266,16,45,0.940386232203103
Batch_3,9luzk4jm,gamma_125,1,4994,266,266,16,90,1.6818050169687708
Batch_3,9luzk4jm,gamma_125,1,4994,266,266,16,135,1.8515862835084185
Batch_3,9luzk4jm,gamma_125,1,4994,266,266,32,0,7.7733166881966635
Batch_3,9luzk4jm,gamma_125,1,4994,266,266,32,45,4.486093938706341
Batch_3,9luzk4jm,gamma_125,1,4994,266,266,32,90,9.363897844344187
Batch_3,9luzk4jm,gamma_125,1,4994,266,266,32,135,9.961618328848871
Batch_3,9luzk4jm,gamma_125,1,4994,266,266,64,0,68.20981164044083
Batch_3,9luzk4jm,gamma_125,1,4994,266,266,64,45,24.33263914991301
Batch_3,9luzk4jm,gamma_125,1,4994,266,266,64,90,68.45322052183334
Batch_3,9luzk4jm,gamma_125,1,4994,266,266,64,135,68.90246372115716
Batch_3,9luzk4jm,gamma_125,2,1494,1310,1310,16,0,1.0043952790931872
Batch_3,9luzk4jm,gamma_125,2,1494,1310,1310,16,45,1.5878408370806378
Batch_3,9luzk4jm,gamma_125,2,1494,1310,1310,16,90,2.476260165937474
Batch_3,9luzk4jm,gamma_125,2,1494,1310,1310,16,135,1.23837673754186
Batch_3,9luzk4jm,gamma_125,2,1494,1310,1310,32,0,3.990004886953054
Batch_3,9luzk4jm,gamma_125,2,1494,1310,1310,32,45,6.26677533522891
Batch_3,9luzk4jm,gamma_125,2,1494,1310,1310,32,90,13.979961441552168
Batch_3,9luzk4jm,gamma_125,2,1494,1310,1310,32,135,7.079289062106487
Batch_3,9luzk4jm,gamma_125,2,1494,1310,1310,64,0,18.015982783173627
Batch_3,9luzk4jm,gamma_125,2,1494,1310,1310,64,45,30.08940809223818
Batch_3,9luzk4jm,gamma_125,2,1494,1310,1310,64,90,115.50104428851414
Batch_3,9luzk4jm,gamma_125,2,1494,1310,1310,64,135,29.61744187575394
Batch_3,9luzk4jm,gamma_125,3,4994,1310,1310,16,0,0.8860357315841765
Batch_3,9luzk4jm,gamma_125,3,4994,1310,1310,16,45,0.8320794073656548
Batch_3,9luzk4jm,gamma_125,3,4994,1310,1310,16,90,0.8264907054087547
Batch_3,9luzk4jm,gamma_125,3,4994,1310,1310,16,135,1.9285110910509298
Batch_3,9luzk4jm,gamma_125,3,4994,1310,1310,32,0,4.431703829960558
Batch_3,9luzk4jm,gamma_125,3,4994,1310,1310,32,45,3.1042859612565756
Batch_3,9luzk4jm,gamma_125,3,4994,1310,1310,32,90,5.237945045309888
Batch_3,9luzk4jm,gamma_125,3,4994,1310,1310,32,135,8.966529352353627
Batch_3,9luzk4jm,gamma_125,3,4994,1310,1310,64,0,15.65763486158884
Batch_3,9luzk4jm,gamma_125,3,4994,1310,1310,64,45,25.952925084950575
Batch_3,9luzk4jm,gamma_125,3,4994,1310,1310,64,90,23.53482965123893
Batch_3,9luzk4jm,gamma_125,3,4994,1310,1310,64,135,28.24050647862971
Batch_3,9luzk4jm,affine,0,1494,266,266,16,0,0.42900780572298375
Batch_3,9luzk4jm,affine,0,1494,266,266,16,45,0.5575363008375743
Batch_3,9luzk4jm,affine,0,1494,266,266,16,90,0.5736250842514674
Batch_3,9luzk4jm,affine,0,1494,266,266,16,135,0.7512095599330209
Batch_3,9luzk4jm,affine,0,1494,266,266,32,0,1.06253628958852
Batch_3,9luzk4jm,affine,0,1494,266,266,32,45,3.3885861827758816
Batch_3,9luzk4jm,affine,0,1494,266,266,32,90,2.361942728889307
Batch_3,9luzk4jm,affine,0,1494,266,266,32,135,3.2987394740649627
Batch_3,9luzk4jm,affine,0,1494,266,266,64,0,11.047371554030244
Batch_3,9luzk4jm,affine,0,1494,266,266,64,45,19.902048968412725
Batch_3,9luzk4jm,affine,0,1494,266,266,64,90,17.998012333691904
Batch_3,9luzk4jm,affine,0,1494,266,266,64,135,10.662745871882528
Batch_3,9luzk4jm,affine,1,4994,266,266,16,0,1.4175322668550643
Batch_3,9luzk4jm,affine,1,4994,266,266,16,45,1.019087316304578
Batch_3,9luzk4jm,affine,1,4994,266,266,16,90,1.8262667252222864
Batch_3,9luzk4jm,affine,1,4994,266,266,16,135,1.9953736644397728
Batch_3,9luzk4jm,affine,1,4994,266,266,32,0,9.306630783114006
Batch_3,9luzk4jm,affine,1,4994,266,266,32,45,4.931766409998444
Batch_3,9luzk4jm,affine,1,4994,266,266,32,90,10.135147594395601
Batch_3,9luzk4jm,affine,1,4994,266,266,32,135,11.060419776391406
Batch_3,9luzk4jm,affine,1,4994,266,266,64,0,74.71498171299181
Batch_3,9luzk4jm,affine,1,4994,266,266,64,45,24.281549325993282
Batch_3,9luzk4jm,affine,1,4994,266,266,64,90,69.09589780434064
Batch_3,9luzk4jm,affine,1,4994,266,266,64,135,70.8312767434165
Batch_3,9luzk4jm,affine,2,1494,1310,1310,16,0,1.00414521466682
Batch_3,9luzk4jm,affine,2,1494,1310,1310,16,45,1.5559431575030649
Batch_3,9luzk4jm,affine,2,1494,1310,1310,16,90,2.5230590349992825
Batch_3,9luzk4jm,affine,2,1494,1310,1310,16,135,1.2398285708521306
Batch_3,9luzk4jm,affine,2,1494,1310,1310,32,0,4.00681613829828
Batch_3,9luzk4jm,affine,2,1494,1310,1310,32,45,6.274929213029137
Batch_3,9luzk4jm,affine,2,1494,1310,1310,32,90,14.758633992541524
Batch_3,9luzk4jm,affine,2,1494,1310,1310,32,135,7.339907378518076
Batch_3,9luzk4jm,affine,2,1494,1310,1310,64,0,17.9747601886457
Batch_3,9luzk4jm,affine,2,1494,1310,1310,64,45,31.594245733495747
Batch_3,9luzk4jm,affine,2,1494,1310,1310,64,90,127.85777208039619
Batch_3,9luzk4jm,affine,2,1494,1310,1310,64,135,31.053039697434595
Batch_3,9luzk4jm,affine,3,4994,1310,1310,16,0,1.0247309237579807
Batch_3,9luzk4jm,affine,3,4994,1310,1310,16,45,0.8969270048238076
Batch_3,9luzk4jm,affine,3,4994,1310,1310,16,90,0.9536378211895766
Batch_3,9luzk4jm,affine,3,4994,1310,1310,16,135,2.317253973986075
Batch_3,9luzk4jm,affine,3,4994,1310,1310,32,0,5.245252114727691
Batch_3,9luzk4jm,affine,3,4994,1310,1310,32,45,3.2951960120194017
Batch_3,9luzk4jm,affine,3,4994,1310,1310,32,90,6.361270385222735
Batch_3,9luzk4jm,affine,3,4994,1310,1310,32,135,11.322957336800258
Batch_3,9luzk4jm,affine,3,4994,1310,1310,64,0,16.961734921361266
Batch_3,9luzk4jm,affine,3,4994,1310,1310,64,45,26.651279940575947
Batch_3,9luzk4jm,affine,3,4994,1310,1310,64,90,27.59747988640879
Batch_3,9luzk4jm,affine,3,4994,1310,1310,64,135,35.614940741659694
Batch_3,cfe5vt7s,nominal,0,1494,264,264,16,0,0.4204279784281216
Batch_3,cfe5vt7s,nominal,0,1494,264,264,16,45,0.8756418659466882
Batch_3,cfe5vt7s,nominal,0,1494,264,264,16,90,1.1893778806670292
Batch_3,cfe5vt7s,nominal,0,1494,264,264,16,135,0.5415872117860616
Batch_3,cfe5vt7s,nominal,0,1494,264,264,32,0,1.781961974162499
Batch_3,cfe5vt7s,nominal,0,1494,264,264,32,45,4.897387718494903
Batch_3,cfe5vt7s,nominal,0,1494,264,264,32,90,12.534008979019825
Batch_3,cfe5vt7s,nominal,0,1494,264,264,32,135,3.8066863174745067
Batch_3,cfe5vt7s,nominal,0,1494,264,264,64,0,11.605863260756827
Batch_3,cfe5vt7s,nominal,0,1494,264,264,64,45,24.843990873512652
Batch_3,cfe5vt7s,nominal,0,1494,264,264,64,90,62.18954772635468
Batch_3,cfe5vt7s,nominal,0,1494,264,264,64,135,21.997596229585255
Batch_3,cfe5vt7s,nominal,1,4994,264,264,16,0,1.186443029239831
Batch_3,cfe5vt7s,nominal,1,4994,264,264,16,45,1.4843587442381363
Batch_3,cfe5vt7s,nominal,1,4994,264,264,16,90,1.184860635875167
Batch_3,cfe5vt7s,nominal,1,4994,264,264,16,135,0.9525042466290142
Batch_3,cfe5vt7s,nominal,1,4994,264,264,32,0,6.642526530189212
Batch_3,cfe5vt7s,nominal,1,4994,264,264,32,45,11.30436574143994
Batch_3,cfe5vt7s,nominal,1,4994,264,264,32,90,10.042664933365957
Batch_3,cfe5vt7s,nominal,1,4994,264,264,32,135,4.720374175272116
Batch_3,cfe5vt7s,nominal,1,4994,264,264,64,0,53.61110065135712
Batch_3,cfe5vt7s,nominal,1,4994,264,264,64,45,104.86106188669832
Batch_3,cfe5vt7s,nominal,1,4994,264,264,64,90,63.395871631403594
Batch_3,cfe5vt7s,nominal,1,4994,264,264,64,135,28.79548916713272
Batch_3,cfe5vt7s,nominal,2,1494,1304,1304,16,0,0.6658563047505003
Batch_3,cfe5vt7s,nominal,2,1494,1304,1304,16,45,0.8450312738619914
Batch_3,cfe5vt7s,nominal,2,1494,1304,1304,16,90,1.3159731768890768
Batch_3,cfe5vt7s,nominal,2,1494,1304,1304,16,135,0.7087300539948279
Batch_3,cfe5vt7s,nominal,2,1494,1304,1304,32,0,6.463139011033211
Batch_3,cfe5vt7s,nominal,2,1494,1304,1304,32,45,4.944484381036464
Batch_3,cfe5vt7s,nominal,2,1494,1304,1304,32,90,7.046375159976562
Batch_3,cfe5vt7s,nominal,2,1494,1304,1304,32,135,3.250143144151954
Batch_3,cfe5vt7s,nominal,2,1494,1304,1304,64,0,41.69190989610293
Batch_3,cfe5vt7s,nominal,2,1494,1304,1304,64,45,27.995113681392954
Batch_3,cfe5vt7s,nominal,2,1494,1304,1304,64,90,39.9618080506762
Batch_3,cfe5vt7s,nominal,2,1494,1304,1304,64,135,14.293009498343636
Batch_3,cfe5vt7s,nominal,3,4994,1304,1304,16,0,1.015152993159977
Batch_3,cfe5vt7s,nominal,3,4994,1304,1304,16,45,0.7948527558730696
Batch_3,cfe5vt7s,nominal,3,4994,1304,1304,16,90,0.5097025976809378
Batch_3,cfe5vt7s,nominal,3,4994,1304,1304,16,135,0.9934169072317942
Batch_3,cfe5vt7s,nominal,3,4994,1304,1304,32,0,4.440945745680076
Batch_3,cfe5vt7s,nominal,3,4994,1304,1304,32,45,5.353352673505745
Batch_3,cfe5vt7s,nominal,3,4994,1304,1304,32,90,3.817105787761166
Batch_3,cfe5vt7s,nominal,3,4994,1304,1304,32,135,7.189230630016916
Batch_3,cfe5vt7s,nominal,3,4994,1304,1304,64,0,21.628516173814745
Batch_3,cfe5vt7s,nominal,3,4994,1304,1304,64,45,26.578840470479435
Batch_3,cfe5vt7s,nominal,3,4994,1304,1304,64,90,23.254872107183605
Batch_3,cfe5vt7s,nominal,3,4994,1304,1304,64,135,29.337521308823806
Batch_3,cfe5vt7s,full_resolution,0,1494,264,264,16,0,1.5385990413818131
Batch_3,cfe5vt7s,full_resolution,0,1494,264,264,16,45,3.224025647403708
Batch_3,cfe5vt7s,full_resolution,0,1494,264,264,16,90,4.35214413488828
Batch_3,cfe5vt7s,full_resolution,0,1494,264,264,16,135,1.9992859078391279
Batch_3,cfe5vt7s,full_resolution,0,1494,264,264,32,0,6.418846114951363
Batch_3,cfe5vt7s,full_resolution,0,1494,264,264,32,45,17.634397129731898
Batch_3,cfe5vt7s,full_resolution,0,1494,264,264,32,90,45.06763599434883
Batch_3,cfe5vt7s,full_resolution,0,1494,264,264,32,135,13.691217420619166
Batch_3,cfe5vt7s,full_resolution,0,1494,264,264,64,0,41.51621335137448
Batch_3,cfe5vt7s,full_resolution,0,1494,264,264,64,45,88.74314141072372
Batch_3,cfe5vt7s,full_resolution,0,1494,264,264,64,90,222.33155808995795
Batch_3,cfe5vt7s,full_resolution,0,1494,264,264,64,135,78.6372812638627
Batch_3,cfe5vt7s,full_resolution,1,4994,264,264,16,0,4.097458069845362
Batch_3,cfe5vt7s,full_resolution,1,4994,264,264,16,45,5.093080879868702
Batch_3,cfe5vt7s,full_resolution,1,4994,264,264,16,90,4.058764414252785
Batch_3,cfe5vt7s,full_resolution,1,4994,264,264,16,135,3.3035677998825883
Batch_3,cfe5vt7s,full_resolution,1,4994,264,264,32,0,22.42654022314785
Batch_3,cfe5vt7s,full_resolution,1,4994,264,264,32,45,38.11621243150263
Batch_3,cfe5vt7s,full_resolution,1,4994,264,264,32,90,33.86797824988002
Batch_3,cfe5vt7s,full_resolution,1,4994,264,264,32,135,15.95781971106664
Batch_3,cfe5vt7s,full_resolution,1,4994,264,264,64,0,179.8782729842126
Batch_3,cfe5vt7s,full_resolution,1,4994,264,264,64,45,352.0520462573338
Batch_3,cfe5vt7s,full_resolution,1,4994,264,264,64,90,212.8550123005973
Batch_3,cfe5vt7s,full_resolution,1,4994,264,264,64,135,96.69209488513965
Batch_3,cfe5vt7s,full_resolution,2,1494,1304,1304,16,0,2.345229637889203
Batch_3,cfe5vt7s,full_resolution,2,1494,1304,1304,16,45,2.962283160300309
Batch_3,cfe5vt7s,full_resolution,2,1494,1304,1304,16,90,4.607485302450936
Batch_3,cfe5vt7s,full_resolution,2,1494,1304,1304,16,135,2.4738100984939204
Batch_3,cfe5vt7s,full_resolution,2,1494,1304,1304,32,0,22.17638079340156
Batch_3,cfe5vt7s,full_resolution,2,1494,1304,1304,32,45,16.934845912729184
Batch_3,cfe5vt7s,full_resolution,2,1494,1304,1304,32,90,24.245178885349034
Batch_3,cfe5vt7s,full_resolution,2,1494,1304,1304,32,135,11.143017831052534
Batch_3,cfe5vt7s,full_resolution,2,1494,1304,1304,64,0,142.5262035332055
Batch_3,cfe5vt7s,full_resolution,2,1494,1304,1304,64,45,95.73537959183294
Batch_3,cfe5vt7s,full_resolution,2,1494,1304,1304,64,90,136.71551547196444
Batch_3,cfe5vt7s,full_resolution,2,1494,1304,1304,64,135,48.889986204783334
Batch_3,cfe5vt7s,full_resolution,3,4994,1304,1304,16,0,3.691164801140177
Batch_3,cfe5vt7s,full_resolution,3,4994,1304,1304,16,45,2.8873848839171163
Batch_3,cfe5vt7s,full_resolution,3,4994,1304,1304,16,90,1.8360794614777032
Batch_3,cfe5vt7s,full_resolution,3,4994,1304,1304,16,135,3.604574591411171
Batch_3,cfe5vt7s,full_resolution,3,4994,1304,1304,32,0,15.733151180614453
Batch_3,cfe5vt7s,full_resolution,3,4994,1304,1304,32,45,19.010428925564394
Batch_3,cfe5vt7s,full_resolution,3,4994,1304,1304,32,90,13.508897439893644
Batch_3,cfe5vt7s,full_resolution,3,4994,1304,1304,32,135,25.466814736087063
Batch_3,cfe5vt7s,full_resolution,3,4994,1304,1304,64,0,76.28746570686494
Batch_3,cfe5vt7s,full_resolution,3,4994,1304,1304,64,45,93.76662493716032
Batch_3,cfe5vt7s,full_resolution,3,4994,1304,1304,64,90,82.03129836233698
Batch_3,cfe5vt7s,full_resolution,3,4994,1304,1304,64,135,103.50650266738207
Batch_3,cfe5vt7s,gamma_075,0,1494,264,264,16,0,0.4540510298559196
Batch_3,cfe5vt7s,gamma_075,0,1494,264,264,16,45,0.8721924835435663
Batch_3,cfe5vt7s,gamma_075,0,1494,264,264,16,90,1.3845306149519623
Batch_3,cfe5vt7s,gamma_075,0,1494,264,264,16,135,0.5957933705210604
Batch_3,cfe5vt7s,gamma_075,0,1494,264,264,32,0,1.9146778839664034
Batch_3,cfe5vt7s,gamma_075,0,1494,264,264,32,45,4.717245261003426
Batch_3,cfe5vt7s,gamma_075,0,1494,264,264,32,90,14.752990541990902
Batch_3,cfe5vt7s,gamma_075,0,1494,264,264,32,135,4.552390492599287
Batch_3,cfe5vt7s,gamma_075,0,1494,264,264,64,0,12.036715786327854
Batch_3,cfe5vt7s,gamma_075,0,1494,264,264,64,45,23.8151449632385
Batch_3,cfe5vt7s,gamma_075,0,1494,264,264,64,90,69.17213510401092
Batch_3,cfe5vt7s,gamma_075,0,1494,264,264,64,135,24.289853079508063
Batch_3,cfe5vt7s,gamma_075,1,4994,264,264,16,0,1.1611650378525276
Batch_3,cfe5vt7s,gamma_075,1,4994,264,264,16,45,1.4994266907821086
Batch_3,cfe5vt7s,gamma_075,1,4994,264,264,16,90,1.1394107802339888
Batch_3,cfe5vt7s,gamma_075,1,4994,264,264,16,135,0.9555121665819896
Batch_3,cfe5vt7s,gamma_075,1,4994,264,264,32,0,7.338309586794043
Batch_3,cfe5vt7s,gamma_075,1,4994,264,264,32,45,11.589042575591009
Batch_3,cfe5vt7s,gamma_075,1,4994,264,264,32,90,10.002009767917853
Batch_3,cfe5vt7s,gamma_075,1,4994,264,264,32,135,4.853104273936403
Batch_3,cfe5vt7s,gamma_075,1,4994,264,264,64,0,59.09819632730329
Batch_3,cfe5vt7s,gamma_075,1,4994,264,264,64,45,101.422694719585
Batch_3,cfe5vt7s,gamma_075,1,4994,264,264,64,90,62.86356838981772
Batch_3,cfe5vt7s,gamma_075,1,4994,264,264,64,135,33.14781136610602
Batch_3,cfe5vt7s,gamma_075,2,1494,1304,1304,16,0,0.7230619475039067
Batch_3,cfe5vt7s,gamma_075,2,1494,1304,1304,16,45,0.9284774823563798
Batch_3,cfe5vt7s,gamma_075,2,1494,1304,1304,16,90,1.469975287046503
Batch_3,cfe5vt7s,gamma_075,2,1494,1304,1304,16,135,0.7522854278775132
Batch_3,cfe5vt7s,gamma_075,2,1494,1304,1304,32,0,6.584736604173497
Batch_3,cfe5vt7s,gamma_075,2,1494,1304,1304,32,45,5.19416275330775
Batch_3,cfe5vt7s,gamma_075,2,1494,1304,1304,32,90,7.802722807893977
Batch_3,cfe5vt7s,gamma_075,2,1494,1304,1304,32,135,3.4517731322648832
Batch_3,cfe5vt7s,gamma_075,2,1494,1304,1304,64,0,38.75553371866872
Batch_3,cfe5vt7s,gamma_075,2,1494,1304,1304,64,45,30.676562067622985
Batch_3,cfe5vt7s,gamma_075,2,1494,1304,1304,64,90,41.373564541295984
Batch_3,cfe5vt7s,gamma_075,2,1494,1304,1304,64,135,14.040521463840372
Batch_3,cfe5vt7s,gamma_075,3,4994,1304,1304,16,0,1.2228413330681165
Batch_3,cfe5vt7s,gamma_075,3,4994,1304,1304,16,45,1.0634074585994455
Batch_3,cfe5vt7s,gamma_075,3,4994,1304,1304,16,90,0.6234933516731268
Batch_3,cfe5vt7s,gamma_075,3,4994,1304,1304,16,135,1.2938583253811715
Batch_3,cfe5vt7s,gamma_075,3,4994,1304,1304,32,0,5.028734901252038
Batch_3,cfe5vt7s,gamma_075,3,4994,1304,1304,32,45,7.697182666895426
Batch_3,cfe5vt7s,gamma_075,3,4994,1304,1304,32,90,4.787697048994871
Batch_3,cfe5vt7s,gamma_075,3,4994,1304,1304,32,135,9.392334020219804
Batch_3,cfe5vt7s,gamma_075,3,4994,1304,1304,64,0,21.401151155800697
Batch_3,cfe5vt7s,gamma_075,3,4994,1304,1304,64,45,36.56057657774682
Batch_3,cfe5vt7s,gamma_075,3,4994,1304,1304,64,90,26.73202788477059
Batch_3,cfe5vt7s,gamma_075,3,4994,1304,1304,64,135,35.845772581558066
Batch_3,cfe5vt7s,gamma_125,0,1494,264,264,16,0,0.3910109581434723
Batch_3,cfe5vt7s,gamma_125,0,1494,264,264,16,45,0.8665408545985153
Batch_3,cfe5vt7s,gamma_125,0,1494,264,264,16,90,1.054967917294488
Batch_3,cfe5vt7s,gamma_125,0,1494,264,264,16,135,0.5057345450155313
Batch_3,cfe5vt7s,gamma_125,0,1494,264,264,32,0,1.6910166909735027
Batch_3,cfe5vt7s,gamma_125,0,1494,264,264,32,45,4.964187789308421
Batch_3,cfe5vt7s,gamma_125,0,1494,264,264,32,90,10.91108522231601
Batch_3,cfe5vt7s,gamma_125,0,1494,264,264,32,135,3.3678707059473605
Batch_3,cfe5vt7s,gamma_125,0,1494,264,264,64,0,11.382720646276326
Batch_3,cfe5vt7s,gamma_125,0,1494,264,264,64,45,25.81270887646338
Batch_3,cfe5vt7s,gamma_125,0,1494,264,264,64,90,56.86260106877855
Batch_3,cfe5vt7s,gamma_125,0,1494,264,264,64,135,20.523202759065153
Batch_3,cfe5vt7s,gamma_125,1,4994,264,264,16,0,1.182133918801855
Batch_3,cfe5vt7s,gamma_125,1,4994,264,264,16,45,1.4666370469325958
Batch_3,cfe5vt7s,gamma_125,1,4994,264,264,16,90,1.2452575521108513
Batch_3,cfe5vt7s,gamma_125,1,4994,264,264,16,135,0.9290052509821227
Batch_3,cfe5vt7s,gamma_125,1,4994,264,264,32,0,6.1154549935652405
Batch_3,cfe5vt7s,gamma_125,1,4994,264,264,32,45,11.189226513937065
Batch_3,cfe5vt7s,gamma_125,1,4994,264,264,32,90,10.109789518675678
Batch_3,cfe5vt7s,gamma_125,1,4994,264,264,32,135,4.49364523975084
Batch_3,cfe5vt7s,gamma_125,1,4994,264,264,64,0,48.6833074691615
Batch_3,cfe5vt7s,gamma_125,1,4994,264,264,64,45,106.71560026578351
Batch_3,cfe5vt7s,gamma_125,1,4994,264,264,64,90,64.03266368422241
Batch_3,cfe5vt7s,gamma_125,1,4994,264,264,64,135,25.23848747957189
Batch_3,cfe5vt7s,gamma_125,2,1494,1304,1304,16,0,0.6058342857491471
Batch_3,cfe5vt7s,gamma_125,2,1494,1304,1304,16,45,0.7619377625290019
Batch_3,cfe5vt7s,gamma_125,2,1494,1304,1304,16,90,1.1617635150379566
Batch_3,cfe5vt7s,gamma_125,2,1494,1304,1304,16,135,0.662155900410039
Batch_3,cfe5vt7s,gamma_125,2,1494,1304,1304,32,0,6.199297443775992
Batch_3,cfe5vt7s,gamma_125,2,1494,1304,1304,32,45,4.631174708190774
Batch_3,cfe5vt7s,gamma_125,2,1494,1304,1304,32,90,6.27780239813542
Batch_3,cfe5vt7s,gamma_125,2,1494,1304,1304,32,135,3.027964030880745
Batch_3,cfe5vt7s,gamma_125,2,1494,1304,1304,64,0,43.25527471793203
Batch_3,cfe5vt7s,gamma_125,2,1494,1304,1304,64,45,25.45500202925266
Batch_3,cfe5vt7s,gamma_125,2,1494,1304,1304,64,90,37.63469221684312
Batch_3,cfe5vt7s,gamma_125,2,1494,1304,1304,64,135,14.294154845252297
Batch_3,cfe5vt7s,gamma_125,3,4994,1304,1304,16,0,0.8599860182006753
Batch_3,cfe5vt7s,gamma_125,3,4994,1304,1304,16,45,0.6088248710726766
Batch_3,cfe5vt7s,gamma_125,3,4994,1304,1304,16,90,0.42784500859053415
Batch_3,cfe5vt7s,gamma_125,3,4994,1304,1304,16,135,0.7922915826141881
Batch_3,cfe5vt7s,gamma_125,3,4994,1304,1304,32,0,4.0279899607615866
Batch_3,cfe5vt7s,gamma_125,3,4994,1304,1304,32,45,3.7961049602846426
Batch_3,cfe5vt7s,gamma_125,3,4994,1304,1304,32,90,3.1090972694313455
Batch_3,cfe5vt7s,gamma_125,3,4994,1304,1304,32,135,5.671826873185758
Batch_3,cfe5vt7s,gamma_125,3,4994,1304,1304,64,0,21.958000311196916
Batch_3,cfe5vt7s,gamma_125,3,4994,1304,1304,64,45,19.61712108659433
Batch_3,cfe5vt7s,gamma_125,3,4994,1304,1304,64,90,20.49014772215339
Batch_3,cfe5vt7s,gamma_125,3,4994,1304,1304,64,135,24.70693478857775
Batch_3,cfe5vt7s,affine,0,1494,264,264,16,0,0.4204279784281216
Batch_3,cfe5vt7s,affine,0,1494,264,264,16,45,0.8756418659466882
Batch_3,cfe5vt7s,affine,0,1494,264,264,16,90,1.1893778806670294
Batch_3,cfe5vt7s,affine,0,1494,264,264,16,135,0.5415872117860617
Batch_3,cfe5vt7s,affine,0,1494,264,264,32,0,1.781961974162499
Batch_3,cfe5vt7s,affine,0,1494,264,264,32,45,4.897387718494903
Batch_3,cfe5vt7s,affine,0,1494,264,264,32,90,12.534008979019825
Batch_3,cfe5vt7s,affine,0,1494,264,264,32,135,3.8066863174745063
Batch_3,cfe5vt7s,affine,0,1494,264,264,64,0,11.605863260756827
Batch_3,cfe5vt7s,affine,0,1494,264,264,64,45,24.843990873512656
Batch_3,cfe5vt7s,affine,0,1494,264,264,64,90,62.18954772635468
Batch_3,cfe5vt7s,affine,0,1494,264,264,64,135,21.997596229585252
Batch_3,cfe5vt7s,affine,1,4994,264,264,16,0,1.186443029239831
Batch_3,cfe5vt7s,affine,1,4994,264,264,16,45,1.4843587442381363
Batch_3,cfe5vt7s,affine,1,4994,264,264,16,90,1.184860635875167
Batch_3,cfe5vt7s,affine,1,4994,264,264,16,135,0.9525042466290142
Batch_3,cfe5vt7s,affine,1,4994,264,264,32,0,6.642526530189212
Batch_3,cfe5vt7s,affine,1,4994,264,264,32,45,11.30436574143994
Batch_3,cfe5vt7s,affine,1,4994,264,264,32,90,10.042664933365957
Batch_3,cfe5vt7s,affine,1,4994,264,264,32,135,4.720374175272116
Batch_3,cfe5vt7s,affine,1,4994,264,264,64,0,53.61110065135712
Batch_3,cfe5vt7s,affine,1,4994,264,264,64,45,104.86106188669834
Batch_3,cfe5vt7s,affine,1,4994,264,264,64,90,63.39587163140361
Batch_3,cfe5vt7s,affine,1,4994,264,264,64,135,28.79548916713273
Batch_3,cfe5vt7s,affine,2,1494,1304,1304,16,0,0.6658563047505004
Batch_3,cfe5vt7s,affine,2,1494,1304,1304,16,45,0.8450312738619915
Batch_3,cfe5vt7s,affine,2,1494,1304,1304,16,90,1.3159731768890766
Batch_3,cfe5vt7s,affine,2,1494,1304,1304,16,135,0.7087300539948282
Batch_3,cfe5vt7s,affine,2,1494,1304,1304,32,0,6.463139011033212
Batch_3,cfe5vt7s,affine,2,1494,1304,1304,32,45,4.944484381036464
Batch_3,cfe5vt7s,affine,2,1494,1304,1304,32,90,7.046375159976565
Batch_3,cfe5vt7s,affine,2,1494,1304,1304,32,135,3.250143144151954
Batch_3,cfe5vt7s,affine,2,1494,1304,1304,64,0,41.691909896102935
Batch_3,cfe5vt7s,affine,2,1494,1304,1304,64,45,27.995113681392958
Batch_3,cfe5vt7s,affine,2,1494,1304,1304,64,90,39.96180805067622
Batch_3,cfe5vt7s,affine,2,1494,1304,1304,64,135,14.293009498343638
Batch_3,cfe5vt7s,affine,3,4994,1304,1304,16,0,1.0151529931599772
Batch_3,cfe5vt7s,affine,3,4994,1304,1304,16,45,0.79485275587307
Batch_3,cfe5vt7s,affine,3,4994,1304,1304,16,90,0.509702597680938
Batch_3,cfe5vt7s,affine,3,4994,1304,1304,16,135,0.9934169072317945
Batch_3,cfe5vt7s,affine,3,4994,1304,1304,32,0,4.440945745680079
Batch_3,cfe5vt7s,affine,3,4994,1304,1304,32,45,5.3533526735057455
Batch_3,cfe5vt7s,affine,3,4994,1304,1304,32,90,3.817105787761167
Batch_3,cfe5vt7s,affine,3,4994,1304,1304,32,135,7.189230630016919
Batch_3,cfe5vt7s,affine,3,4994,1304,1304,64,0,21.62851617381476
Batch_3,cfe5vt7s,affine,3,4994,1304,1304,64,45,26.578840470479445
Batch_3,cfe5vt7s,affine,3,4994,1304,1304,64,90,23.254872107183616
Batch_3,cfe5vt7s,affine,3,4994,1304,1304,64,135,29.337521308823824
Batch_3,hawkfj64,nominal,0,1494,220,220,16,0,0.6965007093402413
Batch_3,hawkfj64,nominal,0,1494,220,220,16,45,1.7885874360891736
Batch_3,hawkfj64,nominal,0,1494,220,220,16,90,1.8562600852879607
Batch_3,hawkfj64,nominal,0,1494,220,220,16,135,0.7566777344009032
Batch_3,hawkfj64,nominal,0,1494,220,220,32,0,1.896674398826692
Batch_3,hawkfj64,nominal,0,1494,220,220,32,45,7.484706828500431
Batch_3,hawkfj64,nominal,0,1494,220,220,32,90,10.5161115016481
Batch_3,hawkfj64,nominal,0,1494,220,220,32,135,2.9196525716244213
Batch_3,hawkfj64,nominal,0,1494,220,220,64,0,6.37480577953311
Batch_3,hawkfj64,nominal,0,1494,220,220,64,45,25.978415132508484
Batch_3,hawkfj64,nominal,0,1494,220,220,64,90,71.06470939726219
Batch_3,hawkfj64,nominal,0,1494,220,220,64,135,17.35146535907576
Batch_3,hawkfj64,nominal,1,4994,220,220,16,0,1.0996304616112038
Batch_3,hawkfj64,nominal,1,4994,220,220,16,45,1.1232318248814908
Batch_3,hawkfj64,nominal,1,4994,220,220,16,90,1.4727351025101236
Batch_3,hawkfj64,nominal,1,4994,220,220,16,135,1.9222419184835398
Batch_3,hawkfj64,nominal,1,4994,220,220,32,0,5.950843403286808
Batch_3,hawkfj64,nominal,1,4994,220,220,32,45,6.30823797225585
Batch_3,hawkfj64,nominal,1,4994,220,220,32,90,10.175139488993139
Batch_3,hawkfj64,nominal,1,4994,220,220,32,135,10.376239735351266
Batch_3,hawkfj64,nominal,1,4994,220,220,64,0,38.608805095227964
Batch_3,hawkfj64,nominal,1,4994,220,220,64,45,42.33889899688052
Batch_3,hawkfj64,nominal,1,4994,220,220,64,90,48.27380128444591
Batch_3,hawkfj64,nominal,1,4994,220,220,64,135,28.361968979890563
Batch_3,hawkfj64,nominal,2,1494,1172,1172,16,0,1.8785298770044037
Batch_3,hawkfj64,nominal,2,1494,1172,1172,16,45,1.4836753326423482
Batch_3,hawkfj64,nominal,2,1494,1172,1172,16,90,1.428951628492926
Batch_3,hawkfj64,nominal,2,1494,1172,1172,16,135,1.9877242862841604
Batch_3,hawkfj64,nominal,2,1494,1172,1172,32,0,8.938043560965491
Batch_3,hawkfj64,nominal,2,1494,1172,1172,32,45,7.370763766774779
Batch_3,hawkfj64,nominal,2,1494,1172,1172,32,90,9.95469453643909
Batch_3,hawkfj64,nominal,2,1494,1172,1172,32,135,10.426766022040313
Batch_3,hawkfj64,nominal,2,1494,1172,1172,64,0,44.46407019447389
Batch_3,hawkfj64,nominal,2,1494,1172,1172,64,45,35.35657498380371
Batch_3,hawkfj64,nominal,2,1494,1172,1172,64,90,76.02978263868428
Batch_3,hawkfj64,nominal,2,1494,1172,1172,64,135,112.72121040428905
Batch_3,hawkfj64,nominal,3,4994,1172,1172,16,0,0.8960398253811088
Batch_3,hawkfj64,nominal,3,4994,1172,1172,16,45,1.7739535157909714
Batch_3,hawkfj64,nominal,3,4994,1172,1172,16,90,1.478995903494189
Batch_3,hawkfj64,nominal,3,4994,1172,1172,16,135,0.8081286807127122
Batch_3,hawkfj64,nominal,3,4994,1172,1172,32,0,5.584674821435178
Batch_3,hawkfj64,nominal,3,4994,1172,1172,32,45,9.92490920938822
Batch_3,hawkfj64,nominal,3,4994,1172,1172,32,90,8.721424122245784
Batch_3,hawkfj64,nominal,3,4994,1172,1172,32,135,7.038900886984816
Batch_3,hawkfj64,nominal,3,4994,1172,1172,64,0,34.38819460872005
Batch_3,hawkfj64,nominal,3,4994,1172,1172,64,45,42.360671952321965
Batch_3,hawkfj64,nominal,3,4994,1172,1172,64,90,52.02122665673009
Batch_3,hawkfj64,nominal,3,4994,1172,1172,64,135,44.99599239608705
Batch_3,hawkfj64,full_resolution,0,1494,220,220,16,0,2.1132886011691916
Batch_3,hawkfj64,full_resolution,0,1494,220,220,16,45,5.381126966851534
Batch_3,hawkfj64,full_resolution,0,1494,220,220,16,90,5.572034745003154
Batch_3,hawkfj64,full_resolution,0,1494,220,220,16,135,2.2713923855355755
Batch_3,hawkfj64,full_resolution,0,1494,220,220,32,0,5.553665585643634
Batch_3,hawkfj64,full_resolution,0,1494,220,220,32,45,22.102355572596903
Batch_3,hawkfj64,full_resolution,0,1494,220,220,32,90,30.916664470706152
Batch_3,hawkfj64,full_resolution,0,1494,220,220,32,135,8.618664914465334
Batch_3,hawkfj64,full_resolution,0,1494,220,220,64,0,18.679990234385603
Batch_3,hawkfj64,full_resolution,0,1494,220,220,64,45,75.94454755516666
Batch_3,hawkfj64,full_resolution,0,1494,220,220,64,90,207.78300046962238
Batch_3,hawkfj64,full_resolution,0,1494,220,220,64,135,50.76621709375925
Batch_3,hawkfj64,full_resolution,1,4994,220,220,16,0,3.7814511733941805
Batch_3,hawkfj64,full_resolution,1,4994,220,220,16,45,3.84131519628894
Batch_3,hawkfj64,full_resolution,1,4994,220,220,16,90,5.014872342925323
Batch_3,hawkfj64,full_resolution,1,4994,220,220,16,135,6.569749362018676
Batch_3,hawkfj64,full_resolution,1,4994,220,220,32,0,19.874209719164277
Batch_3,hawkfj64,full_resolution,1,4994,220,220,32,45,21.12473201769778
Batch_3,hawkfj64,full_resolution,1,4994,220,220,32,90,33.96067828505976
Batch_3,hawkfj64,full_resolution,1,4994,220,220,32,135,34.8049390818489
Batch_3,hawkfj64,full_resolution,1,4994,220,220,64,0,128.49548687738243
Batch_3,hawkfj64,full_resolution,1,4994,220,220,64,45,140.93834685184154
Batch_3,hawkfj64,full_resolution,1,4994,220,220,64,90,160.62359677470286
Batch_3,hawkfj64,full_resolution,1,4994,220,220,64,135,94.30235956067376
Batch_3,hawkfj64,full_resolution,2,1494,1172,1172,16,0,5.792281263660081
Batch_3,hawkfj64,full_resolution,2,1494,1172,1172,16,45,4.585504956761739
Batch_3,hawkfj64,full_resolution,2,1494,1172,1172,16,90,4.402903516122801
Batch_3,hawkfj64,full_resolution,2,1494,1172,1172,16,135,6.16646808737733
Batch_3,hawkfj64,full_resolution,2,1494,1172,1172,32,0,27.096957957050062
Batch_3,hawkfj64,full_resolution,2,1494,1172,1172,32,45,22.342628372244008
Batch_3,hawkfj64,full_resolution,2,1494,1172,1172,32,90,30.206295849784784
Batch_3,hawkfj64,full_resolution,2,1494,1172,1172,32,135,31.64490590067422
Batch_3,hawkfj64,full_resolution,2,1494,1172,1172,64,0,134.23307719736255
Batch_3,hawkfj64,full_resolution,2,1494,1172,1172,64,45,106.55779021014803
Batch_3,hawkfj64,full_resolution,2,1494,1172,1172,64,90,229.4463784169474
Batch_3,hawkfj64,full_resolution,2,1494,1172,1172,64,135,340.3511928483767
Batch_3,hawkfj64,full_resolution,3,4994,1172,1172,16,0,3.150758577997741
Batch_3,hawkfj64,full_resolution,3,4994,1172,1172,16,45,6.253659654106151
Batch_3,hawkfj64,full_resolution,3,4994,1172,1172,16,90,5.217358203839179
Batch_3,hawkfj64,full_resolution,3,4994,1172,1172,16,135,2.836082762365812
Batch_3,hawkfj64,full_resolution,3,4994,1172,1172,32,0,19.290781544238936
Batch_3,hawkfj64,full_resolution,3,4994,1172,1172,32,45,34.326966505806766
Batch_3,hawkfj64,full_resolution,3,4994,1172,1172,32,90,30.160757959954232
Batch_3,hawkfj64,full_resolution,3,4994,1172,1172,32,135,24.305315108599054
Batch_3,hawkfj64,full_resolution,3,4994,1172,1172,64,0,118.17490150119939
Batch_3,hawkfj64,full_resolution,3,4994,1172,1172,64,45,145.6240600686574
Batch_3,hawkfj64,full_resolution,3,4994,1172,1172,64,90,178.6882339014727
Batch_3,hawkfj64,full_resolution,3,4994,1172,1172,64,135,154.60179918877205
Batch_3,hawkfj64,gamma_075,0,1494,220,220,16,0,0.6214033725601957
Batch_3,hawkfj64,gamma_075,0,1494,220,220,16,45,1.5792599021721694
Batch_3,hawkfj64,gamma_075,0,1494,220,220,16,90,1.8112749188953947
Batch_3,hawkfj64,gamma_075,0,1494,220,220,16,135,0.7193862175660146
Batch_3,hawkfj64,gamma_075,0,1494,220,220,32,0,1.7347577333647066
Batch_3,hawkfj64,gamma_075,0,1494,220,220,32,45,7.051868553859871
Batch_3,hawkfj64,gamma_075,0,1494,220,220,32,90,11.15968129033375
Batch_3,hawkfj64,gamma_075,0,1494,220,220,32,135,3.074547453215648
Batch_3,hawkfj64,gamma_075,0,1494,220,220,64,0,6.253118947909774
Batch_3,hawkfj64,gamma_075,0,1494,220,220,64,45,25.01629756870935
Batch_3,hawkfj64,gamma_075,0,1494,220,220,64,90,73.48547810871561
Batch_3,hawkfj64,gamma_075,0,1494,220,220,64,135,18.731431528823965
Batch_3,hawkfj64,gamma_075,1,4994,220,220,16,0,1.1323247236207434
Batch_3,hawkfj64,gamma_075,1,4994,220,220,16,45,1.1371399011070626
Batch_3,hawkfj64,gamma_075,1,4994,220,220,16,90,1.6474354626573273
Batch_3,hawkfj64,gamma_075,1,4994,220,220,16,135,2.0256988949279897
Batch_3,hawkfj64,gamma_075,1,4994,220,220,32,0,6.617371553365818
Batch_3,hawkfj64,gamma_075,1,4994,220,220,32,45,6.746145810983689
Batch_3,hawkfj64,gamma_075,1,4994,220,220,32,90,11.488025317460352
Batch_3,hawkfj64,gamma_075,1,4994,220,220,32,135,11.462313923583087
Batch_3,hawkfj64,gamma_075,1,4994,220,220,64,0,40.330532841322245
Batch_3,hawkfj64,gamma_075,1,4994,220,220,64,45,43.97166012287192
Batch_3,hawkfj64,gamma_075,1,4994,220,220,64,90,54.77830182868977
Batch_3,hawkfj64,gamma_075,1,4994,220,220,64,135,32.61467924176404
Batch_3,hawkfj64,gamma_075,2,1494,1172,1172,16,0,1.702769227608287
Batch_3,hawkfj64,gamma_075,2,1494,1172,1172,16,45,1.3333788456608053
Batch_3,hawkfj64,gamma_075,2,1494,1172,1172,16,90,1.3000962052129512
Batch_3,hawkfj64,gamma_075,2,1494,1172,1172,16,135,1.8305808873075518
Batch_3,hawkfj64,gamma_075,2,1494,1172,1172,32,0,8.381979643126913
Batch_3,hawkfj64,gamma_075,2,1494,1172,1172,32,45,6.707208583266069
Batch_3,hawkfj64,gamma_075,2,1494,1172,1172,32,90,9.028994852802146
Batch_3,hawkfj64,gamma_075,2,1494,1172,1172,32,135,9.94868911002084
Batch_3,hawkfj64,gamma_075,2,1494,1172,1172,64,0,43.071673819104845
Batch_3,hawkfj64,gamma_075,2,1494,1172,1172,64,45,34.514556029615285
Batch_3,hawkfj64,gamma_075,2,1494,1172,1172,64,90,70.94326464926935
Batch_3,hawkfj64,gamma_075,2,1494,1172,1172,64,135,111.39560983826081
Batch_3,hawkfj64,gamma_075,3,4994,1172,1172,16,0,0.8988918262318393
Batch_3,hawkfj64,gamma_075,3,4994,1172,1172,16,45,1.696950566200707
Batch_3,hawkfj64,gamma_075,3,4994,1172,1172,16,90,1.6934328558400231
Batch_3,hawkfj64,gamma_075,3,4994,1172,1172,16,135,0.8840063038694528
Batch_3,hawkfj64,gamma_075,3,4994,1172,1172,32,0,5.377063457477792
Batch_3,hawkfj64,gamma_075,3,4994,1172,1172,32,45,9.317217402772519
Batch_3,hawkfj64,gamma_075,3,4994,1172,1172,32,90,10.849953500853232
Batch_3,hawkfj64,gamma_075,3,4994,1172,1172,32,135,7.560721091050176
Batch_3,hawkfj64,gamma_075,3,4994,1172,1172,64,0,32.622364952487644
Batch_3,hawkfj64,gamma_075,3,4994,1172,1172,64,45,37.05971209318879
Batch_3,hawkfj64,gamma_075,3,4994,1172,1172,64,90,66.85318178439299
Batch_3,hawkfj64,gamma_075,3,4994,1172,1172,64,135,50.38514630689994
Batch_3,hawkfj64,gamma_125,0,1494,220,220,16,0,0.7535664647746739
Batch_3,hawkfj64,gamma_125,0,1494,220,220,16,45,1.9705232192581166
Batch_3,hawkfj64,gamma_125,0,1494,220,220,16,90,1.8925939841505
Batch_3,hawkfj64,gamma_125,0,1494,220,220,16,135,0.7866499882500432
Batch_3,hawkfj64,gamma_125,0,1494,220,220,32,0,2.0083976136520896
Batch_3,hawkfj64,gamma_125,0,1494,220,220,32,45,7.8456038938218144
Batch_3,hawkfj64,gamma_125,0,1494,220,220,32,90,9.979727318000897
Batch_3,hawkfj64,gamma_125,0,1494,220,220,32,135,2.7803845531747386
Batch_3,hawkfj64,gamma_125,0,1494,220,220,64,0,6.474957254697899
Batch_3,hawkfj64,gamma_125,0,1494,220,220,64,45,26.667343138804497
Batch_3,hawkfj64,gamma_125,0,1494,220,220,64,90,68.17633088850762
Batch_3,hawkfj64,gamma_125,0,1494,220,220,64,135,16.127249590429248
Batch_3,hawkfj64,gamma_125,1,4994,220,220,16,0,1.0441255899698614
Batch_3,hawkfj64,gamma_125,1,4994,220,220,16,45,1.0857464766242413
Batch_3,hawkfj64,gamma_125,1,4994,220,220,16,90,1.3132808304997807
Batch_3,hawkfj64,gamma_125,1,4994,220,220,16,135,1.775383030457955
Batch_3,hawkfj64,gamma_125,1,4994,220,220,32,0,5.2745585927245395
Batch_3,hawkfj64,gamma_125,1,4994,220,220,32,45,5.791391965852468
Batch_3,hawkfj64,gamma_125,1,4994,220,220,32,90,8.963239260394626
Batch_3,hawkfj64,gamma_125,1,4994,220,220,32,135,9.235087045073566
Batch_3,hawkfj64,gamma_125,1,4994,220,220,64,0,35.75751079389347
Batch_3,hawkfj64,gamma_125,1,4994,220,220,64,45,39.84533620634665
Batch_3,hawkfj64,gamma_125,1,4994,220,220,64,90,42.113806330984005
Batch_3,hawkfj64,gamma_125,1,4994,220,220,64,135,24.4757130546665
Batch_3,hawkfj64,gamma_125,2,1494,1172,1172,16,0,2.0020177026373367
Batch_3,hawkfj64,gamma_125,2,1494,1172,1172,16,45,1.6048381908067268
Batch_3,hawkfj64,gamma_125,2,1494,1172,1172,16,90,1.5325998084601238
Batch_3,hawkfj64,gamma_125,2,1494,1172,1172,16,135,2.098785067849386
Batch_3,hawkfj64,gamma_125,2,1494,1172,1172,32,0,9.262199729319041
Batch_3,hawkfj64,gamma_125,2,1494,1172,1172,32,45,7.876953944431358
Batch_3,hawkfj64,gamma_125,2,1494,1172,1172,32,90,10.652718949313062
Batch_3,hawkfj64,gamma_125,2,1494,1172,1172,32,135,10.69786171339694
Batch_3,hawkfj64,gamma_125,2,1494,1172,1172,64,0,45.1971537251668
Batch_3,hawkfj64,gamma_125,2,1494,1172,1172,64,45,35.967051056654576
Batch_3,hawkfj64,gamma_125,2,1494,1172,1172,64,90,80.11846888441065
Batch_3,hawkfj64,gamma_125,2,1494,1172,1172,64,135,111.2477624175618
Batch_3,hawkfj64,gamma_125,3,4994,1172,1172,16,0,0.8772005659414854
Batch_3,hawkfj64,gamma_125,3,4994,1172,1172,16,45,1.8097499131095904
Batch_3,hawkfj64,gamma_125,3,4994,1172,1172,16,90,1.2900322289970894
Batch_3,hawkfj64,gamma_125,3,4994,1172,1172,16,135,0.7513999729419861
Batch_3,hawkfj64,gamma_125,3,4994,1172,1172,32,0,5.717937030501281
Batch_3,hawkfj64,gamma_125,3,4994,1172,1172,32,45,10.38432888752152
Batch_3,hawkfj64,gamma_125,3,4994,1172,1172,32,90,7.170011847511455
Batch_3,hawkfj64,gamma_125,3,4994,1172,1172,32,135,6.681553861716448
Batch_3,hawkfj64,gamma_125,3,4994,1172,1172,64,0,35.65850266423759
Batch_3,hawkfj64,gamma_125,3,4994,1172,1172,64,45,46.8930311036151
Batch_3,hawkfj64,gamma_125,3,4994,1172,1172,64,90,42.226509724105355
Batch_3,hawkfj64,gamma_125,3,4994,1172,1172,64,135,41.07743123722568
Batch_3,hawkfj64,affine,0,1494,220,220,16,0,0.6965007093402416
Batch_3,hawkfj64,affine,0,1494,220,220,16,45,1.7885874360891743
Batch_3,hawkfj64,affine,0,1494,220,220,16,90,1.8562600852879612
Batch_3,hawkfj64,affine,0,1494,220,220,16,135,0.7566777344009035
Batch_3,hawkfj64,affine,0,1494,220,220,32,0,1.896674398826693
Batch_3,hawkfj64,affine,0,1494,220,220,32,45,7.484706828500435
Batch_3,hawkfj64,affine,0,1494,220,220,32,90,10.516111501648105
Batch_3,hawkfj64,affine,0,1494,220,220,32,135,2.9196525716244217
Batch_3,hawkfj64,affine,0,1494,220,220,64,0,6.374805779533112
Batch_3,hawkfj64,affine,0,1494,220,220,64,45,25.978415132508495
Batch_3,hawkfj64,affine,0,1494,220,220,64,90,71.0647093972622
Batch_3,hawkfj64,affine,0,1494,220,220,64,135,17.35146535907577
Batch_3,hawkfj64,affine,1,4994,220,220,16,0,1.0996304616112038
Batch_3,hawkfj64,affine,1,4994,220,220,16,45,1.1232318248814908
Batch_3,hawkfj64,affine,1,4994,220,220,16,90,1.4727351025101234
Batch_3,hawkfj64,affine,1,4994,220,220,16,135,1.9222419184835398
Batch_3,hawkfj64,affine,1,4994,220,220,32,0,5.950843403286808
Batch_3,hawkfj64,affine,1,4994,220,220,32,45,6.30823797225585
Batch_3,hawkfj64,affine,1,4994,220,220,32,90,10.175139488993135
Batch_3,hawkfj64,affine,1,4994,220,220,32,135,10.376239735351264
Batch_3,hawkfj64,affine,1,4994,220,220,64,0,38.608805095227964
Batch_3,hawkfj64,affine,1,4994,220,220,64,45,42.338898996880516
Batch_3,hawkfj64,affine,1,4994,220,220,64,90,48.273801284445916
Batch_3,hawkfj64,affine,1,4994,220,220,64,135,28.361968979890563
Batch_3,hawkfj64,affine,2,1494,1172,1172,16,0,1.8785298770044039
Batch_3,hawkfj64,affine,2,1494,1172,1172,16,45,1.4836753326423482
Batch_3,hawkfj64,affine,2,1494,1172,1172,16,90,1.4289516284929262
Batch_3,hawkfj64,affine,2,1494,1172,1172,16,135,1.9877242862841606
Batch_3,hawkfj64,affine,2,1494,1172,1172,32,0,8.938043560965491
Batch_3,hawkfj64,affine,2,1494,1172,1172,32,45,7.370763766774779
Batch_3,hawkfj64,affine,2,1494,1172,1172,32,90,9.954694536439089
Batch_3,hawkfj64,affine,2,1494,1172,1172,32,135,10.426766022040315
Batch_3,hawkfj64,affine,2,1494,1172,1172,64,0,44.46407019447389
Batch_3,hawkfj64,affine,2,1494,1172,1172,64,45,35.35657498380371
Batch_3,hawkfj64,affine,2,1494,1172,1172,64,90,76.0297826386843
Batch_3,hawkfj64,affine,2,1494,1172,1172,64,135,112.72121040428907
Batch_3,hawkfj64,affine,3,4994,1172,1172,16,0,0.8960398253811089
Batch_3,hawkfj64,affine,3,4994,1172,1172,16,45,1.773953515790972
Batch_3,hawkfj64,affine,3,4994,1172,1172,16,90,1.4789959034941893
Batch_3,hawkfj64,affine,3,4994,1172,1172,16,135,0.8081286807127123
Batch_3,hawkfj64,affine,3,4994,1172,1172,32,0,5.584674821435178
Batch_3,hawkfj64,affine,3,4994,1172,1172,32,45,9.924909209388222
Batch_3,hawkfj64,affine,3,4994,1172,1172,32,90,8.721424122245784
Batch_3,hawkfj64,affine,3,4994,1172,1172,32,135,7.038900886984816
Batch_3,hawkfj64,affine,3,4994,1172,1172,64,0,34.38819460872005
Batch_3,hawkfj64,affine,3,4994,1172,1172,64,45,42.360671952321965
Batch_3,hawkfj64,affine,3,4994,1172,1172,64,90,52.02122665673011
Batch_3,hawkfj64,affine,3,4994,1172,1172,64,135,44.99599239608705
Batch_3,hzumfsms,nominal,0,1494,266,266,16,0,2.1038161543390093
Batch_3,hzumfsms,nominal,0,1494,266,266,16,45,3.8654831124117663
Batch_3,hzumfsms,nominal,0,1494,266,266,16,90,1.8569399962380402
Batch_3,hzumfsms,nominal,0,1494,266,266,16,135,3.233066478722386
Batch_3,hzumfsms,nominal,0,1494,266,266,32,0,11.228539949885585
Batch_3,hzumfsms,nominal,0,1494,266,266,32,45,19.588012345491958
Batch_3,hzumfsms,nominal,0,1494,266,266,32,90,11.83869431178001
Batch_3,hzumfsms,nominal,0,1494,266,266,32,135,17.329498940598008
Batch_3,hzumfsms,nominal,0,1494,266,266,64,0,62.307151752916006
Batch_3,hzumfsms,nominal,0,1494,266,266,64,45,56.0290193132345
Batch_3,hzumfsms,nominal,0,1494,266,266,64,90,65.19737570661867
Batch_3,hzumfsms,nominal,0,1494,266,266,64,135,60.30287093641696
Batch_3,hzumfsms,nominal,1,4994,266,266,16,0,0.2133526074098406
Batch_3,hzumfsms,nominal,1,4994,266,266,16,45,0.4937547842392211
Batch_3,hzumfsms,nominal,1,4994,266,266,16,90,1.2570342841280209
Batch_3,hzumfsms,nominal,1,4994,266,266,16,135,0.6205689185258254
Batch_3,hzumfsms,nominal,1,4994,266,266,32,0,1.4999828770291654
Batch_3,hzumfsms,nominal,1,4994,266,266,32,45,3.266465771127737
Batch_3,hzumfsms,nominal,1,4994,266,266,32,90,11.65230548212435
Batch_3,hzumfsms,nominal,1,4994,266,266,32,135,6.122228645731246
Batch_3,hzumfsms,nominal,1,4994,266,266,64,0,15.9269777912062
Batch_3,hzumfsms,nominal,1,4994,266,266,64,45,17.495777293128857
Batch_3,hzumfsms,nominal,1,4994,266,266,64,90,52.97475557934311
Batch_3,hzumfsms,nominal,1,4994,266,266,64,135,28.0602935807103
Batch_3,hzumfsms,nominal,2,1494,1310,1310,16,0,1.3833982396895008
Batch_3,hzumfsms,nominal,2,1494,1310,1310,16,45,2.2938035158897017
Batch_3,hzumfsms,nominal,2,1494,1310,1310,16,90,1.657700592995491
Batch_3,hzumfsms,nominal,2,1494,1310,1310,16,135,1.0543527353949838
Batch_3,hzumfsms,nominal,2,1494,1310,1310,32,0,6.567538263737904
Batch_3,hzumfsms,nominal,2,1494,1310,1310,32,45,19.27028327860929
Batch_3,hzumfsms,nominal,2,1494,1310,1310,32,90,13.706643312667536
Batch_3,hzumfsms,nominal,2,1494,1310,1310,32,135,6.731554195386113
Batch_3,hzumfsms,nominal,2,1494,1310,1310,64,0,32.91360676379445
Batch_3,hzumfsms,nominal,2,1494,1310,1310,64,45,125.95853107519419
Batch_3,hzumfsms,nominal,2,1494,1310,1310,64,90,114.48519373150845
Batch_3,hzumfsms,nominal,2,1494,1310,1310,64,135,25.750463426696754
Batch_3,hzumfsms,nominal,3,4994,1310,1310,16,0,1.5522942298994409
Batch_3,hzumfsms,nominal,3,4994,1310,1310,16,45,1.2132343379811306
Batch_3,hzumfsms,nominal,3,4994,1310,1310,16,90,1.6052386685336189
Batch_3,hzumfsms,nominal,3,4994,1310,1310,16,135,1.779856539688128
Batch_3,hzumfsms,nominal,3,4994,1310,1310,32,0,8.38278442530285
Batch_3,hzumfsms,nominal,3,4994,1310,1310,32,45,9.001484264932797
Batch_3,hzumfsms,nominal,3,4994,1310,1310,32,90,11.322361088168423
Batch_3,hzumfsms,nominal,3,4994,1310,1310,32,135,9.518863219265189
Batch_3,hzumfsms,nominal,3,4994,1310,1310,64,0,52.91824778800062
Batch_3,hzumfsms,nominal,3,4994,1310,1310,64,45,84.10418477359438
Batch_3,hzumfsms,nominal,3,4994,1310,1310,64,90,55.073463899023096
Batch_3,hzumfsms,nominal,3,4994,1310,1310,64,135,45.96420845608808
Batch_3,hzumfsms,full_resolution,0,1494,266,266,16,0,6.499909812321867
Batch_3,hzumfsms,full_resolution,0,1494,266,266,16,45,12.008277708502424
Batch_3,hzumfsms,full_resolution,0,1494,266,266,16,90,5.732353312817113
Batch_3,hzumfsms,full_resolution,0,1494,266,266,16,135,9.987746721562717
Batch_3,hzumfsms,full_resolution,0,1494,266,266,32,0,34.06651067644115
Batch_3,hzumfsms,full_resolution,0,1494,266,266,32,45,59.417248293055835
Batch_3,hzumfsms,full_resolution,0,1494,266,266,32,90,35.848891266983344
Batch_3,hzumfsms,full_resolution,0,1494,266,266,32,135,52.632875191031765
Batch_3,hzumfsms,full_resolution,0,1494,266,266,64,0,187.96545903688332
Batch_3,hzumfsms,full_resolution,0,1494,266,266,64,45,168.93971050812019
Batch_3,hzumfsms,full_resolution,0,1494,266,266,64,90,196.7691148163857
Batch_3,hzumfsms,full_resolution,0,1494,266,266,64,135,181.97862852458832
Batch_3,hzumfsms,full_resolution,1,4994,266,266,16,0,0.8308022978066575
Batch_3,hzumfsms,full_resolution,1,4994,266,266,16,45,1.9165495162565498
Batch_3,hzumfsms,full_resolution,1,4994,266,266,16,90,4.883651121905691
Batch_3,hzumfsms,full_resolution,1,4994,266,266,16,135,2.413311678973818
Batch_3,hzumfsms,full_resolution,1,4994,266,266,32,0,5.725971841702914
Batch_3,hzumfsms,full_resolution,1,4994,266,266,32,45,12.472776568894556
Batch_3,hzumfsms,full_resolution,1,4994,266,266,32,90,44.56200803233103
Batch_3,hzumfsms,full_resolution,1,4994,266,266,32,135,23.396717902498864
Batch_3,hzumfsms,full_resolution,1,4994,266,266,64,0,60.5223317810138
Batch_3,hzumfsms,full_resolution,1,4994,266,266,64,45,66.52089301580808
Batch_3,hzumfsms,full_resolution,1,4994,266,266,64,90,201.29701676912387
Batch_3,hzumfsms,full_resolution,1,4994,266,266,64,135,106.7153623829188
Batch_3,hzumfsms,full_resolution,2,1494,1310,1310,16,0,4.977210211295422
Batch_3,hzumfsms,full_resolution,2,1494,1310,1310,16,45,8.248568635523789
Batch_3,hzumfsms,full_resolution,2,1494,1310,1310,16,90,5.967246098022731
Batch_3,hzumfsms,full_resolution,2,1494,1310,1310,16,135,3.7870747580903124
Batch_3,hzumfsms,full_resolution,2,1494,1310,1310,32,0,23.118677356700154
Batch_3,hzumfsms,full_resolution,2,1494,1310,1310,32,45,67.7547244890899
Batch_3,hzumfsms,full_resolution,2,1494,1310,1310,32,90,48.136606874746775
Batch_3,hzumfsms,full_resolution,2,1494,1310,1310,32,135,23.61909064052584
Batch_3,hzumfsms,full_resolution,2,1494,1310,1310,64,0,114.99573218216224
Batch_3,hzumfsms,full_resolution,2,1494,1310,1310,64,45,440.00047502042406
Batch_3,hzumfsms,full_resolution,2,1494,1310,1310,64,90,399.9396452974787
Batch_3,hzumfsms,full_resolution,2,1494,1310,1310,64,135,89.96342703080802
Batch_3,hzumfsms,full_resolution,3,4994,1310,1310,16,0,5.635341755500811
Batch_3,hzumfsms,full_resolution,3,4994,1310,1310,16,45,4.425242168337985
Batch_3,hzumfsms,full_resolution,3,4994,1310,1310,16,90,5.804882877581559
Batch_3,hzumfsms,full_resolution,3,4994,1310,1310,16,135,6.456374321557012
Batch_3,hzumfsms,full_resolution,3,4994,1310,1310,32,0,29.726258623858612
Batch_3,hzumfsms,full_resolution,3,4994,1310,1310,32,45,31.900582564387854
Batch_3,hzumfsms,full_resolution,3,4994,1310,1310,32,90,40.035851796522415
Batch_3,hzumfsms,full_resolution,3,4994,1310,1310,32,135,33.77275960629786
Batch_3,hzumfsms,full_resolution,3,4994,1310,1310,64,0,186.5183770879083
Batch_3,hzumfsms,full_resolution,3,4994,1310,1310,64,45,296.4803345654195
Batch_3,hzumfsms,full_resolution,3,4994,1310,1310,64,90,194.10553636190784
Batch_3,hzumfsms,full_resolution,3,4994,1310,1310,64,135,161.95897935985298
Batch_3,hzumfsms,gamma_075,0,1494,266,266,16,0,2.285034488741266
Batch_3,hzumfsms,gamma_075,0,1494,266,266,16,45,4.057183420083641
Batch_3,hzumfsms,gamma_075,0,1494,266,266,16,90,1.9304160548857836
Batch_3,hzumfsms,gamma_075,0,1494,266,266,16,135,3.4955286264809535
Batch_3,hzumfsms,gamma_075,0,1494,266,266,32,0,12.645603882875086
Batch_3,hzumfsms,gamma_075,0,1494,266,266,32,45,21.302291681892797
Batch_3,hzumfsms,gamma_075,0,1494,266,266,32,90,13.007165994931329
Batch_3,hzumfsms,gamma_075,0,1494,266,266,32,135,19.382373123062223
Batch_3,hzumfsms,gamma_075,0,1494,266,266,64,0,70.25153432776857
Batch_3,hzumfsms,gamma_075,0,1494,266,266,64,45,59.32825312564968
Batch_3,hzumfsms,gamma_075,0,1494,266,266,64,90,68.56248355800274
Batch_3,hzumfsms,gamma_075,0,1494,266,266,64,135,69.37115804873834
Batch_3,hzumfsms,gamma_075,1,4994,266,266,16,0,0.27420446195631837
Batch_3,hzumfsms,gamma_075,1,4994,266,266,16,45,0.5646562084516042
Batch_3,hzumfsms,gamma_075,1,4994,266,266,16,90,1.4955042173050384
Batch_3,hzumfsms,gamma_075,1,4994,266,266,16,135,0.7992605925509122
Batch_3,hzumfsms,gamma_075,1,4994,266,266,32,0,2.0753763632095503
Batch_3,hzumfsms,gamma_075,1,4994,266,266,32,45,3.561919254299483
Batch_3,hzumfsms,gamma_075,1,4994,266,266,32,90,12.856910560026796
Batch_3,hzumfsms,gamma_075,1,4994,266,266,32,135,7.322836181272108
Batch_3,hzumfsms,gamma_075,1,4994,266,266,64,0,22.884632887612437
Batch_3,hzumfsms,gamma_075,1,4994,266,266,64,45,19.16082536597138
Batch_3,hzumfsms,gamma_075,1,4994,266,266,64,90,57.66968053085248
Batch_3,hzumfsms,gamma_075,1,4994,266,266,64,135,32.08959009654718
Batch_3,hzumfsms,gamma_075,2,1494,1310,1310,16,0,1.5169656821021398
Batch_3,hzumfsms,gamma_075,2,1494,1310,1310,16,45,2.467500275093979
Batch_3,hzumfsms,gamma_075,2,1494,1310,1310,16,90,1.7842242704852906
Batch_3,hzumfsms,gamma_075,2,1494,1310,1310,16,135,1.1373081910695133
Batch_3,hzumfsms,gamma_075,2,1494,1310,1310,32,0,7.4820050141015235
Batch_3,hzumfsms,gamma_075,2,1494,1310,1310,32,45,20.872601527063104
Batch_3,hzumfsms,gamma_075,2,1494,1310,1310,32,90,14.837652266652016
Batch_3,hzumfsms,gamma_075,2,1494,1310,1310,32,135,7.495802842969938
Batch_3,hzumfsms,gamma_075,2,1494,1310,1310,64,0,36.42953690773161
Batch_3,hzumfsms,gamma_075,2,1494,1310,1310,64,45,131.23087783160483
Batch_3,hzumfsms,gamma_075,2,1494,1310,1310,64,90,118.48273591959872
Batch_3,hzumfsms,gamma_075,2,1494,1310,1310,64,135,29.265308949715635
Batch_3,hzumfsms,gamma_075,3,4994,1310,1310,16,0,1.650255393388202
Batch_3,hzumfsms,gamma_075,3,4994,1310,1310,16,45,1.2737273602394832
Batch_3,hzumfsms,gamma_075,3,4994,1310,1310,16,90,1.8102399493808305
Batch_3,hzumfsms,gamma_075,3,4994,1310,1310,16,135,1.9247037160682041
Batch_3,hzumfsms,gamma_075,3,4994,1310,1310,32,0,8.612105849638828
Batch_3,hzumfsms,gamma_075,3,4994,1310,1310,32,45,9.266971059665314
Batch_3,hzumfsms,gamma_075,3,4994,1310,1310,32,90,12.40907681069467
Batch_3,hzumfsms,gamma_075,3,4994,1310,1310,32,135,10.653691338679705
Batch_3,hzumfsms,gamma_075,3,4994,1310,1310,64,0,50.74499174644835
Batch_3,hzumfsms,gamma_075,3,4994,1310,1310,64,45,82.68512335266085
Batch_3,hzumfsms,gamma_075,3,4994,1310,1310,64,90,57.013839929736015
Batch_3,hzumfsms,gamma_075,3,4994,1310,1310,64,135,47.34769282823105
Batch_3,hzumfsms,gamma_125,0,1494,266,266,16,0,1.964393740893429
Batch_3,hzumfsms,gamma_125,0,1494,266,266,16,45,3.6992300593920993
Batch_3,hzumfsms,gamma_125,0,1494,266,266,16,90,1.8047654914534617
Batch_3,hzumfsms,gamma_125,0,1494,266,266,16,135,3.032538787599647
Batch_3,hzumfsms,gamma_125,0,1494,266,266,32,0,10.110497836790053
Batch_3,hzumfsms,gamma_125,0,1494,266,266,32,45,17.95983547180986
Batch_3,hzumfsms,gamma_125,0,1494,266,266,32,90,10.819932218759154
Batch_3,hzumfsms,gamma_125,0,1494,266,266,32,135,15.614504972219754
Batch_3,hzumfsms,gamma_125,0,1494,266,266,64,0,55.56140860737225
Batch_3,hzumfsms,gamma_125,0,1494,266,266,64,45,52.35775278011251
Batch_3,hzumfsms,gamma_125,0,1494,266,266,64,90,61.26567866303984
Batch_3,hzumfsms,gamma_125,0,1494,266,266,64,135,52.66551718997019
Batch_3,hzumfsms,gamma_125,1,4994,266,266,16,0,0.1756326967565006
Batch_3,hzumfsms,gamma_125,1,4994,266,266,16,45,0.4338584074311489
Batch_3,hzumfsms,gamma_125,1,4994,266,266,16,90,1.066836272959991
Batch_3,hzumfsms,gamma_125,1,4994,266,266,16,135,0.4950384237988314
Batch_3,hzumfsms,gamma_125,1,4994,266,266,32,0,1.1583696676879585
Batch_3,hzumfsms,gamma_125,1,4994,266,266,32,45,2.99391916396509
Batch_3,hzumfsms,gamma_125,1,4994,266,266,32,90,10.517705526889879
Batch_3,hzumfsms,gamma_125,1,4994,266,266,32,135,5.156816531747066
Batch_3,hzumfsms,gamma_125,1,4994,266,266,64,0,11.702920653917138
Batch_3,hzumfsms,gamma_125,1,4994,266,266,64,45,16.10886248640418
Batch_3,hzumfsms,gamma_125,1,4994,266,266,64,90,49.00429720459779
Batch_3,hzumfsms,gamma_125,1,4994,266,266,64,135,24.759358614056943
Batch_3,hzumfsms,gamma_125,2,1494,1310,1310,16,0,1.2668469644015472
Batch_3,hzumfsms,gamma_125,2,1494,1310,1310,16,45,2.1508188053619164
Batch_3,hzumfsms,gamma_125,2,1494,1310,1310,16,90,1.5611990766884347
Batch_3,hzumfsms,gamma_125,2,1494,1310,1310,16,135,0.9963052017325854
Batch_3,hzumfsms,gamma_125,2,1494,1310,1310,32,0,5.858062579746489
Batch_3,hzumfsms,gamma_125,2,1494,1310,1310,32,45,17.999516457652543
Batch_3,hzumfsms,gamma_125,2,1494,1310,1310,32,90,12.809045978117972
Batch_3,hzumfsms,gamma_125,2,1494,1310,1310,32,135,6.177111116702896
Batch_3,hzumfsms,gamma_125,2,1494,1310,1310,64,0,30.531979521259036
Batch_3,hzumfsms,gamma_125,2,1494,1310,1310,64,45,121.94670450045481
Batch_3,hzumfsms,gamma_125,2,1494,1310,1310,64,90,110.90164518262137
Batch_3,hzumfsms,gamma_125,2,1494,1310,1310,64,135,23.62044584176356
Batch_3,hzumfsms,gamma_125,3,4994,1310,1310,16,0,1.4666726637572411
Batch_3,hzumfsms,gamma_125,3,4994,1310,1310,16,45,1.1560826308638195
Batch_3,hzumfsms,gamma_125,3,4994,1310,1310,16,90,1.4460007685132354
Batch_3,hzumfsms,gamma_125,3,4994,1310,1310,16,135,1.6620965420120195
Batch_3,hzumfsms,gamma_125,3,4994,1310,1310,32,0,8.24553417214655
Batch_3,hzumfsms,gamma_125,3,4994,1310,1310,32,45,8.722305433780013
Batch_3,hzumfsms,gamma_125,3,4994,1310,1310,32,90,10.440779676594586
Batch_3,hzumfsms,gamma_125,3,4994,1310,1310,32,135,8.712166965483009
Batch_3,hzumfsms,gamma_125,3,4994,1310,1310,64,0,54.83177988005819
Batch_3,hzumfsms,gamma_125,3,4994,1310,1310,64,45,84.44077645285803
Batch_3,hzumfsms,gamma_125,3,4994,1310,1310,64,90,53.27943295295336
Batch_3,hzumfsms,gamma_125,3,4994,1310,1310,64,135,44.870003800019774
Batch_3,hzumfsms,affine,0,1494,266,266,16,0,2.10381615433901
Batch_3,hzumfsms,affine,0,1494,266,266,16,45,3.8654831124117677
Batch_3,hzumfsms,affine,0,1494,266,266,16,90,1.8569399962380408
Batch_3,hzumfsms,affine,0,1494,266,266,16,135,3.2330664787223866
Batch_3,hzumfsms,affine,0,1494,266,266,32,0,11.228539949885587
Batch_3,hzumfsms,affine,0,1494,266,266,32,45,19.588012345491965
Batch_3,hzumfsms,affine,0,1494,266,266,32,90,11.83869431178001
Batch_3,hzumfsms,affine,0,1494,266,266,32,135,17.32949894059801
Batch_3,hzumfsms,affine,0,1494,266,266,64,0,62.307151752916006
Batch_3,hzumfsms,affine,0,1494,266,266,64,45,56.029019313234514
Batch_3,hzumfsms,affine,0,1494,266,266,64,90,65.19737570661867
Batch_3,hzumfsms,affine,0,1494,266,266,64,135,60.30287093641696
Batch_3,hzumfsms,affine,1,4994,266,266,16,0,0.2133526074098406
Batch_3,hzumfsms,affine,1,4994,266,266,16,45,0.4937547842392211
Batch_3,hzumfsms,affine,1,4994,266,266,16,90,1.2570342841280209
Batch_3,hzumfsms,affine,1,4994,266,266,16,135,0.6205689185258253
Batch_3,hzumfsms,affine,1,4994,266,266,32,0,1.4999828770291654
Batch_3,hzumfsms,affine,1,4994,266,266,32,45,3.266465771127737
Batch_3,hzumfsms,affine,1,4994,266,266,32,90,11.65230548212435
Batch_3,hzumfsms,affine,1,4994,266,266,32,135,6.122228645731248
Batch_3,hzumfsms,affine,1,4994,266,266,64,0,15.9269777912062
Batch_3,hzumfsms,affine,1,4994,266,266,64,45,17.495777293128857
Batch_3,hzumfsms,affine,1,4994,266,266,64,90,52.97475557934311
Batch_3,hzumfsms,affine,1,4994,266,266,64,135,28.060293580710304
Batch_3,hzumfsms,affine,2,1494,1310,1310,16,0,1.383398239689501
Batch_3,hzumfsms,affine,2,1494,1310,1310,16,45,2.293803515889702
Batch_3,hzumfsms,affine,2,1494,1310,1310,16,90,1.657700592995491
Batch_3,hzumfsms,affine,2,1494,1310,1310,16,135,1.0543527353949842
Batch_3,hzumfsms,affine,2,1494,1310,1310,32,0,6.567538263737905
Batch_3,hzumfsms,affine,2,1494,1310,1310,32,45,19.2702832786093
Batch_3,hzumfsms,affine,2,1494,1310,1310,32,90,13.706643312667538
Batch_3,hzumfsms,affine,2,1494,1310,1310,32,135,6.7315541953861135
Batch_3,hzumfsms,affine,2,1494,1310,1310,64,0,32.91360676379445
Batch_3,hzumfsms,affine,2,1494,1310,1310,64,45,125.95853107519423
Batch_3,hzumfsms,affine,2,1494,1310,1310,64,90,114.48519373150846
Batch_3,hzumfsms,affine,2,1494,1310,1310,64,135,25.75046342669676
Batch_3,hzumfsms,affine,3,4994,1310,1310,16,0,1.5522942298994409
Batch_3,hzumfsms,affine,3,4994,1310,1310,16,45,1.2132343379811306
Batch_3,hzumfsms,affine,3,4994,1310,1310,16,90,1.6052386685336189
Batch_3,hzumfsms,affine,3,4994,1310,1310,16,135,1.779856539688128
Batch_3,hzumfsms,affine,3,4994,1310,1310,32,0,8.38278442530285
Batch_3,hzumfsms,affine,3,4994,1310,1310,32,45,9.001484264932797
Batch_3,hzumfsms,affine,3,4994,1310,1310,32,90,11.322361088168424
Batch_3,hzumfsms,affine,3,4994,1310,1310,32,135,9.518863219265189
Batch_3,hzumfsms,affine,3,4994,1310,1310,64,0,52.91824778800062
Batch_3,hzumfsms,affine,3,4994,1310,1310,64,45,84.10418477359437
Batch_3,hzumfsms,affine,3,4994,1310,1310,64,90,55.073463899023096
Batch_3,hzumfsms,affine,3,4994,1310,1310,64,135,45.96420845608808
Batch_3,kbdh4tri,nominal,0,1494,259,259,16,0,0.18018146336481236
Batch_3,kbdh4tri,nominal,0,1494,259,259,16,45,0.20291509141312614
Batch_3,kbdh4tri,nominal,0,1494,259,259,16,90,0.24461271779135405
Batch_3,kbdh4tri,nominal,0,1494,259,259,16,135,0.2229235803915039
Batch_3,kbdh4tri,nominal,0,1494,259,259,32,0,0.23666288345326303
Batch_3,kbdh4tri,nominal,0,1494,259,259,32,45,0.2722846655829104
Batch_3,kbdh4tri,nominal,0,1494,259,259,32,90,0.7423820134407516
Batch_3,kbdh4tri,nominal,0,1494,259,259,32,135,0.278125644622164
Batch_3,kbdh4tri,nominal,0,1494,259,259,64,0,0.9081486580065063
Batch_3,kbdh4tri,nominal,0,1494,259,259,64,45,1.9853544576249436
Batch_3,kbdh4tri,nominal,0,1494,259,259,64,90,9.202812778100933
Batch_3,kbdh4tri,nominal,0,1494,259,259,64,135,1.536409954471726
Batch_3,kbdh4tri,nominal,1,4994,259,259,16,0,1.7431314524312753
Batch_3,kbdh4tri,nominal,1,4994,259,259,16,45,1.1063708821570764
Batch_3,kbdh4tri,nominal,1,4994,259,259,16,90,1.67338036991966
Batch_3,kbdh4tri,nominal,1,4994,259,259,16,135,1.6617903927989395
Batch_3,kbdh4tri,nominal,1,4994,259,259,32,0,8.602804307688348
Batch_3,kbdh4tri,nominal,1,4994,259,259,32,45,4.548086573984157
Batch_3,kbdh4tri,nominal,1,4994,259,259,32,90,8.34091271995328
Batch_3,kbdh4tri,nominal,1,4994,259,259,32,135,6.430693007264214
Batch_3,kbdh4tri,nominal,1,4994,259,259,64,0,36.5337900337035
Batch_3,kbdh4tri,nominal,1,4994,259,259,64,45,33.090587554328025
Batch_3,kbdh4tri,nominal,1,4994,259,259,64,90,63.99581956724966
Batch_3,kbdh4tri,nominal,1,4994,259,259,64,135,32.108296123870076
Batch_3,kbdh4tri,nominal,2,1494,1289,1289,16,0,1.0012599906517838
Batch_3,kbdh4tri,nominal,2,1494,1289,1289,16,45,1.3750980751972621
Batch_3,kbdh4tri,nominal,2,1494,1289,1289,16,90,1.2434377753270816
Batch_3,kbdh4tri,nominal,2,1494,1289,1289,16,135,1.530422293556619
Batch_3,kbdh4tri,nominal,2,1494,1289,1289,32,0,5.542810931330069
Batch_3,kbdh4tri,nominal,2,1494,1289,1289,32,45,5.977574648349201
Batch_3,kbdh4tri,nominal,2,1494,1289,1289,32,90,5.571976337052429
Batch_3,kbdh4tri,nominal,2,1494,1289,1289,32,135,7.146752264446686
Batch_3,kbdh4tri,nominal,2,1494,1289,1289,64,0,36.77341368167139
Batch_3,kbdh4tri,nominal,2,1494,1289,1289,64,45,30.472719316261745
Batch_3,kbdh4tri,nominal,2,1494,1289,1289,64,90,38.00487095885061
Batch_3,kbdh4tri,nominal,2,1494,1289,1289,64,135,47.70887149225476
Batch_3,kbdh4tri,nominal,3,4994,1289,1289,16,0,1.1320131853170197
Batch_3,kbdh4tri,nominal,3,4994,1289,1289,16,45,2.0004407214937623
Batch_3,kbdh4tri,nominal,3,4994,1289,1289,16,90,2.1289496493972826
Batch_3,kbdh4tri,nominal,3,4994,1289,1289,16,135,0.7536143273817614
Batch_3,kbdh4tri,nominal,3,4994,1289,1289,32,0,9.447165359542353
Batch_3,kbdh4tri,nominal,3,4994,1289,1289,32,45,9.812863632305403
Batch_3,kbdh4tri,nominal,3,4994,1289,1289,32,90,10.383188370838198
Batch_3,kbdh4tri,nominal,3,4994,1289,1289,32,135,4.61101523059252
Batch_3,kbdh4tri,nominal,3,4994,1289,1289,64,0,44.41589727805147
Batch_3,kbdh4tri,nominal,3,4994,1289,1289,64,45,41.38897470261056
Batch_3,kbdh4tri,nominal,3,4994,1289,1289,64,90,42.14163190478799
Batch_3,kbdh4tri,nominal,3,4994,1289,1289,64,135,34.21538485335454
Batch_3,kbdh4tri,full_resolution,0,1494,259,259,16,0,0.5307816917165584
Batch_3,kbdh4tri,full_resolution,0,1494,259,259,16,45,0.5717864983082888
Batch_3,kbdh4tri,full_resolution,0,1494,259,259,16,90,0.7094125010838092
Batch_3,kbdh4tri,full_resolution,0,1494,259,259,16,135,0.6417218762081615
Batch_3,kbdh4tri,full_resolution,0,1494,259,259,32,0,0.6783767312616323
Batch_3,kbdh4tri,full_resolution,0,1494,259,259,32,45,0.7631664481437355
Batch_3,kbdh4tri,full_resolution,0,1494,259,259,32,90,2.101174188048195
Batch_3,kbdh4tri,full_resolution,0,1494,259,259,32,135,0.7910195412770156
Batch_3,kbdh4tri,full_resolution,0,1494,259,259,64,0,2.590540552122187
Batch_3,kbdh4tri,full_resolution,0,1494,259,259,64,45,5.633437668464362
Batch_3,kbdh4tri,full_resolution,0,1494,259,259,64,90,26.065695733188786
Batch_3,kbdh4tri,full_resolution,0,1494,259,259,64,135,4.3418663231702155
Batch_3,kbdh4tri,full_resolution,1,4994,259,259,16,0,5.85716905170604
Batch_3,kbdh4tri,full_resolution,1,4994,259,259,16,45,3.759335008882234
Batch_3,kbdh4tri,full_resolution,1,4994,259,259,16,90,5.647104458914519
Batch_3,kbdh4tri,full_resolution,1,4994,259,259,16,135,5.570322639572321
Batch_3,kbdh4tri,full_resolution,1,4994,259,259,32,0,28.153878364961656
Batch_3,kbdh4tri,full_resolution,1,4994,259,259,32,45,14.944189551371739
Batch_3,kbdh4tri,full_resolution,1,4994,259,259,32,90,27.334647370488284
Batch_3,kbdh4tri,full_resolution,1,4994,259,259,32,135,21.09831155175418
Batch_3,kbdh4tri,full_resolution,1,4994,259,259,64,0,118.88011547293632
Batch_3,kbdh4tri,full_resolution,1,4994,259,259,64,45,107.84072429028572
Batch_3,kbdh4tri,full_resolution,1,4994,259,259,64,90,208.33751901236508
Batch_3,kbdh4tri,full_resolution,1,4994,259,259,64,135,104.48791223869848
Batch_3,kbdh4tri,full_resolution,2,1494,1289,1289,16,0,3.6048165560077545
Batch_3,kbdh4tri,full_resolution,2,1494,1289,1289,16,45,4.931532365911604
Batch_3,kbdh4tri,full_resolution,2,1494,1289,1289,16,90,4.487836345042362
Batch_3,kbdh4tri,full_resolution,2,1494,1289,1289,16,135,5.496939084487727
Batch_3,kbdh4tri,full_resolution,2,1494,1289,1289,32,0,19.45656087721994
Batch_3,kbdh4tri,full_resolution,2,1494,1289,1289,32,45,20.95993977730594
Batch_3,kbdh4tri,full_resolution,2,1494,1289,1289,32,90,19.581296472094287
Batch_3,kbdh4tri,full_resolution,2,1494,1289,1289,32,135,25.078809717575922
Batch_3,kbdh4tri,full_resolution,2,1494,1289,1289,64,0,128.16698243250465
Batch_3,kbdh4tri,full_resolution,2,1494,1289,1289,64,45,106.2838228824805
Batch_3,kbdh4tri,full_resolution,2,1494,1289,1289,64,90,132.5900039696673
Batch_3,kbdh4tri,full_resolution,2,1494,1289,1289,64,135,166.3471648701369
Batch_3,kbdh4tri,full_resolution,3,4994,1289,1289,16,0,3.855920480027519
Batch_3,kbdh4tri,full_resolution,3,4994,1289,1289,16,45,6.840589112276549
Batch_3,kbdh4tri,full_resolution,3,4994,1289,1289,16,90,7.277618827096805
Batch_3,kbdh4tri,full_resolution,3,4994,1289,1289,16,135,2.5722097469509233
Batch_3,kbdh4tri,full_resolution,3,4994,1289,1289,32,0,31.6519870398019
Batch_3,kbdh4tri,full_resolution,3,4994,1289,1289,32,45,32.858251753721
Batch_3,kbdh4tri,full_resolution,3,4994,1289,1289,32,90,34.87578995130667
Batch_3,kbdh4tri,full_resolution,3,4994,1289,1289,32,135,15.4215628379796
Batch_3,kbdh4tri,full_resolution,3,4994,1289,1289,64,0,147.98615979759944
Batch_3,kbdh4tri,full_resolution,3,4994,1289,1289,64,45,137.8673194602492
Batch_3,kbdh4tri,full_resolution,3,4994,1289,1289,64,90,140.35946266221075
Batch_3,kbdh4tri,full_resolution,3,4994,1289,1289,64,135,114.0409458881186
Batch_3,kbdh4tri,gamma_075,0,1494,259,259,16,0,0.16890563518054472
Batch_3,kbdh4tri,gamma_075,0,1494,259,259,16,45,0.18937920843478925
Batch_3,kbdh4tri,gamma_075,0,1494,259,259,16,90,0.22658472255996107
Batch_3,kbdh4tri,gamma_075,0,1494,259,259,16,135,0.20712240287613215
Batch_3,kbdh4tri,gamma_075,0,1494,259,259,32,0,0.22578826721678322
Batch_3,kbdh4tri,gamma_075,0,1494,259,259,32,45,0.25534523496770584
Batch_3,kbdh4tri,gamma_075,0,1494,259,259,32,90,0.6861485527791368
Batch_3,kbdh4tri,gamma_075,0,1494,259,259,32,135,0.2604134252231553
Batch_3,kbdh4tri,gamma_075,0,1494,259,259,64,0,0.9147644229865475
Batch_3,kbdh4tri,gamma_075,0,1494,259,259,64,45,1.9021882560445627
Batch_3,kbdh4tri,gamma_075,0,1494,259,259,64,90,9.03092961188217
Batch_3,kbdh4tri,gamma_075,0,1494,259,259,64,135,1.5448480045489958
Batch_3,kbdh4tri,gamma_075,1,4994,259,259,16,0,1.7654339861260444
Batch_3,kbdh4tri,gamma_075,1,4994,259,259,16,45,1.111437732906023
Batch_3,kbdh4tri,gamma_075,1,4994,259,259,16,90,1.6883734006254227
Batch_3,kbdh4tri,gamma_075,1,4994,259,259,16,135,1.6607049073449471
Batch_3,kbdh4tri,gamma_075,1,4994,259,259,32,0,8.913739395605685
Batch_3,kbdh4tri,gamma_075,1,4994,259,259,32,45,4.774796062126123
Batch_3,kbdh4tri,gamma_075,1,4994,259,259,32,90,8.788206870761215
Batch_3,kbdh4tri,gamma_075,1,4994,259,259,32,135,6.534078709923578
Batch_3,kbdh4tri,gamma_075,1,4994,259,259,64,0,38.7134083175366
Batch_3,kbdh4tri,gamma_075,1,4994,259,259,64,45,35.094954857819346
Batch_3,kbdh4tri,gamma_075,1,4994,259,259,64,90,67.92047908360664
Batch_3,kbdh4tri,gamma_075,1,4994,259,259,64,135,32.09189393968373
Batch_3,kbdh4tri,gamma_075,2,1494,1289,1289,16,0,0.9924734978594606
Batch_3,kbdh4tri,gamma_075,2,1494,1289,1289,16,45,1.4280851182402703
Batch_3,kbdh4tri,gamma_075,2,1494,1289,1289,16,90,1.2939873796736894
Batch_3,kbdh4tri,gamma_075,2,1494,1289,1289,16,135,1.5985075879190234
Batch_3,kbdh4tri,gamma_075,2,1494,1289,1289,32,0,5.41603713446106
Batch_3,kbdh4tri,gamma_075,2,1494,1289,1289,32,45,6.04601629408076
Batch_3,kbdh4tri,gamma_075,2,1494,1289,1289,32,90,5.919165915221247
Batch_3,kbdh4tri,gamma_075,2,1494,1289,1289,32,135,7.674103321814816
Batch_3,kbdh4tri,gamma_075,2,1494,1289,1289,64,0,34.390161952097145
Batch_3,kbdh4tri,gamma_075,2,1494,1289,1289,64,45,29.10101265118163
Batch_3,kbdh4tri,gamma_075,2,1494,1289,1289,64,90,39.365929293389584
Batch_3,kbdh4tri,gamma_075,2,1494,1289,1289,64,135,51.283791104036865
Batch_3,kbdh4tri,gamma_075,3,4994,1289,1289,16,0,1.1605131611823496
Batch_3,kbdh4tri,gamma_075,3,4994,1289,1289,16,45,2.0270300586241565
Batch_3,kbdh4tri,gamma_075,3,4994,1289,1289,16,90,2.0922821374548155
Batch_3,kbdh4tri,gamma_075,3,4994,1289,1289,16,135,0.7845887370472046
Batch_3,kbdh4tri,gamma_075,3,4994,1289,1289,32,0,9.977266330508042
Batch_3,kbdh4tri,gamma_075,3,4994,1289,1289,32,45,9.881183247396661
Batch_3,kbdh4tri,gamma_075,3,4994,1289,1289,32,90,10.264836484640488
Batch_3,kbdh4tri,gamma_075,3,4994,1289,1289,32,135,4.953683492091736
Batch_3,kbdh4tri,gamma_075,3,4994,1289,1289,64,0,46.547050382703425
Batch_3,kbdh4tri,gamma_075,3,4994,1289,1289,64,45,41.68889897009879
Batch_3,kbdh4tri,gamma_075,3,4994,1289,1289,64,90,42.75269702241943
Batch_3,kbdh4tri,gamma_075,3,4994,1289,1289,64,135,36.461987946216
Batch_3,kbdh4tri,gamma_125,0,1494,259,259,16,0,0.18930701770226477
Batch_3,kbdh4tri,gamma_125,0,1494,259,259,16,45,0.21403954726747146
Batch_3,kbdh4tri,gamma_125,0,1494,259,259,16,90,0.26021372510021257
Batch_3,kbdh4tri,gamma_125,0,1494,259,259,16,135,0.23623567958124347
Batch_3,kbdh4tri,gamma_125,0,1494,259,259,32,0,0.24458062682602452
Batch_3,kbdh4tri,gamma_125,0,1494,259,259,32,45,0.28638356313832697
Batch_3,kbdh4tri,gamma_125,0,1494,259,259,32,90,0.7930657591546888
Batch_3,kbdh4tri,gamma_125,0,1494,259,259,32,135,0.2929909906873706
Batch_3,kbdh4tri,gamma_125,0,1494,259,259,64,0,0.8990627319279235
Batch_3,kbdh4tri,gamma_125,0,1494,259,259,64,45,2.054716911270481
Batch_3,kbdh4tri,gamma_125,0,1494,259,259,64,90,9.28313835990748
Batch_3,kbdh4tri,gamma_125,0,1494,259,259,64,135,1.5236331204666393
Batch_3,kbdh4tri,gamma_125,1,4994,259,259,16,0,1.7133539124484087
Batch_3,kbdh4tri,gamma_125,1,4994,259,259,16,45,1.099337780770146
Batch_3,kbdh4tri,gamma_125,1,4994,259,259,16,90,1.6553267013442445
Batch_3,kbdh4tri,gamma_125,1,4994,259,259,16,135,1.6530966500317705
Batch_3,kbdh4tri,gamma_125,1,4994,259,259,32,0,8.273704239990026
Batch_3,kbdh4tri,gamma_125,1,4994,259,259,32,45,4.336920558750275
Batch_3,kbdh4tri,gamma_125,1,4994,259,259,32,90,7.927305331425073
Batch_3,kbdh4tri,gamma_125,1,4994,259,259,32,135,6.2980893941937905
Batch_3,kbdh4tri,gamma_125,1,4994,259,259,64,0,34.401860735132225
Batch_3,kbdh4tri,gamma_125,1,4994,259,259,64,45,31.22190180207739
Batch_3,kbdh4tri,gamma_125,1,4994,259,259,64,90,60.27248032356346
Batch_3,kbdh4tri,gamma_125,1,4994,259,259,64,135,31.95006973146974
Batch_3,kbdh4tri,gamma_125,2,1494,1289,1289,16,0,1.0066306271396128
Batch_3,kbdh4tri,gamma_125,2,1494,1289,1289,16,45,1.3165717637291534
Batch_3,kbdh4tri,gamma_125,2,1494,1289,1289,16,90,1.1908123628024865
Batch_3,kbdh4tri,gamma_125,2,1494,1289,1289,16,135,1.4624298106417786
Batch_3,kbdh4tri,gamma_125,2,1494,1289,1289,32,0,5.647039812660592
Batch_3,kbdh4tri,gamma_125,2,1494,1289,1289,32,45,5.879048302398523
Batch_3,kbdh4tri,gamma_125,2,1494,1289,1289,32,90,5.242375396798304
Batch_3,kbdh4tri,gamma_125,2,1494,1289,1289,32,135,6.662037451266153
Batch_3,kbdh4tri,gamma_125,2,1494,1289,1289,64,0,38.9758688742409
Batch_3,kbdh4tri,gamma_125,2,1494,1289,1289,64,45,31.757442036051255
Batch_3,kbdh4tri,gamma_125,2,1494,1289,1289,64,90,36.515443055063685
Batch_3,kbdh4tri,gamma_125,2,1494,1289,1289,64,135,44.25076505043797
Batch_3,kbdh4tri,gamma_125,3,4994,1289,1289,16,0,1.1054697877053796
Batch_3,kbdh4tri,gamma_125,3,4994,1289,1289,16,45,1.972793305773915
Batch_3,kbdh4tri,gamma_125,3,4994,1289,1289,16,90,2.1620042952504033
Batch_3,kbdh4tri,gamma_125,3,4994,1289,1289,16,135,0.7254985486823977
Batch_3,kbdh4tri,gamma_125,3,4994,1289,1289,32,0,8.921608198527721
Batch_3,kbdh4tri,gamma_125,3,4994,1289,1289,32,45,9.736712812767149
Batch_3,kbdh4tri,gamma_125,3,4994,1289,1289,32,90,10.497131113634959
Batch_3,kbdh4tri,gamma_125,3,4994,1289,1289,32,135,4.308135298808833
Batch_3,kbdh4tri,gamma_125,3,4994,1289,1289,64,0,42.17803587222544
Batch_3,kbdh4tri,gamma_125,3,4994,1289,1289,64,45,41.132417682834124
Batch_3,kbdh4tri,gamma_125,3,4994,1289,1289,64,90,41.59445702442142
Batch_3,kbdh4tri,gamma_125,3,4994,1289,1289,64,135,32.02531517360798
Batch_3,kbdh4tri,affine,0,1494,259,259,16,0,0.18018146336481244
Batch_3,kbdh4tri,affine,0,1494,259,259,16,45,0.2029150914131262
Batch_3,kbdh4tri,affine,0,1494,259,259,16,90,0.24461271779135424
Batch_3,kbdh4tri,affine,0,1494,259,259,16,135,0.222923580391504
Batch_3,kbdh4tri,affine,0,1494,259,259,32,0,0.2366628834532632
Batch_3,kbdh4tri,affine,0,1494,259,259,32,45,0.2722846655829105
Batch_3,kbdh4tri,affine,0,1494,259,259,32,90,0.7423820134407515
Batch_3,kbdh4tri,affine,0,1494,259,259,32,135,0.278125644622164
Batch_3,kbdh4tri,affine,0,1494,259,259,64,0,0.9081486580065071
Batch_3,kbdh4tri,affine,0,1494,259,259,64,45,1.985354457624944
Batch_3,kbdh4tri,affine,0,1494,259,259,64,90,9.202812778100935
Batch_3,kbdh4tri,affine,0,1494,259,259,64,135,1.5364099544717265
Batch_3,kbdh4tri,affine,1,4994,259,259,16,0,1.7431314524312753
Batch_3,kbdh4tri,affine,1,4994,259,259,16,45,1.1063708821570766
Batch_3,kbdh4tri,affine,1,4994,259,259,16,90,1.6733803699196599
Batch_3,kbdh4tri,affine,1,4994,259,259,16,135,1.6617903927989395
Batch_3,kbdh4tri,affine,1,4994,259,259,32,0,8.602804307688348
Batch_3,kbdh4tri,affine,1,4994,259,259,32,45,4.548086573984156
Batch_3,kbdh4tri,affine,1,4994,259,259,32,90,8.340912719953279
Batch_3,kbdh4tri,affine,1,4994,259,259,32,135,6.430693007264214
Batch_3,kbdh4tri,affine,1,4994,259,259,64,0,36.53379003370349
Batch_3,kbdh4tri,affine,1,4994,259,259,64,45,33.090587554328025
Batch_3,kbdh4tri,affine,1,4994,259,259,64,90,63.995819567249676
Batch_3,kbdh4tri,affine,1,4994,259,259,64,135,32.108296123870076
Batch_3,kbdh4tri,affine,2,1494,1289,1289,16,0,1.001259990651784
Batch_3,kbdh4tri,affine,2,1494,1289,1289,16,45,1.375098075197262
Batch_3,kbdh4tri,affine,2,1494,1289,1289,16,90,1.2434377753270816
Batch_3,kbdh4tri,affine,2,1494,1289,1289,16,135,1.530422293556619
Batch_3,kbdh4tri,affine,2,1494,1289,1289,32,0,5.542810931330069
Batch_3,kbdh4tri,affine,2,1494,1289,1289,32,45,5.977574648349201
Batch_3,kbdh4tri,affine,2,1494,1289,1289,32,90,5.571976337052428
Batch_3,kbdh4tri,affine,2,1494,1289,1289,32,135,7.146752264446686
Batch_3,kbdh4tri,affine,2,1494,1289,1289,64,0,36.77341368167139
Batch_3,kbdh4tri,affine,2,1494,1289,1289,64,45,30.47271931626175
Batch_3,kbdh4tri,affine,2,1494,1289,1289,64,90,38.00487095885061
Batch_3,kbdh4tri,affine,2,1494,1289,1289,64,135,47.70887149225476
Batch_3,kbdh4tri,affine,3,4994,1289,1289,16,0,1.1320131853170197
Batch_3,kbdh4tri,affine,3,4994,1289,1289,16,45,2.000440721493762
Batch_3,kbdh4tri,affine,3,4994,1289,1289,16,90,2.128949649397282
Batch_3,kbdh4tri,affine,3,4994,1289,1289,16,135,0.7536143273817614
Batch_3,kbdh4tri,affine,3,4994,1289,1289,32,0,9.447165359542353
Batch_3,kbdh4tri,affine,3,4994,1289,1289,32,45,9.812863632305403
Batch_3,kbdh4tri,affine,3,4994,1289,1289,32,90,10.383188370838194
Batch_3,kbdh4tri,affine,3,4994,1289,1289,32,135,4.611015230592519
Batch_3,kbdh4tri,affine,3,4994,1289,1289,64,0,44.41589727805146
Batch_3,kbdh4tri,affine,3,4994,1289,1289,64,45,41.38897470261056
Batch_3,kbdh4tri,affine,3,4994,1289,1289,64,90,42.14163190478799
Batch_3,kbdh4tri,affine,3,4994,1289,1289,64,135,34.21538485335454
Batch_3,mgxahqnk,nominal,0,1494,220,220,16,0,0.8576772513444989
Batch_3,mgxahqnk,nominal,0,1494,220,220,16,45,1.3672917195162728
Batch_3,mgxahqnk,nominal,0,1494,220,220,16,90,4.101878754193033
Batch_3,mgxahqnk,nominal,0,1494,220,220,16,135,1.303225057215708
Batch_3,mgxahqnk,nominal,0,1494,220,220,32,0,4.406853161230005
Batch_3,mgxahqnk,nominal,0,1494,220,220,32,45,6.714352985107677
Batch_3,mgxahqnk,nominal,0,1494,220,220,32,90,26.654261091482635
Batch_3,mgxahqnk,nominal,0,1494,220,220,32,135,6.8790602419942015
Batch_3,mgxahqnk,nominal,0,1494,220,220,64,0,15.505058571141118
Batch_3,mgxahqnk,nominal,0,1494,220,220,64,45,35.31792292887885
Batch_3,mgxahqnk,nominal,0,1494,220,220,64,90,183.22631141201154
Batch_3,mgxahqnk,nominal,0,1494,220,220,64,135,40.95367053163048
Batch_3,mgxahqnk,nominal,1,4994,220,220,16,0,0.8991515105222586
Batch_3,mgxahqnk,nominal,1,4994,220,220,16,45,0.7848949944593424
Batch_3,mgxahqnk,nominal,1,4994,220,220,16,90,1.1306591960720125
Batch_3,mgxahqnk,nominal,1,4994,220,220,16,135,2.0568958040675214
Batch_3,mgxahqnk,nominal,1,4994,220,220,32,0,6.078113671667486
Batch_3,mgxahqnk,nominal,1,4994,220,220,32,45,4.8929710631365335
Batch_3,mgxahqnk,nominal,1,4994,220,220,32,90,8.195043043383096
Batch_3,mgxahqnk,nominal,1,4994,220,220,32,135,9.465522333520848
Batch_3,mgxahqnk,nominal,1,4994,220,220,64,0,22.214334284637122
Batch_3,mgxahqnk,nominal,1,4994,220,220,64,45,33.982875896275395
Batch_3,mgxahqnk,nominal,1,4994,220,220,64,90,32.54680680884433
Batch_3,mgxahqnk,nominal,1,4994,220,220,64,135,48.09503368593985
Batch_3,mgxahqnk,nominal,2,1494,1172,1172,16,0,1.1972579359377522
Batch_3,mgxahqnk,nominal,2,1494,1172,1172,16,45,1.727412305978088
Batch_3,mgxahqnk,nominal,2,1494,1172,1172,16,90,1.999663777577188
Batch_3,mgxahqnk,nominal,2,1494,1172,1172,16,135,1.0046263339399766
Batch_3,mgxahqnk,nominal,2,1494,1172,1172,32,0,5.4710305291394885
Batch_3,mgxahqnk,nominal,2,1494,1172,1172,32,45,12.337543429533122
Batch_3,mgxahqnk,nominal,2,1494,1172,1172,32,90,13.600822220051368
Batch_3,mgxahqnk,nominal,2,1494,1172,1172,32,135,4.953883853559285
Batch_3,mgxahqnk,nominal,2,1494,1172,1172,64,0,20.2959171424757
Batch_3,mgxahqnk,nominal,2,1494,1172,1172,64,45,36.8188569014363
Batch_3,mgxahqnk,nominal,2,1494,1172,1172,64,90,111.22379960741196
Batch_3,mgxahqnk,nominal,2,1494,1172,1172,64,135,21.092400642545478
Batch_3,mgxahqnk,nominal,3,4994,1172,1172,16,0,0.6055605636863848
Batch_3,mgxahqnk,nominal,3,4994,1172,1172,16,45,0.8639623763913462
Batch_3,mgxahqnk,nominal,3,4994,1172,1172,16,90,1.4038574073350907
Batch_3,mgxahqnk,nominal,3,4994,1172,1172,16,135,0.806672172044957
Batch_3,mgxahqnk,nominal,3,4994,1172,1172,32,0,5.890858910626365
Batch_3,mgxahqnk,nominal,3,4994,1172,1172,32,45,9.818191058567226
Batch_3,mgxahqnk,nominal,3,4994,1172,1172,32,90,12.162041554839446
Batch_3,mgxahqnk,nominal,3,4994,1172,1172,32,135,4.690990390147602
Batch_3,mgxahqnk,nominal,3,4994,1172,1172,64,0,48.961645809617494
Batch_3,mgxahqnk,nominal,3,4994,1172,1172,64,45,64.71619732567578
Batch_3,mgxahqnk,nominal,3,4994,1172,1172,64,90,68.5701510028938
Batch_3,mgxahqnk,nominal,3,4994,1172,1172,64,135,33.04180826358909
Batch_3,mgxahqnk,full_resolution,0,1494,220,220,16,0,2.8263068244035736
Batch_3,mgxahqnk,full_resolution,0,1494,220,220,16,45,4.5100447369901495
Batch_3,mgxahqnk,full_resolution,0,1494,220,220,16,90,13.57375117771194
Batch_3,mgxahqnk,full_resolution,0,1494,220,220,16,135,4.313080992165424
Batch_3,mgxahqnk,full_resolution,0,1494,220,220,32,0,14.342454482544674
Batch_3,mgxahqnk,full_resolution,0,1494,220,220,32,45,21.74441053301205
Batch_3,mgxahqnk,full_resolution,0,1494,220,220,32,90,86.28382930720583
Batch_3,mgxahqnk,full_resolution,0,1494,220,220,32,135,22.246430064506615
Batch_3,mgxahqnk,full_resolution,0,1494,220,220,64,0,49.879411012766965
Batch_3,mgxahqnk,full_resolution,0,1494,220,220,64,45,113.74702510857455
Batch_3,mgxahqnk,full_resolution,0,1494,220,220,64,90,590.2272761150831
Batch_3,mgxahqnk,full_resolution,0,1494,220,220,64,135,132.0172826244759
Batch_3,mgxahqnk,full_resolution,1,4994,220,220,16,0,3.2470961453876974
Batch_3,mgxahqnk,full_resolution,1,4994,220,220,16,45,2.8110555436448292
Batch_3,mgxahqnk,full_resolution,1,4994,220,220,16,90,4.1100599621000855
Batch_3,mgxahqnk,full_resolution,1,4994,220,220,16,135,7.463853315508726
Batch_3,mgxahqnk,full_resolution,1,4994,220,220,32,0,21.548235438550513
Batch_3,mgxahqnk,full_resolution,1,4994,220,220,32,45,17.362422090248973
Batch_3,mgxahqnk,full_resolution,1,4994,220,220,32,90,29.092049971359266
Batch_3,mgxahqnk,full_resolution,1,4994,220,220,32,135,33.60080741262329
Batch_3,mgxahqnk,full_resolution,1,4994,220,220,64,0,78.3339778514265
Batch_3,mgxahqnk,full_resolution,1,4994,220,220,64,45,119.72849808177769
Batch_3,mgxahqnk,full_resolution,1,4994,220,220,64,90,114.9188177449081
Batch_3,mgxahqnk,full_resolution,1,4994,220,220,64,135,169.67268634324782
Batch_3,mgxahqnk,full_resolution,2,1494,1172,1172,16,0,3.96898550494478
Batch_3,mgxahqnk,full_resolution,2,1494,1172,1172,16,45,5.722517844799338
Batch_3,mgxahqnk,full_resolution,2,1494,1172,1172,16,90,6.6915846086254325
Batch_3,mgxahqnk,full_resolution,2,1494,1172,1172,16,135,3.327241015564093
Batch_3,mgxahqnk,full_resolution,2,1494,1172,1172,32,0,17.84586269695144
Batch_3,mgxahqnk,full_resolution,2,1494,1172,1172,32,45,40.10027525483565
Batch_3,mgxahqnk,full_resolution,2,1494,1172,1172,32,90,44.216278073920456
Batch_3,mgxahqnk,full_resolution,2,1494,1172,1172,32,135,16.095914543211634
Batch_3,mgxahqnk,full_resolution,2,1494,1172,1172,64,0,65.67779647069686
Batch_3,mgxahqnk,full_resolution,2,1494,1172,1172,64,45,119.31462587436039
Batch_3,mgxahqnk,full_resolution,2,1494,1172,1172,64,90,360.00796707118883
Batch_3,mgxahqnk,full_resolution,2,1494,1172,1172,64,135,68.23284749257449
Batch_3,mgxahqnk,full_resolution,3,4994,1172,1172,16,0,2.2514661271395497
Batch_3,mgxahqnk,full_resolution,3,4994,1172,1172,16,45,3.1967454669545265
Batch_3,mgxahqnk,full_resolution,3,4994,1172,1172,16,90,5.194434451880224
Batch_3,mgxahqnk,full_resolution,3,4994,1172,1172,16,135,2.9840120624251285
Batch_3,mgxahqnk,full_resolution,3,4994,1172,1172,32,0,21.488609224935022
Batch_3,mgxahqnk,full_resolution,3,4994,1172,1172,32,45,35.740750924984624
Batch_3,mgxahqnk,full_resolution,3,4994,1172,1172,32,90,44.30619171619231
Batch_3,mgxahqnk,full_resolution,3,4994,1172,1172,32,135,17.097019759702967
Batch_3,mgxahqnk,full_resolution,3,4994,1172,1172,64,0,177.22368208005042
Batch_3,mgxahqnk,full_resolution,3,4994,1172,1172,64,45,234.23522967301787
Batch_3,mgxahqnk,full_resolution,3,4994,1172,1172,64,90,248.12752602640592
Batch_3,mgxahqnk,full_resolution,3,4994,1172,1172,64,135,119.65635102321427
Batch_3,mgxahqnk,gamma_075,0,1494,220,220,16,0,0.751714560552071
Batch_3,mgxahqnk,gamma_075,0,1494,220,220,16,45,1.2491109719637783
Batch_3,mgxahqnk,gamma_075,0,1494,220,220,16,90,3.8740434806090267
Batch_3,mgxahqnk,gamma_075,0,1494,220,220,16,135,1.1187039288654983
Batch_3,mgxahqnk,gamma_075,0,1494,220,220,32,0,4.180863934102144
Batch_3,mgxahqnk,gamma_075,0,1494,220,220,32,45,6.769600732548293
Batch_3,mgxahqnk,gamma_075,0,1494,220,220,32,90,27.008145159609676
Batch_3,mgxahqnk,gamma_075,0,1494,220,220,32,135,6.4969600842773545
Batch_3,mgxahqnk,gamma_075,0,1494,220,220,64,0,15.473585310900411
Batch_3,mgxahqnk,gamma_075,0,1494,220,220,64,45,35.8418140806244
Batch_3,mgxahqnk,gamma_075,0,1494,220,220,64,90,195.55390739590447
Batch_3,mgxahqnk,gamma_075,0,1494,220,220,64,135,41.84731395484359
Batch_3,mgxahqnk,gamma_075,1,4994,220,220,16,0,1.0563549087641626
Batch_3,mgxahqnk,gamma_075,1,4994,220,220,16,45,0.90819986820919
Batch_3,mgxahqnk,gamma_075,1,4994,220,220,16,90,1.274237812863649
Batch_3,mgxahqnk,gamma_075,1,4994,220,220,16,135,2.3126235449241794
Batch_3,mgxahqnk,gamma_075,1,4994,220,220,32,0,6.983886234261664
Batch_3,mgxahqnk,gamma_075,1,4994,220,220,32,45,6.265449901180158
Batch_3,mgxahqnk,gamma_075,1,4994,220,220,32,90,9.365983861899963
Batch_3,mgxahqnk,gamma_075,1,4994,220,220,32,135,10.567470257453106
Batch_3,mgxahqnk,gamma_075,1,4994,220,220,64,0,27.262720755559425
Batch_3,mgxahqnk,gamma_075,1,4994,220,220,64,45,46.20532044730018
Batch_3,mgxahqnk,gamma_075,1,4994,220,220,64,90,40.24037984179202
Batch_3,mgxahqnk,gamma_075,1,4994,220,220,64,135,54.16210017546698
Batch_3,mgxahqnk,gamma_075,2,1494,1172,1172,16,0,1.1997860176483328
Batch_3,mgxahqnk,gamma_075,2,1494,1172,1172,16,45,1.7245938185819747
Batch_3,mgxahqnk,gamma_075,2,1494,1172,1172,16,90,2.101654900174754
Batch_3,mgxahqnk,gamma_075,2,1494,1172,1172,16,135,1.0509332345269387
Batch_3,mgxahqnk,gamma_075,2,1494,1172,1172,32,0,5.383416111558091
Batch_3,mgxahqnk,gamma_075,2,1494,1172,1172,32,45,12.560582457633684
Batch_3,mgxahqnk,gamma_075,2,1494,1172,1172,32,90,15.474561419506156
Batch_3,mgxahqnk,gamma_075,2,1494,1172,1172,32,135,5.482939615403832
Batch_3,mgxahqnk,gamma_075,2,1494,1172,1172,64,0,20.383475101832904
Batch_3,mgxahqnk,gamma_075,2,1494,1172,1172,64,45,38.26998548452012
Batch_3,mgxahqnk,gamma_075,2,1494,1172,1172,64,90,123.89149274437125
Batch_3,mgxahqnk,gamma_075,2,1494,1172,1172,64,135,23.97701128181123
Batch_3,mgxahqnk,gamma_075,3,4994,1172,1172,16,0,0.7261380733730056
Batch_3,mgxahqnk,gamma_075,3,4994,1172,1172,16,45,1.1026372849603308
Batch_3,mgxahqnk,gamma_075,3,4994,1172,1172,16,90,1.6611223394284247
Batch_3,mgxahqnk,gamma_075,3,4994,1172,1172,16,135,0.8907426730845686
Batch_3,mgxahqnk,gamma_075,3,4994,1172,1172,32,0,7.558163854697947
Batch_3,mgxahqnk,gamma_075,3,4994,1172,1172,32,45,13.117068031420182
Batch_3,mgxahqnk,gamma_075,3,4994,1172,1172,32,90,13.576276775608166
Batch_3,mgxahqnk,gamma_075,3,4994,1172,1172,32,135,5.323741582383534
Batch_3,mgxahqnk,gamma_075,3,4994,1172,1172,64,0,55.52558153241092
Batch_3,mgxahqnk,gamma_075,3,4994,1172,1172,64,45,76.18784762803519
Batch_3,mgxahqnk,gamma_075,3,4994,1172,1172,64,90,68.79901329289528
Batch_3,mgxahqnk,gamma_075,3,4994,1172,1172,64,135,34.7026332946816
Batch_3,mgxahqnk,gamma_125,0,1494,220,220,16,0,0.9425760637900098
Batch_3,mgxahqnk,gamma_125,0,1494,220,220,16,45,1.4595481690145073
Batch_3,mgxahqnk,gamma_125,0,1494,220,220,16,90,4.233035154773279
Batch_3,mgxahqnk,gamma_125,0,1494,220,220,16,135,1.4548185231496447
Batch_3,mgxahqnk,gamma_125,0,1494,220,220,32,0,4.520792847960875
Batch_3,mgxahqnk,gamma_125,0,1494,220,220,32,45,6.513765897983182
Batch_3,mgxahqnk,gamma_125,0,1494,220,220,32,90,25.785948937379843
Batch_3,mgxahqnk,gamma_125,0,1494,220,220,32,135,7.048928145714373
Batch_3,mgxahqnk,gamma_125,0,1494,220,220,64,0,15.323783308298449
Batch_3,mgxahqnk,gamma_125,0,1494,220,220,64,45,34.22836128064963
Batch_3,mgxahqnk,gamma_125,0,1494,220,220,64,90,168.54261445276487
Batch_3,mgxahqnk,gamma_125,0,1494,220,220,64,135,39.15315721123799
Batch_3,mgxahqnk,gamma_125,1,4994,220,220,16,0,0.7706146169779242
Batch_3,mgxahqnk,gamma_125,1,4994,220,220,16,45,0.6774755942079622
Batch_3,mgxahqnk,gamma_125,1,4994,220,220,16,90,0.9842905173551642
Batch_3,mgxahqnk,gamma_125,1,4994,220,220,16,135,1.7836284927528394
Batch_3,mgxahqnk,gamma_125,1,4994,220,220,32,0,5.219405697169378
Batch_3,mgxahqnk,gamma_125,1,4994,220,220,32,45,3.9127629828202117
Batch_3,mgxahqnk,gamma_125,1,4994,220,220,32,90,6.994767017974462
Batch_3,mgxahqnk,gamma_125,1,4994,220,220,32,135,8.23978608173127
Batch_3,mgxahqnk,gamma_125,1,4994,220,220,64,0,18.05481369334391
Batch_3,mgxahqnk,gamma_125,1,4994,220,220,64,45,25.35754580114481
Batch_3,mgxahqnk,gamma_125,1,4994,220,220,64,90,25.918905804388643
Batch_3,mgxahqnk,gamma_125,1,4994,220,220,64,135,41.50874572918282
Batch_3,mgxahqnk,gamma_125,2,1494,1172,1172,16,0,1.156851635862711
Batch_3,mgxahqnk,gamma_125,2,1494,1172,1172,16,45,1.7054562274640765
Batch_3,mgxahqnk,gamma_125,2,1494,1172,1172,16,90,1.8503581183374604
Batch_3,mgxahqnk,gamma_125,2,1494,1172,1172,16,135,0.9461448166503473
Batch_3,mgxahqnk,gamma_125,2,1494,1172,1172,32,0,5.390401746924527
Batch_3,mgxahqnk,gamma_125,2,1494,1172,1172,32,45,11.890350945904895
Batch_3,mgxahqnk,gamma_125,2,1494,1172,1172,32,90,11.676580073187985
Batch_3,mgxahqnk,gamma_125,2,1494,1172,1172,32,135,4.497258745571091
Batch_3,mgxahqnk,gamma_125,2,1494,1172,1172,64,0,19.754274729274577
Batch_3,mgxahqnk,gamma_125,2,1494,1172,1172,64,45,34.94014362545244
Batch_3,mgxahqnk,gamma_125,2,1494,1172,1172,64,90,96.76626274662145
Batch_3,mgxahqnk,gamma_125,2,1494,1172,1172,64,135,18.520102205721663
Batch_3,mgxahqnk,gamma_125,3,4994,1172,1172,16,0,0.5273558966934634
Batch_3,mgxahqnk,gamma_125,3,4994,1172,1172,16,45,0.7333718307925102
Batch_3,mgxahqnk,gamma_125,3,4994,1172,1172,16,90,1.232150457675808
Batch_3,mgxahqnk,gamma_125,3,4994,1172,1172,16,135,0.7463369308938712
Batch_3,mgxahqnk,gamma_125,3,4994,1172,1172,32,0,4.745613839760064
Batch_3,mgxahqnk,gamma_125,3,4994,1172,1172,32,45,7.843032328369718
Batch_3,mgxahqnk,gamma_125,3,4994,1172,1172,32,90,11.236738082634485
Batch_3,mgxahqnk,gamma_125,3,4994,1172,1172,32,135,4.220179284328216
Batch_3,mgxahqnk,gamma_125,3,4994,1172,1172,64,0,44.100400522782365
Batch_3,mgxahqnk,gamma_125,3,4994,1172,1172,64,45,57.17728231491471
Batch_3,mgxahqnk,gamma_125,3,4994,1172,1172,64,90,69.32034444115834
Batch_3,mgxahqnk,gamma_125,3,4994,1172,1172,64,135,32.15919686477955
Batch_3,mgxahqnk,affine,0,1494,220,220,16,0,0.8576772513444989
Batch_3,mgxahqnk,affine,0,1494,220,220,16,45,1.3672917195162728
Batch_3,mgxahqnk,affine,0,1494,220,220,16,90,4.1018787541930335
Batch_3,mgxahqnk,affine,0,1494,220,220,16,135,1.3032250572157082
Batch_3,mgxahqnk,affine,0,1494,220,220,32,0,4.406853161230006
Batch_3,mgxahqnk,affine,0,1494,220,220,32,45,6.714352985107679
Batch_3,mgxahqnk,affine,0,1494,220,220,32,90,26.654261091482645
Batch_3,mgxahqnk,affine,0,1494,220,220,32,135,6.879060241994203
Batch_3,mgxahqnk,affine,0,1494,220,220,64,0,15.505058571141122
Batch_3,mgxahqnk,affine,0,1494,220,220,64,45,35.31792292887885
Batch_3,mgxahqnk,affine,0,1494,220,220,64,90,183.22631141201154
Batch_3,mgxahqnk,affine,0,1494,220,220,64,135,40.95367053163049
Batch_3,mgxahqnk,affine,1,4994,220,220,16,0,0.8991515105222588
Batch_3,mgxahqnk,affine,1,4994,220,220,16,45,0.7848949944593424
Batch_3,mgxahqnk,affine,1,4994,220,220,16,90,1.1306591960720125
Batch_3,mgxahqnk,affine,1,4994,220,220,16,135,2.056895804067521
Batch_3,mgxahqnk,affine,1,4994,220,220,32,0,6.078113671667484
Batch_3,mgxahqnk,affine,1,4994,220,220,32,45,4.892971063136532
Batch_3,mgxahqnk,affine,1,4994,220,220,32,90,8.195043043383093
Batch_3,mgxahqnk,affine,1,4994,220,220,32,135,9.465522333520846
Batch_3,mgxahqnk,affine,1,4994,220,220,64,0,22.214334284637115
Batch_3,mgxahqnk,affine,1,4994,220,220,64,45,33.98287589627539
Batch_3,mgxahqnk,affine,1,4994,220,220,64,90,32.54680680884432
Batch_3,mgxahqnk,affine,1,4994,220,220,64,135,48.09503368593985
Batch_3,mgxahqnk,affine,2,1494,1172,1172,16,0,1.197257935937752
Batch_3,mgxahqnk,affine,2,1494,1172,1172,16,45,1.727412305978088
Batch_3,mgxahqnk,affine,2,1494,1172,1172,16,90,1.9996637775771875
Batch_3,mgxahqnk,affine,2,1494,1172,1172,16,135,1.0046263339399766
Batch_3,mgxahqnk,affine,2,1494,1172,1172,32,0,5.471030529139487
Batch_3,mgxahqnk,affine,2,1494,1172,1172,32,45,12.33754342953312
Batch_3,mgxahqnk,affine,2,1494,1172,1172,32,90,13.600822220051366
Batch_3,mgxahqnk,affine,2,1494,1172,1172,32,135,4.953883853559285
Batch_3,mgxahqnk,affine,2,1494,1172,1172,64,0,20.295917142475698
Batch_3,mgxahqnk,affine,2,1494,1172,1172,64,45,36.8188569014363
Batch_3,mgxahqnk,affine,2,1494,1172,1172,64,90,111.22379960741196
Batch_3,mgxahqnk,affine,2,1494,1172,1172,64,135,21.092400642545478
Batch_3,mgxahqnk,affine,3,4994,1172,1172,16,0,0.6055605636863848
Batch_3,mgxahqnk,affine,3,4994,1172,1172,16,45,0.8639623763913462
Batch_3,mgxahqnk,affine,3,4994,1172,1172,16,90,1.403857407335091
Batch_3,mgxahqnk,affine,3,4994,1172,1172,16,135,0.806672172044957
Batch_3,mgxahqnk,affine,3,4994,1172,1172,32,0,5.890858910626365
Batch_3,mgxahqnk,affine,3,4994,1172,1172,32,45,9.818191058567225
Batch_3,mgxahqnk,affine,3,4994,1172,1172,32,90,12.162041554839446
Batch_3,mgxahqnk,affine,3,4994,1172,1172,32,135,4.690990390147602
Batch_3,mgxahqnk,affine,3,4994,1172,1172,64,0,48.961645809617494
Batch_3,mgxahqnk,affine,3,4994,1172,1172,64,45,64.71619732567576
Batch_3,mgxahqnk,affine,3,4994,1172,1172,64,90,68.5701510028938
Batch_3,mgxahqnk,affine,3,4994,1172,1172,64,135,33.04180826358909
Batch_3,pl8uabbv,nominal,0,1494,312,312,16,0,0.2990391176205025
Batch_3,pl8uabbv,nominal,0,1494,312,312,16,45,1.467250545392135
Batch_3,pl8uabbv,nominal,0,1494,312,312,16,90,0.7805386274343266
Batch_3,pl8uabbv,nominal,0,1494,312,312,16,135,0.46124838930081374
Batch_3,pl8uabbv,nominal,0,1494,312,312,32,0,1.080062972199886
Batch_3,pl8uabbv,nominal,0,1494,312,312,32,45,6.906463257427651
Batch_3,pl8uabbv,nominal,0,1494,312,312,32,90,4.4186576417306815
Batch_3,pl8uabbv,nominal,0,1494,312,312,32,135,2.0834695833247956
Batch_3,pl8uabbv,nominal,0,1494,312,312,64,0,6.864753136938543
Batch_3,pl8uabbv,nominal,0,1494,312,312,64,45,42.06846170200177
Batch_3,pl8uabbv,nominal,0,1494,312,312,64,90,31.14241647646418
Batch_3,pl8uabbv,nominal,0,1494,312,312,64,135,8.96857544710927
Batch_3,pl8uabbv,nominal,1,4994,312,312,16,0,0.6718545811293627
Batch_3,pl8uabbv,nominal,1,4994,312,312,16,45,1.6324954621992311
Batch_3,pl8uabbv,nominal,1,4994,312,312,16,90,1.4074382543389496
Batch_3,pl8uabbv,nominal,1,4994,312,312,16,135,1.1069091895120793
Batch_3,pl8uabbv,nominal,1,4994,312,312,32,0,1.933362064313341
Batch_3,pl8uabbv,nominal,1,4994,312,312,32,45,4.952905742783355
Batch_3,pl8uabbv,nominal,1,4994,312,312,32,90,9.481439867968916
Batch_3,pl8uabbv,nominal,1,4994,312,312,32,135,3.988332196473726
Batch_3,pl8uabbv,nominal,1,4994,312,312,64,0,13.73160660998547
Batch_3,pl8uabbv,nominal,1,4994,312,312,64,45,17.840458520217616
Batch_3,pl8uabbv,nominal,1,4994,312,312,64,90,45.38376094516207
Batch_3,pl8uabbv,nominal,1,4994,312,312,64,135,16.1735587312186
Batch_3,pl8uabbv,nominal,2,1494,1448,1448,16,0,2.1887249313763437
Batch_3,pl8uabbv,nominal,2,1494,1448,1448,16,45,2.2282550410580924
Batch_3,pl8uabbv,nominal,2,1494,1448,1448,16,90,3.1488661831524207
Batch_3,pl8uabbv,nominal,2,1494,1448,1448,16,135,1.7599400213514684
Batch_3,pl8uabbv,nominal,2,1494,1448,1448,32,0,9.012378717181825
Batch_3,pl8uabbv,nominal,2,1494,1448,1448,32,45,7.764903856385612
Batch_3,pl8uabbv,nominal,2,1494,1448,1448,32,90,16.227964899217493
Batch_3,pl8uabbv,nominal,2,1494,1448,1448,32,135,8.729604812095104
Batch_3,pl8uabbv,nominal,2,1494,1448,1448,64,0,40.38793571315982
Batch_3,pl8uabbv,nominal,2,1494,1448,1448,64,45,26.952211386304935
Batch_3,pl8uabbv,nominal,2,1494,1448,1448,64,90,86.49571775605428
Batch_3,pl8uabbv,nominal,2,1494,1448,1448,64,135,49.03241248634758
Batch_3,pl8uabbv,nominal,3,4994,1448,1448,16,0,2.0044795447219808
Batch_3,pl8uabbv,nominal,3,4994,1448,1448,16,45,1.5875624101692585
Batch_3,pl8uabbv,nominal,3,4994,1448,1448,16,90,1.7884427533200908
Batch_3,pl8uabbv,nominal,3,4994,1448,1448,16,135,0.9109535526599329
Batch_3,pl8uabbv,nominal,3,4994,1448,1448,32,0,5.355783069678425
Batch_3,pl8uabbv,nominal,3,4994,1448,1448,32,45,6.203688308559291
Batch_3,pl8uabbv,nominal,3,4994,1448,1448,32,90,10.676199945994208
Batch_3,pl8uabbv,nominal,3,4994,1448,1448,32,135,5.509956432126244
Batch_3,pl8uabbv,nominal,3,4994,1448,1448,64,0,16.23082381305142
Batch_3,pl8uabbv,nominal,3,4994,1448,1448,64,45,19.601747944699113
Batch_3,pl8uabbv,nominal,3,4994,1448,1448,64,90,96.71690955479411
Batch_3,pl8uabbv,nominal,3,4994,1448,1448,64,135,31.791812008448197
Batch_3,pl8uabbv,full_resolution,0,1494,312,312,16,0,0.9993065145789829
Batch_3,pl8uabbv,full_resolution,0,1494,312,312,16,45,4.918488496849767
Batch_3,pl8uabbv,full_resolution,0,1494,312,312,16,90,2.6229719908997167
Batch_3,pl8uabbv,full_resolution,0,1494,312,312,16,135,1.5574721208650157
Batch_3,pl8uabbv,full_resolution,0,1494,312,312,32,0,3.562189195288677
Batch_3,pl8uabbv,full_resolution,0,1494,312,312,32,45,22.67726175614832
Batch_3,pl8uabbv,full_resolution,0,1494,312,312,32,90,14.470629057526406
Batch_3,pl8uabbv,full_resolution,0,1494,312,312,32,135,6.8417579227670045
Batch_3,pl8uabbv,full_resolution,0,1494,312,312,64,0,22.434825926416682
Batch_3,pl8uabbv,full_resolution,0,1494,312,312,64,45,137.67409497366563
Batch_3,pl8uabbv,full_resolution,0,1494,312,312,64,90,101.84021062385378
Batch_3,pl8uabbv,full_resolution,0,1494,312,312,64,135,29.29085363993517
Batch_3,pl8uabbv,full_resolution,1,4994,312,312,16,0,2.1650068829374467
Batch_3,pl8uabbv,full_resolution,1,4994,312,312,16,45,5.234907864505812
Batch_3,pl8uabbv,full_resolution,1,4994,312,312,16,90,4.461283809678041
Batch_3,pl8uabbv,full_resolution,1,4994,312,312,16,135,3.4938184741107507
Batch_3,pl8uabbv,full_resolution,1,4994,312,312,32,0,6.030099228767048
Batch_3,pl8uabbv,full_resolution,1,4994,312,312,32,45,15.49092536148918
Batch_3,pl8uabbv,full_resolution,1,4994,312,312,32,90,29.560879603610942
Batch_3,pl8uabbv,full_resolution,1,4994,312,312,32,135,12.46957858099339
Batch_3,pl8uabbv,full_resolution,1,4994,312,312,64,0,42.662981298822245
Batch_3,pl8uabbv,full_resolution,1,4994,312,312,64,45,55.457065510056076
Batch_3,pl8uabbv,full_resolution,1,4994,312,312,64,90,141.10529388131727
Batch_3,pl8uabbv,full_resolution,1,4994,312,312,64,135,50.21072781638065
Batch_3,pl8uabbv,full_resolution,2,1494,1448,1448,16,0,6.703437521158646
Batch_3,pl8uabbv,full_resolution,2,1494,1448,1448,16,45,6.8355577712239075
Batch_3,pl8uabbv,full_resolution,2,1494,1448,1448,16,90,9.61989565625454
Batch_3,pl8uabbv,full_resolution,2,1494,1448,1448,16,135,5.407772780293441
Batch_3,pl8uabbv,full_resolution,2,1494,1448,1448,32,0,26.91581563961594
Batch_3,pl8uabbv,full_resolution,2,1494,1448,1448,32,45,23.218163907749886
Batch_3,pl8uabbv,full_resolution,2,1494,1448,1448,32,90,48.44505361418712
Batch_3,pl8uabbv,full_resolution,2,1494,1448,1448,32,135,26.023331971335793
Batch_3,pl8uabbv,full_resolution,2,1494,1448,1448,64,0,119.91237116027645
Batch_3,pl8uabbv,full_resolution,2,1494,1448,1448,64,45,79.94574106216787
Batch_3,pl8uabbv,full_resolution,2,1494,1448,1448,64,90,256.85864739340957
Batch_3,pl8uabbv,full_resolution,2,1494,1448,1448,64,135,145.32567924654796
Batch_3,pl8uabbv,full_resolution,3,4994,1448,1448,16,0,6.514133652437305
Batch_3,pl8uabbv,full_resolution,3,4994,1448,1448,16,45,5.163652449756825
Batch_3,pl8uabbv,full_resolution,3,4994,1448,1448,16,90,5.785211908228047
Batch_3,pl8uabbv,full_resolution,3,4994,1448,1448,16,135,2.9677527156828374
Batch_3,pl8uabbv,full_resolution,3,4994,1448,1448,32,0,17.01139084064
Batch_3,pl8uabbv,full_resolution,3,4994,1448,1448,32,45,19.718037249190303
Batch_3,pl8uabbv,full_resolution,3,4994,1448,1448,32,90,33.8415798256215
Batch_3,pl8uabbv,full_resolution,3,4994,1448,1448,32,135,17.466198046073345
Batch_3,pl8uabbv,full_resolution,3,4994,1448,1448,64,0,51.293471591777354
Batch_3,pl8uabbv,full_resolution,3,4994,1448,1448,64,45,62.024245326916414
Batch_3,pl8uabbv,full_resolution,3,4994,1448,1448,64,90,305.7778190286713
Batch_3,pl8uabbv,full_resolution,3,4994,1448,1448,64,135,100.52064103339313
Batch_3,pl8uabbv,gamma_075,0,1494,312,312,16,0,0.3368234830025444
Batch_3,pl8uabbv,gamma_075,0,1494,312,312,16,45,1.6107308563563085
Batch_3,pl8uabbv,gamma_075,0,1494,312,312,16,90,0.8648415655272372
Batch_3,pl8uabbv,gamma_075,0,1494,312,312,16,135,0.5073139607177582
Batch_3,pl8uabbv,gamma_075,0,1494,312,312,32,0,1.3054370538369204
Batch_3,pl8uabbv,gamma_075,0,1494,312,312,32,45,8.13767403876699
Batch_3,pl8uabbv,gamma_075,0,1494,312,312,32,90,5.240700283967385
Batch_3,pl8uabbv,gamma_075,0,1494,312,312,32,135,2.494091393498984
Batch_3,pl8uabbv,gamma_075,0,1494,312,312,64,0,8.871756620911121
Batch_3,pl8uabbv,gamma_075,0,1494,312,312,64,45,52.79146140996336
Batch_3,pl8uabbv,gamma_075,0,1494,312,312,64,90,39.40185080172604
Batch_3,pl8uabbv,gamma_075,0,1494,312,312,64,135,10.618732901028379
Batch_3,pl8uabbv,gamma_075,1,4994,312,312,16,0,0.672038735494585
Batch_3,pl8uabbv,gamma_075,1,4994,312,312,16,45,1.7228313028718094
Batch_3,pl8uabbv,gamma_075,1,4994,312,312,16,90,1.5186772778735522
Batch_3,pl8uabbv,gamma_075,1,4994,312,312,16,135,1.2184700321311845
Batch_3,pl8uabbv,gamma_075,1,4994,312,312,32,0,2.1203856466142144
Batch_3,pl8uabbv,gamma_075,1,4994,312,312,32,45,5.339856921120147
Batch_3,pl8uabbv,gamma_075,1,4994,312,312,32,90,11.140906717014776
Batch_3,pl8uabbv,gamma_075,1,4994,312,312,32,135,4.6768657373191544
Batch_3,pl8uabbv,gamma_075,1,4994,312,312,64,0,16.420304531329702
Batch_3,pl8uabbv,gamma_075,1,4994,312,312,64,45,20.98372973295919
Batch_3,pl8uabbv,gamma_075,1,4994,312,312,64,90,56.25831754260671
Batch_3,pl8uabbv,gamma_075,1,4994,312,312,64,135,20.294755542022248
Batch_3,pl8uabbv,gamma_075,2,1494,1448,1448,16,0,2.1818488911960334
Batch_3,pl8uabbv,gamma_075,2,1494,1448,1448,16,45,2.1941176274894456
Batch_3,pl8uabbv,gamma_075,2,1494,1448,1448,16,90,3.00838333374121
Batch_3,pl8uabbv,gamma_075,2,1494,1448,1448,16,135,1.6815032358318676
Batch_3,pl8uabbv,gamma_075,2,1494,1448,1448,32,0,9.033302741401469
Batch_3,pl8uabbv,gamma_075,2,1494,1448,1448,32,45,7.812837109896111
Batch_3,pl8uabbv,gamma_075,2,1494,1448,1448,32,90,16.732035840662707
Batch_3,pl8uabbv,gamma_075,2,1494,1448,1448,32,135,8.880135175255127
Batch_3,pl8uabbv,gamma_075,2,1494,1448,1448,64,0,39.42692350210676
Batch_3,pl8uabbv,gamma_075,2,1494,1448,1448,64,45,29.53763324794269
Batch_3,pl8uabbv,gamma_075,2,1494,1448,1448,64,90,94.12753983064738
Batch_3,pl8uabbv,gamma_075,2,1494,1448,1448,64,135,54.19421380395992
Batch_3,pl8uabbv,gamma_075,3,4994,1448,1448,16,0,1.8701581694281737
Batch_3,pl8uabbv,gamma_075,3,4994,1448,1448,16,45,1.4832576488039735
Batch_3,pl8uabbv,gamma_075,3,4994,1448,1448,16,90,1.7134170287136317
Batch_3,pl8uabbv,gamma_075,3,4994,1448,1448,16,135,0.8529572604579756
Batch_3,pl8uabbv,gamma_075,3,4994,1448,1448,32,0,5.6898645483947465
Batch_3,pl8uabbv,gamma_075,3,4994,1448,1448,32,45,6.244819150035835
Batch_3,pl8uabbv,gamma_075,3,4994,1448,1448,32,90,10.97403453281332
Batch_3,pl8uabbv,gamma_075,3,4994,1448,1448,32,135,5.701069379453594
Batch_3,pl8uabbv,gamma_075,3,4994,1448,1448,64,0,19.642954905887066
Batch_3,pl8uabbv,gamma_075,3,4994,1448,1448,64,45,20.132464590791766
Batch_3,pl8uabbv,gamma_075,3,4994,1448,1448,64,90,99.89932904820438
Batch_3,pl8uabbv,gamma_075,3,4994,1448,1448,64,135,36.80380069271087
Batch_3,pl8uabbv,gamma_125,0,1494,312,312,16,0,0.2671357749705535
Batch_3,pl8uabbv,gamma_125,0,1494,312,312,16,45,1.3358898838798714
Batch_3,pl8uabbv,gamma_125,0,1494,312,312,16,90,0.7054206267307308
Batch_3,pl8uabbv,gamma_125,0,1494,312,312,16,135,0.4157358682239045
Batch_3,pl8uabbv,gamma_125,0,1494,312,312,32,0,0.9075141393420572
Batch_3,pl8uabbv,gamma_125,0,1494,312,312,32,45,5.925807027981145
Batch_3,pl8uabbv,gamma_125,0,1494,312,312,32,90,3.818304817157095
Batch_3,pl8uabbv,gamma_125,0,1494,312,312,32,135,1.760442792905443
Batch_3,pl8uabbv,gamma_125,0,1494,312,312,64,0,5.611913470868301
Batch_3,pl8uabbv,gamma_125,0,1494,312,312,64,45,33.84013903119197
Batch_3,pl8uabbv,gamma_125,0,1494,312,312,64,90,25.03645092733471
Batch_3,pl8uabbv,gamma_125,0,1494,312,312,64,135,7.691665366887795
Batch_3,pl8uabbv,gamma_125,1,4994,312,312,16,0,0.6421432492395518
Batch_3,pl8uabbv,gamma_125,1,4994,312,312,16,45,1.4835183475269096
Batch_3,pl8uabbv,gamma_125,1,4994,312,312,16,90,1.260791347152688
Batch_3,pl8uabbv,gamma_125,1,4994,312,312,16,135,0.9890218843035642
Batch_3,pl8uabbv,gamma_125,1,4994,312,312,32,0,1.7758935459959304
Batch_3,pl8uabbv,gamma_125,1,4994,312,312,32,45,4.527679243177781
Batch_3,pl8uabbv,gamma_125,1,4994,312,312,32,90,8.073312906795184
Batch_3,pl8uabbv,gamma_125,1,4994,312,312,32,135,3.4233519095764056
Batch_3,pl8uabbv,gamma_125,1,4994,312,312,64,0,12.015802219787897
Batch_3,pl8uabbv,gamma_125,1,4994,312,312,64,45,15.987601039208103
Batch_3,pl8uabbv,gamma_125,1,4994,312,312,64,90,36.82391994832948
Batch_3,pl8uabbv,gamma_125,1,4994,312,312,64,135,13.166177224298519
Batch_3,pl8uabbv,gamma_125,2,1494,1448,1448,16,0,2.141323806117627
Batch_3,pl8uabbv,gamma_125,2,1494,1448,1448,16,45,2.227493027163783
Batch_3,pl8uabbv,gamma_125,2,1494,1448,1448,16,90,3.1934037125968997
Batch_3,pl8uabbv,gamma_125,2,1494,1448,1448,16,135,1.7833443928999997
Batch_3,pl8uabbv,gamma_125,2,1494,1448,1448,32,0,8.741542863859577
Batch_3,pl8uabbv,gamma_125,2,1494,1448,1448,32,45,7.615678618371971
Batch_3,pl8uabbv,gamma_125,2,1494,1448,1448,32,90,15.499078141388509
Batch_3,pl8uabbv,gamma_125,2,1494,1448,1448,32,135,8.404583765617675
Batch_3,pl8uabbv,gamma_125,2,1494,1448,1448,64,0,39.8722021403714
Batch_3,pl8uabbv,gamma_125,2,1494,1448,1448,64,45,24.829446991276154
Batch_3,pl8uabbv,gamma_125,2,1494,1448,1448,64,90,77.87731311045447
Batch_3,pl8uabbv,gamma_125,2,1494,1448,1448,64,135,43.9596604638941
Batch_3,pl8uabbv,gamma_125,3,4994,1448,1448,16,0,2.1257590338596266
Batch_3,pl8uabbv,gamma_125,3,4994,1448,1448,16,45,1.6958614460301695
Batch_3,pl8uabbv,gamma_125,3,4994,1448,1448,16,90,1.880317886420803
Batch_3,pl8uabbv,gamma_125,3,4994,1448,1448,16,135,0.9775813305673128
Batch_3,pl8uabbv,gamma_125,3,4994,1448,1448,32,0,5.1439522846235795
Batch_3,pl8uabbv,gamma_125,3,4994,1448,1448,32,45,6.199207755500042
Batch_3,pl8uabbv,gamma_125,3,4994,1448,1448,32,90,10.534361707908074
Batch_3,pl8uabbv,gamma_125,3,4994,1448,1448,32,135,5.374577200517432
Batch_3,pl8uabbv,gamma_125,3,4994,1448,1448,64,0,14.262856864505075
Batch_3,pl8uabbv,gamma_125,3,4994,1448,1448,64,45,19.521293821445013
Batch_3,pl8uabbv,gamma_125,3,4994,1448,1448,64,90,92.83554326008374
Batch_3,pl8uabbv,gamma_125,3,4994,1448,1448,64,135,28.18902991512456
Batch_3,pl8uabbv,affine,0,1494,312,312,16,0,0.29903911762050245
Batch_3,pl8uabbv,affine,0,1494,312,312,16,45,1.4672505453921345
Batch_3,pl8uabbv,affine,0,1494,312,312,16,90,0.7805386274343263
Batch_3,pl8uabbv,affine,0,1494,312,312,16,135,0.4612483893008136
Batch_3,pl8uabbv,affine,0,1494,312,312,32,0,1.0800629721998858
Batch_3,pl8uabbv,affine,0,1494,312,312,32,45,6.90646325742765
Batch_3,pl8uabbv,affine,0,1494,312,312,32,90,4.41865764173068
Batch_3,pl8uabbv,affine,0,1494,312,312,32,135,2.0834695833247956
Batch_3,pl8uabbv,affine,0,1494,312,312,64,0,6.86475313693854
Batch_3,pl8uabbv,affine,0,1494,312,312,64,45,42.06846170200177
Batch_3,pl8uabbv,affine,0,1494,312,312,64,90,31.142416476464167
Batch_3,pl8uabbv,affine,0,1494,312,312,64,135,8.968575447109268
Batch_3,pl8uabbv,affine,1,4994,312,312,16,0,0.6718545811293629
Batch_3,pl8uabbv,affine,1,4994,312,312,16,45,1.6324954621992318
Batch_3,pl8uabbv,affine,1,4994,312,312,16,90,1.4074382543389499
Batch_3,pl8uabbv,affine,1,4994,312,312,16,135,1.1069091895120795
Batch_3,pl8uabbv,affine,1,4994,312,312,32,0,1.9333620643133416
Batch_3,pl8uabbv,affine,1,4994,312,312,32,45,4.952905742783355
Batch_3,pl8uabbv,affine,1,4994,312,312,32,90,9.48143986796892
Batch_3,pl8uabbv,affine,1,4994,312,312,32,135,3.9883321964737264
Batch_3,pl8uabbv,affine,1,4994,312,312,64,0,13.731606609985475
Batch_3,pl8uabbv,affine,1,4994,312,312,64,45,17.840458520217616
Batch_3,pl8uabbv,affine,1,4994,312,312,64,90,45.383760945162074
Batch_3,pl8uabbv,affine,1,4994,312,312,64,135,16.1735587312186
Batch_3,pl8uabbv,affine,2,1494,1448,1448,16,0,2.1887249313763433
Batch_3,pl8uabbv,affine,2,1494,1448,1448,16,45,2.2282550410580924
Batch_3,pl8uabbv,affine,2,1494,1448,1448,16,90,3.14886618315242
Batch_3,pl8uabbv,affine,2,1494,1448,1448,16,135,1.7599400213514684
Batch_3,pl8uabbv,affine,2,1494,1448,1448,32,0,9.012378717181827
Batch_3,pl8uabbv,affine,2,1494,1448,1448,32,45,7.764903856385612
Batch_3,pl8uabbv,affine,2,1494,1448,1448,32,90,16.22796489921749
Batch_3,pl8uabbv,affine,2,1494,1448,1448,32,135,8.7296048120951
Batch_3,pl8uabbv,affine,2,1494,1448,1448,64,0,40.38793571315982
Batch_3,pl8uabbv,affine,2,1494,1448,1448,64,45,26.952211386304935
Batch_3,pl8uabbv,affine,2,1494,1448,1448,64,90,86.49571775605428
Batch_3,pl8uabbv,affine,2,1494,1448,1448,64,135,49.03241248634758
Batch_3,pl8uabbv,affine,3,4994,1448,1448,16,0,2.004479544721981
Batch_3,pl8uabbv,affine,3,4994,1448,1448,16,45,1.587562410169259
Batch_3,pl8uabbv,affine,3,4994,1448,1448,16,90,1.7884427533200913
Batch_3,pl8uabbv,affine,3,4994,1448,1448,16,135,0.9109535526599329
Batch_3,pl8uabbv,affine,3,4994,1448,1448,32,0,5.355783069678425
Batch_3,pl8uabbv,affine,3,4994,1448,1448,32,45,6.203688308559291
Batch_3,pl8uabbv,affine,3,4994,1448,1448,32,90,10.67619994599421
Batch_3,pl8uabbv,affine,3,4994,1448,1448,32,135,5.509956432126245
Batch_3,pl8uabbv,affine,3,4994,1448,1448,64,0,16.230823813051423
Batch_3,pl8uabbv,affine,3,4994,1448,1448,64,45,19.601747944699113
Batch_3,pl8uabbv,affine,3,4994,1448,1448,64,90,96.71690955479411
Batch_3,pl8uabbv,affine,3,4994,1448,1448,64,135,31.791812008448204
Batch_3,ptg8lmto,nominal,0,1494,147,147,16,0,1.042995750200637
Batch_3,ptg8lmto,nominal,0,1494,147,147,16,45,2.495411642312861
Batch_3,ptg8lmto,nominal,0,1494,147,147,16,90,3.175050814866666
Batch_3,ptg8lmto,nominal,0,1494,147,147,16,135,1.1237879987124488
Batch_3,ptg8lmto,nominal,0,1494,147,147,32,0,5.589428229619061
Batch_3,ptg8lmto,nominal,0,1494,147,147,32,45,11.515407911531293
Batch_3,ptg8lmto,nominal,0,1494,147,147,32,90,20.12792380824292
Batch_3,ptg8lmto,nominal,0,1494,147,147,32,135,5.448073085818208
Batch_3,ptg8lmto,nominal,0,1494,147,147,64,0,25.015409304360517
Batch_3,ptg8lmto,nominal,0,1494,147,147,64,45,61.28089577050462
Batch_3,ptg8lmto,nominal,0,1494,147,147,64,90,180.60866496031613
Batch_3,ptg8lmto,nominal,0,1494,147,147,64,135,28.208940294142895
Batch_3,ptg8lmto,nominal,1,4994,147,147,16,0,1.2346555879194931
Batch_3,ptg8lmto,nominal,1,4994,147,147,16,45,1.4083105494652242
Batch_3,ptg8lmto,nominal,1,4994,147,147,16,90,2.65012583419287
Batch_3,ptg8lmto,nominal,1,4994,147,147,16,135,3.860007487605247
Batch_3,ptg8lmto,nominal,1,4994,147,147,32,0,6.228623920699359
Batch_3,ptg8lmto,nominal,1,4994,147,147,32,45,5.288623690039284
Batch_3,ptg8lmto,nominal,1,4994,147,147,32,90,12.594387359417185
Batch_3,ptg8lmto,nominal,1,4994,147,147,32,135,17.750612475994377
Batch_3,ptg8lmto,nominal,1,4994,147,147,64,0,26.66949044630675
Batch_3,ptg8lmto,nominal,1,4994,147,147,64,45,23.740020787173716
Batch_3,ptg8lmto,nominal,1,4994,147,147,64,90,57.08203148610568
Batch_3,ptg8lmto,nominal,1,4994,147,147,64,135,76.52821474017216
Batch_3,ptg8lmto,nominal,2,1494,953,953,16,0,1.3054898094494316
Batch_3,ptg8lmto,nominal,2,1494,953,953,16,45,2.029501262493939
Batch_3,ptg8lmto,nominal,2,1494,953,953,16,90,1.6453643015494988
Batch_3,ptg8lmto,nominal,2,1494,953,953,16,135,2.8545360205294843
Batch_3,ptg8lmto,nominal,2,1494,953,953,32,0,2.587630143003297
Batch_3,ptg8lmto,nominal,2,1494,953,953,32,45,5.619098123488482
Batch_3,ptg8lmto,nominal,2,1494,953,953,32,90,5.238867095339738
Batch_3,ptg8lmto,nominal,2,1494,953,953,32,135,8.183229984640963
Batch_3,ptg8lmto,nominal,2,1494,953,953,64,0,9.2559876193514
Batch_3,ptg8lmto,nominal,2,1494,953,953,64,45,11.694733848927351
Batch_3,ptg8lmto,nominal,2,1494,953,953,64,90,19.47828873082058
Batch_3,ptg8lmto,nominal,2,1494,953,953,64,135,28.425562914808605
Batch_3,ptg8lmto,nominal,3,4994,953,953,16,0,1.5597479264501473
Batch_3,ptg8lmto,nominal,3,4994,953,953,16,45,1.2931569632898736
Batch_3,ptg8lmto,nominal,3,4994,953,953,16,90,1.965106044416267
Batch_3,ptg8lmto,nominal,3,4994,953,953,16,135,1.3272291169625234
Batch_3,ptg8lmto,nominal,3,4994,953,953,32,0,5.836315622971466
Batch_3,ptg8lmto,nominal,3,4994,953,953,32,45,7.851383768248914
Batch_3,ptg8lmto,nominal,3,4994,953,953,32,90,11.770942074100804
Batch_3,ptg8lmto,nominal,3,4994,953,953,32,135,7.97078353405983
Batch_3,ptg8lmto,nominal,3,4994,953,953,64,0,32.649837894251135
Batch_3,ptg8lmto,nominal,3,4994,953,953,64,45,68.12131432996142
Batch_3,ptg8lmto,nominal,3,4994,953,953,64,90,83.15887630267322
Batch_3,ptg8lmto,nominal,3,4994,953,953,64,135,58.4473867781707
Batch_3,ptg8lmto,full_resolution,0,1494,147,147,16,0,3.392809126528253
Batch_3,ptg8lmto,full_resolution,0,1494,147,147,16,45,8.060837905593747
Batch_3,ptg8lmto,full_resolution,0,1494,147,147,16,90,10.26514811554195
Batch_3,ptg8lmto,full_resolution,0,1494,147,147,16,135,3.6341967366121617
Batch_3,ptg8lmto,full_resolution,0,1494,147,147,32,0,17.679783978095266
Batch_3,ptg8lmto,full_resolution,0,1494,147,147,32,45,36.406011499527196
Batch_3,ptg8lmto,full_resolution,0,1494,147,147,32,90,63.758323901237084
Batch_3,ptg8lmto,full_resolution,0,1494,147,147,32,135,17.21892489798917
Batch_3,ptg8lmto,full_resolution,0,1494,147,147,64,0,78.64915115655828
Batch_3,ptg8lmto,full_resolution,0,1494,147,147,64,45,192.71482679289412
Batch_3,ptg8lmto,full_resolution,0,1494,147,147,64,90,567.9856517061768
Batch_3,ptg8lmto,full_resolution,0,1494,147,147,64,135,88.67946635381102
Batch_3,ptg8lmto,full_resolution,1,4994,147,147,16,0,3.7199497827969963
Batch_3,ptg8lmto,full_resolution,1,4994,147,147,16,45,4.240489594996652
Batch_3,ptg8lmto,full_resolution,1,4994,147,147,16,90,7.985776985918173
Batch_3,ptg8lmto,full_resolution,1,4994,147,147,16,135,11.609126307087909
Batch_3,ptg8lmto,full_resolution,1,4994,147,147,32,0,18.337114269489724
Batch_3,ptg8lmto,full_resolution,1,4994,147,147,32,45,15.521886472651339
Batch_3,ptg8lmto,full_resolution,1,4994,147,147,32,90,36.92037791751759
Batch_3,ptg8lmto,full_resolution,1,4994,147,147,32,135,52.22854850903069
Batch_3,ptg8lmto,full_resolution,1,4994,147,147,64,0,77.97463596421063
Batch_3,ptg8lmto,full_resolution,1,4994,147,147,64,45,69.36048090577145
Batch_3,ptg8lmto,full_resolution,1,4994,147,147,64,90,166.9487628713936
Batch_3,ptg8lmto,full_resolution,1,4994,147,147,64,135,223.7501468858589
Batch_3,ptg8lmto,full_resolution,2,1494,953,953,16,0,4.266297397590848
Batch_3,ptg8lmto,full_resolution,2,1494,953,953,16,45,6.651249926169171
Batch_3,ptg8lmto,full_resolution,2,1494,953,953,16,90,5.345535970372185
Batch_3,ptg8lmto,full_resolution,2,1494,953,953,16,135,9.353560683856259
Batch_3,ptg8lmto,full_resolution,2,1494,953,953,32,0,8.243825215959031
Batch_3,ptg8lmto,full_resolution,2,1494,953,953,32,45,17.946177538184838
Batch_3,ptg8lmto,full_resolution,2,1494,953,953,32,90,16.696552112333098
Batch_3,ptg8lmto,full_resolution,2,1494,953,953,32,135,26.10529601045878
Batch_3,ptg8lmto,full_resolution,2,1494,953,953,64,0,29.38231735996726
Batch_3,ptg8lmto,full_resolution,2,1494,953,953,64,45,37.036500272893925
Batch_3,ptg8lmto,full_resolution,2,1494,953,953,64,90,61.809430596454824
Batch_3,ptg8lmto,full_resolution,2,1494,953,953,64,135,90.0592489053224
Batch_3,ptg8lmto,full_resolution,3,4994,953,953,16,0,5.228131502298378
Batch_3,ptg8lmto,full_resolution,3,4994,953,953,16,45,4.339747349317967
Batch_3,ptg8lmto,full_resolution,3,4994,953,953,16,90,6.576480522883693
Batch_3,ptg8lmto,full_resolution,3,4994,953,953,16,135,4.45452145276783
Batch_3,ptg8lmto,full_resolution,3,4994,953,953,32,0,19.074565003188916
Batch_3,ptg8lmto,full_resolution,3,4994,953,953,32,45,25.62199030718683
Batch_3,ptg8lmto,full_resolution,3,4994,953,953,32,90,38.57295120553591
Batch_3,ptg8lmto,full_resolution,3,4994,953,953,32,135,26.021083546198817
Batch_3,ptg8lmto,full_resolution,3,4994,953,953,64,0,106.1221024034501
Batch_3,ptg8lmto,full_resolution,3,4994,953,953,64,45,221.40267834497914
Batch_3,ptg8lmto,full_resolution,3,4994,953,953,64,90,270.2698993806065
Batch_3,ptg8lmto,full_resolution,3,4994,953,953,64,135,190.0134583196549
Batch_3,ptg8lmto,gamma_075,0,1494,147,147,16,0,1.052405313089762
Batch_3,ptg8lmto,gamma_075,0,1494,147,147,16,45,2.495635852574823
Batch_3,ptg8lmto,gamma_075,0,1494,147,147,16,90,3.267573339186612
Batch_3,ptg8lmto,gamma_075,0,1494,147,147,16,135,1.0626071473903276
Batch_3,ptg8lmto,gamma_075,0,1494,147,147,32,0,5.850260181176065
Batch_3,ptg8lmto,gamma_075,0,1494,147,147,32,45,12.135675712247492
Batch_3,ptg8lmto,gamma_075,0,1494,147,147,32,90,21.462505151888493
Batch_3,ptg8lmto,gamma_075,0,1494,147,147,32,135,5.486327738857946
Batch_3,ptg8lmto,gamma_075,0,1494,147,147,64,0,26.209701769815236
Batch_3,ptg8lmto,gamma_075,0,1494,147,147,64,45,65.26850708206966
Batch_3,ptg8lmto,gamma_075,0,1494,147,147,64,90,193.80994746116644
Batch_3,ptg8lmto,gamma_075,0,1494,147,147,64,135,30.835370082939303
Batch_3,ptg8lmto,gamma_075,1,4994,147,147,16,0,1.2112100733515108
Batch_3,ptg8lmto,gamma_075,1,4994,147,147,16,45,1.420666743040521
Batch_3,ptg8lmto,gamma_075,1,4994,147,147,16,90,2.817331522930376
Batch_3,ptg8lmto,gamma_075,1,4994,147,147,16,135,4.392113950307211
Batch_3,ptg8lmto,gamma_075,1,4994,147,147,32,0,6.709938523856581
Batch_3,ptg8lmto,gamma_075,1,4994,147,147,32,45,5.51772823705412
Batch_3,ptg8lmto,gamma_075,1,4994,147,147,32,90,14.271650731890158
Batch_3,ptg8lmto,gamma_075,1,4994,147,147,32,135,20.875851073330935
Batch_3,ptg8lmto,gamma_075,1,4994,147,147,64,0,31.267139797196435
Batch_3,ptg8lmto,gamma_075,1,4994,147,147,64,45,27.78366797611984
Batch_3,ptg8lmto,gamma_075,1,4994,147,147,64,90,64.02832859274582
Batch_3,ptg8lmto,gamma_075,1,4994,147,147,64,135,90.92955467051382
Batch_3,ptg8lmto,gamma_075,2,1494,953,953,16,0,1.5242482824473722
Batch_3,ptg8lmto,gamma_075,2,1494,953,953,16,45,2.3485997598959365
Batch_3,ptg8lmto,gamma_075,2,1494,953,953,16,90,1.9810229301942228
Batch_3,ptg8lmto,gamma_075,2,1494,953,953,16,135,3.3040069404330152
Batch_3,ptg8lmto,gamma_075,2,1494,953,953,32,0,2.9966644734604686
Batch_3,ptg8lmto,gamma_075,2,1494,953,953,32,45,6.588110094479058
Batch_3,ptg8lmto,gamma_075,2,1494,953,953,32,90,6.109551070465728
Batch_3,ptg8lmto,gamma_075,2,1494,953,953,32,135,9.809063881270689
Batch_3,ptg8lmto,gamma_075,2,1494,953,953,64,0,9.872947194697232
Batch_3,ptg8lmto,gamma_075,2,1494,953,953,64,45,12.644265342670126
Batch_3,ptg8lmto,gamma_075,2,1494,953,953,64,90,21.473192936722118
Batch_3,ptg8lmto,gamma_075,2,1494,953,953,64,135,31.196584346307883
Batch_3,ptg8lmto,gamma_075,3,4994,953,953,16,0,1.7671016749091097
Batch_3,ptg8lmto,gamma_075,3,4994,953,953,16,45,1.442104150629954
Batch_3,ptg8lmto,gamma_075,3,4994,953,953,16,90,2.1346280058932465
Batch_3,ptg8lmto,gamma_075,3,4994,953,953,16,135,1.6225490063250507
Batch_3,ptg8lmto,gamma_075,3,4994,953,953,32,0,6.56598436719079
Batch_3,ptg8lmto,gamma_075,3,4994,953,953,32,45,8.652029323117942
Batch_3,ptg8lmto,gamma_075,3,4994,953,953,32,90,12.878369468035526
Batch_3,ptg8lmto,gamma_075,3,4994,953,953,32,135,9.361772649611556
Batch_3,ptg8lmto,gamma_075,3,4994,953,953,64,0,37.63803849738402
Batch_3,ptg8lmto,gamma_075,3,4994,953,953,64,45,74.73205043661744
Batch_3,ptg8lmto,gamma_075,3,4994,953,953,64,90,89.3590148250195
Batch_3,ptg8lmto,gamma_075,3,4994,953,953,64,135,62.85468650734918
Batch_3,ptg8lmto,gamma_125,0,1494,147,147,16,0,1.0282032757143365
Batch_3,ptg8lmto,gamma_125,0,1494,147,147,16,45,2.4574195952345272
Batch_3,ptg8lmto,gamma_125,0,1494,147,147,16,90,3.066450437565228
Batch_3,ptg8lmto,gamma_125,0,1494,147,147,16,135,1.165643856336792
Batch_3,ptg8lmto,gamma_125,0,1494,147,147,32,0,5.370419949011823
Batch_3,ptg8lmto,gamma_125,0,1494,147,147,32,45,10.798209228329426
Batch_3,ptg8lmto,gamma_125,0,1494,147,147,32,90,18.7459252240857
Batch_3,ptg8lmto,gamma_125,0,1494,147,147,32,135,5.381051272944017
Batch_3,ptg8lmto,gamma_125,0,1494,147,147,64,0,23.850384449022386
Batch_3,ptg8lmto,gamma_125,0,1494,147,147,64,45,56.541355072711866
Batch_3,ptg8lmto,gamma_125,0,1494,147,147,64,90,166.13367091986507
Batch_3,ptg8lmto,gamma_125,0,1494,147,147,64,135,25.62154153849938
Batch_3,ptg8lmto,gamma_125,1,4994,147,147,16,0,1.2404621900692974
Batch_3,ptg8lmto,gamma_125,1,4994,147,147,16,45,1.3828886649612415
Batch_3,ptg8lmto,gamma_125,1,4994,147,147,16,90,2.5080768881390396
Batch_3,ptg8lmto,gamma_125,1,4994,147,147,16,135,3.412593487022309
Batch_3,ptg8lmto,gamma_125,1,4994,147,147,32,0,5.773605450204669
Batch_3,ptg8lmto,gamma_125,1,4994,147,147,32,45,5.051904542068283
Batch_3,ptg8lmto,gamma_125,1,4994,147,147,32,90,11.209124530988879
Batch_3,ptg8lmto,gamma_125,1,4994,147,147,32,135,15.095432962607685
Batch_3,ptg8lmto,gamma_125,1,4994,147,147,64,0,22.655698049586952
Batch_3,ptg8lmto,gamma_125,1,4994,147,147,64,45,20.40802899099089
Batch_3,ptg8lmto,gamma_125,1,4994,147,147,64,90,50.177123593505854
Batch_3,ptg8lmto,gamma_125,1,4994,147,147,64,135,63.9711697282038
Batch_3,ptg8lmto,gamma_125,2,1494,953,953,16,0,1.1131815294648633
Batch_3,ptg8lmto,gamma_125,2,1494,953,953,16,45,1.7484830833092704
Batch_3,ptg8lmto,gamma_125,2,1494,953,953,16,90,1.3739730513880875
Batch_3,ptg8lmto,gamma_125,2,1494,953,953,16,135,2.455332997825487
Batch_3,ptg8lmto,gamma_125,2,1494,953,953,32,0,2.2458896499893406
Batch_3,ptg8lmto,gamma_125,2,1494,953,953,32,45,4.826799586712567
Batch_3,ptg8lmto,gamma_125,2,1494,953,953,32,90,4.52226049848568
Batch_3,ptg8lmto,gamma_125,2,1494,953,953,32,135,6.836882895613412
Batch_3,ptg8lmto,gamma_125,2,1494,953,953,64,0,8.747228496677183
Batch_3,ptg8lmto,gamma_125,2,1494,953,953,64,45,10.880169508127246
Batch_3,ptg8lmto,gamma_125,2,1494,953,953,64,90,17.738839262325097
Batch_3,ptg8lmto,gamma_125,2,1494,953,953,64,135,26.08884477351721
Batch_3,ptg8lmto,gamma_125,3,4994,953,953,16,0,1.36266579267018
Batch_3,ptg8lmto,gamma_125,3,4994,953,953,16,45,1.141392343700544
Batch_3,ptg8lmto,gamma_125,3,4994,953,953,16,90,1.8064817057251383
Batch_3,ptg8lmto,gamma_125,3,4994,953,953,16,135,1.0893178993130759
Batch_3,ptg8lmto,gamma_125,3,4994,953,953,32,0,5.163156932747256
Batch_3,ptg8lmto,gamma_125,3,4994,953,953,32,45,7.021918223855919
Batch_3,ptg8lmto,gamma_125,3,4994,953,953,32,90,10.881072858320733
Batch_3,ptg8lmto,gamma_125,3,4994,953,953,32,135,6.837111680309452
Batch_3,ptg8lmto,gamma_125,3,4994,953,953,64,0,28.33492992068592
Batch_3,ptg8lmto,gamma_125,3,4994,953,953,64,45,61.15958545054969
Batch_3,ptg8lmto,gamma_125,3,4994,953,953,64,90,77.43141614133145
Batch_3,ptg8lmto,gamma_125,3,4994,953,953,64,135,54.28010912771063
Batch_3,ptg8lmto,affine,0,1494,147,147,16,0,1.0429957502006364
Batch_3,ptg8lmto,affine,0,1494,147,147,16,45,2.495411642312859
Batch_3,ptg8lmto,affine,0,1494,147,147,16,90,3.175050814866664
Batch_3,ptg8lmto,affine,0,1494,147,147,16,135,1.1237879987124482
Batch_3,ptg8lmto,affine,0,1494,147,147,32,0,5.589428229619058
Batch_3,ptg8lmto,affine,0,1494,147,147,32,45,11.515407911531286
Batch_3,ptg8lmto,affine,0,1494,147,147,32,90,20.127923808242905
Batch_3,ptg8lmto,affine,0,1494,147,147,32,135,5.448073085818204
Batch_3,ptg8lmto,affine,0,1494,147,147,64,0,25.01540930436051
Batch_3,ptg8lmto,affine,0,1494,147,147,64,45,61.28089577050459
Batch_3,ptg8lmto,affine,0,1494,147,147,64,90,180.60866496031602
Batch_3,ptg8lmto,affine,0,1494,147,147,64,135,28.208940294142877
Batch_3,ptg8lmto,affine,1,4994,147,147,16,0,1.234655587919493
Batch_3,ptg8lmto,affine,1,4994,147,147,16,45,1.4083105494652242
Batch_3,ptg8lmto,affine,1,4994,147,147,16,90,2.65012583419287
Batch_3,ptg8lmto,affine,1,4994,147,147,16,135,3.860007487605247
Batch_3,ptg8lmto,affine,1,4994,147,147,32,0,6.228623920699359
Batch_3,ptg8lmto,affine,1,4994,147,147,32,45,5.288623690039283
Batch_3,ptg8lmto,affine,1,4994,147,147,32,90,12.594387359417185
Batch_3,ptg8lmto,affine,1,4994,147,147,32,135,17.750612475994377
Batch_3,ptg8lmto,affine,1,4994,147,147,64,0,26.669490446306753
Batch_3,ptg8lmto,affine,1,4994,147,147,64,45,23.74002078717372
Batch_3,ptg8lmto,affine,1,4994,147,147,64,90,57.08203148610567
Batch_3,ptg8lmto,affine,1,4994,147,147,64,135,76.52821474017215
Batch_3,ptg8lmto,affine,2,1494,953,953,16,0,1.3054898094494316
Batch_3,ptg8lmto,affine,2,1494,953,953,16,45,2.0295012624939384
Batch_3,ptg8lmto,affine,2,1494,953,953,16,90,1.6453643015494983
Batch_3,ptg8lmto,affine,2,1494,953,953,16,135,2.8545360205294843
Batch_3,ptg8lmto,affine,2,1494,953,953,32,0,2.5876301430032975
Batch_3,ptg8lmto,affine,2,1494,953,953,32,45,5.619098123488482
Batch_3,ptg8lmto,affine,2,1494,953,953,32,90,5.238867095339737
Batch_3,ptg8lmto,affine,2,1494,953,953,32,135,8.183229984640963
Batch_3,ptg8lmto,affine,2,1494,953,953,64,0,9.2559876193514
Batch_3,ptg8lmto,affine,2,1494,953,953,64,45,11.694733848927351
Batch_3,ptg8lmto,affine,2,1494,953,953,64,90,19.47828873082058
Batch_3,ptg8lmto,affine,2,1494,953,953,64,135,28.425562914808605
Batch_3,ptg8lmto,affine,3,4994,953,953,16,0,1.5597479264501473
Batch_3,ptg8lmto,affine,3,4994,953,953,16,45,1.2931569632898736
Batch_3,ptg8lmto,affine,3,4994,953,953,16,90,1.9651060444162674
Batch_3,ptg8lmto,affine,3,4994,953,953,16,135,1.3272291169625237
Batch_3,ptg8lmto,affine,3,4994,953,953,32,0,5.836315622971466
Batch_3,ptg8lmto,affine,3,4994,953,953,32,45,7.851383768248914
Batch_3,ptg8lmto,affine,3,4994,953,953,32,90,11.770942074100805
Batch_3,ptg8lmto,affine,3,4994,953,953,32,135,7.970783534059832
Batch_3,ptg8lmto,affine,3,4994,953,953,64,0,32.64983789425114
Batch_3,ptg8lmto,affine,3,4994,953,953,64,45,68.12131432996142
Batch_3,ptg8lmto,affine,3,4994,953,953,64,90,83.15887630267324
Batch_3,ptg8lmto,affine,3,4994,953,953,64,135,58.4473867781707
Batch_3,tuy3zymq,nominal,0,1494,259,259,16,0,2.3377463943916914
Batch_3,tuy3zymq,nominal,0,1494,259,259,16,45,4.068838538745627
Batch_3,tuy3zymq,nominal,0,1494,259,259,16,90,4.195321534268507
Batch_3,tuy3zymq,nominal,0,1494,259,259,16,135,3.6245607941498696
Batch_3,tuy3zymq,nominal,0,1494,259,259,32,0,11.899656574848363
Batch_3,tuy3zymq,nominal,0,1494,259,259,32,45,27.445284140512193
Batch_3,tuy3zymq,nominal,0,1494,259,259,32,90,25.243049158139716
Batch_3,tuy3zymq,nominal,0,1494,259,259,32,135,18.80605957318268
Batch_3,tuy3zymq,nominal,0,1494,259,259,64,0,32.227542102226614
Batch_3,tuy3zymq,nominal,0,1494,259,259,64,45,127.74969070608581
Batch_3,tuy3zymq,nominal,0,1494,259,259,64,90,115.63692756664418
Batch_3,tuy3zymq,nominal,0,1494,259,259,64,135,58.70544430686879
Batch_3,tuy3zymq,nominal,1,4994,259,259,16,0,1.0207301573225702
Batch_3,tuy3zymq,nominal,1,4994,259,259,16,45,1.2108222028338056
Batch_3,tuy3zymq,nominal,1,4994,259,259,16,90,1.648100960813047
Batch_3,tuy3zymq,nominal,1,4994,259,259,16,135,1.6899624035304925
Batch_3,tuy3zymq,nominal,1,4994,259,259,32,0,4.453211567378015
Batch_3,tuy3zymq,nominal,1,4994,259,259,32,45,7.032556225185513
Batch_3,tuy3zymq,nominal,1,4994,259,259,32,90,8.524382410777998
Batch_3,tuy3zymq,nominal,1,4994,259,259,32,135,14.008024040644413
Batch_3,tuy3zymq,nominal,1,4994,259,259,64,0,40.85766621984482
Batch_3,tuy3zymq,nominal,1,4994,259,259,64,45,30.8890020169121
Batch_3,tuy3zymq,nominal,1,4994,259,259,64,90,61.585441002139106
Batch_3,tuy3zymq,nominal,1,4994,259,259,64,135,97.84106902154144
Batch_3,tuy3zymq,nominal,2,1494,1289,1289,16,0,1.1758177803837508
Batch_3,tuy3zymq,nominal,2,1494,1289,1289,16,45,1.4646330632570397
Batch_3,tuy3zymq,nominal,2,1494,1289,1289,16,90,2.314975604616579
Batch_3,tuy3zymq,nominal,2,1494,1289,1289,16,135,1.6256655127911952
Batch_3,tuy3zymq,nominal,2,1494,1289,1289,32,0,5.846276939052809
Batch_3,tuy3zymq,nominal,2,1494,1289,1289,32,45,7.446495850481738
Batch_3,tuy3zymq,nominal,2,1494,1289,1289,32,90,12.918533042370349
Batch_3,tuy3zymq,nominal,2,1494,1289,1289,32,135,10.757666056277422
Batch_3,tuy3zymq,nominal,2,1494,1289,1289,64,0,25.67279641758175
Batch_3,tuy3zymq,nominal,2,1494,1289,1289,64,45,46.80171352742868
Batch_3,tuy3zymq,nominal,2,1494,1289,1289,64,90,92.03757305442379
Batch_3,tuy3zymq,nominal,2,1494,1289,1289,64,135,56.55799268993792
Batch_3,tuy3zymq,nominal,3,4994,1289,1289,16,0,1.0342268715074845
Batch_3,tuy3zymq,nominal,3,4994,1289,1289,16,45,1.8625570109468164
Batch_3,tuy3zymq,nominal,3,4994,1289,1289,16,90,2.5836432308157917
Batch_3,tuy3zymq,nominal,3,4994,1289,1289,16,135,1.2729562919969537
Batch_3,tuy3zymq,nominal,3,4994,1289,1289,32,0,10.667272407865187
Batch_3,tuy3zymq,nominal,3,4994,1289,1289,32,45,13.221408764991384
Batch_3,tuy3zymq,nominal,3,4994,1289,1289,32,90,20.58707716715809
Batch_3,tuy3zymq,nominal,3,4994,1289,1289,32,135,11.030828759003578
Batch_3,tuy3zymq,nominal,3,4994,1289,1289,64,0,49.756994985742914
Batch_3,tuy3zymq,nominal,3,4994,1289,1289,64,45,124.48063476551508
Batch_3,tuy3zymq,nominal,3,4994,1289,1289,64,90,84.41801715157662
Batch_3,tuy3zymq,nominal,3,4994,1289,1289,64,135,34.36556133892607
Batch_3,tuy3zymq,full_resolution,0,1494,259,259,16,0,7.3709786472114125
Batch_3,tuy3zymq,full_resolution,0,1494,259,259,16,45,12.896677394917525
Batch_3,tuy3zymq,full_resolution,0,1494,259,259,16,90,13.267115133408106
Batch_3,tuy3zymq,full_resolution,0,1494,259,259,16,135,11.451208770740365
Batch_3,tuy3zymq,full_resolution,0,1494,259,259,32,0,36.89055922928098
Batch_3,tuy3zymq,full_resolution,0,1494,259,259,32,45,84.8097952248936
Batch_3,tuy3zymq,full_resolution,0,1494,259,259,32,90,78.0842190238932
Batch_3,tuy3zymq,full_resolution,0,1494,259,259,32,135,58.2848596175189
Batch_3,tuy3zymq,full_resolution,0,1494,259,259,64,0,99.24255784488138
Batch_3,tuy3zymq,full_resolution,0,1494,259,259,64,45,393.13655504473036
Batch_3,tuy3zymq,full_resolution,0,1494,259,259,64,90,355.6541446444882
Batch_3,tuy3zymq,full_resolution,0,1494,259,259,64,135,180.82936644460798
Batch_3,tuy3zymq,full_resolution,1,4994,259,259,16,0,3.7383785237404386
Batch_3,tuy3zymq,full_resolution,1,4994,259,259,16,45,4.4267580589100985
Batch_3,tuy3zymq,full_resolution,1,4994,259,259,16,90,6.005519787345366
Batch_3,tuy3zymq,full_resolution,1,4994,259,259,16,135,6.185954437452217
Batch_3,tuy3zymq,full_resolution,1,4994,259,259,32,0,15.906041019366626
Batch_3,tuy3zymq,full_resolution,1,4994,259,259,32,45,25.08578077019399
Batch_3,tuy3zymq,full_resolution,1,4994,259,259,32,90,30.536814313883074
Batch_3,tuy3zymq,full_resolution,1,4994,259,259,32,135,50.03550910349672
Batch_3,tuy3zymq,full_resolution,1,4994,259,259,64,0,145.12902768467055
Batch_3,tuy3zymq,full_resolution,1,4994,259,259,64,45,109.6550522831393
Batch_3,tuy3zymq,full_resolution,1,4994,259,259,64,90,218.87012789718267
Batch_3,tuy3zymq,full_resolution,1,4994,259,259,64,135,347.66332663978255
Batch_3,tuy3zymq,full_resolution,2,1494,1289,1289,16,0,4.174807097181594
Batch_3,tuy3zymq,full_resolution,2,1494,1289,1289,16,45,5.228820860679942
Batch_3,tuy3zymq,full_resolution,2,1494,1289,1289,16,90,8.243146847550634
Batch_3,tuy3zymq,full_resolution,2,1494,1289,1289,16,135,5.773067366128146
Batch_3,tuy3zymq,full_resolution,2,1494,1289,1289,32,0,20.293976278425802
Batch_3,tuy3zymq,full_resolution,2,1494,1289,1289,32,45,25.851663320591992
Batch_3,tuy3zymq,full_resolution,2,1494,1289,1289,32,90,44.82923340332397
Batch_3,tuy3zymq,full_resolution,2,1494,1289,1289,32,135,37.419372883940426
Batch_3,tuy3zymq,full_resolution,2,1494,1289,1289,64,0,88.60848081307937
Batch_3,tuy3zymq,full_resolution,2,1494,1289,1289,64,45,161.5054174367881
Batch_3,tuy3zymq,full_resolution,2,1494,1289,1289,64,90,317.57421557877046
Batch_3,tuy3zymq,full_resolution,2,1494,1289,1289,64,135,195.20364468523059
Batch_3,tuy3zymq,full_resolution,3,4994,1289,1289,16,0,3.7155680106827447
Batch_3,tuy3zymq,full_resolution,3,4994,1289,1289,16,45,6.701333212162313
Batch_3,tuy3zymq,full_resolution,3,4994,1289,1289,16,90,9.294143948724525
Batch_3,tuy3zymq,full_resolution,3,4994,1289,1289,16,135,4.586702658435825
Batch_3,tuy3zymq,full_resolution,3,4994,1289,1289,32,0,37.79149280475809
Batch_3,tuy3zymq,full_resolution,3,4994,1289,1289,32,45,46.78469544091126
Batch_3,tuy3zymq,full_resolution,3,4994,1289,1289,32,90,72.83392501640922
Batch_3,tuy3zymq,full_resolution,3,4994,1289,1289,32,135,38.97477077447012
Batch_3,tuy3zymq,full_resolution,3,4994,1289,1289,64,0,175.0858841459385
Batch_3,tuy3zymq,full_resolution,3,4994,1289,1289,64,45,438.01030591013756
Batch_3,tuy3zymq,full_resolution,3,4994,1289,1289,64,90,296.84651115135347
Batch_3,tuy3zymq,full_resolution,3,4994,1289,1289,64,135,120.8357142941355
Batch_3,tuy3zymq,gamma_075,0,1494,259,259,16,0,2.3781993068685296
Batch_3,tuy3zymq,gamma_075,0,1494,259,259,16,45,4.1151053403503886
Batch_3,tuy3zymq,gamma_075,0,1494,259,259,16,90,4.270848023887015
Batch_3,tuy3zymq,gamma_075,0,1494,259,259,16,135,3.6600502693222974
Batch_3,tuy3zymq,gamma_075,0,1494,259,259,32,0,12.525347547431156
Batch_3,tuy3zymq,gamma_075,0,1494,259,259,32,45,29.095686491819936
Batch_3,tuy3zymq,gamma_075,0,1494,259,259,32,90,25.78522423844281
Batch_3,tuy3zymq,gamma_075,0,1494,259,259,32,135,19.95844202574137
Batch_3,tuy3zymq,gamma_075,0,1494,259,259,64,0,34.20230108190569
Batch_3,tuy3zymq,gamma_075,0,1494,259,259,64,45,137.59164532388533
Batch_3,tuy3zymq,gamma_075,0,1494,259,259,64,90,119.45694601363975
Batch_3,tuy3zymq,gamma_075,0,1494,259,259,64,135,62.22355950282089
Batch_3,tuy3zymq,gamma_075,1,4994,259,259,16,0,1.058348629269953
Batch_3,tuy3zymq,gamma_075,1,4994,259,259,16,45,1.2813258781055437
Batch_3,tuy3zymq,gamma_075,1,4994,259,259,16,90,1.6989146898030618
Batch_3,tuy3zymq,gamma_075,1,4994,259,259,16,135,1.7244930466698427
Batch_3,tuy3zymq,gamma_075,1,4994,259,259,32,0,4.687430688867627
Batch_3,tuy3zymq,gamma_075,1,4994,259,259,32,45,7.511434837810148
Batch_3,tuy3zymq,gamma_075,1,4994,259,259,32,90,8.80136965011422
Batch_3,tuy3zymq,gamma_075,1,4994,259,259,32,135,14.46033026489163
Batch_3,tuy3zymq,gamma_075,1,4994,259,259,64,0,42.721396012191036
Batch_3,tuy3zymq,gamma_075,1,4994,259,259,64,45,32.60125063652048
Batch_3,tuy3zymq,gamma_075,1,4994,259,259,64,90,61.37953096013637
Batch_3,tuy3zymq,gamma_075,1,4994,259,259,64,135,98.87267877790165
Batch_3,tuy3zymq,gamma_075,2,1494,1289,1289,16,0,1.1845793181719422
Batch_3,tuy3zymq,gamma_075,2,1494,1289,1289,16,45,1.4619615434029216
Batch_3,tuy3zymq,gamma_075,2,1494,1289,1289,16,90,2.2950311531277516
Batch_3,tuy3zymq,gamma_075,2,1494,1289,1289,16,135,1.6739845032254614
Batch_3,tuy3zymq,gamma_075,2,1494,1289,1289,32,0,5.940209371960017
Batch_3,tuy3zymq,gamma_075,2,1494,1289,1289,32,45,7.719383202664232
Batch_3,tuy3zymq,gamma_075,2,1494,1289,1289,32,90,13.242791763540708
Batch_3,tuy3zymq,gamma_075,2,1494,1289,1289,32,135,11.20959474589684
Batch_3,tuy3zymq,gamma_075,2,1494,1289,1289,64,0,26.42731984144697
Batch_3,tuy3zymq,gamma_075,2,1494,1289,1289,64,45,49.85651718152208
Batch_3,tuy3zymq,gamma_075,2,1494,1289,1289,64,90,96.87550801741212
Batch_3,tuy3zymq,gamma_075,2,1494,1289,1289,64,135,59.721814196644466
Batch_3,tuy3zymq,gamma_075,3,4994,1289,1289,16,0,1.1036047317601796
Batch_3,tuy3zymq,gamma_075,3,4994,1289,1289,16,45,1.9204436715773143
Batch_3,tuy3zymq,gamma_075,3,4994,1289,1289,16,90,2.6051049955132353
Batch_3,tuy3zymq,gamma_075,3,4994,1289,1289,16,135,1.2814661558013134
Batch_3,tuy3zymq,gamma_075,3,4994,1289,1289,32,0,11.3527070792218
Batch_3,tuy3zymq,gamma_075,3,4994,1289,1289,32,45,14.164449437254147
Batch_3,tuy3zymq,gamma_075,3,4994,1289,1289,32,90,20.511931108804735
Batch_3,tuy3zymq,gamma_075,3,4994,1289,1289,32,135,10.761856282307665
Batch_3,tuy3zymq,gamma_075,3,4994,1289,1289,64,0,53.92249900095553
Batch_3,tuy3zymq,gamma_075,3,4994,1289,1289,64,45,133.15231542167734
Batch_3,tuy3zymq,gamma_075,3,4994,1289,1289,64,90,86.94916597144507
Batch_3,tuy3zymq,gamma_075,3,4994,1289,1289,64,135,33.222433945894224
Batch_3,tuy3zymq,gamma_125,0,1494,259,259,16,0,2.296964859211756
Batch_3,tuy3zymq,gamma_125,0,1494,259,259,16,45,4.019256436328836
Batch_3,tuy3zymq,gamma_125,0,1494,259,259,16,90,4.124158684348156
Batch_3,tuy3zymq,gamma_125,0,1494,259,259,16,135,3.5804488577086424
Batch_3,tuy3zymq,gamma_125,0,1494,259,259,32,0,11.328286912884078
Batch_3,tuy3zymq,gamma_125,0,1494,259,259,32,45,25.844489363286947
Batch_3,tuy3zymq,gamma_125,0,1494,259,259,32,90,24.71726331637776
Batch_3,tuy3zymq,gamma_125,0,1494,259,259,32,135,17.731010989676577
Batch_3,tuy3zymq,gamma_125,0,1494,259,259,64,0,30.59460212659391
Batch_3,tuy3zymq,gamma_125,0,1494,259,259,64,45,118.29022848373843
Batch_3,tuy3zymq,gamma_125,0,1494,259,259,64,90,111.77784932940908
Batch_3,tuy3zymq,gamma_125,0,1494,259,259,64,135,55.77831591200257
Batch_3,tuy3zymq,gamma_125,1,4994,259,259,16,0,0.9859173953005714
Batch_3,tuy3zymq,gamma_125,1,4994,259,259,16,45,1.1441153360802396
Batch_3,tuy3zymq,gamma_125,1,4994,259,259,16,90,1.6000425050150344
Batch_3,tuy3zymq,gamma_125,1,4994,259,259,16,135,1.6592649427516977
Batch_3,tuy3zymq,gamma_125,1,4994,259,259,32,0,4.252793174278168
Batch_3,tuy3zymq,gamma_125,1,4994,259,259,32,45,6.595251476142851
Batch_3,tuy3zymq,gamma_125,1,4994,259,259,32,90,8.284202437396571
Batch_3,tuy3zymq,gamma_125,1,4994,259,259,32,135,13.581310637865156
Batch_3,tuy3zymq,gamma_125,1,4994,259,259,64,0,39.0903619936923
Batch_3,tuy3zymq,gamma_125,1,4994,259,259,64,45,29.424968844992563
Batch_3,tuy3zymq,gamma_125,1,4994,259,259,64,90,61.695422589773315
Batch_3,tuy3zymq,gamma_125,1,4994,259,259,64,135,96.67820005884501
Batch_3,tuy3zymq,gamma_125,2,1494,1289,1289,16,0,1.160556783390665
Batch_3,tuy3zymq,gamma_125,2,1494,1289,1289,16,45,1.458066792520027
Batch_3,tuy3zymq,gamma_125,2,1494,1289,1289,16,90,2.3209947484619136
Batch_3,tuy3zymq,gamma_125,2,1494,1289,1289,16,135,1.573714656004706
Batch_3,tuy3zymq,gamma_125,2,1494,1289,1289,32,0,5.7147404016669725
Batch_3,tuy3zymq,gamma_125,2,1494,1289,1289,32,45,7.157008927151691
Batch_3,tuy3zymq,gamma_125,2,1494,1289,1289,32,90,12.55321701627385
Batch_3,tuy3zymq,gamma_125,2,1494,1289,1289,32,135,10.259670651353723
Batch_3,tuy3zymq,gamma_125,2,1494,1289,1289,64,0,24.822763603402482
Batch_3,tuy3zymq,gamma_125,2,1494,1289,1289,64,45,43.75776909403079
Batch_3,tuy3zymq,gamma_125,2,1494,1289,1289,64,90,86.97351919309716
Batch_3,tuy3zymq,gamma_125,2,1494,1289,1289,64,135,53.319114086134086
Batch_3,tuy3zymq,gamma_125,3,4994,1289,1289,16,0,0.9731732839771352
Batch_3,tuy3zymq,gamma_125,3,4994,1289,1289,16,45,1.8159415062405841
Batch_3,tuy3zymq,gamma_125,3,4994,1289,1289,16,90,2.5568267889913363
Batch_3,tuy3zymq,gamma_125,3,4994,1289,1289,16,135,1.2647666981911756
Batch_3,tuy3zymq,gamma_125,3,4994,1289,1289,32,0,10.032222189030188
Batch_3,tuy3zymq,gamma_125,3,4994,1289,1289,32,45,12.37422650704975
Batch_3,tuy3zymq,gamma_125,3,4994,1289,1289,32,90,20.68018646773844
Batch_3,tuy3zymq,gamma_125,3,4994,1289,1289,32,135,11.304960198378874
Batch_3,tuy3zymq,gamma_125,3,4994,1289,1289,64,0,45.898910040332176
Batch_3,tuy3zymq,gamma_125,3,4994,1289,1289,64,45,116.30331007348632
Batch_3,tuy3zymq,gamma_125,3,4994,1289,1289,64,90,81.88894690898593
Batch_3,tuy3zymq,gamma_125,3,4994,1289,1289,64,135,35.533027422988205
Batch_3,tuy3zymq,affine,0,1494,259,259,16,0,2.337746394391691
Batch_3,tuy3zymq,affine,0,1494,259,259,16,45,4.068838538745626
Batch_3,tuy3zymq,affine,0,1494,259,259,16,90,4.195321534268505
Batch_3,tuy3zymq,affine,0,1494,259,259,16,135,3.6245607941498696
Batch_3,tuy3zymq,affine,0,1494,259,259,32,0,11.89965657484836
Batch_3,tuy3zymq,affine,0,1494,259,259,32,45,27.445284140512186
Batch_3,tuy3zymq,affine,0,1494,259,259,32,90,25.243049158139712
Batch_3,tuy3zymq,affine,0,1494,259,259,32,135,18.806059573182676
Batch_3,tuy3zymq,affine,0,1494,259,259,64,0,32.22754210222661
Batch_3,tuy3zymq,affine,0,1494,259,259,64,45,127.74969070608579
Batch_3,tuy3zymq,affine,0,1494,259,259,64,90,115.63692756664415
Batch_3,tuy3zymq,affine,0,1494,259,259,64,135,58.70544430686878
Batch_3,tuy3zymq,affine,1,4994,259,259,16,0,1.0207301573225704
Batch_3,tuy3zymq,affine,1,4994,259,259,16,45,1.2108222028338058
Batch_3,tuy3zymq,affine,1,4994,259,259,16,90,1.6481009608130472
Batch_3,tuy3zymq,affine,1,4994,259,259,16,135,1.6899624035304928
Batch_3,tuy3zymq,affine,1,4994,259,259,32,0,4.453211567378015
Batch_3,tuy3zymq,affine,1,4994,259,259,32,45,7.032556225185513
Batch_3,tuy3zymq,affine,1,4994,259,259,32,90,8.524382410777998
Batch_3,tuy3zymq,affine,1,4994,259,259,32,135,14.008024040644417
Batch_3,tuy3zymq,affine,1,4994,259,259,64,0,40.857666219844816
Batch_3,tuy3zymq,affine,1,4994,259,259,64,45,30.8890020169121
Batch_3,tuy3zymq,affine,1,4994,259,259,64,90,61.58544100213911
Batch_3,tuy3zymq,affine,1,4994,259,259,64,135,97.84106902154144
Batch_3,tuy3zymq,affine,2,1494,1289,1289,16,0,1.1758177803837513
Batch_3,tuy3zymq,affine,2,1494,1289,1289,16,45,1.4646330632570397
Batch_3,tuy3zymq,affine,2,1494,1289,1289,16,90,2.3149756046165795
Batch_3,tuy3zymq,affine,2,1494,1289,1289,16,135,1.6256655127911954
Batch_3,tuy3zymq,affine,2,1494,1289,1289,32,0,5.84627693905281
Batch_3,tuy3zymq,affine,2,1494,1289,1289,32,45,7.446495850481738
Batch_3,tuy3zymq,affine,2,1494,1289,1289,32,90,12.918533042370353
Batch_3,tuy3zymq,affine,2,1494,1289,1289,32,135,10.757666056277424
Batch_3,tuy3zymq,affine,2,1494,1289,1289,64,0,25.672796417581758
Batch_3,tuy3zymq,affine,2,1494,1289,1289,64,45,46.80171352742868
Batch_3,tuy3zymq,affine,2,1494,1289,1289,64,90,92.03757305442382
Batch_3,tuy3zymq,affine,2,1494,1289,1289,64,135,56.55799268993792
Batch_3,tuy3zymq,affine,3,4994,1289,1289,16,0,1.0342268715074843
Batch_3,tuy3zymq,affine,3,4994,1289,1289,16,45,1.8625570109468157
Batch_3,tuy3zymq,affine,3,4994,1289,1289,16,90,2.5836432308157917
Batch_3,tuy3zymq,affine,3,4994,1289,1289,16,135,1.2729562919969533
Batch_3,tuy3zymq,affine,3,4994,1289,1289,32,0,10.667272407865182
Batch_3,tuy3zymq,affine,3,4994,1289,1289,32,45,13.221408764991379
Batch_3,tuy3zymq,affine,3,4994,1289,1289,32,90,20.587077167158082
Batch_3,tuy3zymq,affine,3,4994,1289,1289,32,135,11.030828759003576
Batch_3,tuy3zymq,affine,3,4994,1289,1289,64,0,49.75699498574289
Batch_3,tuy3zymq,affine,3,4994,1289,1289,64,45,124.48063476551505
Batch_3,tuy3zymq,affine,3,4994,1289,1289,64,90,84.41801715157656
Batch_3,tuy3zymq,affine,3,4994,1289,1289,64,135,34.36556133892606
Batch_3,ufdvpb81,nominal,0,1494,266,266,16,0,1.1797288190713056
Batch_3,ufdvpb81,nominal,0,1494,266,266,16,45,0.886626369065672
Batch_3,ufdvpb81,nominal,0,1494,266,266,16,90,1.4357078179537393
Batch_3,ufdvpb81,nominal,0,1494,266,266,16,135,1.3835278699458775
Batch_3,ufdvpb81,nominal,0,1494,266,266,32,0,6.097728630736645
Batch_3,ufdvpb81,nominal,0,1494,266,266,32,45,5.567261272092881
Batch_3,ufdvpb81,nominal,0,1494,266,266,32,90,9.048883264937604
Batch_3,ufdvpb81,nominal,0,1494,266,266,32,135,6.300729521633369
Batch_3,ufdvpb81,nominal,0,1494,266,266,64,0,25.371085426787207
Batch_3,ufdvpb81,nominal,0,1494,266,266,64,45,28.009488677068333
Batch_3,ufdvpb81,nominal,0,1494,266,266,64,90,59.75812849483351
Batch_3,ufdvpb81,nominal,0,1494,266,266,64,135,30.013715243266205
Batch_3,ufdvpb81,nominal,1,4994,266,266,16,0,0.7849509829953459
Batch_3,ufdvpb81,nominal,1,4994,266,266,16,45,0.8403027472154609
Batch_3,ufdvpb81,nominal,1,4994,266,266,16,90,0.9429037605776515
Batch_3,ufdvpb81,nominal,1,4994,266,266,16,135,0.7394035364705931
Batch_3,ufdvpb81,nominal,1,4994,266,266,32,0,3.6590700460286256
Batch_3,ufdvpb81,nominal,1,4994,266,266,32,45,5.718253657359257
Batch_3,ufdvpb81,nominal,1,4994,266,266,32,90,6.866924364524314
Batch_3,ufdvpb81,nominal,1,4994,266,266,32,135,4.878398040125491
Batch_3,ufdvpb81,nominal,1,4994,266,266,64,0,17.86390255638186
Batch_3,ufdvpb81,nominal,1,4994,266,266,64,45,25.226702801916417
Batch_3,ufdvpb81,nominal,1,4994,266,266,64,90,59.833332754828106
Batch_3,ufdvpb81,nominal,1,4994,266,266,64,135,26.184533374064795
Batch_3,ufdvpb81,nominal,2,1494,1310,1310,16,0,0.6271571884227938
Batch_3,ufdvpb81,nominal,2,1494,1310,1310,16,45,1.051351917129483
Batch_3,ufdvpb81,nominal,2,1494,1310,1310,16,90,1.3687119255184643
Batch_3,ufdvpb81,nominal,2,1494,1310,1310,16,135,0.5493435813627007
Batch_3,ufdvpb81,nominal,2,1494,1310,1310,32,0,3.3292831954082214
Batch_3,ufdvpb81,nominal,2,1494,1310,1310,32,45,8.006458901040137
Batch_3,ufdvpb81,nominal,2,1494,1310,1310,32,90,11.859662560435106
Batch_3,ufdvpb81,nominal,2,1494,1310,1310,32,135,3.5647761223382277
Batch_3,ufdvpb81,nominal,2,1494,1310,1310,64,0,18.20698695869529
Batch_3,ufdvpb81,nominal,2,1494,1310,1310,64,45,57.14413017464699
Batch_3,ufdvpb81,nominal,2,1494,1310,1310,64,90,67.47277164027291
Batch_3,ufdvpb81,nominal,2,1494,1310,1310,64,135,20.44034003313722
Batch_3,ufdvpb81,nominal,3,4994,1310,1310,16,0,1.067756823124805
Batch_3,ufdvpb81,nominal,3,4994,1310,1310,16,45,1.5871058746601627
Batch_3,ufdvpb81,nominal,3,4994,1310,1310,16,90,0.959453040829577
Batch_3,ufdvpb81,nominal,3,4994,1310,1310,16,135,1.161475260671934
Batch_3,ufdvpb81,nominal,3,4994,1310,1310,32,0,6.495963988602966
Batch_3,ufdvpb81,nominal,3,4994,1310,1310,32,45,9.178992295947658
Batch_3,ufdvpb81,nominal,3,4994,1310,1310,32,90,6.735526173113035
Batch_3,ufdvpb81,nominal,3,4994,1310,1310,32,135,8.290247045407021
Batch_3,ufdvpb81,nominal,3,4994,1310,1310,64,0,36.83130231163027
Batch_3,ufdvpb81,nominal,3,4994,1310,1310,64,45,76.63978792549102
Batch_3,ufdvpb81,nominal,3,4994,1310,1310,64,90,34.491799036061394
Batch_3,ufdvpb81,nominal,3,4994,1310,1310,64,135,32.08691612948919
Batch_3,ufdvpb81,full_resolution,0,1494,266,266,16,0,3.9817452713047765
Batch_3,ufdvpb81,full_resolution,0,1494,266,266,16,45,3.020079058476099
Batch_3,ufdvpb81,full_resolution,0,1494,266,266,16,90,4.892221772113085
Batch_3,ufdvpb81,full_resolution,0,1494,266,266,16,135,4.707688512347585
Batch_3,ufdvpb81,full_resolution,0,1494,266,266,32,0,20.217372842048924
Batch_3,ufdvpb81,full_resolution,0,1494,266,266,32,45,18.49175812349142
Batch_3,ufdvpb81,full_resolution,0,1494,266,266,32,90,30.012386439605407
Batch_3,ufdvpb81,full_resolution,0,1494,266,266,32,135,20.929063984170526
Batch_3,ufdvpb81,full_resolution,0,1494,266,266,64,0,83.61767426266631
Batch_3,ufdvpb81,full_resolution,0,1494,266,266,64,45,92.32919668751175
Batch_3,ufdvpb81,full_resolution,0,1494,266,266,64,90,196.98509982523493
Batch_3,ufdvpb81,full_resolution,0,1494,266,266,64,135,98.92247448288428
Batch_3,ufdvpb81,full_resolution,1,4994,266,266,16,0,2.9582809490104096
Batch_3,ufdvpb81,full_resolution,1,4994,266,266,16,45,3.1594317361628943
Batch_3,ufdvpb81,full_resolution,1,4994,266,266,16,90,3.553178278907366
Batch_3,ufdvpb81,full_resolution,1,4994,266,266,16,135,2.7915533608456644
Batch_3,ufdvpb81,full_resolution,1,4994,266,266,32,0,13.507676614863573
Batch_3,ufdvpb81,full_resolution,1,4994,266,266,32,45,21.130483148671175
Batch_3,ufdvpb81,full_resolution,1,4994,266,266,32,90,25.327558411557693
Batch_3,ufdvpb81,full_resolution,1,4994,266,266,32,135,18.021383294995143
Batch_3,ufdvpb81,full_resolution,1,4994,266,266,64,0,65.58167779235623
Batch_3,ufdvpb81,full_resolution,1,4994,266,266,64,45,92.51045064875395
Batch_3,ufdvpb81,full_resolution,1,4994,266,266,64,90,219.47015394997734
Batch_3,ufdvpb81,full_resolution,1,4994,266,266,64,135,96.21217966465144
Batch_3,ufdvpb81,full_resolution,2,1494,1310,1310,16,0,2.319673391629059
Batch_3,ufdvpb81,full_resolution,2,1494,1310,1310,16,45,3.8761940726175776
Batch_3,ufdvpb81,full_resolution,2,1494,1310,1310,16,90,5.0217859672003105
Batch_3,ufdvpb81,full_resolution,2,1494,1310,1310,16,135,2.025110905678761
Batch_3,ufdvpb81,full_resolution,2,1494,1310,1310,32,0,12.029150649645114
Batch_3,ufdvpb81,full_resolution,2,1494,1310,1310,32,45,28.911458097797293
Batch_3,ufdvpb81,full_resolution,2,1494,1310,1310,32,90,42.830545469345964
Batch_3,ufdvpb81,full_resolution,2,1494,1310,1310,32,135,12.882137667475355
Batch_3,ufdvpb81,full_resolution,2,1494,1310,1310,64,0,65.39543761131377
Batch_3,ufdvpb81,full_resolution,2,1494,1310,1310,64,45,205.25534133557983
Batch_3,ufdvpb81,full_resolution,2,1494,1310,1310,64,90,242.31336019884841
Batch_3,ufdvpb81,full_resolution,2,1494,1310,1310,64,135,73.43637886748297
Batch_3,ufdvpb81,full_resolution,3,4994,1310,1310,16,0,3.7260961318081285
Batch_3,ufdvpb81,full_resolution,3,4994,1310,1310,16,45,5.542031760363292
Batch_3,ufdvpb81,full_resolution,3,4994,1310,1310,16,90,3.3485348987998553
Batch_3,ufdvpb81,full_resolution,3,4994,1310,1310,16,135,4.057383692017902
Batch_3,ufdvpb81,full_resolution,3,4994,1310,1310,32,0,22.2196099957124
Batch_3,ufdvpb81,full_resolution,3,4994,1310,1310,32,45,31.41760814356464
Batch_3,ufdvpb81,full_resolution,3,4994,1310,1310,32,90,23.0928212026474
Batch_3,ufdvpb81,full_resolution,3,4994,1310,1310,32,135,28.37596885988583
Batch_3,ufdvpb81,full_resolution,3,4994,1310,1310,64,0,125.35698363686451
Batch_3,ufdvpb81,full_resolution,3,4994,1310,1310,64,45,260.67902714985274
Batch_3,ufdvpb81,full_resolution,3,4994,1310,1310,64,90,117.3315780207291
Batch_3,ufdvpb81,full_resolution,3,4994,1310,1310,64,135,109.21512698812188
Batch_3,ufdvpb81,gamma_075,0,1494,266,266,16,0,1.1663375240170284
Batch_3,ufdvpb81,gamma_075,0,1494,266,266,16,45,0.902717127018101
Batch_3,ufdvpb81,gamma_075,0,1494,266,266,16,90,1.5557489731613565
Batch_3,ufdvpb81,gamma_075,0,1494,266,266,16,135,1.348942818069703
Batch_3,ufdvpb81,gamma_075,0,1494,266,266,32,0,6.291644540892781
Batch_3,ufdvpb81,gamma_075,0,1494,266,266,32,45,5.9684315601924425
Batch_3,ufdvpb81,gamma_075,0,1494,266,266,32,90,10.871588499160069
Batch_3,ufdvpb81,gamma_075,0,1494,266,266,32,135,6.423014932523679
Batch_3,ufdvpb81,gamma_075,0,1494,266,266,64,0,25.69257422325528
Batch_3,ufdvpb81,gamma_075,0,1494,266,266,64,45,31.15706479881299
Batch_3,ufdvpb81,gamma_075,0,1494,266,266,64,90,69.34180732264231
Batch_3,ufdvpb81,gamma_075,0,1494,266,266,64,135,31.963710515378033
Batch_3,ufdvpb81,gamma_075,1,4994,266,266,16,0,0.8905853569253347
Batch_3,ufdvpb81,gamma_075,1,4994,266,266,16,45,0.9783734159474555
Batch_3,ufdvpb81,gamma_075,1,4994,266,266,16,90,1.0506788805514027
Batch_3,ufdvpb81,gamma_075,1,4994,266,266,16,135,0.8494775426233099
Batch_3,ufdvpb81,gamma_075,1,4994,266,266,32,0,4.352086398753317
Batch_3,ufdvpb81,gamma_075,1,4994,266,266,32,45,6.873774468157244
Batch_3,ufdvpb81,gamma_075,1,4994,266,266,32,90,8.025654170061369
Batch_3,ufdvpb81,gamma_075,1,4994,266,266,32,135,6.049080695714877
Batch_3,ufdvpb81,gamma_075,1,4994,266,266,64,0,20.516160509719086
Batch_3,ufdvpb81,gamma_075,1,4994,266,266,64,45,29.97815827310702
Batch_3,ufdvpb81,gamma_075,1,4994,266,266,64,90,70.45548469604462
Batch_3,ufdvpb81,gamma_075,1,4994,266,266,64,135,33.12561919342047
Batch_3,ufdvpb81,gamma_075,2,1494,1310,1310,16,0,0.5518107310948774
Batch_3,ufdvpb81,gamma_075,2,1494,1310,1310,16,45,0.9772006857324605
Batch_3,ufdvpb81,gamma_075,2,1494,1310,1310,16,90,1.363583407711736
Batch_3,ufdvpb81,gamma_075,2,1494,1310,1310,16,135,0.5093050047353171
Batch_3,ufdvpb81,gamma_075,2,1494,1310,1310,32,0,3.2010718151095223
Batch_3,ufdvpb81,gamma_075,2,1494,1310,1310,32,45,8.03213605734789
Batch_3,ufdvpb81,gamma_075,2,1494,1310,1310,32,90,11.937527074733195
Batch_3,ufdvpb81,gamma_075,2,1494,1310,1310,32,135,3.756807869392884
Batch_3,ufdvpb81,gamma_075,2,1494,1310,1310,64,0,16.73723390419211
Batch_3,ufdvpb81,gamma_075,2,1494,1310,1310,64,45,61.77954531316379
Batch_3,ufdvpb81,gamma_075,2,1494,1310,1310,64,90,69.79377713030652
Batch_3,ufdvpb81,gamma_075,2,1494,1310,1310,64,135,21.447579529868747
Batch_3,ufdvpb81,gamma_075,3,4994,1310,1310,16,0,1.1237805131830403
Batch_3,ufdvpb81,gamma_075,3,4994,1310,1310,16,45,1.6429883504514597
Batch_3,ufdvpb81,gamma_075,3,4994,1310,1310,16,90,1.018089903002408
Batch_3,ufdvpb81,gamma_075,3,4994,1310,1310,16,135,1.2798718437014147
Batch_3,ufdvpb81,gamma_075,3,4994,1310,1310,32,0,7.29736308944686
Batch_3,ufdvpb81,gamma_075,3,4994,1310,1310,32,45,10.290634301871634
Batch_3,ufdvpb81,gamma_075,3,4994,1310,1310,32,90,7.507889110663069
Batch_3,ufdvpb81,gamma_075,3,4994,1310,1310,32,135,9.263932108255409
Batch_3,ufdvpb81,gamma_075,3,4994,1310,1310,64,0,40.99787689970789
Batch_3,ufdvpb81,gamma_075,3,4994,1310,1310,64,45,87.06479445314791
Batch_3,ufdvpb81,gamma_075,3,4994,1310,1310,64,90,36.81259647469131
Batch_3,ufdvpb81,gamma_075,3,4994,1310,1310,64,135,35.99751575806839
Batch_3,ufdvpb81,gamma_125,0,1494,266,266,16,0,1.1901568838443015
Batch_3,ufdvpb81,gamma_125,0,1494,266,266,16,45,0.8782605004893348
Batch_3,ufdvpb81,gamma_125,0,1494,266,266,16,90,1.3880333122618165
Batch_3,ufdvpb81,gamma_125,0,1494,266,266,16,135,1.4406895197620773
Batch_3,ufdvpb81,gamma_125,0,1494,266,266,32,0,5.872568804117253
Batch_3,ufdvpb81,gamma_125,0,1494,266,266,32,45,5.203229986851736
Batch_3,ufdvpb81,gamma_125,0,1494,266,266,32,90,7.912265481802094
Batch_3,ufdvpb81,gamma_125,0,1494,266,266,32,135,6.1928378354917815
Batch_3,ufdvpb81,gamma_125,0,1494,266,266,64,0,24.55429286379652
Batch_3,ufdvpb81,gamma_125,0,1494,266,266,64,45,25.41243569214082
Batch_3,ufdvpb81,gamma_125,0,1494,266,266,64,90,52.94195724971214
Batch_3,ufdvpb81,gamma_125,0,1494,266,266,64,135,28.257219978377233
Batch_3,ufdvpb81,gamma_125,1,4994,266,266,16,0,0.6932950752967173
Batch_3,ufdvpb81,gamma_125,1,4994,266,266,16,45,0.7264249535111094
Batch_3,ufdvpb81,gamma_125,1,4994,266,266,16,90,0.8563795959817472
Batch_3,ufdvpb81,gamma_125,1,4994,266,266,16,135,0.6535741608616304
Batch_3,ufdvpb81,gamma_125,1,4994,266,266,32,0,3.140793412518166
Batch_3,ufdvpb81,gamma_125,1,4994,266,266,32,45,4.786413031252199
Batch_3,ufdvpb81,gamma_125,1,4994,266,266,32,90,6.048877994860887
Batch_3,ufdvpb81,gamma_125,1,4994,266,266,32,135,3.957444056569687
Batch_3,ufdvpb81,gamma_125,1,4994,266,266,64,0,15.646640929819773
Batch_3,ufdvpb81,gamma_125,1,4994,266,266,64,45,21.40944273256637
Batch_3,ufdvpb81,gamma_125,1,4994,266,266,64,90,52.16154854273759
Batch_3,ufdvpb81,gamma_125,1,4994,266,266,64,135,20.58494925124481
Batch_3,ufdvpb81,gamma_125,2,1494,1310,1310,16,0,0.7091765888789772
Batch_3,ufdvpb81,gamma_125,2,1494,1310,1310,16,45,1.1318206301173872
Batch_3,ufdvpb81,gamma_125,2,1494,1310,1310,16,90,1.3927827169029714
Batch_3,ufdvpb81,gamma_125,2,1494,1310,1310,16,135,0.6031542837375551
Batch_3,ufdvpb81,gamma_125,2,1494,1310,1310,32,0,3.468131570610693
Batch_3,ufdvpb81,gamma_125,2,1494,1310,1310,32,45,8.106056630427375
Batch_3,ufdvpb81,gamma_125,2,1494,1310,1310,32,90,11.792883179198235
Batch_3,ufdvpb81,gamma_125,2,1494,1310,1310,32,135,3.462929483666808
Batch_3,ufdvpb81,gamma_125,2,1494,1310,1310,64,0,19.3110614208241
Batch_3,ufdvpb81,gamma_125,2,1494,1310,1310,64,45,54.74747106824585
Batch_3,ufdvpb81,gamma_125,2,1494,1310,1310,64,90,65.61587091333544
Batch_3,ufdvpb81,gamma_125,2,1494,1310,1310,64,135,19.486268123311103
Batch_3,ufdvpb81,gamma_125,3,4994,1310,1310,16,0,1.0177960807067366
Batch_3,ufdvpb81,gamma_125,3,4994,1310,1310,16,45,1.5296177094138173
Batch_3,ufdvpb81,gamma_125,3,4994,1310,1310,16,90,0.9042187183178756
Batch_3,ufdvpb81,gamma_125,3,4994,1310,1310,16,135,1.0573838169384988
Batch_3,ufdvpb81,gamma_125,3,4994,1310,1310,32,0,5.819721015045868
Batch_3,ufdvpb81,gamma_125,3,4994,1310,1310,32,45,8.25440942489192
Batch_3,ufdvpb81,gamma_125,3,4994,1310,1310,32,90,6.034847999162572
Batch_3,ufdvpb81,gamma_125,3,4994,1310,1310,32,135,7.4031698451659675
Batch_3,ufdvpb81,gamma_125,3,4994,1310,1310,64,0,32.88483285906585
Batch_3,ufdvpb81,gamma_125,3,4994,1310,1310,64,45,66.82748526427496
Batch_3,ufdvpb81,gamma_125,3,4994,1310,1310,64,90,31.81957700287083
Batch_3,ufdvpb81,gamma_125,3,4994,1310,1310,64,135,28.467840684847
Batch_3,ufdvpb81,affine,0,1494,266,266,16,0,1.1797288190713058
Batch_3,ufdvpb81,affine,0,1494,266,266,16,45,0.8866263690656723
Batch_3,ufdvpb81,affine,0,1494,266,266,16,90,1.4357078179537397
Batch_3,ufdvpb81,affine,0,1494,266,266,16,135,1.3835278699458775
Batch_3,ufdvpb81,affine,0,1494,266,266,32,0,6.097728630736645
Batch_3,ufdvpb81,affine,0,1494,266,266,32,45,5.567261272092882
Batch_3,ufdvpb81,affine,0,1494,266,266,32,90,9.0488832649376
Batch_3,ufdvpb81,affine,0,1494,266,266,32,135,6.300729521633369
Batch_3,ufdvpb81,affine,0,1494,266,266,64,0,25.371085426787207
Batch_3,ufdvpb81,affine,0,1494,266,266,64,45,28.00948867706834
Batch_3,ufdvpb81,affine,0,1494,266,266,64,90,59.75812849483353
Batch_3,ufdvpb81,affine,0,1494,266,266,64,135,30.013715243266216
Batch_3,ufdvpb81,affine,1,4994,266,266,16,0,0.7849509829953459
Batch_3,ufdvpb81,affine,1,4994,266,266,16,45,0.840302747215461
Batch_3,ufdvpb81,affine,1,4994,266,266,16,90,0.9429037605776515
Batch_3,ufdvpb81,affine,1,4994,266,266,16,135,0.7394035364705931
Batch_3,ufdvpb81,affine,1,4994,266,266,32,0,3.6590700460286256
Batch_3,ufdvpb81,affine,1,4994,266,266,32,45,5.718253657359257
Batch_3,ufdvpb81,affine,1,4994,266,266,32,90,6.866924364524314
Batch_3,ufdvpb81,affine,1,4994,266,266,32,135,4.878398040125491
Batch_3,ufdvpb81,affine,1,4994,266,266,64,0,17.863902556381863
Batch_3,ufdvpb81,affine,1,4994,266,266,64,45,25.226702801916417
Batch_3,ufdvpb81,affine,1,4994,266,266,64,90,59.83333275482811
Batch_3,ufdvpb81,affine,1,4994,266,266,64,135,26.184533374064795
Batch_3,ufdvpb81,affine,2,1494,1310,1310,16,0,0.6271571884227939
Batch_3,ufdvpb81,affine,2,1494,1310,1310,16,45,1.051351917129483
Batch_3,ufdvpb81,affine,2,1494,1310,1310,16,90,1.3687119255184643
Batch_3,ufdvpb81,affine,2,1494,1310,1310,16,135,0.5493435813627007
Batch_3,ufdvpb81,affine,2,1494,1310,1310,32,0,3.3292831954082214
Batch_3,ufdvpb81,affine,2,1494,1310,1310,32,45,8.006458901040139
Batch_3,ufdvpb81,affine,2,1494,1310,1310,32,90,11.859662560435108
Batch_3,ufdvpb81,affine,2,1494,1310,1310,32,135,3.5647761223382277
Batch_3,ufdvpb81,affine,2,1494,1310,1310,64,0,18.206986958695293
Batch_3,ufdvpb81,affine,2,1494,1310,1310,64,45,57.14413017464701
Batch_3,ufdvpb81,affine,2,1494,1310,1310,64,90,67.47277164027292
Batch_3,ufdvpb81,affine,2,1494,1310,1310,64,135,20.44034003313722
Batch_3,ufdvpb81,affine,3,4994,1310,1310,16,0,1.0677568231248051
Batch_3,ufdvpb81,affine,3,4994,1310,1310,16,45,1.5871058746601632
Batch_3,ufdvpb81,affine,3,4994,1310,1310,16,90,0.9594530408295772
Batch_3,ufdvpb81,affine,3,4994,1310,1310,16,135,1.161475260671934
Batch_3,ufdvpb81,affine,3,4994,1310,1310,32,0,6.495963988602969
Batch_3,ufdvpb81,affine,3,4994,1310,1310,32,45,9.17899229594766
Batch_3,ufdvpb81,affine,3,4994,1310,1310,32,90,6.735526173113036
Batch_3,ufdvpb81,affine,3,4994,1310,1310,32,135,8.290247045407023
Batch_3,ufdvpb81,affine,3,4994,1310,1310,64,0,36.83130231163028
Batch_3,ufdvpb81,affine,3,4994,1310,1310,64,45,76.63978792549102
Batch_3,ufdvpb81,affine,3,4994,1310,1310,64,90,34.491799036061394
Batch_3,ufdvpb81,affine,3,4994,1310,1310,64,135,32.08691612948919
Batch_3,utfgcjfa,nominal,0,1493,261,261,16,0,0.7643227515469222
Batch_3,utfgcjfa,nominal,0,1493,261,261,16,45,0.7024528427143608
Batch_3,utfgcjfa,nominal,0,1493,261,261,16,90,1.1197048379509722
Batch_3,utfgcjfa,nominal,0,1493,261,261,16,135,1.1378888600863872
Batch_3,utfgcjfa,nominal,0,1493,261,261,32,0,5.09493761666436
Batch_3,utfgcjfa,nominal,0,1493,261,261,32,45,3.1873345685467984
Batch_3,utfgcjfa,nominal,0,1493,261,261,32,90,5.252529177414188
Batch_3,utfgcjfa,nominal,0,1493,261,261,32,135,5.513286315678647
Batch_3,utfgcjfa,nominal,0,1493,261,261,64,0,29.296197515384943
Batch_3,utfgcjfa,nominal,0,1493,261,261,64,45,9.83062555953739
Batch_3,utfgcjfa,nominal,0,1493,261,261,64,90,37.131276620491256
Batch_3,utfgcjfa,nominal,0,1493,261,261,64,135,24.385395047279566
Batch_3,utfgcjfa,nominal,1,4991,261,261,16,0,0.3486511643747051
Batch_3,utfgcjfa,nominal,1,4991,261,261,16,45,0.8879294290786751
Batch_3,utfgcjfa,nominal,1,4991,261,261,16,90,0.639644949895465
Batch_3,utfgcjfa,nominal,1,4991,261,261,16,135,0.6059174216017169
Batch_3,utfgcjfa,nominal,1,4991,261,261,32,0,1.6654104951999336
Batch_3,utfgcjfa,nominal,1,4991,261,261,32,45,5.7066787776539964
Batch_3,utfgcjfa,nominal,1,4991,261,261,32,90,3.416285969742966
Batch_3,utfgcjfa,nominal,1,4991,261,261,32,135,3.6240418116917676
Batch_3,utfgcjfa,nominal,1,4991,261,261,64,0,19.27883523645672
Batch_3,utfgcjfa,nominal,1,4991,261,261,64,45,32.939314927060366
Batch_3,utfgcjfa,nominal,1,4991,261,261,64,90,31.393328046957496
Batch_3,utfgcjfa,nominal,1,4991,261,261,64,135,62.52589146119712
Batch_3,utfgcjfa,nominal,2,1493,1295,1295,16,0,0.908911219701126
Batch_3,utfgcjfa,nominal,2,1493,1295,1295,16,45,1.5033086274406258
Batch_3,utfgcjfa,nominal,2,1493,1295,1295,16,90,1.8510061087127831
Batch_3,utfgcjfa,nominal,2,1493,1295,1295,16,135,1.8318936059463153
Batch_3,utfgcjfa,nominal,2,1493,1295,1295,32,0,4.6897523814396145
Batch_3,utfgcjfa,nominal,2,1493,1295,1295,32,45,5.540160420523856
Batch_3,utfgcjfa,nominal,2,1493,1295,1295,32,90,7.659709761905042
Batch_3,utfgcjfa,nominal,2,1493,1295,1295,32,135,5.828662313245738
Batch_3,utfgcjfa,nominal,2,1493,1295,1295,64,0,19.291197803936626
Batch_3,utfgcjfa,nominal,2,1493,1295,1295,64,45,27.657086573588106
Batch_3,utfgcjfa,nominal,2,1493,1295,1295,64,90,38.68003321204722
Batch_3,utfgcjfa,nominal,2,1493,1295,1295,64,135,30.436692612735314
Batch_3,utfgcjfa,nominal,3,4991,1295,1295,16,0,1.389468101041137
Batch_3,utfgcjfa,nominal,3,4991,1295,1295,16,45,1.8632744611080643
Batch_3,utfgcjfa,nominal,3,4991,1295,1295,16,90,2.1781187856061335
Batch_3,utfgcjfa,nominal,3,4991,1295,1295,16,135,2.442516915465347
Batch_3,utfgcjfa,nominal,3,4991,1295,1295,32,0,5.397609964572876
Batch_3,utfgcjfa,nominal,3,4991,1295,1295,32,45,10.76699017377914
Batch_3,utfgcjfa,nominal,3,4991,1295,1295,32,90,12.01547093124517
Batch_3,utfgcjfa,nominal,3,4991,1295,1295,32,135,14.231157549772586
Batch_3,utfgcjfa,nominal,3,4991,1295,1295,64,0,22.620551748636444
Batch_3,utfgcjfa,nominal,3,4991,1295,1295,64,45,30.498838828545694
Batch_3,utfgcjfa,nominal,3,4991,1295,1295,64,90,54.941783636171294
Batch_3,utfgcjfa,nominal,3,4991,1295,1295,64,135,45.110118694629136
Batch_3,utfgcjfa,full_resolution,0,1493,261,261,16,0,2.766663598404788
Batch_3,utfgcjfa,full_resolution,0,1493,261,261,16,45,2.544354756023926
Batch_3,utfgcjfa,full_resolution,0,1493,261,261,16,90,4.064321150486237
Batch_3,utfgcjfa,full_resolution,0,1493,261,261,16,135,4.108157158748566
Batch_3,utfgcjfa,full_resolution,0,1493,261,261,32,0,18.020265459775743
Batch_3,utfgcjfa,full_resolution,0,1493,261,261,32,45,11.351833128710522
Batch_3,utfgcjfa,full_resolution,0,1493,261,261,32,90,18.630466272984325
Batch_3,utfgcjfa,full_resolution,0,1493,261,261,32,135,19.51930220399337
Batch_3,utfgcjfa,full_resolution,0,1493,261,261,64,0,103.23212697642805
Batch_3,utfgcjfa,full_resolution,0,1493,261,261,64,45,34.620691104014334
Batch_3,utfgcjfa,full_resolution,0,1493,261,261,64,90,130.72798624150434
Batch_3,utfgcjfa,full_resolution,0,1493,261,261,64,135,85.84219707584853
Batch_3,utfgcjfa,full_resolution,1,4991,261,261,16,0,1.3132073924052954
Batch_3,utfgcjfa,full_resolution,1,4991,261,261,16,45,3.338118398707969
Batch_3,utfgcjfa,full_resolution,1,4991,261,261,16,90,2.4148201560887643
Batch_3,utfgcjfa,full_resolution,1,4991,261,261,16,135,2.270415109819015
Batch_3,utfgcjfa,full_resolution,1,4991,261,261,32,0,6.103748396648575
Batch_3,utfgcjfa,full_resolution,1,4991,261,261,32,45,20.974017493618486
Batch_3,utfgcjfa,full_resolution,1,4991,261,261,32,90,12.554574762514529
Batch_3,utfgcjfa,full_resolution,1,4991,261,261,32,135,13.301131642374983
Batch_3,utfgcjfa,full_resolution,1,4991,261,261,64,0,70.46292819578383
Batch_3,utfgcjfa,full_resolution,1,4991,261,261,64,45,120.29274352495923
Batch_3,utfgcjfa,full_resolution,1,4991,261,261,64,90,114.56256318318272
Batch_3,utfgcjfa,full_resolution,1,4991,261,261,64,135,228.14562647407845
Batch_3,utfgcjfa,full_resolution,2,1493,1295,1295,16,0,3.156287433708536
Batch_3,utfgcjfa,full_resolution,2,1493,1295,1295,16,45,5.253565620626363
Batch_3,utfgcjfa,full_resolution,2,1493,1295,1295,16,90,6.4492754927858575
Batch_3,utfgcjfa,full_resolution,2,1493,1295,1295,16,135,6.392656976959489
Batch_3,utfgcjfa,full_resolution,2,1493,1295,1295,32,0,16.00054204737628
Batch_3,utfgcjfa,full_resolution,2,1493,1295,1295,32,45,18.919613033225293
Batch_3,utfgcjfa,full_resolution,2,1493,1295,1295,32,90,26.135900148567234
Batch_3,utfgcjfa,full_resolution,2,1493,1295,1295,32,135,19.85791068256243
Batch_3,utfgcjfa,full_resolution,2,1493,1295,1295,64,0,65.39814798409226
Batch_3,utfgcjfa,full_resolution,2,1493,1295,1295,64,45,93.71817057619174
Batch_3,utfgcjfa,full_resolution,2,1493,1295,1295,64,90,131.10951227520675
Batch_3,utfgcjfa,full_resolution,2,1493,1295,1295,64,135,103.17215566090111
Batch_3,utfgcjfa,full_resolution,3,4991,1295,1295,16,0,4.229267066718217
Batch_3,utfgcjfa,full_resolution,3,4991,1295,1295,16,45,5.637300134502547
Batch_3,utfgcjfa,full_resolution,3,4991,1295,1295,16,90,6.554455751761634
Batch_3,utfgcjfa,full_resolution,3,4991,1295,1295,16,135,7.38821848435453
Batch_3,utfgcjfa,full_resolution,3,4991,1295,1295,32,0,15.966923613733698
Batch_3,utfgcjfa,full_resolution,3,4991,1295,1295,32,45,31.85182525178098
Batch_3,utfgcjfa,full_resolution,3,4991,1295,1295,32,90,35.570973281432025
Batch_3,utfgcjfa,full_resolution,3,4991,1295,1295,32,135,42.05610364288742
Batch_3,utfgcjfa,full_resolution,3,4991,1295,1295,64,0,66.4920534788952
Batch_3,utfgcjfa,full_resolution,3,4991,1295,1295,64,45,89.77657548834455
Batch_3,utfgcjfa,full_resolution,3,4991,1295,1295,64,90,161.66360180435467
Batch_3,utfgcjfa,full_resolution,3,4991,1295,1295,64,135,132.6671276344451
Batch_3,utfgcjfa,gamma_075,0,1493,261,261,16,0,0.8056728954470438
Batch_3,utfgcjfa,gamma_075,0,1493,261,261,16,45,0.7601048510852246
Batch_3,utfgcjfa,gamma_075,0,1493,261,261,16,90,1.3551709712646316
Batch_3,utfgcjfa,gamma_075,0,1493,261,261,16,135,1.2566838785936154
Batch_3,utfgcjfa,gamma_075,0,1493,261,261,32,0,5.309462190452124
Batch_3,utfgcjfa,gamma_075,0,1493,261,261,32,45,3.4380976862994306
Batch_3,utfgcjfa,gamma_075,0,1493,261,261,32,90,5.8523812254342324
Batch_3,utfgcjfa,gamma_075,0,1493,261,261,32,135,6.06140797212813
Batch_3,utfgcjfa,gamma_075,0,1493,261,261,64,0,28.95327770070622
Batch_3,utfgcjfa,gamma_075,0,1493,261,261,64,45,9.840953084376611
Batch_3,utfgcjfa,gamma_075,0,1493,261,261,64,90,37.65722976233262
Batch_3,utfgcjfa,gamma_075,0,1493,261,261,64,135,24.08941332357758
Batch_3,utfgcjfa,gamma_075,1,4991,261,261,16,0,0.3713779121921948
Batch_3,utfgcjfa,gamma_075,1,4991,261,261,16,45,0.9271136248526605
Batch_3,utfgcjfa,gamma_075,1,4991,261,261,16,90,0.7332195984429655
Batch_3,utfgcjfa,gamma_075,1,4991,261,261,16,135,0.6508601385922951
Batch_3,utfgcjfa,gamma_075,1,4991,261,261,32,0,1.8023619694317135
Batch_3,utfgcjfa,gamma_075,1,4991,261,261,32,45,5.452742796650336
Batch_3,utfgcjfa,gamma_075,1,4991,261,261,32,90,3.9391041615306404
Batch_3,utfgcjfa,gamma_075,1,4991,261,261,32,135,3.9097164208356423
Batch_3,utfgcjfa,gamma_075,1,4991,261,261,64,0,21.706800482785475
Batch_3,utfgcjfa,gamma_075,1,4991,261,261,64,45,30.98292576014355
Batch_3,utfgcjfa,gamma_075,1,4991,261,261,64,90,34.754235333210474
Batch_3,utfgcjfa,gamma_075,1,4991,261,261,64,135,67.7653433361807
Batch_3,utfgcjfa,gamma_075,2,1493,1295,1295,16,0,0.8947080256780563
Batch_3,utfgcjfa,gamma_075,2,1493,1295,1295,16,45,1.4838015553700858
Batch_3,utfgcjfa,gamma_075,2,1493,1295,1295,16,90,1.8820718081755643
Batch_3,utfgcjfa,gamma_075,2,1493,1295,1295,16,135,1.8291183829798054
Batch_3,utfgcjfa,gamma_075,2,1493,1295,1295,32,0,5.031849089637446
Batch_3,utfgcjfa,gamma_075,2,1493,1295,1295,32,45,6.007949825039182
Batch_3,utfgcjfa,gamma_075,2,1493,1295,1295,32,90,8.774289713099662
Batch_3,utfgcjfa,gamma_075,2,1493,1295,1295,32,135,6.417925506649449
Batch_3,utfgcjfa,gamma_075,2,1493,1295,1295,64,0,21.687858079676506
Batch_3,utfgcjfa,gamma_075,2,1493,1295,1295,64,45,27.878667988871385
Batch_3,utfgcjfa,gamma_075,2,1493,1295,1295,64,90,44.232447481278335
Batch_3,utfgcjfa,gamma_075,2,1493,1295,1295,64,135,30.88647433355256
Batch_3,utfgcjfa,gamma_075,3,4991,1295,1295,16,0,1.3530089343577842
Batch_3,utfgcjfa,gamma_075,3,4991,1295,1295,16,45,1.7781836416379087
Batch_3,utfgcjfa,gamma_075,3,4991,1295,1295,16,90,2.1432917911101685
Batch_3,utfgcjfa,gamma_075,3,4991,1295,1295,16,135,2.402552470377549
Batch_3,utfgcjfa,gamma_075,3,4991,1295,1295,32,0,5.428742992479224
Batch_3,utfgcjfa,gamma_075,3,4991,1295,1295,32,45,10.645461716276502
Batch_3,utfgcjfa,gamma_075,3,4991,1295,1295,32,90,12.069741037778494
Batch_3,utfgcjfa,gamma_075,3,4991,1295,1295,32,135,14.69923041299262
Batch_3,utfgcjfa,gamma_075,3,4991,1295,1295,64,0,23.094759799889445
Batch_3,utfgcjfa,gamma_075,3,4991,1295,1295,64,45,31.113955679000345
Batch_3,utfgcjfa,gamma_075,3,4991,1295,1295,64,90,55.83060420097915
Batch_3,utfgcjfa,gamma_075,3,4991,1295,1295,64,135,48.98344789522197
Batch_3,utfgcjfa,gamma_125,0,1493,261,261,16,0,0.7232456378807309
Batch_3,utfgcjfa,gamma_125,0,1493,261,261,16,45,0.6465003917761883
Batch_3,utfgcjfa,gamma_125,0,1493,261,261,16,90,0.9451433965313004
Batch_3,utfgcjfa,gamma_125,0,1493,261,261,16,135,1.0397673208198228
Batch_3,utfgcjfa,gamma_125,0,1493,261,261,32,0,4.898445144968374
Batch_3,utfgcjfa,gamma_125,0,1493,261,261,32,45,2.944333530445599
Batch_3,utfgcjfa,gamma_125,0,1493,261,261,32,90,4.762747937711476
Batch_3,utfgcjfa,gamma_125,0,1493,261,261,32,135,5.119340300473239
Batch_3,utfgcjfa,gamma_125,0,1493,261,261,64,0,29.552316309119533
Batch_3,utfgcjfa,gamma_125,0,1493,261,261,64,45,9.867717176933715
Batch_3,utfgcjfa,gamma_125,0,1493,261,261,64,90,36.498870416680745
Batch_3,utfgcjfa,gamma_125,0,1493,261,261,64,135,24.719596618705626
Batch_3,utfgcjfa,gamma_125,1,4991,261,261,16,0,0.3344688746778302
Batch_3,utfgcjfa,gamma_125,1,4991,261,261,16,45,0.8641992064027479
Batch_3,utfgcjfa,gamma_125,1,4991,261,261,16,90,0.5779612676818544
Batch_3,utfgcjfa,gamma_125,1,4991,261,261,16,135,0.578461855764133
Batch_3,utfgcjfa,gamma_125,1,4991,261,261,32,0,1.589721113757462
Batch_3,utfgcjfa,gamma_125,1,4991,261,261,32,45,5.930621263548753
Batch_3,utfgcjfa,gamma_125,1,4991,261,261,32,90,3.112003806705214
Batch_3,utfgcjfa,gamma_125,1,4991,261,261,32,135,3.5004218220663033
Batch_3,utfgcjfa,gamma_125,1,4991,261,261,64,0,17.46529140421869
Batch_3,utfgcjfa,gamma_125,1,4991,261,261,64,45,34.47361273049174
Batch_3,utfgcjfa,gamma_125,1,4991,261,261,64,90,29.328193973687835
Batch_3,utfgcjfa,gamma_125,1,4991,261,261,64,135,57.69751173821317
Batch_3,utfgcjfa,gamma_125,2,1493,1295,1295,16,0,0.9048209555962106
Batch_3,utfgcjfa,gamma_125,2,1493,1295,1295,16,45,1.5100926277584534
Batch_3,utfgcjfa,gamma_125,2,1493,1295,1295,16,90,1.7803175715213078
Batch_3,utfgcjfa,gamma_125,2,1493,1295,1295,16,135,1.8295575701044877
Batch_3,utfgcjfa,gamma_125,2,1493,1295,1295,32,0,4.339743780169943
Batch_3,utfgcjfa,gamma_125,2,1493,1295,1295,32,45,5.129277474982579
Batch_3,utfgcjfa,gamma_125,2,1493,1295,1295,32,90,6.80149924834843
Batch_3,utfgcjfa,gamma_125,2,1493,1295,1295,32,135,5.4863473857265275
Batch_3,utfgcjfa,gamma_125,2,1493,1295,1295,64,0,18.17300529169971
Batch_3,utfgcjfa,gamma_125,2,1493,1295,1295,64,45,27.913179959098667
Batch_3,utfgcjfa,gamma_125,2,1493,1295,1295,64,90,34.34283188197112
Batch_3,utfgcjfa,gamma_125,2,1493,1295,1295,64,135,31.334962875577975
Batch_3,utfgcjfa,gamma_125,3,4991,1295,1295,16,0,1.4052367652306927
Batch_3,utfgcjfa,gamma_125,3,4991,1295,1295,16,45,1.9127133953068278
Batch_3,utfgcjfa,gamma_125,3,4991,1295,1295,16,90,2.1982139324326324
Batch_3,utfgcjfa,gamma_125,3,4991,1295,1295,16,135,2.4532288968989295
Batch_3,utfgcjfa,gamma_125,3,4991,1295,1295,32,0,5.277690732671747
Batch_3,utfgcjfa,gamma_125,3,4991,1295,1295,32,45,10.63474509706787
Batch_3,utfgcjfa,gamma_125,3,4991,1295,1295,32,90,11.809979528511631
Batch_3,utfgcjfa,gamma_125,3,4991,1295,1295,32,135,13.68986413400801
Batch_3,utfgcjfa,gamma_125,3,4991,1295,1295,64,0,21.798446848507265
Batch_3,utfgcjfa,gamma_125,3,4991,1295,1295,64,45,29.526516365709607
Batch_3,utfgcjfa,gamma_125,3,4991,1295,1295,64,90,52.96173696466367
Batch_3,utfgcjfa,gamma_125,3,4991,1295,1295,64,135,41.097070107455735
Batch_3,utfgcjfa,affine,0,1493,261,261,16,0,0.7643227515469221
Batch_3,utfgcjfa,affine,0,1493,261,261,16,45,0.7024528427143608
Batch_3,utfgcjfa,affine,0,1493,261,261,16,90,1.119704837950972
Batch_3,utfgcjfa,affine,0,1493,261,261,16,135,1.1378888600863872
Batch_3,utfgcjfa,affine,0,1493,261,261,32,0,5.094937616664359
Batch_3,utfgcjfa,affine,0,1493,261,261,32,45,3.1873345685467984
Batch_3,utfgcjfa,affine,0,1493,261,261,32,90,5.252529177414188
Batch_3,utfgcjfa,affine,0,1493,261,261,32,135,5.513286315678646
Batch_3,utfgcjfa,affine,0,1493,261,261,64,0,29.296197515384943
Batch_3,utfgcjfa,affine,0,1493,261,261,64,45,9.83062555953739
Batch_3,utfgcjfa,affine,0,1493,261,261,64,90,37.131276620491256
Batch_3,utfgcjfa,affine,0,1493,261,261,64,135,24.385395047279562
Batch_3,utfgcjfa,affine,1,4991,261,261,16,0,0.34865116437470506
Batch_3,utfgcjfa,affine,1,4991,261,261,16,45,0.8879294290786749
Batch_3,utfgcjfa,affine,1,4991,261,261,16,90,0.6396449498954648
Batch_3,utfgcjfa,affine,1,4991,261,261,16,135,0.6059174216017166
Batch_3,utfgcjfa,affine,1,4991,261,261,32,0,1.6654104951999336
Batch_3,utfgcjfa,affine,1,4991,261,261,32,45,5.706678777653995
Batch_3,utfgcjfa,affine,1,4991,261,261,32,90,3.4162859697429644
Batch_3,utfgcjfa,affine,1,4991,261,261,32,135,3.6240418116917663
Batch_3,utfgcjfa,affine,1,4991,261,261,64,0,19.278835236456718
Batch_3,utfgcjfa,affine,1,4991,261,261,64,45,32.93931492706036
Batch_3,utfgcjfa,affine,1,4991,261,261,64,90,31.393328046957482
Batch_3,utfgcjfa,affine,1,4991,261,261,64,135,62.5258914611971
Batch_3,utfgcjfa,affine,2,1493,1295,1295,16,0,0.9089112197011256
Batch_3,utfgcjfa,affine,2,1493,1295,1295,16,45,1.5033086274406253
Batch_3,utfgcjfa,affine,2,1493,1295,1295,16,90,1.851006108712783
Batch_3,utfgcjfa,affine,2,1493,1295,1295,16,135,1.8318936059463147
Batch_3,utfgcjfa,affine,2,1493,1295,1295,32,0,4.6897523814396145
Batch_3,utfgcjfa,affine,2,1493,1295,1295,32,45,5.540160420523855
Batch_3,utfgcjfa,affine,2,1493,1295,1295,32,90,7.659709761905041
Batch_3,utfgcjfa,affine,2,1493,1295,1295,32,135,5.828662313245738
Batch_3,utfgcjfa,affine,2,1493,1295,1295,64,0,19.29119780393662
Batch_3,utfgcjfa,affine,2,1493,1295,1295,64,45,27.657086573588103
Batch_3,utfgcjfa,affine,2,1493,1295,1295,64,90,38.68003321204722
Batch_3,utfgcjfa,affine,2,1493,1295,1295,64,135,30.43669261273531
Batch_3,utfgcjfa,affine,3,4991,1295,1295,16,0,1.3894681010411372
Batch_3,utfgcjfa,affine,3,4991,1295,1295,16,45,1.8632744611080647
Batch_3,utfgcjfa,affine,3,4991,1295,1295,16,90,2.1781187856061344
Batch_3,utfgcjfa,affine,3,4991,1295,1295,16,135,2.4425169154653474
Batch_3,utfgcjfa,affine,3,4991,1295,1295,32,0,5.397609964572878
Batch_3,utfgcjfa,affine,3,4991,1295,1295,32,45,10.766990173779142
Batch_3,utfgcjfa,affine,3,4991,1295,1295,32,90,12.015470931245174
Batch_3,utfgcjfa,affine,3,4991,1295,1295,32,135,14.231157549772588
Batch_3,utfgcjfa,affine,3,4991,1295,1295,64,0,22.620551748636448
Batch_3,utfgcjfa,affine,3,4991,1295,1295,64,45,30.498838828545704
Batch_3,utfgcjfa,affine,3,4991,1295,1295,64,90,54.941783636171316
Batch_3,utfgcjfa,affine,3,4991,1295,1295,64,135,45.11011869462914
Batch_3,vc2whyaq,nominal,0,1494,261,261,16,0,0.8726329018741287
Batch_3,vc2whyaq,nominal,0,1494,261,261,16,45,1.5745195415669888
Batch_3,vc2whyaq,nominal,0,1494,261,261,16,90,2.055139610093462
Batch_3,vc2whyaq,nominal,0,1494,261,261,16,135,0.6289972336390037
Batch_3,vc2whyaq,nominal,0,1494,261,261,32,0,3.487937948501499
Batch_3,vc2whyaq,nominal,0,1494,261,261,32,45,6.940558380054756
Batch_3,vc2whyaq,nominal,0,1494,261,261,32,90,19.382517814098374
Batch_3,vc2whyaq,nominal,0,1494,261,261,32,135,2.7425886745741206
Batch_3,vc2whyaq,nominal,0,1494,261,261,64,0,13.003992688484905
Batch_3,vc2whyaq,nominal,0,1494,261,261,64,45,23.165404069633837
Batch_3,vc2whyaq,nominal,0,1494,261,261,64,90,161.45654165285174
Batch_3,vc2whyaq,nominal,0,1494,261,261,64,135,13.979490285213881
Batch_3,vc2whyaq,nominal,1,4994,261,261,16,0,0.8644618338970933
Batch_3,vc2whyaq,nominal,1,4994,261,261,16,45,0.783576663760621
Batch_3,vc2whyaq,nominal,1,4994,261,261,16,90,1.2354079264108895
Batch_3,vc2whyaq,nominal,1,4994,261,261,16,135,1.2753048049185456
Batch_3,vc2whyaq,nominal,1,4994,261,261,32,0,5.353164992135809
Batch_3,vc2whyaq,nominal,1,4994,261,261,32,45,4.523439634645045
Batch_3,vc2whyaq,nominal,1,4994,261,261,32,90,7.808907109998739
Batch_3,vc2whyaq,nominal,1,4994,261,261,32,135,9.315752682583035
Batch_3,vc2whyaq,nominal,1,4994,261,261,64,0,39.43531031284479
Batch_3,vc2whyaq,nominal,1,4994,261,261,64,45,38.28009862660813
Batch_3,vc2whyaq,nominal,1,4994,261,261,64,90,73.6093953716464
Batch_3,vc2whyaq,nominal,1,4994,261,261,64,135,78.52146967472557
Batch_3,vc2whyaq,nominal,2,1494,1295,1295,16,0,1.3629921772683098
Batch_3,vc2whyaq,nominal,2,1494,1295,1295,16,45,1.2636412709183202
Batch_3,vc2whyaq,nominal,2,1494,1295,1295,16,90,3.4895946118542325
Batch_3,vc2whyaq,nominal,2,1494,1295,1295,16,135,2.3545631139135876
Batch_3,vc2whyaq,nominal,2,1494,1295,1295,32,0,5.599931807756632
Batch_3,vc2whyaq,nominal,2,1494,1295,1295,32,45,6.147883593270165
Batch_3,vc2whyaq,nominal,2,1494,1295,1295,32,90,7.88903506325857
Batch_3,vc2whyaq,nominal,2,1494,1295,1295,32,135,7.650866487998696
Batch_3,vc2whyaq,nominal,2,1494,1295,1295,64,0,40.87054510960874
Batch_3,vc2whyaq,nominal,2,1494,1295,1295,64,45,15.358081044380487
Batch_3,vc2whyaq,nominal,2,1494,1295,1295,64,90,26.029468605249836
Batch_3,vc2whyaq,nominal,2,1494,1295,1295,64,135,41.46803544567687
Batch_3,vc2whyaq,nominal,3,4994,1295,1295,16,0,0.9772606387285608
Batch_3,vc2whyaq,nominal,3,4994,1295,1295,16,45,1.4755187493395416
Batch_3,vc2whyaq,nominal,3,4994,1295,1295,16,90,2.407192218652432
Batch_3,vc2whyaq,nominal,3,4994,1295,1295,16,135,1.7367204091425745
Batch_3,vc2whyaq,nominal,3,4994,1295,1295,32,0,5.153551058983444
Batch_3,vc2whyaq,nominal,3,4994,1295,1295,32,45,6.55626960325111
Batch_3,vc2whyaq,nominal,3,4994,1295,1295,32,90,15.640824924809259
Batch_3,vc2whyaq,nominal,3,4994,1295,1295,32,135,9.392169591590102
Batch_3,vc2whyaq,nominal,3,4994,1295,1295,64,0,22.06262291190345
Batch_3,vc2whyaq,nominal,3,4994,1295,1295,64,45,35.09941245988753
Batch_3,vc2whyaq,nominal,3,4994,1295,1295,64,90,114.30332915062138
Batch_3,vc2whyaq,nominal,3,4994,1295,1295,64,135,63.60879625587976
Batch_3,vc2whyaq,full_resolution,0,1494,261,261,16,0,3.0729076289790553
Batch_3,vc2whyaq,full_resolution,0,1494,261,261,16,45,5.518470358475525
Batch_3,vc2whyaq,full_resolution,0,1494,261,261,16,90,7.186482209172969
Batch_3,vc2whyaq,full_resolution,0,1494,261,261,16,135,2.2021537890343614
Batch_3,vc2whyaq,full_resolution,0,1494,261,261,32,0,11.984165606155338
Batch_3,vc2whyaq,full_resolution,0,1494,261,261,32,45,23.870522341241614
Batch_3,vc2whyaq,full_resolution,0,1494,261,261,32,90,66.44365714500083
Batch_3,vc2whyaq,full_resolution,0,1494,261,261,32,135,9.430812880217065
Batch_3,vc2whyaq,full_resolution,0,1494,261,261,64,0,44.41005089243923
Batch_3,vc2whyaq,full_resolution,0,1494,261,261,64,45,79.12195507300882
Batch_3,vc2whyaq,full_resolution,0,1494,261,261,64,90,551.3026730699066
Batch_3,vc2whyaq,full_resolution,0,1494,261,261,64,135,47.70633430904852
Batch_3,vc2whyaq,full_resolution,1,4994,261,261,16,0,3.1955125454428077
Batch_3,vc2whyaq,full_resolution,1,4994,261,261,16,45,2.8997566389959006
Batch_3,vc2whyaq,full_resolution,1,4994,261,261,16,90,4.574285679065966
Batch_3,vc2whyaq,full_resolution,1,4994,261,261,16,135,4.751928767814768
Batch_3,vc2whyaq,full_resolution,1,4994,261,261,32,0,19.37332329510348
Batch_3,vc2whyaq,full_resolution,1,4994,261,261,32,45,16.385567787304527
Batch_3,vc2whyaq,full_resolution,1,4994,261,261,32,90,28.300813975382113
Batch_3,vc2whyaq,full_resolution,1,4994,261,261,32,135,33.742326447778446
Batch_3,vc2whyaq,full_resolution,1,4994,261,261,64,0,142.07060792475735
Batch_3,vc2whyaq,full_resolution,1,4994,261,261,64,45,137.88085808370863
Batch_3,vc2whyaq,full_resolution,1,4994,261,261,64,90,265.15305473423143
Batch_3,vc2whyaq,full_resolution,1,4994,261,261,64,135,283.0954675566759
Batch_3,vc2whyaq,full_resolution,2,1494,1295,1295,16,0,3.8105295397733796
Batch_3,vc2whyaq,full_resolution,2,1494,1295,1295,16,45,3.506898680491838
Batch_3,vc2whyaq,full_resolution,2,1494,1295,1295,16,90,9.81698219500151
Batch_3,vc2whyaq,full_resolution,2,1494,1295,1295,16,135,6.626210507814076
Batch_3,vc2whyaq,full_resolution,2,1494,1295,1295,32,0,15.321968376912244
Batch_3,vc2whyaq,full_resolution,2,1494,1295,1295,32,45,16.855162951752742
Batch_3,vc2whyaq,full_resolution,2,1494,1295,1295,32,90,21.54708564391211
Batch_3,vc2whyaq,full_resolution,2,1494,1295,1295,32,135,20.92827091002356
Batch_3,vc2whyaq,full_resolution,2,1494,1295,1295,64,0,111.20264458493116
Batch_3,vc2whyaq,full_resolution,2,1494,1295,1295,64,45,41.79083213524803
Batch_3,vc2whyaq,full_resolution,2,1494,1295,1295,64,90,70.68234353301695
Batch_3,vc2whyaq,full_resolution,2,1494,1295,1295,64,135,112.71061487913158
Batch_3,vc2whyaq,full_resolution,3,4994,1295,1295,16,0,3.4560069781727925
Batch_3,vc2whyaq,full_resolution,3,4994,1295,1295,16,45,5.212325912973145
Batch_3,vc2whyaq,full_resolution,3,4994,1295,1295,16,90,8.607189661721364
Batch_3,vc2whyaq,full_resolution,3,4994,1295,1295,16,135,6.184507072060094
Batch_3,vc2whyaq,full_resolution,3,4994,1295,1295,32,0,17.887019339075323
Batch_3,vc2whyaq,full_resolution,3,4994,1295,1295,32,45,22.838299098981924
Batch_3,vc2whyaq,full_resolution,3,4994,1295,1295,32,90,54.351545427402215
Batch_3,vc2whyaq,full_resolution,3,4994,1295,1295,32,135,32.59535902396007
Batch_3,vc2whyaq,full_resolution,3,4994,1295,1295,64,0,76.20666469382279
Batch_3,vc2whyaq,full_resolution,3,4994,1295,1295,64,45,121.3507111318122
Batch_3,vc2whyaq,full_resolution,3,4994,1295,1295,64,90,395.0034777441364
Batch_3,vc2whyaq,full_resolution,3,4994,1295,1295,64,135,219.87562767424927
Batch_3,vc2whyaq,gamma_075,0,1494,261,261,16,0,0.7844235460148381
Batch_3,vc2whyaq,gamma_075,0,1494,261,261,16,45,1.5059854357101476
Batch_3,vc2whyaq,gamma_075,0,1494,261,261,16,90,2.334371551416081
Batch_3,vc2whyaq,gamma_075,0,1494,261,261,16,135,0.6191227646749479
Batch_3,vc2whyaq,gamma_075,0,1494,261,261,32,0,3.369180935004784
Batch_3,vc2whyaq,gamma_075,0,1494,261,261,32,45,7.15275646693567
Batch_3,vc2whyaq,gamma_075,0,1494,261,261,32,90,22.422709585445578
Batch_3,vc2whyaq,gamma_075,0,1494,261,261,32,135,2.8413312921007305
Batch_3,vc2whyaq,gamma_075,0,1494,261,261,64,0,12.668149239419346
Batch_3,vc2whyaq,gamma_075,0,1494,261,261,64,45,24.011633794534593
Batch_3,vc2whyaq,gamma_075,0,1494,261,261,64,90,191.6886922789341
Batch_3,vc2whyaq,gamma_075,0,1494,261,261,64,135,14.736769026346272
Batch_3,vc2whyaq,gamma_075,1,4994,261,261,16,0,1.0165577689341394
Batch_3,vc2whyaq,gamma_075,1,4994,261,261,16,45,0.9735671782302902
Batch_3,vc2whyaq,gamma_075,1,4994,261,261,16,90,1.4651512997225677
Batch_3,vc2whyaq,gamma_075,1,4994,261,261,16,135,1.3696965379112986
Batch_3,vc2whyaq,gamma_075,1,4994,261,261,32,0,6.236570851288871
Batch_3,vc2whyaq,gamma_075,1,4994,261,261,32,45,5.497674622384258
Batch_3,vc2whyaq,gamma_075,1,4994,261,261,32,90,8.855734116430144
Batch_3,vc2whyaq,gamma_075,1,4994,261,261,32,135,9.60647967539957
Batch_3,vc2whyaq,gamma_075,1,4994,261,261,64,0,41.321976526489905
Batch_3,vc2whyaq,gamma_075,1,4994,261,261,64,45,42.638839776159784
Batch_3,vc2whyaq,gamma_075,1,4994,261,261,64,90,75.44480772822484
Batch_3,vc2whyaq,gamma_075,1,4994,261,261,64,135,76.096672556438
Batch_3,vc2whyaq,gamma_075,2,1494,1295,1295,16,0,1.3187556312045134
Batch_3,vc2whyaq,gamma_075,2,1494,1295,1295,16,45,1.2905347250626502
Batch_3,vc2whyaq,gamma_075,2,1494,1295,1295,16,90,3.478557265821598
Batch_3,vc2whyaq,gamma_075,2,1494,1295,1295,16,135,2.2506962683766694
Batch_3,vc2whyaq,gamma_075,2,1494,1295,1295,32,0,5.883580803641135
Batch_3,vc2whyaq,gamma_075,2,1494,1295,1295,32,45,6.838345001962639
Batch_3,vc2whyaq,gamma_075,2,1494,1295,1295,32,90,8.355114242677201
Batch_3,vc2whyaq,gamma_075,2,1494,1295,1295,32,135,7.5841647462048885
Batch_3,vc2whyaq,gamma_075,2,1494,1295,1295,64,0,47.74133454939265
Batch_3,vc2whyaq,gamma_075,2,1494,1295,1295,64,45,17.821804191829855
Batch_3,vc2whyaq,gamma_075,2,1494,1295,1295,64,90,27.330972660813597
Batch_3,vc2whyaq,gamma_075,2,1494,1295,1295,64,135,42.6335676522788
Batch_3,vc2whyaq,gamma_075,3,4994,1295,1295,16,0,1.071275790186141
Batch_3,vc2whyaq,gamma_075,3,4994,1295,1295,16,45,1.6876860472073676
Batch_3,vc2whyaq,gamma_075,3,4994,1295,1295,16,90,2.7032157353673596
Batch_3,vc2whyaq,gamma_075,3,4994,1295,1295,16,135,1.9897327381926255
Batch_3,vc2whyaq,gamma_075,3,4994,1295,1295,32,0,5.6383022104772476
Batch_3,vc2whyaq,gamma_075,3,4994,1295,1295,32,45,7.438550241606357
Batch_3,vc2whyaq,gamma_075,3,4994,1295,1295,32,90,16.46715312189327
Batch_3,vc2whyaq,gamma_075,3,4994,1295,1295,32,135,11.084820595638814
Batch_3,vc2whyaq,gamma_075,3,4994,1295,1295,64,0,23.203032430889497
Batch_3,vc2whyaq,gamma_075,3,4994,1295,1295,64,45,34.97874091393874
Batch_3,vc2whyaq,gamma_075,3,4994,1295,1295,64,90,108.51501899910036
Batch_3,vc2whyaq,gamma_075,3,4994,1295,1295,64,135,67.334050204018
Batch_3,vc2whyaq,gamma_125,0,1494,261,261,16,0,0.9194369030867129
Batch_3,vc2whyaq,gamma_125,0,1494,261,261,16,45,1.5894732107911402
Batch_3,vc2whyaq,gamma_125,0,1494,261,261,16,90,1.8338434055397232
Batch_3,vc2whyaq,gamma_125,0,1494,261,261,16,135,0.6273542967687513
Batch_3,vc2whyaq,gamma_125,0,1494,261,261,32,0,3.4724118386231804
Batch_3,vc2whyaq,gamma_125,0,1494,261,261,32,45,6.539938642521366
Batch_3,vc2whyaq,gamma_125,0,1494,261,261,32,90,16.701840851918416
Batch_3,vc2whyaq,gamma_125,0,1494,261,261,32,135,2.6121661539306995
Batch_3,vc2whyaq,gamma_125,0,1494,261,261,64,0,12.930502958012891
Batch_3,vc2whyaq,gamma_125,0,1494,261,261,64,45,21.755515249320474
Batch_3,vc2whyaq,gamma_125,0,1494,261,261,64,90,136.04884512694736
Batch_3,vc2whyaq,gamma_125,0,1494,261,261,64,135,13.233637397548073
Batch_3,vc2whyaq,gamma_125,1,4994,261,261,16,0,0.7506206646596024
Batch_3,vc2whyaq,gamma_125,1,4994,261,261,16,45,0.6595950971032706
Batch_3,vc2whyaq,gamma_125,1,4994,261,261,16,90,1.0787400125057758
Batch_3,vc2whyaq,gamma_125,1,4994,261,261,16,135,1.1951863184748581
Batch_3,vc2whyaq,gamma_125,1,4994,261,261,32,0,4.696750365403173
Batch_3,vc2whyaq,gamma_125,1,4994,261,261,32,45,3.8493537805299707
Batch_3,vc2whyaq,gamma_125,1,4994,261,261,32,90,7.12171677727799
Batch_3,vc2whyaq,gamma_125,1,4994,261,261,32,135,9.030821610265996
Batch_3,vc2whyaq,gamma_125,1,4994,261,261,64,0,37.57663904057477
Batch_3,vc2whyaq,gamma_125,1,4994,261,261,64,45,35.16091228836504
Batch_3,vc2whyaq,gamma_125,1,4994,261,261,64,90,71.4819219032518
Batch_3,vc2whyaq,gamma_125,1,4994,261,261,64,135,79.20924937444525
Batch_3,vc2whyaq,gamma_125,2,1494,1295,1295,16,0,1.4033553166386983
Batch_3,vc2whyaq,gamma_125,2,1494,1295,1295,16,45,1.2629966356818076
Batch_3,vc2whyaq,gamma_125,2,1494,1295,1295,16,90,3.4690493513415253
Batch_3,vc2whyaq,gamma_125,2,1494,1295,1295,16,135,2.4451829177317657
Batch_3,vc2whyaq,gamma_125,2,1494,1295,1295,32,0,5.361584874788735
Batch_3,vc2whyaq,gamma_125,2,1494,1295,1295,32,45,5.618055904133488
Batch_3,vc2whyaq,gamma_125,2,1494,1295,1295,32,90,7.5041548189886065
Batch_3,vc2whyaq,gamma_125,2,1494,1295,1295,32,135,7.7186961858063485
Batch_3,vc2whyaq,gamma_125,2,1494,1295,1295,64,0,35.27507433614844
Batch_3,vc2whyaq,gamma_125,2,1494,1295,1295,64,45,13.554322169447833
Batch_3,vc2whyaq,gamma_125,2,1494,1295,1295,64,90,24.439645964398807
Batch_3,vc2whyaq,gamma_125,2,1494,1295,1295,64,135,39.99598538258
Batch_3,vc2whyaq,gamma_125,3,4994,1295,1295,16,0,0.8998084699585942
Batch_3,vc2whyaq,gamma_125,3,4994,1295,1295,16,45,1.3240811874881226
Batch_3,vc2whyaq,gamma_125,3,4994,1295,1295,16,90,2.1980304919151363
Batch_3,vc2whyaq,gamma_125,3,4994,1295,1295,16,135,1.5320168541200632
Batch_3,vc2whyaq,gamma_125,3,4994,1295,1295,32,0,4.804422959369346
Batch_3,vc2whyaq,gamma_125,3,4994,1295,1295,32,45,5.959338159910785
Batch_3,vc2whyaq,gamma_125,3,4994,1295,1295,32,90,15.153832019961667
Batch_3,vc2whyaq,gamma_125,3,4994,1295,1295,32,135,8.190487763926782
Batch_3,vc2whyaq,gamma_125,3,4994,1295,1295,64,0,21.573744613788193
Batch_3,vc2whyaq,gamma_125,3,4994,1295,1295,64,45,35.41175178059358
Batch_3,vc2whyaq,gamma_125,3,4994,1295,1295,64,90,119.33223118999014
Batch_3,vc2whyaq,gamma_125,3,4994,1295,1295,64,135,60.253421728055635
Batch_3,vc2whyaq,affine,0,1494,261,261,16,0,0.8726329018741288
Batch_3,vc2whyaq,affine,0,1494,261,261,16,45,1.5745195415669893
Batch_3,vc2whyaq,affine,0,1494,261,261,16,90,2.055139610093463
Batch_3,vc2whyaq,affine,0,1494,261,261,16,135,0.6289972336390038
Batch_3,vc2whyaq,affine,0,1494,261,261,32,0,3.4879379485015005
Batch_3,vc2whyaq,affine,0,1494,261,261,32,45,6.940558380054759
Batch_3,vc2whyaq,affine,0,1494,261,261,32,90,19.382517814098385
Batch_3,vc2whyaq,affine,0,1494,261,261,32,135,2.742588674574122
Batch_3,vc2whyaq,affine,0,1494,261,261,64,0,13.003992688484908
Batch_3,vc2whyaq,affine,0,1494,261,261,64,45,23.165404069633848
Batch_3,vc2whyaq,affine,0,1494,261,261,64,90,161.4565416528518
Batch_3,vc2whyaq,affine,0,1494,261,261,64,135,13.979490285213883
Batch_3,vc2whyaq,affine,1,4994,261,261,16,0,0.8644618338970933
Batch_3,vc2whyaq,affine,1,4994,261,261,16,45,0.7835766637606212
Batch_3,vc2whyaq,affine,1,4994,261,261,16,90,1.2354079264108897
Batch_3,vc2whyaq,affine,1,4994,261,261,16,135,1.2753048049185458
Batch_3,vc2whyaq,affine,1,4994,261,261,32,0,5.3531649921358095
Batch_3,vc2whyaq,affine,1,4994,261,261,32,45,4.523439634645046
Batch_3,vc2whyaq,affine,1,4994,261,261,32,90,7.808907109998739
Batch_3,vc2whyaq,affine,1,4994,261,261,32,135,9.315752682583039
Batch_3,vc2whyaq,affine,1,4994,261,261,64,0,39.4353103128448
Batch_3,vc2whyaq,affine,1,4994,261,261,64,45,38.28009862660813
Batch_3,vc2whyaq,affine,1,4994,261,261,64,90,73.6093953716464
Batch_3,vc2whyaq,affine,1,4994,261,261,64,135,78.52146967472557
Batch_3,vc2whyaq,affine,2,1494,1295,1295,16,0,1.3629921772683098
Batch_3,vc2whyaq,affine,2,1494,1295,1295,16,45,1.2636412709183205
Batch_3,vc2whyaq,affine,2,1494,1295,1295,16,90,3.4895946118542325
Batch_3,vc2whyaq,affine,2,1494,1295,1295,16,135,2.3545631139135876
Batch_3,vc2whyaq,affine,2,1494,1295,1295,32,0,5.599931807756632
Batch_3,vc2whyaq,affine,2,1494,1295,1295,32,45,6.147883593270165
Batch_3,vc2whyaq,affine,2,1494,1295,1295,32,90,7.8890350632585715
Batch_3,vc2whyaq,affine,2,1494,1295,1295,32,135,7.650866487998696
Batch_3,vc2whyaq,affine,2,1494,1295,1295,64,0,40.87054510960875
Batch_3,vc2whyaq,affine,2,1494,1295,1295,64,45,15.358081044380485
Batch_3,vc2whyaq,affine,2,1494,1295,1295,64,90,26.02946860524984
Batch_3,vc2whyaq,affine,2,1494,1295,1295,64,135,41.46803544567687
Batch_3,vc2whyaq,affine,3,4994,1295,1295,16,0,0.9772606387285608
Batch_3,vc2whyaq,affine,3,4994,1295,1295,16,45,1.4755187493395419
Batch_3,vc2whyaq,affine,3,4994,1295,1295,16,90,2.407192218652432
Batch_3,vc2whyaq,affine,3,4994,1295,1295,16,135,1.7367204091425745
Batch_3,vc2whyaq,affine,3,4994,1295,1295,32,0,5.153551058983444
Batch_3,vc2whyaq,affine,3,4994,1295,1295,32,45,6.556269603251111
Batch_3,vc2whyaq,affine,3,4994,1295,1295,32,90,15.640824924809259
Batch_3,vc2whyaq,affine,3,4994,1295,1295,32,135,9.392169591590102
Batch_3,vc2whyaq,affine,3,4994,1295,1295,64,0,22.062622911903453
Batch_3,vc2whyaq,affine,3,4994,1295,1295,64,45,35.09941245988753
Batch_3,vc2whyaq,affine,3,4994,1295,1295,64,90,114.30332915062138
Batch_3,vc2whyaq,affine,3,4994,1295,1295,64,135,63.60879625587977
Batch_3,x77cy643,nominal,0,1493,261,261,16,0,0.4151028143699284
Batch_3,x77cy643,nominal,0,1493,261,261,16,45,0.44537227573414656
Batch_3,x77cy643,nominal,0,1493,261,261,16,90,0.7884691176269452
Batch_3,x77cy643,nominal,0,1493,261,261,16,135,0.5980266297760434
Batch_3,x77cy643,nominal,0,1493,261,261,32,0,1.5555580986267459
Batch_3,x77cy643,nominal,0,1493,261,261,32,45,2.107605914588241
Batch_3,x77cy643,nominal,0,1493,261,261,32,90,3.609302403941225
Batch_3,x77cy643,nominal,0,1493,261,261,32,135,2.300345254103752
Batch_3,x77cy643,nominal,0,1493,261,261,64,0,8.6436317403628
Batch_3,x77cy643,nominal,0,1493,261,261,64,45,15.73793862391544
Batch_3,x77cy643,nominal,0,1493,261,261,64,90,33.77512801693638
Batch_3,x77cy643,nominal,0,1493,261,261,64,135,16.44664926155654
Batch_3,x77cy643,nominal,1,4991,261,261,16,0,1.740115438468845
Batch_3,x77cy643,nominal,1,4991,261,261,16,45,2.141553017652229
Batch_3,x77cy643,nominal,1,4991,261,261,16,90,3.1414679714291487
Batch_3,x77cy643,nominal,1,4991,261,261,16,135,2.3097375181188053
Batch_3,x77cy643,nominal,1,4991,261,261,32,0,7.01091510246251
Batch_3,x77cy643,nominal,1,4991,261,261,32,45,14.196627558477084
Batch_3,x77cy643,nominal,1,4991,261,261,32,90,15.911648400793409
Batch_3,x77cy643,nominal,1,4991,261,261,32,135,7.2750888140387096
Batch_3,x77cy643,nominal,1,4991,261,261,64,0,21.223407751520796
Batch_3,x77cy643,nominal,1,4991,261,261,64,45,60.79697318590239
Batch_3,x77cy643,nominal,1,4991,261,261,64,90,75.6551816965166
Batch_3,x77cy643,nominal,1,4991,261,261,64,135,32.38511619381889
Batch_3,x77cy643,nominal,2,1493,1295,1295,16,0,1.7818048345468318
Batch_3,x77cy643,nominal,2,1493,1295,1295,16,45,2.468275816146371
Batch_3,x77cy643,nominal,2,1493,1295,1295,16,90,3.5173078767992125
Batch_3,x77cy643,nominal,2,1493,1295,1295,16,135,2.4838322591037767
Batch_3,x77cy643,nominal,2,1493,1295,1295,32,0,8.260795190208562
Batch_3,x77cy643,nominal,2,1493,1295,1295,32,45,12.127782813493178
Batch_3,x77cy643,nominal,2,1493,1295,1295,32,90,25.080151838510417
Batch_3,x77cy643,nominal,2,1493,1295,1295,32,135,9.12416487297405
Batch_3,x77cy643,nominal,2,1493,1295,1295,64,0,40.72376072145228
Batch_3,x77cy643,nominal,2,1493,1295,1295,64,45,86.31975664860221
Batch_3,x77cy643,nominal,2,1493,1295,1295,64,90,82.6877819631033
Batch_3,x77cy643,nominal,2,1493,1295,1295,64,135,24.889938533523395
Batch_3,x77cy643,nominal,3,4991,1295,1295,16,0,0.63137929276542
Batch_3,x77cy643,nominal,3,4991,1295,1295,16,45,1.0274645588963833
Batch_3,x77cy643,nominal,3,4991,1295,1295,16,90,1.6213914712678505
Batch_3,x77cy643,nominal,3,4991,1295,1295,16,135,0.8156187910058885
Batch_3,x77cy643,nominal,3,4991,1295,1295,32,0,1.533698763638926
Batch_3,x77cy643,nominal,3,4991,1295,1295,32,45,5.3849597544176095
Batch_3,x77cy643,nominal,3,4991,1295,1295,32,90,5.46560802034445
Batch_3,x77cy643,nominal,3,4991,1295,1295,32,135,1.8454327690811574
Batch_3,x77cy643,nominal,3,4991,1295,1295,64,0,4.855390301234917
Batch_3,x77cy643,nominal,3,4991,1295,1295,64,45,35.775952011541776
Batch_3,x77cy643,nominal,3,4991,1295,1295,64,90,31.88826488605787
Batch_3,x77cy643,nominal,3,4991,1295,1295,64,135,5.14609323021602
Batch_3,x77cy643,full_resolution,0,1493,261,261,16,0,1.4850218661192884
Batch_3,x77cy643,full_resolution,0,1493,261,261,16,45,1.5785479206511308
Batch_3,x77cy643,full_resolution,0,1493,261,261,16,90,2.823001407511926
Batch_3,x77cy643,full_resolution,0,1493,261,261,16,135,2.1216662960146455
Batch_3,x77cy643,full_resolution,0,1493,261,261,32,0,5.411853521341693
Batch_3,x77cy643,full_resolution,0,1493,261,261,32,45,7.323439203268155
Batch_3,x77cy643,full_resolution,0,1493,261,261,32,90,12.531264257786574
Batch_3,x77cy643,full_resolution,0,1493,261,261,32,135,8.006690354385247
Batch_3,x77cy643,full_resolution,0,1493,261,261,64,0,29.86308419991394
Batch_3,x77cy643,full_resolution,0,1493,261,261,64,45,54.37085364369603
Batch_3,x77cy643,full_resolution,0,1493,261,261,64,90,116.69459551541239
Batch_3,x77cy643,full_resolution,0,1493,261,261,64,135,56.85218411593165
Batch_3,x77cy643,full_resolution,1,4991,261,261,16,0,5.687122350709927
Batch_3,x77cy643,full_resolution,1,4991,261,261,16,45,6.9634456317993765
Batch_3,x77cy643,full_resolution,1,4991,261,261,16,90,10.187878225831957
Batch_3,x77cy643,full_resolution,1,4991,261,261,16,135,7.554647150621333
Batch_3,x77cy643,full_resolution,1,4991,261,261,32,0,22.338985120169724
Batch_3,x77cy643,full_resolution,1,4991,261,261,32,45,45.19637261085566
Batch_3,x77cy643,full_resolution,1,4991,261,261,32,90,50.55476531772044
Batch_3,x77cy643,full_resolution,1,4991,261,261,32,135,23.15079442076756
Batch_3,x77cy643,full_resolution,1,4991,261,261,64,0,67.18959569893408
Batch_3,x77cy643,full_resolution,1,4991,261,261,64,45,192.57151365715757
Batch_3,x77cy643,full_resolution,1,4991,261,261,64,90,239.43518872123536
Batch_3,x77cy643,full_resolution,1,4991,261,261,64,135,102.43104972973234
Batch_3,x77cy643,full_resolution,2,1493,1295,1295,16,0,5.765008888971417
Batch_3,x77cy643,full_resolution,2,1493,1295,1295,16,45,7.948793492956657
Batch_3,x77cy643,full_resolution,2,1493,1295,1295,16,90,11.344326966743006
Batch_3,x77cy643,full_resolution,2,1493,1295,1295,16,135,8.063305794656799
Batch_3,x77cy643,full_resolution,2,1493,1295,1295,32,0,26.058563101625097
Batch_3,x77cy643,full_resolution,2,1493,1295,1295,32,45,38.184712837046874
Batch_3,x77cy643,full_resolution,2,1493,1295,1295,32,90,79.09909015261594
Batch_3,x77cy643,full_resolution,2,1493,1295,1295,32,135,28.75077030731789
Batch_3,x77cy643,full_resolution,2,1493,1295,1295,64,0,127.56813760164822
Batch_3,x77cy643,full_resolution,2,1493,1295,1295,64,45,270.46415796684744
Batch_3,x77cy643,full_resolution,2,1493,1295,1295,64,90,259.18917136196154
Batch_3,x77cy643,full_resolution,2,1493,1295,1295,64,135,77.95830783733658
Batch_3,x77cy643,full_resolution,3,4991,1295,1295,16,0,2.0226354617636337
Batch_3,x77cy643,full_resolution,3,4991,1295,1295,16,45,3.317819424855794
Batch_3,x77cy643,full_resolution,3,4991,1295,1295,16,90,5.235210999693819
Batch_3,x77cy643,full_resolution,3,4991,1295,1295,16,135,2.6143277388785817
Batch_3,x77cy643,full_resolution,3,4991,1295,1295,32,0,4.842011610531925
Batch_3,x77cy643,full_resolution,3,4991,1295,1295,32,45,17.038788820421075
Batch_3,x77cy643,full_resolution,3,4991,1295,1295,32,90,17.329052996203174
Batch_3,x77cy643,full_resolution,3,4991,1295,1295,32,135,5.840842411542817
Batch_3,x77cy643,full_resolution,3,4991,1295,1295,64,0,15.269859593621506
Batch_3,x77cy643,full_resolution,3,4991,1295,1295,64,45,112.46369448439111
Batch_3,x77cy643,full_resolution,3,4991,1295,1295,64,90,100.31434437490441
Batch_3,x77cy643,full_resolution,3,4991,1295,1295,64,135,16.183696769540774
Batch_3,x77cy643,gamma_075,0,1493,261,261,16,0,0.4696301004759003
Batch_3,x77cy643,gamma_075,0,1493,261,261,16,45,0.5122473846982629
Batch_3,x77cy643,gamma_075,0,1493,261,261,16,90,0.9042195270818069
Batch_3,x77cy643,gamma_075,0,1493,261,261,16,135,0.7104692201708525
Batch_3,x77cy643,gamma_075,0,1493,261,261,32,0,1.7092340216201154
Batch_3,x77cy643,gamma_075,0,1493,261,261,32,45,2.1621705633330786
Batch_3,x77cy643,gamma_075,0,1493,261,261,32,90,4.1313812941006836
Batch_3,x77cy643,gamma_075,0,1493,261,261,32,135,2.751022262362515
Batch_3,x77cy643,gamma_075,0,1493,261,261,64,0,9.207999084128367
Batch_3,x77cy643,gamma_075,0,1493,261,261,64,45,15.9660382150319
Batch_3,x77cy643,gamma_075,0,1493,261,261,64,90,38.11314990525874
Batch_3,x77cy643,gamma_075,0,1493,261,261,64,135,18.581136930786116
Batch_3,x77cy643,gamma_075,1,4991,261,261,16,0,1.5657127765112755
Batch_3,x77cy643,gamma_075,1,4991,261,261,16,45,1.8895118629433227
Batch_3,x77cy643,gamma_075,1,4991,261,261,16,90,2.9849627323625434
Batch_3,x77cy643,gamma_075,1,4991,261,261,16,135,2.138312405703874
Batch_3,x77cy643,gamma_075,1,4991,261,261,32,0,6.466219758258004
Batch_3,x77cy643,gamma_075,1,4991,261,261,32,45,12.699633672870172
Batch_3,x77cy643,gamma_075,1,4991,261,261,32,90,15.007779020827199
Batch_3,x77cy643,gamma_075,1,4991,261,261,32,135,6.840257752560367
Batch_3,x77cy643,gamma_075,1,4991,261,261,64,0,20.411800974108164
Batch_3,x77cy643,gamma_075,1,4991,261,261,64,45,64.99725868313074
Batch_3,x77cy643,gamma_075,1,4991,261,261,64,90,78.77880030099145
Batch_3,x77cy643,gamma_075,1,4991,261,261,64,135,30.647180965907488
Batch_3,x77cy643,gamma_075,2,1493,1295,1295,16,0,1.752026178708382
Batch_3,x77cy643,gamma_075,2,1493,1295,1295,16,45,2.3541944081558714
Batch_3,x77cy643,gamma_075,2,1493,1295,1295,16,90,3.4586030513594634
Batch_3,x77cy643,gamma_075,2,1493,1295,1295,16,135,2.4299755457631447
Batch_3,x77cy643,gamma_075,2,1493,1295,1295,32,0,8.922036700723869
Batch_3,x77cy643,gamma_075,2,1493,1295,1295,32,45,12.004080404805398
Batch_3,x77cy643,gamma_075,2,1493,1295,1295,32,90,25.144304265591103
Batch_3,x77cy643,gamma_075,2,1493,1295,1295,32,135,9.349427888713363
Batch_3,x77cy643,gamma_075,2,1493,1295,1295,64,0,43.695436084534684
Batch_3,x77cy643,gamma_075,2,1493,1295,1295,64,45,82.71252083792275
Batch_3,x77cy643,gamma_075,2,1493,1295,1295,64,90,93.72724056086425
Batch_3,x77cy643,gamma_075,2,1493,1295,1295,64,135,25.832563479989172
Batch_3,x77cy643,gamma_075,3,4991,1295,1295,16,0,0.519538101558338
Batch_3,x77cy643,gamma_075,3,4991,1295,1295,16,45,0.839715188258456
Batch_3,x77cy643,gamma_075,3,4991,1295,1295,16,90,1.3169026843683052
Batch_3,x77cy643,gamma_075,3,4991,1295,1295,16,135,0.6344749834508407
Batch_3,x77cy643,gamma_075,3,4991,1295,1295,32,0,1.25765081737137
Batch_3,x77cy643,gamma_075,3,4991,1295,1295,32,45,4.5857446355610225
Batch_3,x77cy643,gamma_075,3,4991,1295,1295,32,90,4.698343792366853
Batch_3,x77cy643,gamma_075,3,4991,1295,1295,32,135,1.518637933197809
Batch_3,x77cy643,gamma_075,3,4991,1295,1295,64,0,4.063597504739671
Batch_3,x77cy643,gamma_075,3,4991,1295,1295,64,45,32.18467294316136
Batch_3,x77cy643,gamma_075,3,4991,1295,1295,64,90,30.784578692426866
Batch_3,x77cy643,gamma_075,3,4991,1295,1295,64,135,4.383520471913748
Batch_3,x77cy643,gamma_125,0,1493,261,261,16,0,0.36683352189375124
Batch_3,x77cy643,gamma_125,0,1493,261,261,16,45,0.38796341567099546
Batch_3,x77cy643,gamma_125,0,1493,261,261,16,90,0.6810750247757396
Batch_3,x77cy643,gamma_125,0,1493,261,261,16,135,0.5027976286064925
Batch_3,x77cy643,gamma_125,0,1493,261,261,32,0,1.4192836673603069
Batch_3,x77cy643,gamma_125,0,1493,261,261,32,45,2.0444427179466307
Batch_3,x77cy643,gamma_125,0,1493,261,261,32,90,3.1831160282046653
Batch_3,x77cy643,gamma_125,0,1493,261,261,32,135,1.9551470937460949
Batch_3,x77cy643,gamma_125,0,1493,261,261,64,0,8.152353578002982
Batch_3,x77cy643,gamma_125,0,1493,261,261,64,45,15.493136895060776
Batch_3,x77cy643,gamma_125,0,1493,261,261,64,90,30.121553978166286
Batch_3,x77cy643,gamma_125,0,1493,261,261,64,135,14.683182606572466
Batch_3,x77cy643,gamma_125,1,4991,261,261,16,0,1.8675468297379902
Batch_3,x77cy643,gamma_125,1,4991,261,261,16,45,2.3830160546149513
Batch_3,x77cy643,gamma_125,1,4991,261,261,16,90,3.299725696530933
Batch_3,x77cy643,gamma_125,1,4991,261,261,16,135,2.446397771876745
Batch_3,x77cy643,gamma_125,1,4991,261,261,32,0,7.404447011841915
Batch_3,x77cy643,gamma_125,1,4991,261,261,32,45,15.951859541237452
Batch_3,x77cy643,gamma_125,1,4991,261,261,32,90,17.054582196300196
Batch_3,x77cy643,gamma_125,1,4991,261,261,32,135,7.683502102312392
Batch_3,x77cy643,gamma_125,1,4991,261,261,64,0,22.37644577447567
Batch_3,x77cy643,gamma_125,1,4991,261,261,64,45,58.384517487166484
Batch_3,x77cy643,gamma_125,1,4991,261,261,64,90,73.94829304285489
Batch_3,x77cy643,gamma_125,1,4991,261,261,64,135,34.38813998672086
Batch_3,x77cy643,gamma_125,2,1493,1295,1295,16,0,1.7741670815247212
Batch_3,x77cy643,gamma_125,2,1493,1295,1295,16,45,2.5712245107451297
Batch_3,x77cy643,gamma_125,2,1493,1295,1295,16,90,3.5834247959341017
Batch_3,x77cy643,gamma_125,2,1493,1295,1295,16,135,2.4738104846759352
Batch_3,x77cy643,gamma_125,2,1493,1295,1295,32,0,7.81458297401124
Batch_3,x77cy643,gamma_125,2,1493,1295,1295,32,45,12.62903196302285
Batch_3,x77cy643,gamma_125,2,1493,1295,1295,32,90,25.55551055965103
Batch_3,x77cy643,gamma_125,2,1493,1295,1295,32,135,8.90356402355237
Batch_3,x77cy643,gamma_125,2,1493,1295,1295,64,0,38.4746534814723
Batch_3,x77cy643,gamma_125,2,1493,1295,1295,64,45,91.60407298085667
Batch_3,x77cy643,gamma_125,2,1493,1295,1295,64,90,76.75949754142458
Batch_3,x77cy643,gamma_125,2,1493,1295,1295,64,135,24.643691961878336
Batch_3,x77cy643,gamma_125,3,4991,1295,1295,16,0,0.730131574057252
Batch_3,x77cy643,gamma_125,3,4991,1295,1295,16,45,1.1874116757328346
Batch_3,x77cy643,gamma_125,3,4991,1295,1295,16,90,1.8813001581255326
Batch_3,x77cy643,gamma_125,3,4991,1295,1295,16,135,0.9783929344038309
Batch_3,x77cy643,gamma_125,3,4991,1295,1295,32,0,1.7731902968705489
Batch_3,x77cy643,gamma_125,3,4991,1295,1295,32,45,5.9999633723760795
Batch_3,x77cy643,gamma_125,3,4991,1295,1295,32,90,6.085368241790749
Batch_3,x77cy643,gamma_125,3,4991,1295,1295,32,135,2.1500893495613296
Batch_3,x77cy643,gamma_125,3,4991,1295,1295,64,0,5.5248805013327695
Batch_3,x77cy643,gamma_125,3,4991,1295,1295,64,45,38.084082232435584
Batch_3,x77cy643,gamma_125,3,4991,1295,1295,64,90,32.421660626790256
Batch_3,x77cy643,gamma_125,3,4991,1295,1295,64,135,5.783435353943805
Batch_3,x77cy643,affine,0,1493,261,261,16,0,0.41510281436992824
Batch_3,x77cy643,affine,0,1493,261,261,16,45,0.4453722757341464
Batch_3,x77cy643,affine,0,1493,261,261,16,90,0.7884691176269452
Batch_3,x77cy643,affine,0,1493,261,261,16,135,0.5980266297760433
Batch_3,x77cy643,affine,0,1493,261,261,32,0,1.5555580986267454
Batch_3,x77cy643,affine,0,1493,261,261,32,45,2.1076059145882406
Batch_3,x77cy643,affine,0,1493,261,261,32,90,3.6093024039412245
Batch_3,x77cy643,affine,0,1493,261,261,32,135,2.3003452541037515
Batch_3,x77cy643,affine,0,1493,261,261,64,0,8.643631740362796
Batch_3,x77cy643,affine,0,1493,261,261,64,45,15.737938623915436
Batch_3,x77cy643,affine,0,1493,261,261,64,90,33.77512801693637
Batch_3,x77cy643,affine,0,1493,261,261,64,135,16.446649261556537
Batch_3,x77cy643,affine,1,4991,261,261,16,0,1.7401154384688449
Batch_3,x77cy643,affine,1,4991,261,261,16,45,2.1415530176522286
Batch_3,x77cy643,affine,1,4991,261,261,16,90,3.1414679714291482
Batch_3,x77cy643,affine,1,4991,261,261,16,135,2.309737518118804
Batch_3,x77cy643,affine,1,4991,261,261,32,0,7.01091510246251
Batch_3,x77cy643,affine,1,4991,261,261,32,45,14.196627558477084
Batch_3,x77cy643,affine,1,4991,261,261,32,90,15.911648400793405
Batch_3,x77cy643,affine,1,4991,261,261,32,135,7.275088814038709
Batch_3,x77cy643,affine,1,4991,261,261,64,0,21.22340775152079
Batch_3,x77cy643,affine,1,4991,261,261,64,45,60.796973185902374
Batch_3,x77cy643,affine,1,4991,261,261,64,90,75.65518169651659
Batch_3,x77cy643,affine,1,4991,261,261,64,135,32.385116193818874
Batch_3,x77cy643,affine,2,1493,1295,1295,16,0,1.7818048345468318
Batch_3,x77cy643,affine,2,1493,1295,1295,16,45,2.468275816146371
Batch_3,x77cy643,affine,2,1493,1295,1295,16,90,3.517307876799212
Batch_3,x77cy643,affine,2,1493,1295,1295,16,135,2.4838322591037767
Batch_3,x77cy643,affine,2,1493,1295,1295,32,0,8.260795190208562
Batch_3,x77cy643,affine,2,1493,1295,1295,32,45,12.127782813493178
Batch_3,x77cy643,affine,2,1493,1295,1295,32,90,25.080151838510417
Batch_3,x77cy643,affine,2,1493,1295,1295,32,135,9.124164872974049
Batch_3,x77cy643,affine,2,1493,1295,1295,64,0,40.72376072145228
Batch_3,x77cy643,affine,2,1493,1295,1295,64,45,86.31975664860221
Batch_3,x77cy643,affine,2,1493,1295,1295,64,90,82.68778196310328
Batch_3,x77cy643,affine,2,1493,1295,1295,64,135,24.88993853352339
Batch_3,x77cy643,affine,3,4991,1295,1295,16,0,0.6313792927654199
Batch_3,x77cy643,affine,3,4991,1295,1295,16,45,1.0274645588963827
Batch_3,x77cy643,affine,3,4991,1295,1295,16,90,1.6213914712678497
Batch_3,x77cy643,affine,3,4991,1295,1295,16,135,0.8156187910058884
Batch_3,x77cy643,affine,3,4991,1295,1295,32,0,1.533698763638926
Batch_3,x77cy643,affine,3,4991,1295,1295,32,45,5.384959754417609
Batch_3,x77cy643,affine,3,4991,1295,1295,32,90,5.465608020344448
Batch_3,x77cy643,affine,3,4991,1295,1295,32,135,1.845432769081156
Batch_3,x77cy643,affine,3,4991,1295,1295,64,0,4.855390301234914
Batch_3,x77cy643,affine,3,4991,1295,1295,64,45,35.77595201154177
Batch_3,x77cy643,affine,3,4991,1295,1295,64,90,31.888264886057865
Batch_3,x77cy643,affine,3,4991,1295,1295,64,135,5.146093230216017
Batch_3,x7u69zsw,nominal,0,1494,259,259,16,0,0.4731778213538235
Batch_3,x7u69zsw,nominal,0,1494,259,259,16,45,0.9043016284163699
Batch_3,x7u69zsw,nominal,0,1494,259,259,16,90,1.6274641337455376
Batch_3,x7u69zsw,nominal,0,1494,259,259,16,135,1.451328434992066
Batch_3,x7u69zsw,nominal,0,1494,259,259,32,0,2.7118491316303404
Batch_3,x7u69zsw,nominal,0,1494,259,259,32,45,3.808271060393906
Batch_3,x7u69zsw,nominal,0,1494,259,259,32,90,10.70104230443011
Batch_3,x7u69zsw,nominal,0,1494,259,259,32,135,8.699556849836776
Batch_3,x7u69zsw,nominal,0,1494,259,259,64,0,12.77488096156801
Batch_3,x7u69zsw,nominal,0,1494,259,259,64,45,9.391645523827602
Batch_3,x7u69zsw,nominal,0,1494,259,259,64,90,53.696537869718604
Batch_3,x7u69zsw,nominal,0,1494,259,259,64,135,59.12169571279368
Batch_3,x7u69zsw,nominal,1,4994,259,259,16,0,2.0054390702683844
Batch_3,x7u69zsw,nominal,1,4994,259,259,16,45,1.3534785994206107
Batch_3,x7u69zsw,nominal,1,4994,259,259,16,90,1.3979899706432295
Batch_3,x7u69zsw,nominal,1,4994,259,259,16,135,1.2829771325313835
Batch_3,x7u69zsw,nominal,1,4994,259,259,32,0,16.21369709296097
Batch_3,x7u69zsw,nominal,1,4994,259,259,32,45,9.732081994044705
Batch_3,x7u69zsw,nominal,1,4994,259,259,32,90,10.301763123566504
Batch_3,x7u69zsw,nominal,1,4994,259,259,32,135,6.208716313184015
Batch_3,x7u69zsw,nominal,1,4994,259,259,64,0,143.26043502667787
Batch_3,x7u69zsw,nominal,1,4994,259,259,64,45,53.842986638713285
Batch_3,x7u69zsw,nominal,1,4994,259,259,64,90,62.507001043695645
Batch_3,x7u69zsw,nominal,1,4994,259,259,64,135,20.973172752351587
Batch_3,x7u69zsw,nominal,2,1494,1289,1289,16,0,0.690611860361236
Batch_3,x7u69zsw,nominal,2,1494,1289,1289,16,45,0.8544326660183833
Batch_3,x7u69zsw,nominal,2,1494,1289,1289,16,90,1.825787463300757
Batch_3,x7u69zsw,nominal,2,1494,1289,1289,16,135,1.0959919951727242
Batch_3,x7u69zsw,nominal,2,1494,1289,1289,32,0,4.250964704205121
Batch_3,x7u69zsw,nominal,2,1494,1289,1289,32,45,3.7034407668509073
Batch_3,x7u69zsw,nominal,2,1494,1289,1289,32,90,9.427625547870557
Batch_3,x7u69zsw,nominal,2,1494,1289,1289,32,135,5.595612921313448
Batch_3,x7u69zsw,nominal,2,1494,1289,1289,64,0,18.774071119841413
Batch_3,x7u69zsw,nominal,2,1494,1289,1289,64,45,12.354209611164915
Batch_3,x7u69zsw,nominal,2,1494,1289,1289,64,90,44.718573149148455
Batch_3,x7u69zsw,nominal,2,1494,1289,1289,64,135,26.813684924868568
Batch_3,x7u69zsw,nominal,3,4994,1289,1289,16,0,0.479274463672297
Batch_3,x7u69zsw,nominal,3,4994,1289,1289,16,45,0.5672496269980193
Batch_3,x7u69zsw,nominal,3,4994,1289,1289,16,90,0.8494212042398235
Batch_3,x7u69zsw,nominal,3,4994,1289,1289,16,135,0.8150992578795528
Batch_3,x7u69zsw,nominal,3,4994,1289,1289,32,0,2.1304531668240587
Batch_3,x7u69zsw,nominal,3,4994,1289,1289,32,45,3.088097516170941
Batch_3,x7u69zsw,nominal,3,4994,1289,1289,32,90,6.039264964323977
Batch_3,x7u69zsw,nominal,3,4994,1289,1289,32,135,6.016779668331549
Batch_3,x7u69zsw,nominal,3,4994,1289,1289,64,0,14.063843811759536
Batch_3,x7u69zsw,nominal,3,4994,1289,1289,64,45,17.6273046794659
Batch_3,x7u69zsw,nominal,3,4994,1289,1289,64,90,34.36283786274786
Batch_3,x7u69zsw,nominal,3,4994,1289,1289,64,135,27.239888197029668
Batch_3,x7u69zsw,full_resolution,0,1494,259,259,16,0,1.6380363141459284
Batch_3,x7u69zsw,full_resolution,0,1494,259,259,16,45,3.121138852844166
Batch_3,x7u69zsw,full_resolution,0,1494,259,259,16,90,5.628151743890286
Batch_3,x7u69zsw,full_resolution,0,1494,259,259,16,135,5.047873887260846
Batch_3,x7u69zsw,full_resolution,0,1494,259,259,32,0,9.17604172547032
Batch_3,x7u69zsw,full_resolution,0,1494,259,259,32,45,12.909729663373266
Batch_3,x7u69zsw,full_resolution,0,1494,259,259,32,90,36.290582269122574
Batch_3,x7u69zsw,full_resolution,0,1494,259,259,32,135,29.464241951017573
Batch_3,x7u69zsw,full_resolution,0,1494,259,259,64,0,43.06292764654816
Batch_3,x7u69zsw,full_resolution,0,1494,259,259,64,45,31.658619102192244
Batch_3,x7u69zsw,full_resolution,0,1494,259,259,64,90,180.78997806450246
Batch_3,x7u69zsw,full_resolution,0,1494,259,259,64,135,199.18769710548523
Batch_3,x7u69zsw,full_resolution,1,4994,259,259,16,0,7.175732758772143
Batch_3,x7u69zsw,full_resolution,1,4994,259,259,16,45,4.852041907686194
Batch_3,x7u69zsw,full_resolution,1,4994,259,259,16,90,5.010229136540099
Batch_3,x7u69zsw,full_resolution,1,4994,259,259,16,135,4.634327606702569
Batch_3,x7u69zsw,full_resolution,1,4994,259,259,32,0,56.824140891072396
Batch_3,x7u69zsw,full_resolution,1,4994,259,259,32,45,34.1422977267227
Batch_3,x7u69zsw,full_resolution,1,4994,259,259,32,90,36.15545260898847
Batch_3,x7u69zsw,full_resolution,1,4994,259,259,32,135,21.810386299958395
Batch_3,x7u69zsw,full_resolution,1,4994,259,259,64,0,499.8201826824971
Batch_3,x7u69zsw,full_resolution,1,4994,259,259,64,45,187.83242158489105
Batch_3,x7u69zsw,full_resolution,1,4994,259,259,64,90,217.92133493160844
Batch_3,x7u69zsw,full_resolution,1,4994,259,259,64,135,73.08251070728733
Batch_3,x7u69zsw,full_resolution,2,1494,1289,1289,16,0,2.3507690525037415
Batch_3,x7u69zsw,full_resolution,2,1494,1289,1289,16,45,2.9221145669859148
Batch_3,x7u69zsw,full_resolution,2,1494,1289,1289,16,90,6.2316858376688415
Batch_3,x7u69zsw,full_resolution,2,1494,1289,1289,16,135,3.7412689225199136
Batch_3,x7u69zsw,full_resolution,2,1494,1289,1289,32,0,14.220514221005676
Batch_3,x7u69zsw,full_resolution,2,1494,1289,1289,32,45,12.393399005850583
Batch_3,x7u69zsw,full_resolution,2,1494,1289,1289,32,90,31.407016370046872
Batch_3,x7u69zsw,full_resolution,2,1494,1289,1289,32,135,18.689291905050368
Batch_3,x7u69zsw,full_resolution,2,1494,1289,1289,64,0,62.25090610051539
Batch_3,x7u69zsw,full_resolution,2,1494,1289,1289,64,45,41.000570469398134
Batch_3,x7u69zsw,full_resolution,2,1494,1289,1289,64,90,148.19955872546822
Batch_3,x7u69zsw,full_resolution,2,1494,1289,1289,64,135,88.85350187453086
Batch_3,x7u69zsw,full_resolution,3,4994,1289,1289,16,0,1.7918104795760237
Batch_3,x7u69zsw,full_resolution,3,4994,1289,1289,16,45,2.1218146491284116
Batch_3,x7u69zsw,full_resolution,3,4994,1289,1289,16,90,3.1819749316885697
Batch_3,x7u69zsw,full_resolution,3,4994,1289,1289,16,135,3.0562214621849058
Batch_3,x7u69zsw,full_resolution,3,4994,1289,1289,32,0,7.799944460101984
Batch_3,x7u69zsw,full_resolution,3,4994,1289,1289,32,45,11.293543580617877
Batch_3,x7u69zsw,full_resolution,3,4994,1289,1289,32,90,22.112159117556747
Batch_3,x7u69zsw,full_resolution,3,4994,1289,1289,32,135,22.009953031801253
Batch_3,x7u69zsw,full_resolution,3,4994,1289,1289,64,0,51.106158358886745
Batch_3,x7u69zsw,full_resolution,3,4994,1289,1289,64,45,64.11578058875142
Batch_3,x7u69zsw,full_resolution,3,4994,1289,1289,64,90,124.87240425078204
Batch_3,x7u69zsw,full_resolution,3,4994,1289,1289,64,135,99.08649710813779
Batch_3,x7u69zsw,gamma_075,0,1494,259,259,16,0,0.4987188047651136
Batch_3,x7u69zsw,gamma_075,0,1494,259,259,16,45,0.9310007349987741
Batch_3,x7u69zsw,gamma_075,0,1494,259,259,16,90,1.712663520647566
Batch_3,x7u69zsw,gamma_075,0,1494,259,259,16,135,1.5817143525897106
Batch_3,x7u69zsw,gamma_075,0,1494,259,259,32,0,2.9314846907616503
Batch_3,x7u69zsw,gamma_075,0,1494,259,259,32,45,4.063406751837849
Batch_3,x7u69zsw,gamma_075,0,1494,259,259,32,90,11.906787381654
Batch_3,x7u69zsw,gamma_075,0,1494,259,259,32,135,9.728131949366079
Batch_3,x7u69zsw,gamma_075,0,1494,259,259,64,0,13.343939035950802
Batch_3,x7u69zsw,gamma_075,0,1494,259,259,64,45,10.50067051510149
Batch_3,x7u69zsw,gamma_075,0,1494,259,259,64,90,61.619941618259325
Batch_3,x7u69zsw,gamma_075,0,1494,259,259,64,135,66.097145146207
Batch_3,x7u69zsw,gamma_075,1,4994,259,259,16,0,1.9650782034274927
Batch_3,x7u69zsw,gamma_075,1,4994,259,259,16,45,1.3542679621348004
Batch_3,x7u69zsw,gamma_075,1,4994,259,259,16,90,1.3429467005272724
Batch_3,x7u69zsw,gamma_075,1,4994,259,259,16,135,1.278831428986579
Batch_3,x7u69zsw,gamma_075,1,4994,259,259,32,0,15.98306376280996
Batch_3,x7u69zsw,gamma_075,1,4994,259,259,32,45,9.845237319781575
Batch_3,x7u69zsw,gamma_075,1,4994,259,259,32,90,9.790732420007412
Batch_3,x7u69zsw,gamma_075,1,4994,259,259,32,135,6.104818213164566
Batch_3,x7u69zsw,gamma_075,1,4994,259,259,64,0,140.35286803954065
Batch_3,x7u69zsw,gamma_075,1,4994,259,259,64,45,56.73204457468952
Batch_3,x7u69zsw,gamma_075,1,4994,259,259,64,90,60.867023571347126
Batch_3,x7u69zsw,gamma_075,1,4994,259,259,64,135,20.455620018984703
Batch_3,x7u69zsw,gamma_075,2,1494,1289,1289,16,0,0.7375469519571217
Batch_3,x7u69zsw,gamma_075,2,1494,1289,1289,16,45,0.8985222386502351
Batch_3,x7u69zsw,gamma_075,2,1494,1289,1289,16,90,1.9002490083059584
Batch_3,x7u69zsw,gamma_075,2,1494,1289,1289,16,135,1.1687378328269311
Batch_3,x7u69zsw,gamma_075,2,1494,1289,1289,32,0,4.675520657260284
Batch_3,x7u69zsw,gamma_075,2,1494,1289,1289,32,45,4.03570605779748
Batch_3,x7u69zsw,gamma_075,2,1494,1289,1289,32,90,10.016922790739985
Batch_3,x7u69zsw,gamma_075,2,1494,1289,1289,32,135,5.96085235429944
Batch_3,x7u69zsw,gamma_075,2,1494,1289,1289,64,0,19.94287371071697
Batch_3,x7u69zsw,gamma_075,2,1494,1289,1289,64,45,13.666903763012709
Batch_3,x7u69zsw,gamma_075,2,1494,1289,1289,64,90,47.70748209053831
Batch_3,x7u69zsw,gamma_075,2,1494,1289,1289,64,135,28.111427850561668
Batch_3,x7u69zsw,gamma_075,3,4994,1289,1289,16,0,0.4872118549840919
Batch_3,x7u69zsw,gamma_075,3,4994,1289,1289,16,45,0.5730873856126909
Batch_3,x7u69zsw,gamma_075,3,4994,1289,1289,16,90,0.8509855367155342
Batch_3,x7u69zsw,gamma_075,3,4994,1289,1289,16,135,0.8491542082633727
Batch_3,x7u69zsw,gamma_075,3,4994,1289,1289,32,0,2.1820580773823544
Batch_3,x7u69zsw,gamma_075,3,4994,1289,1289,32,45,3.1749333516426543
Batch_3,x7u69zsw,gamma_075,3,4994,1289,1289,32,90,6.040959520431046
Batch_3,x7u69zsw,gamma_075,3,4994,1289,1289,32,135,6.42172356855284
Batch_3,x7u69zsw,gamma_075,3,4994,1289,1289,64,0,14.024873062849586
Batch_3,x7u69zsw,gamma_075,3,4994,1289,1289,64,45,17.559487037686253
Batch_3,x7u69zsw,gamma_075,3,4994,1289,1289,64,90,33.7349951990917
Batch_3,x7u69zsw,gamma_075,3,4994,1289,1289,64,135,29.03380337045053
Batch_3,x7u69zsw,gamma_125,0,1494,259,259,16,0,0.44695384919231
Batch_3,x7u69zsw,gamma_125,0,1494,259,259,16,45,0.8690097574954939
Batch_3,x7u69zsw,gamma_125,0,1494,259,259,16,90,1.536985129524455
Batch_3,x7u69zsw,gamma_125,0,1494,259,259,16,135,1.3216727342524748
Batch_3,x7u69zsw,gamma_125,0,1494,259,259,32,0,2.499337121834986
Batch_3,x7u69zsw,gamma_125,0,1494,259,259,32,45,3.5378086653801137
Batch_3,x7u69zsw,gamma_125,0,1494,259,259,32,90,9.564933971738176
Batch_3,x7u69zsw,gamma_125,0,1494,259,259,32,135,7.737356663705283
Batch_3,x7u69zsw,gamma_125,0,1494,259,259,64,0,12.235323980441795
Batch_3,x7u69zsw,gamma_125,0,1494,259,259,64,45,8.384902259247719
Batch_3,x7u69zsw,gamma_125,0,1494,259,259,64,90,46.29060741192094
Batch_3,x7u69zsw,gamma_125,0,1494,259,259,64,135,52.619586362374974
Batch_3,x7u69zsw,gamma_125,1,4994,259,259,16,0,2.040908870597856
Batch_3,x7u69zsw,gamma_125,1,4994,259,259,16,45,1.3549124741642233
Batch_3,x7u69zsw,gamma_125,1,4994,259,259,16,90,1.4508297548017108
Batch_3,x7u69zsw,gamma_125,1,4994,259,259,16,135,1.2910442137041398
Batch_3,x7u69zsw,gamma_125,1,4994,259,259,32,0,16.402914038988442
Batch_3,x7u69zsw,gamma_125,1,4994,259,259,32,45,9.617876358631742
Batch_3,x7u69zsw,gamma_125,1,4994,259,259,32,90,10.8231047246866
Batch_3,x7u69zsw,gamma_125,1,4994,259,259,32,135,6.319564343235744
Batch_3,x7u69zsw,gamma_125,1,4994,259,259,64,0,145.36675012911587
Batch_3,x7u69zsw,gamma_125,1,4994,259,259,64,45,51.24722600228139
Batch_3,x7u69zsw,gamma_125,1,4994,259,259,64,90,63.92899696353617
Batch_3,x7u69zsw,gamma_125,1,4994,259,259,64,135,21.665259320087944
Batch_3,x7u69zsw,gamma_125,2,1494,1289,1289,16,0,0.6436714802134686
Batch_3,x7u69zsw,gamma_125,2,1494,1289,1289,16,45,0.8084995117691726
Batch_3,x7u69zsw,gamma_125,2,1494,1289,1289,16,90,1.7444919116610376
Batch_3,x7u69zsw,gamma_125,2,1494,1289,1289,16,135,1.0226431242682288
Batch_3,x7u69zsw,gamma_125,2,1494,1289,1289,32,0,3.8426874014453927
Batch_3,x7u69zsw,gamma_125,2,1494,1289,1289,32,45,3.3900137403504234
Batch_3,x7u69zsw,gamma_125,2,1494,1289,1289,32,90,8.838894955180402
Batch_3,x7u69zsw,gamma_125,2,1494,1289,1289,32,135,5.226920383237621
Batch_3,x7u69zsw,gamma_125,2,1494,1289,1289,64,0,17.678122459174947
Batch_3,x7u69zsw,gamma_125,2,1494,1289,1289,64,45,11.175153453090568
Batch_3,x7u69zsw,gamma_125,2,1494,1289,1289,64,90,41.97857898918838
Batch_3,x7u69zsw,gamma_125,2,1494,1289,1289,64,135,25.588473745568596
Batch_3,x7u69zsw,gamma_125,3,4994,1289,1289,16,0,0.4690764493957485
Batch_3,x7u69zsw,gamma_125,3,4994,1289,1289,16,45,0.5598359130350944
Batch_3,x7u69zsw,gamma_125,3,4994,1289,1289,16,90,0.8452345695003471
Batch_3,x7u69zsw,gamma_125,3,4994,1289,1289,16,135,0.778252170862735
Batch_3,x7u69zsw,gamma_125,3,4994,1289,1289,32,0,2.0775905796464404
Batch_3,x7u69zsw,gamma_125,3,4994,1289,1289,32,45,3.001992634801911
Batch_3,x7u69zsw,gamma_125,3,4994,1289,1289,32,90,6.020689762337054
Batch_3,x7u69zsw,gamma_125,3,4994,1289,1289,32,135,5.611068184413049
Batch_3,x7u69zsw,gamma_125,3,4994,1289,1289,64,0,14.123549618362413
Batch_3,x7u69zsw,gamma_125,3,4994,1289,1289,64,45,17.715773502008172
Batch_3,x7u69zsw,gamma_125,3,4994,1289,1289,64,90,34.966051443300245
Batch_3,x7u69zsw,gamma_125,3,4994,1289,1289,64,135,25.553997094091464
Batch_3,x7u69zsw,affine,0,1494,259,259,16,0,0.47317782135382364
Batch_3,x7u69zsw,affine,0,1494,259,259,16,45,0.9043016284163702
Batch_3,x7u69zsw,affine,0,1494,259,259,16,90,1.627464133745538
Batch_3,x7u69zsw,affine,0,1494,259,259,16,135,1.4513284349920665
Batch_3,x7u69zsw,affine,0,1494,259,259,32,0,2.7118491316303412
Batch_3,x7u69zsw,affine,0,1494,259,259,32,45,3.8082710603939067
Batch_3,x7u69zsw,affine,0,1494,259,259,32,90,10.70104230443011
Batch_3,x7u69zsw,affine,0,1494,259,259,32,135,8.699556849836778
Batch_3,x7u69zsw,affine,0,1494,259,259,64,0,12.774880961568012
Batch_3,x7u69zsw,affine,0,1494,259,259,64,45,9.3916455238276
Batch_3,x7u69zsw,affine,0,1494,259,259,64,90,53.69653786971863
Batch_3,x7u69zsw,affine,0,1494,259,259,64,135,59.121695712793695
Batch_3,x7u69zsw,affine,1,4994,259,259,16,0,2.0054390702683844
Batch_3,x7u69zsw,affine,1,4994,259,259,16,45,1.3534785994206107
Batch_3,x7u69zsw,affine,1,4994,259,259,16,90,1.3979899706432297
Batch_3,x7u69zsw,affine,1,4994,259,259,16,135,1.2829771325313835
Batch_3,x7u69zsw,affine,1,4994,259,259,32,0,16.213697092960974
Batch_3,x7u69zsw,affine,1,4994,259,259,32,45,9.732081994044705
Batch_3,x7u69zsw,affine,1,4994,259,259,32,90,10.301763123566504
Batch_3,x7u69zsw,affine,1,4994,259,259,32,135,6.208716313184014
Batch_3,x7u69zsw,affine,1,4994,259,259,64,0,143.26043502667787
Batch_3,x7u69zsw,affine,1,4994,259,259,64,45,53.84298663871329
Batch_3,x7u69zsw,affine,1,4994,259,259,64,90,62.507001043695645
Batch_3,x7u69zsw,affine,1,4994,259,259,64,135,20.973172752351587
Batch_3,x7u69zsw,affine,2,1494,1289,1289,16,0,0.690611860361236
Batch_3,x7u69zsw,affine,2,1494,1289,1289,16,45,0.8544326660183834
Batch_3,x7u69zsw,affine,2,1494,1289,1289,16,90,1.825787463300757
Batch_3,x7u69zsw,affine,2,1494,1289,1289,16,135,1.0959919951727242
Batch_3,x7u69zsw,affine,2,1494,1289,1289,32,0,4.25096470420512
Batch_3,x7u69zsw,affine,2,1494,1289,1289,32,45,3.7034407668509073
Batch_3,x7u69zsw,affine,2,1494,1289,1289,32,90,9.427625547870559
Batch_3,x7u69zsw,affine,2,1494,1289,1289,32,135,5.595612921313449
Batch_3,x7u69zsw,affine,2,1494,1289,1289,64,0,18.77407111984141
Batch_3,x7u69zsw,affine,2,1494,1289,1289,64,45,12.354209611164915
Batch_3,x7u69zsw,affine,2,1494,1289,1289,64,90,44.718573149148455
Batch_3,x7u69zsw,affine,2,1494,1289,1289,64,135,26.81368492486857
Batch_3,x7u69zsw,affine,3,4994,1289,1289,16,0,0.4792744636722969
Batch_3,x7u69zsw,affine,3,4994,1289,1289,16,45,0.5672496269980192
Batch_3,x7u69zsw,affine,3,4994,1289,1289,16,90,0.8494212042398233
Batch_3,x7u69zsw,affine,3,4994,1289,1289,16,135,0.8150992578795528
Batch_3,x7u69zsw,affine,3,4994,1289,1289,32,0,2.1304531668240587
Batch_3,x7u69zsw,affine,3,4994,1289,1289,32,45,3.0880975161709396
Batch_3,x7u69zsw,affine,3,4994,1289,1289,32,90,6.039264964323977
Batch_3,x7u69zsw,affine,3,4994,1289,1289,32,135,6.016779668331549
Batch_3,x7u69zsw,affine,3,4994,1289,1289,64,0,14.063843811759535
Batch_3,x7u69zsw,affine,3,4994,1289,1289,64,45,17.627304679465897
Batch_3,x7u69zsw,affine,3,4994,1289,1289,64,90,34.36283786274785
Batch_3,x7u69zsw,affine,3,4994,1289,1289,64,135,27.239888197029657
Batch_3,xgj4xftb,nominal,0,1494,147,147,16,0,0.7695510519259766
Batch_3,xgj4xftb,nominal,0,1494,147,147,16,45,1.1431445804883584
Batch_3,xgj4xftb,nominal,0,1494,147,147,16,90,1.1525637022209185
Batch_3,xgj4xftb,nominal,0,1494,147,147,16,135,0.9641019230892585
Batch_3,xgj4xftb,nominal,0,1494,147,147,32,0,3.755450171102843
Batch_3,xgj4xftb,nominal,0,1494,147,147,32,45,9.091329856253747
Batch_3,xgj4xftb,nominal,0,1494,147,147,32,90,4.309305246976927
Batch_3,xgj4xftb,nominal,0,1494,147,147,32,135,6.293445228955386
Batch_3,xgj4xftb,nominal,0,1494,147,147,64,0,17.973619478253053
Batch_3,xgj4xftb,nominal,0,1494,147,147,64,45,51.59638717114197
Batch_3,xgj4xftb,nominal,0,1494,147,147,64,90,17.99089788785984
Batch_3,xgj4xftb,nominal,0,1494,147,147,64,135,27.39992387598827
Batch_3,xgj4xftb,nominal,1,4994,147,147,16,0,0.4906844349976495
Batch_3,xgj4xftb,nominal,1,4994,147,147,16,45,0.3068445875530205
Batch_3,xgj4xftb,nominal,1,4994,147,147,16,90,0.4707184667909355
Batch_3,xgj4xftb,nominal,1,4994,147,147,16,135,0.517258298056486
Batch_3,xgj4xftb,nominal,1,4994,147,147,32,0,3.329695381688588
Batch_3,xgj4xftb,nominal,1,4994,147,147,32,45,2.7172152129205496
Batch_3,xgj4xftb,nominal,1,4994,147,147,32,90,2.4522952635026045
Batch_3,xgj4xftb,nominal,1,4994,147,147,32,135,3.189253108929069
Batch_3,xgj4xftb,nominal,1,4994,147,147,64,0,34.920337993400956
Batch_3,xgj4xftb,nominal,1,4994,147,147,64,45,20.0268447025484
Batch_3,xgj4xftb,nominal,1,4994,147,147,64,90,31.68149923662894
Batch_3,xgj4xftb,nominal,1,4994,147,147,64,135,21.467012722714735
Batch_3,xgj4xftb,nominal,2,1494,953,953,16,0,0.4351175738140337
Batch_3,xgj4xftb,nominal,2,1494,953,953,16,45,0.645643270559376
Batch_3,xgj4xftb,nominal,2,1494,953,953,16,90,0.7250674487394266
Batch_3,xgj4xftb,nominal,2,1494,953,953,16,135,0.9154411763148816
Batch_3,xgj4xftb,nominal,2,1494,953,953,32,0,1.660039829139788
Batch_3,xgj4xftb,nominal,2,1494,953,953,32,45,4.223654520910389
Batch_3,xgj4xftb,nominal,2,1494,953,953,32,90,4.1206762414701075
Batch_3,xgj4xftb,nominal,2,1494,953,953,32,135,4.803941138444246
Batch_3,xgj4xftb,nominal,2,1494,953,953,64,0,9.565552757404555
Batch_3,xgj4xftb,nominal,2,1494,953,953,64,45,23.923760360417727
Batch_3,xgj4xftb,nominal,2,1494,953,953,64,90,13.849812142901323
Batch_3,xgj4xftb,nominal,2,1494,953,953,64,135,17.749734061079383
Batch_3,xgj4xftb,nominal,3,4994,953,953,16,0,2.17003998458332
Batch_3,xgj4xftb,nominal,3,4994,953,953,16,45,3.306942604070331
Batch_3,xgj4xftb,nominal,3,4994,953,953,16,90,7.189094023082172
Batch_3,xgj4xftb,nominal,3,4994,953,953,16,135,4.925184259636585
Batch_3,xgj4xftb,nominal,3,4994,953,953,32,0,10.60592970314688
Batch_3,xgj4xftb,nominal,3,4994,953,953,32,45,14.898296621430317
Batch_3,xgj4xftb,nominal,3,4994,953,953,32,90,39.929501578371216
Batch_3,xgj4xftb,nominal,3,4994,953,953,32,135,34.86225606593305
Batch_3,xgj4xftb,nominal,3,4994,953,953,64,0,45.632950116866
Batch_3,xgj4xftb,nominal,3,4994,953,953,64,45,52.89178015355034
Batch_3,xgj4xftb,nominal,3,4994,953,953,64,90,96.69536083838516
Batch_3,xgj4xftb,nominal,3,4994,953,953,64,135,127.47885608398525
Batch_3,xgj4xftb,full_resolution,0,1494,147,147,16,0,2.810024576645996
Batch_3,xgj4xftb,full_resolution,0,1494,147,147,16,45,4.1653005742498905
Batch_3,xgj4xftb,full_resolution,0,1494,147,147,16,90,4.2229436247568986
Batch_3,xgj4xftb,full_resolution,0,1494,147,147,16,135,3.532520970605463
Batch_3,xgj4xftb,full_resolution,0,1494,147,147,32,0,13.447999507750541
Batch_3,xgj4xftb,full_resolution,0,1494,147,147,32,45,32.527060120880584
Batch_3,xgj4xftb,full_resolution,0,1494,147,147,32,90,15.428800913426713
Batch_3,xgj4xftb,full_resolution,0,1494,147,147,32,135,22.512900160941616
Batch_3,xgj4xftb,full_resolution,0,1494,147,147,64,0,63.95558085894
Batch_3,xgj4xftb,full_resolution,0,1494,147,147,64,45,183.55811340120934
Batch_3,xgj4xftb,full_resolution,0,1494,147,147,64,90,64.01102333006162
Batch_3,xgj4xftb,full_resolution,0,1494,147,147,64,135,97.44328397424935
Batch_3,xgj4xftb,full_resolution,1,4994,147,147,16,0,1.9081877715068887
Batch_3,xgj4xftb,full_resolution,1,4994,147,147,16,45,1.1864284414440571
Batch_3,xgj4xftb,full_resolution,1,4994,147,147,16,90,1.8239263227796827
Batch_3,xgj4xftb,full_resolution,1,4994,147,147,16,135,2.016252369534946
Batch_3,xgj4xftb,full_resolution,1,4994,147,147,32,0,12.61711199231553
Batch_3,xgj4xftb,full_resolution,1,4994,147,147,32,45,10.295754501371974
Batch_3,xgj4xftb,full_resolution,1,4994,147,147,32,90,9.27897254944218
Batch_3,xgj4xftb,full_resolution,1,4994,147,147,32,135,12.064549466985055
Batch_3,xgj4xftb,full_resolution,1,4994,147,147,64,0,131.25341088795867
Batch_3,xgj4xftb,full_resolution,1,4994,147,147,64,45,75.29871893246447
Batch_3,xgj4xftb,full_resolution,1,4994,147,147,64,90,119.07036125140925
Batch_3,xgj4xftb,full_resolution,1,4994,147,147,64,135,80.77512571296394
Batch_3,xgj4xftb,full_resolution,2,1494,953,953,16,0,1.634251856647838
Batch_3,xgj4xftb,full_resolution,2,1494,953,953,16,45,2.4001589915534796
Batch_3,xgj4xftb,full_resolution,2,1494,953,953,16,90,2.697486858085031
Batch_3,xgj4xftb,full_resolution,2,1494,953,953,16,135,3.414812256664463
Batch_3,xgj4xftb,full_resolution,2,1494,953,953,32,0,6.050208851036853
Batch_3,xgj4xftb,full_resolution,2,1494,953,953,32,45,15.445255609097396
Batch_3,xgj4xftb,full_resolution,2,1494,953,953,32,90,14.993575266353306
Batch_3,xgj4xftb,full_resolution,2,1494,953,953,32,135,17.53756474874927
Batch_3,xgj4xftb,full_resolution,2,1494,953,953,64,0,34.67317701690926
Batch_3,xgj4xftb,full_resolution,2,1494,953,953,64,45,86.81035508973457
Batch_3,xgj4xftb,full_resolution,2,1494,953,953,64,90,50.262394746588214
Batch_3,xgj4xftb,full_resolution,2,1494,953,953,64,135,64.44630796231569
Batch_3,xgj4xftb,full_resolution,3,4994,953,953,16,0,6.216378092786208
Batch_3,xgj4xftb,full_resolution,3,4994,953,953,16,45,9.430449382451501
Batch_3,xgj4xftb,full_resolution,3,4994,953,953,16,90,20.596156702795714
Batch_3,xgj4xftb,full_resolution,3,4994,953,953,16,135,14.144267651452807
Batch_3,xgj4xftb,full_resolution,3,4994,953,953,32,0,29.807720176331223
Batch_3,xgj4xftb,full_resolution,3,4994,953,953,32,45,41.82747250697818
Batch_3,xgj4xftb,full_resolution,3,4994,953,953,32,90,112.1731177764463
Batch_3,xgj4xftb,full_resolution,3,4994,953,953,32,135,98.04326256186874
Batch_3,xgj4xftb,full_resolution,3,4994,953,953,64,0,127.52566391130486
Batch_3,xgj4xftb,full_resolution,3,4994,953,953,64,45,147.69184468938374
Batch_3,xgj4xftb,full_resolution,3,4994,953,953,64,90,269.97253074258464
Batch_3,xgj4xftb,full_resolution,3,4994,953,953,64,135,356.1057808535995
Batch_3,xgj4xftb,gamma_075,0,1494,147,147,16,0,0.8658914892216463
Batch_3,xgj4xftb,gamma_075,0,1494,147,147,16,45,1.3029273119645624
Batch_3,xgj4xftb,gamma_075,0,1494,147,147,16,90,1.319837513001067
Batch_3,xgj4xftb,gamma_075,0,1494,147,147,16,135,1.1216199229636197
Batch_3,xgj4xftb,gamma_075,0,1494,147,147,32,0,4.299460930700733
Batch_3,xgj4xftb,gamma_075,0,1494,147,147,32,45,10.386921825746574
Batch_3,xgj4xftb,gamma_075,0,1494,147,147,32,90,4.8710628813392844
Batch_3,xgj4xftb,gamma_075,0,1494,147,147,32,135,7.019844168253148
Batch_3,xgj4xftb,gamma_075,0,1494,147,147,64,0,20.26432281760649
Batch_3,xgj4xftb,gamma_075,0,1494,147,147,64,45,57.53884058110694
Batch_3,xgj4xftb,gamma_075,0,1494,147,147,64,90,19.21900307716991
Batch_3,xgj4xftb,gamma_075,0,1494,147,147,64,135,27.907192199980823
Batch_3,xgj4xftb,gamma_075,1,4994,147,147,16,0,0.4789303480603471
Batch_3,xgj4xftb,gamma_075,1,4994,147,147,16,45,0.3347250785342017
Batch_3,xgj4xftb,gamma_075,1,4994,147,147,16,90,0.5123132970044724
Batch_3,xgj4xftb,gamma_075,1,4994,147,147,16,135,0.5599138869036165
Batch_3,xgj4xftb,gamma_075,1,4994,147,147,32,0,3.232047869661575
Batch_3,xgj4xftb,gamma_075,1,4994,147,147,32,45,3.0005339495821257
Batch_3,xgj4xftb,gamma_075,1,4994,147,147,32,90,2.780661904169305
Batch_3,xgj4xftb,gamma_075,1,4994,147,147,32,135,3.632738468476886
Batch_3,xgj4xftb,gamma_075,1,4994,147,147,64,0,31.8569571384585
Batch_3,xgj4xftb,gamma_075,1,4994,147,147,64,45,22.40074369445433
Batch_3,xgj4xftb,gamma_075,1,4994,147,147,64,90,34.51201769626268
Batch_3,xgj4xftb,gamma_075,1,4994,147,147,64,135,21.878337801113013
Batch_3,xgj4xftb,gamma_075,2,1494,953,953,16,0,0.49181376596606746
Batch_3,xgj4xftb,gamma_075,2,1494,953,953,16,45,0.7257533916546518
Batch_3,xgj4xftb,gamma_075,2,1494,953,953,16,90,0.8046660878069588
Batch_3,xgj4xftb,gamma_075,2,1494,953,953,16,135,1.0099719028657352
Batch_3,xgj4xftb,gamma_075,2,1494,953,953,32,0,1.9420836001533757
Batch_3,xgj4xftb,gamma_075,2,1494,953,953,32,45,4.912656461260577
Batch_3,xgj4xftb,gamma_075,2,1494,953,953,32,90,4.671631454585634
Batch_3,xgj4xftb,gamma_075,2,1494,953,953,32,135,5.13166776234296
Batch_3,xgj4xftb,gamma_075,2,1494,953,953,64,0,11.315217046125374
Batch_3,xgj4xftb,gamma_075,2,1494,953,953,64,45,26.471014867284214
Batch_3,xgj4xftb,gamma_075,2,1494,953,953,64,90,15.99714951083095
Batch_3,xgj4xftb,gamma_075,2,1494,953,953,64,135,18.699656082797347
Batch_3,xgj4xftb,gamma_075,3,4994,953,953,16,0,2.3355840782856268
Batch_3,xgj4xftb,gamma_075,3,4994,953,953,16,45,3.465313938095414
Batch_3,xgj4xftb,gamma_075,3,4994,953,953,16,90,8.035868660450431
Batch_3,xgj4xftb,gamma_075,3,4994,953,953,16,135,5.0716097140022045
Batch_3,xgj4xftb,gamma_075,3,4994,953,953,32,0,11.651432712666805
Batch_3,xgj4xftb,gamma_075,3,4994,953,953,32,45,16.941304370197894
Batch_3,xgj4xftb,gamma_075,3,4994,953,953,32,90,48.353853392869
Batch_3,xgj4xftb,gamma_075,3,4994,953,953,32,135,32.950692050469804
Batch_3,xgj4xftb,gamma_075,3,4994,953,953,64,0,44.37587508217839
Batch_3,xgj4xftb,gamma_075,3,4994,953,953,64,45,58.14028138698703
Batch_3,xgj4xftb,gamma_075,3,4994,953,953,64,90,117.88049364416067
Batch_3,xgj4xftb,gamma_075,3,4994,953,953,64,135,109.3081187061553
Batch_3,xgj4xftb,gamma_125,0,1494,147,147,16,0,0.6886267565767841
Batch_3,xgj4xftb,gamma_125,0,1494,147,147,16,45,1.0123191057464336
Batch_3,xgj4xftb,gamma_125,0,1494,147,147,16,90,1.0127566228240912
Batch_3,xgj4xftb,gamma_125,0,1494,147,147,16,135,0.8363414393659092
Batch_3,xgj4xftb,gamma_125,0,1494,147,147,32,0,3.307950962347425
Batch_3,xgj4xftb,gamma_125,0,1494,147,147,32,45,8.051019117674649
Batch_3,xgj4xftb,gamma_125,0,1494,147,147,32,90,3.8479921160721577
Batch_3,xgj4xftb,gamma_125,0,1494,147,147,32,135,5.665654546209768
Batch_3,xgj4xftb,gamma_125,0,1494,147,147,64,0,16.320566874960804
Batch_3,xgj4xftb,gamma_125,0,1494,147,147,64,45,46.712045561670514
Batch_3,xgj4xftb,gamma_125,0,1494,147,147,64,90,16.99527185122412
Batch_3,xgj4xftb,gamma_125,0,1494,147,147,64,135,26.84945375911951
Batch_3,xgj4xftb,gamma_125,1,4994,147,147,16,0,0.5125293161789068
Batch_3,xgj4xftb,gamma_125,1,4994,147,147,16,45,0.29044961461171837
Batch_3,xgj4xftb,gamma_125,1,4994,147,147,16,90,0.4430470614609078
Batch_3,xgj4xftb,gamma_125,1,4994,147,147,16,135,0.4880168421371892
Batch_3,xgj4xftb,gamma_125,1,4994,147,147,32,0,3.520626311197804
Batch_3,xgj4xftb,gamma_125,1,4994,147,147,32,45,2.526586972181452
Batch_3,xgj4xftb,gamma_125,1,4994,147,147,32,90,2.2824691648308075
Batch_3,xgj4xftb,gamma_125,1,4994,147,147,32,135,2.9162443243370286
Batch_3,xgj4xftb,gamma_125,1,4994,147,147,64,0,37.77314181458657
Batch_3,xgj4xftb,gamma_125,1,4994,147,147,64,45,18.57331899198093
Batch_3,xgj4xftb,gamma_125,1,4994,147,147,64,90,29.949143176550013
Batch_3,xgj4xftb,gamma_125,1,4994,147,147,64,135,21.73092774600507
Batch_3,xgj4xftb,gamma_125,2,1494,953,953,16,0,0.3896557609872897
Batch_3,xgj4xftb,gamma_125,2,1494,953,953,16,45,0.5893569910825431
Batch_3,xgj4xftb,gamma_125,2,1494,953,953,16,90,0.6642062444977739
Batch_3,xgj4xftb,gamma_125,2,1494,953,953,16,135,0.8287015669192717
Batch_3,xgj4xftb,gamma_125,2,1494,953,953,32,0,1.4700454634468771
Batch_3,xgj4xftb,gamma_125,2,1494,953,953,32,45,3.8027446907004863
Batch_3,xgj4xftb,gamma_125,2,1494,953,953,32,90,3.757819181343611
Batch_3,xgj4xftb,gamma_125,2,1494,953,953,32,135,4.523106384775558
Batch_3,xgj4xftb,gamma_125,2,1494,953,953,64,0,8.503535332800805
Batch_3,xgj4xftb,gamma_125,2,1494,953,953,64,45,22.270252602933216
Batch_3,xgj4xftb,gamma_125,2,1494,953,953,64,90,12.746108450112528
Batch_3,xgj4xftb,gamma_125,2,1494,953,953,64,135,17.344413518176797
Batch_3,xgj4xftb,gamma_125,3,4994,953,953,16,0,2.0475874223695065
Batch_3,xgj4xftb,gamma_125,3,4994,953,953,16,45,3.1524391996403525
Batch_3,xgj4xftb,gamma_125,3,4994,953,953,16,90,6.5196428129265795
Batch_3,xgj4xftb,gamma_125,3,4994,953,953,16,135,4.837177974893754
Batch_3,xgj4xftb,gamma_125,3,4994,953,953,32,0,9.877007873230555
Batch_3,xgj4xftb,gamma_125,3,4994,953,953,32,45,13.251292863663043
Batch_3,xgj4xftb,gamma_125,3,4994,953,953,32,90,33.74086489272433
Batch_3,xgj4xftb,gamma_125,3,4994,953,953,32,135,36.940789176137486
Batch_3,xgj4xftb,gamma_125,3,4994,953,953,64,0,46.99766352507903
Batch_3,xgj4xftb,gamma_125,3,4994,953,953,64,45,48.628067000245565
Batch_3,xgj4xftb,gamma_125,3,4994,953,953,64,90,82.80891160745658
Batch_3,xgj4xftb,gamma_125,3,4994,953,953,64,135,147.47083689969364
Batch_3,xgj4xftb,affine,0,1494,147,147,16,0,0.7695510519259763
Batch_3,xgj4xftb,affine,0,1494,147,147,16,45,1.143144580488358
Batch_3,xgj4xftb,affine,0,1494,147,147,16,90,1.1525637022209183
Batch_3,xgj4xftb,affine,0,1494,147,147,16,135,0.9641019230892581
Batch_3,xgj4xftb,affine,0,1494,147,147,32,0,3.7554501711028423
Batch_3,xgj4xftb,affine,0,1494,147,147,32,45,9.091329856253745
Batch_3,xgj4xftb,affine,0,1494,147,147,32,90,4.309305246976926
Batch_3,xgj4xftb,affine,0,1494,147,147,32,135,6.293445228955385
Batch_3,xgj4xftb,affine,0,1494,147,147,64,0,17.973619478253045
Batch_3,xgj4xftb,affine,0,1494,147,147,64,45,51.59638717114196
Batch_3,xgj4xftb,affine,0,1494,147,147,64,90,17.99089788785983
Batch_3,xgj4xftb,affine,0,1494,147,147,64,135,27.39992387598826
Batch_3,xgj4xftb,affine,1,4994,147,147,16,0,0.4906844349976495
Batch_3,xgj4xftb,affine,1,4994,147,147,16,45,0.3068445875530206
Batch_3,xgj4xftb,affine,1,4994,147,147,16,90,0.4707184667909354
Batch_3,xgj4xftb,affine,1,4994,147,147,16,135,0.517258298056486
Batch_3,xgj4xftb,affine,1,4994,147,147,32,0,3.3296953816885884
Batch_3,xgj4xftb,affine,1,4994,147,147,32,45,2.7172152129205496
Batch_3,xgj4xftb,affine,1,4994,147,147,32,90,2.4522952635026045
Batch_3,xgj4xftb,affine,1,4994,147,147,32,135,3.189253108929069
Batch_3,xgj4xftb,affine,1,4994,147,147,64,0,34.920337993400956
Batch_3,xgj4xftb,affine,1,4994,147,147,64,45,20.0268447025484
Batch_3,xgj4xftb,affine,1,4994,147,147,64,90,31.68149923662894
Batch_3,xgj4xftb,affine,1,4994,147,147,64,135,21.467012722714735
Batch_3,xgj4xftb,affine,2,1494,953,953,16,0,0.4351175738140338
Batch_3,xgj4xftb,affine,2,1494,953,953,16,45,0.6456432705593762
Batch_3,xgj4xftb,affine,2,1494,953,953,16,90,0.7250674487394267
Batch_3,xgj4xftb,affine,2,1494,953,953,16,135,0.9154411763148818
Batch_3,xgj4xftb,affine,2,1494,953,953,32,0,1.6600398291397882
Batch_3,xgj4xftb,affine,2,1494,953,953,32,45,4.22365452091039
Batch_3,xgj4xftb,affine,2,1494,953,953,32,90,4.120676241470108
Batch_3,xgj4xftb,affine,2,1494,953,953,32,135,4.803941138444248
Batch_3,xgj4xftb,affine,2,1494,953,953,64,0,9.565552757404559
Batch_3,xgj4xftb,affine,2,1494,953,953,64,45,23.923760360417738
Batch_3,xgj4xftb,affine,2,1494,953,953,64,90,13.849812142901328
Batch_3,xgj4xftb,affine,2,1494,953,953,64,135,17.749734061079387
Batch_3,xgj4xftb,affine,3,4994,953,953,16,0,2.1700399845833203
Batch_3,xgj4xftb,affine,3,4994,953,953,16,45,3.306942604070331
Batch_3,xgj4xftb,affine,3,4994,953,953,16,90,7.189094023082172
Batch_3,xgj4xftb,affine,3,4994,953,953,16,135,4.925184259636585
Batch_3,xgj4xftb,affine,3,4994,953,953,32,0,10.60592970314688
Batch_3,xgj4xftb,affine,3,4994,953,953,32,45,14.89829662143032
Batch_3,xgj4xftb,affine,3,4994,953,953,32,90,39.929501578371216
Batch_3,xgj4xftb,affine,3,4994,953,953,32,135,34.86225606593305
Batch_3,xgj4xftb,affine,3,4994,953,953,64,0,45.632950116866
Batch_3,xgj4xftb,affine,3,4994,953,953,64,45,52.89178015355034
Batch_3,xgj4xftb,affine,3,4994,953,953,64,90,96.69536083838516
Batch_3,xgj4xftb,affine,3,4994,953,953,64,135,127.47885608398525
