site,feature,variant,raw_value,raw_finite,policy_eligible,observed_model_input,reason
5n1q8atc,pore_frac,legacy_matched,0.0654290648902047,True,True,True,
f1vzngrs,pore_frac,legacy_matched,0.0618012769353551,True,True,True,
xgj4xftb,pore_frac,legacy_matched,0.0860149769585253,True,True,True,
71vgq3fw,pore_frac,legacy_matched,0.0766396671289875,True,True,True,
0grcilhi,pore_frac,legacy_matched,0.1284741146458583,True,True,True,
i9jiqjwl,pore_frac,legacy_matched,0.0754373113682092,True,True,True,
kbdh4tri,pore_frac,legacy_matched,0.0731418169209431,True,True,True,
ptg8lmto,pore_frac,legacy_matched,0.0821685572492024,True,True,True,
fzrt2k6r,pore_frac,legacy_matched,0.0960214683275907,True,True,True,
mgxahqnk,pore_frac,legacy_matched,0.0962781362545018,True,True,True,
tuy3zymq,pore_frac,legacy_matched,0.0807240638002774,True,True,True,
r17byphk,pore_frac,legacy_matched,0.080769162087912,True,True,True,
4ih2ggld,pore_frac,legacy_matched,0.1020884374095831,True,True,True,
iv6g2oq0,pore_frac,legacy_matched,0.106334592535193,True,True,True,
uhdslk0o,pore_frac,legacy_matched,0.0920687689969604,True,True,True,
ffwubibz,pore_frac,legacy_matched,0.0825026098901099,True,True,True,
hzumfsms,pore_frac,legacy_matched,0.1412980979748221,True,True,True,
ufdvpb81,pore_frac,legacy_matched,0.1197936507936508,True,True,True,
9luzk4jm,pore_frac,legacy_matched,0.1201370415982484,True,True,True,
utfgcjfa,pore_frac,legacy_matched,0.097581320301294,True,True,True,
vc2whyaq,pore_frac,legacy_matched,0.082796214423874,True,True,True,
b3esycq1,pore_frac,legacy_matched,0.0941631327855817,True,True,True,
hawkfj64,pore_frac,legacy_matched,0.0930740546218487,True,True,True,
epqdaau9,pore_frac,legacy_matched,0.0713448529904226,True,True,True,
x7u69zsw,pore_frac,legacy_matched,0.0630660887656033,True,True,True,
avn74qx1,pore_frac,legacy_matched,0.0748934151785714,True,True,True,
x77cy643,pore_frac,legacy_matched,0.0947570344148023,True,True,True,
pl8uabbv,pore_frac,legacy_matched,0.1044060613682092,True,True,True,
cfe5vt7s,pore_frac,legacy_matched,0.0798627747252747,True,True,True,
rxax5ozo,pore_frac,legacy_matched,0.0843286128764852,True,True,True,
3806gxp0,pore_frac,legacy_matched,0.0728838588169642,True,True,True,
5n1q8atc,pore_d50,legacy_matched,90.1786059563103,True,True,True,
f1vzngrs,pore_d50,legacy_matched,59.814739995303896,True,True,True,
xgj4xftb,pore_d50,legacy_matched,91.04278904024144,True,True,True,
71vgq3fw,pore_d50,legacy_matched,77.66167473992861,True,True,True,
0grcilhi,pore_d50,legacy_matched,177.97655293302367,True,True,True,
i9jiqjwl,pore_d50,legacy_matched,86.21584809165819,True,True,True,
kbdh4tri,pore_d50,legacy_matched,71.80074454093547,True,True,True,
ptg8lmto,pore_d50,legacy_matched,83.52292778395616,True,True,True,
fzrt2k6r,pore_d50,legacy_matched,113.344549963277,True,True,True,
mgxahqnk,pore_d50,legacy_matched,103.7924842558661,True,True,True,
tuy3zymq,pore_d50,legacy_matched,84.97376923611844,True,True,True,
r17byphk,pore_d50,legacy_matched,111.14391599642578,True,True,True,
4ih2ggld,pore_d50,legacy_matched,140.0645383574279,True,True,True,
iv6g2oq0,pore_d50,legacy_matched,122.66161461572,True,True,True,
uhdslk0o,pore_d50,legacy_matched,102.51497062499718,True,True,True,
ffwubibz,pore_d50,legacy_matched,108.25385337133471,True,True,True,
hzumfsms,pore_d50,legacy_matched,162.7097718444662,True,True,True,
ufdvpb81,pore_d50,legacy_matched,162.435658294436,True,True,True,
9luzk4jm,pore_d50,legacy_matched,130.15060085591847,True,True,True,
utfgcjfa,pore_d50,legacy_matched,112.55546841497691,True,True,True,
vc2whyaq,pore_d50,legacy_matched,106.72582146416472,True,True,True,
b3esycq1,pore_d50,legacy_matched,98.51855180379049,True,True,True,
hawkfj64,pore_d50,legacy_matched,100.9126844296188,True,True,True,
epqdaau9,pore_d50,legacy_matched,78.20082821404762,True,True,True,
x7u69zsw,pore_d50,legacy_matched,67.41062182742269,True,True,True,
avn74qx1,pore_d50,legacy_matched,105.68883822789226,True,True,True,
x77cy643,pore_d50,legacy_matched,105.121101634051,True,True,True,
pl8uabbv,pore_d50,legacy_matched,106.79141633199202,True,True,True,
cfe5vt7s,pore_d50,legacy_matched,85.23558436626594,True,True,True,
rxax5ozo,pore_d50,legacy_matched,96.73178078717828,True,True,True,
3806gxp0,pore_d50,legacy_matched,81.55613638284056,True,True,True,
5n1q8atc,pore_elong,legacy_matched,2.848614953424292,True,True,True,
f1vzngrs,pore_elong,legacy_matched,3.529312132263265,True,True,True,
xgj4xftb,pore_elong,legacy_matched,3.7984867618983857,True,True,True,
71vgq3fw,pore_elong,legacy_matched,3.203588589749033,True,True,True,
0grcilhi,pore_elong,legacy_matched,3.8392664643019887,True,True,True,
i9jiqjwl,pore_elong,legacy_matched,2.882301912119975,True,True,True,
kbdh4tri,pore_elong,legacy_matched,3.2972935540293573,True,True,True,
ptg8lmto,pore_elong,legacy_matched,3.804424084431489,True,True,True,
fzrt2k6r,pore_elong,legacy_matched,3.5807365705696697,True,True,True,
mgxahqnk,pore_elong,legacy_matched,3.3887800404934088,True,True,True,
tuy3zymq,pore_elong,legacy_matched,3.67959935691903,True,True,True,
r17byphk,pore_elong,legacy_matched,3.489662574598563,True,True,True,
4ih2ggld,pore_elong,legacy_matched,3.068601528144511,True,True,True,
iv6g2oq0,pore_elong,legacy_matched,3.586526202720578,True,True,True,
uhdslk0o,pore_elong,legacy_matched,3.41838819779335,True,True,True,
ffwubibz,pore_elong,legacy_matched,3.2522864137267713,True,True,True,
hzumfsms,pore_elong,legacy_matched,3.905375599673969,True,True,True,
ufdvpb81,pore_elong,legacy_matched,4.047983432744437,True,True,True,
9luzk4jm,pore_elong,legacy_matched,3.302523473173465,True,True,True,
utfgcjfa,pore_elong,legacy_matched,3.3249345407091675,True,True,True,
vc2whyaq,pore_elong,legacy_matched,3.6808452065581103,True,True,True,
b3esycq1,pore_elong,legacy_matched,3.180131748887445,True,True,True,
hawkfj64,pore_elong,legacy_matched,3.4726318155175337,True,True,True,
epqdaau9,pore_elong,legacy_matched,3.433805375701753,True,True,True,
x7u69zsw,pore_elong,legacy_matched,3.152999595478895,True,True,True,
avn74qx1,pore_elong,legacy_matched,3.698612313308659,True,True,True,
x77cy643,pore_elong,legacy_matched,3.618455172706924,True,True,True,
pl8uabbv,pore_elong,legacy_matched,3.194286744490535,True,True,True,
cfe5vt7s,pore_elong,legacy_matched,3.1846934561541405,True,True,True,
rxax5ozo,pore_elong,legacy_matched,3.513999094250574,True,True,True,
3806gxp0,pore_elong,legacy_matched,3.408844918966383,True,True,True,
5n1q8atc,pore_max_d,legacy_matched,224.4595482156426,True,True,True,
f1vzngrs,pore_max_d,legacy_matched,193.959812405276,True,True,True,
xgj4xftb,pore_max_d,legacy_matched,341.2297706326789,True,True,True,
71vgq3fw,pore_max_d,legacy_matched,278.2410057451576,True,True,True,
0grcilhi,pore_max_d,legacy_matched,449.8356823620434,True,True,True,
i9jiqjwl,pore_max_d,legacy_matched,235.52871104085443,True,True,True,
kbdh4tri,pore_max_d,legacy_matched,203.9028300288694,True,True,True,
ptg8lmto,pore_max_d,legacy_matched,265.50020887971596,True,True,True,
fzrt2k6r,pore_max_d,legacy_matched,304.21278130459166,True,True,True,
mgxahqnk,pore_max_d,legacy_matched,274.89873309842915,True,True,True,
tuy3zymq,pore_max_d,legacy_matched,207.63096528501688,True,True,True,
r17byphk,pore_max_d,legacy_matched,253.5867434358392,True,True,True,
4ih2ggld,pore_max_d,legacy_matched,333.64742863648746,True,True,True,
iv6g2oq0,pore_max_d,legacy_matched,290.8417824075923,True,True,True,
uhdslk0o,pore_max_d,legacy_matched,282.6651749875914,True,True,True,
ffwubibz,pore_max_d,legacy_matched,200.96873288784028,True,True,True,
hzumfsms,pore_max_d,legacy_matched,599.372241621278,True,True,True,
ufdvpb81,pore_max_d,legacy_matched,456.91554461484446,True,True,True,
9luzk4jm,pore_max_d,legacy_matched,340.6995103244586,True,True,True,
utfgcjfa,pore_max_d,legacy_matched,418.72902692176126,True,True,True,
vc2whyaq,pore_max_d,legacy_matched,375.37733972137386,True,True,True,
b3esycq1,pore_max_d,legacy_matched,282.6111169110161,True,True,True,
hawkfj64,pore_max_d,legacy_matched,235.52600808620176,True,True,True,
epqdaau9,pore_max_d,legacy_matched,240.94264263969495,True,True,True,
x7u69zsw,pore_max_d,legacy_matched,231.86750478763133,True,True,True,
avn74qx1,pore_max_d,legacy_matched,263.25838049153225,True,True,True,
x77cy643,pore_max_d,legacy_matched,269.1675125531775,True,True,True,
pl8uabbv,pore_max_d,legacy_matched,355.08821280856176,True,True,True,
cfe5vt7s,pore_max_d,legacy_matched,206.5827753236779,True,True,True,
rxax5ozo,pore_max_d,legacy_matched,260.17644089318486,True,True,True,
3806gxp0,pore_max_d,legacy_matched,203.52782450666,True,True,True,
5n1q8atc,crack_frac,legacy_matched,0.0082204539847026,True,True,True,
f1vzngrs,crack_frac,legacy_matched,0.0013474328278797,True,True,True,
xgj4xftb,crack_frac,legacy_matched,0.0191075859624246,True,True,True,
71vgq3fw,crack_frac,legacy_matched,0.01070173370319,True,True,True,
0grcilhi,crack_frac,legacy_matched,0.062359618847539,True,True,True,
i9jiqjwl,crack_frac,legacy_matched,0.0027394994969818,True,True,True,
kbdh4tri,crack_frac,legacy_matched,0.0081428571428571,True,True,True,
ptg8lmto,crack_frac,legacy_matched,0.0163048564338886,True,True,True,
fzrt2k6r,crack_frac,legacy_matched,0.0236179432812085,True,True,True,
mgxahqnk,crack_frac,legacy_matched,0.0177163115246098,True,True,True,
tuy3zymq,crack_frac,legacy_matched,0.0101244105409153,True,True,True,
r17byphk,crack_frac,legacy_matched,0.0258304945054945,True,True,True,
4ih2ggld,crack_frac,legacy_matched,0.037349926580301,True,True,True,
iv6g2oq0,crack_frac,legacy_matched,0.0325890320289293,True,True,True,
uhdslk0o,crack_frac,legacy_matched,0.0217822948328267,True,True,True,
ffwubibz,crack_frac,legacy_matched,0.0154964972527472,True,True,True,
hzumfsms,crack_frac,legacy_matched,0.0606618089764641,True,True,True,
ufdvpb81,crack_frac,legacy_matched,0.0478168445539135,True,True,True,
9luzk4jm,crack_frac,legacy_matched,0.0361128899835796,True,True,True,
utfgcjfa,crack_frac,legacy_matched,0.0240316240393792,True,True,True,
vc2whyaq,crack_frac,legacy_matched,0.023861356728378,True,True,True,
b3esycq1,crack_frac,legacy_matched,0.0160510204081632,True,True,True,
hawkfj64,crack_frac,legacy_matched,0.0200887605042016,True,True,True,
epqdaau9,crack_frac,legacy_matched,0.0098826602370906,True,True,True,
x7u69zsw,crack_frac,legacy_matched,0.0056651178918169,True,True,True,
avn74qx1,crack_frac,legacy_matched,0.0180074637276785,True,True,True,
x77cy643,crack_frac,legacy_matched,0.0219409709665539,True,True,True,
pl8uabbv,crack_frac,legacy_matched,0.0201550553319919,True,True,True,
cfe5vt7s,crack_frac,legacy_matched,0.0055852335164835,True,True,True,
rxax5ozo,crack_frac,legacy_matched,0.0145303951367781,True,True,True,
3806gxp0,crack_frac,legacy_matched,0.0044563337053571,True,True,True,
5n1q8atc,crack_count_per_Mpx,legacy_matched,0.308413520848754,True,True,True,
f1vzngrs,crack_count_per_Mpx,legacy_matched,0.0665070497472732,True,True,True,
xgj4xftb,crack_count_per_Mpx,legacy_matched,0.3544842254519673,True,True,True,
71vgq3fw,crack_count_per_Mpx,legacy_matched,0.3467406380027739,True,True,True,
0grcilhi,crack_count_per_Mpx,legacy_matched,0.975390156062425,True,True,True,
i9jiqjwl,crack_count_per_Mpx,legacy_matched,0.0628772635814889,True,True,True,
kbdh4tri,crack_count_per_Mpx,legacy_matched,0.3467406380027739,True,True,True,
ptg8lmto,crack_count_per_Mpx,legacy_matched,0.6203473945409429,True,True,True,
fzrt2k6r,crack_count_per_Mpx,legacy_matched,0.5300821627352239,True,True,True,
mgxahqnk,crack_count_per_Mpx,legacy_matched,0.6002400960384154,True,True,True,
tuy3zymq,crack_count_per_Mpx,legacy_matched,0.4160887656033287,True,True,True,
r17byphk,crack_count_per_Mpx,legacy_matched,0.8928571428571428,True,True,True,
4ih2ggld,crack_count_per_Mpx,legacy_matched,0.8640516021491678,True,True,True,
iv6g2oq0,crack_count_per_Mpx,legacy_matched,0.9686168151879117,True,True,True,
uhdslk0o,crack_count_per_Mpx,legacy_matched,0.7598784194528875,True,True,True,
ffwubibz,crack_count_per_Mpx,legacy_matched,0.6181318681318682,True,True,True,
hzumfsms,crack_count_per_Mpx,legacy_matched,0.4105090311986863,True,True,True,
ufdvpb81,crack_count_per_Mpx,legacy_matched,1.0946907498631635,True,True,True,
9luzk4jm,crack_count_per_Mpx,legacy_matched,0.8210180623973727,True,True,True,
utfgcjfa,crack_count_per_Mpx,legacy_matched,0.552954824696732,True,True,True,
vc2whyaq,crack_count_per_Mpx,legacy_matched,0.5526388505111909,True,True,True,
b3esycq1,crack_count_per_Mpx,legacy_matched,0.5300821627352239,True,True,True,
hawkfj64,crack_count_per_Mpx,legacy_matched,0.6752701080432173,True,True,True,
epqdaau9,crack_count_per_Mpx,legacy_matched,0.2678990020762173,True,True,True,
x7u69zsw,crack_count_per_Mpx,legacy_matched,0.2080443828016643,True,True,True,
avn74qx1,crack_count_per_Mpx,legacy_matched,0.5580357142857143,True,True,True,
x77cy643,crack_count_per_Mpx,legacy_matched,0.691193530870915,True,True,True,
pl8uabbv,crack_count_per_Mpx,legacy_matched,0.4401408450704225,True,True,True,
cfe5vt7s,crack_count_per_Mpx,legacy_matched,0.206043956043956,True,True,True,
rxax5ozo,crack_count_per_Mpx,legacy_matched,0.483558994197292,True,True,True,
3806gxp0,crack_count_per_Mpx,legacy_matched,0.2092633928571428,True,True,True,
5n1q8atc,bright_frac,legacy_matched,0.170339748334567,True,True,True,
f1vzngrs,bright_frac,legacy_matched,0.066974461292897,True,True,True,
xgj4xftb,bright_frac,legacy_matched,0.0500412087912087,True,True,True,
71vgq3fw,bright_frac,legacy_matched,0.0591480582524271,True,True,True,
0grcilhi,bright_frac,legacy_matched,0.0455404411764705,True,True,True,
i9jiqjwl,bright_frac,legacy_matched,0.0563053319919517,True,True,True,
kbdh4tri,bright_frac,legacy_matched,0.0533211511789181,True,True,True,
ptg8lmto,bright_frac,legacy_matched,0.0491612017015242,True,True,True,
fzrt2k6r,bright_frac,legacy_matched,0.0602031539888682,True,True,True,
mgxahqnk,bright_frac,legacy_matched,0.0642875900360144,True,True,True,
tuy3zymq,bright_frac,legacy_matched,0.0435880721220527,True,True,True,
r17byphk,bright_frac,legacy_matched,0.0419263736263736,True,True,True,
4ih2ggld,bright_frac,legacy_matched,0.1234153293616584,True,True,True,
iv6g2oq0,bright_frac,legacy_matched,0.0540415536613715,True,True,True,
uhdslk0o,bright_frac,legacy_matched,0.0608057750759878,True,True,True,
ffwubibz,bright_frac,legacy_matched,0.0445837912087912,True,True,True,
hzumfsms,bright_frac,legacy_matched,0.0461386836343732,True,True,True,
ufdvpb81,bright_frac,legacy_matched,0.0503623426382047,True,True,True,
9luzk4jm,bright_frac,legacy_matched,0.0568979200875752,True,True,True,
utfgcjfa,bright_frac,legacy_matched,0.0553903833414617,True,True,True,
vc2whyaq,bright_frac,legacy_matched,0.056152528322741,True,True,True,
b3esycq1,bright_frac,legacy_matched,0.0786697588126159,True,True,True,
hawkfj64,bright_frac,legacy_matched,0.0400761554621848,True,True,True,
epqdaau9,bright_frac,legacy_matched,0.0589849976558837,True,True,True,
x7u69zsw,bright_frac,legacy_matched,0.0756764909847434,True,True,True,
avn74qx1,bright_frac,legacy_matched,0.0414603794642857,True,True,True,
x77cy643,bright_frac,legacy_matched,0.0604133558496537,True,True,True,
pl8uabbv,bright_frac,legacy_matched,0.0528852489939637,True,True,True,
cfe5vt7s,bright_frac,legacy_matched,0.0602787087912087,True,True,True,
rxax5ozo,bright_frac,legacy_matched,0.0510631389886709,True,True,True,
3806gxp0,bright_frac,legacy_matched,0.0551821986607142,True,True,True,
5n1q8atc,bright_count_per_Mpx,legacy_matched,133.66641993585,True,True,True,
f1vzngrs,bright_count_per_Mpx,legacy_matched,16.56025538707103,True,True,True,
xgj4xftb,bright_count_per_Mpx,legacy_matched,10.280042538107054,True,True,True,
71vgq3fw,bright_count_per_Mpx,legacy_matched,14.285714285714286,True,True,True,
0grcilhi,bright_count_per_Mpx,legacy_matched,11.179471788715489,True,True,True,
i9jiqjwl,bright_count_per_Mpx,legacy_matched,19.11468812877263,True,True,True,
kbdh4tri,bright_count_per_Mpx,legacy_matched,20.73509015256588,True,True,True,
ptg8lmto,bright_count_per_Mpx,legacy_matched,14.53385324353066,True,True,True,
fzrt2k6r,bright_count_per_Mpx,legacy_matched,15.70368407103101,True,True,True,
mgxahqnk,bright_count_per_Mpx,legacy_matched,10.87935174069628,True,True,True,
tuy3zymq,bright_count_per_Mpx,legacy_matched,20.388349514563107,True,True,True,
r17byphk,bright_count_per_Mpx,legacy_matched,16.346153846153847,True,True,True,
4ih2ggld,bright_count_per_Mpx,legacy_matched,125.16404636846516,True,True,True,
iv6g2oq0,bright_count_per_Mpx,legacy_matched,14.771406431615652,True,True,True,
uhdslk0o,bright_count_per_Mpx,legacy_matched,17.705167173252278,True,True,True,
ffwubibz,bright_count_per_Mpx,legacy_matched,11.744505494505496,True,True,True,
hzumfsms,bright_count_per_Mpx,legacy_matched,12.246852764094143,True,True,True,
ufdvpb81,bright_count_per_Mpx,legacy_matched,15.32567049808429,True,True,True,
9luzk4jm,bright_count_per_Mpx,legacy_matched,12.999452654625069,True,True,True,
utfgcjfa,bright_count_per_Mpx,legacy_matched,14.998899619898854,True,True,True,
vc2whyaq,bright_count_per_Mpx,legacy_matched,12.434374136501797,True,True,True,
b3esycq1,bright_count_per_Mpx,legacy_matched,22.329711105221307,True,True,True,
hawkfj64,bright_count_per_Mpx,legacy_matched,12.379951980792317,True,True,True,
epqdaau9,bright_count_per_Mpx,legacy_matched,13.997722858482351,True,True,True,
x7u69zsw,bright_count_per_Mpx,legacy_matched,21.844660194174757,True,True,True,
avn74qx1,bright_count_per_Mpx,legacy_matched,10.672433035714285,True,True,True,
x77cy643,bright_count_per_Mpx,legacy_matched,13.201796439634476,True,True,True,
pl8uabbv,bright_count_per_Mpx,legacy_matched,18.045774647887324,True,True,True,
cfe5vt7s,bright_count_per_Mpx,legacy_matched,16.895604395604394,True,True,True,
rxax5ozo,bright_count_per_Mpx,legacy_matched,12.434374136501797,True,True,True,
3806gxp0,bright_count_per_Mpx,legacy_matched,13.323102678571429,True,True,True,
5n1q8atc,bright_d50,legacy_matched,220.51081201028637,True,True,True,
f1vzngrs,bright_d50,legacy_matched,165.31428730813175,True,True,True,
xgj4xftb,bright_d50,legacy_matched,190.84291230524997,True,True,True,
71vgq3fw,bright_d50,legacy_matched,154.72378588992234,True,True,True,
0grcilhi,bright_d50,legacy_matched,149.57303246421645,True,True,True,
i9jiqjwl,bright_d50,legacy_matched,140.21444936330795,True,True,True,
kbdh4tri,bright_d50,legacy_matched,137.6530090653622,True,True,True,
ptg8lmto,bright_d50,legacy_matched,137.9302188696618,True,True,True,
fzrt2k6r,bright_d50,legacy_matched,164.97119526970187,True,True,True,
mgxahqnk,bright_d50,legacy_matched,208.74404647671145,True,True,True,
tuy3zymq,bright_d50,legacy_matched,134.55182305189803,True,True,True,
r17byphk,bright_d50,legacy_matched,152.97758931370402,True,True,True,
4ih2ggld,bright_d50,legacy_matched,164.86697001220787,True,True,True,
iv6g2oq0,bright_d50,legacy_matched,174.81867403763852,True,True,True,
uhdslk0o,bright_d50,legacy_matched,199.7772929270702,True,True,True,
ffwubibz,bright_d50,legacy_matched,144.23404910570812,True,True,True,
hzumfsms,bright_d50,legacy_matched,136.59914175460185,True,True,True,
ufdvpb81,bright_d50,legacy_matched,145.72701316721543,True,True,True,
9luzk4jm,bright_d50,legacy_matched,143.33080636870028,True,True,True,
utfgcjfa,bright_d50,legacy_matched,192.48045166380865,True,True,True,
vc2whyaq,bright_d50,legacy_matched,154.18383683042208,True,True,True,
b3esycq1,bright_d50,legacy_matched,172.3282888599633,True,True,True,
hawkfj64,bright_d50,legacy_matched,121.1576605553759,True,True,True,
epqdaau9,bright_d50,legacy_matched,164.80517579339093,True,True,True,
x7u69zsw,bright_d50,legacy_matched,146.44170735133602,True,True,True,
avn74qx1,bright_d50,legacy_matched,130.15549217263688,True,True,True,
x77cy643,bright_d50,legacy_matched,136.0480917242688,True,True,True,
pl8uabbv,bright_d50,legacy_matched,133.55929777345952,True,True,True,
cfe5vt7s,bright_d50,legacy_matched,177.68658078425008,True,True,True,
rxax5ozo,bright_d50,legacy_matched,163.82495647328125,True,True,True,
3806gxp0,bright_d50,legacy_matched,172.93308077617627,True,True,True,
5n1q8atc,bright_d90,legacy_matched,452.6586942224133,True,True,True,
f1vzngrs,bright_d90,legacy_matched,228.9636761910622,True,True,True,
xgj4xftb,bright_d90,legacy_matched,319.01815510997335,True,True,True,
71vgq3fw,bright_d90,legacy_matched,260.1984618550762,True,True,True,
0grcilhi,bright_d90,legacy_matched,250.4035834808037,True,True,True,
i9jiqjwl,bright_d90,legacy_matched,254.4513786351486,True,True,True,
kbdh4tri,bright_d90,legacy_matched,221.0385058086541,True,True,True,
ptg8lmto,bright_d90,legacy_matched,293.5304413382511,True,True,True,
fzrt2k6r,bright_d90,legacy_matched,226.54301924620177,True,True,True,
mgxahqnk,bright_d90,legacy_matched,345.31721115899643,True,True,True,
tuy3zymq,bright_d90,legacy_matched,230.70318473965477,True,True,True,
r17byphk,bright_d90,legacy_matched,255.1235103373688,True,True,True,
4ih2ggld,bright_d90,legacy_matched,295.3056884966086,True,True,True,
iv6g2oq0,bright_d90,legacy_matched,230.3441735929166,True,True,True,
uhdslk0o,bright_d90,legacy_matched,280.9550832702643,True,True,True,
ffwubibz,bright_d90,legacy_matched,218.6028970370707,True,True,True,
hzumfsms,bright_d90,legacy_matched,253.51644076694816,True,True,True,
ufdvpb81,bright_d90,legacy_matched,242.6985945953089,True,True,True,
9luzk4jm,bright_d90,legacy_matched,236.7123272766018,True,True,True,
utfgcjfa,bright_d90,legacy_matched,253.9931126086714,True,True,True,
vc2whyaq,bright_d90,legacy_matched,237.46417194438172,True,True,True,
b3esycq1,bright_d90,legacy_matched,241.79193571251392,True,True,True,
hawkfj64,bright_d90,legacy_matched,192.76468264065124,True,True,True,
epqdaau9,bright_d90,legacy_matched,261.89823885323847,True,True,True,
x7u69zsw,bright_d90,legacy_matched,318.55484883359173,True,True,True,
avn74qx1,bright_d90,legacy_matched,278.50171738460904,True,True,True,
x77cy643,bright_d90,legacy_matched,237.59817956892607,True,True,True,
pl8uabbv,bright_d90,legacy_matched,232.4598019402603,True,True,True,
cfe5vt7s,bright_d90,legacy_matched,259.71602060988596,True,True,True,
rxax5ozo,bright_d90,legacy_matched,236.101038769528,True,True,True,
3806gxp0,bright_d90,legacy_matched,231.7933612266201,True,True,True,
5n1q8atc,bright_circ,legacy_matched,0.1431136237187756,True,True,True,
f1vzngrs,bright_circ,legacy_matched,0.4063957707277821,True,True,True,
xgj4xftb,bright_circ,legacy_matched,0.3978723272235204,True,True,True,
71vgq3fw,bright_circ,legacy_matched,0.3588173884629991,True,True,True,
0grcilhi,bright_circ,legacy_matched,0.3231235691836798,True,True,True,
i9jiqjwl,bright_circ,legacy_matched,0.3507967401025371,True,True,True,
kbdh4tri,bright_circ,legacy_matched,0.4010768366411811,True,True,True,
ptg8lmto,bright_circ,legacy_matched,0.3560807521137512,True,True,True,
fzrt2k6r,bright_circ,legacy_matched,0.3363059236947514,True,True,True,
mgxahqnk,bright_circ,legacy_matched,0.4211876368178272,True,True,True,
tuy3zymq,bright_circ,legacy_matched,0.3548266423249504,True,True,True,
r17byphk,bright_circ,legacy_matched,0.3802891241457506,True,True,True,
4ih2ggld,bright_circ,legacy_matched,0.1087371307432999,True,True,True,
iv6g2oq0,bright_circ,legacy_matched,0.4143932807949781,True,True,True,
uhdslk0o,bright_circ,legacy_matched,0.3698628374408624,True,True,True,
ffwubibz,bright_circ,legacy_matched,0.4436005804453523,True,True,True,
hzumfsms,bright_circ,legacy_matched,0.4797305205925188,True,True,True,
ufdvpb81,bright_circ,legacy_matched,0.3657568055273031,True,True,True,
9luzk4jm,bright_circ,legacy_matched,0.4106641360329253,True,True,True,
utfgcjfa,bright_circ,legacy_matched,0.4567464650323394,True,True,True,
vc2whyaq,bright_circ,legacy_matched,0.4235076406582454,True,True,True,
b3esycq1,bright_circ,legacy_matched,0.3320026814705046,True,True,True,
hawkfj64,bright_circ,legacy_matched,0.4138670523225968,True,True,True,
epqdaau9,bright_circ,legacy_matched,0.3916126981562456,True,True,True,
x7u69zsw,bright_circ,legacy_matched,0.3691062066911527,True,True,True,
avn74qx1,bright_circ,legacy_matched,0.4577724720580354,True,True,True,
x77cy643,bright_circ,legacy_matched,0.4065165311051986,True,True,True,
pl8uabbv,bright_circ,legacy_matched,0.3718524200004838,True,True,True,
cfe5vt7s,bright_circ,legacy_matched,0.3843514044066677,True,True,True,
rxax5ozo,bright_circ,legacy_matched,0.3538424285214866,True,True,True,
3806gxp0,bright_circ,legacy_matched,0.400986251182528,True,True,True,
5n1q8atc,corr_len_px,legacy_matched,16.0,True,True,True,
f1vzngrs,corr_len_px,legacy_matched,18.0,True,True,True,
xgj4xftb,corr_len_px,legacy_matched,16.0,True,True,True,
71vgq3fw,corr_len_px,legacy_matched,21.0,True,True,True,
0grcilhi,corr_len_px,legacy_matched,18.0,True,True,True,
i9jiqjwl,corr_len_px,legacy_matched,15.0,True,True,True,
kbdh4tri,corr_len_px,legacy_matched,19.0,True,True,True,
ptg8lmto,corr_len_px,legacy_matched,17.0,True,True,True,
fzrt2k6r,corr_len_px,legacy_matched,22.0,True,True,True,
mgxahqnk,corr_len_px,legacy_matched,23.0,True,True,True,
tuy3zymq,corr_len_px,legacy_matched,14.0,True,True,True,
r17byphk,corr_len_px,legacy_matched,19.0,True,True,True,
4ih2ggld,corr_len_px,legacy_matched,17.0,True,True,True,
iv6g2oq0,corr_len_px,legacy_matched,23.0,True,True,True,
uhdslk0o,corr_len_px,legacy_matched,18.0,True,True,True,
ffwubibz,corr_len_px,legacy_matched,16.0,True,True,True,
hzumfsms,corr_len_px,legacy_matched,22.0,True,True,True,
ufdvpb81,corr_len_px,legacy_matched,21.0,True,True,True,
9luzk4jm,corr_len_px,legacy_matched,25.0,True,True,True,
utfgcjfa,corr_len_px,legacy_matched,24.0,True,True,True,
vc2whyaq,corr_len_px,legacy_matched,28.0,True,True,True,
b3esycq1,corr_len_px,legacy_matched,18.0,True,True,True,
hawkfj64,corr_len_px,legacy_matched,24.0,True,True,True,
epqdaau9,corr_len_px,legacy_matched,19.0,True,True,True,
x7u69zsw,corr_len_px,legacy_matched,16.0,True,True,True,
avn74qx1,corr_len_px,legacy_matched,20.0,True,True,True,
x77cy643,corr_len_px,legacy_matched,22.0,True,True,True,
pl8uabbv,corr_len_px,legacy_matched,16.0,True,True,True,
cfe5vt7s,corr_len_px,legacy_matched,24.0,True,True,True,
rxax5ozo,corr_len_px,legacy_matched,21.0,True,True,True,
3806gxp0,corr_len_px,legacy_matched,17.0,True,True,True,
5n1q8atc,fft_slope,legacy_matched,-1.879182555877552,True,True,True,
f1vzngrs,fft_slope,legacy_matched,-2.127431960249179,True,True,True,
xgj4xftb,fft_slope,legacy_matched,-2.1837168745236406,True,True,True,
71vgq3fw,fft_slope,legacy_matched,-2.3335247865223163,True,True,True,
0grcilhi,fft_slope,legacy_matched,-2.064806252507767,True,True,True,
i9jiqjwl,fft_slope,legacy_matched,-2.1294942614629138,True,True,True,
kbdh4tri,fft_slope,legacy_matched,-2.294659232563551,True,True,True,
ptg8lmto,fft_slope,legacy_matched,-2.0376237257584697,True,True,True,
fzrt2k6r,fft_slope,legacy_matched,-2.2602154401420447,True,True,True,
mgxahqnk,fft_slope,legacy_matched,-2.2929228642222443,True,True,True,
tuy3zymq,fft_slope,legacy_matched,-2.238626097506134,True,True,True,
r17byphk,fft_slope,legacy_matched,-2.282006325094787,True,True,True,
4ih2ggld,fft_slope,legacy_matched,-2.095593194306181,True,True,True,
iv6g2oq0,fft_slope,legacy_matched,-2.2400461888635657,True,True,True,
uhdslk0o,fft_slope,legacy_matched,-2.211361360370921,True,True,True,
ffwubibz,fft_slope,legacy_matched,-2.248667590698269,True,True,True,
hzumfsms,fft_slope,legacy_matched,-2.436900828607803,True,True,True,
ufdvpb81,fft_slope,legacy_matched,-2.3436553080567095,True,True,True,
9luzk4jm,fft_slope,legacy_matched,-2.31444752914944,True,True,True,
utfgcjfa,fft_slope,legacy_matched,-2.2380641402836203,True,True,True,
vc2whyaq,fft_slope,legacy_matched,-2.1908208862652048,True,True,True,
b3esycq1,fft_slope,legacy_matched,-2.2423322335373697,True,True,True,
hawkfj64,fft_slope,legacy_matched,-2.315380773811405,True,True,True,
epqdaau9,fft_slope,legacy_matched,-2.1993648697631607,True,True,True,
x7u69zsw,fft_slope,legacy_matched,-2.2699115190085006,True,True,True,
avn74qx1,fft_slope,legacy_matched,-2.1582523743773665,True,True,True,
x77cy643,fft_slope,legacy_matched,-2.2130913848625413,True,True,True,
pl8uabbv,fft_slope,legacy_matched,-2.185501218433075,True,True,True,
cfe5vt7s,fft_slope,legacy_matched,-2.2757036530801105,True,True,True,
rxax5ozo,fft_slope,legacy_matched,-2.285653384442957,True,True,True,
3806gxp0,fft_slope,legacy_matched,-2.253307201778604,True,True,True,
5n1q8atc,etd_crack_density_particles,legacy_matched,0.0041522188571432,True,True,True,
f1vzngrs,etd_crack_density_particles,legacy_matched,0.0046715897692332,True,True,True,
xgj4xftb,etd_crack_density_particles,legacy_matched,0.0015820588305689,True,True,True,
71vgq3fw,etd_crack_density_particles,legacy_matched,0.0014328173770387,True,True,True,
0grcilhi,etd_crack_density_particles,legacy_matched,0.0003919335831468,True,True,True,
i9jiqjwl,etd_crack_density_particles,legacy_matched,0.0008075085053149,True,True,True,
kbdh4tri,etd_crack_density_particles,legacy_matched,0.0025285367882397,True,True,True,
ptg8lmto,etd_crack_density_particles,legacy_matched,0.0021022263806919,True,True,True,
fzrt2k6r,etd_crack_density_particles,legacy_matched,0.0019450437342163,True,True,True,
mgxahqnk,etd_crack_density_particles,legacy_matched,0.0001269939251893,True,True,True,
tuy3zymq,etd_crack_density_particles,legacy_matched,0.0030932494379912,True,True,True,
r17byphk,etd_crack_density_particles,legacy_matched,0.0005209385398836,True,True,True,
4ih2ggld,etd_crack_density_particles,legacy_matched,0.0037282741017422,True,True,True,
iv6g2oq0,etd_crack_density_particles,legacy_matched,0.0003339590518182,True,True,True,
uhdslk0o,etd_crack_density_particles,legacy_matched,0.0009786798085892,True,True,True,
ffwubibz,etd_crack_density_particles,legacy_matched,0.000202230580053,True,True,True,
hzumfsms,etd_crack_density_particles,legacy_matched,0.0005080594823599,True,True,True,
ufdvpb81,etd_crack_density_particles,legacy_matched,0.0024305159716363,True,True,True,
9luzk4jm,etd_crack_density_particles,legacy_matched,0.0004292875753662,True,True,True,
utfgcjfa,etd_crack_density_particles,legacy_matched,0.0015027101509388,True,True,True,
vc2whyaq,etd_crack_density_particles,legacy_matched,0.0020481392948625,True,True,True,
b3esycq1,etd_crack_density_particles,legacy_matched,0.0032220829156316,True,True,True,
hawkfj64,etd_crack_density_particles,legacy_matched,0.0019749722358975,True,True,True,
epqdaau9,etd_crack_density_particles,legacy_matched,0.000250663649419,True,True,True,
x7u69zsw,etd_crack_density_particles,legacy_matched,0.0032039058268347,True,True,True,
avn74qx1,etd_crack_density_particles,legacy_matched,0.000300294574678,True,True,True,
x77cy643,etd_crack_density_particles,legacy_matched,0.0008290374121974,True,True,True,
pl8uabbv,etd_crack_density_particles,legacy_matched,0.0014510039275865,True,True,True,
cfe5vt7s,etd_crack_density_particles,legacy_matched,0.0002174751475178,True,True,True,
rxax5ozo,etd_crack_density_particles,legacy_matched,0.0005929325023685,True,True,True,
3806gxp0,etd_crack_density_particles,legacy_matched,8.76324985120732e-05,True,True,True,
5n1q8atc,pore_d90,legacy_matched,199.71354981165825,True,True,True,
f1vzngrs,pore_d90,legacy_matched,136.41726131926686,True,True,True,
xgj4xftb,pore_d90,legacy_matched,245.8468653218466,True,True,True,
71vgq3fw,pore_d90,legacy_matched,197.72732097673784,True,True,True,
0grcilhi,pore_d90,legacy_matched,434.6677076149674,True,True,True,
i9jiqjwl,pore_d90,legacy_matched,164.32160851573536,True,True,True,
kbdh4tri,pore_d90,legacy_matched,173.17587660148286,True,True,True,
ptg8lmto,pore_d90,legacy_matched,223.15391960289864,True,True,True,
fzrt2k6r,pore_d90,legacy_matched,263.3744300367286,True,True,True,
mgxahqnk,pore_d90,legacy_matched,204.1430957410184,True,True,True,
tuy3zymq,pore_d90,legacy_matched,165.7642380458751,True,True,True,
r17byphk,pore_d90,legacy_matched,237.33545343897444,True,True,True,
4ih2ggld,pore_d90,legacy_matched,275.2042533810596,True,True,True,
iv6g2oq0,pore_d90,legacy_matched,251.9142818275494,True,True,True,
uhdslk0o,pore_d90,legacy_matched,217.90576482004423,True,True,True,
ffwubibz,pore_d90,legacy_matched,196.6619546604663,True,True,True,
hzumfsms,pore_d90,legacy_matched,599.372241621278,True,True,True,
ufdvpb81,pore_d90,legacy_matched,363.24346383783,True,True,True,
9luzk4jm,pore_d90,legacy_matched,262.32085543321153,True,True,True,
utfgcjfa,pore_d90,legacy_matched,274.66705209152383,True,True,True,
vc2whyaq,pore_d90,legacy_matched,290.4672415813452,True,True,True,
b3esycq1,pore_d90,legacy_matched,208.31053003657564,True,True,True,
hawkfj64,pore_d90,legacy_matched,203.02987529130016,True,True,True,
epqdaau9,pore_d90,legacy_matched,206.20646894793455,True,True,True,
x7u69zsw,pore_d90,legacy_matched,166.067361449996,True,True,True,
avn74qx1,pore_d90,legacy_matched,262.9462435513266,True,True,True,
x77cy643,pore_d90,legacy_matched,230.54307960861595,True,True,True,
pl8uabbv,pore_d90,legacy_matched,253.70972623075795,True,True,True,
cfe5vt7s,pore_d90,legacy_matched,192.146108674325,True,True,True,
rxax5ozo,pore_d90,legacy_matched,218.26190131643708,True,True,True,
3806gxp0,pore_d90,legacy_matched,165.43747233812255,True,True,True,
5n1q8atc,pore_count_per_Mpx,legacy_matched,119.54108068097706,True,True,True,
f1vzngrs,pore_count_per_Mpx,legacy_matched,134.41074753923917,True,True,True,
xgj4xftb,pore_count_per_Mpx,legacy_matched,101.82559376107764,True,True,True,
71vgq3fw,pore_count_per_Mpx,legacy_matched,98.12760055478502,True,True,True,
0grcilhi,pore_count_per_Mpx,legacy_matched,86.58463385354142,True,True,True,
i9jiqjwl,pore_count_per_Mpx,legacy_matched,92.30382293762575,True,True,True,
kbdh4tri,pore_count_per_Mpx,legacy_matched,100.13869625520113,True,True,True,
ptg8lmto,pore_count_per_Mpx,legacy_matched,95.09039347749024,True,True,True,
fzrt2k6r,pore_count_per_Mpx,legacy_matched,100.64935064935064,True,True,True,
mgxahqnk,pore_count_per_Mpx,legacy_matched,99.11464585834334,True,True,True,
tuy3zymq,pore_count_per_Mpx,legacy_matched,93.13453536754508,True,True,True,
r17byphk,pore_count_per_Mpx,legacy_matched,81.79945054945054,True,True,True,
4ih2ggld,pore_count_per_Mpx,legacy_matched,119.856300812406,True,True,True,
iv6g2oq0,pore_count_per_Mpx,legacy_matched,99.7675319643549,True,True,True,
uhdslk0o,pore_count_per_Mpx,legacy_matched,99.46808510638296,True,True,True,
ffwubibz,pore_count_per_Mpx,legacy_matched,90.24725274725274,True,True,True,
hzumfsms,pore_count_per_Mpx,legacy_matched,99.82211275314724,True,True,True,
ufdvpb81,pore_count_per_Mpx,legacy_matched,96.19594964422552,True,True,True,
9luzk4jm,pore_count_per_Mpx,legacy_matched,100.16420361247948,True,True,True,
utfgcjfa,pore_count_per_Mpx,legacy_matched,93.17288796139934,True,True,True,
vc2whyaq,pore_count_per_Mpx,legacy_matched,81.37607073777286,True,True,True,
b3esycq1,pore_count_per_Mpx,legacy_matched,95.61357010336602,True,True,True,
hawkfj64,pore_count_per_Mpx,legacy_matched,101.2905162064826,True,True,True,
epqdaau9,pore_count_per_Mpx,legacy_matched,111.84783336682072,True,True,True,
x7u69zsw,pore_count_per_Mpx,legacy_matched,91.95561719833564,True,True,True,
avn74qx1,pore_count_per_Mpx,legacy_matched,70.94029017857143,True,True,True,
x77cy643,pore_count_per_Mpx,legacy_matched,102.4348812750696,True,True,True,
pl8uabbv,pore_count_per_Mpx,legacy_matched,108.96629778672032,True,True,True,
cfe5vt7s,pore_count_per_Mpx,legacy_matched,93.61263736263736,True,True,True,
rxax5ozo,pore_count_per_Mpx,legacy_matched,85.93534125449018,True,True,True,
3806gxp0,pore_count_per_Mpx,legacy_matched,80.98493303571428,True,True,True,
5n1q8atc,bright_d10,legacy_matched,26.438769072322643,True,True,True,
f1vzngrs,bright_d10,legacy_matched,65.40707049173007,True,True,True,
xgj4xftb,bright_d10,legacy_matched,70.18663546986951,True,True,True,
71vgq3fw,bright_d10,legacy_matched,69.50302750762162,True,True,True,
0grcilhi,bright_d10,legacy_matched,75.88716927674362,True,True,True,
i9jiqjwl,bright_d10,legacy_matched,55.99990177386658,True,True,True,
kbdh4tri,bright_d10,legacy_matched,51.27611198090307,True,True,True,
ptg8lmto,bright_d10,legacy_matched,55.117597496063794,True,True,True,
fzrt2k6r,bright_d10,legacy_matched,65.11441993881303,True,True,True,
mgxahqnk,bright_d10,legacy_matched,79.62871927125985,True,True,True,
tuy3zymq,bright_d10,legacy_matched,47.93951791838304,True,True,True,
r17byphk,bright_d10,legacy_matched,51.151806072031896,True,True,True,
4ih2ggld,bright_d10,legacy_matched,20.216574731145418,True,True,True,
iv6g2oq0,bright_d10,legacy_matched,60.96381083136077,True,True,True,
uhdslk0o,bright_d10,legacy_matched,64.15904806127334,True,True,True,
ffwubibz,bright_d10,legacy_matched,58.9571366089551,True,True,True,
hzumfsms,bright_d10,legacy_matched,61.535472745745395,True,True,True,
ufdvpb81,bright_d10,legacy_matched,58.28381512352648,True,True,True,
9luzk4jm,bright_d10,legacy_matched,75.14530844238013,True,True,True,
utfgcjfa,bright_d10,legacy_matched,60.52363315435602,True,True,True,
vc2whyaq,bright_d10,legacy_matched,74.06156870279673,True,True,True,
b3esycq1,bright_d10,legacy_matched,60.3972788763388,True,True,True,
hawkfj64,bright_d10,legacy_matched,53.559394080668255,True,True,True,
epqdaau9,bright_d10,legacy_matched,76.3971862902423,True,True,True,
x7u69zsw,bright_d10,legacy_matched,59.52668017786611,True,True,True,
avn74qx1,bright_d10,legacy_matched,67.67453466712853,True,True,True,
x77cy643,bright_d10,legacy_matched,77.19301179096824,True,True,True,
pl8uabbv,bright_d10,legacy_matched,53.04582352895192,True,True,True,
cfe5vt7s,bright_d10,legacy_matched,62.50039138475438,True,True,True,
rxax5ozo,bright_d10,legacy_matched,63.99014280237452,True,True,True,
3806gxp0,bright_d10,legacy_matched,65.93056806767136,True,True,True,
5n1q8atc,bright_solidity,legacy_matched,0.7080672082703301,True,True,True,
f1vzngrs,bright_solidity,legacy_matched,0.8587295181184312,True,True,True,
xgj4xftb,bright_solidity,legacy_matched,0.876786209574856,True,True,True,
71vgq3fw,bright_solidity,legacy_matched,0.8560257411704685,True,True,True,
0grcilhi,bright_solidity,legacy_matched,0.8578417224770635,True,True,True,
i9jiqjwl,bright_solidity,legacy_matched,0.8474917102947359,True,True,True,
kbdh4tri,bright_solidity,legacy_matched,0.8639438237795425,True,True,True,
ptg8lmto,bright_solidity,legacy_matched,0.8656331467422052,True,True,True,
fzrt2k6r,bright_solidity,legacy_matched,0.8671142693245741,True,True,True,
mgxahqnk,bright_solidity,legacy_matched,0.8836414928554789,True,True,True,
tuy3zymq,bright_solidity,legacy_matched,0.8533205229445775,True,True,True,
r17byphk,bright_solidity,legacy_matched,0.8598442624981912,True,True,True,
4ih2ggld,bright_solidity,legacy_matched,0.7379045868970461,True,True,True,
iv6g2oq0,bright_solidity,legacy_matched,0.8605275845431661,True,True,True,
uhdslk0o,bright_solidity,legacy_matched,0.8693918111114802,True,True,True,
ffwubibz,bright_solidity,legacy_matched,0.8728757806970749,True,True,True,
hzumfsms,bright_solidity,legacy_matched,0.895794135791776,True,True,True,
ufdvpb81,bright_solidity,legacy_matched,0.852744711195009,True,True,True,
9luzk4jm,bright_solidity,legacy_matched,0.8748677788019349,True,True,True,
utfgcjfa,bright_solidity,legacy_matched,0.8774085997155477,True,True,True,
vc2whyaq,bright_solidity,legacy_matched,0.8736249902912052,True,True,True,
b3esycq1,bright_solidity,legacy_matched,0.8588349137367786,True,True,True,
hawkfj64,bright_solidity,legacy_matched,0.8805893292791306,True,True,True,
epqdaau9,bright_solidity,legacy_matched,0.8513254520610858,True,True,True,
x7u69zsw,bright_solidity,legacy_matched,0.8504857971055009,True,True,True,
avn74qx1,bright_solidity,legacy_matched,0.8853464018889766,True,True,True,
x77cy643,bright_solidity,legacy_matched,0.8699569984902653,True,True,True,
pl8uabbv,bright_solidity,legacy_matched,0.8564546073196614,True,True,True,
cfe5vt7s,bright_solidity,legacy_matched,0.8531170689838261,True,True,True,
rxax5ozo,bright_solidity,legacy_matched,0.8598758826184146,True,True,True,
3806gxp0,bright_solidity,legacy_matched,0.8742908817532385,True,True,True,
5n1q8atc,bright_max_d,legacy_matched,542.6107802132652,True,True,True,
f1vzngrs,bright_max_d,legacy_matched,274.1822066433163,True,True,True,
xgj4xftb,bright_max_d,legacy_matched,319.01815510997335,True,True,True,
71vgq3fw,bright_max_d,legacy_matched,281.3603893477345,True,True,True,
0grcilhi,bright_max_d,legacy_matched,269.4795306400284,True,True,True,
i9jiqjwl,bright_max_d,legacy_matched,325.7675798075613,True,True,True,
kbdh4tri,bright_max_d,legacy_matched,238.6888700143339,True,True,True,
ptg8lmto,bright_max_d,legacy_matched,293.5304413382511,True,True,True,
fzrt2k6r,bright_max_d,legacy_matched,328.534720670874,True,True,True,
mgxahqnk,bright_max_d,legacy_matched,345.31721115899643,True,True,True,
tuy3zymq,bright_max_d,legacy_matched,257.5128384545065,True,True,True,
r17byphk,bright_max_d,legacy_matched,272.98614857498603,True,True,True,
4ih2ggld,bright_max_d,legacy_matched,370.8695839498103,True,True,True,
iv6g2oq0,bright_max_d,legacy_matched,237.20129738651693,True,True,True,
uhdslk0o,bright_max_d,legacy_matched,281.3377619489808,True,True,True,
ffwubibz,bright_max_d,legacy_matched,221.5534493719969,True,True,True,
hzumfsms,bright_max_d,legacy_matched,284.1634246821783,True,True,True,
ufdvpb81,bright_max_d,legacy_matched,246.3487155644551,True,True,True,
9luzk4jm,bright_max_d,legacy_matched,307.2984824472337,True,True,True,
utfgcjfa,bright_max_d,legacy_matched,262.1387766610593,True,True,True,
vc2whyaq,bright_max_d,legacy_matched,247.6631620327733,True,True,True,
b3esycq1,bright_max_d,legacy_matched,278.4788577086765,True,True,True,
hawkfj64,bright_max_d,legacy_matched,259.66453999534724,True,True,True,
epqdaau9,bright_max_d,legacy_matched,263.02612779480637,True,True,True,
x7u69zsw,bright_max_d,legacy_matched,338.31246266562215,True,True,True,
avn74qx1,bright_max_d,legacy_matched,278.50171738460904,True,True,True,
x77cy643,bright_max_d,legacy_matched,250.77195687320068,True,True,True,
pl8uabbv,bright_max_d,legacy_matched,272.6874816563427,True,True,True,
cfe5vt7s,bright_max_d,legacy_matched,265.59131013245286,True,True,True,
rxax5ozo,bright_max_d,legacy_matched,260.2522830288559,True,True,True,
3806gxp0,bright_max_d,legacy_matched,265.86682110695443,True,True,True,
5n1q8atc,etd_crack_density_graphite,legacy_matched,0.0117457267321271,True,True,True,
f1vzngrs,etd_crack_density_graphite,legacy_matched,0.0232673785186722,True,True,True,
xgj4xftb,etd_crack_density_graphite,legacy_matched,0.0464428891881288,True,True,True,
71vgq3fw,etd_crack_density_graphite,legacy_matched,0.0376006676280596,True,True,True,
0grcilhi,etd_crack_density_graphite,legacy_matched,0.0125092625461613,True,True,True,
i9jiqjwl,etd_crack_density_graphite,legacy_matched,0.0242570019195997,True,True,True,
kbdh4tri,etd_crack_density_graphite,legacy_matched,0.0445662426385162,True,True,True,
ptg8lmto,etd_crack_density_graphite,legacy_matched,0.0470454869571285,True,True,True,
fzrt2k6r,etd_crack_density_graphite,legacy_matched,0.0268390613327543,True,True,True,
mgxahqnk,etd_crack_density_graphite,legacy_matched,0.0238703190588889,True,True,True,
tuy3zymq,etd_crack_density_graphite,legacy_matched,0.0477596515695439,True,True,True,
r17byphk,etd_crack_density_graphite,legacy_matched,0.024565265539672,True,True,True,
4ih2ggld,etd_crack_density_graphite,legacy_matched,0.0129993473112275,True,True,True,
iv6g2oq0,etd_crack_density_graphite,legacy_matched,0.0211852776190829,True,True,True,
uhdslk0o,etd_crack_density_graphite,legacy_matched,0.0233674607417216,True,True,True,
ffwubibz,etd_crack_density_graphite,legacy_matched,0.0179979619582781,True,True,True,
hzumfsms,etd_crack_density_graphite,legacy_matched,0.0303434389747535,True,True,True,
ufdvpb81,etd_crack_density_graphite,legacy_matched,0.0303314492780589,True,True,True,
9luzk4jm,etd_crack_density_graphite,legacy_matched,0.0319767794521079,True,True,True,
utfgcjfa,etd_crack_density_graphite,legacy_matched,0.0273086867199139,True,True,True,
vc2whyaq,etd_crack_density_graphite,legacy_matched,0.0347109645870154,True,True,True,
b3esycq1,etd_crack_density_graphite,legacy_matched,0.0237144738737424,True,True,True,
hawkfj64,etd_crack_density_graphite,legacy_matched,0.02855111212996,True,True,True,
epqdaau9,etd_crack_density_graphite,legacy_matched,0.0312887501759813,True,True,True,
x7u69zsw,etd_crack_density_graphite,legacy_matched,0.037554222178688,True,True,True,
avn74qx1,etd_crack_density_graphite,legacy_matched,0.0302759381680508,True,True,True,
x77cy643,etd_crack_density_graphite,legacy_matched,0.031452492076904,True,True,True,
pl8uabbv,etd_crack_density_graphite,legacy_matched,0.0260470344968604,True,True,True,
cfe5vt7s,etd_crack_density_graphite,legacy_matched,0.0260802945006603,True,True,True,
rxax5ozo,etd_crack_density_graphite,legacy_matched,0.0292811823213962,True,True,True,
3806gxp0,etd_crack_density_graphite,legacy_matched,0.0244437503669957,True,True,True,
5n1q8atc,crack_g_0.05,legacy_matched,0.3038001152321644,True,True,True,
f1vzngrs,crack_g_0.05,legacy_matched,0.3649576247061976,True,True,True,
xgj4xftb,crack_g_0.05,legacy_matched,0.3646537175205926,True,True,True,
71vgq3fw,crack_g_0.05,legacy_matched,0.3348002641195087,True,True,True,
0grcilhi,crack_g_0.05,legacy_matched,0.2784481676404887,True,True,True,
i9jiqjwl,crack_g_0.05,legacy_matched,0.3332265219527009,True,True,True,
kbdh4tri,crack_g_0.05,legacy_matched,0.3552883892572555,True,True,True,
ptg8lmto,crack_g_0.05,legacy_matched,0.3735074203424493,True,True,True,
fzrt2k6r,crack_g_0.05,legacy_matched,0.3501977101333763,True,True,True,
mgxahqnk,crack_g_0.05,legacy_matched,0.3436108821456152,True,True,True,
tuy3zymq,crack_g_0.05,legacy_matched,0.3592001502856974,True,True,True,
r17byphk,crack_g_0.05,legacy_matched,0.278833899232928,True,True,True,
4ih2ggld,crack_g_0.05,legacy_matched,0.3115611426632215,True,True,True,
iv6g2oq0,crack_g_0.05,legacy_matched,0.3463445782808451,True,True,True,
uhdslk0o,crack_g_0.05,legacy_matched,0.3462008406576559,True,True,True,
ffwubibz,crack_g_0.05,legacy_matched,0.3204710727715336,True,True,True,
hzumfsms,crack_g_0.05,legacy_matched,0.2744262725737099,True,True,True,
ufdvpb81,crack_g_0.05,legacy_matched,0.3039506140235574,True,True,True,
9luzk4jm,crack_g_0.05,legacy_matched,0.2770161988211392,True,True,True,
utfgcjfa,crack_g_0.05,legacy_matched,0.3268601638688617,True,True,True,
vc2whyaq,crack_g_0.05,legacy_matched,0.3613049128450324,True,True,True,
b3esycq1,crack_g_0.05,legacy_matched,0.3481768289862967,True,True,True,
hawkfj64,crack_g_0.05,legacy_matched,0.3685440941731889,True,True,True,
epqdaau9,crack_g_0.05,legacy_matched,0.329000627133488,True,True,True,
x7u69zsw,crack_g_0.05,legacy_matched,0.3122836717242779,True,True,True,
avn74qx1,crack_g_0.05,legacy_matched,0.3785453088500939,True,True,True,
x77cy643,crack_g_0.05,legacy_matched,0.3430777813416037,True,True,True,
pl8uabbv,crack_g_0.05,legacy_matched,0.3395001698386944,True,True,True,
cfe5vt7s,crack_g_0.05,legacy_matched,0.2896719539612793,True,True,True,
rxax5ozo,crack_g_0.05,legacy_matched,0.3359966871761469,True,True,True,
3806gxp0,crack_g_0.05,legacy_matched,0.3347174890912391,True,True,True,
5n1q8atc,crack_g_0.1,legacy_matched,0.1394888279554943,True,True,True,
f1vzngrs,crack_g_0.1,legacy_matched,0.1692564793296158,True,True,True,
xgj4xftb,crack_g_0.1,legacy_matched,0.2087788470821057,True,True,True,
71vgq3fw,crack_g_0.1,legacy_matched,0.1855483107553702,True,True,True,
0grcilhi,crack_g_0.1,legacy_matched,0.1373435693411533,True,True,True,
i9jiqjwl,crack_g_0.1,legacy_matched,0.1581811292624631,True,True,True,
kbdh4tri,crack_g_0.1,legacy_matched,0.2016890668595825,True,True,True,
ptg8lmto,crack_g_0.1,legacy_matched,0.1927536434169683,True,True,True,
fzrt2k6r,crack_g_0.1,legacy_matched,0.1788718452675978,True,True,True,
mgxahqnk,crack_g_0.1,legacy_matched,0.1716543131877091,True,True,True,
tuy3zymq,crack_g_0.1,legacy_matched,0.2079483706791105,True,True,True,
r17byphk,crack_g_0.1,legacy_matched,0.1505993585561307,True,True,True,
4ih2ggld,crack_g_0.1,legacy_matched,0.150739122901206,True,True,True,
iv6g2oq0,crack_g_0.1,legacy_matched,0.156394100802804,True,True,True,
uhdslk0o,crack_g_0.1,legacy_matched,0.1634419748128329,True,True,True,
ffwubibz,crack_g_0.1,legacy_matched,0.1382746488366948,True,True,True,
hzumfsms,crack_g_0.1,legacy_matched,0.1623782515707928,True,True,True,
ufdvpb81,crack_g_0.1,legacy_matched,0.1579362302208708,True,True,True,
9luzk4jm,crack_g_0.1,legacy_matched,0.1646395562126349,True,True,True,
utfgcjfa,crack_g_0.1,legacy_matched,0.1743638545147254,True,True,True,
vc2whyaq,crack_g_0.1,legacy_matched,0.1912382397122281,True,True,True,
b3esycq1,crack_g_0.1,legacy_matched,0.1731689664486888,True,True,True,
hawkfj64,crack_g_0.1,legacy_matched,0.1836176700363124,True,True,True,
epqdaau9,crack_g_0.1,legacy_matched,0.1624675234443707,True,True,True,
x7u69zsw,crack_g_0.1,legacy_matched,0.1817793870191564,True,True,True,
avn74qx1,crack_g_0.1,legacy_matched,0.1868711492131169,True,True,True,
x77cy643,crack_g_0.1,legacy_matched,0.1908079351498184,True,True,True,
pl8uabbv,crack_g_0.1,legacy_matched,0.163900543257431,True,True,True,
cfe5vt7s,crack_g_0.1,legacy_matched,0.154567902542884,True,True,True,
rxax5ozo,crack_g_0.1,legacy_matched,0.1743316169037552,True,True,True,
3806gxp0,crack_g_0.1,legacy_matched,0.1684267776069176,True,True,True,
5n1q8atc,crack_g_0.2,legacy_matched,0.0526926899680193,True,True,True,
f1vzngrs,crack_g_0.2,legacy_matched,0.0689274096699521,True,True,True,
xgj4xftb,crack_g_0.2,legacy_matched,0.1160132276596705,True,True,True,
71vgq3fw,crack_g_0.2,legacy_matched,0.0981006254420417,True,True,True,
0grcilhi,crack_g_0.2,legacy_matched,0.056491989255933,True,True,True,
i9jiqjwl,crack_g_0.2,legacy_matched,0.0694838941059608,True,True,True,
kbdh4tri,crack_g_0.2,legacy_matched,0.1107556596248038,True,True,True,
ptg8lmto,crack_g_0.2,legacy_matched,0.1045678723901361,True,True,True,
fzrt2k6r,crack_g_0.2,legacy_matched,0.0828045747815666,True,True,True,
mgxahqnk,crack_g_0.2,legacy_matched,0.0794098168325769,True,True,True,
tuy3zymq,crack_g_0.2,legacy_matched,0.1163126036200676,True,True,True,
r17byphk,crack_g_0.2,legacy_matched,0.0739447596823973,True,True,True,
4ih2ggld,crack_g_0.2,legacy_matched,0.0585720839535522,True,True,True,
iv6g2oq0,crack_g_0.2,legacy_matched,0.0646575028462731,True,True,True,
uhdslk0o,crack_g_0.2,legacy_matched,0.0705672675369924,True,True,True,
ffwubibz,crack_g_0.2,legacy_matched,0.056080496369161,True,True,True,
hzumfsms,crack_g_0.2,legacy_matched,0.0856995336265724,True,True,True,
ufdvpb81,crack_g_0.2,legacy_matched,0.0800629458925814,True,True,True,
9luzk4jm,crack_g_0.2,legacy_matched,0.0883199293459975,True,True,True,
utfgcjfa,crack_g_0.2,legacy_matched,0.0833396356823721,True,True,True,
vc2whyaq,crack_g_0.2,legacy_matched,0.0947072162283294,True,True,True,
b3esycq1,crack_g_0.2,legacy_matched,0.077579656122111,True,True,True,
hawkfj64,crack_g_0.2,legacy_matched,0.0851739493689396,True,True,True,
epqdaau9,crack_g_0.2,legacy_matched,0.0784865787948432,True,True,True,
x7u69zsw,crack_g_0.2,legacy_matched,0.0985139013153254,True,True,True,
avn74qx1,crack_g_0.2,legacy_matched,0.0827407918141401,True,True,True,
x77cy643,crack_g_0.2,legacy_matched,0.0926823792892151,True,True,True,
pl8uabbv,crack_g_0.2,legacy_matched,0.0763652907483597,True,True,True,
cfe5vt7s,crack_g_0.2,legacy_matched,0.076158691316759,True,True,True,
rxax5ozo,crack_g_0.2,legacy_matched,0.0838391090445472,True,True,True,
3806gxp0,crack_g_0.2,legacy_matched,0.0760662914257636,True,True,True,
5n1q8atc,crack_g_0.3,legacy_matched,0.0241312691288434,True,True,True,
f1vzngrs,crack_g_0.3,legacy_matched,0.0377760380849104,True,True,True,
xgj4xftb,crack_g_0.3,legacy_matched,0.0721300148951074,True,True,True,
71vgq3fw,crack_g_0.3,legacy_matched,0.0592939395784485,True,True,True,
0grcilhi,crack_g_0.3,legacy_matched,0.0263086046283049,True,True,True,
i9jiqjwl,crack_g_0.3,legacy_matched,0.0390459133527877,True,True,True,
kbdh4tri,crack_g_0.3,legacy_matched,0.0687342103547619,True,True,True,
ptg8lmto,crack_g_0.3,legacy_matched,0.0685124420830969,True,True,True,
fzrt2k6r,crack_g_0.3,legacy_matched,0.0455206097042465,True,True,True,
mgxahqnk,crack_g_0.3,legacy_matched,0.0428278094918969,True,True,True,
tuy3zymq,crack_g_0.3,legacy_matched,0.0729233238436597,True,True,True,
r17byphk,crack_g_0.3,legacy_matched,0.0413648126016076,True,True,True,
4ih2ggld,crack_g_0.3,legacy_matched,0.0271639056824323,True,True,True,
iv6g2oq0,crack_g_0.3,legacy_matched,0.0350467888132546,True,True,True,
uhdslk0o,crack_g_0.3,legacy_matched,0.0389143630892133,True,True,True,
ffwubibz,crack_g_0.3,legacy_matched,0.0301867847878911,True,True,True,
hzumfsms,crack_g_0.3,legacy_matched,0.0499024258516016,True,True,True,
ufdvpb81,crack_g_0.3,legacy_matched,0.0475846499412495,True,True,True,
9luzk4jm,crack_g_0.3,legacy_matched,0.052037166140428,True,True,True,
utfgcjfa,crack_g_0.3,legacy_matched,0.0461097375721326,True,True,True,
vc2whyaq,crack_g_0.3,legacy_matched,0.055190360527194,True,True,True,
b3esycq1,crack_g_0.3,legacy_matched,0.0415398260727147,True,True,True,
hawkfj64,crack_g_0.3,legacy_matched,0.048119912631435,True,True,True,
epqdaau9,crack_g_0.3,legacy_matched,0.0475862674221522,True,True,True,
x7u69zsw,crack_g_0.3,legacy_matched,0.0595674105584523,True,True,True,
avn74qx1,crack_g_0.3,legacy_matched,0.0476142735564536,True,True,True,
x77cy643,crack_g_0.3,legacy_matched,0.0520759878782529,True,True,True,
pl8uabbv,crack_g_0.3,legacy_matched,0.0431591319291221,True,True,True,
cfe5vt7s,crack_g_0.3,legacy_matched,0.0430739197149612,True,True,True,
rxax5ozo,crack_g_0.3,legacy_matched,0.0475973842839922,True,True,True,
3806gxp0,crack_g_0.3,legacy_matched,0.041392855741465,True,True,True,
5n1q8atc,ridge_p97,legacy_matched,0.2967417734520068,True,True,True,
f1vzngrs,ridge_p97,legacy_matched,0.3979530218285597,True,True,True,
xgj4xftb,ridge_p97,legacy_matched,0.5415726021889826,True,True,True,
71vgq3fw,ridge_p97,legacy_matched,0.5025307000723819,True,True,True,
0grcilhi,ridge_p97,legacy_matched,0.3216869487560965,True,True,True,
i9jiqjwl,ridge_p97,legacy_matched,0.4086979467407185,True,True,True,
kbdh4tri,ridge_p97,legacy_matched,0.5374656961777934,True,True,True,
ptg8lmto,ridge_p97,legacy_matched,0.5812318261372064,True,True,True,
fzrt2k6r,ridge_p97,legacy_matched,0.4252036717747732,True,True,True,
mgxahqnk,ridge_p97,legacy_matched,0.3893755280963172,True,True,True,
tuy3zymq,ridge_p97,legacy_matched,0.5562891536872436,True,True,True,
r17byphk,ridge_p97,legacy_matched,0.3953460486791763,True,True,True,
4ih2ggld,ridge_p97,legacy_matched,0.318525914629316,True,True,True,
iv6g2oq0,ridge_p97,legacy_matched,0.369591842201037,True,True,True,
uhdslk0o,ridge_p97,legacy_matched,0.3941787220803945,True,True,True,
ffwubibz,ridge_p97,legacy_matched,0.3447072239933239,True,True,True,
hzumfsms,ridge_p97,legacy_matched,0.4384589235775445,True,True,True,
ufdvpb81,ridge_p97,legacy_matched,0.4943565329405051,True,True,True,
9luzk4jm,ridge_p97,legacy_matched,0.4601769291050293,True,True,True,
utfgcjfa,ridge_p97,legacy_matched,0.4218908014403728,True,True,True,
vc2whyaq,ridge_p97,legacy_matched,0.4756951975547947,True,True,True,
b3esycq1,ridge_p97,legacy_matched,0.3880011973799651,True,True,True,
hawkfj64,ridge_p97,legacy_matched,0.433303401906732,True,True,True,
epqdaau9,ridge_p97,legacy_matched,0.4682966403529123,True,True,True,
x7u69zsw,ridge_p97,legacy_matched,0.4855069403018637,True,True,True,
avn74qx1,ridge_p97,legacy_matched,0.4474312096409562,True,True,True,
x77cy643,ridge_p97,legacy_matched,0.4472296949923194,True,True,True,
pl8uabbv,ridge_p97,legacy_matched,0.410199262119528,True,True,True,
cfe5vt7s,ridge_p97,legacy_matched,0.4069812989892263,True,True,True,
rxax5ozo,ridge_p97,legacy_matched,0.4411629891346677,True,True,True,
3806gxp0,ridge_p97,legacy_matched,0.4166935343854598,True,True,True,
5n1q8atc,inlens_particle_texture,legacy_matched,0.3345396883630981,True,True,True,
f1vzngrs,inlens_particle_texture,legacy_matched,0.3629096349761982,True,True,True,
xgj4xftb,inlens_particle_texture,legacy_matched,0.135457824163609,True,True,True,
71vgq3fw,inlens_particle_texture,legacy_matched,0.1642938056003224,True,True,True,
0grcilhi,inlens_particle_texture,legacy_matched,0.1208430407547854,True,True,True,
i9jiqjwl,inlens_particle_texture,legacy_matched,0.3987206352462449,True,True,True,
kbdh4tri,inlens_particle_texture,legacy_matched,0.1226505888292309,True,True,True,
ptg8lmto,inlens_particle_texture,legacy_matched,0.2055208232605771,True,True,True,
fzrt2k6r,inlens_particle_texture,legacy_matched,0.3310705414446466,True,True,True,
mgxahqnk,inlens_particle_texture,legacy_matched,0.1391112564236337,True,True,True,
tuy3zymq,inlens_particle_texture,legacy_matched,0.1323842027492285,True,True,True,
r17byphk,inlens_particle_texture,legacy_matched,0.2368045246698889,True,True,True,
4ih2ggld,inlens_particle_texture,legacy_matched,0.303711976611634,True,True,True,
iv6g2oq0,inlens_particle_texture,legacy_matched,0.3012958041843755,True,True,True,
uhdslk0o,inlens_particle_texture,legacy_matched,0.3198812279398287,True,True,True,
ffwubibz,inlens_particle_texture,legacy_matched,0.2850868816682735,True,True,True,
hzumfsms,inlens_particle_texture,legacy_matched,0.2370083013084796,True,True,True,
ufdvpb81,inlens_particle_texture,legacy_matched,0.2656048100237461,True,True,True,
9luzk4jm,inlens_particle_texture,legacy_matched,0.274073114688542,True,True,True,
utfgcjfa,inlens_particle_texture,legacy_matched,0.1833578596195772,True,True,True,
vc2whyaq,inlens_particle_texture,legacy_matched,0.1836620465463787,True,True,True,
b3esycq1,inlens_particle_texture,legacy_matched,0.305344444459005,True,True,True,
hawkfj64,inlens_particle_texture,legacy_matched,0.1208779750375263,True,True,True,
epqdaau9,inlens_particle_texture,legacy_matched,0.3069440337908498,True,True,True,
x7u69zsw,inlens_particle_texture,legacy_matched,0.1328653438993309,True,True,True,
avn74qx1,inlens_particle_texture,legacy_matched,0.2265666716194677,True,True,True,
x77cy643,inlens_particle_texture,legacy_matched,0.17667829973157,True,True,True,
pl8uabbv,inlens_particle_texture,legacy_matched,0.3409451605670173,True,True,True,
cfe5vt7s,inlens_particle_texture,legacy_matched,0.2754587862060486,True,True,True,
rxax5ozo,inlens_particle_texture,legacy_matched,0.1786664604841163,True,True,True,
3806gxp0,inlens_particle_texture,legacy_matched,0.2349238189683304,True,True,True,
5n1q8atc,inlens_particle_texture_p90,legacy_matched,0.6301535364050422,True,True,True,
f1vzngrs,inlens_particle_texture_p90,legacy_matched,0.5583095487955098,True,True,True,
xgj4xftb,inlens_particle_texture_p90,legacy_matched,0.2289308244558123,True,True,True,
71vgq3fw,inlens_particle_texture_p90,legacy_matched,0.259465467330793,True,True,True,
0grcilhi,inlens_particle_texture_p90,legacy_matched,0.1729650957576092,True,True,True,
i9jiqjwl,inlens_particle_texture_p90,legacy_matched,0.600391786585151,True,True,True,
kbdh4tri,inlens_particle_texture_p90,legacy_matched,0.2136648330926885,True,True,True,
ptg8lmto,inlens_particle_texture_p90,legacy_matched,0.5611135035305606,True,True,True,
fzrt2k6r,inlens_particle_texture_p90,legacy_matched,0.5094188913626728,True,True,True,
mgxahqnk,inlens_particle_texture_p90,legacy_matched,0.1912482976167611,True,True,True,
tuy3zymq,inlens_particle_texture_p90,legacy_matched,0.2635307532980413,True,True,True,
r17byphk,inlens_particle_texture_p90,legacy_matched,0.4273646707495113,True,True,True,
4ih2ggld,inlens_particle_texture_p90,legacy_matched,0.6376699036840816,True,True,True,
iv6g2oq0,inlens_particle_texture_p90,legacy_matched,0.4661837332990377,True,True,True,
uhdslk0o,inlens_particle_texture_p90,legacy_matched,0.4778633601766738,True,True,True,
ffwubibz,inlens_particle_texture_p90,legacy_matched,0.430174978999128,True,True,True,
hzumfsms,inlens_particle_texture_p90,legacy_matched,0.3782870784194142,True,True,True,
ufdvpb81,inlens_particle_texture_p90,legacy_matched,0.4218620977994548,True,True,True,
9luzk4jm,inlens_particle_texture_p90,legacy_matched,0.3826975458459766,True,True,True,
utfgcjfa,inlens_particle_texture_p90,legacy_matched,0.2799867826933117,True,True,True,
vc2whyaq,inlens_particle_texture_p90,legacy_matched,0.2907780626914933,True,True,True,
b3esycq1,inlens_particle_texture_p90,legacy_matched,0.446878023250168,True,True,True,
hawkfj64,inlens_particle_texture_p90,legacy_matched,0.2245267090081627,True,True,True,
epqdaau9,inlens_particle_texture_p90,legacy_matched,0.4484424617293027,True,True,True,
x7u69zsw,inlens_particle_texture_p90,legacy_matched,0.3568084710724375,True,True,True,
avn74qx1,inlens_particle_texture_p90,legacy_matched,0.312899905553756,True,True,True,
x77cy643,inlens_particle_texture_p90,legacy_matched,0.2602547359070872,True,True,True,
pl8uabbv,inlens_particle_texture_p90,legacy_matched,0.5047508716179325,True,True,True,
cfe5vt7s,inlens_particle_texture_p90,legacy_matched,0.4925731423280021,True,True,True,
rxax5ozo,inlens_particle_texture_p90,legacy_matched,0.3103325233428283,True,True,True,
3806gxp0,inlens_particle_texture_p90,legacy_matched,0.3240228133580439,True,True,True,
5n1q8atc,inlens_speckled_particle_frac,legacy_matched,0.1481481481481481,True,True,True,
f1vzngrs,inlens_speckled_particle_frac,legacy_matched,0.1666666666666666,True,True,True,
xgj4xftb,inlens_speckled_particle_frac,legacy_matched,0.0,True,True,True,
71vgq3fw,inlens_speckled_particle_frac,legacy_matched,0.0,True,True,True,
0grcilhi,inlens_speckled_particle_frac,legacy_matched,0.0,True,True,True,
i9jiqjwl,inlens_speckled_particle_frac,legacy_matched,0.2022471910112359,True,True,True,
kbdh4tri,inlens_speckled_particle_frac,legacy_matched,0.0,True,True,True,
ptg8lmto,inlens_speckled_particle_frac,legacy_matched,0.1111111111111111,True,True,True,
fzrt2k6r,inlens_speckled_particle_frac,legacy_matched,0.1168831168831168,True,True,True,
mgxahqnk,inlens_speckled_particle_frac,legacy_matched,0.0,True,True,True,
tuy3zymq,inlens_speckled_particle_frac,legacy_matched,0.0,True,True,True,
r17byphk,inlens_speckled_particle_frac,legacy_matched,0.037037037037037,True,True,True,
4ih2ggld,inlens_speckled_particle_frac,legacy_matched,0.1739130434782608,True,True,True,
iv6g2oq0,inlens_speckled_particle_frac,legacy_matched,0.0377358490566037,True,True,True,
uhdslk0o,inlens_speckled_particle_frac,legacy_matched,0.0714285714285714,True,True,True,
ffwubibz,inlens_speckled_particle_frac,legacy_matched,0.0555555555555555,True,True,True,
hzumfsms,inlens_speckled_particle_frac,legacy_matched,0.0298507462686567,True,True,True,
ufdvpb81,inlens_speckled_particle_frac,legacy_matched,0.0394736842105263,True,True,True,
9luzk4jm,inlens_speckled_particle_frac,legacy_matched,0.0526315789473684,True,True,True,
utfgcjfa,inlens_speckled_particle_frac,legacy_matched,0.0,True,True,True,
vc2whyaq,inlens_speckled_particle_frac,legacy_matched,0.025,True,True,True,
b3esycq1,inlens_speckled_particle_frac,legacy_matched,0.0581395348837209,True,True,True,
hawkfj64,inlens_speckled_particle_frac,legacy_matched,0.0,True,True,True,
epqdaau9,inlens_speckled_particle_frac,legacy_matched,0.0684931506849315,True,True,True,
x7u69zsw,inlens_speckled_particle_frac,legacy_matched,0.0202020202020202,True,True,True,
avn74qx1,inlens_speckled_particle_frac,legacy_matched,0.0327868852459016,True,True,True,
x77cy643,inlens_speckled_particle_frac,legacy_matched,0.0,True,True,True,
pl8uabbv,inlens_speckled_particle_frac,legacy_matched,0.1287128712871287,True,True,True,
cfe5vt7s,inlens_speckled_particle_frac,legacy_matched,0.0933333333333333,True,True,True,
rxax5ozo,inlens_speckled_particle_frac,legacy_matched,0.0,True,True,True,
3806gxp0,inlens_speckled_particle_frac,legacy_matched,0.0,True,True,True,
5n1q8atc,inlens_grad_energy,legacy_matched,0.1708405534687901,True,True,True,
f1vzngrs,inlens_grad_energy,legacy_matched,0.172606174408251,True,True,True,
xgj4xftb,inlens_grad_energy,legacy_matched,0.0571513209593118,True,True,True,
71vgq3fw,inlens_grad_energy,legacy_matched,0.067224546782363,True,True,True,
0grcilhi,inlens_grad_energy,legacy_matched,0.0754369783894067,True,True,True,
i9jiqjwl,inlens_grad_energy,legacy_matched,0.2069580772507437,True,True,True,
kbdh4tri,inlens_grad_energy,legacy_matched,0.0602402107941385,True,True,True,
ptg8lmto,inlens_grad_energy,legacy_matched,0.0834486721782708,True,True,True,
fzrt2k6r,inlens_grad_energy,legacy_matched,0.1816785046062025,True,True,True,
mgxahqnk,inlens_grad_energy,legacy_matched,0.0702651312398544,True,True,True,
tuy3zymq,inlens_grad_energy,legacy_matched,0.0590909080165289,True,True,True,
r17byphk,inlens_grad_energy,legacy_matched,0.1218530205214136,True,True,True,
4ih2ggld,inlens_grad_energy,legacy_matched,0.1511314356904587,True,True,True,
iv6g2oq0,inlens_grad_energy,legacy_matched,0.1451845082296506,True,True,True,
uhdslk0o,inlens_grad_energy,legacy_matched,0.1606545853265776,True,True,True,
ffwubibz,inlens_grad_energy,legacy_matched,0.1548548795584244,True,True,True,
hzumfsms,inlens_grad_energy,legacy_matched,0.1264300154974099,True,True,True,
ufdvpb81,inlens_grad_energy,legacy_matched,0.1262674044777089,True,True,True,
9luzk4jm,inlens_grad_energy,legacy_matched,0.1437472230179229,True,True,True,
utfgcjfa,inlens_grad_energy,legacy_matched,0.0667806619351275,True,True,True,
vc2whyaq,inlens_grad_energy,legacy_matched,0.0807938510094065,True,True,True,
b3esycq1,inlens_grad_energy,legacy_matched,0.1712181260209483,True,True,True,
hawkfj64,inlens_grad_energy,legacy_matched,0.0680590793820107,True,True,True,
epqdaau9,inlens_grad_energy,legacy_matched,0.1500688519916497,True,True,True,
x7u69zsw,inlens_grad_energy,legacy_matched,0.0587185098352315,True,True,True,
avn74qx1,inlens_grad_energy,legacy_matched,0.110070332683318,True,True,True,
x77cy643,inlens_grad_energy,legacy_matched,0.0671911430441171,True,True,True,
pl8uabbv,inlens_grad_energy,legacy_matched,0.1777777738271606,True,True,True,
cfe5vt7s,inlens_grad_energy,legacy_matched,0.1289950957180925,True,True,True,
rxax5ozo,inlens_grad_energy,legacy_matched,0.0703943306338092,True,True,True,
3806gxp0,inlens_grad_energy,legacy_matched,0.1101094063146198,True,True,True,
5n1q8atc,pore_frac,direct_mask_gate,0.0654290648902047,True,True,True,
f1vzngrs,pore_frac,direct_mask_gate,0.0618012769353551,True,True,True,
xgj4xftb,pore_frac,direct_mask_gate,0.0860149769585253,True,True,True,
71vgq3fw,pore_frac,direct_mask_gate,0.0766396671289875,True,False,False,raised_black_level
0grcilhi,pore_frac,direct_mask_gate,0.1284741146458583,True,True,True,
i9jiqjwl,pore_frac,direct_mask_gate,0.0754373113682092,True,True,True,
kbdh4tri,pore_frac,direct_mask_gate,0.0731418169209431,True,False,False,raised_black_level
ptg8lmto,pore_frac,direct_mask_gate,0.0821685572492024,True,True,True,
fzrt2k6r,pore_frac,direct_mask_gate,0.0960214683275907,True,True,True,
mgxahqnk,pore_frac,direct_mask_gate,0.0962781362545018,True,True,True,
tuy3zymq,pore_frac,direct_mask_gate,0.0807240638002774,True,False,False,raised_black_level
r17byphk,pore_frac,direct_mask_gate,0.080769162087912,True,True,True,
4ih2ggld,pore_frac,direct_mask_gate,0.1020884374095831,True,True,True,
iv6g2oq0,pore_frac,direct_mask_gate,0.106334592535193,True,True,True,
uhdslk0o,pore_frac,direct_mask_gate,0.0920687689969604,True,True,True,
ffwubibz,pore_frac,direct_mask_gate,0.0825026098901099,True,True,True,
hzumfsms,pore_frac,direct_mask_gate,0.1412980979748221,True,True,True,
ufdvpb81,pore_frac,direct_mask_gate,0.1197936507936508,True,True,True,
9luzk4jm,pore_frac,direct_mask_gate,0.1201370415982484,True,True,True,
utfgcjfa,pore_frac,direct_mask_gate,0.097581320301294,True,True,True,
vc2whyaq,pore_frac,direct_mask_gate,0.082796214423874,True,True,True,
b3esycq1,pore_frac,direct_mask_gate,0.0941631327855817,True,True,True,
hawkfj64,pore_frac,direct_mask_gate,0.0930740546218487,True,True,True,
epqdaau9,pore_frac,direct_mask_gate,0.0713448529904226,True,True,True,
x7u69zsw,pore_frac,direct_mask_gate,0.0630660887656033,True,False,False,raised_black_level
avn74qx1,pore_frac,direct_mask_gate,0.0748934151785714,True,True,True,
x77cy643,pore_frac,direct_mask_gate,0.0947570344148023,True,True,True,
pl8uabbv,pore_frac,direct_mask_gate,0.1044060613682092,True,True,True,
cfe5vt7s,pore_frac,direct_mask_gate,0.0798627747252747,True,True,True,
rxax5ozo,pore_frac,direct_mask_gate,0.0843286128764852,True,True,True,
3806gxp0,pore_frac,direct_mask_gate,0.0728838588169642,True,True,True,
5n1q8atc,pore_d50,direct_mask_gate,90.1786059563103,True,True,True,
f1vzngrs,pore_d50,direct_mask_gate,59.814739995303896,True,True,True,
xgj4xftb,pore_d50,direct_mask_gate,91.04278904024144,True,True,True,
71vgq3fw,pore_d50,direct_mask_gate,77.66167473992861,True,False,False,raised_black_level
0grcilhi,pore_d50,direct_mask_gate,177.97655293302367,True,True,True,
i9jiqjwl,pore_d50,direct_mask_gate,86.21584809165819,True,True,True,
kbdh4tri,pore_d50,direct_mask_gate,71.80074454093547,True,False,False,raised_black_level
ptg8lmto,pore_d50,direct_mask_gate,83.52292778395616,True,True,True,
fzrt2k6r,pore_d50,direct_mask_gate,113.344549963277,True,True,True,
mgxahqnk,pore_d50,direct_mask_gate,103.7924842558661,True,True,True,
tuy3zymq,pore_d50,direct_mask_gate,84.97376923611844,True,False,False,raised_black_level
r17byphk,pore_d50,direct_mask_gate,111.14391599642578,True,True,True,
4ih2ggld,pore_d50,direct_mask_gate,140.0645383574279,True,True,True,
iv6g2oq0,pore_d50,direct_mask_gate,122.66161461572,True,True,True,
uhdslk0o,pore_d50,direct_mask_gate,102.51497062499718,True,True,True,
ffwubibz,pore_d50,direct_mask_gate,108.25385337133471,True,True,True,
hzumfsms,pore_d50,direct_mask_gate,162.7097718444662,True,True,True,
ufdvpb81,pore_d50,direct_mask_gate,162.435658294436,True,True,True,
9luzk4jm,pore_d50,direct_mask_gate,130.15060085591847,True,True,True,
utfgcjfa,pore_d50,direct_mask_gate,112.55546841497691,True,True,True,
vc2whyaq,pore_d50,direct_mask_gate,106.72582146416472,True,True,True,
b3esycq1,pore_d50,direct_mask_gate,98.51855180379049,True,True,True,
hawkfj64,pore_d50,direct_mask_gate,100.9126844296188,True,True,True,
epqdaau9,pore_d50,direct_mask_gate,78.20082821404762,True,True,True,
x7u69zsw,pore_d50,direct_mask_gate,67.41062182742269,True,False,False,raised_black_level
avn74qx1,pore_d50,direct_mask_gate,105.68883822789226,True,True,True,
x77cy643,pore_d50,direct_mask_gate,105.121101634051,True,True,True,
pl8uabbv,pore_d50,direct_mask_gate,106.79141633199202,True,True,True,
cfe5vt7s,pore_d50,direct_mask_gate,85.23558436626594,True,True,True,
rxax5ozo,pore_d50,direct_mask_gate,96.73178078717828,True,True,True,
3806gxp0,pore_d50,direct_mask_gate,81.55613638284056,True,True,True,
5n1q8atc,pore_elong,direct_mask_gate,2.848614953424292,True,True,True,
f1vzngrs,pore_elong,direct_mask_gate,3.529312132263265,True,True,True,
xgj4xftb,pore_elong,direct_mask_gate,3.7984867618983857,True,True,True,
71vgq3fw,pore_elong,direct_mask_gate,3.203588589749033,True,False,False,raised_black_level
0grcilhi,pore_elong,direct_mask_gate,3.8392664643019887,True,True,True,
i9jiqjwl,pore_elong,direct_mask_gate,2.882301912119975,True,True,True,
kbdh4tri,pore_elong,direct_mask_gate,3.2972935540293573,True,False,False,raised_black_level
ptg8lmto,pore_elong,direct_mask_gate,3.804424084431489,True,True,True,
fzrt2k6r,pore_elong,direct_mask_gate,3.5807365705696697,True,True,True,
mgxahqnk,pore_elong,direct_mask_gate,3.3887800404934088,True,True,True,
tuy3zymq,pore_elong,direct_mask_gate,3.67959935691903,True,False,False,raised_black_level
r17byphk,pore_elong,direct_mask_gate,3.489662574598563,True,True,True,
4ih2ggld,pore_elong,direct_mask_gate,3.068601528144511,True,True,True,
iv6g2oq0,pore_elong,direct_mask_gate,3.586526202720578,True,True,True,
uhdslk0o,pore_elong,direct_mask_gate,3.41838819779335,True,True,True,
ffwubibz,pore_elong,direct_mask_gate,3.2522864137267713,True,True,True,
hzumfsms,pore_elong,direct_mask_gate,3.905375599673969,True,True,True,
ufdvpb81,pore_elong,direct_mask_gate,4.047983432744437,True,True,True,
9luzk4jm,pore_elong,direct_mask_gate,3.302523473173465,True,True,True,
utfgcjfa,pore_elong,direct_mask_gate,3.3249345407091675,True,True,True,
vc2whyaq,pore_elong,direct_mask_gate,3.6808452065581103,True,True,True,
b3esycq1,pore_elong,direct_mask_gate,3.180131748887445,True,True,True,
hawkfj64,pore_elong,direct_mask_gate,3.4726318155175337,True,True,True,
epqdaau9,pore_elong,direct_mask_gate,3.433805375701753,True,True,True,
x7u69zsw,pore_elong,direct_mask_gate,3.152999595478895,True,False,False,raised_black_level
avn74qx1,pore_elong,direct_mask_gate,3.698612313308659,True,True,True,
x77cy643,pore_elong,direct_mask_gate,3.618455172706924,True,True,True,
pl8uabbv,pore_elong,direct_mask_gate,3.194286744490535,True,True,True,
cfe5vt7s,pore_elong,direct_mask_gate,3.1846934561541405,True,True,True,
rxax5ozo,pore_elong,direct_mask_gate,3.513999094250574,True,True,True,
3806gxp0,pore_elong,direct_mask_gate,3.408844918966383,True,True,True,
5n1q8atc,pore_max_d,direct_mask_gate,224.4595482156426,True,True,True,
f1vzngrs,pore_max_d,direct_mask_gate,193.959812405276,True,True,True,
xgj4xftb,pore_max_d,direct_mask_gate,341.2297706326789,True,True,True,
71vgq3fw,pore_max_d,direct_mask_gate,278.2410057451576,True,False,False,raised_black_level
0grcilhi,pore_max_d,direct_mask_gate,449.8356823620434,True,True,True,
i9jiqjwl,pore_max_d,direct_mask_gate,235.52871104085443,True,True,True,
kbdh4tri,pore_max_d,direct_mask_gate,203.9028300288694,True,False,False,raised_black_level
ptg8lmto,pore_max_d,direct_mask_gate,265.50020887971596,True,True,True,
fzrt2k6r,pore_max_d,direct_mask_gate,304.21278130459166,True,True,True,
mgxahqnk,pore_max_d,direct_mask_gate,274.89873309842915,True,True,True,
tuy3zymq,pore_max_d,direct_mask_gate,207.63096528501688,True,False,False,raised_black_level
r17byphk,pore_max_d,direct_mask_gate,253.5867434358392,True,True,True,
4ih2ggld,pore_max_d,direct_mask_gate,333.64742863648746,True,True,True,
iv6g2oq0,pore_max_d,direct_mask_gate,290.8417824075923,True,True,True,
uhdslk0o,pore_max_d,direct_mask_gate,282.6651749875914,True,True,True,
ffwubibz,pore_max_d,direct_mask_gate,200.96873288784028,True,True,True,
hzumfsms,pore_max_d,direct_mask_gate,599.372241621278,True,True,True,
ufdvpb81,pore_max_d,direct_mask_gate,456.91554461484446,True,True,True,
9luzk4jm,pore_max_d,direct_mask_gate,340.6995103244586,True,True,True,
utfgcjfa,pore_max_d,direct_mask_gate,418.72902692176126,True,True,True,
vc2whyaq,pore_max_d,direct_mask_gate,375.37733972137386,True,True,True,
b3esycq1,pore_max_d,direct_mask_gate,282.6111169110161,True,True,True,
hawkfj64,pore_max_d,direct_mask_gate,235.52600808620176,True,True,True,
epqdaau9,pore_max_d,direct_mask_gate,240.94264263969495,True,True,True,
x7u69zsw,pore_max_d,direct_mask_gate,231.86750478763133,True,False,False,raised_black_level
avn74qx1,pore_max_d,direct_mask_gate,263.25838049153225,True,True,True,
x77cy643,pore_max_d,direct_mask_gate,269.1675125531775,True,True,True,
pl8uabbv,pore_max_d,direct_mask_gate,355.08821280856176,True,True,True,
cfe5vt7s,pore_max_d,direct_mask_gate,206.5827753236779,True,True,True,
rxax5ozo,pore_max_d,direct_mask_gate,260.17644089318486,True,True,True,
3806gxp0,pore_max_d,direct_mask_gate,203.52782450666,True,True,True,
5n1q8atc,crack_frac,direct_mask_gate,0.0082204539847026,True,True,True,
f1vzngrs,crack_frac,direct_mask_gate,0.0013474328278797,True,True,True,
xgj4xftb,crack_frac,direct_mask_gate,0.0191075859624246,True,True,True,
71vgq3fw,crack_frac,direct_mask_gate,0.01070173370319,True,False,False,raised_black_level
0grcilhi,crack_frac,direct_mask_gate,0.062359618847539,True,True,True,
i9jiqjwl,crack_frac,direct_mask_gate,0.0027394994969818,True,True,True,
kbdh4tri,crack_frac,direct_mask_gate,0.0081428571428571,True,False,False,raised_black_level
ptg8lmto,crack_frac,direct_mask_gate,0.0163048564338886,True,True,True,
fzrt2k6r,crack_frac,direct_mask_gate,0.0236179432812085,True,True,True,
mgxahqnk,crack_frac,direct_mask_gate,0.0177163115246098,True,True,True,
tuy3zymq,crack_frac,direct_mask_gate,0.0101244105409153,True,False,False,raised_black_level
r17byphk,crack_frac,direct_mask_gate,0.0258304945054945,True,True,True,
4ih2ggld,crack_frac,direct_mask_gate,0.037349926580301,True,True,True,
iv6g2oq0,crack_frac,direct_mask_gate,0.0325890320289293,True,True,True,
uhdslk0o,crack_frac,direct_mask_gate,0.0217822948328267,True,True,True,
ffwubibz,crack_frac,direct_mask_gate,0.0154964972527472,True,True,True,
hzumfsms,crack_frac,direct_mask_gate,0.0606618089764641,True,True,True,
ufdvpb81,crack_frac,direct_mask_gate,0.0478168445539135,True,True,True,
9luzk4jm,crack_frac,direct_mask_gate,0.0361128899835796,True,True,True,
utfgcjfa,crack_frac,direct_mask_gate,0.0240316240393792,True,True,True,
vc2whyaq,crack_frac,direct_mask_gate,0.023861356728378,True,True,True,
b3esycq1,crack_frac,direct_mask_gate,0.0160510204081632,True,True,True,
hawkfj64,crack_frac,direct_mask_gate,0.0200887605042016,True,True,True,
epqdaau9,crack_frac,direct_mask_gate,0.0098826602370906,True,True,True,
x7u69zsw,crack_frac,direct_mask_gate,0.0056651178918169,True,False,False,raised_black_level
avn74qx1,crack_frac,direct_mask_gate,0.0180074637276785,True,True,True,
x77cy643,crack_frac,direct_mask_gate,0.0219409709665539,True,True,True,
pl8uabbv,crack_frac,direct_mask_gate,0.0201550553319919,True,True,True,
cfe5vt7s,crack_frac,direct_mask_gate,0.0055852335164835,True,True,True,
rxax5ozo,crack_frac,direct_mask_gate,0.0145303951367781,True,True,True,
3806gxp0,crack_frac,direct_mask_gate,0.0044563337053571,True,True,True,
5n1q8atc,crack_count_per_Mpx,direct_mask_gate,0.308413520848754,True,True,True,
f1vzngrs,crack_count_per_Mpx,direct_mask_gate,0.0665070497472732,True,True,True,
xgj4xftb,crack_count_per_Mpx,direct_mask_gate,0.3544842254519673,True,True,True,
71vgq3fw,crack_count_per_Mpx,direct_mask_gate,0.3467406380027739,True,False,False,raised_black_level
0grcilhi,crack_count_per_Mpx,direct_mask_gate,0.975390156062425,True,True,True,
i9jiqjwl,crack_count_per_Mpx,direct_mask_gate,0.0628772635814889,True,True,True,
kbdh4tri,crack_count_per_Mpx,direct_mask_gate,0.3467406380027739,True,False,False,raised_black_level
ptg8lmto,crack_count_per_Mpx,direct_mask_gate,0.6203473945409429,True,True,True,
fzrt2k6r,crack_count_per_Mpx,direct_mask_gate,0.5300821627352239,True,True,True,
mgxahqnk,crack_count_per_Mpx,direct_mask_gate,0.6002400960384154,True,True,True,
tuy3zymq,crack_count_per_Mpx,direct_mask_gate,0.4160887656033287,True,False,False,raised_black_level
r17byphk,crack_count_per_Mpx,direct_mask_gate,0.8928571428571428,True,True,True,
4ih2ggld,crack_count_per_Mpx,direct_mask_gate,0.8640516021491678,True,True,True,
iv6g2oq0,crack_count_per_Mpx,direct_mask_gate,0.9686168151879117,True,True,True,
uhdslk0o,crack_count_per_Mpx,direct_mask_gate,0.7598784194528875,True,True,True,
ffwubibz,crack_count_per_Mpx,direct_mask_gate,0.6181318681318682,True,True,True,
hzumfsms,crack_count_per_Mpx,direct_mask_gate,0.4105090311986863,True,True,True,
ufdvpb81,crack_count_per_Mpx,direct_mask_gate,1.0946907498631635,True,True,True,
9luzk4jm,crack_count_per_Mpx,direct_mask_gate,0.8210180623973727,True,True,True,
utfgcjfa,crack_count_per_Mpx,direct_mask_gate,0.552954824696732,True,True,True,
vc2whyaq,crack_count_per_Mpx,direct_mask_gate,0.5526388505111909,True,True,True,
b3esycq1,crack_count_per_Mpx,direct_mask_gate,0.5300821627352239,True,True,True,
hawkfj64,crack_count_per_Mpx,direct_mask_gate,0.6752701080432173,True,True,True,
epqdaau9,crack_count_per_Mpx,direct_mask_gate,0.2678990020762173,True,True,True,
x7u69zsw,crack_count_per_Mpx,direct_mask_gate,0.2080443828016643,True,False,False,raised_black_level
avn74qx1,crack_count_per_Mpx,direct_mask_gate,0.5580357142857143,True,True,True,
x77cy643,crack_count_per_Mpx,direct_mask_gate,0.691193530870915,True,True,True,
pl8uabbv,crack_count_per_Mpx,direct_mask_gate,0.4401408450704225,True,True,True,
cfe5vt7s,crack_count_per_Mpx,direct_mask_gate,0.206043956043956,True,True,True,
rxax5ozo,crack_count_per_Mpx,direct_mask_gate,0.483558994197292,True,True,True,
3806gxp0,crack_count_per_Mpx,direct_mask_gate,0.2092633928571428,True,True,True,
5n1q8atc,bright_frac,direct_mask_gate,0.170339748334567,True,False,False,bright_low_contrast
f1vzngrs,bright_frac,direct_mask_gate,0.066974461292897,True,True,True,
xgj4xftb,bright_frac,direct_mask_gate,0.0500412087912087,True,True,True,
71vgq3fw,bright_frac,direct_mask_gate,0.0591480582524271,True,True,True,
0grcilhi,bright_frac,direct_mask_gate,0.0455404411764705,True,True,True,
i9jiqjwl,bright_frac,direct_mask_gate,0.0563053319919517,True,True,True,
kbdh4tri,bright_frac,direct_mask_gate,0.0533211511789181,True,True,True,
ptg8lmto,bright_frac,direct_mask_gate,0.0491612017015242,True,True,True,
fzrt2k6r,bright_frac,direct_mask_gate,0.0602031539888682,True,True,True,
mgxahqnk,bright_frac,direct_mask_gate,0.0642875900360144,True,True,True,
tuy3zymq,bright_frac,direct_mask_gate,0.0435880721220527,True,True,True,
r17byphk,bright_frac,direct_mask_gate,0.0419263736263736,True,True,True,
4ih2ggld,bright_frac,direct_mask_gate,0.1234153293616584,True,False,False,bright_low_contrast
iv6g2oq0,bright_frac,direct_mask_gate,0.0540415536613715,True,True,True,
uhdslk0o,bright_frac,direct_mask_gate,0.0608057750759878,True,True,True,
ffwubibz,bright_frac,direct_mask_gate,0.0445837912087912,True,True,True,
hzumfsms,bright_frac,direct_mask_gate,0.0461386836343732,True,True,True,
ufdvpb81,bright_frac,direct_mask_gate,0.0503623426382047,True,True,True,
9luzk4jm,bright_frac,direct_mask_gate,0.0568979200875752,True,True,True,
utfgcjfa,bright_frac,direct_mask_gate,0.0553903833414617,True,True,True,
vc2whyaq,bright_frac,direct_mask_gate,0.056152528322741,True,True,True,
b3esycq1,bright_frac,direct_mask_gate,0.0786697588126159,True,True,True,
hawkfj64,bright_frac,direct_mask_gate,0.0400761554621848,True,True,True,
epqdaau9,bright_frac,direct_mask_gate,0.0589849976558837,True,True,True,
x7u69zsw,bright_frac,direct_mask_gate,0.0756764909847434,True,True,True,
avn74qx1,bright_frac,direct_mask_gate,0.0414603794642857,True,True,True,
x77cy643,bright_frac,direct_mask_gate,0.0604133558496537,True,True,True,
pl8uabbv,bright_frac,direct_mask_gate,0.0528852489939637,True,True,True,
cfe5vt7s,bright_frac,direct_mask_gate,0.0602787087912087,True,True,True,
rxax5ozo,bright_frac,direct_mask_gate,0.0510631389886709,True,True,True,
3806gxp0,bright_frac,direct_mask_gate,0.0551821986607142,True,True,True,
5n1q8atc,bright_count_per_Mpx,direct_mask_gate,133.66641993585,True,False,False,bright_low_contrast
f1vzngrs,bright_count_per_Mpx,direct_mask_gate,16.56025538707103,True,True,True,
xgj4xftb,bright_count_per_Mpx,direct_mask_gate,10.280042538107054,True,True,True,
71vgq3fw,bright_count_per_Mpx,direct_mask_gate,14.285714285714286,True,True,True,
0grcilhi,bright_count_per_Mpx,direct_mask_gate,11.179471788715489,True,True,True,
i9jiqjwl,bright_count_per_Mpx,direct_mask_gate,19.11468812877263,True,True,True,
kbdh4tri,bright_count_per_Mpx,direct_mask_gate,20.73509015256588,True,True,True,
ptg8lmto,bright_count_per_Mpx,direct_mask_gate,14.53385324353066,True,True,True,
fzrt2k6r,bright_count_per_Mpx,direct_mask_gate,15.70368407103101,True,True,True,
mgxahqnk,bright_count_per_Mpx,direct_mask_gate,10.87935174069628,True,True,True,
tuy3zymq,bright_count_per_Mpx,direct_mask_gate,20.388349514563107,True,True,True,
r17byphk,bright_count_per_Mpx,direct_mask_gate,16.346153846153847,True,True,True,
4ih2ggld,bright_count_per_Mpx,direct_mask_gate,125.16404636846516,True,False,False,bright_low_contrast
iv6g2oq0,bright_count_per_Mpx,direct_mask_gate,14.771406431615652,True,True,True,
uhdslk0o,bright_count_per_Mpx,direct_mask_gate,17.705167173252278,True,True,True,
ffwubibz,bright_count_per_Mpx,direct_mask_gate,11.744505494505496,True,True,True,
hzumfsms,bright_count_per_Mpx,direct_mask_gate,12.246852764094143,True,True,True,
ufdvpb81,bright_count_per_Mpx,direct_mask_gate,15.32567049808429,True,True,True,
9luzk4jm,bright_count_per_Mpx,direct_mask_gate,12.999452654625069,True,True,True,
utfgcjfa,bright_count_per_Mpx,direct_mask_gate,14.998899619898854,True,True,True,
vc2whyaq,bright_count_per_Mpx,direct_mask_gate,12.434374136501797,True,True,True,
b3esycq1,bright_count_per_Mpx,direct_mask_gate,22.329711105221307,True,True,True,
hawkfj64,bright_count_per_Mpx,direct_mask_gate,12.379951980792317,True,True,True,
epqdaau9,bright_count_per_Mpx,direct_mask_gate,13.997722858482351,True,True,True,
x7u69zsw,bright_count_per_Mpx,direct_mask_gate,21.844660194174757,True,True,True,
avn74qx1,bright_count_per_Mpx,direct_mask_gate,10.672433035714285,True,True,True,
x77cy643,bright_count_per_Mpx,direct_mask_gate,13.201796439634476,True,True,True,
pl8uabbv,bright_count_per_Mpx,direct_mask_gate,18.045774647887324,True,True,True,
cfe5vt7s,bright_count_per_Mpx,direct_mask_gate,16.895604395604394,True,True,True,
rxax5ozo,bright_count_per_Mpx,direct_mask_gate,12.434374136501797,True,True,True,
3806gxp0,bright_count_per_Mpx,direct_mask_gate,13.323102678571429,True,True,True,
5n1q8atc,bright_d50,direct_mask_gate,220.51081201028637,True,False,False,bright_low_contrast
f1vzngrs,bright_d50,direct_mask_gate,165.31428730813175,True,True,True,
xgj4xftb,bright_d50,direct_mask_gate,190.84291230524997,True,True,True,
71vgq3fw,bright_d50,direct_mask_gate,154.72378588992234,True,True,True,
0grcilhi,bright_d50,direct_mask_gate,149.57303246421645,True,True,True,
i9jiqjwl,bright_d50,direct_mask_gate,140.21444936330795,True,True,True,
kbdh4tri,bright_d50,direct_mask_gate,137.6530090653622,True,True,True,
ptg8lmto,bright_d50,direct_mask_gate,137.9302188696618,True,True,True,
fzrt2k6r,bright_d50,direct_mask_gate,164.97119526970187,True,True,True,
mgxahqnk,bright_d50,direct_mask_gate,208.74404647671145,True,True,True,
tuy3zymq,bright_d50,direct_mask_gate,134.55182305189803,True,True,True,
r17byphk,bright_d50,direct_mask_gate,152.97758931370402,True,True,True,
4ih2ggld,bright_d50,direct_mask_gate,164.86697001220787,True,False,False,bright_low_contrast
iv6g2oq0,bright_d50,direct_mask_gate,174.81867403763852,True,True,True,
uhdslk0o,bright_d50,direct_mask_gate,199.7772929270702,True,True,True,
ffwubibz,bright_d50,direct_mask_gate,144.23404910570812,True,True,True,
hzumfsms,bright_d50,direct_mask_gate,136.59914175460185,True,True,True,
ufdvpb81,bright_d50,direct_mask_gate,145.72701316721543,True,True,True,
9luzk4jm,bright_d50,direct_mask_gate,143.33080636870028,True,True,True,
utfgcjfa,bright_d50,direct_mask_gate,192.48045166380865,True,True,True,
vc2whyaq,bright_d50,direct_mask_gate,154.18383683042208,True,True,True,
b3esycq1,bright_d50,direct_mask_gate,172.3282888599633,True,True,True,
hawkfj64,bright_d50,direct_mask_gate,121.1576605553759,True,True,True,
epqdaau9,bright_d50,direct_mask_gate,164.80517579339093,True,True,True,
x7u69zsw,bright_d50,direct_mask_gate,146.44170735133602,True,True,True,
avn74qx1,bright_d50,direct_mask_gate,130.15549217263688,True,True,True,
x77cy643,bright_d50,direct_mask_gate,136.0480917242688,True,True,True,
pl8uabbv,bright_d50,direct_mask_gate,133.55929777345952,True,True,True,
cfe5vt7s,bright_d50,direct_mask_gate,177.68658078425008,True,True,True,
rxax5ozo,bright_d50,direct_mask_gate,163.82495647328125,True,True,True,
3806gxp0,bright_d50,direct_mask_gate,172.93308077617627,True,True,True,
5n1q8atc,bright_d90,direct_mask_gate,452.6586942224133,True,False,False,bright_low_contrast
f1vzngrs,bright_d90,direct_mask_gate,228.9636761910622,True,True,True,
xgj4xftb,bright_d90,direct_mask_gate,319.01815510997335,True,True,True,
71vgq3fw,bright_d90,direct_mask_gate,260.1984618550762,True,True,True,
0grcilhi,bright_d90,direct_mask_gate,250.4035834808037,True,True,True,
i9jiqjwl,bright_d90,direct_mask_gate,254.4513786351486,True,True,True,
kbdh4tri,bright_d90,direct_mask_gate,221.0385058086541,True,True,True,
ptg8lmto,bright_d90,direct_mask_gate,293.5304413382511,True,True,True,
fzrt2k6r,bright_d90,direct_mask_gate,226.54301924620177,True,True,True,
mgxahqnk,bright_d90,direct_mask_gate,345.31721115899643,True,True,True,
tuy3zymq,bright_d90,direct_mask_gate,230.70318473965477,True,True,True,
r17byphk,bright_d90,direct_mask_gate,255.1235103373688,True,True,True,
4ih2ggld,bright_d90,direct_mask_gate,295.3056884966086,True,False,False,bright_low_contrast
iv6g2oq0,bright_d90,direct_mask_gate,230.3441735929166,True,True,True,
uhdslk0o,bright_d90,direct_mask_gate,280.9550832702643,True,True,True,
ffwubibz,bright_d90,direct_mask_gate,218.6028970370707,True,True,True,
hzumfsms,bright_d90,direct_mask_gate,253.51644076694816,True,True,True,
ufdvpb81,bright_d90,direct_mask_gate,242.6985945953089,True,True,True,
9luzk4jm,bright_d90,direct_mask_gate,236.7123272766018,True,True,True,
utfgcjfa,bright_d90,direct_mask_gate,253.9931126086714,True,True,True,
vc2whyaq,bright_d90,direct_mask_gate,237.46417194438172,True,True,True,
b3esycq1,bright_d90,direct_mask_gate,241.79193571251392,True,True,True,
hawkfj64,bright_d90,direct_mask_gate,192.76468264065124,True,True,True,
epqdaau9,bright_d90,direct_mask_gate,261.89823885323847,True,True,True,
x7u69zsw,bright_d90,direct_mask_gate,318.55484883359173,True,True,True,
avn74qx1,bright_d90,direct_mask_gate,278.50171738460904,True,True,True,
x77cy643,bright_d90,direct_mask_gate,237.59817956892607,True,True,True,
pl8uabbv,bright_d90,direct_mask_gate,232.4598019402603,True,True,True,
cfe5vt7s,bright_d90,direct_mask_gate,259.71602060988596,True,True,True,
rxax5ozo,bright_d90,direct_mask_gate,236.101038769528,True,True,True,
3806gxp0,bright_d90,direct_mask_gate,231.7933612266201,True,True,True,
5n1q8atc,bright_circ,direct_mask_gate,0.1431136237187756,True,False,False,bright_low_contrast
f1vzngrs,bright_circ,direct_mask_gate,0.4063957707277821,True,True,True,
xgj4xftb,bright_circ,direct_mask_gate,0.3978723272235204,True,True,True,
71vgq3fw,bright_circ,direct_mask_gate,0.3588173884629991,True,True,True,
0grcilhi,bright_circ,direct_mask_gate,0.3231235691836798,True,True,True,
i9jiqjwl,bright_circ,direct_mask_gate,0.3507967401025371,True,True,True,
kbdh4tri,bright_circ,direct_mask_gate,0.4010768366411811,True,True,True,
ptg8lmto,bright_circ,direct_mask_gate,0.3560807521137512,True,True,True,
fzrt2k6r,bright_circ,direct_mask_gate,0.3363059236947514,True,True,True,
mgxahqnk,bright_circ,direct_mask_gate,0.4211876368178272,True,True,True,
tuy3zymq,bright_circ,direct_mask_gate,0.3548266423249504,True,True,True,
r17byphk,bright_circ,direct_mask_gate,0.3802891241457506,True,True,True,
4ih2ggld,bright_circ,direct_mask_gate,0.1087371307432999,True,False,False,bright_low_contrast
iv6g2oq0,bright_circ,direct_mask_gate,0.4143932807949781,True,True,True,
uhdslk0o,bright_circ,direct_mask_gate,0.3698628374408624,True,True,True,
ffwubibz,bright_circ,direct_mask_gate,0.4436005804453523,True,True,True,
hzumfsms,bright_circ,direct_mask_gate,0.4797305205925188,True,True,True,
ufdvpb81,bright_circ,direct_mask_gate,0.3657568055273031,True,True,True,
9luzk4jm,bright_circ,direct_mask_gate,0.4106641360329253,True,True,True,
utfgcjfa,bright_circ,direct_mask_gate,0.4567464650323394,True,True,True,
vc2whyaq,bright_circ,direct_mask_gate,0.4235076406582454,True,True,True,
b3esycq1,bright_circ,direct_mask_gate,0.3320026814705046,True,True,True,
hawkfj64,bright_circ,direct_mask_gate,0.4138670523225968,True,True,True,
epqdaau9,bright_circ,direct_mask_gate,0.3916126981562456,True,True,True,
x7u69zsw,bright_circ,direct_mask_gate,0.3691062066911527,True,True,True,
avn74qx1,bright_circ,direct_mask_gate,0.4577724720580354,True,True,True,
x77cy643,bright_circ,direct_mask_gate,0.4065165311051986,True,True,True,
pl8uabbv,bright_circ,direct_mask_gate,0.3718524200004838,True,True,True,
cfe5vt7s,bright_circ,direct_mask_gate,0.3843514044066677,True,True,True,
rxax5ozo,bright_circ,direct_mask_gate,0.3538424285214866,True,True,True,
3806gxp0,bright_circ,direct_mask_gate,0.400986251182528,True,True,True,
5n1q8atc,corr_len_px,direct_mask_gate,16.0,True,True,True,
f1vzngrs,corr_len_px,direct_mask_gate,18.0,True,True,True,
xgj4xftb,corr_len_px,direct_mask_gate,16.0,True,True,True,
71vgq3fw,corr_len_px,direct_mask_gate,21.0,True,True,True,
0grcilhi,corr_len_px,direct_mask_gate,18.0,True,True,True,
i9jiqjwl,corr_len_px,direct_mask_gate,15.0,True,True,True,
kbdh4tri,corr_len_px,direct_mask_gate,19.0,True,True,True,
ptg8lmto,corr_len_px,direct_mask_gate,17.0,True,True,True,
fzrt2k6r,corr_len_px,direct_mask_gate,22.0,True,True,True,
mgxahqnk,corr_len_px,direct_mask_gate,23.0,True,True,True,
tuy3zymq,corr_len_px,direct_mask_gate,14.0,True,True,True,
r17byphk,corr_len_px,direct_mask_gate,19.0,True,True,True,
4ih2ggld,corr_len_px,direct_mask_gate,17.0,True,True,True,
iv6g2oq0,corr_len_px,direct_mask_gate,23.0,True,True,True,
uhdslk0o,corr_len_px,direct_mask_gate,18.0,True,True,True,
ffwubibz,corr_len_px,direct_mask_gate,16.0,True,True,True,
hzumfsms,corr_len_px,direct_mask_gate,22.0,True,True,True,
ufdvpb81,corr_len_px,direct_mask_gate,21.0,True,True,True,
9luzk4jm,corr_len_px,direct_mask_gate,25.0,True,True,True,
utfgcjfa,corr_len_px,direct_mask_gate,24.0,True,True,True,
vc2whyaq,corr_len_px,direct_mask_gate,28.0,True,True,True,
b3esycq1,corr_len_px,direct_mask_gate,18.0,True,True,True,
hawkfj64,corr_len_px,direct_mask_gate,24.0,True,True,True,
epqdaau9,corr_len_px,direct_mask_gate,19.0,True,True,True,
x7u69zsw,corr_len_px,direct_mask_gate,16.0,True,True,True,
avn74qx1,corr_len_px,direct_mask_gate,20.0,True,True,True,
x77cy643,corr_len_px,direct_mask_gate,22.0,True,True,True,
pl8uabbv,corr_len_px,direct_mask_gate,16.0,True,True,True,
cfe5vt7s,corr_len_px,direct_mask_gate,24.0,True,True,True,
rxax5ozo,corr_len_px,direct_mask_gate,21.0,True,True,True,
3806gxp0,corr_len_px,direct_mask_gate,17.0,True,True,True,
5n1q8atc,fft_slope,direct_mask_gate,-1.879182555877552,True,True,True,
f1vzngrs,fft_slope,direct_mask_gate,-2.127431960249179,True,True,True,
xgj4xftb,fft_slope,direct_mask_gate,-2.1837168745236406,True,True,True,
71vgq3fw,fft_slope,direct_mask_gate,-2.3335247865223163,True,True,True,
0grcilhi,fft_slope,direct_mask_gate,-2.064806252507767,True,True,True,
i9jiqjwl,fft_slope,direct_mask_gate,-2.1294942614629138,True,True,True,
kbdh4tri,fft_slope,direct_mask_gate,-2.294659232563551,True,True,True,
ptg8lmto,fft_slope,direct_mask_gate,-2.0376237257584697,True,True,True,
fzrt2k6r,fft_slope,direct_mask_gate,-2.2602154401420447,True,True,True,
mgxahqnk,fft_slope,direct_mask_gate,-2.2929228642222443,True,True,True,
tuy3zymq,fft_slope,direct_mask_gate,-2.238626097506134,True,True,True,
r17byphk,fft_slope,direct_mask_gate,-2.282006325094787,True,True,True,
4ih2ggld,fft_slope,direct_mask_gate,-2.095593194306181,True,True,True,
iv6g2oq0,fft_slope,direct_mask_gate,-2.2400461888635657,True,True,True,
uhdslk0o,fft_slope,direct_mask_gate,-2.211361360370921,True,True,True,
ffwubibz,fft_slope,direct_mask_gate,-2.248667590698269,True,True,True,
hzumfsms,fft_slope,direct_mask_gate,-2.436900828607803,True,True,True,
ufdvpb81,fft_slope,direct_mask_gate,-2.3436553080567095,True,True,True,
9luzk4jm,fft_slope,direct_mask_gate,-2.31444752914944,True,True,True,
utfgcjfa,fft_slope,direct_mask_gate,-2.2380641402836203,True,True,True,
vc2whyaq,fft_slope,direct_mask_gate,-2.1908208862652048,True,True,True,
b3esycq1,fft_slope,direct_mask_gate,-2.2423322335373697,True,True,True,
hawkfj64,fft_slope,direct_mask_gate,-2.315380773811405,True,True,True,
epqdaau9,fft_slope,direct_mask_gate,-2.1993648697631607,True,True,True,
x7u69zsw,fft_slope,direct_mask_gate,-2.2699115190085006,True,True,True,
avn74qx1,fft_slope,direct_mask_gate,-2.1582523743773665,True,True,True,
x77cy643,fft_slope,direct_mask_gate,-2.2130913848625413,True,True,True,
pl8uabbv,fft_slope,direct_mask_gate,-2.185501218433075,True,True,True,
cfe5vt7s,fft_slope,direct_mask_gate,-2.2757036530801105,True,True,True,
rxax5ozo,fft_slope,direct_mask_gate,-2.285653384442957,True,True,True,
3806gxp0,fft_slope,direct_mask_gate,-2.253307201778604,True,True,True,
5n1q8atc,etd_crack_density_particles,direct_mask_gate,0.0041522188571432,True,False,False,bright_low_contrast
f1vzngrs,etd_crack_density_particles,direct_mask_gate,0.0046715897692332,True,True,True,
xgj4xftb,etd_crack_density_particles,direct_mask_gate,0.0015820588305689,True,True,True,
71vgq3fw,etd_crack_density_particles,direct_mask_gate,0.0014328173770387,True,True,True,
0grcilhi,etd_crack_density_particles,direct_mask_gate,0.0003919335831468,True,True,True,
i9jiqjwl,etd_crack_density_particles,direct_mask_gate,0.0008075085053149,True,True,True,
kbdh4tri,etd_crack_density_particles,direct_mask_gate,0.0025285367882397,True,True,True,
ptg8lmto,etd_crack_density_particles,direct_mask_gate,0.0021022263806919,True,True,True,
fzrt2k6r,etd_crack_density_particles,direct_mask_gate,0.0019450437342163,True,True,True,
mgxahqnk,etd_crack_density_particles,direct_mask_gate,0.0001269939251893,True,True,True,
tuy3zymq,etd_crack_density_particles,direct_mask_gate,0.0030932494379912,True,True,True,
r17byphk,etd_crack_density_particles,direct_mask_gate,0.0005209385398836,True,True,True,
4ih2ggld,etd_crack_density_particles,direct_mask_gate,0.0037282741017422,True,False,False,bright_low_contrast
iv6g2oq0,etd_crack_density_particles,direct_mask_gate,0.0003339590518182,True,True,True,
uhdslk0o,etd_crack_density_particles,direct_mask_gate,0.0009786798085892,True,True,True,
ffwubibz,etd_crack_density_particles,direct_mask_gate,0.000202230580053,True,True,True,
hzumfsms,etd_crack_density_particles,direct_mask_gate,0.0005080594823599,True,True,True,
ufdvpb81,etd_crack_density_particles,direct_mask_gate,0.0024305159716363,True,True,True,
9luzk4jm,etd_crack_density_particles,direct_mask_gate,0.0004292875753662,True,True,True,
utfgcjfa,etd_crack_density_particles,direct_mask_gate,0.0015027101509388,True,True,True,
vc2whyaq,etd_crack_density_particles,direct_mask_gate,0.0020481392948625,True,True,True,
b3esycq1,etd_crack_density_particles,direct_mask_gate,0.0032220829156316,True,True,True,
hawkfj64,etd_crack_density_particles,direct_mask_gate,0.0019749722358975,True,True,True,
epqdaau9,etd_crack_density_particles,direct_mask_gate,0.000250663649419,True,True,True,
x7u69zsw,etd_crack_density_particles,direct_mask_gate,0.0032039058268347,True,True,True,
avn74qx1,etd_crack_density_particles,direct_mask_gate,0.000300294574678,True,True,True,
x77cy643,etd_crack_density_particles,direct_mask_gate,0.0008290374121974,True,True,True,
pl8uabbv,etd_crack_density_particles,direct_mask_gate,0.0014510039275865,True,True,True,
cfe5vt7s,etd_crack_density_particles,direct_mask_gate,0.0002174751475178,True,True,True,
rxax5ozo,etd_crack_density_particles,direct_mask_gate,0.0005929325023685,True,True,True,
3806gxp0,etd_crack_density_particles,direct_mask_gate,8.76324985120732e-05,True,True,True,
5n1q8atc,pore_d90,direct_mask_gate,199.71354981165825,True,True,True,
f1vzngrs,pore_d90,direct_mask_gate,136.41726131926686,True,True,True,
xgj4xftb,pore_d90,direct_mask_gate,245.8468653218466,True,True,True,
71vgq3fw,pore_d90,direct_mask_gate,197.72732097673784,True,False,False,raised_black_level
0grcilhi,pore_d90,direct_mask_gate,434.6677076149674,True,True,True,
i9jiqjwl,pore_d90,direct_mask_gate,164.32160851573536,True,True,True,
kbdh4tri,pore_d90,direct_mask_gate,173.17587660148286,True,False,False,raised_black_level
ptg8lmto,pore_d90,direct_mask_gate,223.15391960289864,True,True,True,
fzrt2k6r,pore_d90,direct_mask_gate,263.3744300367286,True,True,True,
mgxahqnk,pore_d90,direct_mask_gate,204.1430957410184,True,True,True,
tuy3zymq,pore_d90,direct_mask_gate,165.7642380458751,True,False,False,raised_black_level
r17byphk,pore_d90,direct_mask_gate,237.33545343897444,True,True,True,
4ih2ggld,pore_d90,direct_mask_gate,275.2042533810596,True,True,True,
iv6g2oq0,pore_d90,direct_mask_gate,251.9142818275494,True,True,True,
uhdslk0o,pore_d90,direct_mask_gate,217.90576482004423,True,True,True,
ffwubibz,pore_d90,direct_mask_gate,196.6619546604663,True,True,True,
hzumfsms,pore_d90,direct_mask_gate,599.372241621278,True,True,True,
ufdvpb81,pore_d90,direct_mask_gate,363.24346383783,True,True,True,
9luzk4jm,pore_d90,direct_mask_gate,262.32085543321153,True,True,True,
utfgcjfa,pore_d90,direct_mask_gate,274.66705209152383,True,True,True,
vc2whyaq,pore_d90,direct_mask_gate,290.4672415813452,True,True,True,
b3esycq1,pore_d90,direct_mask_gate,208.31053003657564,True,True,True,
hawkfj64,pore_d90,direct_mask_gate,203.02987529130016,True,True,True,
epqdaau9,pore_d90,direct_mask_gate,206.20646894793455,True,True,True,
x7u69zsw,pore_d90,direct_mask_gate,166.067361449996,True,False,False,raised_black_level
avn74qx1,pore_d90,direct_mask_gate,262.9462435513266,True,True,True,
x77cy643,pore_d90,direct_mask_gate,230.54307960861595,True,True,True,
pl8uabbv,pore_d90,direct_mask_gate,253.70972623075795,True,True,True,
cfe5vt7s,pore_d90,direct_mask_gate,192.146108674325,True,True,True,
rxax5ozo,pore_d90,direct_mask_gate,218.26190131643708,True,True,True,
3806gxp0,pore_d90,direct_mask_gate,165.43747233812255,True,True,True,
5n1q8atc,pore_count_per_Mpx,direct_mask_gate,119.54108068097706,True,True,True,
f1vzngrs,pore_count_per_Mpx,direct_mask_gate,134.41074753923917,True,True,True,
xgj4xftb,pore_count_per_Mpx,direct_mask_gate,101.82559376107764,True,True,True,
71vgq3fw,pore_count_per_Mpx,direct_mask_gate,98.12760055478502,True,False,False,raised_black_level
0grcilhi,pore_count_per_Mpx,direct_mask_gate,86.58463385354142,True,True,True,
i9jiqjwl,pore_count_per_Mpx,direct_mask_gate,92.30382293762575,True,True,True,
kbdh4tri,pore_count_per_Mpx,direct_mask_gate,100.13869625520113,True,False,False,raised_black_level
ptg8lmto,pore_count_per_Mpx,direct_mask_gate,95.09039347749024,True,True,True,
fzrt2k6r,pore_count_per_Mpx,direct_mask_gate,100.64935064935064,True,True,True,
mgxahqnk,pore_count_per_Mpx,direct_mask_gate,99.11464585834334,True,True,True,
tuy3zymq,pore_count_per_Mpx,direct_mask_gate,93.13453536754508,True,False,False,raised_black_level
r17byphk,pore_count_per_Mpx,direct_mask_gate,81.79945054945054,True,True,True,
4ih2ggld,pore_count_per_Mpx,direct_mask_gate,119.856300812406,True,True,True,
iv6g2oq0,pore_count_per_Mpx,direct_mask_gate,99.7675319643549,True,True,True,
uhdslk0o,pore_count_per_Mpx,direct_mask_gate,99.46808510638296,True,True,True,
ffwubibz,pore_count_per_Mpx,direct_mask_gate,90.24725274725274,True,True,True,
hzumfsms,pore_count_per_Mpx,direct_mask_gate,99.82211275314724,True,True,True,
ufdvpb81,pore_count_per_Mpx,direct_mask_gate,96.19594964422552,True,True,True,
9luzk4jm,pore_count_per_Mpx,direct_mask_gate,100.16420361247948,True,True,True,
utfgcjfa,pore_count_per_Mpx,direct_mask_gate,93.17288796139934,True,True,True,
vc2whyaq,pore_count_per_Mpx,direct_mask_gate,81.37607073777286,True,True,True,
b3esycq1,pore_count_per_Mpx,direct_mask_gate,95.61357010336602,True,True,True,
hawkfj64,pore_count_per_Mpx,direct_mask_gate,101.2905162064826,True,True,True,
epqdaau9,pore_count_per_Mpx,direct_mask_gate,111.84783336682072,True,True,True,
x7u69zsw,pore_count_per_Mpx,direct_mask_gate,91.95561719833564,True,False,False,raised_black_level
avn74qx1,pore_count_per_Mpx,direct_mask_gate,70.94029017857143,True,True,True,
x77cy643,pore_count_per_Mpx,direct_mask_gate,102.4348812750696,True,True,True,
pl8uabbv,pore_count_per_Mpx,direct_mask_gate,108.96629778672032,True,True,True,
cfe5vt7s,pore_count_per_Mpx,direct_mask_gate,93.61263736263736,True,True,True,
rxax5ozo,pore_count_per_Mpx,direct_mask_gate,85.93534125449018,True,True,True,
3806gxp0,pore_count_per_Mpx,direct_mask_gate,80.98493303571428,True,True,True,
5n1q8atc,bright_d10,direct_mask_gate,26.438769072322643,True,False,False,bright_low_contrast
f1vzngrs,bright_d10,direct_mask_gate,65.40707049173007,True,True,True,
xgj4xftb,bright_d10,direct_mask_gate,70.18663546986951,True,True,True,
71vgq3fw,bright_d10,direct_mask_gate,69.50302750762162,True,True,True,
0grcilhi,bright_d10,direct_mask_gate,75.88716927674362,True,True,True,
i9jiqjwl,bright_d10,direct_mask_gate,55.99990177386658,True,True,True,
kbdh4tri,bright_d10,direct_mask_gate,51.27611198090307,True,True,True,
ptg8lmto,bright_d10,direct_mask_gate,55.117597496063794,True,True,True,
fzrt2k6r,bright_d10,direct_mask_gate,65.11441993881303,True,True,True,
mgxahqnk,bright_d10,direct_mask_gate,79.62871927125985,True,True,True,
tuy3zymq,bright_d10,direct_mask_gate,47.93951791838304,True,True,True,
r17byphk,bright_d10,direct_mask_gate,51.151806072031896,True,True,True,
4ih2ggld,bright_d10,direct_mask_gate,20.216574731145418,True,False,False,bright_low_contrast
iv6g2oq0,bright_d10,direct_mask_gate,60.96381083136077,True,True,True,
uhdslk0o,bright_d10,direct_mask_gate,64.15904806127334,True,True,True,
ffwubibz,bright_d10,direct_mask_gate,58.9571366089551,True,True,True,
hzumfsms,bright_d10,direct_mask_gate,61.535472745745395,True,True,True,
ufdvpb81,bright_d10,direct_mask_gate,58.28381512352648,True,True,True,
9luzk4jm,bright_d10,direct_mask_gate,75.14530844238013,True,True,True,
utfgcjfa,bright_d10,direct_mask_gate,60.52363315435602,True,True,True,
vc2whyaq,bright_d10,direct_mask_gate,74.06156870279673,True,True,True,
b3esycq1,bright_d10,direct_mask_gate,60.3972788763388,True,True,True,
hawkfj64,bright_d10,direct_mask_gate,53.559394080668255,True,True,True,
epqdaau9,bright_d10,direct_mask_gate,76.3971862902423,True,True,True,
x7u69zsw,bright_d10,direct_mask_gate,59.52668017786611,True,True,True,
avn74qx1,bright_d10,direct_mask_gate,67.67453466712853,True,True,True,
x77cy643,bright_d10,direct_mask_gate,77.19301179096824,True,True,True,
pl8uabbv,bright_d10,direct_mask_gate,53.04582352895192,True,True,True,
cfe5vt7s,bright_d10,direct_mask_gate,62.50039138475438,True,True,True,
rxax5ozo,bright_d10,direct_mask_gate,63.99014280237452,True,True,True,
3806gxp0,bright_d10,direct_mask_gate,65.93056806767136,True,True,True,
5n1q8atc,bright_solidity,direct_mask_gate,0.7080672082703301,True,False,False,bright_low_contrast
f1vzngrs,bright_solidity,direct_mask_gate,0.8587295181184312,True,True,True,
xgj4xftb,bright_solidity,direct_mask_gate,0.876786209574856,True,True,True,
71vgq3fw,bright_solidity,direct_mask_gate,0.8560257411704685,True,True,True,
0grcilhi,bright_solidity,direct_mask_gate,0.8578417224770635,True,True,True,
i9jiqjwl,bright_solidity,direct_mask_gate,0.8474917102947359,True,True,True,
kbdh4tri,bright_solidity,direct_mask_gate,0.8639438237795425,True,True,True,
ptg8lmto,bright_solidity,direct_mask_gate,0.8656331467422052,True,True,True,
fzrt2k6r,bright_solidity,direct_mask_gate,0.8671142693245741,True,True,True,
mgxahqnk,bright_solidity,direct_mask_gate,0.8836414928554789,True,True,True,
tuy3zymq,bright_solidity,direct_mask_gate,0.8533205229445775,True,True,True,
r17byphk,bright_solidity,direct_mask_gate,0.8598442624981912,True,True,True,
4ih2ggld,bright_solidity,direct_mask_gate,0.7379045868970461,True,False,False,bright_low_contrast
iv6g2oq0,bright_solidity,direct_mask_gate,0.8605275845431661,True,True,True,
uhdslk0o,bright_solidity,direct_mask_gate,0.8693918111114802,True,True,True,
ffwubibz,bright_solidity,direct_mask_gate,0.8728757806970749,True,True,True,
hzumfsms,bright_solidity,direct_mask_gate,0.895794135791776,True,True,True,
ufdvpb81,bright_solidity,direct_mask_gate,0.852744711195009,True,True,True,
9luzk4jm,bright_solidity,direct_mask_gate,0.8748677788019349,True,True,True,
utfgcjfa,bright_solidity,direct_mask_gate,0.8774085997155477,True,True,True,
vc2whyaq,bright_solidity,direct_mask_gate,0.8736249902912052,True,True,True,
b3esycq1,bright_solidity,direct_mask_gate,0.8588349137367786,True,True,True,
hawkfj64,bright_solidity,direct_mask_gate,0.8805893292791306,True,True,True,
epqdaau9,bright_solidity,direct_mask_gate,0.8513254520610858,True,True,True,
x7u69zsw,bright_solidity,direct_mask_gate,0.8504857971055009,True,True,True,
avn74qx1,bright_solidity,direct_mask_gate,0.8853464018889766,True,True,True,
x77cy643,bright_solidity,direct_mask_gate,0.8699569984902653,True,True,True,
pl8uabbv,bright_solidity,direct_mask_gate,0.8564546073196614,True,True,True,
cfe5vt7s,bright_solidity,direct_mask_gate,0.8531170689838261,True,True,True,
rxax5ozo,bright_solidity,direct_mask_gate,0.8598758826184146,True,True,True,
3806gxp0,bright_solidity,direct_mask_gate,0.8742908817532385,True,True,True,
5n1q8atc,bright_max_d,direct_mask_gate,542.6107802132652,True,False,False,bright_low_contrast
f1vzngrs,bright_max_d,direct_mask_gate,274.1822066433163,True,True,True,
xgj4xftb,bright_max_d,direct_mask_gate,319.01815510997335,True,True,True,
71vgq3fw,bright_max_d,direct_mask_gate,281.3603893477345,True,True,True,
0grcilhi,bright_max_d,direct_mask_gate,269.4795306400284,True,True,True,
i9jiqjwl,bright_max_d,direct_mask_gate,325.7675798075613,True,True,True,
kbdh4tri,bright_max_d,direct_mask_gate,238.6888700143339,True,True,True,
ptg8lmto,bright_max_d,direct_mask_gate,293.5304413382511,True,True,True,
fzrt2k6r,bright_max_d,direct_mask_gate,328.534720670874,True,True,True,
mgxahqnk,bright_max_d,direct_mask_gate,345.31721115899643,True,True,True,
tuy3zymq,bright_max_d,direct_mask_gate,257.5128384545065,True,True,True,
r17byphk,bright_max_d,direct_mask_gate,272.98614857498603,True,True,True,
4ih2ggld,bright_max_d,direct_mask_gate,370.8695839498103,True,False,False,bright_low_contrast
iv6g2oq0,bright_max_d,direct_mask_gate,237.20129738651693,True,True,True,
uhdslk0o,bright_max_d,direct_mask_gate,281.3377619489808,True,True,True,
ffwubibz,bright_max_d,direct_mask_gate,221.5534493719969,True,True,True,
hzumfsms,bright_max_d,direct_mask_gate,284.1634246821783,True,True,True,
ufdvpb81,bright_max_d,direct_mask_gate,246.3487155644551,True,True,True,
9luzk4jm,bright_max_d,direct_mask_gate,307.2984824472337,True,True,True,
utfgcjfa,bright_max_d,direct_mask_gate,262.1387766610593,True,True,True,
vc2whyaq,bright_max_d,direct_mask_gate,247.6631620327733,True,True,True,
b3esycq1,bright_max_d,direct_mask_gate,278.4788577086765,True,True,True,
hawkfj64,bright_max_d,direct_mask_gate,259.66453999534724,True,True,True,
epqdaau9,bright_max_d,direct_mask_gate,263.02612779480637,True,True,True,
x7u69zsw,bright_max_d,direct_mask_gate,338.31246266562215,True,True,True,
avn74qx1,bright_max_d,direct_mask_gate,278.50171738460904,True,True,True,
x77cy643,bright_max_d,direct_mask_gate,250.77195687320068,True,True,True,
pl8uabbv,bright_max_d,direct_mask_gate,272.6874816563427,True,True,True,
cfe5vt7s,bright_max_d,direct_mask_gate,265.59131013245286,True,True,True,
rxax5ozo,bright_max_d,direct_mask_gate,260.2522830288559,True,True,True,
3806gxp0,bright_max_d,direct_mask_gate,265.86682110695443,True,True,True,
5n1q8atc,etd_crack_density_graphite,direct_mask_gate,0.0117457267321271,True,True,True,
f1vzngrs,etd_crack_density_graphite,direct_mask_gate,0.0232673785186722,True,True,True,
xgj4xftb,etd_crack_density_graphite,direct_mask_gate,0.0464428891881288,True,True,True,
71vgq3fw,etd_crack_density_graphite,direct_mask_gate,0.0376006676280596,True,True,True,
0grcilhi,etd_crack_density_graphite,direct_mask_gate,0.0125092625461613,True,True,True,
i9jiqjwl,etd_crack_density_graphite,direct_mask_gate,0.0242570019195997,True,True,True,
kbdh4tri,etd_crack_density_graphite,direct_mask_gate,0.0445662426385162,True,True,True,
ptg8lmto,etd_crack_density_graphite,direct_mask_gate,0.0470454869571285,True,True,True,
fzrt2k6r,etd_crack_density_graphite,direct_mask_gate,0.0268390613327543,True,True,True,
mgxahqnk,etd_crack_density_graphite,direct_mask_gate,0.0238703190588889,True,True,True,
tuy3zymq,etd_crack_density_graphite,direct_mask_gate,0.0477596515695439,True,True,True,
r17byphk,etd_crack_density_graphite,direct_mask_gate,0.024565265539672,True,True,True,
4ih2ggld,etd_crack_density_graphite,direct_mask_gate,0.0129993473112275,True,True,True,
iv6g2oq0,etd_crack_density_graphite,direct_mask_gate,0.0211852776190829,True,True,True,
uhdslk0o,etd_crack_density_graphite,direct_mask_gate,0.0233674607417216,True,True,True,
ffwubibz,etd_crack_density_graphite,direct_mask_gate,0.0179979619582781,True,True,True,
hzumfsms,etd_crack_density_graphite,direct_mask_gate,0.0303434389747535,True,True,True,
ufdvpb81,etd_crack_density_graphite,direct_mask_gate,0.0303314492780589,True,True,True,
9luzk4jm,etd_crack_density_graphite,direct_mask_gate,0.0319767794521079,True,True,True,
utfgcjfa,etd_crack_density_graphite,direct_mask_gate,0.0273086867199139,True,True,True,
vc2whyaq,etd_crack_density_graphite,direct_mask_gate,0.0347109645870154,True,True,True,
b3esycq1,etd_crack_density_graphite,direct_mask_gate,0.0237144738737424,True,True,True,
hawkfj64,etd_crack_density_graphite,direct_mask_gate,0.02855111212996,True,True,True,
epqdaau9,etd_crack_density_graphite,direct_mask_gate,0.0312887501759813,True,True,True,
x7u69zsw,etd_crack_density_graphite,direct_mask_gate,0.037554222178688,True,True,True,
avn74qx1,etd_crack_density_graphite,direct_mask_gate,0.0302759381680508,True,True,True,
x77cy643,etd_crack_density_graphite,direct_mask_gate,0.031452492076904,True,True,True,
pl8uabbv,etd_crack_density_graphite,direct_mask_gate,0.0260470344968604,True,True,True,
cfe5vt7s,etd_crack_density_graphite,direct_mask_gate,0.0260802945006603,True,True,True,
rxax5ozo,etd_crack_density_graphite,direct_mask_gate,0.0292811823213962,True,True,True,
3806gxp0,etd_crack_density_graphite,direct_mask_gate,0.0244437503669957,True,True,True,
5n1q8atc,crack_g_0.05,direct_mask_gate,0.3038001152321644,True,True,True,
f1vzngrs,crack_g_0.05,direct_mask_gate,0.3649576247061976,True,True,True,
xgj4xftb,crack_g_0.05,direct_mask_gate,0.3646537175205926,True,True,True,
71vgq3fw,crack_g_0.05,direct_mask_gate,0.3348002641195087,True,True,True,
0grcilhi,crack_g_0.05,direct_mask_gate,0.2784481676404887,True,True,True,
i9jiqjwl,crack_g_0.05,direct_mask_gate,0.3332265219527009,True,True,True,
kbdh4tri,crack_g_0.05,direct_mask_gate,0.3552883892572555,True,True,True,
ptg8lmto,crack_g_0.05,direct_mask_gate,0.3735074203424493,True,True,True,
fzrt2k6r,crack_g_0.05,direct_mask_gate,0.3501977101333763,True,True,True,
mgxahqnk,crack_g_0.05,direct_mask_gate,0.3436108821456152,True,True,True,
tuy3zymq,crack_g_0.05,direct_mask_gate,0.3592001502856974,True,True,True,
r17byphk,crack_g_0.05,direct_mask_gate,0.278833899232928,True,True,True,
4ih2ggld,crack_g_0.05,direct_mask_gate,0.3115611426632215,True,True,True,
iv6g2oq0,crack_g_0.05,direct_mask_gate,0.3463445782808451,True,True,True,
uhdslk0o,crack_g_0.05,direct_mask_gate,0.3462008406576559,True,True,True,
ffwubibz,crack_g_0.05,direct_mask_gate,0.3204710727715336,True,True,True,
hzumfsms,crack_g_0.05,direct_mask_gate,0.2744262725737099,True,True,True,
ufdvpb81,crack_g_0.05,direct_mask_gate,0.3039506140235574,True,True,True,
9luzk4jm,crack_g_0.05,direct_mask_gate,0.2770161988211392,True,True,True,
utfgcjfa,crack_g_0.05,direct_mask_gate,0.3268601638688617,True,True,True,
vc2whyaq,crack_g_0.05,direct_mask_gate,0.3613049128450324,True,True,True,
b3esycq1,crack_g_0.05,direct_mask_gate,0.3481768289862967,True,True,True,
hawkfj64,crack_g_0.05,direct_mask_gate,0.3685440941731889,True,True,True,
epqdaau9,crack_g_0.05,direct_mask_gate,0.329000627133488,True,True,True,
x7u69zsw,crack_g_0.05,direct_mask_gate,0.3122836717242779,True,True,True,
avn74qx1,crack_g_0.05,direct_mask_gate,0.3785453088500939,True,True,True,
x77cy643,crack_g_0.05,direct_mask_gate,0.3430777813416037,True,True,True,
pl8uabbv,crack_g_0.05,direct_mask_gate,0.3395001698386944,True,True,True,
cfe5vt7s,crack_g_0.05,direct_mask_gate,0.2896719539612793,True,True,True,
rxax5ozo,crack_g_0.05,direct_mask_gate,0.3359966871761469,True,True,True,
3806gxp0,crack_g_0.05,direct_mask_gate,0.3347174890912391,True,True,True,
5n1q8atc,crack_g_0.1,direct_mask_gate,0.1394888279554943,True,True,True,
f1vzngrs,crack_g_0.1,direct_mask_gate,0.1692564793296158,True,True,True,
xgj4xftb,crack_g_0.1,direct_mask_gate,0.2087788470821057,True,True,True,
71vgq3fw,crack_g_0.1,direct_mask_gate,0.1855483107553702,True,True,True,
0grcilhi,crack_g_0.1,direct_mask_gate,0.1373435693411533,True,True,True,
i9jiqjwl,crack_g_0.1,direct_mask_gate,0.1581811292624631,True,True,True,
kbdh4tri,crack_g_0.1,direct_mask_gate,0.2016890668595825,True,True,True,
ptg8lmto,crack_g_0.1,direct_mask_gate,0.1927536434169683,True,True,True,
fzrt2k6r,crack_g_0.1,direct_mask_gate,0.1788718452675978,True,True,True,
mgxahqnk,crack_g_0.1,direct_mask_gate,0.1716543131877091,True,True,True,
tuy3zymq,crack_g_0.1,direct_mask_gate,0.2079483706791105,True,True,True,
r17byphk,crack_g_0.1,direct_mask_gate,0.1505993585561307,True,True,True,
4ih2ggld,crack_g_0.1,direct_mask_gate,0.150739122901206,True,True,True,
iv6g2oq0,crack_g_0.1,direct_mask_gate,0.156394100802804,True,True,True,
uhdslk0o,crack_g_0.1,direct_mask_gate,0.1634419748128329,True,True,True,
ffwubibz,crack_g_0.1,direct_mask_gate,0.1382746488366948,True,True,True,
hzumfsms,crack_g_0.1,direct_mask_gate,0.1623782515707928,True,True,True,
ufdvpb81,crack_g_0.1,direct_mask_gate,0.1579362302208708,True,True,True,
9luzk4jm,crack_g_0.1,direct_mask_gate,0.1646395562126349,True,True,True,
utfgcjfa,crack_g_0.1,direct_mask_gate,0.1743638545147254,True,True,True,
vc2whyaq,crack_g_0.1,direct_mask_gate,0.1912382397122281,True,True,True,
b3esycq1,crack_g_0.1,direct_mask_gate,0.1731689664486888,True,True,True,
hawkfj64,crack_g_0.1,direct_mask_gate,0.1836176700363124,True,True,True,
epqdaau9,crack_g_0.1,direct_mask_gate,0.1624675234443707,True,True,True,
x7u69zsw,crack_g_0.1,direct_mask_gate,0.1817793870191564,True,True,True,
avn74qx1,crack_g_0.1,direct_mask_gate,0.1868711492131169,True,True,True,
x77cy643,crack_g_0.1,direct_mask_gate,0.1908079351498184,True,True,True,
pl8uabbv,crack_g_0.1,direct_mask_gate,0.163900543257431,True,True,True,
cfe5vt7s,crack_g_0.1,direct_mask_gate,0.154567902542884,True,True,True,
rxax5ozo,crack_g_0.1,direct_mask_gate,0.1743316169037552,True,True,True,
3806gxp0,crack_g_0.1,direct_mask_gate,0.1684267776069176,True,True,True,
5n1q8atc,crack_g_0.2,direct_mask_gate,0.0526926899680193,True,True,True,
f1vzngrs,crack_g_0.2,direct_mask_gate,0.0689274096699521,True,True,True,
xgj4xftb,crack_g_0.2,direct_mask_gate,0.1160132276596705,True,True,True,
71vgq3fw,crack_g_0.2,direct_mask_gate,0.0981006254420417,True,True,True,
0grcilhi,crack_g_0.2,direct_mask_gate,0.056491989255933,True,True,True,
i9jiqjwl,crack_g_0.2,direct_mask_gate,0.0694838941059608,True,True,True,
kbdh4tri,crack_g_0.2,direct_mask_gate,0.1107556596248038,True,True,True,
ptg8lmto,crack_g_0.2,direct_mask_gate,0.1045678723901361,True,True,True,
fzrt2k6r,crack_g_0.2,direct_mask_gate,0.0828045747815666,True,True,True,
mgxahqnk,crack_g_0.2,direct_mask_gate,0.0794098168325769,True,True,True,
tuy3zymq,crack_g_0.2,direct_mask_gate,0.1163126036200676,True,True,True,
r17byphk,crack_g_0.2,direct_mask_gate,0.0739447596823973,True,True,True,
4ih2ggld,crack_g_0.2,direct_mask_gate,0.0585720839535522,True,True,True,
iv6g2oq0,crack_g_0.2,direct_mask_gate,0.0646575028462731,True,True,True,
uhdslk0o,crack_g_0.2,direct_mask_gate,0.0705672675369924,True,True,True,
ffwubibz,crack_g_0.2,direct_mask_gate,0.056080496369161,True,True,True,
hzumfsms,crack_g_0.2,direct_mask_gate,0.0856995336265724,True,True,True,
ufdvpb81,crack_g_0.2,direct_mask_gate,0.0800629458925814,True,True,True,
9luzk4jm,crack_g_0.2,direct_mask_gate,0.0883199293459975,True,True,True,
utfgcjfa,crack_g_0.2,direct_mask_gate,0.0833396356823721,True,True,True,
vc2whyaq,crack_g_0.2,direct_mask_gate,0.0947072162283294,True,True,True,
b3esycq1,crack_g_0.2,direct_mask_gate,0.077579656122111,True,True,True,
hawkfj64,crack_g_0.2,direct_mask_gate,0.0851739493689396,True,True,True,
epqdaau9,crack_g_0.2,direct_mask_gate,0.0784865787948432,True,True,True,
x7u69zsw,crack_g_0.2,direct_mask_gate,0.0985139013153254,True,True,True,
avn74qx1,crack_g_0.2,direct_mask_gate,0.0827407918141401,True,True,True,
x77cy643,crack_g_0.2,direct_mask_gate,0.0926823792892151,True,True,True,
pl8uabbv,crack_g_0.2,direct_mask_gate,0.0763652907483597,True,True,True,
cfe5vt7s,crack_g_0.2,direct_mask_gate,0.076158691316759,True,True,True,
rxax5ozo,crack_g_0.2,direct_mask_gate,0.0838391090445472,True,True,True,
3806gxp0,crack_g_0.2,direct_mask_gate,0.0760662914257636,True,True,True,
5n1q8atc,crack_g_0.3,direct_mask_gate,0.0241312691288434,True,True,True,
f1vzngrs,crack_g_0.3,direct_mask_gate,0.0377760380849104,True,True,True,
xgj4xftb,crack_g_0.3,direct_mask_gate,0.0721300148951074,True,True,True,
71vgq3fw,crack_g_0.3,direct_mask_gate,0.0592939395784485,True,True,True,
0grcilhi,crack_g_0.3,direct_mask_gate,0.0263086046283049,True,True,True,
i9jiqjwl,crack_g_0.3,direct_mask_gate,0.0390459133527877,True,True,True,
kbdh4tri,crack_g_0.3,direct_mask_gate,0.0687342103547619,True,True,True,
ptg8lmto,crack_g_0.3,direct_mask_gate,0.0685124420830969,True,True,True,
fzrt2k6r,crack_g_0.3,direct_mask_gate,0.0455206097042465,True,True,True,
mgxahqnk,crack_g_0.3,direct_mask_gate,0.0428278094918969,True,True,True,
tuy3zymq,crack_g_0.3,direct_mask_gate,0.0729233238436597,True,True,True,
r17byphk,crack_g_0.3,direct_mask_gate,0.0413648126016076,True,True,True,
4ih2ggld,crack_g_0.3,direct_mask_gate,0.0271639056824323,True,True,True,
iv6g2oq0,crack_g_0.3,direct_mask_gate,0.0350467888132546,True,True,True,
uhdslk0o,crack_g_0.3,direct_mask_gate,0.0389143630892133,True,True,True,
ffwubibz,crack_g_0.3,direct_mask_gate,0.0301867847878911,True,True,True,
hzumfsms,crack_g_0.3,direct_mask_gate,0.0499024258516016,True,True,True,
ufdvpb81,crack_g_0.3,direct_mask_gate,0.0475846499412495,True,True,True,
9luzk4jm,crack_g_0.3,direct_mask_gate,0.052037166140428,True,True,True,
utfgcjfa,crack_g_0.3,direct_mask_gate,0.0461097375721326,True,True,True,
vc2whyaq,crack_g_0.3,direct_mask_gate,0.055190360527194,True,True,True,
b3esycq1,crack_g_0.3,direct_mask_gate,0.0415398260727147,True,True,True,
hawkfj64,crack_g_0.3,direct_mask_gate,0.048119912631435,True,True,True,
epqdaau9,crack_g_0.3,direct_mask_gate,0.0475862674221522,True,True,True,
x7u69zsw,crack_g_0.3,direct_mask_gate,0.0595674105584523,True,True,True,
avn74qx1,crack_g_0.3,direct_mask_gate,0.0476142735564536,True,True,True,
x77cy643,crack_g_0.3,direct_mask_gate,0.0520759878782529,True,True,True,
pl8uabbv,crack_g_0.3,direct_mask_gate,0.0431591319291221,True,True,True,
cfe5vt7s,crack_g_0.3,direct_mask_gate,0.0430739197149612,True,True,True,
rxax5ozo,crack_g_0.3,direct_mask_gate,0.0475973842839922,True,True,True,
3806gxp0,crack_g_0.3,direct_mask_gate,0.041392855741465,True,True,True,
5n1q8atc,ridge_p97,direct_mask_gate,0.2967417734520068,True,True,True,
f1vzngrs,ridge_p97,direct_mask_gate,0.3979530218285597,True,True,True,
xgj4xftb,ridge_p97,direct_mask_gate,0.5415726021889826,True,True,True,
71vgq3fw,ridge_p97,direct_mask_gate,0.5025307000723819,True,True,True,
0grcilhi,ridge_p97,direct_mask_gate,0.3216869487560965,True,True,True,
i9jiqjwl,ridge_p97,direct_mask_gate,0.4086979467407185,True,True,True,
kbdh4tri,ridge_p97,direct_mask_gate,0.5374656961777934,True,True,True,
ptg8lmto,ridge_p97,direct_mask_gate,0.5812318261372064,True,True,True,
fzrt2k6r,ridge_p97,direct_mask_gate,0.4252036717747732,True,True,True,
mgxahqnk,ridge_p97,direct_mask_gate,0.3893755280963172,True,True,True,
tuy3zymq,ridge_p97,direct_mask_gate,0.5562891536872436,True,True,True,
r17byphk,ridge_p97,direct_mask_gate,0.3953460486791763,True,True,True,
4ih2ggld,ridge_p97,direct_mask_gate,0.318525914629316,True,True,True,
iv6g2oq0,ridge_p97,direct_mask_gate,0.369591842201037,True,True,True,
uhdslk0o,ridge_p97,direct_mask_gate,0.3941787220803945,True,True,True,
ffwubibz,ridge_p97,direct_mask_gate,0.3447072239933239,True,True,True,
hzumfsms,ridge_p97,direct_mask_gate,0.4384589235775445,True,True,True,
ufdvpb81,ridge_p97,direct_mask_gate,0.4943565329405051,True,True,True,
9luzk4jm,ridge_p97,direct_mask_gate,0.4601769291050293,True,True,True,
utfgcjfa,ridge_p97,direct_mask_gate,0.4218908014403728,True,True,True,
vc2whyaq,ridge_p97,direct_mask_gate,0.4756951975547947,True,True,True,
b3esycq1,ridge_p97,direct_mask_gate,0.3880011973799651,True,True,True,
hawkfj64,ridge_p97,direct_mask_gate,0.433303401906732,True,True,True,
epqdaau9,ridge_p97,direct_mask_gate,0.4682966403529123,True,True,True,
x7u69zsw,ridge_p97,direct_mask_gate,0.4855069403018637,True,True,True,
avn74qx1,ridge_p97,direct_mask_gate,0.4474312096409562,True,True,True,
x77cy643,ridge_p97,direct_mask_gate,0.4472296949923194,True,True,True,
pl8uabbv,ridge_p97,direct_mask_gate,0.410199262119528,True,True,True,
cfe5vt7s,ridge_p97,direct_mask_gate,0.4069812989892263,True,True,True,
rxax5ozo,ridge_p97,direct_mask_gate,0.4411629891346677,True,True,True,
3806gxp0,ridge_p97,direct_mask_gate,0.4166935343854598,True,True,True,
5n1q8atc,inlens_particle_texture,direct_mask_gate,0.3345396883630981,True,False,False,bright_low_contrast
f1vzngrs,inlens_particle_texture,direct_mask_gate,0.3629096349761982,True,True,True,
xgj4xftb,inlens_particle_texture,direct_mask_gate,0.135457824163609,True,True,True,
71vgq3fw,inlens_particle_texture,direct_mask_gate,0.1642938056003224,True,True,True,
0grcilhi,inlens_particle_texture,direct_mask_gate,0.1208430407547854,True,True,True,
i9jiqjwl,inlens_particle_texture,direct_mask_gate,0.3987206352462449,True,True,True,
kbdh4tri,inlens_particle_texture,direct_mask_gate,0.1226505888292309,True,True,True,
ptg8lmto,inlens_particle_texture,direct_mask_gate,0.2055208232605771,True,True,True,
fzrt2k6r,inlens_particle_texture,direct_mask_gate,0.3310705414446466,True,True,True,
mgxahqnk,inlens_particle_texture,direct_mask_gate,0.1391112564236337,True,True,True,
tuy3zymq,inlens_particle_texture,direct_mask_gate,0.1323842027492285,True,True,True,
r17byphk,inlens_particle_texture,direct_mask_gate,0.2368045246698889,True,True,True,
4ih2ggld,inlens_particle_texture,direct_mask_gate,0.303711976611634,True,False,False,bright_low_contrast
iv6g2oq0,inlens_particle_texture,direct_mask_gate,0.3012958041843755,True,True,True,
uhdslk0o,inlens_particle_texture,direct_mask_gate,0.3198812279398287,True,True,True,
ffwubibz,inlens_particle_texture,direct_mask_gate,0.2850868816682735,True,True,True,
hzumfsms,inlens_particle_texture,direct_mask_gate,0.2370083013084796,True,True,True,
ufdvpb81,inlens_particle_texture,direct_mask_gate,0.2656048100237461,True,True,True,
9luzk4jm,inlens_particle_texture,direct_mask_gate,0.274073114688542,True,True,True,
utfgcjfa,inlens_particle_texture,direct_mask_gate,0.1833578596195772,True,True,True,
vc2whyaq,inlens_particle_texture,direct_mask_gate,0.1836620465463787,True,True,True,
b3esycq1,inlens_particle_texture,direct_mask_gate,0.305344444459005,True,True,True,
hawkfj64,inlens_particle_texture,direct_mask_gate,0.1208779750375263,True,True,True,
epqdaau9,inlens_particle_texture,direct_mask_gate,0.3069440337908498,True,True,True,
x7u69zsw,inlens_particle_texture,direct_mask_gate,0.1328653438993309,True,True,True,
avn74qx1,inlens_particle_texture,direct_mask_gate,0.2265666716194677,True,True,True,
x77cy643,inlens_particle_texture,direct_mask_gate,0.17667829973157,True,True,True,
pl8uabbv,inlens_particle_texture,direct_mask_gate,0.3409451605670173,True,True,True,
cfe5vt7s,inlens_particle_texture,direct_mask_gate,0.2754587862060486,True,True,True,
rxax5ozo,inlens_particle_texture,direct_mask_gate,0.1786664604841163,True,True,True,
3806gxp0,inlens_particle_texture,direct_mask_gate,0.2349238189683304,True,True,True,
5n1q8atc,inlens_particle_texture_p90,direct_mask_gate,0.6301535364050422,True,False,False,bright_low_contrast
f1vzngrs,inlens_particle_texture_p90,direct_mask_gate,0.5583095487955098,True,True,True,
xgj4xftb,inlens_particle_texture_p90,direct_mask_gate,0.2289308244558123,True,True,True,
71vgq3fw,inlens_particle_texture_p90,direct_mask_gate,0.259465467330793,True,True,True,
0grcilhi,inlens_particle_texture_p90,direct_mask_gate,0.1729650957576092,True,True,True,
i9jiqjwl,inlens_particle_texture_p90,direct_mask_gate,0.600391786585151,True,True,True,
kbdh4tri,inlens_particle_texture_p90,direct_mask_gate,0.2136648330926885,True,True,True,
ptg8lmto,inlens_particle_texture_p90,direct_mask_gate,0.5611135035305606,True,True,True,
fzrt2k6r,inlens_particle_texture_p90,direct_mask_gate,0.5094188913626728,True,True,True,
mgxahqnk,inlens_particle_texture_p90,direct_mask_gate,0.1912482976167611,True,True,True,
tuy3zymq,inlens_particle_texture_p90,direct_mask_gate,0.2635307532980413,True,True,True,
r17byphk,inlens_particle_texture_p90,direct_mask_gate,0.4273646707495113,True,True,True,
4ih2ggld,inlens_particle_texture_p90,direct_mask_gate,0.6376699036840816,True,False,False,bright_low_contrast
iv6g2oq0,inlens_particle_texture_p90,direct_mask_gate,0.4661837332990377,True,True,True,
uhdslk0o,inlens_particle_texture_p90,direct_mask_gate,0.4778633601766738,True,True,True,
ffwubibz,inlens_particle_texture_p90,direct_mask_gate,0.430174978999128,True,True,True,
hzumfsms,inlens_particle_texture_p90,direct_mask_gate,0.3782870784194142,True,True,True,
ufdvpb81,inlens_particle_texture_p90,direct_mask_gate,0.4218620977994548,True,True,True,
9luzk4jm,inlens_particle_texture_p90,direct_mask_gate,0.3826975458459766,True,True,True,
utfgcjfa,inlens_particle_texture_p90,direct_mask_gate,0.2799867826933117,True,True,True,
vc2whyaq,inlens_particle_texture_p90,direct_mask_gate,0.2907780626914933,True,True,True,
b3esycq1,inlens_particle_texture_p90,direct_mask_gate,0.446878023250168,True,True,True,
hawkfj64,inlens_particle_texture_p90,direct_mask_gate,0.2245267090081627,True,True,True,
epqdaau9,inlens_particle_texture_p90,direct_mask_gate,0.4484424617293027,True,True,True,
x7u69zsw,inlens_particle_texture_p90,direct_mask_gate,0.3568084710724375,True,True,True,
avn74qx1,inlens_particle_texture_p90,direct_mask_gate,0.312899905553756,True,True,True,
x77cy643,inlens_particle_texture_p90,direct_mask_gate,0.2602547359070872,True,True,True,
pl8uabbv,inlens_particle_texture_p90,direct_mask_gate,0.5047508716179325,True,True,True,
cfe5vt7s,inlens_particle_texture_p90,direct_mask_gate,0.4925731423280021,True,True,True,
rxax5ozo,inlens_particle_texture_p90,direct_mask_gate,0.3103325233428283,True,True,True,
3806gxp0,inlens_particle_texture_p90,direct_mask_gate,0.3240228133580439,True,True,True,
5n1q8atc,inlens_speckled_particle_frac,direct_mask_gate,0.1481481481481481,True,False,False,bright_low_contrast
f1vzngrs,inlens_speckled_particle_frac,direct_mask_gate,0.1666666666666666,True,True,True,
xgj4xftb,inlens_speckled_particle_frac,direct_mask_gate,0.0,True,True,True,
71vgq3fw,inlens_speckled_particle_frac,direct_mask_gate,0.0,True,True,True,
0grcilhi,inlens_speckled_particle_frac,direct_mask_gate,0.0,True,True,True,
i9jiqjwl,inlens_speckled_particle_frac,direct_mask_gate,0.2022471910112359,True,True,True,
kbdh4tri,inlens_speckled_particle_frac,direct_mask_gate,0.0,True,True,True,
ptg8lmto,inlens_speckled_particle_frac,direct_mask_gate,0.1111111111111111,True,True,True,
fzrt2k6r,inlens_speckled_particle_frac,direct_mask_gate,0.1168831168831168,True,True,True,
mgxahqnk,inlens_speckled_particle_frac,direct_mask_gate,0.0,True,True,True,
tuy3zymq,inlens_speckled_particle_frac,direct_mask_gate,0.0,True,True,True,
r17byphk,inlens_speckled_particle_frac,direct_mask_gate,0.037037037037037,True,True,True,
4ih2ggld,inlens_speckled_particle_frac,direct_mask_gate,0.1739130434782608,True,False,False,bright_low_contrast
iv6g2oq0,inlens_speckled_particle_frac,direct_mask_gate,0.0377358490566037,True,True,True,
uhdslk0o,inlens_speckled_particle_frac,direct_mask_gate,0.0714285714285714,True,True,True,
ffwubibz,inlens_speckled_particle_frac,direct_mask_gate,0.0555555555555555,True,True,True,
hzumfsms,inlens_speckled_particle_frac,direct_mask_gate,0.0298507462686567,True,True,True,
ufdvpb81,inlens_speckled_particle_frac,direct_mask_gate,0.0394736842105263,True,True,True,
9luzk4jm,inlens_speckled_particle_frac,direct_mask_gate,0.0526315789473684,True,True,True,
utfgcjfa,inlens_speckled_particle_frac,direct_mask_gate,0.0,True,True,True,
vc2whyaq,inlens_speckled_particle_frac,direct_mask_gate,0.025,True,True,True,
b3esycq1,inlens_speckled_particle_frac,direct_mask_gate,0.0581395348837209,True,True,True,
hawkfj64,inlens_speckled_particle_frac,direct_mask_gate,0.0,True,True,True,
epqdaau9,inlens_speckled_particle_frac,direct_mask_gate,0.0684931506849315,True,True,True,
x7u69zsw,inlens_speckled_particle_frac,direct_mask_gate,0.0202020202020202,True,True,True,
avn74qx1,inlens_speckled_particle_frac,direct_mask_gate,0.0327868852459016,True,True,True,
x77cy643,inlens_speckled_particle_frac,direct_mask_gate,0.0,True,True,True,
pl8uabbv,inlens_speckled_particle_frac,direct_mask_gate,0.1287128712871287,True,True,True,
cfe5vt7s,inlens_speckled_particle_frac,direct_mask_gate,0.0933333333333333,True,True,True,
rxax5ozo,inlens_speckled_particle_frac,direct_mask_gate,0.0,True,True,True,
3806gxp0,inlens_speckled_particle_frac,direct_mask_gate,0.0,True,True,True,
5n1q8atc,inlens_grad_energy,direct_mask_gate,0.1708405534687901,True,True,True,
f1vzngrs,inlens_grad_energy,direct_mask_gate,0.172606174408251,True,True,True,
xgj4xftb,inlens_grad_energy,direct_mask_gate,0.0571513209593118,True,True,True,
71vgq3fw,inlens_grad_energy,direct_mask_gate,0.067224546782363,True,True,True,
0grcilhi,inlens_grad_energy,direct_mask_gate,0.0754369783894067,True,True,True,
i9jiqjwl,inlens_grad_energy,direct_mask_gate,0.2069580772507437,True,True,True,
kbdh4tri,inlens_grad_energy,direct_mask_gate,0.0602402107941385,True,True,True,
ptg8lmto,inlens_grad_energy,direct_mask_gate,0.0834486721782708,True,True,True,
fzrt2k6r,inlens_grad_energy,direct_mask_gate,0.1816785046062025,True,True,True,
mgxahqnk,inlens_grad_energy,direct_mask_gate,0.0702651312398544,True,True,True,
tuy3zymq,inlens_grad_energy,direct_mask_gate,0.0590909080165289,True,True,True,
r17byphk,inlens_grad_energy,direct_mask_gate,0.1218530205214136,True,True,True,
4ih2ggld,inlens_grad_energy,direct_mask_gate,0.1511314356904587,True,True,True,
iv6g2oq0,inlens_grad_energy,direct_mask_gate,0.1451845082296506,True,True,True,
uhdslk0o,inlens_grad_energy,direct_mask_gate,0.1606545853265776,True,True,True,
ffwubibz,inlens_grad_energy,direct_mask_gate,0.1548548795584244,True,True,True,
hzumfsms,inlens_grad_energy,direct_mask_gate,0.1264300154974099,True,True,True,
ufdvpb81,inlens_grad_energy,direct_mask_gate,0.1262674044777089,True,True,True,
9luzk4jm,inlens_grad_energy,direct_mask_gate,0.1437472230179229,True,True,True,
utfgcjfa,inlens_grad_energy,direct_mask_gate,0.0667806619351275,True,True,True,
vc2whyaq,inlens_grad_energy,direct_mask_gate,0.0807938510094065,True,True,True,
b3esycq1,inlens_grad_energy,direct_mask_gate,0.1712181260209483,True,True,True,
hawkfj64,inlens_grad_energy,direct_mask_gate,0.0680590793820107,True,True,True,
epqdaau9,inlens_grad_energy,direct_mask_gate,0.1500688519916497,True,True,True,
x7u69zsw,inlens_grad_energy,direct_mask_gate,0.0587185098352315,True,True,True,
avn74qx1,inlens_grad_energy,direct_mask_gate,0.110070332683318,True,True,True,
x77cy643,inlens_grad_energy,direct_mask_gate,0.0671911430441171,True,True,True,
pl8uabbv,inlens_grad_energy,direct_mask_gate,0.1777777738271606,True,True,True,
cfe5vt7s,inlens_grad_energy,direct_mask_gate,0.1289950957180925,True,True,True,
rxax5ozo,inlens_grad_energy,direct_mask_gate,0.0703943306338092,True,True,True,
3806gxp0,inlens_grad_energy,direct_mask_gate,0.1101094063146198,True,True,True,
5n1q8atc,pore_frac,dependency_gate,0.0654290648902047,True,True,True,
f1vzngrs,pore_frac,dependency_gate,0.0618012769353551,True,True,True,
xgj4xftb,pore_frac,dependency_gate,0.0860149769585253,True,True,True,
71vgq3fw,pore_frac,dependency_gate,0.0766396671289875,True,False,False,raised_black_level
0grcilhi,pore_frac,dependency_gate,0.1284741146458583,True,True,True,
i9jiqjwl,pore_frac,dependency_gate,0.0754373113682092,True,True,True,
kbdh4tri,pore_frac,dependency_gate,0.0731418169209431,True,False,False,raised_black_level
ptg8lmto,pore_frac,dependency_gate,0.0821685572492024,True,True,True,
fzrt2k6r,pore_frac,dependency_gate,0.0960214683275907,True,True,True,
mgxahqnk,pore_frac,dependency_gate,0.0962781362545018,True,True,True,
tuy3zymq,pore_frac,dependency_gate,0.0807240638002774,True,False,False,raised_black_level
r17byphk,pore_frac,dependency_gate,0.080769162087912,True,True,True,
4ih2ggld,pore_frac,dependency_gate,0.1020884374095831,True,True,True,
iv6g2oq0,pore_frac,dependency_gate,0.106334592535193,True,True,True,
uhdslk0o,pore_frac,dependency_gate,0.0920687689969604,True,True,True,
ffwubibz,pore_frac,dependency_gate,0.0825026098901099,True,True,True,
hzumfsms,pore_frac,dependency_gate,0.1412980979748221,True,True,True,
ufdvpb81,pore_frac,dependency_gate,0.1197936507936508,True,True,True,
9luzk4jm,pore_frac,dependency_gate,0.1201370415982484,True,True,True,
utfgcjfa,pore_frac,dependency_gate,0.097581320301294,True,True,True,
vc2whyaq,pore_frac,dependency_gate,0.082796214423874,True,True,True,
b3esycq1,pore_frac,dependency_gate,0.0941631327855817,True,True,True,
hawkfj64,pore_frac,dependency_gate,0.0930740546218487,True,True,True,
epqdaau9,pore_frac,dependency_gate,0.0713448529904226,True,True,True,
x7u69zsw,pore_frac,dependency_gate,0.0630660887656033,True,False,False,raised_black_level
avn74qx1,pore_frac,dependency_gate,0.0748934151785714,True,True,True,
x77cy643,pore_frac,dependency_gate,0.0947570344148023,True,True,True,
pl8uabbv,pore_frac,dependency_gate,0.1044060613682092,True,True,True,
cfe5vt7s,pore_frac,dependency_gate,0.0798627747252747,True,True,True,
rxax5ozo,pore_frac,dependency_gate,0.0843286128764852,True,True,True,
3806gxp0,pore_frac,dependency_gate,0.0728838588169642,True,True,True,
5n1q8atc,pore_d50,dependency_gate,90.1786059563103,True,True,True,
f1vzngrs,pore_d50,dependency_gate,59.814739995303896,True,True,True,
xgj4xftb,pore_d50,dependency_gate,91.04278904024144,True,True,True,
71vgq3fw,pore_d50,dependency_gate,77.66167473992861,True,False,False,raised_black_level
0grcilhi,pore_d50,dependency_gate,177.97655293302367,True,True,True,
i9jiqjwl,pore_d50,dependency_gate,86.21584809165819,True,True,True,
kbdh4tri,pore_d50,dependency_gate,71.80074454093547,True,False,False,raised_black_level
ptg8lmto,pore_d50,dependency_gate,83.52292778395616,True,True,True,
fzrt2k6r,pore_d50,dependency_gate,113.344549963277,True,True,True,
mgxahqnk,pore_d50,dependency_gate,103.7924842558661,True,True,True,
tuy3zymq,pore_d50,dependency_gate,84.97376923611844,True,False,False,raised_black_level
r17byphk,pore_d50,dependency_gate,111.14391599642578,True,True,True,
4ih2ggld,pore_d50,dependency_gate,140.0645383574279,True,True,True,
iv6g2oq0,pore_d50,dependency_gate,122.66161461572,True,True,True,
uhdslk0o,pore_d50,dependency_gate,102.51497062499718,True,True,True,
ffwubibz,pore_d50,dependency_gate,108.25385337133471,True,True,True,
hzumfsms,pore_d50,dependency_gate,162.7097718444662,True,True,True,
ufdvpb81,pore_d50,dependency_gate,162.435658294436,True,True,True,
9luzk4jm,pore_d50,dependency_gate,130.15060085591847,True,True,True,
utfgcjfa,pore_d50,dependency_gate,112.55546841497691,True,True,True,
vc2whyaq,pore_d50,dependency_gate,106.72582146416472,True,True,True,
b3esycq1,pore_d50,dependency_gate,98.51855180379049,True,True,True,
hawkfj64,pore_d50,dependency_gate,100.9126844296188,True,True,True,
epqdaau9,pore_d50,dependency_gate,78.20082821404762,True,True,True,
x7u69zsw,pore_d50,dependency_gate,67.41062182742269,True,False,False,raised_black_level
avn74qx1,pore_d50,dependency_gate,105.68883822789226,True,True,True,
x77cy643,pore_d50,dependency_gate,105.121101634051,True,True,True,
pl8uabbv,pore_d50,dependency_gate,106.79141633199202,True,True,True,
cfe5vt7s,pore_d50,dependency_gate,85.23558436626594,True,True,True,
rxax5ozo,pore_d50,dependency_gate,96.73178078717828,True,True,True,
3806gxp0,pore_d50,dependency_gate,81.55613638284056,True,True,True,
5n1q8atc,pore_elong,dependency_gate,2.848614953424292,True,True,True,
f1vzngrs,pore_elong,dependency_gate,3.529312132263265,True,True,True,
xgj4xftb,pore_elong,dependency_gate,3.7984867618983857,True,True,True,
71vgq3fw,pore_elong,dependency_gate,3.203588589749033,True,False,False,raised_black_level
0grcilhi,pore_elong,dependency_gate,3.8392664643019887,True,True,True,
i9jiqjwl,pore_elong,dependency_gate,2.882301912119975,True,True,True,
kbdh4tri,pore_elong,dependency_gate,3.2972935540293573,True,False,False,raised_black_level
ptg8lmto,pore_elong,dependency_gate,3.804424084431489,True,True,True,
fzrt2k6r,pore_elong,dependency_gate,3.5807365705696697,True,True,True,
mgxahqnk,pore_elong,dependency_gate,3.3887800404934088,True,True,True,
tuy3zymq,pore_elong,dependency_gate,3.67959935691903,True,False,False,raised_black_level
r17byphk,pore_elong,dependency_gate,3.489662574598563,True,True,True,
4ih2ggld,pore_elong,dependency_gate,3.068601528144511,True,True,True,
iv6g2oq0,pore_elong,dependency_gate,3.586526202720578,True,True,True,
uhdslk0o,pore_elong,dependency_gate,3.41838819779335,True,True,True,
ffwubibz,pore_elong,dependency_gate,3.2522864137267713,True,True,True,
hzumfsms,pore_elong,dependency_gate,3.905375599673969,True,True,True,
ufdvpb81,pore_elong,dependency_gate,4.047983432744437,True,True,True,
9luzk4jm,pore_elong,dependency_gate,3.302523473173465,True,True,True,
utfgcjfa,pore_elong,dependency_gate,3.3249345407091675,True,True,True,
vc2whyaq,pore_elong,dependency_gate,3.6808452065581103,True,True,True,
b3esycq1,pore_elong,dependency_gate,3.180131748887445,True,True,True,
hawkfj64,pore_elong,dependency_gate,3.4726318155175337,True,True,True,
epqdaau9,pore_elong,dependency_gate,3.433805375701753,True,True,True,
x7u69zsw,pore_elong,dependency_gate,3.152999595478895,True,False,False,raised_black_level
avn74qx1,pore_elong,dependency_gate,3.698612313308659,True,True,True,
x77cy643,pore_elong,dependency_gate,3.618455172706924,True,True,True,
pl8uabbv,pore_elong,dependency_gate,3.194286744490535,True,True,True,
cfe5vt7s,pore_elong,dependency_gate,3.1846934561541405,True,True,True,
rxax5ozo,pore_elong,dependency_gate,3.513999094250574,True,True,True,
3806gxp0,pore_elong,dependency_gate,3.408844918966383,True,True,True,
5n1q8atc,pore_max_d,dependency_gate,224.4595482156426,True,True,True,
f1vzngrs,pore_max_d,dependency_gate,193.959812405276,True,True,True,
xgj4xftb,pore_max_d,dependency_gate,341.2297706326789,True,True,True,
71vgq3fw,pore_max_d,dependency_gate,278.2410057451576,True,False,False,raised_black_level
0grcilhi,pore_max_d,dependency_gate,449.8356823620434,True,True,True,
i9jiqjwl,pore_max_d,dependency_gate,235.52871104085443,True,True,True,
kbdh4tri,pore_max_d,dependency_gate,203.9028300288694,True,False,False,raised_black_level
ptg8lmto,pore_max_d,dependency_gate,265.50020887971596,True,True,True,
fzrt2k6r,pore_max_d,dependency_gate,304.21278130459166,True,True,True,
mgxahqnk,pore_max_d,dependency_gate,274.89873309842915,True,True,True,
tuy3zymq,pore_max_d,dependency_gate,207.63096528501688,True,False,False,raised_black_level
r17byphk,pore_max_d,dependency_gate,253.5867434358392,True,True,True,
4ih2ggld,pore_max_d,dependency_gate,333.64742863648746,True,True,True,
iv6g2oq0,pore_max_d,dependency_gate,290.8417824075923,True,True,True,
uhdslk0o,pore_max_d,dependency_gate,282.6651749875914,True,True,True,
ffwubibz,pore_max_d,dependency_gate,200.96873288784028,True,True,True,
hzumfsms,pore_max_d,dependency_gate,599.372241621278,True,True,True,
ufdvpb81,pore_max_d,dependency_gate,456.91554461484446,True,True,True,
9luzk4jm,pore_max_d,dependency_gate,340.6995103244586,True,True,True,
utfgcjfa,pore_max_d,dependency_gate,418.72902692176126,True,True,True,
vc2whyaq,pore_max_d,dependency_gate,375.37733972137386,True,True,True,
b3esycq1,pore_max_d,dependency_gate,282.6111169110161,True,True,True,
hawkfj64,pore_max_d,dependency_gate,235.52600808620176,True,True,True,
epqdaau9,pore_max_d,dependency_gate,240.94264263969495,True,True,True,
x7u69zsw,pore_max_d,dependency_gate,231.86750478763133,True,False,False,raised_black_level
avn74qx1,pore_max_d,dependency_gate,263.25838049153225,True,True,True,
x77cy643,pore_max_d,dependency_gate,269.1675125531775,True,True,True,
pl8uabbv,pore_max_d,dependency_gate,355.08821280856176,True,True,True,
cfe5vt7s,pore_max_d,dependency_gate,206.5827753236779,True,True,True,
rxax5ozo,pore_max_d,dependency_gate,260.17644089318486,True,True,True,
3806gxp0,pore_max_d,dependency_gate,203.52782450666,True,True,True,
5n1q8atc,crack_frac,dependency_gate,0.0082204539847026,True,True,True,
f1vzngrs,crack_frac,dependency_gate,0.0013474328278797,True,True,True,
xgj4xftb,crack_frac,dependency_gate,0.0191075859624246,True,True,True,
71vgq3fw,crack_frac,dependency_gate,0.01070173370319,True,False,False,raised_black_level
0grcilhi,crack_frac,dependency_gate,0.062359618847539,True,True,True,
i9jiqjwl,crack_frac,dependency_gate,0.0027394994969818,True,True,True,
kbdh4tri,crack_frac,dependency_gate,0.0081428571428571,True,False,False,raised_black_level
ptg8lmto,crack_frac,dependency_gate,0.0163048564338886,True,True,True,
fzrt2k6r,crack_frac,dependency_gate,0.0236179432812085,True,True,True,
mgxahqnk,crack_frac,dependency_gate,0.0177163115246098,True,True,True,
tuy3zymq,crack_frac,dependency_gate,0.0101244105409153,True,False,False,raised_black_level
r17byphk,crack_frac,dependency_gate,0.0258304945054945,True,True,True,
4ih2ggld,crack_frac,dependency_gate,0.037349926580301,True,True,True,
iv6g2oq0,crack_frac,dependency_gate,0.0325890320289293,True,True,True,
uhdslk0o,crack_frac,dependency_gate,0.0217822948328267,True,True,True,
ffwubibz,crack_frac,dependency_gate,0.0154964972527472,True,True,True,
hzumfsms,crack_frac,dependency_gate,0.0606618089764641,True,True,True,
ufdvpb81,crack_frac,dependency_gate,0.0478168445539135,True,True,True,
9luzk4jm,crack_frac,dependency_gate,0.0361128899835796,True,True,True,
utfgcjfa,crack_frac,dependency_gate,0.0240316240393792,True,True,True,
vc2whyaq,crack_frac,dependency_gate,0.023861356728378,True,True,True,
b3esycq1,crack_frac,dependency_gate,0.0160510204081632,True,True,True,
hawkfj64,crack_frac,dependency_gate,0.0200887605042016,True,True,True,
epqdaau9,crack_frac,dependency_gate,0.0098826602370906,True,True,True,
x7u69zsw,crack_frac,dependency_gate,0.0056651178918169,True,False,False,raised_black_level
avn74qx1,crack_frac,dependency_gate,0.0180074637276785,True,True,True,
x77cy643,crack_frac,dependency_gate,0.0219409709665539,True,True,True,
pl8uabbv,crack_frac,dependency_gate,0.0201550553319919,True,True,True,
cfe5vt7s,crack_frac,dependency_gate,0.0055852335164835,True,True,True,
rxax5ozo,crack_frac,dependency_gate,0.0145303951367781,True,True,True,
3806gxp0,crack_frac,dependency_gate,0.0044563337053571,True,True,True,
5n1q8atc,crack_count_per_Mpx,dependency_gate,0.308413520848754,True,True,True,
f1vzngrs,crack_count_per_Mpx,dependency_gate,0.0665070497472732,True,True,True,
xgj4xftb,crack_count_per_Mpx,dependency_gate,0.3544842254519673,True,True,True,
71vgq3fw,crack_count_per_Mpx,dependency_gate,0.3467406380027739,True,False,False,raised_black_level
0grcilhi,crack_count_per_Mpx,dependency_gate,0.975390156062425,True,True,True,
i9jiqjwl,crack_count_per_Mpx,dependency_gate,0.0628772635814889,True,True,True,
kbdh4tri,crack_count_per_Mpx,dependency_gate,0.3467406380027739,True,False,False,raised_black_level
ptg8lmto,crack_count_per_Mpx,dependency_gate,0.6203473945409429,True,True,True,
fzrt2k6r,crack_count_per_Mpx,dependency_gate,0.5300821627352239,True,True,True,
mgxahqnk,crack_count_per_Mpx,dependency_gate,0.6002400960384154,True,True,True,
tuy3zymq,crack_count_per_Mpx,dependency_gate,0.4160887656033287,True,False,False,raised_black_level
r17byphk,crack_count_per_Mpx,dependency_gate,0.8928571428571428,True,True,True,
4ih2ggld,crack_count_per_Mpx,dependency_gate,0.8640516021491678,True,True,True,
iv6g2oq0,crack_count_per_Mpx,dependency_gate,0.9686168151879117,True,True,True,
uhdslk0o,crack_count_per_Mpx,dependency_gate,0.7598784194528875,True,True,True,
ffwubibz,crack_count_per_Mpx,dependency_gate,0.6181318681318682,True,True,True,
hzumfsms,crack_count_per_Mpx,dependency_gate,0.4105090311986863,True,True,True,
ufdvpb81,crack_count_per_Mpx,dependency_gate,1.0946907498631635,True,True,True,
9luzk4jm,crack_count_per_Mpx,dependency_gate,0.8210180623973727,True,True,True,
utfgcjfa,crack_count_per_Mpx,dependency_gate,0.552954824696732,True,True,True,
vc2whyaq,crack_count_per_Mpx,dependency_gate,0.5526388505111909,True,True,True,
b3esycq1,crack_count_per_Mpx,dependency_gate,0.5300821627352239,True,True,True,
hawkfj64,crack_count_per_Mpx,dependency_gate,0.6752701080432173,True,True,True,
epqdaau9,crack_count_per_Mpx,dependency_gate,0.2678990020762173,True,True,True,
x7u69zsw,crack_count_per_Mpx,dependency_gate,0.2080443828016643,True,False,False,raised_black_level
avn74qx1,crack_count_per_Mpx,dependency_gate,0.5580357142857143,True,True,True,
x77cy643,crack_count_per_Mpx,dependency_gate,0.691193530870915,True,True,True,
pl8uabbv,crack_count_per_Mpx,dependency_gate,0.4401408450704225,True,True,True,
cfe5vt7s,crack_count_per_Mpx,dependency_gate,0.206043956043956,True,True,True,
rxax5ozo,crack_count_per_Mpx,dependency_gate,0.483558994197292,True,True,True,
3806gxp0,crack_count_per_Mpx,dependency_gate,0.2092633928571428,True,True,True,
5n1q8atc,bright_frac,dependency_gate,0.170339748334567,True,False,False,bright_low_contrast
f1vzngrs,bright_frac,dependency_gate,0.066974461292897,True,True,True,
xgj4xftb,bright_frac,dependency_gate,0.0500412087912087,True,True,True,
71vgq3fw,bright_frac,dependency_gate,0.0591480582524271,True,True,True,
0grcilhi,bright_frac,dependency_gate,0.0455404411764705,True,True,True,
i9jiqjwl,bright_frac,dependency_gate,0.0563053319919517,True,True,True,
kbdh4tri,bright_frac,dependency_gate,0.0533211511789181,True,True,True,
ptg8lmto,bright_frac,dependency_gate,0.0491612017015242,True,True,True,
fzrt2k6r,bright_frac,dependency_gate,0.0602031539888682,True,True,True,
mgxahqnk,bright_frac,dependency_gate,0.0642875900360144,True,True,True,
tuy3zymq,bright_frac,dependency_gate,0.0435880721220527,True,True,True,
r17byphk,bright_frac,dependency_gate,0.0419263736263736,True,True,True,
4ih2ggld,bright_frac,dependency_gate,0.1234153293616584,True,False,False,bright_low_contrast
iv6g2oq0,bright_frac,dependency_gate,0.0540415536613715,True,True,True,
uhdslk0o,bright_frac,dependency_gate,0.0608057750759878,True,True,True,
ffwubibz,bright_frac,dependency_gate,0.0445837912087912,True,True,True,
hzumfsms,bright_frac,dependency_gate,0.0461386836343732,True,True,True,
ufdvpb81,bright_frac,dependency_gate,0.0503623426382047,True,True,True,
9luzk4jm,bright_frac,dependency_gate,0.0568979200875752,True,True,True,
utfgcjfa,bright_frac,dependency_gate,0.0553903833414617,True,True,True,
vc2whyaq,bright_frac,dependency_gate,0.056152528322741,True,True,True,
b3esycq1,bright_frac,dependency_gate,0.0786697588126159,True,True,True,
hawkfj64,bright_frac,dependency_gate,0.0400761554621848,True,True,True,
epqdaau9,bright_frac,dependency_gate,0.0589849976558837,True,True,True,
x7u69zsw,bright_frac,dependency_gate,0.0756764909847434,True,True,True,
avn74qx1,bright_frac,dependency_gate,0.0414603794642857,True,True,True,
x77cy643,bright_frac,dependency_gate,0.0604133558496537,True,True,True,
pl8uabbv,bright_frac,dependency_gate,0.0528852489939637,True,True,True,
cfe5vt7s,bright_frac,dependency_gate,0.0602787087912087,True,True,True,
rxax5ozo,bright_frac,dependency_gate,0.0510631389886709,True,True,True,
3806gxp0,bright_frac,dependency_gate,0.0551821986607142,True,True,True,
5n1q8atc,bright_count_per_Mpx,dependency_gate,133.66641993585,True,False,False,bright_low_contrast
f1vzngrs,bright_count_per_Mpx,dependency_gate,16.56025538707103,True,True,True,
xgj4xftb,bright_count_per_Mpx,dependency_gate,10.280042538107054,True,True,True,
71vgq3fw,bright_count_per_Mpx,dependency_gate,14.285714285714286,True,True,True,
0grcilhi,bright_count_per_Mpx,dependency_gate,11.179471788715489,True,True,True,
i9jiqjwl,bright_count_per_Mpx,dependency_gate,19.11468812877263,True,True,True,
kbdh4tri,bright_count_per_Mpx,dependency_gate,20.73509015256588,True,True,True,
ptg8lmto,bright_count_per_Mpx,dependency_gate,14.53385324353066,True,True,True,
fzrt2k6r,bright_count_per_Mpx,dependency_gate,15.70368407103101,True,True,True,
mgxahqnk,bright_count_per_Mpx,dependency_gate,10.87935174069628,True,True,True,
tuy3zymq,bright_count_per_Mpx,dependency_gate,20.388349514563107,True,True,True,
r17byphk,bright_count_per_Mpx,dependency_gate,16.346153846153847,True,True,True,
4ih2ggld,bright_count_per_Mpx,dependency_gate,125.16404636846516,True,False,False,bright_low_contrast
iv6g2oq0,bright_count_per_Mpx,dependency_gate,14.771406431615652,True,True,True,
uhdslk0o,bright_count_per_Mpx,dependency_gate,17.705167173252278,True,True,True,
ffwubibz,bright_count_per_Mpx,dependency_gate,11.744505494505496,True,True,True,
hzumfsms,bright_count_per_Mpx,dependency_gate,12.246852764094143,True,True,True,
ufdvpb81,bright_count_per_Mpx,dependency_gate,15.32567049808429,True,True,True,
9luzk4jm,bright_count_per_Mpx,dependency_gate,12.999452654625069,True,True,True,
utfgcjfa,bright_count_per_Mpx,dependency_gate,14.998899619898854,True,True,True,
vc2whyaq,bright_count_per_Mpx,dependency_gate,12.434374136501797,True,True,True,
b3esycq1,bright_count_per_Mpx,dependency_gate,22.329711105221307,True,True,True,
hawkfj64,bright_count_per_Mpx,dependency_gate,12.379951980792317,True,True,True,
epqdaau9,bright_count_per_Mpx,dependency_gate,13.997722858482351,True,True,True,
x7u69zsw,bright_count_per_Mpx,dependency_gate,21.844660194174757,True,True,True,
avn74qx1,bright_count_per_Mpx,dependency_gate,10.672433035714285,True,True,True,
x77cy643,bright_count_per_Mpx,dependency_gate,13.201796439634476,True,True,True,
pl8uabbv,bright_count_per_Mpx,dependency_gate,18.045774647887324,True,True,True,
cfe5vt7s,bright_count_per_Mpx,dependency_gate,16.895604395604394,True,True,True,
rxax5ozo,bright_count_per_Mpx,dependency_gate,12.434374136501797,True,True,True,
3806gxp0,bright_count_per_Mpx,dependency_gate,13.323102678571429,True,True,True,
5n1q8atc,bright_d50,dependency_gate,220.51081201028637,True,False,False,bright_low_contrast
f1vzngrs,bright_d50,dependency_gate,165.31428730813175,True,True,True,
xgj4xftb,bright_d50,dependency_gate,190.84291230524997,True,True,True,
71vgq3fw,bright_d50,dependency_gate,154.72378588992234,True,True,True,
0grcilhi,bright_d50,dependency_gate,149.57303246421645,True,True,True,
i9jiqjwl,bright_d50,dependency_gate,140.21444936330795,True,True,True,
kbdh4tri,bright_d50,dependency_gate,137.6530090653622,True,True,True,
ptg8lmto,bright_d50,dependency_gate,137.9302188696618,True,True,True,
fzrt2k6r,bright_d50,dependency_gate,164.97119526970187,True,True,True,
mgxahqnk,bright_d50,dependency_gate,208.74404647671145,True,True,True,
tuy3zymq,bright_d50,dependency_gate,134.55182305189803,True,True,True,
r17byphk,bright_d50,dependency_gate,152.97758931370402,True,True,True,
4ih2ggld,bright_d50,dependency_gate,164.86697001220787,True,False,False,bright_low_contrast
iv6g2oq0,bright_d50,dependency_gate,174.81867403763852,True,True,True,
uhdslk0o,bright_d50,dependency_gate,199.7772929270702,True,True,True,
ffwubibz,bright_d50,dependency_gate,144.23404910570812,True,True,True,
hzumfsms,bright_d50,dependency_gate,136.59914175460185,True,True,True,
ufdvpb81,bright_d50,dependency_gate,145.72701316721543,True,True,True,
9luzk4jm,bright_d50,dependency_gate,143.33080636870028,True,True,True,
utfgcjfa,bright_d50,dependency_gate,192.48045166380865,True,True,True,
vc2whyaq,bright_d50,dependency_gate,154.18383683042208,True,True,True,
b3esycq1,bright_d50,dependency_gate,172.3282888599633,True,True,True,
hawkfj64,bright_d50,dependency_gate,121.1576605553759,True,True,True,
epqdaau9,bright_d50,dependency_gate,164.80517579339093,True,True,True,
x7u69zsw,bright_d50,dependency_gate,146.44170735133602,True,True,True,
avn74qx1,bright_d50,dependency_gate,130.15549217263688,True,True,True,
x77cy643,bright_d50,dependency_gate,136.0480917242688,True,True,True,
pl8uabbv,bright_d50,dependency_gate,133.55929777345952,True,True,True,
cfe5vt7s,bright_d50,dependency_gate,177.68658078425008,True,True,True,
rxax5ozo,bright_d50,dependency_gate,163.82495647328125,True,True,True,
3806gxp0,bright_d50,dependency_gate,172.93308077617627,True,True,True,
5n1q8atc,bright_d90,dependency_gate,452.6586942224133,True,False,False,bright_low_contrast
f1vzngrs,bright_d90,dependency_gate,228.9636761910622,True,True,True,
xgj4xftb,bright_d90,dependency_gate,319.01815510997335,True,True,True,
71vgq3fw,bright_d90,dependency_gate,260.1984618550762,True,True,True,
0grcilhi,bright_d90,dependency_gate,250.4035834808037,True,True,True,
i9jiqjwl,bright_d90,dependency_gate,254.4513786351486,True,True,True,
kbdh4tri,bright_d90,dependency_gate,221.0385058086541,True,True,True,
ptg8lmto,bright_d90,dependency_gate,293.5304413382511,True,True,True,
fzrt2k6r,bright_d90,dependency_gate,226.54301924620177,True,True,True,
mgxahqnk,bright_d90,dependency_gate,345.31721115899643,True,True,True,
tuy3zymq,bright_d90,dependency_gate,230.70318473965477,True,True,True,
r17byphk,bright_d90,dependency_gate,255.1235103373688,True,True,True,
4ih2ggld,bright_d90,dependency_gate,295.3056884966086,True,False,False,bright_low_contrast
iv6g2oq0,bright_d90,dependency_gate,230.3441735929166,True,True,True,
uhdslk0o,bright_d90,dependency_gate,280.9550832702643,True,True,True,
ffwubibz,bright_d90,dependency_gate,218.6028970370707,True,True,True,
hzumfsms,bright_d90,dependency_gate,253.51644076694816,True,True,True,
ufdvpb81,bright_d90,dependency_gate,242.6985945953089,True,True,True,
9luzk4jm,bright_d90,dependency_gate,236.7123272766018,True,True,True,
utfgcjfa,bright_d90,dependency_gate,253.9931126086714,True,True,True,
vc2whyaq,bright_d90,dependency_gate,237.46417194438172,True,True,True,
b3esycq1,bright_d90,dependency_gate,241.79193571251392,True,True,True,
hawkfj64,bright_d90,dependency_gate,192.76468264065124,True,True,True,
epqdaau9,bright_d90,dependency_gate,261.89823885323847,True,True,True,
x7u69zsw,bright_d90,dependency_gate,318.55484883359173,True,True,True,
avn74qx1,bright_d90,dependency_gate,278.50171738460904,True,True,True,
x77cy643,bright_d90,dependency_gate,237.59817956892607,True,True,True,
pl8uabbv,bright_d90,dependency_gate,232.4598019402603,True,True,True,
cfe5vt7s,bright_d90,dependency_gate,259.71602060988596,True,True,True,
rxax5ozo,bright_d90,dependency_gate,236.101038769528,True,True,True,
3806gxp0,bright_d90,dependency_gate,231.7933612266201,True,True,True,
5n1q8atc,bright_circ,dependency_gate,0.1431136237187756,True,False,False,bright_low_contrast
f1vzngrs,bright_circ,dependency_gate,0.4063957707277821,True,True,True,
xgj4xftb,bright_circ,dependency_gate,0.3978723272235204,True,True,True,
71vgq3fw,bright_circ,dependency_gate,0.3588173884629991,True,True,True,
0grcilhi,bright_circ,dependency_gate,0.3231235691836798,True,True,True,
i9jiqjwl,bright_circ,dependency_gate,0.3507967401025371,True,True,True,
kbdh4tri,bright_circ,dependency_gate,0.4010768366411811,True,True,True,
ptg8lmto,bright_circ,dependency_gate,0.3560807521137512,True,True,True,
fzrt2k6r,bright_circ,dependency_gate,0.3363059236947514,True,True,True,
mgxahqnk,bright_circ,dependency_gate,0.4211876368178272,True,True,True,
tuy3zymq,bright_circ,dependency_gate,0.3548266423249504,True,True,True,
r17byphk,bright_circ,dependency_gate,0.3802891241457506,True,True,True,
4ih2ggld,bright_circ,dependency_gate,0.1087371307432999,True,False,False,bright_low_contrast
iv6g2oq0,bright_circ,dependency_gate,0.4143932807949781,True,True,True,
uhdslk0o,bright_circ,dependency_gate,0.3698628374408624,True,True,True,
ffwubibz,bright_circ,dependency_gate,0.4436005804453523,True,True,True,
hzumfsms,bright_circ,dependency_gate,0.4797305205925188,True,True,True,
ufdvpb81,bright_circ,dependency_gate,0.3657568055273031,True,True,True,
9luzk4jm,bright_circ,dependency_gate,0.4106641360329253,True,True,True,
utfgcjfa,bright_circ,dependency_gate,0.4567464650323394,True,True,True,
vc2whyaq,bright_circ,dependency_gate,0.4235076406582454,True,True,True,
b3esycq1,bright_circ,dependency_gate,0.3320026814705046,True,True,True,
hawkfj64,bright_circ,dependency_gate,0.4138670523225968,True,True,True,
epqdaau9,bright_circ,dependency_gate,0.3916126981562456,True,True,True,
x7u69zsw,bright_circ,dependency_gate,0.3691062066911527,True,True,True,
avn74qx1,bright_circ,dependency_gate,0.4577724720580354,True,True,True,
x77cy643,bright_circ,dependency_gate,0.4065165311051986,True,True,True,
pl8uabbv,bright_circ,dependency_gate,0.3718524200004838,True,True,True,
cfe5vt7s,bright_circ,dependency_gate,0.3843514044066677,True,True,True,
rxax5ozo,bright_circ,dependency_gate,0.3538424285214866,True,True,True,
3806gxp0,bright_circ,dependency_gate,0.400986251182528,True,True,True,
5n1q8atc,corr_len_px,dependency_gate,16.0,True,True,True,
f1vzngrs,corr_len_px,dependency_gate,18.0,True,True,True,
xgj4xftb,corr_len_px,dependency_gate,16.0,True,True,True,
71vgq3fw,corr_len_px,dependency_gate,21.0,True,True,True,
0grcilhi,corr_len_px,dependency_gate,18.0,True,True,True,
i9jiqjwl,corr_len_px,dependency_gate,15.0,True,True,True,
kbdh4tri,corr_len_px,dependency_gate,19.0,True,True,True,
ptg8lmto,corr_len_px,dependency_gate,17.0,True,True,True,
fzrt2k6r,corr_len_px,dependency_gate,22.0,True,True,True,
mgxahqnk,corr_len_px,dependency_gate,23.0,True,True,True,
tuy3zymq,corr_len_px,dependency_gate,14.0,True,True,True,
r17byphk,corr_len_px,dependency_gate,19.0,True,True,True,
4ih2ggld,corr_len_px,dependency_gate,17.0,True,True,True,
iv6g2oq0,corr_len_px,dependency_gate,23.0,True,True,True,
uhdslk0o,corr_len_px,dependency_gate,18.0,True,True,True,
ffwubibz,corr_len_px,dependency_gate,16.0,True,True,True,
hzumfsms,corr_len_px,dependency_gate,22.0,True,True,True,
ufdvpb81,corr_len_px,dependency_gate,21.0,True,True,True,
9luzk4jm,corr_len_px,dependency_gate,25.0,True,True,True,
utfgcjfa,corr_len_px,dependency_gate,24.0,True,True,True,
vc2whyaq,corr_len_px,dependency_gate,28.0,True,True,True,
b3esycq1,corr_len_px,dependency_gate,18.0,True,True,True,
hawkfj64,corr_len_px,dependency_gate,24.0,True,True,True,
epqdaau9,corr_len_px,dependency_gate,19.0,True,True,True,
x7u69zsw,corr_len_px,dependency_gate,16.0,True,True,True,
avn74qx1,corr_len_px,dependency_gate,20.0,True,True,True,
x77cy643,corr_len_px,dependency_gate,22.0,True,True,True,
pl8uabbv,corr_len_px,dependency_gate,16.0,True,True,True,
cfe5vt7s,corr_len_px,dependency_gate,24.0,True,True,True,
rxax5ozo,corr_len_px,dependency_gate,21.0,True,True,True,
3806gxp0,corr_len_px,dependency_gate,17.0,True,True,True,
5n1q8atc,fft_slope,dependency_gate,-1.879182555877552,True,True,True,
f1vzngrs,fft_slope,dependency_gate,-2.127431960249179,True,True,True,
xgj4xftb,fft_slope,dependency_gate,-2.1837168745236406,True,True,True,
71vgq3fw,fft_slope,dependency_gate,-2.3335247865223163,True,True,True,
0grcilhi,fft_slope,dependency_gate,-2.064806252507767,True,True,True,
i9jiqjwl,fft_slope,dependency_gate,-2.1294942614629138,True,True,True,
kbdh4tri,fft_slope,dependency_gate,-2.294659232563551,True,True,True,
ptg8lmto,fft_slope,dependency_gate,-2.0376237257584697,True,True,True,
fzrt2k6r,fft_slope,dependency_gate,-2.2602154401420447,True,True,True,
mgxahqnk,fft_slope,dependency_gate,-2.2929228642222443,True,True,True,
tuy3zymq,fft_slope,dependency_gate,-2.238626097506134,True,True,True,
r17byphk,fft_slope,dependency_gate,-2.282006325094787,True,True,True,
4ih2ggld,fft_slope,dependency_gate,-2.095593194306181,True,True,True,
iv6g2oq0,fft_slope,dependency_gate,-2.2400461888635657,True,True,True,
uhdslk0o,fft_slope,dependency_gate,-2.211361360370921,True,True,True,
ffwubibz,fft_slope,dependency_gate,-2.248667590698269,True,True,True,
hzumfsms,fft_slope,dependency_gate,-2.436900828607803,True,True,True,
ufdvpb81,fft_slope,dependency_gate,-2.3436553080567095,True,True,True,
9luzk4jm,fft_slope,dependency_gate,-2.31444752914944,True,True,True,
utfgcjfa,fft_slope,dependency_gate,-2.2380641402836203,True,True,True,
vc2whyaq,fft_slope,dependency_gate,-2.1908208862652048,True,True,True,
b3esycq1,fft_slope,dependency_gate,-2.2423322335373697,True,True,True,
hawkfj64,fft_slope,dependency_gate,-2.315380773811405,True,True,True,
epqdaau9,fft_slope,dependency_gate,-2.1993648697631607,True,True,True,
x7u69zsw,fft_slope,dependency_gate,-2.2699115190085006,True,True,True,
avn74qx1,fft_slope,dependency_gate,-2.1582523743773665,True,True,True,
x77cy643,fft_slope,dependency_gate,-2.2130913848625413,True,True,True,
pl8uabbv,fft_slope,dependency_gate,-2.185501218433075,True,True,True,
cfe5vt7s,fft_slope,dependency_gate,-2.2757036530801105,True,True,True,
rxax5ozo,fft_slope,dependency_gate,-2.285653384442957,True,True,True,
3806gxp0,fft_slope,dependency_gate,-2.253307201778604,True,True,True,
5n1q8atc,etd_crack_density_particles,dependency_gate,0.0041522188571432,True,False,False,bright_low_contrast
f1vzngrs,etd_crack_density_particles,dependency_gate,0.0046715897692332,True,True,True,
xgj4xftb,etd_crack_density_particles,dependency_gate,0.0015820588305689,True,True,True,
71vgq3fw,etd_crack_density_particles,dependency_gate,0.0014328173770387,True,False,False,raised_black_level
0grcilhi,etd_crack_density_particles,dependency_gate,0.0003919335831468,True,True,True,
i9jiqjwl,etd_crack_density_particles,dependency_gate,0.0008075085053149,True,True,True,
kbdh4tri,etd_crack_density_particles,dependency_gate,0.0025285367882397,True,False,False,raised_black_level
ptg8lmto,etd_crack_density_particles,dependency_gate,0.0021022263806919,True,True,True,
fzrt2k6r,etd_crack_density_particles,dependency_gate,0.0019450437342163,True,True,True,
mgxahqnk,etd_crack_density_particles,dependency_gate,0.0001269939251893,True,True,True,
tuy3zymq,etd_crack_density_particles,dependency_gate,0.0030932494379912,True,False,False,raised_black_level
r17byphk,etd_crack_density_particles,dependency_gate,0.0005209385398836,True,True,True,
4ih2ggld,etd_crack_density_particles,dependency_gate,0.0037282741017422,True,False,False,bright_low_contrast
iv6g2oq0,etd_crack_density_particles,dependency_gate,0.0003339590518182,True,True,True,
uhdslk0o,etd_crack_density_particles,dependency_gate,0.0009786798085892,True,True,True,
ffwubibz,etd_crack_density_particles,dependency_gate,0.000202230580053,True,True,True,
hzumfsms,etd_crack_density_particles,dependency_gate,0.0005080594823599,True,True,True,
ufdvpb81,etd_crack_density_particles,dependency_gate,0.0024305159716363,True,True,True,
9luzk4jm,etd_crack_density_particles,dependency_gate,0.0004292875753662,True,True,True,
utfgcjfa,etd_crack_density_particles,dependency_gate,0.0015027101509388,True,True,True,
vc2whyaq,etd_crack_density_particles,dependency_gate,0.0020481392948625,True,True,True,
b3esycq1,etd_crack_density_particles,dependency_gate,0.0032220829156316,True,True,True,
hawkfj64,etd_crack_density_particles,dependency_gate,0.0019749722358975,True,True,True,
epqdaau9,etd_crack_density_particles,dependency_gate,0.000250663649419,True,True,True,
x7u69zsw,etd_crack_density_particles,dependency_gate,0.0032039058268347,True,False,False,raised_black_level
avn74qx1,etd_crack_density_particles,dependency_gate,0.000300294574678,True,True,True,
x77cy643,etd_crack_density_particles,dependency_gate,0.0008290374121974,True,True,True,
pl8uabbv,etd_crack_density_particles,dependency_gate,0.0014510039275865,True,True,True,
cfe5vt7s,etd_crack_density_particles,dependency_gate,0.0002174751475178,True,True,True,
rxax5ozo,etd_crack_density_particles,dependency_gate,0.0005929325023685,True,True,True,
3806gxp0,etd_crack_density_particles,dependency_gate,8.76324985120732e-05,True,True,True,
5n1q8atc,pore_d90,dependency_gate,199.71354981165825,True,True,True,
f1vzngrs,pore_d90,dependency_gate,136.41726131926686,True,True,True,
xgj4xftb,pore_d90,dependency_gate,245.8468653218466,True,True,True,
71vgq3fw,pore_d90,dependency_gate,197.72732097673784,True,False,False,raised_black_level
0grcilhi,pore_d90,dependency_gate,434.6677076149674,True,True,True,
i9jiqjwl,pore_d90,dependency_gate,164.32160851573536,True,True,True,
kbdh4tri,pore_d90,dependency_gate,173.17587660148286,True,False,False,raised_black_level
ptg8lmto,pore_d90,dependency_gate,223.15391960289864,True,True,True,
fzrt2k6r,pore_d90,dependency_gate,263.3744300367286,True,True,True,
mgxahqnk,pore_d90,dependency_gate,204.1430957410184,True,True,True,
tuy3zymq,pore_d90,dependency_gate,165.7642380458751,True,False,False,raised_black_level
r17byphk,pore_d90,dependency_gate,237.33545343897444,True,True,True,
4ih2ggld,pore_d90,dependency_gate,275.2042533810596,True,True,True,
iv6g2oq0,pore_d90,dependency_gate,251.9142818275494,True,True,True,
uhdslk0o,pore_d90,dependency_gate,217.90576482004423,True,True,True,
ffwubibz,pore_d90,dependency_gate,196.6619546604663,True,True,True,
hzumfsms,pore_d90,dependency_gate,599.372241621278,True,True,True,
ufdvpb81,pore_d90,dependency_gate,363.24346383783,True,True,True,
9luzk4jm,pore_d90,dependency_gate,262.32085543321153,True,True,True,
utfgcjfa,pore_d90,dependency_gate,274.66705209152383,True,True,True,
vc2whyaq,pore_d90,dependency_gate,290.4672415813452,True,True,True,
b3esycq1,pore_d90,dependency_gate,208.31053003657564,True,True,True,
hawkfj64,pore_d90,dependency_gate,203.02987529130016,True,True,True,
epqdaau9,pore_d90,dependency_gate,206.20646894793455,True,True,True,
x7u69zsw,pore_d90,dependency_gate,166.067361449996,True,False,False,raised_black_level
avn74qx1,pore_d90,dependency_gate,262.9462435513266,True,True,True,
x77cy643,pore_d90,dependency_gate,230.54307960861595,True,True,True,
pl8uabbv,pore_d90,dependency_gate,253.70972623075795,True,True,True,
cfe5vt7s,pore_d90,dependency_gate,192.146108674325,True,True,True,
rxax5ozo,pore_d90,dependency_gate,218.26190131643708,True,True,True,
3806gxp0,pore_d90,dependency_gate,165.43747233812255,True,True,True,
5n1q8atc,pore_count_per_Mpx,dependency_gate,119.54108068097706,True,True,True,
f1vzngrs,pore_count_per_Mpx,dependency_gate,134.41074753923917,True,True,True,
xgj4xftb,pore_count_per_Mpx,dependency_gate,101.82559376107764,True,True,True,
71vgq3fw,pore_count_per_Mpx,dependency_gate,98.12760055478502,True,False,False,raised_black_level
0grcilhi,pore_count_per_Mpx,dependency_gate,86.58463385354142,True,True,True,
i9jiqjwl,pore_count_per_Mpx,dependency_gate,92.30382293762575,True,True,True,
kbdh4tri,pore_count_per_Mpx,dependency_gate,100.13869625520113,True,False,False,raised_black_level
ptg8lmto,pore_count_per_Mpx,dependency_gate,95.09039347749024,True,True,True,
fzrt2k6r,pore_count_per_Mpx,dependency_gate,100.64935064935064,True,True,True,
mgxahqnk,pore_count_per_Mpx,dependency_gate,99.11464585834334,True,True,True,
tuy3zymq,pore_count_per_Mpx,dependency_gate,93.13453536754508,True,False,False,raised_black_level
r17byphk,pore_count_per_Mpx,dependency_gate,81.79945054945054,True,True,True,
4ih2ggld,pore_count_per_Mpx,dependency_gate,119.856300812406,True,True,True,
iv6g2oq0,pore_count_per_Mpx,dependency_gate,99.7675319643549,True,True,True,
uhdslk0o,pore_count_per_Mpx,dependency_gate,99.46808510638296,True,True,True,
ffwubibz,pore_count_per_Mpx,dependency_gate,90.24725274725274,True,True,True,
hzumfsms,pore_count_per_Mpx,dependency_gate,99.82211275314724,True,True,True,
ufdvpb81,pore_count_per_Mpx,dependency_gate,96.19594964422552,True,True,True,
9luzk4jm,pore_count_per_Mpx,dependency_gate,100.16420361247948,True,True,True,
utfgcjfa,pore_count_per_Mpx,dependency_gate,93.17288796139934,True,True,True,
vc2whyaq,pore_count_per_Mpx,dependency_gate,81.37607073777286,True,True,True,
b3esycq1,pore_count_per_Mpx,dependency_gate,95.61357010336602,True,True,True,
hawkfj64,pore_count_per_Mpx,dependency_gate,101.2905162064826,True,True,True,
epqdaau9,pore_count_per_Mpx,dependency_gate,111.84783336682072,True,True,True,
x7u69zsw,pore_count_per_Mpx,dependency_gate,91.95561719833564,True,False,False,raised_black_level
avn74qx1,pore_count_per_Mpx,dependency_gate,70.94029017857143,True,True,True,
x77cy643,pore_count_per_Mpx,dependency_gate,102.4348812750696,True,True,True,
pl8uabbv,pore_count_per_Mpx,dependency_gate,108.96629778672032,True,True,True,
cfe5vt7s,pore_count_per_Mpx,dependency_gate,93.61263736263736,True,True,True,
rxax5ozo,pore_count_per_Mpx,dependency_gate,85.93534125449018,True,True,True,
3806gxp0,pore_count_per_Mpx,dependency_gate,80.98493303571428,True,True,True,
5n1q8atc,bright_d10,dependency_gate,26.438769072322643,True,False,False,bright_low_contrast
f1vzngrs,bright_d10,dependency_gate,65.40707049173007,True,True,True,
xgj4xftb,bright_d10,dependency_gate,70.18663546986951,True,True,True,
71vgq3fw,bright_d10,dependency_gate,69.50302750762162,True,True,True,
0grcilhi,bright_d10,dependency_gate,75.88716927674362,True,True,True,
i9jiqjwl,bright_d10,dependency_gate,55.99990177386658,True,True,True,
kbdh4tri,bright_d10,dependency_gate,51.27611198090307,True,True,True,
ptg8lmto,bright_d10,dependency_gate,55.117597496063794,True,True,True,
fzrt2k6r,bright_d10,dependency_gate,65.11441993881303,True,True,True,
mgxahqnk,bright_d10,dependency_gate,79.62871927125985,True,True,True,
tuy3zymq,bright_d10,dependency_gate,47.93951791838304,True,True,True,
r17byphk,bright_d10,dependency_gate,51.151806072031896,True,True,True,
4ih2ggld,bright_d10,dependency_gate,20.216574731145418,True,False,False,bright_low_contrast
iv6g2oq0,bright_d10,dependency_gate,60.96381083136077,True,True,True,
uhdslk0o,bright_d10,dependency_gate,64.15904806127334,True,True,True,
ffwubibz,bright_d10,dependency_gate,58.9571366089551,True,True,True,
hzumfsms,bright_d10,dependency_gate,61.535472745745395,True,True,True,
ufdvpb81,bright_d10,dependency_gate,58.28381512352648,True,True,True,
9luzk4jm,bright_d10,dependency_gate,75.14530844238013,True,True,True,
utfgcjfa,bright_d10,dependency_gate,60.52363315435602,True,True,True,
vc2whyaq,bright_d10,dependency_gate,74.06156870279673,True,True,True,
b3esycq1,bright_d10,dependency_gate,60.3972788763388,True,True,True,
hawkfj64,bright_d10,dependency_gate,53.559394080668255,True,True,True,
epqdaau9,bright_d10,dependency_gate,76.3971862902423,True,True,True,
x7u69zsw,bright_d10,dependency_gate,59.52668017786611,True,True,True,
avn74qx1,bright_d10,dependency_gate,67.67453466712853,True,True,True,
x77cy643,bright_d10,dependency_gate,77.19301179096824,True,True,True,
pl8uabbv,bright_d10,dependency_gate,53.04582352895192,True,True,True,
cfe5vt7s,bright_d10,dependency_gate,62.50039138475438,True,True,True,
rxax5ozo,bright_d10,dependency_gate,63.99014280237452,True,True,True,
3806gxp0,bright_d10,dependency_gate,65.93056806767136,True,True,True,
5n1q8atc,bright_solidity,dependency_gate,0.7080672082703301,True,False,False,bright_low_contrast
f1vzngrs,bright_solidity,dependency_gate,0.8587295181184312,True,True,True,
xgj4xftb,bright_solidity,dependency_gate,0.876786209574856,True,True,True,
71vgq3fw,bright_solidity,dependency_gate,0.8560257411704685,True,True,True,
0grcilhi,bright_solidity,dependency_gate,0.8578417224770635,True,True,True,
i9jiqjwl,bright_solidity,dependency_gate,0.8474917102947359,True,True,True,
kbdh4tri,bright_solidity,dependency_gate,0.8639438237795425,True,True,True,
ptg8lmto,bright_solidity,dependency_gate,0.8656331467422052,True,True,True,
fzrt2k6r,bright_solidity,dependency_gate,0.8671142693245741,True,True,True,
mgxahqnk,bright_solidity,dependency_gate,0.8836414928554789,True,True,True,
tuy3zymq,bright_solidity,dependency_gate,0.8533205229445775,True,True,True,
r17byphk,bright_solidity,dependency_gate,0.8598442624981912,True,True,True,
4ih2ggld,bright_solidity,dependency_gate,0.7379045868970461,True,False,False,bright_low_contrast
iv6g2oq0,bright_solidity,dependency_gate,0.8605275845431661,True,True,True,
uhdslk0o,bright_solidity,dependency_gate,0.8693918111114802,True,True,True,
ffwubibz,bright_solidity,dependency_gate,0.8728757806970749,True,True,True,
hzumfsms,bright_solidity,dependency_gate,0.895794135791776,True,True,True,
ufdvpb81,bright_solidity,dependency_gate,0.852744711195009,True,True,True,
9luzk4jm,bright_solidity,dependency_gate,0.8748677788019349,True,True,True,
utfgcjfa,bright_solidity,dependency_gate,0.8774085997155477,True,True,True,
vc2whyaq,bright_solidity,dependency_gate,0.8736249902912052,True,True,True,
b3esycq1,bright_solidity,dependency_gate,0.8588349137367786,True,True,True,
hawkfj64,bright_solidity,dependency_gate,0.8805893292791306,True,True,True,
epqdaau9,bright_solidity,dependency_gate,0.8513254520610858,True,True,True,
x7u69zsw,bright_solidity,dependency_gate,0.8504857971055009,True,True,True,
avn74qx1,bright_solidity,dependency_gate,0.8853464018889766,True,True,True,
x77cy643,bright_solidity,dependency_gate,0.8699569984902653,True,True,True,
pl8uabbv,bright_solidity,dependency_gate,0.8564546073196614,True,True,True,
cfe5vt7s,bright_solidity,dependency_gate,0.8531170689838261,True,True,True,
rxax5ozo,bright_solidity,dependency_gate,0.8598758826184146,True,True,True,
3806gxp0,bright_solidity,dependency_gate,0.8742908817532385,True,True,True,
5n1q8atc,bright_max_d,dependency_gate,542.6107802132652,True,False,False,bright_low_contrast
f1vzngrs,bright_max_d,dependency_gate,274.1822066433163,True,True,True,
xgj4xftb,bright_max_d,dependency_gate,319.01815510997335,True,True,True,
71vgq3fw,bright_max_d,dependency_gate,281.3603893477345,True,True,True,
0grcilhi,bright_max_d,dependency_gate,269.4795306400284,True,True,True,
i9jiqjwl,bright_max_d,dependency_gate,325.7675798075613,True,True,True,
kbdh4tri,bright_max_d,dependency_gate,238.6888700143339,True,True,True,
ptg8lmto,bright_max_d,dependency_gate,293.5304413382511,True,True,True,
fzrt2k6r,bright_max_d,dependency_gate,328.534720670874,True,True,True,
mgxahqnk,bright_max_d,dependency_gate,345.31721115899643,True,True,True,
tuy3zymq,bright_max_d,dependency_gate,257.5128384545065,True,True,True,
r17byphk,bright_max_d,dependency_gate,272.98614857498603,True,True,True,
4ih2ggld,bright_max_d,dependency_gate,370.8695839498103,True,False,False,bright_low_contrast
iv6g2oq0,bright_max_d,dependency_gate,237.20129738651693,True,True,True,
uhdslk0o,bright_max_d,dependency_gate,281.3377619489808,True,True,True,
ffwubibz,bright_max_d,dependency_gate,221.5534493719969,True,True,True,
hzumfsms,bright_max_d,dependency_gate,284.1634246821783,True,True,True,
ufdvpb81,bright_max_d,dependency_gate,246.3487155644551,True,True,True,
9luzk4jm,bright_max_d,dependency_gate,307.2984824472337,True,True,True,
utfgcjfa,bright_max_d,dependency_gate,262.1387766610593,True,True,True,
vc2whyaq,bright_max_d,dependency_gate,247.6631620327733,True,True,True,
b3esycq1,bright_max_d,dependency_gate,278.4788577086765,True,True,True,
hawkfj64,bright_max_d,dependency_gate,259.66453999534724,True,True,True,
epqdaau9,bright_max_d,dependency_gate,263.02612779480637,True,True,True,
x7u69zsw,bright_max_d,dependency_gate,338.31246266562215,True,True,True,
avn74qx1,bright_max_d,dependency_gate,278.50171738460904,True,True,True,
x77cy643,bright_max_d,dependency_gate,250.77195687320068,True,True,True,
pl8uabbv,bright_max_d,dependency_gate,272.6874816563427,True,True,True,
cfe5vt7s,bright_max_d,dependency_gate,265.59131013245286,True,True,True,
rxax5ozo,bright_max_d,dependency_gate,260.2522830288559,True,True,True,
3806gxp0,bright_max_d,dependency_gate,265.86682110695443,True,True,True,
5n1q8atc,etd_crack_density_graphite,dependency_gate,0.0117457267321271,True,False,False,bright_low_contrast
f1vzngrs,etd_crack_density_graphite,dependency_gate,0.0232673785186722,True,True,True,
xgj4xftb,etd_crack_density_graphite,dependency_gate,0.0464428891881288,True,True,True,
71vgq3fw,etd_crack_density_graphite,dependency_gate,0.0376006676280596,True,False,False,raised_black_level
0grcilhi,etd_crack_density_graphite,dependency_gate,0.0125092625461613,True,True,True,
i9jiqjwl,etd_crack_density_graphite,dependency_gate,0.0242570019195997,True,True,True,
kbdh4tri,etd_crack_density_graphite,dependency_gate,0.0445662426385162,True,False,False,raised_black_level
ptg8lmto,etd_crack_density_graphite,dependency_gate,0.0470454869571285,True,True,True,
fzrt2k6r,etd_crack_density_graphite,dependency_gate,0.0268390613327543,True,True,True,
mgxahqnk,etd_crack_density_graphite,dependency_gate,0.0238703190588889,True,True,True,
tuy3zymq,etd_crack_density_graphite,dependency_gate,0.0477596515695439,True,False,False,raised_black_level
r17byphk,etd_crack_density_graphite,dependency_gate,0.024565265539672,True,True,True,
4ih2ggld,etd_crack_density_graphite,dependency_gate,0.0129993473112275,True,False,False,bright_low_contrast
iv6g2oq0,etd_crack_density_graphite,dependency_gate,0.0211852776190829,True,True,True,
uhdslk0o,etd_crack_density_graphite,dependency_gate,0.0233674607417216,True,True,True,
ffwubibz,etd_crack_density_graphite,dependency_gate,0.0179979619582781,True,True,True,
hzumfsms,etd_crack_density_graphite,dependency_gate,0.0303434389747535,True,True,True,
ufdvpb81,etd_crack_density_graphite,dependency_gate,0.0303314492780589,True,True,True,
9luzk4jm,etd_crack_density_graphite,dependency_gate,0.0319767794521079,True,True,True,
utfgcjfa,etd_crack_density_graphite,dependency_gate,0.0273086867199139,True,True,True,
vc2whyaq,etd_crack_density_graphite,dependency_gate,0.0347109645870154,True,True,True,
b3esycq1,etd_crack_density_graphite,dependency_gate,0.0237144738737424,True,True,True,
hawkfj64,etd_crack_density_graphite,dependency_gate,0.02855111212996,True,True,True,
epqdaau9,etd_crack_density_graphite,dependency_gate,0.0312887501759813,True,True,True,
x7u69zsw,etd_crack_density_graphite,dependency_gate,0.037554222178688,True,False,False,raised_black_level
avn74qx1,etd_crack_density_graphite,dependency_gate,0.0302759381680508,True,True,True,
x77cy643,etd_crack_density_graphite,dependency_gate,0.031452492076904,True,True,True,
pl8uabbv,etd_crack_density_graphite,dependency_gate,0.0260470344968604,True,True,True,
cfe5vt7s,etd_crack_density_graphite,dependency_gate,0.0260802945006603,True,True,True,
rxax5ozo,etd_crack_density_graphite,dependency_gate,0.0292811823213962,True,True,True,
3806gxp0,etd_crack_density_graphite,dependency_gate,0.0244437503669957,True,True,True,
5n1q8atc,crack_g_0.05,dependency_gate,0.3038001152321644,True,False,False,bright_low_contrast
f1vzngrs,crack_g_0.05,dependency_gate,0.3649576247061976,True,True,True,
xgj4xftb,crack_g_0.05,dependency_gate,0.3646537175205926,True,True,True,
71vgq3fw,crack_g_0.05,dependency_gate,0.3348002641195087,True,False,False,raised_black_level
0grcilhi,crack_g_0.05,dependency_gate,0.2784481676404887,True,True,True,
i9jiqjwl,crack_g_0.05,dependency_gate,0.3332265219527009,True,True,True,
kbdh4tri,crack_g_0.05,dependency_gate,0.3552883892572555,True,False,False,raised_black_level
ptg8lmto,crack_g_0.05,dependency_gate,0.3735074203424493,True,True,True,
fzrt2k6r,crack_g_0.05,dependency_gate,0.3501977101333763,True,True,True,
mgxahqnk,crack_g_0.05,dependency_gate,0.3436108821456152,True,True,True,
tuy3zymq,crack_g_0.05,dependency_gate,0.3592001502856974,True,False,False,raised_black_level
r17byphk,crack_g_0.05,dependency_gate,0.278833899232928,True,True,True,
4ih2ggld,crack_g_0.05,dependency_gate,0.3115611426632215,True,False,False,bright_low_contrast
iv6g2oq0,crack_g_0.05,dependency_gate,0.3463445782808451,True,True,True,
uhdslk0o,crack_g_0.05,dependency_gate,0.3462008406576559,True,True,True,
ffwubibz,crack_g_0.05,dependency_gate,0.3204710727715336,True,True,True,
hzumfsms,crack_g_0.05,dependency_gate,0.2744262725737099,True,True,True,
ufdvpb81,crack_g_0.05,dependency_gate,0.3039506140235574,True,True,True,
9luzk4jm,crack_g_0.05,dependency_gate,0.2770161988211392,True,True,True,
utfgcjfa,crack_g_0.05,dependency_gate,0.3268601638688617,True,True,True,
vc2whyaq,crack_g_0.05,dependency_gate,0.3613049128450324,True,True,True,
b3esycq1,crack_g_0.05,dependency_gate,0.3481768289862967,True,True,True,
hawkfj64,crack_g_0.05,dependency_gate,0.3685440941731889,True,True,True,
epqdaau9,crack_g_0.05,dependency_gate,0.329000627133488,True,True,True,
x7u69zsw,crack_g_0.05,dependency_gate,0.3122836717242779,True,False,False,raised_black_level
avn74qx1,crack_g_0.05,dependency_gate,0.3785453088500939,True,True,True,
x77cy643,crack_g_0.05,dependency_gate,0.3430777813416037,True,True,True,
pl8uabbv,crack_g_0.05,dependency_gate,0.3395001698386944,True,True,True,
cfe5vt7s,crack_g_0.05,dependency_gate,0.2896719539612793,True,True,True,
rxax5ozo,crack_g_0.05,dependency_gate,0.3359966871761469,True,True,True,
3806gxp0,crack_g_0.05,dependency_gate,0.3347174890912391,True,True,True,
5n1q8atc,crack_g_0.1,dependency_gate,0.1394888279554943,True,False,False,bright_low_contrast
f1vzngrs,crack_g_0.1,dependency_gate,0.1692564793296158,True,True,True,
xgj4xftb,crack_g_0.1,dependency_gate,0.2087788470821057,True,True,True,
71vgq3fw,crack_g_0.1,dependency_gate,0.1855483107553702,True,False,False,raised_black_level
0grcilhi,crack_g_0.1,dependency_gate,0.1373435693411533,True,True,True,
i9jiqjwl,crack_g_0.1,dependency_gate,0.1581811292624631,True,True,True,
kbdh4tri,crack_g_0.1,dependency_gate,0.2016890668595825,True,False,False,raised_black_level
ptg8lmto,crack_g_0.1,dependency_gate,0.1927536434169683,True,True,True,
fzrt2k6r,crack_g_0.1,dependency_gate,0.1788718452675978,True,True,True,
mgxahqnk,crack_g_0.1,dependency_gate,0.1716543131877091,True,True,True,
tuy3zymq,crack_g_0.1,dependency_gate,0.2079483706791105,True,False,False,raised_black_level
r17byphk,crack_g_0.1,dependency_gate,0.1505993585561307,True,True,True,
4ih2ggld,crack_g_0.1,dependency_gate,0.150739122901206,True,False,False,bright_low_contrast
iv6g2oq0,crack_g_0.1,dependency_gate,0.156394100802804,True,True,True,
uhdslk0o,crack_g_0.1,dependency_gate,0.1634419748128329,True,True,True,
ffwubibz,crack_g_0.1,dependency_gate,0.1382746488366948,True,True,True,
hzumfsms,crack_g_0.1,dependency_gate,0.1623782515707928,True,True,True,
ufdvpb81,crack_g_0.1,dependency_gate,0.1579362302208708,True,True,True,
9luzk4jm,crack_g_0.1,dependency_gate,0.1646395562126349,True,True,True,
utfgcjfa,crack_g_0.1,dependency_gate,0.1743638545147254,True,True,True,
vc2whyaq,crack_g_0.1,dependency_gate,0.1912382397122281,True,True,True,
b3esycq1,crack_g_0.1,dependency_gate,0.1731689664486888,True,True,True,
hawkfj64,crack_g_0.1,dependency_gate,0.1836176700363124,True,True,True,
epqdaau9,crack_g_0.1,dependency_gate,0.1624675234443707,True,True,True,
x7u69zsw,crack_g_0.1,dependency_gate,0.1817793870191564,True,False,False,raised_black_level
avn74qx1,crack_g_0.1,dependency_gate,0.1868711492131169,True,True,True,
x77cy643,crack_g_0.1,dependency_gate,0.1908079351498184,True,True,True,
pl8uabbv,crack_g_0.1,dependency_gate,0.163900543257431,True,True,True,
cfe5vt7s,crack_g_0.1,dependency_gate,0.154567902542884,True,True,True,
rxax5ozo,crack_g_0.1,dependency_gate,0.1743316169037552,True,True,True,
3806gxp0,crack_g_0.1,dependency_gate,0.1684267776069176,True,True,True,
5n1q8atc,crack_g_0.2,dependency_gate,0.0526926899680193,True,False,False,bright_low_contrast
f1vzngrs,crack_g_0.2,dependency_gate,0.0689274096699521,True,True,True,
xgj4xftb,crack_g_0.2,dependency_gate,0.1160132276596705,True,True,True,
71vgq3fw,crack_g_0.2,dependency_gate,0.0981006254420417,True,False,False,raised_black_level
0grcilhi,crack_g_0.2,dependency_gate,0.056491989255933,True,True,True,
i9jiqjwl,crack_g_0.2,dependency_gate,0.0694838941059608,True,True,True,
kbdh4tri,crack_g_0.2,dependency_gate,0.1107556596248038,True,False,False,raised_black_level
ptg8lmto,crack_g_0.2,dependency_gate,0.1045678723901361,True,True,True,
fzrt2k6r,crack_g_0.2,dependency_gate,0.0828045747815666,True,True,True,
mgxahqnk,crack_g_0.2,dependency_gate,0.0794098168325769,True,True,True,
tuy3zymq,crack_g_0.2,dependency_gate,0.1163126036200676,True,False,False,raised_black_level
r17byphk,crack_g_0.2,dependency_gate,0.0739447596823973,True,True,True,
4ih2ggld,crack_g_0.2,dependency_gate,0.0585720839535522,True,False,False,bright_low_contrast
iv6g2oq0,crack_g_0.2,dependency_gate,0.0646575028462731,True,True,True,
uhdslk0o,crack_g_0.2,dependency_gate,0.0705672675369924,True,True,True,
ffwubibz,crack_g_0.2,dependency_gate,0.056080496369161,True,True,True,
hzumfsms,crack_g_0.2,dependency_gate,0.0856995336265724,True,True,True,
ufdvpb81,crack_g_0.2,dependency_gate,0.0800629458925814,True,True,True,
9luzk4jm,crack_g_0.2,dependency_gate,0.0883199293459975,True,True,True,
utfgcjfa,crack_g_0.2,dependency_gate,0.0833396356823721,True,True,True,
vc2whyaq,crack_g_0.2,dependency_gate,0.0947072162283294,True,True,True,
b3esycq1,crack_g_0.2,dependency_gate,0.077579656122111,True,True,True,
hawkfj64,crack_g_0.2,dependency_gate,0.0851739493689396,True,True,True,
epqdaau9,crack_g_0.2,dependency_gate,0.0784865787948432,True,True,True,
x7u69zsw,crack_g_0.2,dependency_gate,0.0985139013153254,True,False,False,raised_black_level
avn74qx1,crack_g_0.2,dependency_gate,0.0827407918141401,True,True,True,
x77cy643,crack_g_0.2,dependency_gate,0.0926823792892151,True,True,True,
pl8uabbv,crack_g_0.2,dependency_gate,0.0763652907483597,True,True,True,
cfe5vt7s,crack_g_0.2,dependency_gate,0.076158691316759,True,True,True,
rxax5ozo,crack_g_0.2,dependency_gate,0.0838391090445472,True,True,True,
3806gxp0,crack_g_0.2,dependency_gate,0.0760662914257636,True,True,True,
5n1q8atc,crack_g_0.3,dependency_gate,0.0241312691288434,True,False,False,bright_low_contrast
f1vzngrs,crack_g_0.3,dependency_gate,0.0377760380849104,True,True,True,
xgj4xftb,crack_g_0.3,dependency_gate,0.0721300148951074,True,True,True,
71vgq3fw,crack_g_0.3,dependency_gate,0.0592939395784485,True,False,False,raised_black_level
0grcilhi,crack_g_0.3,dependency_gate,0.0263086046283049,True,True,True,
i9jiqjwl,crack_g_0.3,dependency_gate,0.0390459133527877,True,True,True,
kbdh4tri,crack_g_0.3,dependency_gate,0.0687342103547619,True,False,False,raised_black_level
ptg8lmto,crack_g_0.3,dependency_gate,0.0685124420830969,True,True,True,
fzrt2k6r,crack_g_0.3,dependency_gate,0.0455206097042465,True,True,True,
mgxahqnk,crack_g_0.3,dependency_gate,0.0428278094918969,True,True,True,
tuy3zymq,crack_g_0.3,dependency_gate,0.0729233238436597,True,False,False,raised_black_level
r17byphk,crack_g_0.3,dependency_gate,0.0413648126016076,True,True,True,
4ih2ggld,crack_g_0.3,dependency_gate,0.0271639056824323,True,False,False,bright_low_contrast
iv6g2oq0,crack_g_0.3,dependency_gate,0.0350467888132546,True,True,True,
uhdslk0o,crack_g_0.3,dependency_gate,0.0389143630892133,True,True,True,
ffwubibz,crack_g_0.3,dependency_gate,0.0301867847878911,True,True,True,
hzumfsms,crack_g_0.3,dependency_gate,0.0499024258516016,True,True,True,
ufdvpb81,crack_g_0.3,dependency_gate,0.0475846499412495,True,True,True,
9luzk4jm,crack_g_0.3,dependency_gate,0.052037166140428,True,True,True,
utfgcjfa,crack_g_0.3,dependency_gate,0.0461097375721326,True,True,True,
vc2whyaq,crack_g_0.3,dependency_gate,0.055190360527194,True,True,True,
b3esycq1,crack_g_0.3,dependency_gate,0.0415398260727147,True,True,True,
hawkfj64,crack_g_0.3,dependency_gate,0.048119912631435,True,True,True,
epqdaau9,crack_g_0.3,dependency_gate,0.0475862674221522,True,True,True,
x7u69zsw,crack_g_0.3,dependency_gate,0.0595674105584523,True,False,False,raised_black_level
avn74qx1,crack_g_0.3,dependency_gate,0.0476142735564536,True,True,True,
x77cy643,crack_g_0.3,dependency_gate,0.0520759878782529,True,True,True,
pl8uabbv,crack_g_0.3,dependency_gate,0.0431591319291221,True,True,True,
cfe5vt7s,crack_g_0.3,dependency_gate,0.0430739197149612,True,True,True,
rxax5ozo,crack_g_0.3,dependency_gate,0.0475973842839922,True,True,True,
3806gxp0,crack_g_0.3,dependency_gate,0.041392855741465,True,True,True,
5n1q8atc,ridge_p97,dependency_gate,0.2967417734520068,True,False,False,bright_low_contrast
f1vzngrs,ridge_p97,dependency_gate,0.3979530218285597,True,True,True,
xgj4xftb,ridge_p97,dependency_gate,0.5415726021889826,True,True,True,
71vgq3fw,ridge_p97,dependency_gate,0.5025307000723819,True,False,False,raised_black_level
0grcilhi,ridge_p97,dependency_gate,0.3216869487560965,True,True,True,
i9jiqjwl,ridge_p97,dependency_gate,0.4086979467407185,True,True,True,
kbdh4tri,ridge_p97,dependency_gate,0.5374656961777934,True,False,False,raised_black_level
ptg8lmto,ridge_p97,dependency_gate,0.5812318261372064,True,True,True,
fzrt2k6r,ridge_p97,dependency_gate,0.4252036717747732,True,True,True,
mgxahqnk,ridge_p97,dependency_gate,0.3893755280963172,True,True,True,
tuy3zymq,ridge_p97,dependency_gate,0.5562891536872436,True,False,False,raised_black_level
r17byphk,ridge_p97,dependency_gate,0.3953460486791763,True,True,True,
4ih2ggld,ridge_p97,dependency_gate,0.318525914629316,True,False,False,bright_low_contrast
iv6g2oq0,ridge_p97,dependency_gate,0.369591842201037,True,True,True,
uhdslk0o,ridge_p97,dependency_gate,0.3941787220803945,True,True,True,
ffwubibz,ridge_p97,dependency_gate,0.3447072239933239,True,True,True,
hzumfsms,ridge_p97,dependency_gate,0.4384589235775445,True,True,True,
ufdvpb81,ridge_p97,dependency_gate,0.4943565329405051,True,True,True,
9luzk4jm,ridge_p97,dependency_gate,0.4601769291050293,True,True,True,
utfgcjfa,ridge_p97,dependency_gate,0.4218908014403728,True,True,True,
vc2whyaq,ridge_p97,dependency_gate,0.4756951975547947,True,True,True,
b3esycq1,ridge_p97,dependency_gate,0.3880011973799651,True,True,True,
hawkfj64,ridge_p97,dependency_gate,0.433303401906732,True,True,True,
epqdaau9,ridge_p97,dependency_gate,0.4682966403529123,True,True,True,
x7u69zsw,ridge_p97,dependency_gate,0.4855069403018637,True,False,False,raised_black_level
avn74qx1,ridge_p97,dependency_gate,0.4474312096409562,True,True,True,
x77cy643,ridge_p97,dependency_gate,0.4472296949923194,True,True,True,
pl8uabbv,ridge_p97,dependency_gate,0.410199262119528,True,True,True,
cfe5vt7s,ridge_p97,dependency_gate,0.4069812989892263,True,True,True,
rxax5ozo,ridge_p97,dependency_gate,0.4411629891346677,True,True,True,
3806gxp0,ridge_p97,dependency_gate,0.4166935343854598,True,True,True,
5n1q8atc,inlens_particle_texture,dependency_gate,0.3345396883630981,True,False,False,bright_low_contrast
f1vzngrs,inlens_particle_texture,dependency_gate,0.3629096349761982,True,True,True,
xgj4xftb,inlens_particle_texture,dependency_gate,0.135457824163609,True,True,True,
71vgq3fw,inlens_particle_texture,dependency_gate,0.1642938056003224,True,True,True,
0grcilhi,inlens_particle_texture,dependency_gate,0.1208430407547854,True,True,True,
i9jiqjwl,inlens_particle_texture,dependency_gate,0.3987206352462449,True,True,True,
kbdh4tri,inlens_particle_texture,dependency_gate,0.1226505888292309,True,True,True,
ptg8lmto,inlens_particle_texture,dependency_gate,0.2055208232605771,True,True,True,
fzrt2k6r,inlens_particle_texture,dependency_gate,0.3310705414446466,True,True,True,
mgxahqnk,inlens_particle_texture,dependency_gate,0.1391112564236337,True,True,True,
tuy3zymq,inlens_particle_texture,dependency_gate,0.1323842027492285,True,True,True,
r17byphk,inlens_particle_texture,dependency_gate,0.2368045246698889,True,True,True,
4ih2ggld,inlens_particle_texture,dependency_gate,0.303711976611634,True,False,False,bright_low_contrast
iv6g2oq0,inlens_particle_texture,dependency_gate,0.3012958041843755,True,True,True,
uhdslk0o,inlens_particle_texture,dependency_gate,0.3198812279398287,True,True,True,
ffwubibz,inlens_particle_texture,dependency_gate,0.2850868816682735,True,True,True,
hzumfsms,inlens_particle_texture,dependency_gate,0.2370083013084796,True,True,True,
ufdvpb81,inlens_particle_texture,dependency_gate,0.2656048100237461,True,True,True,
9luzk4jm,inlens_particle_texture,dependency_gate,0.274073114688542,True,True,True,
utfgcjfa,inlens_particle_texture,dependency_gate,0.1833578596195772,True,True,True,
vc2whyaq,inlens_particle_texture,dependency_gate,0.1836620465463787,True,True,True,
b3esycq1,inlens_particle_texture,dependency_gate,0.305344444459005,True,True,True,
hawkfj64,inlens_particle_texture,dependency_gate,0.1208779750375263,True,True,True,
epqdaau9,inlens_particle_texture,dependency_gate,0.3069440337908498,True,True,True,
x7u69zsw,inlens_particle_texture,dependency_gate,0.1328653438993309,True,True,True,
avn74qx1,inlens_particle_texture,dependency_gate,0.2265666716194677,True,True,True,
x77cy643,inlens_particle_texture,dependency_gate,0.17667829973157,True,True,True,
pl8uabbv,inlens_particle_texture,dependency_gate,0.3409451605670173,True,True,True,
cfe5vt7s,inlens_particle_texture,dependency_gate,0.2754587862060486,True,True,True,
rxax5ozo,inlens_particle_texture,dependency_gate,0.1786664604841163,True,True,True,
3806gxp0,inlens_particle_texture,dependency_gate,0.2349238189683304,True,True,True,
5n1q8atc,inlens_particle_texture_p90,dependency_gate,0.6301535364050422,True,False,False,bright_low_contrast
f1vzngrs,inlens_particle_texture_p90,dependency_gate,0.5583095487955098,True,True,True,
xgj4xftb,inlens_particle_texture_p90,dependency_gate,0.2289308244558123,True,True,True,
71vgq3fw,inlens_particle_texture_p90,dependency_gate,0.259465467330793,True,True,True,
0grcilhi,inlens_particle_texture_p90,dependency_gate,0.1729650957576092,True,True,True,
i9jiqjwl,inlens_particle_texture_p90,dependency_gate,0.600391786585151,True,True,True,
kbdh4tri,inlens_particle_texture_p90,dependency_gate,0.2136648330926885,True,True,True,
ptg8lmto,inlens_particle_texture_p90,dependency_gate,0.5611135035305606,True,True,True,
fzrt2k6r,inlens_particle_texture_p90,dependency_gate,0.5094188913626728,True,True,True,
mgxahqnk,inlens_particle_texture_p90,dependency_gate,0.1912482976167611,True,True,True,
tuy3zymq,inlens_particle_texture_p90,dependency_gate,0.2635307532980413,True,True,True,
r17byphk,inlens_particle_texture_p90,dependency_gate,0.4273646707495113,True,True,True,
4ih2ggld,inlens_particle_texture_p90,dependency_gate,0.6376699036840816,True,False,False,bright_low_contrast
iv6g2oq0,inlens_particle_texture_p90,dependency_gate,0.4661837332990377,True,True,True,
uhdslk0o,inlens_particle_texture_p90,dependency_gate,0.4778633601766738,True,True,True,
ffwubibz,inlens_particle_texture_p90,dependency_gate,0.430174978999128,True,True,True,
hzumfsms,inlens_particle_texture_p90,dependency_gate,0.3782870784194142,True,True,True,
ufdvpb81,inlens_particle_texture_p90,dependency_gate,0.4218620977994548,True,True,True,
9luzk4jm,inlens_particle_texture_p90,dependency_gate,0.3826975458459766,True,True,True,
utfgcjfa,inlens_particle_texture_p90,dependency_gate,0.2799867826933117,True,True,True,
vc2whyaq,inlens_particle_texture_p90,dependency_gate,0.2907780626914933,True,True,True,
b3esycq1,inlens_particle_texture_p90,dependency_gate,0.446878023250168,True,True,True,
hawkfj64,inlens_particle_texture_p90,dependency_gate,0.2245267090081627,True,True,True,
epqdaau9,inlens_particle_texture_p90,dependency_gate,0.4484424617293027,True,True,True,
x7u69zsw,inlens_particle_texture_p90,dependency_gate,0.3568084710724375,True,True,True,
avn74qx1,inlens_particle_texture_p90,dependency_gate,0.312899905553756,True,True,True,
x77cy643,inlens_particle_texture_p90,dependency_gate,0.2602547359070872,True,True,True,
pl8uabbv,inlens_particle_texture_p90,dependency_gate,0.5047508716179325,True,True,True,
cfe5vt7s,inlens_particle_texture_p90,dependency_gate,0.4925731423280021,True,True,True,
rxax5ozo,inlens_particle_texture_p90,dependency_gate,0.3103325233428283,True,True,True,
3806gxp0,inlens_particle_texture_p90,dependency_gate,0.3240228133580439,True,True,True,
5n1q8atc,inlens_speckled_particle_frac,dependency_gate,0.1481481481481481,True,False,False,bright_low_contrast
f1vzngrs,inlens_speckled_particle_frac,dependency_gate,0.1666666666666666,True,True,True,
xgj4xftb,inlens_speckled_particle_frac,dependency_gate,0.0,True,True,True,
71vgq3fw,inlens_speckled_particle_frac,dependency_gate,0.0,True,True,True,
0grcilhi,inlens_speckled_particle_frac,dependency_gate,0.0,True,True,True,
i9jiqjwl,inlens_speckled_particle_frac,dependency_gate,0.2022471910112359,True,True,True,
kbdh4tri,inlens_speckled_particle_frac,dependency_gate,0.0,True,True,True,
ptg8lmto,inlens_speckled_particle_frac,dependency_gate,0.1111111111111111,True,True,True,
fzrt2k6r,inlens_speckled_particle_frac,dependency_gate,0.1168831168831168,True,True,True,
mgxahqnk,inlens_speckled_particle_frac,dependency_gate,0.0,True,True,True,
tuy3zymq,inlens_speckled_particle_frac,dependency_gate,0.0,True,True,True,
r17byphk,inlens_speckled_particle_frac,dependency_gate,0.037037037037037,True,True,True,
4ih2ggld,inlens_speckled_particle_frac,dependency_gate,0.1739130434782608,True,False,False,bright_low_contrast
iv6g2oq0,inlens_speckled_particle_frac,dependency_gate,0.0377358490566037,True,True,True,
uhdslk0o,inlens_speckled_particle_frac,dependency_gate,0.0714285714285714,True,True,True,
ffwubibz,inlens_speckled_particle_frac,dependency_gate,0.0555555555555555,True,True,True,
hzumfsms,inlens_speckled_particle_frac,dependency_gate,0.0298507462686567,True,True,True,
ufdvpb81,inlens_speckled_particle_frac,dependency_gate,0.0394736842105263,True,True,True,
9luzk4jm,inlens_speckled_particle_frac,dependency_gate,0.0526315789473684,True,True,True,
utfgcjfa,inlens_speckled_particle_frac,dependency_gate,0.0,True,True,True,
vc2whyaq,inlens_speckled_particle_frac,dependency_gate,0.025,True,True,True,
b3esycq1,inlens_speckled_particle_frac,dependency_gate,0.0581395348837209,True,True,True,
hawkfj64,inlens_speckled_particle_frac,dependency_gate,0.0,True,True,True,
epqdaau9,inlens_speckled_particle_frac,dependency_gate,0.0684931506849315,True,True,True,
x7u69zsw,inlens_speckled_particle_frac,dependency_gate,0.0202020202020202,True,True,True,
avn74qx1,inlens_speckled_particle_frac,dependency_gate,0.0327868852459016,True,True,True,
x77cy643,inlens_speckled_particle_frac,dependency_gate,0.0,True,True,True,
pl8uabbv,inlens_speckled_particle_frac,dependency_gate,0.1287128712871287,True,True,True,
cfe5vt7s,inlens_speckled_particle_frac,dependency_gate,0.0933333333333333,True,True,True,
rxax5ozo,inlens_speckled_particle_frac,dependency_gate,0.0,True,True,True,
3806gxp0,inlens_speckled_particle_frac,dependency_gate,0.0,True,True,True,
5n1q8atc,inlens_grad_energy,dependency_gate,0.1708405534687901,True,False,False,bright_low_contrast
f1vzngrs,inlens_grad_energy,dependency_gate,0.172606174408251,True,True,True,
xgj4xftb,inlens_grad_energy,dependency_gate,0.0571513209593118,True,True,True,
71vgq3fw,inlens_grad_energy,dependency_gate,0.067224546782363,True,False,False,raised_black_level
0grcilhi,inlens_grad_energy,dependency_gate,0.0754369783894067,True,True,True,
i9jiqjwl,inlens_grad_energy,dependency_gate,0.2069580772507437,True,True,True,
kbdh4tri,inlens_grad_energy,dependency_gate,0.0602402107941385,True,False,False,raised_black_level
ptg8lmto,inlens_grad_energy,dependency_gate,0.0834486721782708,True,True,True,
fzrt2k6r,inlens_grad_energy,dependency_gate,0.1816785046062025,True,True,True,
mgxahqnk,inlens_grad_energy,dependency_gate,0.0702651312398544,True,True,True,
tuy3zymq,inlens_grad_energy,dependency_gate,0.0590909080165289,True,False,False,raised_black_level
r17byphk,inlens_grad_energy,dependency_gate,0.1218530205214136,True,True,True,
4ih2ggld,inlens_grad_energy,dependency_gate,0.1511314356904587,True,False,False,bright_low_contrast
iv6g2oq0,inlens_grad_energy,dependency_gate,0.1451845082296506,True,True,True,
uhdslk0o,inlens_grad_energy,dependency_gate,0.1606545853265776,True,True,True,
ffwubibz,inlens_grad_energy,dependency_gate,0.1548548795584244,True,True,True,
hzumfsms,inlens_grad_energy,dependency_gate,0.1264300154974099,True,True,True,
ufdvpb81,inlens_grad_energy,dependency_gate,0.1262674044777089,True,True,True,
9luzk4jm,inlens_grad_energy,dependency_gate,0.1437472230179229,True,True,True,
utfgcjfa,inlens_grad_energy,dependency_gate,0.0667806619351275,True,True,True,
vc2whyaq,inlens_grad_energy,dependency_gate,0.0807938510094065,True,True,True,
b3esycq1,inlens_grad_energy,dependency_gate,0.1712181260209483,True,True,True,
hawkfj64,inlens_grad_energy,dependency_gate,0.0680590793820107,True,True,True,
epqdaau9,inlens_grad_energy,dependency_gate,0.1500688519916497,True,True,True,
x7u69zsw,inlens_grad_energy,dependency_gate,0.0587185098352315,True,False,False,raised_black_level
avn74qx1,inlens_grad_energy,dependency_gate,0.110070332683318,True,True,True,
x77cy643,inlens_grad_energy,dependency_gate,0.0671911430441171,True,True,True,
pl8uabbv,inlens_grad_energy,dependency_gate,0.1777777738271606,True,True,True,
cfe5vt7s,inlens_grad_energy,dependency_gate,0.1289950957180925,True,True,True,
rxax5ozo,inlens_grad_energy,dependency_gate,0.0703943306338092,True,True,True,
3806gxp0,inlens_grad_energy,dependency_gate,0.1101094063146198,True,True,True,
