Index,batch,site,H,W,th_lo,th_hi,graphite_mode,sigma_l,sigma_r,bright_mode,bright_sep,bright_mode_resolved,bright_low_contrast,pore_mode_resolved,pore_frac,bright_frac,graphite_frac,bright_count_per_Mpx,bright_d10,bright_d50,bright_d90,bright_circ,bright_solidity,bright_max_d,pore_count_per_Mpx,pore_d50,pore_d90,pore_elong,pore_max_d,crack_frac,crack_count_per_Mpx,profile_pore_0,profile_bright_0,profile_pore_1,profile_bright_1,profile_pore_2,profile_bright_2,profile_pore_3,profile_bright_3,profile_pore_4,profile_bright_4,profile_pore_5,profile_bright_5,profile_pore_6,profile_bright_6,profile_pore_7,profile_bright_7,profile_pore_8,profile_bright_8,profile_pore_9,profile_bright_9,fft_slope,corr_len_px,acquisition_group,grey_pore,cracked_known,contrast_stretched_bse,contrast_stretched_any,raised_black_level,band_rows,bse_p1,bse_p50,bse_std,bse_empty_bin_frac,etd_p50,inlens_p50,etd_curtain_frac,etd_boundary_sharpness,grey_pore_source,bright_low_contrast_source,etd_empty_bin_frac,inlens_empty_bin_frac,delta,pore_frac_nominal,pore_frac_lo_minus,pore_frac_lo_plus,bright_frac_nominal,bright_frac_hi_minus,bright_frac_hi_plus,pore_frac_band_rel,bright_frac_band_rel,trim_top,trim_bottom,bright_void_boundary_frac,bright_void_distance_d50_px,bright_ring_void_frac_16px,local_bright_std_512px,local_bright_pore_spearman_512px,local_bright_std_1024px,local_bright_pore_spearman_1024px,neighbourhood_bright_pixels,neighbourhood_pore_pixels,neighbourhood_bright_components_all,neighbourhood_bright_components_small,neighbourhood_bright_components_retained,neighbourhood_bright_components_clipped,neighbourhood_bright_components_used,neighbourhood_bright_boundary_faces,neighbourhood_bright_void_faces,neighbourhood_bright_residual_solid_faces,neighbourhood_bright_other_bright_faces,neighbourhood_ring_components_used,neighbourhood_ring_components_clipped,neighbourhood_windows_512px,neighbourhood_window_coverage_512px,neighbourhood_windows_bright_present_512px,neighbourhood_windows_pore_present_512px,neighbourhood_windows_1024px,neighbourhood_window_coverage_1024px,neighbourhood_windows_bright_present_1024px,neighbourhood_windows_pore_present_1024px,bright_void_boundary_frac_sensitivity_min,bright_void_boundary_frac_sensitivity_max,bright_void_boundary_frac_sensitivity_n,bright_void_distance_d50_px_sensitivity_min,bright_void_distance_d50_px_sensitivity_max,bright_void_distance_d50_px_sensitivity_n,bright_ring_void_frac_16px_sensitivity_min,bright_ring_void_frac_16px_sensitivity_max,bright_ring_void_frac_16px_sensitivity_n,local_bright_std_512px_sensitivity_min,local_bright_std_512px_sensitivity_max,local_bright_std_512px_sensitivity_n,local_bright_pore_spearman_512px_sensitivity_min,local_bright_pore_spearman_512px_sensitivity_max,local_bright_pore_spearman_512px_sensitivity_n,local_bright_std_1024px_sensitivity_min,local_bright_std_1024px_sensitivity_max,local_bright_std_1024px_sensitivity_n,local_bright_pore_spearman_1024px_sensitivity_min,local_bright_pore_spearman_1024px_sensitivity_max,local_bright_pore_spearman_1024px_sensitivity_n,neighbourhood_bright_pixels_sensitivity_min,neighbourhood_bright_pixels_sensitivity_max,neighbourhood_pore_pixels_sensitivity_min,neighbourhood_pore_pixels_sensitivity_max,neighbourhood_bright_components_all_sensitivity_min,neighbourhood_bright_components_all_sensitivity_max,neighbourhood_bright_components_small_sensitivity_min,neighbourhood_bright_components_small_sensitivity_max,neighbourhood_bright_components_retained_sensitivity_min,neighbourhood_bright_components_retained_sensitivity_max,neighbourhood_bright_components_clipped_sensitivity_min,neighbourhood_bright_components_clipped_sensitivity_max,neighbourhood_bright_components_used_sensitivity_min,neighbourhood_bright_components_used_sensitivity_max,neighbourhood_bright_boundary_faces_sensitivity_min,neighbourhood_bright_boundary_faces_sensitivity_max,neighbourhood_bright_void_faces_sensitivity_min,neighbourhood_bright_void_faces_sensitivity_max,neighbourhood_bright_residual_solid_faces_sensitivity_min,neighbourhood_bright_residual_solid_faces_sensitivity_max,neighbourhood_bright_other_bright_faces_sensitivity_min,neighbourhood_bright_other_bright_faces_sensitivity_max,neighbourhood_ring_components_used_sensitivity_min,neighbourhood_ring_components_used_sensitivity_max,neighbourhood_ring_components_clipped_sensitivity_min,neighbourhood_ring_components_clipped_sensitivity_max,neighbourhood_windows_512px_sensitivity_min,neighbourhood_windows_512px_sensitivity_max,neighbourhood_window_coverage_512px_sensitivity_min,neighbourhood_window_coverage_512px_sensitivity_max,neighbourhood_windows_bright_present_512px_sensitivity_min,neighbourhood_windows_bright_present_512px_sensitivity_max,neighbourhood_windows_pore_present_512px_sensitivity_min,neighbourhood_windows_pore_present_512px_sensitivity_max,neighbourhood_windows_1024px_sensitivity_min,neighbourhood_windows_1024px_sensitivity_max,neighbourhood_window_coverage_1024px_sensitivity_min,neighbourhood_window_coverage_1024px_sensitivity_max,neighbourhood_windows_bright_present_1024px_sensitivity_min,neighbourhood_windows_bright_present_1024px_sensitivity_max,neighbourhood_windows_pore_present_1024px_sensitivity_min,neighbourhood_windows_pore_present_1024px_sensitivity_max,threshold_offset,area_floor_px2,graph_edge_length_median_px,graph_edge_length_iqr_ratio,graph_edge_axial_strength,graph_log_area_assortativity,graph_nodes,graph_edges,graph_components_available,graph_components_below_floor,graph_components_clipped,graph_zero_length_edges,graph_clipped_area,graph_node_log_area_median,graph_node_log_area_iqr,graph_edge_length_median_px_unavailable_reason,graph_edge_length_iqr_ratio_unavailable_reason,graph_edge_axial_strength_unavailable_reason,graph_log_area_assortativity_unavailable_reason,graph_node_density_per_mpx
0,Batch_1,4ih2ggld,2316,6996,34.184367034834324,81.76295666949872,55,5.94732370433305,7.646559048428207,,,False,True,False,0.1020884374095831,0.1234153293616584,0.7744962332287584,125.16404636846516,20.216574731145418,164.86697001220787,295.3056884966086,0.1087371307432999,0.7379045868970461,370.8695839498103,119.856300812406,140.0645383574279,275.2042533810596,3.068601528144511,333.64742863648746,0.037349926580301,0.8640516021491678,0.0964694729703306,0.0984910363126486,0.1494092683503874,0.1210420733029711,0.0877774312594209,0.2322724921352708,0.089272687841328,0.0812995356952741,0.1151507758127797,0.0782922753888921,0.1576157309433467,0.100175363039857,0.0718828246682833,0.1267540811498196,0.0927029421883624,0.1259903618394184,0.0795183454584886,0.0960012864493996,0.0811978766191518,0.1741074949232073,-2.0955931943061827,17.0,low_contrast,False,False,False,True,False,0,0,57.0,24.361665423444727,0.188034188034188,79.0,91.0,0.0041456271827514,0.6629110530532588,,data,0.2272727272727272,0.30078125,5.0,0.1020884374095831,0.089114764321285,0.1173183343850075,0.1234153293616584,0.150261721230291,0.0912934704361041,0.2762660569538216,0.4778032931499561,0,0,0.0,3.605551275463989,0.0518462316641375,0.0815693932611079,-0.1525655254845044,0.0422060736011729,-0.3426573426573427,1999666,1654112,9785,7757,2028,58,1970,390864,0,390864,0,1931,39,52,0.8413077890055112,52,52,12,0.7765918052358565,12,12,0.0,0.0,3,3.605551275463989,4.0,3,0.03984375,0.0605326876513317,3,0.0659190251892461,0.0874593543691822,3,-0.1525655254845044,-0.1289165884060445,3,0.0340473737469349,0.0451437481607578,3,-0.3496503496503497,-0.3426573426573427,3,1479204.0,2434651.0,1443903.0,1900878.0,8434.0,11110.0,6877.0,8635.0,1557.0,2475.0,54.0,79.0,1503.0,2396.0,390864.0,460174.0,0.0,0.0,390864.0,460174.0,0.0,0.0,1477.0,2353.0,26.0,43.0,52.0,52.0,0.8413077890055112,0.8413077890055112,52.0,52.0,52.0,52.0,12.0,12.0,0.7765918052358565,0.7765918052358565,12.0,12.0,12.0,12.0,-5,50,48.816026214051426,0.801210036448733,0.048732821611446764,-0.024328528859082103,2396,4591,2475,0,79,0,341258.0,4.736198448394496,1.2883342020549842,,,,,147.87625991067188
0,Batch_1,4ih2ggld,2316,6996,34.184367034834324,81.76295666949872,55,5.94732370433305,7.646559048428207,,,False,True,False,0.1020884374095831,0.1234153293616584,0.7744962332287584,125.16404636846516,20.216574731145418,164.86697001220787,295.3056884966086,0.1087371307432999,0.7379045868970461,370.8695839498103,119.856300812406,140.0645383574279,275.2042533810596,3.068601528144511,333.64742863648746,0.037349926580301,0.8640516021491678,0.0964694729703306,0.0984910363126486,0.1494092683503874,0.1210420733029711,0.0877774312594209,0.2322724921352708,0.089272687841328,0.0812995356952741,0.1151507758127797,0.0782922753888921,0.1576157309433467,0.100175363039857,0.0718828246682833,0.1267540811498196,0.0927029421883624,0.1259903618394184,0.0795183454584886,0.0960012864493996,0.0811978766191518,0.1741074949232073,-2.0955931943061827,17.0,low_contrast,False,False,False,True,False,0,0,57.0,24.361665423444727,0.188034188034188,79.0,91.0,0.0041456271827514,0.6629110530532588,,data,0.2272727272727272,0.30078125,5.0,0.1020884374095831,0.089114764321285,0.1173183343850075,0.1234153293616584,0.150261721230291,0.0912934704361041,0.2762660569538216,0.4778032931499561,0,0,0.0,3.605551275463989,0.0518462316641375,0.0815693932611079,-0.1525655254845044,0.0422060736011729,-0.3426573426573427,1999666,1654112,9785,7757,2028,58,1970,390864,0,390864,0,1931,39,52,0.8413077890055112,52,52,12,0.7765918052358565,12,12,0.0,0.0,3,3.605551275463989,4.0,3,0.03984375,0.0605326876513317,3,0.0659190251892461,0.0874593543691822,3,-0.1525655254845044,-0.1289165884060445,3,0.0340473737469349,0.0451437481607578,3,-0.3496503496503497,-0.3426573426573427,3,1479204.0,2434651.0,1443903.0,1900878.0,8434.0,11110.0,6877.0,8635.0,1557.0,2475.0,54.0,79.0,1503.0,2396.0,390864.0,460174.0,0.0,0.0,390864.0,460174.0,0.0,0.0,1477.0,2353.0,26.0,43.0,52.0,52.0,0.8413077890055112,0.8413077890055112,52.0,52.0,52.0,52.0,12.0,12.0,0.7765918052358565,0.7765918052358565,12.0,12.0,12.0,12.0,-5,100,71.35779664077978,0.7425902426667327,0.06785127701980077,-0.008707771072205366,1344,2565,2475,1065,66,0,340286.0,5.4116460518550396,1.2303815662992328,,,,,82.94895380632012
0,Batch_1,4ih2ggld,2316,6996,34.184367034834324,81.76295666949872,55,5.94732370433305,7.646559048428207,,,False,True,False,0.1020884374095831,0.1234153293616584,0.7744962332287584,125.16404636846516,20.216574731145418,164.86697001220787,295.3056884966086,0.1087371307432999,0.7379045868970461,370.8695839498103,119.856300812406,140.0645383574279,275.2042533810596,3.068601528144511,333.64742863648746,0.037349926580301,0.8640516021491678,0.0964694729703306,0.0984910363126486,0.1494092683503874,0.1210420733029711,0.0877774312594209,0.2322724921352708,0.089272687841328,0.0812995356952741,0.1151507758127797,0.0782922753888921,0.1576157309433467,0.100175363039857,0.0718828246682833,0.1267540811498196,0.0927029421883624,0.1259903618394184,0.0795183454584886,0.0960012864493996,0.0811978766191518,0.1741074949232073,-2.0955931943061827,17.0,low_contrast,False,False,False,True,False,0,0,57.0,24.361665423444727,0.188034188034188,79.0,91.0,0.0041456271827514,0.6629110530532588,,data,0.2272727272727272,0.30078125,5.0,0.1020884374095831,0.089114764321285,0.1173183343850075,0.1234153293616584,0.150261721230291,0.0912934704361041,0.2762660569538216,0.4778032931499561,0,0,0.0,3.605551275463989,0.0518462316641375,0.0815693932611079,-0.1525655254845044,0.0422060736011729,-0.3426573426573427,1999666,1654112,9785,7757,2028,58,1970,390864,0,390864,0,1931,39,52,0.8413077890055112,52,52,12,0.7765918052358565,12,12,0.0,0.0,3,3.605551275463989,4.0,3,0.03984375,0.0605326876513317,3,0.0659190251892461,0.0874593543691822,3,-0.1525655254845044,-0.1289165884060445,3,0.0340473737469349,0.0451437481607578,3,-0.3496503496503497,-0.3426573426573427,3,1479204.0,2434651.0,1443903.0,1900878.0,8434.0,11110.0,6877.0,8635.0,1557.0,2475.0,54.0,79.0,1503.0,2396.0,390864.0,460174.0,0.0,0.0,390864.0,460174.0,0.0,0.0,1477.0,2353.0,26.0,43.0,52.0,52.0,0.8413077890055112,0.8413077890055112,52.0,52.0,52.0,52.0,12.0,12.0,0.7765918052358565,0.7765918052358565,12.0,12.0,12.0,12.0,0,50,50.362045793065064,0.8717855993040962,0.05235954411043754,-0.009188035194597675,1970,3772,2028,0,58,0,280460.0,4.700480365792417,1.1586765294107595,,,,,121.58440401670434
0,Batch_1,4ih2ggld,2316,6996,34.184367034834324,81.76295666949872,55,5.94732370433305,7.646559048428207,,,False,True,False,0.1020884374095831,0.1234153293616584,0.7744962332287584,125.16404636846516,20.216574731145418,164.86697001220787,295.3056884966086,0.1087371307432999,0.7379045868970461,370.8695839498103,119.856300812406,140.0645383574279,275.2042533810596,3.068601528144511,333.64742863648746,0.037349926580301,0.8640516021491678,0.0964694729703306,0.0984910363126486,0.1494092683503874,0.1210420733029711,0.0877774312594209,0.2322724921352708,0.089272687841328,0.0812995356952741,0.1151507758127797,0.0782922753888921,0.1576157309433467,0.100175363039857,0.0718828246682833,0.1267540811498196,0.0927029421883624,0.1259903618394184,0.0795183454584886,0.0960012864493996,0.0811978766191518,0.1741074949232073,-2.0955931943061827,17.0,low_contrast,False,False,False,True,False,0,0,57.0,24.361665423444727,0.188034188034188,79.0,91.0,0.0041456271827514,0.6629110530532588,,data,0.2272727272727272,0.30078125,5.0,0.1020884374095831,0.089114764321285,0.1173183343850075,0.1234153293616584,0.150261721230291,0.0912934704361041,0.2762660569538216,0.4778032931499561,0,0,0.0,3.605551275463989,0.0518462316641375,0.0815693932611079,-0.1525655254845044,0.0422060736011729,-0.3426573426573427,1999666,1654112,9785,7757,2028,58,1970,390864,0,390864,0,1931,39,52,0.8413077890055112,52,52,12,0.7765918052358565,12,12,0.0,0.0,3,3.605551275463989,4.0,3,0.03984375,0.0605326876513317,3,0.0659190251892461,0.0874593543691822,3,-0.1525655254845044,-0.1289165884060445,3,0.0340473737469349,0.0451437481607578,3,-0.3496503496503497,-0.3426573426573427,3,1479204.0,2434651.0,1443903.0,1900878.0,8434.0,11110.0,6877.0,8635.0,1557.0,2475.0,54.0,79.0,1503.0,2396.0,390864.0,460174.0,0.0,0.0,390864.0,460174.0,0.0,0.0,1477.0,2353.0,26.0,43.0,52.0,52.0,0.8413077890055112,0.8413077890055112,52.0,52.0,52.0,52.0,12.0,12.0,0.7765918052358565,0.7765918052358565,12.0,12.0,12.0,12.0,0,100,75.52430706081904,0.8443190596745861,0.07953251699501011,-0.0383054368807521,1070,2044,2028,914,44,0,279450.0,5.327876168789581,1.081177226846008,,,,,66.03822959282927
0,Batch_1,4ih2ggld,2316,6996,34.184367034834324,81.76295666949872,55,5.94732370433305,7.646559048428207,,,False,True,False,0.1020884374095831,0.1234153293616584,0.7744962332287584,125.16404636846516,20.216574731145418,164.86697001220787,295.3056884966086,0.1087371307432999,0.7379045868970461,370.8695839498103,119.856300812406,140.0645383574279,275.2042533810596,3.068601528144511,333.64742863648746,0.037349926580301,0.8640516021491678,0.0964694729703306,0.0984910363126486,0.1494092683503874,0.1210420733029711,0.0877774312594209,0.2322724921352708,0.089272687841328,0.0812995356952741,0.1151507758127797,0.0782922753888921,0.1576157309433467,0.100175363039857,0.0718828246682833,0.1267540811498196,0.0927029421883624,0.1259903618394184,0.0795183454584886,0.0960012864493996,0.0811978766191518,0.1741074949232073,-2.0955931943061827,17.0,low_contrast,False,False,False,True,False,0,0,57.0,24.361665423444727,0.188034188034188,79.0,91.0,0.0041456271827514,0.6629110530532588,,data,0.2272727272727272,0.30078125,5.0,0.1020884374095831,0.089114764321285,0.1173183343850075,0.1234153293616584,0.150261721230291,0.0912934704361041,0.2762660569538216,0.4778032931499561,0,0,0.0,3.605551275463989,0.0518462316641375,0.0815693932611079,-0.1525655254845044,0.0422060736011729,-0.3426573426573427,1999666,1654112,9785,7757,2028,58,1970,390864,0,390864,0,1931,39,52,0.8413077890055112,52,52,12,0.7765918052358565,12,12,0.0,0.0,3,3.605551275463989,4.0,3,0.03984375,0.0605326876513317,3,0.0659190251892461,0.0874593543691822,3,-0.1525655254845044,-0.1289165884060445,3,0.0340473737469349,0.0451437481607578,3,-0.3496503496503497,-0.3426573426573427,3,1479204.0,2434651.0,1443903.0,1900878.0,8434.0,11110.0,6877.0,8635.0,1557.0,2475.0,54.0,79.0,1503.0,2396.0,390864.0,460174.0,0.0,0.0,390864.0,460174.0,0.0,0.0,1477.0,2353.0,26.0,43.0,52.0,52.0,0.8413077890055112,0.8413077890055112,52.0,52.0,52.0,52.0,12.0,12.0,0.7765918052358565,0.7765918052358565,12.0,12.0,12.0,12.0,5,50,54.697790791426264,0.9898534274733892,0.0880009668336563,-0.03662223342784068,1503,2885,1557,0,54,0,207658.0,4.653960350157523,1.117751628878807,,,,,92.76211128787138
0,Batch_1,4ih2ggld,2316,6996,34.184367034834324,81.76295666949872,55,5.94732370433305,7.646559048428207,,,False,True,False,0.1020884374095831,0.1234153293616584,0.7744962332287584,125.16404636846516,20.216574731145418,164.86697001220787,295.3056884966086,0.1087371307432999,0.7379045868970461,370.8695839498103,119.856300812406,140.0645383574279,275.2042533810596,3.068601528144511,333.64742863648746,0.037349926580301,0.8640516021491678,0.0964694729703306,0.0984910363126486,0.1494092683503874,0.1210420733029711,0.0877774312594209,0.2322724921352708,0.089272687841328,0.0812995356952741,0.1151507758127797,0.0782922753888921,0.1576157309433467,0.100175363039857,0.0718828246682833,0.1267540811498196,0.0927029421883624,0.1259903618394184,0.0795183454584886,0.0960012864493996,0.0811978766191518,0.1741074949232073,-2.0955931943061827,17.0,low_contrast,False,False,False,True,False,0,0,57.0,24.361665423444727,0.188034188034188,79.0,91.0,0.0041456271827514,0.6629110530532588,,data,0.2272727272727272,0.30078125,5.0,0.1020884374095831,0.089114764321285,0.1173183343850075,0.1234153293616584,0.150261721230291,0.0912934704361041,0.2762660569538216,0.4778032931499561,0,0,0.0,3.605551275463989,0.0518462316641375,0.0815693932611079,-0.1525655254845044,0.0422060736011729,-0.3426573426573427,1999666,1654112,9785,7757,2028,58,1970,390864,0,390864,0,1931,39,52,0.8413077890055112,52,52,12,0.7765918052358565,12,12,0.0,0.0,3,3.605551275463989,4.0,3,0.03984375,0.0605326876513317,3,0.0659190251892461,0.0874593543691822,3,-0.1525655254845044,-0.1289165884060445,3,0.0340473737469349,0.0451437481607578,3,-0.3496503496503497,-0.3426573426573427,3,1479204.0,2434651.0,1443903.0,1900878.0,8434.0,11110.0,6877.0,8635.0,1557.0,2475.0,54.0,79.0,1503.0,2396.0,390864.0,460174.0,0.0,0.0,390864.0,460174.0,0.0,0.0,1477.0,2353.0,26.0,43.0,52.0,52.0,0.8413077890055112,0.8413077890055112,52.0,52.0,52.0,52.0,12.0,12.0,0.7765918052358565,0.7765918052358565,12.0,12.0,12.0,12.0,5,100,87.28522859780104,0.9557380753303241,0.079801744234017,-0.0760742829237974,793,1505,1557,720,44,0,206901.0,5.303304908059076,1.1518936552810466,,,,,48.94235146459215
1,Batch_1,5n1q8atc,2316,7000,33.184367034834324,78.0,54,5.94732370433305,7.646559048428207,89.0,35.0,True,True,False,0.0654290648902047,0.170339748334567,0.7642311867752283,133.66641993585,26.438769072322643,220.51081201028637,452.6586942224133,0.1431136237187756,0.7080672082703301,542.6107802132652,119.54108068097706,90.1786059563103,199.71354981165825,2.848614953424292,224.4595482156426,0.0082204539847026,0.308413520848754,0.0479709338280766,0.1845559678416821,0.080856527093596,0.1603583743842364,0.0489022881880024,0.1403296227581942,0.1067512315270935,0.1767204433497537,0.0544593596059113,0.1920954433497537,0.0454013605442176,0.1337068645640074,0.0660067733990147,0.1586447044334975,0.0702319109461966,0.2037093382807668,0.0689199507389162,0.1421071428571428,0.0645782019704433,0.2110874384236453,-1.879182555877552,16.0,low_contrast,False,False,False,True,False,0,0,59.0,23.41662181889667,0.1583333333333333,82.0,91.0,0.0034642481199253,0.8520974735932986,,data,0.2121212121212121,0.2890625,5.0,0.0654290648902047,0.0553762028127313,0.0783660868492474,0.170339748334567,0.1976733900814211,0.1436116456945472,0.3513711234463617,0.3173759789799056,0,0,0.0,3.1622776601683795,0.0493937692081361,0.1144710595405117,-0.1981558951592247,0.0539292483568357,-0.0629370629370629,2761548,1060736,10022,7855,2167,71,2096,383142,0,383142,0,2068,28,52,0.840827041697508,52,52,12,0.7761480384900074,12,12,0.0,0.0,3,3.1622776601683795,3.605551275463989,3,0.0325387863455572,0.0641231163834562,3,0.1062834855051115,0.1158662184470024,3,-0.1981558951592247,-0.1698966959788269,3,0.0491260441681252,0.0544295966091447,3,-0.0769230769230769,-0.0559440559440559,3,2328232.0,3204681.0,897759.0,1270471.0,8372.0,11444.0,6652.0,8967.0,1720.0,2477.0,62.0,84.0,1658.0,2393.0,383142.0,493426.0,0.0,0.0,383142.0,493426.0,0.0,0.0,1631.0,2364.0,27.0,29.0,52.0,52.0,0.840827041697508,0.840827041697508,52.0,52.0,52.0,52.0,12.0,12.0,0.7761480384900074,0.7761480384900074,12.0,12.0,12.0,12.0,-5,50,50.10083327216436,0.750390565267764,0.042990929189328904,-0.04747106737241905,2393,4532,2477,0,84,0,722903.0,4.787491742782046,1.3254527018636457,,,,,147.60671107821366
1,Batch_1,5n1q8atc,2316,7000,33.184367034834324,78.0,54,5.94732370433305,7.646559048428207,89.0,35.0,True,True,False,0.0654290648902047,0.170339748334567,0.7642311867752283,133.66641993585,26.438769072322643,220.51081201028637,452.6586942224133,0.1431136237187756,0.7080672082703301,542.6107802132652,119.54108068097706,90.1786059563103,199.71354981165825,2.848614953424292,224.4595482156426,0.0082204539847026,0.308413520848754,0.0479709338280766,0.1845559678416821,0.080856527093596,0.1603583743842364,0.0489022881880024,0.1403296227581942,0.1067512315270935,0.1767204433497537,0.0544593596059113,0.1920954433497537,0.0454013605442176,0.1337068645640074,0.0660067733990147,0.1586447044334975,0.0702319109461966,0.2037093382807668,0.0689199507389162,0.1421071428571428,0.0645782019704433,0.2110874384236453,-1.879182555877552,16.0,low_contrast,False,False,False,True,False,0,0,59.0,23.41662181889667,0.1583333333333333,82.0,91.0,0.0034642481199253,0.8520974735932986,,data,0.2121212121212121,0.2890625,5.0,0.0654290648902047,0.0553762028127313,0.0783660868492474,0.170339748334567,0.1976733900814211,0.1436116456945472,0.3513711234463617,0.3173759789799056,0,0,0.0,3.1622776601683795,0.0493937692081361,0.1144710595405117,-0.1981558951592247,0.0539292483568357,-0.0629370629370629,2761548,1060736,10022,7855,2167,71,2096,383142,0,383142,0,2068,28,52,0.840827041697508,52,52,12,0.7761480384900074,12,12,0.0,0.0,3,3.1622776601683795,3.605551275463989,3,0.0325387863455572,0.0641231163834562,3,0.1062834855051115,0.1158662184470024,3,-0.1981558951592247,-0.1698966959788269,3,0.0491260441681252,0.0544295966091447,3,-0.0769230769230769,-0.0559440559440559,3,2328232.0,3204681.0,897759.0,1270471.0,8372.0,11444.0,6652.0,8967.0,1720.0,2477.0,62.0,84.0,1658.0,2393.0,383142.0,493426.0,0.0,0.0,383142.0,493426.0,0.0,0.0,1631.0,2364.0,27.0,29.0,52.0,52.0,0.840827041697508,0.840827041697508,52.0,52.0,52.0,52.0,12.0,12.0,0.7761480384900074,0.7761480384900074,12.0,12.0,12.0,12.0,-5,100,70.98933117429343,0.7136628603724641,0.05301989873334673,-0.0386446717646799,1384,2630,2477,1027,66,0,721627.0,5.420534999272286,1.2980017539742121,,,,,85.36886257093512
1,Batch_1,5n1q8atc,2316,7000,33.184367034834324,78.0,54,5.94732370433305,7.646559048428207,89.0,35.0,True,True,False,0.0654290648902047,0.170339748334567,0.7642311867752283,133.66641993585,26.438769072322643,220.51081201028637,452.6586942224133,0.1431136237187756,0.7080672082703301,542.6107802132652,119.54108068097706,90.1786059563103,199.71354981165825,2.848614953424292,224.4595482156426,0.0082204539847026,0.308413520848754,0.0479709338280766,0.1845559678416821,0.080856527093596,0.1603583743842364,0.0489022881880024,0.1403296227581942,0.1067512315270935,0.1767204433497537,0.0544593596059113,0.1920954433497537,0.0454013605442176,0.1337068645640074,0.0660067733990147,0.1586447044334975,0.0702319109461966,0.2037093382807668,0.0689199507389162,0.1421071428571428,0.0645782019704433,0.2110874384236453,-1.879182555877552,16.0,low_contrast,False,False,False,True,False,0,0,59.0,23.41662181889667,0.1583333333333333,82.0,91.0,0.0034642481199253,0.8520974735932986,,data,0.2121212121212121,0.2890625,5.0,0.0654290648902047,0.0553762028127313,0.0783660868492474,0.170339748334567,0.1976733900814211,0.1436116456945472,0.3513711234463617,0.3173759789799056,0,0,0.0,3.1622776601683795,0.0493937692081361,0.1144710595405117,-0.1981558951592247,0.0539292483568357,-0.0629370629370629,2761548,1060736,10022,7855,2167,71,2096,383142,0,383142,0,2068,28,52,0.840827041697508,52,52,12,0.7761480384900074,12,12,0.0,0.0,3,3.1622776601683795,3.605551275463989,3,0.0325387863455572,0.0641231163834562,3,0.1062834855051115,0.1158662184470024,3,-0.1981558951592247,-0.1698966959788269,3,0.0491260441681252,0.0544295966091447,3,-0.0769230769230769,-0.0559440559440559,3,2328232.0,3204681.0,897759.0,1270471.0,8372.0,11444.0,6652.0,8967.0,1720.0,2477.0,62.0,84.0,1658.0,2393.0,383142.0,493426.0,0.0,0.0,383142.0,493426.0,0.0,0.0,1631.0,2364.0,27.0,29.0,52.0,52.0,0.840827041697508,0.840827041697508,52.0,52.0,52.0,52.0,12.0,12.0,0.7761480384900074,0.7761480384900074,12.0,12.0,12.0,12.0,0,50,49.27746408885316,0.8672955640907164,0.04112237247586347,-0.00908035642925257,2096,4051,2167,0,71,0,647717.0,4.727387818712341,1.1666657519131256,,,,,129.28694793979767
1,Batch_1,5n1q8atc,2316,7000,33.184367034834324,78.0,54,5.94732370433305,7.646559048428207,89.0,35.0,True,True,False,0.0654290648902047,0.170339748334567,0.7642311867752283,133.66641993585,26.438769072322643,220.51081201028637,452.6586942224133,0.1431136237187756,0.7080672082703301,542.6107802132652,119.54108068097706,90.1786059563103,199.71354981165825,2.848614953424292,224.4595482156426,0.0082204539847026,0.308413520848754,0.0479709338280766,0.1845559678416821,0.080856527093596,0.1603583743842364,0.0489022881880024,0.1403296227581942,0.1067512315270935,0.1767204433497537,0.0544593596059113,0.1920954433497537,0.0454013605442176,0.1337068645640074,0.0660067733990147,0.1586447044334975,0.0702319109461966,0.2037093382807668,0.0689199507389162,0.1421071428571428,0.0645782019704433,0.2110874384236453,-1.879182555877552,16.0,low_contrast,False,False,False,True,False,0,0,59.0,23.41662181889667,0.1583333333333333,82.0,91.0,0.0034642481199253,0.8520974735932986,,data,0.2121212121212121,0.2890625,5.0,0.0654290648902047,0.0553762028127313,0.0783660868492474,0.170339748334567,0.1976733900814211,0.1436116456945472,0.3513711234463617,0.3173759789799056,0,0,0.0,3.1622776601683795,0.0493937692081361,0.1144710595405117,-0.1981558951592247,0.0539292483568357,-0.0629370629370629,2761548,1060736,10022,7855,2167,71,2096,383142,0,383142,0,2068,28,52,0.840827041697508,52,52,12,0.7761480384900074,12,12,0.0,0.0,3,3.1622776601683795,3.605551275463989,3,0.0325387863455572,0.0641231163834562,3,0.1062834855051115,0.1158662184470024,3,-0.1981558951592247,-0.1698966959788269,3,0.0491260441681252,0.0544295966091447,3,-0.0769230769230769,-0.0559440559440559,3,2328232.0,3204681.0,897759.0,1270471.0,8372.0,11444.0,6652.0,8967.0,1720.0,2477.0,62.0,84.0,1658.0,2393.0,383142.0,493426.0,0.0,0.0,383142.0,493426.0,0.0,0.0,1631.0,2364.0,27.0,29.0,52.0,52.0,0.840827041697508,0.840827041697508,52.0,52.0,52.0,52.0,12.0,12.0,0.7761480384900074,0.7761480384900074,12.0,12.0,12.0,12.0,0,100,70.97948030743967,0.830561084509118,0.041975016774481407,-0.007445734514016944,1170,2202,2167,940,57,0,646743.0,5.327876168789581,1.1175667536197267,,,,,72.16876387860844
1,Batch_1,5n1q8atc,2316,7000,33.184367034834324,78.0,54,5.94732370433305,7.646559048428207,89.0,35.0,True,True,False,0.0654290648902047,0.170339748334567,0.7642311867752283,133.66641993585,26.438769072322643,220.51081201028637,452.6586942224133,0.1431136237187756,0.7080672082703301,542.6107802132652,119.54108068097706,90.1786059563103,199.71354981165825,2.848614953424292,224.4595482156426,0.0082204539847026,0.308413520848754,0.0479709338280766,0.1845559678416821,0.080856527093596,0.1603583743842364,0.0489022881880024,0.1403296227581942,0.1067512315270935,0.1767204433497537,0.0544593596059113,0.1920954433497537,0.0454013605442176,0.1337068645640074,0.0660067733990147,0.1586447044334975,0.0702319109461966,0.2037093382807668,0.0689199507389162,0.1421071428571428,0.0645782019704433,0.2110874384236453,-1.879182555877552,16.0,low_contrast,False,False,False,True,False,0,0,59.0,23.41662181889667,0.1583333333333333,82.0,91.0,0.0034642481199253,0.8520974735932986,,data,0.2121212121212121,0.2890625,5.0,0.0654290648902047,0.0553762028127313,0.0783660868492474,0.170339748334567,0.1976733900814211,0.1436116456945472,0.3513711234463617,0.3173759789799056,0,0,0.0,3.1622776601683795,0.0493937692081361,0.1144710595405117,-0.1981558951592247,0.0539292483568357,-0.0629370629370629,2761548,1060736,10022,7855,2167,71,2096,383142,0,383142,0,2068,28,52,0.840827041697508,52,52,12,0.7761480384900074,12,12,0.0,0.0,3,3.1622776601683795,3.605551275463989,3,0.0325387863455572,0.0641231163834562,3,0.1062834855051115,0.1158662184470024,3,-0.1981558951592247,-0.1698966959788269,3,0.0491260441681252,0.0544295966091447,3,-0.0769230769230769,-0.0559440559440559,3,2328232.0,3204681.0,897759.0,1270471.0,8372.0,11444.0,6652.0,8967.0,1720.0,2477.0,62.0,84.0,1658.0,2393.0,383142.0,493426.0,0.0,0.0,383142.0,493426.0,0.0,0.0,1631.0,2364.0,27.0,29.0,52.0,52.0,0.840827041697508,0.840827041697508,52.0,52.0,52.0,52.0,12.0,12.0,0.7761480384900074,0.7761480384900074,12.0,12.0,12.0,12.0,5,50,52.25094198043569,1.0019282270512542,0.046348955896798334,0.019620579604435046,1658,3165,1720,0,62,0,515087.0,4.624972813284271,1.0624237561850132,,,,,102.26992351344683
1,Batch_1,5n1q8atc,2316,7000,33.184367034834324,78.0,54,5.94732370433305,7.646559048428207,89.0,35.0,True,True,False,0.0654290648902047,0.170339748334567,0.7642311867752283,133.66641993585,26.438769072322643,220.51081201028637,452.6586942224133,0.1431136237187756,0.7080672082703301,542.6107802132652,119.54108068097706,90.1786059563103,199.71354981165825,2.848614953424292,224.4595482156426,0.0082204539847026,0.308413520848754,0.0479709338280766,0.1845559678416821,0.080856527093596,0.1603583743842364,0.0489022881880024,0.1403296227581942,0.1067512315270935,0.1767204433497537,0.0544593596059113,0.1920954433497537,0.0454013605442176,0.1337068645640074,0.0660067733990147,0.1586447044334975,0.0702319109461966,0.2037093382807668,0.0689199507389162,0.1421071428571428,0.0645782019704433,0.2110874384236453,-1.879182555877552,16.0,low_contrast,False,False,False,True,False,0,0,59.0,23.41662181889667,0.1583333333333333,82.0,91.0,0.0034642481199253,0.8520974735932986,,data,0.2121212121212121,0.2890625,5.0,0.0654290648902047,0.0553762028127313,0.0783660868492474,0.170339748334567,0.1976733900814211,0.1436116456945472,0.3513711234463617,0.3173759789799056,0,0,0.0,3.1622776601683795,0.0493937692081361,0.1144710595405117,-0.1981558951592247,0.0539292483568357,-0.0629370629370629,2761548,1060736,10022,7855,2167,71,2096,383142,0,383142,0,2068,28,52,0.840827041697508,52,52,12,0.7761480384900074,12,12,0.0,0.0,3,3.1622776601683795,3.605551275463989,3,0.0325387863455572,0.0641231163834562,3,0.1062834855051115,0.1158662184470024,3,-0.1981558951592247,-0.1698966959788269,3,0.0491260441681252,0.0544295966091447,3,-0.0769230769230769,-0.0559440559440559,3,2328232.0,3204681.0,897759.0,1270471.0,8372.0,11444.0,6652.0,8967.0,1720.0,2477.0,62.0,84.0,1658.0,2393.0,383142.0,493426.0,0.0,0.0,383142.0,493426.0,0.0,0.0,1631.0,2364.0,27.0,29.0,52.0,52.0,0.840827041697508,0.840827041697508,52.0,52.0,52.0,52.0,12.0,12.0,0.7761480384900074,0.7761480384900074,12.0,12.0,12.0,12.0,5,100,87.44936459735383,0.8945659922909296,0.06952537987013419,0.04040181533623118,851,1634,1720,822,47,0,513991.0,5.247024072160486,1.098619017735663,,,,,52.49198124845793
2,Batch_1,f1vzngrs,2148,7000,31.15802888700085,95.0,49,5.097706032285472,6.796941376380628,114.0,65.0,True,False,False,0.0618012769353551,0.066974461292897,0.8712242617717477,16.56025538707103,65.40707049173007,165.31428730813175,228.9636761910622,0.4063957707277821,0.8587295181184312,274.1822066433163,134.41074753923917,59.814739995303896,136.41726131926686,3.529312132263265,193.959812405276,0.0013474328278797,0.0665070497472732,0.0556108144192256,0.0471655540720961,0.0532737541528239,0.0376863787375415,0.0618059800664451,0.065731561461794,0.0600338870431893,0.0842225913621262,0.0574033222591362,0.0345960132890365,0.0696068090787716,0.0667102803738317,0.0663269102990033,0.0572923588039867,0.0713940199335548,0.0283003322259136,0.074153488372093,0.1202405315614617,0.0484112956810631,0.1277056478405315,-2.127431960249179,18.0,ordinary,False,False,False,True,False,0,0,52.0,23.796013445849976,0.0681818181818181,78.0,121.0,0.007548350507727,1.2045006672025294,,data,0.0875,0.2109375,5.0,0.0618012769353551,0.0518686485767491,0.0742979515828677,0.066974461292897,0.0712932295823357,0.062560787443469,0.3629262066798386,0.1303846566331819,0,0,0.0,7.0710678118654755,0.0393873085339168,0.0625311444101326,0.2178775719286263,0.0317989222535547,-0.0279720279720279,1007028,929244,722,473,249,15,234,88154,0,88154,0,229,5,52,0.9065900505453578,51,52,12,0.8368523543495611,12,12,0.0,0.0,3,6.708203932499369,7.211102550927978,3,0.0307495195387572,0.0414425258223744,3,0.0607175915620642,0.0645133182507065,3,0.2037052847263724,0.2312010416526308,3,0.0317989222535547,0.0322955035605582,3,-0.1888111888111888,0.0279720279720279,3,940664.0,1071965.0,779897.0,1117144.0,699.0,966.0,445.0,691.0,249.0,275.0,12.0,15.0,234.0,261.0,88154.0,94048.0,0.0,0.0,88154.0,94048.0,0.0,0.0,229.0,255.0,5.0,10.0,52.0,52.0,0.9065900505453578,0.9065900505453578,51.0,51.0,52.0,52.0,12.0,12.0,0.8368523543495611,0.8368523543495611,12.0,12.0,12.0,12.0,-5,50,133.60618618677896,1.080288689900982,0.12178565607708161,0.028433531882433177,261,517,275,0,14,0,100161.0,5.746203190540153,3.0007700675839484,,,,,17.358339984038306
2,Batch_1,f1vzngrs,2148,7000,31.15802888700085,95.0,49,5.097706032285472,6.796941376380628,114.0,65.0,True,False,False,0.0618012769353551,0.066974461292897,0.8712242617717477,16.56025538707103,65.40707049173007,165.31428730813175,228.9636761910622,0.4063957707277821,0.8587295181184312,274.1822066433163,134.41074753923917,59.814739995303896,136.41726131926686,3.529312132263265,193.959812405276,0.0013474328278797,0.0665070497472732,0.0556108144192256,0.0471655540720961,0.0532737541528239,0.0376863787375415,0.0618059800664451,0.065731561461794,0.0600338870431893,0.0842225913621262,0.0574033222591362,0.0345960132890365,0.0696068090787716,0.0667102803738317,0.0663269102990033,0.0572923588039867,0.0713940199335548,0.0283003322259136,0.074153488372093,0.1202405315614617,0.0484112956810631,0.1277056478405315,-2.127431960249179,18.0,ordinary,False,False,False,True,False,0,0,52.0,23.796013445849976,0.0681818181818181,78.0,121.0,0.007548350507727,1.2045006672025294,,data,0.0875,0.2109375,5.0,0.0618012769353551,0.0518686485767491,0.0742979515828677,0.066974461292897,0.0712932295823357,0.062560787443469,0.3629262066798386,0.1303846566331819,0,0,0.0,7.0710678118654755,0.0393873085339168,0.0625311444101326,0.2178775719286263,0.0317989222535547,-0.0279720279720279,1007028,929244,722,473,249,15,234,88154,0,88154,0,229,5,52,0.9065900505453578,51,52,12,0.8368523543495611,12,12,0.0,0.0,3,6.708203932499369,7.211102550927978,3,0.0307495195387572,0.0414425258223744,3,0.0607175915620642,0.0645133182507065,3,0.2037052847263724,0.2312010416526308,3,0.0317989222535547,0.0322955035605582,3,-0.1888111888111888,0.0279720279720279,3,940664.0,1071965.0,779897.0,1117144.0,699.0,966.0,445.0,691.0,249.0,275.0,12.0,15.0,234.0,261.0,88154.0,94048.0,0.0,0.0,88154.0,94048.0,0.0,0.0,229.0,255.0,5.0,10.0,52.0,52.0,0.9065900505453578,0.9065900505453578,51.0,51.0,52.0,52.0,12.0,12.0,0.8368523543495611,0.8368523543495611,12.0,12.0,12.0,12.0,-5,100,169.84837264422944,0.9373503755699122,0.12931665204624995,0.026662760578653376,195,379,275,68,12,0,100032.0,6.656726524178391,3.0173256518134917,,,,,12.968874700718276
2,Batch_1,f1vzngrs,2148,7000,31.15802888700085,95.0,49,5.097706032285472,6.796941376380628,114.0,65.0,True,False,False,0.0618012769353551,0.066974461292897,0.8712242617717477,16.56025538707103,65.40707049173007,165.31428730813175,228.9636761910622,0.4063957707277821,0.8587295181184312,274.1822066433163,134.41074753923917,59.814739995303896,136.41726131926686,3.529312132263265,193.959812405276,0.0013474328278797,0.0665070497472732,0.0556108144192256,0.0471655540720961,0.0532737541528239,0.0376863787375415,0.0618059800664451,0.065731561461794,0.0600338870431893,0.0842225913621262,0.0574033222591362,0.0345960132890365,0.0696068090787716,0.0667102803738317,0.0663269102990033,0.0572923588039867,0.0713940199335548,0.0283003322259136,0.074153488372093,0.1202405315614617,0.0484112956810631,0.1277056478405315,-2.127431960249179,18.0,ordinary,False,False,False,True,False,0,0,52.0,23.796013445849976,0.0681818181818181,78.0,121.0,0.007548350507727,1.2045006672025294,,data,0.0875,0.2109375,5.0,0.0618012769353551,0.0518686485767491,0.0742979515828677,0.066974461292897,0.0712932295823357,0.062560787443469,0.3629262066798386,0.1303846566331819,0,0,0.0,7.0710678118654755,0.0393873085339168,0.0625311444101326,0.2178775719286263,0.0317989222535547,-0.0279720279720279,1007028,929244,722,473,249,15,234,88154,0,88154,0,229,5,52,0.9065900505453578,51,52,12,0.8368523543495611,12,12,0.0,0.0,3,6.708203932499369,7.211102550927978,3,0.0307495195387572,0.0414425258223744,3,0.0607175915620642,0.0645133182507065,3,0.2037052847263724,0.2312010416526308,3,0.0317989222535547,0.0322955035605582,3,-0.1888111888111888,0.0279720279720279,3,940664.0,1071965.0,779897.0,1117144.0,699.0,966.0,445.0,691.0,249.0,275.0,12.0,15.0,234.0,261.0,88154.0,94048.0,0.0,0.0,88154.0,94048.0,0.0,0.0,229.0,255.0,5.0,10.0,52.0,52.0,0.9065900505453578,0.9065900505453578,51.0,51.0,52.0,52.0,12.0,12.0,0.8368523543495611,0.8368523543495611,12.0,12.0,12.0,12.0,0,50,128.95277266529044,1.2547100646988607,0.1250815005454177,-0.01945605562009211,234,464,249,0,15,0,96275.0,5.897138772613569,3.2328820748885807,,,,,15.562649640861933
2,Batch_1,f1vzngrs,2148,7000,31.15802888700085,95.0,49,5.097706032285472,6.796941376380628,114.0,65.0,True,False,False,0.0618012769353551,0.066974461292897,0.8712242617717477,16.56025538707103,65.40707049173007,165.31428730813175,228.9636761910622,0.4063957707277821,0.8587295181184312,274.1822066433163,134.41074753923917,59.814739995303896,136.41726131926686,3.529312132263265,193.959812405276,0.0013474328278797,0.0665070497472732,0.0556108144192256,0.0471655540720961,0.0532737541528239,0.0376863787375415,0.0618059800664451,0.065731561461794,0.0600338870431893,0.0842225913621262,0.0574033222591362,0.0345960132890365,0.0696068090787716,0.0667102803738317,0.0663269102990033,0.0572923588039867,0.0713940199335548,0.0283003322259136,0.074153488372093,0.1202405315614617,0.0484112956810631,0.1277056478405315,-2.127431960249179,18.0,ordinary,False,False,False,True,False,0,0,52.0,23.796013445849976,0.0681818181818181,78.0,121.0,0.007548350507727,1.2045006672025294,,data,0.0875,0.2109375,5.0,0.0618012769353551,0.0518686485767491,0.0742979515828677,0.066974461292897,0.0712932295823357,0.062560787443469,0.3629262066798386,0.1303846566331819,0,0,0.0,7.0710678118654755,0.0393873085339168,0.0625311444101326,0.2178775719286263,0.0317989222535547,-0.0279720279720279,1007028,929244,722,473,249,15,234,88154,0,88154,0,229,5,52,0.9065900505453578,51,52,12,0.8368523543495611,12,12,0.0,0.0,3,6.708203932499369,7.211102550927978,3,0.0307495195387572,0.0414425258223744,3,0.0607175915620642,0.0645133182507065,3,0.2037052847263724,0.2312010416526308,3,0.0317989222535547,0.0322955035605582,3,-0.1888111888111888,0.0279720279720279,3,940664.0,1071965.0,779897.0,1117144.0,699.0,966.0,445.0,691.0,249.0,275.0,12.0,15.0,234.0,261.0,88154.0,94048.0,0.0,0.0,88154.0,94048.0,0.0,0.0,229.0,255.0,5.0,10.0,52.0,52.0,0.9065900505453578,0.9065900505453578,51.0,51.0,52.0,52.0,12.0,12.0,0.8368523543495611,0.8368523543495611,12.0,12.0,12.0,12.0,0,100,164.561508947874,1.1180992659219413,0.0792202882534468,0.09948334655072968,177,350,249,59,13,0,96122.0,6.78105762593618,3.0558411776909775,,,,,11.771747805267358
2,Batch_1,f1vzngrs,2148,7000,31.15802888700085,95.0,49,5.097706032285472,6.796941376380628,114.0,65.0,True,False,False,0.0618012769353551,0.066974461292897,0.8712242617717477,16.56025538707103,65.40707049173007,165.31428730813175,228.9636761910622,0.4063957707277821,0.8587295181184312,274.1822066433163,134.41074753923917,59.814739995303896,136.41726131926686,3.529312132263265,193.959812405276,0.0013474328278797,0.0665070497472732,0.0556108144192256,0.0471655540720961,0.0532737541528239,0.0376863787375415,0.0618059800664451,0.065731561461794,0.0600338870431893,0.0842225913621262,0.0574033222591362,0.0345960132890365,0.0696068090787716,0.0667102803738317,0.0663269102990033,0.0572923588039867,0.0713940199335548,0.0283003322259136,0.074153488372093,0.1202405315614617,0.0484112956810631,0.1277056478405315,-2.127431960249179,18.0,ordinary,False,False,False,True,False,0,0,52.0,23.796013445849976,0.0681818181818181,78.0,121.0,0.007548350507727,1.2045006672025294,,data,0.0875,0.2109375,5.0,0.0618012769353551,0.0518686485767491,0.0742979515828677,0.066974461292897,0.0712932295823357,0.062560787443469,0.3629262066798386,0.1303846566331819,0,0,0.0,7.0710678118654755,0.0393873085339168,0.0625311444101326,0.2178775719286263,0.0317989222535547,-0.0279720279720279,1007028,929244,722,473,249,15,234,88154,0,88154,0,229,5,52,0.9065900505453578,51,52,12,0.8368523543495611,12,12,0.0,0.0,3,6.708203932499369,7.211102550927978,3,0.0307495195387572,0.0414425258223744,3,0.0607175915620642,0.0645133182507065,3,0.2037052847263724,0.2312010416526308,3,0.0317989222535547,0.0322955035605582,3,-0.1888111888111888,0.0279720279720279,3,940664.0,1071965.0,779897.0,1117144.0,699.0,966.0,445.0,691.0,249.0,275.0,12.0,15.0,234.0,261.0,88154.0,94048.0,0.0,0.0,88154.0,94048.0,0.0,0.0,229.0,255.0,5.0,10.0,52.0,52.0,0.9065900505453578,0.9065900505453578,51.0,51.0,52.0,52.0,12.0,12.0,0.8368523543495611,0.8368523543495611,12.0,12.0,12.0,12.0,5,50,106.7091399076471,1.6902682427168614,0.08209853415289904,0.18075347693997043,242,474,254,0,12,0,89401.0,5.581613067383961,3.060354428087728,,,,,16.094706038840116
2,Batch_1,f1vzngrs,2148,7000,31.15802888700085,95.0,49,5.097706032285472,6.796941376380628,114.0,65.0,True,False,False,0.0618012769353551,0.066974461292897,0.8712242617717477,16.56025538707103,65.40707049173007,165.31428730813175,228.9636761910622,0.4063957707277821,0.8587295181184312,274.1822066433163,134.41074753923917,59.814739995303896,136.41726131926686,3.529312132263265,193.959812405276,0.0013474328278797,0.0665070497472732,0.0556108144192256,0.0471655540720961,0.0532737541528239,0.0376863787375415,0.0618059800664451,0.065731561461794,0.0600338870431893,0.0842225913621262,0.0574033222591362,0.0345960132890365,0.0696068090787716,0.0667102803738317,0.0663269102990033,0.0572923588039867,0.0713940199335548,0.0283003322259136,0.074153488372093,0.1202405315614617,0.0484112956810631,0.1277056478405315,-2.127431960249179,18.0,ordinary,False,False,False,True,False,0,0,52.0,23.796013445849976,0.0681818181818181,78.0,121.0,0.007548350507727,1.2045006672025294,,data,0.0875,0.2109375,5.0,0.0618012769353551,0.0518686485767491,0.0742979515828677,0.066974461292897,0.0712932295823357,0.062560787443469,0.3629262066798386,0.1303846566331819,0,0,0.0,7.0710678118654755,0.0393873085339168,0.0625311444101326,0.2178775719286263,0.0317989222535547,-0.0279720279720279,1007028,929244,722,473,249,15,234,88154,0,88154,0,229,5,52,0.9065900505453578,51,52,12,0.8368523543495611,12,12,0.0,0.0,3,6.708203932499369,7.211102550927978,3,0.0307495195387572,0.0414425258223744,3,0.0607175915620642,0.0645133182507065,3,0.2037052847263724,0.2312010416526308,3,0.0317989222535547,0.0322955035605582,3,-0.1888111888111888,0.0279720279720279,3,940664.0,1071965.0,779897.0,1117144.0,699.0,966.0,445.0,691.0,249.0,275.0,12.0,15.0,234.0,261.0,88154.0,94048.0,0.0,0.0,88154.0,94048.0,0.0,0.0,229.0,255.0,5.0,10.0,52.0,52.0,0.9065900505453578,0.9065900505453578,51.0,51.0,52.0,52.0,12.0,12.0,0.8368523543495611,0.8368523543495611,12.0,12.0,12.0,12.0,5,100,150.66869619459257,1.229902804681876,0.10396049228770204,0.14020664641012381,181,355,254,63,10,0,89292.0,6.576469569048224,3.198892536092428,,,,,12.037776004256452
3,Batch_1,ffwubibz,2080,7000,37.18436703483432,96.0,58,5.94732370433305,7.646559048428207,116.0,58.0,True,False,False,0.0825026098901099,0.0445837912087912,0.8729135989010989,11.744505494505496,58.9571366089551,144.23404910570812,218.6028970370707,0.4436005804453523,0.8728757806970749,221.5534493719969,90.24725274725274,108.25385337133471,196.6619546604663,3.2522864137267713,200.96873288784028,0.0154964972527472,0.6181318681318682,0.0559038461538461,0.068117445054945,0.103125,0.0941140109890109,0.0852575549450549,0.0583818681318681,0.0958440934065934,0.0369354395604395,0.067782967032967,0.0364168956043956,0.0751325549450549,0.0399656593406593,0.101190934065934,0.0117726648351648,0.0719251373626373,0.0211057692307692,0.0849237637362637,0.0496373626373626,0.0839402472527472,0.0293907967032967,-2.248667590698269,16.0,ordinary,False,False,False,True,False,0,0,59.0,21.85599116283677,0.0310077519379844,84.0,112.0,0.005410824633226,1.069906275085002,,data,0.0402684563758389,0.236,5.0,0.0825026098901099,0.0712277472527472,0.0958494505494505,0.0445837912087912,0.0468118818681318,0.0423419642857142,0.2984354474300679,0.1002588039560033,0,0,0.0,6.4031242374328485,0.0428905316072184,0.0504657613697751,-0.1276359600443951,0.0206426992395894,0.1608391608391608,649140,1201238,457,286,171,10,161,48730,0,48730,0,160,1,52,0.9362285714285714,51,52,12,0.864210989010989,12,12,0.0,0.0,3,6.0,7.810249675906654,3,0.0305286671630677,0.0576652543233015,3,0.0482371544171636,0.0522610705444615,3,-0.146333134124477,-0.1276359600443951,3,0.019883202295905,0.0211142378367105,3,0.1048951048951049,0.1748251748251748,3,616499.0,681581.0,1037076.0,1395568.0,355.0,692.0,201.0,482.0,154.0,210.0,10.0,11.0,143.0,199.0,48730.0,51692.0,0.0,0.0,48730.0,51692.0,0.0,0.0,142.0,197.0,1.0,2.0,52.0,52.0,0.9362285714285714,0.9362285714285714,50.0,52.0,52.0,52.0,12.0,12.0,0.864210989010989,0.864210989010989,12.0,12.0,12.0,12.0,-5,50,157.02174234329797,1.157467409076287,0.09783735499893244,-0.04176254391597908,199,375,210,0,11,0,128856.0,5.6240175061873385,3.1436400119212475,,,,,13.667582417582416
3,Batch_1,ffwubibz,2080,7000,37.18436703483432,96.0,58,5.94732370433305,7.646559048428207,116.0,58.0,True,False,False,0.0825026098901099,0.0445837912087912,0.8729135989010989,11.744505494505496,58.9571366089551,144.23404910570812,218.6028970370707,0.4436005804453523,0.8728757806970749,221.5534493719969,90.24725274725274,108.25385337133471,196.6619546604663,3.2522864137267713,200.96873288784028,0.0154964972527472,0.6181318681318682,0.0559038461538461,0.068117445054945,0.103125,0.0941140109890109,0.0852575549450549,0.0583818681318681,0.0958440934065934,0.0369354395604395,0.067782967032967,0.0364168956043956,0.0751325549450549,0.0399656593406593,0.101190934065934,0.0117726648351648,0.0719251373626373,0.0211057692307692,0.0849237637362637,0.0496373626373626,0.0839402472527472,0.0293907967032967,-2.248667590698269,16.0,ordinary,False,False,False,True,False,0,0,59.0,21.85599116283677,0.0310077519379844,84.0,112.0,0.005410824633226,1.069906275085002,,data,0.0402684563758389,0.236,5.0,0.0825026098901099,0.0712277472527472,0.0958494505494505,0.0445837912087912,0.0468118818681318,0.0423419642857142,0.2984354474300679,0.1002588039560033,0,0,0.0,6.4031242374328485,0.0428905316072184,0.0504657613697751,-0.1276359600443951,0.0206426992395894,0.1608391608391608,649140,1201238,457,286,171,10,161,48730,0,48730,0,160,1,52,0.9362285714285714,51,52,12,0.864210989010989,12,12,0.0,0.0,3,6.0,7.810249675906654,3,0.0305286671630677,0.0576652543233015,3,0.0482371544171636,0.0522610705444615,3,-0.146333134124477,-0.1276359600443951,3,0.019883202295905,0.0211142378367105,3,0.1048951048951049,0.1748251748251748,3,616499.0,681581.0,1037076.0,1395568.0,355.0,692.0,201.0,482.0,154.0,210.0,10.0,11.0,143.0,199.0,48730.0,51692.0,0.0,0.0,48730.0,51692.0,0.0,0.0,142.0,197.0,1.0,2.0,52.0,52.0,0.9362285714285714,0.9362285714285714,50.0,52.0,52.0,52.0,12.0,12.0,0.864210989010989,0.864210989010989,12.0,12.0,12.0,12.0,-5,100,192.7082793699567,1.1860455561265588,0.08230854942696529,0.05070644073011023,146,285,210,54,10,0,128777.0,6.742123565952318,2.936970488751152,,,,,10.027472527472527
3,Batch_1,ffwubibz,2080,7000,37.18436703483432,96.0,58,5.94732370433305,7.646559048428207,116.0,58.0,True,False,False,0.0825026098901099,0.0445837912087912,0.8729135989010989,11.744505494505496,58.9571366089551,144.23404910570812,218.6028970370707,0.4436005804453523,0.8728757806970749,221.5534493719969,90.24725274725274,108.25385337133471,196.6619546604663,3.2522864137267713,200.96873288784028,0.0154964972527472,0.6181318681318682,0.0559038461538461,0.068117445054945,0.103125,0.0941140109890109,0.0852575549450549,0.0583818681318681,0.0958440934065934,0.0369354395604395,0.067782967032967,0.0364168956043956,0.0751325549450549,0.0399656593406593,0.101190934065934,0.0117726648351648,0.0719251373626373,0.0211057692307692,0.0849237637362637,0.0496373626373626,0.0839402472527472,0.0293907967032967,-2.248667590698269,16.0,ordinary,False,False,False,True,False,0,0,59.0,21.85599116283677,0.0310077519379844,84.0,112.0,0.005410824633226,1.069906275085002,,data,0.0402684563758389,0.236,5.0,0.0825026098901099,0.0712277472527472,0.0958494505494505,0.0445837912087912,0.0468118818681318,0.0423419642857142,0.2984354474300679,0.1002588039560033,0,0,0.0,6.4031242374328485,0.0428905316072184,0.0504657613697751,-0.1276359600443951,0.0206426992395894,0.1608391608391608,649140,1201238,457,286,171,10,161,48730,0,48730,0,160,1,52,0.9362285714285714,51,52,12,0.864210989010989,12,12,0.0,0.0,3,6.0,7.810249675906654,3,0.0305286671630677,0.0576652543233015,3,0.0482371544171636,0.0522610705444615,3,-0.146333134124477,-0.1276359600443951,3,0.019883202295905,0.0211142378367105,3,0.1048951048951049,0.1748251748251748,3,616499.0,681581.0,1037076.0,1395568.0,355.0,692.0,201.0,482.0,154.0,210.0,10.0,11.0,143.0,199.0,48730.0,51692.0,0.0,0.0,48730.0,51692.0,0.0,0.0,142.0,197.0,1.0,2.0,52.0,52.0,0.9362285714285714,0.9362285714285714,50.0,52.0,52.0,52.0,12.0,12.0,0.864210989010989,0.864210989010989,12.0,12.0,12.0,12.0,0,50,172.77871988679382,1.2153760097808894,0.07221497980816753,0.026443178384477867,161,313,171,0,10,0,125311.0,6.257667587882639,3.4031372464799823,,,,,11.057692307692308
3,Batch_1,ffwubibz,2080,7000,37.18436703483432,96.0,58,5.94732370433305,7.646559048428207,116.0,58.0,True,False,False,0.0825026098901099,0.0445837912087912,0.8729135989010989,11.744505494505496,58.9571366089551,144.23404910570812,218.6028970370707,0.4436005804453523,0.8728757806970749,221.5534493719969,90.24725274725274,108.25385337133471,196.6619546604663,3.2522864137267713,200.96873288784028,0.0154964972527472,0.6181318681318682,0.0559038461538461,0.068117445054945,0.103125,0.0941140109890109,0.0852575549450549,0.0583818681318681,0.0958440934065934,0.0369354395604395,0.067782967032967,0.0364168956043956,0.0751325549450549,0.0399656593406593,0.101190934065934,0.0117726648351648,0.0719251373626373,0.0211057692307692,0.0849237637362637,0.0496373626373626,0.0839402472527472,0.0293907967032967,-2.248667590698269,16.0,ordinary,False,False,False,True,False,0,0,59.0,21.85599116283677,0.0310077519379844,84.0,112.0,0.005410824633226,1.069906275085002,,data,0.0402684563758389,0.236,5.0,0.0825026098901099,0.0712277472527472,0.0958494505494505,0.0445837912087912,0.0468118818681318,0.0423419642857142,0.2984354474300679,0.1002588039560033,0,0,0.0,6.4031242374328485,0.0428905316072184,0.0504657613697751,-0.1276359600443951,0.0206426992395894,0.1608391608391608,649140,1201238,457,286,171,10,161,48730,0,48730,0,160,1,52,0.9362285714285714,51,52,12,0.864210989010989,12,12,0.0,0.0,3,6.0,7.810249675906654,3,0.0305286671630677,0.0576652543233015,3,0.0482371544171636,0.0522610705444615,3,-0.146333134124477,-0.1276359600443951,3,0.019883202295905,0.0211142378367105,3,0.1048951048951049,0.1748251748251748,3,616499.0,681581.0,1037076.0,1395568.0,355.0,692.0,201.0,482.0,154.0,210.0,10.0,11.0,143.0,199.0,48730.0,51692.0,0.0,0.0,48730.0,51692.0,0.0,0.0,142.0,197.0,1.0,2.0,52.0,52.0,0.9362285714285714,0.9362285714285714,50.0,52.0,52.0,52.0,12.0,12.0,0.864210989010989,0.864210989010989,12.0,12.0,12.0,12.0,0,100,235.56812295709346,1.0650213122303105,0.11495633523812722,0.04987382003374881,121,236,171,40,10,0,125311.0,7.112327444710911,2.8502340658643,,,,,8.31043956043956
3,Batch_1,ffwubibz,2080,7000,37.18436703483432,96.0,58,5.94732370433305,7.646559048428207,116.0,58.0,True,False,False,0.0825026098901099,0.0445837912087912,0.8729135989010989,11.744505494505496,58.9571366089551,144.23404910570812,218.6028970370707,0.4436005804453523,0.8728757806970749,221.5534493719969,90.24725274725274,108.25385337133471,196.6619546604663,3.2522864137267713,200.96873288784028,0.0154964972527472,0.6181318681318682,0.0559038461538461,0.068117445054945,0.103125,0.0941140109890109,0.0852575549450549,0.0583818681318681,0.0958440934065934,0.0369354395604395,0.067782967032967,0.0364168956043956,0.0751325549450549,0.0399656593406593,0.101190934065934,0.0117726648351648,0.0719251373626373,0.0211057692307692,0.0849237637362637,0.0496373626373626,0.0839402472527472,0.0293907967032967,-2.248667590698269,16.0,ordinary,False,False,False,True,False,0,0,59.0,21.85599116283677,0.0310077519379844,84.0,112.0,0.005410824633226,1.069906275085002,,data,0.0402684563758389,0.236,5.0,0.0825026098901099,0.0712277472527472,0.0958494505494505,0.0445837912087912,0.0468118818681318,0.0423419642857142,0.2984354474300679,0.1002588039560033,0,0,0.0,6.4031242374328485,0.0428905316072184,0.0504657613697751,-0.1276359600443951,0.0206426992395894,0.1608391608391608,649140,1201238,457,286,171,10,161,48730,0,48730,0,160,1,52,0.9362285714285714,51,52,12,0.864210989010989,12,12,0.0,0.0,3,6.0,7.810249675906654,3,0.0305286671630677,0.0576652543233015,3,0.0482371544171636,0.0522610705444615,3,-0.146333134124477,-0.1276359600443951,3,0.019883202295905,0.0211142378367105,3,0.1048951048951049,0.1748251748251748,3,616499.0,681581.0,1037076.0,1395568.0,355.0,692.0,201.0,482.0,154.0,210.0,10.0,11.0,143.0,199.0,48730.0,51692.0,0.0,0.0,48730.0,51692.0,0.0,0.0,142.0,197.0,1.0,2.0,52.0,52.0,0.9362285714285714,0.9362285714285714,50.0,52.0,52.0,52.0,12.0,12.0,0.864210989010989,0.864210989010989,12.0,12.0,12.0,12.0,5,50,183.64621182179437,1.2573669775337015,0.0632115974460047,0.045487930887621646,143,281,154,0,11,0,119967.0,6.437751649736401,3.5459736232714736,,,,,9.821428571428571
3,Batch_1,ffwubibz,2080,7000,37.18436703483432,96.0,58,5.94732370433305,7.646559048428207,116.0,58.0,True,False,False,0.0825026098901099,0.0445837912087912,0.8729135989010989,11.744505494505496,58.9571366089551,144.23404910570812,218.6028970370707,0.4436005804453523,0.8728757806970749,221.5534493719969,90.24725274725274,108.25385337133471,196.6619546604663,3.2522864137267713,200.96873288784028,0.0154964972527472,0.6181318681318682,0.0559038461538461,0.068117445054945,0.103125,0.0941140109890109,0.0852575549450549,0.0583818681318681,0.0958440934065934,0.0369354395604395,0.067782967032967,0.0364168956043956,0.0751325549450549,0.0399656593406593,0.101190934065934,0.0117726648351648,0.0719251373626373,0.0211057692307692,0.0849237637362637,0.0496373626373626,0.0839402472527472,0.0293907967032967,-2.248667590698269,16.0,ordinary,False,False,False,True,False,0,0,59.0,21.85599116283677,0.0310077519379844,84.0,112.0,0.005410824633226,1.069906275085002,,data,0.0402684563758389,0.236,5.0,0.0825026098901099,0.0712277472527472,0.0958494505494505,0.0445837912087912,0.0468118818681318,0.0423419642857142,0.2984354474300679,0.1002588039560033,0,0,0.0,6.4031242374328485,0.0428905316072184,0.0504657613697751,-0.1276359600443951,0.0206426992395894,0.1608391608391608,649140,1201238,457,286,171,10,161,48730,0,48730,0,160,1,52,0.9362285714285714,51,52,12,0.864210989010989,12,12,0.0,0.0,3,6.0,7.810249675906654,3,0.0305286671630677,0.0576652543233015,3,0.0482371544171636,0.0522610705444615,3,-0.146333134124477,-0.1276359600443951,3,0.019883202295905,0.0211142378367105,3,0.1048951048951049,0.1748251748251748,3,616499.0,681581.0,1037076.0,1395568.0,355.0,692.0,201.0,482.0,154.0,210.0,10.0,11.0,143.0,199.0,48730.0,51692.0,0.0,0.0,48730.0,51692.0,0.0,0.0,142.0,197.0,1.0,2.0,52.0,52.0,0.9362285714285714,0.9362285714285714,50.0,52.0,52.0,52.0,12.0,12.0,0.864210989010989,0.864210989010989,12.0,12.0,12.0,12.0,5,100,246.7723895008518,1.11601843032406,0.1099921733877802,0.0015457288658872652,111,216,154,33,10,0,119906.0,7.247080584585756,2.406670495837699,,,,,7.623626373626373
4,Batch_1,fzrt2k6r,2156,7000,40.18436703483432,98.0,61,5.94732370433305,5.94732370433305,116.0,55.0,True,False,False,0.0960214683275907,0.0602031539888682,0.843775377683541,15.70368407103101,65.11441993881303,164.97119526970187,226.54301924620177,0.3363059236947514,0.8671142693245741,328.534720670874,100.64935064935064,113.344549963277,263.3744300367286,3.5807365705696697,304.21278130459166,0.0236179432812085,0.5300821627352239,0.0934916943521594,0.0412026578073089,0.08542791005291,0.0702956349206349,0.0761235880398671,0.0684617940199335,0.108209656084656,0.0588128306878306,0.0979424603174603,0.040125,0.1616126245847176,0.0580079734219269,0.1138287037037037,0.0526236772486772,0.0847029900332226,0.0556491694352159,0.0746104497354497,0.071459656084656,0.064412037037037,0.0853121693121693,-2.2602154401420447,22.0,ordinary,False,False,False,False,False,0,0,62.0,23.67651170327822,0.0606060606060606,83.0,148.0,0.0085140523171716,0.9410808643840216,,data,0.0462427745664739,0.1031746031746031,5.0,0.0960214683275907,0.0825092101775775,0.113345348529022,0.0602031539888682,0.0641100583090379,0.0562909488470712,0.3211379589222969,0.1298787346492242,0,0,0.0,7.0710678118654755,0.0330776003018488,0.058566292157561,-0.0525911380517373,0.0312220625099101,0.1398601398601399,908586,1449156,950,713,237,21,216,71708,0,71708,0,203,13,52,0.9032260800424066,52,52,12,0.8337471508083752,12,12,0.0,0.0,3,5.830951894845301,10.04987562112089,3,0.0166402535657686,0.051704327843738,3,0.0558868305865737,0.0605543683438538,3,-0.0871681038162725,-0.0376504738324938,3,0.0299877104224322,0.0317994818018766,3,0.1188811188811189,0.2447552447552448,3,849543.0,967549.0,1245229.0,1710608.0,663.0,1588.0,452.0,1236.0,211.0,352.0,15.0,31.0,196.0,321.0,71708.0,86408.0,0.0,0.0,71708.0,86408.0,0.0,0.0,185.0,307.0,11.0,14.0,52.0,52.0,0.9032260800424066,0.9032260800424066,52.0,52.0,52.0,52.0,12.0,12.0,0.8337471508083752,0.8337471508083752,12.0,12.0,12.0,12.0,-5,50,113.54671009610146,1.3095400846229754,0.041167183367901254,0.1125560618172314,321,622,352,0,31,0,139417.0,4.948759890378168,2.5735794002357517,,,,,21.26954677975086
4,Batch_1,fzrt2k6r,2156,7000,40.18436703483432,98.0,61,5.94732370433305,5.94732370433305,116.0,55.0,True,False,False,0.0960214683275907,0.0602031539888682,0.843775377683541,15.70368407103101,65.11441993881303,164.97119526970187,226.54301924620177,0.3363059236947514,0.8671142693245741,328.534720670874,100.64935064935064,113.344549963277,263.3744300367286,3.5807365705696697,304.21278130459166,0.0236179432812085,0.5300821627352239,0.0934916943521594,0.0412026578073089,0.08542791005291,0.0702956349206349,0.0761235880398671,0.0684617940199335,0.108209656084656,0.0588128306878306,0.0979424603174603,0.040125,0.1616126245847176,0.0580079734219269,0.1138287037037037,0.0526236772486772,0.0847029900332226,0.0556491694352159,0.0746104497354497,0.071459656084656,0.064412037037037,0.0853121693121693,-2.2602154401420447,22.0,ordinary,False,False,False,False,False,0,0,62.0,23.67651170327822,0.0606060606060606,83.0,148.0,0.0085140523171716,0.9410808643840216,,data,0.0462427745664739,0.1031746031746031,5.0,0.0960214683275907,0.0825092101775775,0.113345348529022,0.0602031539888682,0.0641100583090379,0.0562909488470712,0.3211379589222969,0.1298787346492242,0,0,0.0,7.0710678118654755,0.0330776003018488,0.058566292157561,-0.0525911380517373,0.0312220625099101,0.1398601398601399,908586,1449156,950,713,237,21,216,71708,0,71708,0,203,13,52,0.9032260800424066,52,52,12,0.8337471508083752,12,12,0.0,0.0,3,5.830951894845301,10.04987562112089,3,0.0166402535657686,0.051704327843738,3,0.0558868305865737,0.0605543683438538,3,-0.0871681038162725,-0.0376504738324938,3,0.0299877104224322,0.0317994818018766,3,0.1188811188811189,0.2447552447552448,3,849543.0,967549.0,1245229.0,1710608.0,663.0,1588.0,452.0,1236.0,211.0,352.0,15.0,31.0,196.0,321.0,71708.0,86408.0,0.0,0.0,71708.0,86408.0,0.0,0.0,185.0,307.0,11.0,14.0,52.0,52.0,0.9032260800424066,0.9032260800424066,52.0,52.0,52.0,52.0,12.0,12.0,0.8337471508083752,0.8337471508083752,12.0,12.0,12.0,12.0,-5,100,179.09390221141743,0.8952385954828446,0.02260561133783423,0.02339581046002526,199,379,352,126,27,0,139141.0,6.152732694704104,3.2017724795118365,,,,,13.185793798038695
4,Batch_1,fzrt2k6r,2156,7000,40.18436703483432,98.0,61,5.94732370433305,5.94732370433305,116.0,55.0,True,False,False,0.0960214683275907,0.0602031539888682,0.843775377683541,15.70368407103101,65.11441993881303,164.97119526970187,226.54301924620177,0.3363059236947514,0.8671142693245741,328.534720670874,100.64935064935064,113.344549963277,263.3744300367286,3.5807365705696697,304.21278130459166,0.0236179432812085,0.5300821627352239,0.0934916943521594,0.0412026578073089,0.08542791005291,0.0702956349206349,0.0761235880398671,0.0684617940199335,0.108209656084656,0.0588128306878306,0.0979424603174603,0.040125,0.1616126245847176,0.0580079734219269,0.1138287037037037,0.0526236772486772,0.0847029900332226,0.0556491694352159,0.0746104497354497,0.071459656084656,0.064412037037037,0.0853121693121693,-2.2602154401420447,22.0,ordinary,False,False,False,False,False,0,0,62.0,23.67651170327822,0.0606060606060606,83.0,148.0,0.0085140523171716,0.9410808643840216,,data,0.0462427745664739,0.1031746031746031,5.0,0.0960214683275907,0.0825092101775775,0.113345348529022,0.0602031539888682,0.0641100583090379,0.0562909488470712,0.3211379589222969,0.1298787346492242,0,0,0.0,7.0710678118654755,0.0330776003018488,0.058566292157561,-0.0525911380517373,0.0312220625099101,0.1398601398601399,908586,1449156,950,713,237,21,216,71708,0,71708,0,203,13,52,0.9032260800424066,52,52,12,0.8337471508083752,12,12,0.0,0.0,3,5.830951894845301,10.04987562112089,3,0.0166402535657686,0.051704327843738,3,0.0558868305865737,0.0605543683438538,3,-0.0871681038162725,-0.0376504738324938,3,0.0299877104224322,0.0317994818018766,3,0.1188811188811189,0.2447552447552448,3,849543.0,967549.0,1245229.0,1710608.0,663.0,1588.0,452.0,1236.0,211.0,352.0,15.0,31.0,196.0,321.0,71708.0,86408.0,0.0,0.0,71708.0,86408.0,0.0,0.0,185.0,307.0,11.0,14.0,52.0,52.0,0.9032260800424066,0.9032260800424066,52.0,52.0,52.0,52.0,12.0,12.0,0.8337471508083752,0.8337471508083752,12.0,12.0,12.0,12.0,0,50,160.14143150251562,1.0755837077288946,0.044055733076983,0.05401967310369795,216,418,237,0,21,0,99561.0,5.793008960831313,3.4220789758547987,,,,,14.312218393851046
4,Batch_1,fzrt2k6r,2156,7000,40.18436703483432,98.0,61,5.94732370433305,5.94732370433305,116.0,55.0,True,False,False,0.0960214683275907,0.0602031539888682,0.843775377683541,15.70368407103101,65.11441993881303,164.97119526970187,226.54301924620177,0.3363059236947514,0.8671142693245741,328.534720670874,100.64935064935064,113.344549963277,263.3744300367286,3.5807365705696697,304.21278130459166,0.0236179432812085,0.5300821627352239,0.0934916943521594,0.0412026578073089,0.08542791005291,0.0702956349206349,0.0761235880398671,0.0684617940199335,0.108209656084656,0.0588128306878306,0.0979424603174603,0.040125,0.1616126245847176,0.0580079734219269,0.1138287037037037,0.0526236772486772,0.0847029900332226,0.0556491694352159,0.0746104497354497,0.071459656084656,0.064412037037037,0.0853121693121693,-2.2602154401420447,22.0,ordinary,False,False,False,False,False,0,0,62.0,23.67651170327822,0.0606060606060606,83.0,148.0,0.0085140523171716,0.9410808643840216,,data,0.0462427745664739,0.1031746031746031,5.0,0.0960214683275907,0.0825092101775775,0.113345348529022,0.0602031539888682,0.0641100583090379,0.0562909488470712,0.3211379589222969,0.1298787346492242,0,0,0.0,7.0710678118654755,0.0330776003018488,0.058566292157561,-0.0525911380517373,0.0312220625099101,0.1398601398601399,908586,1449156,950,713,237,21,216,71708,0,71708,0,203,13,52,0.9032260800424066,52,52,12,0.8337471508083752,12,12,0.0,0.0,3,5.830951894845301,10.04987562112089,3,0.0166402535657686,0.051704327843738,3,0.0558868305865737,0.0605543683438538,3,-0.0871681038162725,-0.0376504738324938,3,0.0299877104224322,0.0317994818018766,3,0.1188811188811189,0.2447552447552448,3,849543.0,967549.0,1245229.0,1710608.0,663.0,1588.0,452.0,1236.0,211.0,352.0,15.0,31.0,196.0,321.0,71708.0,86408.0,0.0,0.0,71708.0,86408.0,0.0,0.0,185.0,307.0,11.0,14.0,52.0,52.0,0.9032260800424066,0.9032260800424066,52.0,52.0,52.0,52.0,12.0,12.0,0.8337471508083752,0.8337471508083752,12.0,12.0,12.0,12.0,0,100,204.543582350541,0.9739687473521287,0.02099076071334401,0.021635353382893005,165,320,237,54,18,0,99353.0,6.620073206530356,3.288621354213621,,,,,10.932944606413994
4,Batch_1,fzrt2k6r,2156,7000,40.18436703483432,98.0,61,5.94732370433305,5.94732370433305,116.0,55.0,True,False,False,0.0960214683275907,0.0602031539888682,0.843775377683541,15.70368407103101,65.11441993881303,164.97119526970187,226.54301924620177,0.3363059236947514,0.8671142693245741,328.534720670874,100.64935064935064,113.344549963277,263.3744300367286,3.5807365705696697,304.21278130459166,0.0236179432812085,0.5300821627352239,0.0934916943521594,0.0412026578073089,0.08542791005291,0.0702956349206349,0.0761235880398671,0.0684617940199335,0.108209656084656,0.0588128306878306,0.0979424603174603,0.040125,0.1616126245847176,0.0580079734219269,0.1138287037037037,0.0526236772486772,0.0847029900332226,0.0556491694352159,0.0746104497354497,0.071459656084656,0.064412037037037,0.0853121693121693,-2.2602154401420447,22.0,ordinary,False,False,False,False,False,0,0,62.0,23.67651170327822,0.0606060606060606,83.0,148.0,0.0085140523171716,0.9410808643840216,,data,0.0462427745664739,0.1031746031746031,5.0,0.0960214683275907,0.0825092101775775,0.113345348529022,0.0602031539888682,0.0641100583090379,0.0562909488470712,0.3211379589222969,0.1298787346492242,0,0,0.0,7.0710678118654755,0.0330776003018488,0.058566292157561,-0.0525911380517373,0.0312220625099101,0.1398601398601399,908586,1449156,950,713,237,21,216,71708,0,71708,0,203,13,52,0.9032260800424066,52,52,12,0.8337471508083752,12,12,0.0,0.0,3,5.830951894845301,10.04987562112089,3,0.0166402535657686,0.051704327843738,3,0.0558868305865737,0.0605543683438538,3,-0.0871681038162725,-0.0376504738324938,3,0.0299877104224322,0.0317994818018766,3,0.1188811188811189,0.2447552447552448,3,849543.0,967549.0,1245229.0,1710608.0,663.0,1588.0,452.0,1236.0,211.0,352.0,15.0,31.0,196.0,321.0,71708.0,86408.0,0.0,0.0,71708.0,86408.0,0.0,0.0,185.0,307.0,11.0,14.0,52.0,52.0,0.9032260800424066,0.9032260800424066,52.0,52.0,52.0,52.0,12.0,12.0,0.8337471508083752,0.8337471508083752,12.0,12.0,12.0,12.0,5,50,173.7154905089518,1.1064465941722739,0.00982238247940398,0.1232984289960813,196,382,211,0,15,0,94245.0,5.869296913133774,3.5685925893651156,,,,,12.987012987012987
4,Batch_1,fzrt2k6r,2156,7000,40.18436703483432,98.0,61,5.94732370433305,5.94732370433305,116.0,55.0,True,False,False,0.0960214683275907,0.0602031539888682,0.843775377683541,15.70368407103101,65.11441993881303,164.97119526970187,226.54301924620177,0.3363059236947514,0.8671142693245741,328.534720670874,100.64935064935064,113.344549963277,263.3744300367286,3.5807365705696697,304.21278130459166,0.0236179432812085,0.5300821627352239,0.0934916943521594,0.0412026578073089,0.08542791005291,0.0702956349206349,0.0761235880398671,0.0684617940199335,0.108209656084656,0.0588128306878306,0.0979424603174603,0.040125,0.1616126245847176,0.0580079734219269,0.1138287037037037,0.0526236772486772,0.0847029900332226,0.0556491694352159,0.0746104497354497,0.071459656084656,0.064412037037037,0.0853121693121693,-2.2602154401420447,22.0,ordinary,False,False,False,False,False,0,0,62.0,23.67651170327822,0.0606060606060606,83.0,148.0,0.0085140523171716,0.9410808643840216,,data,0.0462427745664739,0.1031746031746031,5.0,0.0960214683275907,0.0825092101775775,0.113345348529022,0.0602031539888682,0.0641100583090379,0.0562909488470712,0.3211379589222969,0.1298787346492242,0,0,0.0,7.0710678118654755,0.0330776003018488,0.058566292157561,-0.0525911380517373,0.0312220625099101,0.1398601398601399,908586,1449156,950,713,237,21,216,71708,0,71708,0,203,13,52,0.9032260800424066,52,52,12,0.8337471508083752,12,12,0.0,0.0,3,5.830951894845301,10.04987562112089,3,0.0166402535657686,0.051704327843738,3,0.0558868305865737,0.0605543683438538,3,-0.0871681038162725,-0.0376504738324938,3,0.0299877104224322,0.0317994818018766,3,0.1188811188811189,0.2447552447552448,3,849543.0,967549.0,1245229.0,1710608.0,663.0,1588.0,452.0,1236.0,211.0,352.0,15.0,31.0,196.0,321.0,71708.0,86408.0,0.0,0.0,71708.0,86408.0,0.0,0.0,185.0,307.0,11.0,14.0,52.0,52.0,0.9032260800424066,0.9032260800424066,52.0,52.0,52.0,52.0,12.0,12.0,0.8337471508083752,0.8337471508083752,12.0,12.0,12.0,12.0,5,100,235.95950025018476,1.0804515059195872,0.02285970454985265,0.021614283444747598,142,277,211,55,14,0,94157.0,7.007022486601926,2.9729038864231123,,,,,9.408958388550227
5,Batch_1,iv6g2oq0,1780,6960,37.18436703483432,100.0,58,5.94732370433305,6.796941376380628,119.0,61.0,True,False,False,0.106334592535193,0.0540415536613715,0.8396238538034354,14.771406431615652,60.96381083136077,174.81867403763852,230.3441735929166,0.4143932807949781,0.8605275845431661,237.20129738651693,99.7675319643549,122.66161461572,251.9142818275494,3.586526202720578,290.8417824075923,0.0325890320289293,0.9686168151879117,0.1004964161177838,0.0443004972232984,0.1011131021567867,0.0668975203409531,0.1467527121270825,0.0324849864393645,0.1850728076972749,0.0753527379568642,0.071629213483146,0.0467866137156141,0.0875920185974428,0.06687734082397,0.1161113263592922,0.0489030414567996,0.0880601833914503,0.0252268177708898,0.083677192302725,0.0331250807180679,0.0828409531189461,0.1004609001678935,-2.2400461888635657,23.0,ordinary,False,False,False,True,False,0,0,57.0,25.05082640301961,0.1323529411764706,76.0,104.0,0.005825085374903,0.9671155083384596,,data,0.1208053691275167,0.3373983739837398,5.0,0.106334592535193,0.0932794943820224,0.1340856257264626,0.0540415536613715,0.0567755553403073,0.0512152912307891,0.3837521767051931,0.1028886797807351,0,0,0.0,6.082762530298219,0.0496565260058881,0.0553201172683688,-0.298092009086654,0.0237078125262651,0.0285714285714285,669510,1317358,563,380,183,14,169,52610,0,52610,0,167,2,39,0.8252305308020147,38,39,6,0.5078341728012399,6,6,0.0,0.0,3,6.041381265149109,7.141085181396727,3,0.0365955056636018,0.0637592450905381,3,0.0540827707882149,0.0561787502218661,3,-0.298092009086654,-0.2665114634720407,3,0.0236507566447785,0.0238879564245382,3,-0.942857142857143,0.0285714285714285,3,634496.0,703381.0,1155621.0,1661160.0,462.0,792.0,283.0,569.0,179.0,223.0,13.0,17.0,166.0,206.0,52610.0,59066.0,0.0,0.0,52610.0,59066.0,0.0,0.0,165.0,204.0,1.0,2.0,39.0,39.0,0.8252305308020147,0.8252305308020147,37.0,38.0,39.0,39.0,6.0,6.0,0.5078341728012399,0.5078341728012399,6.0,6.0,6.0,6.0,-5,50,138.26984304512902,1.221385900287984,0.1465243665763999,-0.022855159561795475,206,402,223,0,17,0,67704.0,5.181767769207292,2.860768212252222,,,,,16.62792199405915
5,Batch_1,iv6g2oq0,1780,6960,37.18436703483432,100.0,58,5.94732370433305,6.796941376380628,119.0,61.0,True,False,False,0.106334592535193,0.0540415536613715,0.8396238538034354,14.771406431615652,60.96381083136077,174.81867403763852,230.3441735929166,0.4143932807949781,0.8605275845431661,237.20129738651693,99.7675319643549,122.66161461572,251.9142818275494,3.586526202720578,290.8417824075923,0.0325890320289293,0.9686168151879117,0.1004964161177838,0.0443004972232984,0.1011131021567867,0.0668975203409531,0.1467527121270825,0.0324849864393645,0.1850728076972749,0.0753527379568642,0.071629213483146,0.0467866137156141,0.0875920185974428,0.06687734082397,0.1161113263592922,0.0489030414567996,0.0880601833914503,0.0252268177708898,0.083677192302725,0.0331250807180679,0.0828409531189461,0.1004609001678935,-2.2400461888635657,23.0,ordinary,False,False,False,True,False,0,0,57.0,25.05082640301961,0.1323529411764706,76.0,104.0,0.005825085374903,0.9671155083384596,,data,0.1208053691275167,0.3373983739837398,5.0,0.106334592535193,0.0932794943820224,0.1340856257264626,0.0540415536613715,0.0567755553403073,0.0512152912307891,0.3837521767051931,0.1028886797807351,0,0,0.0,6.082762530298219,0.0496565260058881,0.0553201172683688,-0.298092009086654,0.0237078125262651,0.0285714285714285,669510,1317358,563,380,183,14,169,52610,0,52610,0,167,2,39,0.8252305308020147,38,39,6,0.5078341728012399,6,6,0.0,0.0,3,6.041381265149109,7.141085181396727,3,0.0365955056636018,0.0637592450905381,3,0.0540827707882149,0.0561787502218661,3,-0.298092009086654,-0.2665114634720407,3,0.0236507566447785,0.0238879564245382,3,-0.942857142857143,0.0285714285714285,3,634496.0,703381.0,1155621.0,1661160.0,462.0,792.0,283.0,569.0,179.0,223.0,13.0,17.0,166.0,206.0,52610.0,59066.0,0.0,0.0,52610.0,59066.0,0.0,0.0,165.0,204.0,1.0,2.0,39.0,39.0,0.8252305308020147,0.8252305308020147,37.0,38.0,39.0,39.0,6.0,6.0,0.5078341728012399,0.5078341728012399,6.0,6.0,6.0,6.0,-5,100,212.2178484508036,1.0249308520971934,0.13782064360854304,-0.055489499051928036,139,269,223,68,16,0,67639.0,6.063785208687608,3.062437876057885,,,,,11.21981144259331
5,Batch_1,iv6g2oq0,1780,6960,37.18436703483432,100.0,58,5.94732370433305,6.796941376380628,119.0,61.0,True,False,False,0.106334592535193,0.0540415536613715,0.8396238538034354,14.771406431615652,60.96381083136077,174.81867403763852,230.3441735929166,0.4143932807949781,0.8605275845431661,237.20129738651693,99.7675319643549,122.66161461572,251.9142818275494,3.586526202720578,290.8417824075923,0.0325890320289293,0.9686168151879117,0.1004964161177838,0.0443004972232984,0.1011131021567867,0.0668975203409531,0.1467527121270825,0.0324849864393645,0.1850728076972749,0.0753527379568642,0.071629213483146,0.0467866137156141,0.0875920185974428,0.06687734082397,0.1161113263592922,0.0489030414567996,0.0880601833914503,0.0252268177708898,0.083677192302725,0.0331250807180679,0.0828409531189461,0.1004609001678935,-2.2400461888635657,23.0,ordinary,False,False,False,True,False,0,0,57.0,25.05082640301961,0.1323529411764706,76.0,104.0,0.005825085374903,0.9671155083384596,,data,0.1208053691275167,0.3373983739837398,5.0,0.106334592535193,0.0932794943820224,0.1340856257264626,0.0540415536613715,0.0567755553403073,0.0512152912307891,0.3837521767051931,0.1028886797807351,0,0,0.0,6.082762530298219,0.0496565260058881,0.0553201172683688,-0.298092009086654,0.0237078125262651,0.0285714285714285,669510,1317358,563,380,183,14,169,52610,0,52610,0,167,2,39,0.8252305308020147,38,39,6,0.5078341728012399,6,6,0.0,0.0,3,6.041381265149109,7.141085181396727,3,0.0365955056636018,0.0637592450905381,3,0.0540827707882149,0.0561787502218661,3,-0.298092009086654,-0.2665114634720407,3,0.0236507566447785,0.0238879564245382,3,-0.942857142857143,0.0285714285714285,3,634496.0,703381.0,1155621.0,1661160.0,462.0,792.0,283.0,569.0,179.0,223.0,13.0,17.0,166.0,206.0,52610.0,59066.0,0.0,0.0,52610.0,59066.0,0.0,0.0,165.0,204.0,1.0,2.0,39.0,39.0,0.8252305308020147,0.8252305308020147,37.0,38.0,39.0,39.0,6.0,6.0,0.5078341728012399,0.5078341728012399,6.0,6.0,6.0,6.0,0,50,174.66637984257704,1.0794989361745306,0.13780454942831694,-0.0255569039467202,169,329,183,0,14,0,65204.0,5.488937726156687,3.378085915404589,,,,,13.64135348056309
5,Batch_1,iv6g2oq0,1780,6960,37.18436703483432,100.0,58,5.94732370433305,6.796941376380628,119.0,61.0,True,False,False,0.106334592535193,0.0540415536613715,0.8396238538034354,14.771406431615652,60.96381083136077,174.81867403763852,230.3441735929166,0.4143932807949781,0.8605275845431661,237.20129738651693,99.7675319643549,122.66161461572,251.9142818275494,3.586526202720578,290.8417824075923,0.0325890320289293,0.9686168151879117,0.1004964161177838,0.0443004972232984,0.1011131021567867,0.0668975203409531,0.1467527121270825,0.0324849864393645,0.1850728076972749,0.0753527379568642,0.071629213483146,0.0467866137156141,0.0875920185974428,0.06687734082397,0.1161113263592922,0.0489030414567996,0.0880601833914503,0.0252268177708898,0.083677192302725,0.0331250807180679,0.0828409531189461,0.1004609001678935,-2.2400461888635657,23.0,ordinary,False,False,False,True,False,0,0,57.0,25.05082640301961,0.1323529411764706,76.0,104.0,0.005825085374903,0.9671155083384596,,data,0.1208053691275167,0.3373983739837398,5.0,0.106334592535193,0.0932794943820224,0.1340856257264626,0.0540415536613715,0.0567755553403073,0.0512152912307891,0.3837521767051931,0.1028886797807351,0,0,0.0,6.082762530298219,0.0496565260058881,0.0553201172683688,-0.298092009086654,0.0237078125262651,0.0285714285714285,669510,1317358,563,380,183,14,169,52610,0,52610,0,167,2,39,0.8252305308020147,38,39,6,0.5078341728012399,6,6,0.0,0.0,3,6.041381265149109,7.141085181396727,3,0.0365955056636018,0.0637592450905381,3,0.0540827707882149,0.0561787502218661,3,-0.298092009086654,-0.2665114634720407,3,0.0236507566447785,0.0238879564245382,3,-0.942857142857143,0.0285714285714285,3,634496.0,703381.0,1155621.0,1661160.0,462.0,792.0,283.0,569.0,179.0,223.0,13.0,17.0,166.0,206.0,52610.0,59066.0,0.0,0.0,52610.0,59066.0,0.0,0.0,165.0,204.0,1.0,2.0,39.0,39.0,0.8252305308020147,0.8252305308020147,37.0,38.0,39.0,39.0,6.0,6.0,0.5078341728012399,0.5078341728012399,6.0,6.0,6.0,6.0,0,100,218.22093253041055,1.0592166481914342,0.10649561930529003,-0.05504861934893636,125,241,183,45,13,0,65125.0,6.29156913955832,2.90659588999024,,,,,10.089758491540746
5,Batch_1,iv6g2oq0,1780,6960,37.18436703483432,100.0,58,5.94732370433305,6.796941376380628,119.0,61.0,True,False,False,0.106334592535193,0.0540415536613715,0.8396238538034354,14.771406431615652,60.96381083136077,174.81867403763852,230.3441735929166,0.4143932807949781,0.8605275845431661,237.20129738651693,99.7675319643549,122.66161461572,251.9142818275494,3.586526202720578,290.8417824075923,0.0325890320289293,0.9686168151879117,0.1004964161177838,0.0443004972232984,0.1011131021567867,0.0668975203409531,0.1467527121270825,0.0324849864393645,0.1850728076972749,0.0753527379568642,0.071629213483146,0.0467866137156141,0.0875920185974428,0.06687734082397,0.1161113263592922,0.0489030414567996,0.0880601833914503,0.0252268177708898,0.083677192302725,0.0331250807180679,0.0828409531189461,0.1004609001678935,-2.2400461888635657,23.0,ordinary,False,False,False,True,False,0,0,57.0,25.05082640301961,0.1323529411764706,76.0,104.0,0.005825085374903,0.9671155083384596,,data,0.1208053691275167,0.3373983739837398,5.0,0.106334592535193,0.0932794943820224,0.1340856257264626,0.0540415536613715,0.0567755553403073,0.0512152912307891,0.3837521767051931,0.1028886797807351,0,0,0.0,6.082762530298219,0.0496565260058881,0.0553201172683688,-0.298092009086654,0.0237078125262651,0.0285714285714285,669510,1317358,563,380,183,14,169,52610,0,52610,0,167,2,39,0.8252305308020147,38,39,6,0.5078341728012399,6,6,0.0,0.0,3,6.041381265149109,7.141085181396727,3,0.0365955056636018,0.0637592450905381,3,0.0540827707882149,0.0561787502218661,3,-0.298092009086654,-0.2665114634720407,3,0.0236507566447785,0.0238879564245382,3,-0.942857142857143,0.0285714285714285,3,634496.0,703381.0,1155621.0,1661160.0,462.0,792.0,283.0,569.0,179.0,223.0,13.0,17.0,166.0,206.0,52610.0,59066.0,0.0,0.0,52610.0,59066.0,0.0,0.0,165.0,204.0,1.0,2.0,39.0,39.0,0.8252305308020147,0.8252305308020147,37.0,38.0,39.0,39.0,6.0,6.0,0.5078341728012399,0.5078341728012399,6.0,6.0,6.0,6.0,5,50,165.5436906888912,1.2379069160996585,0.0984028606377657,-0.008684567200504754,166,335,179,0,13,0,25787.0,5.372742839914214,3.0221422320313467,,,,,13.39919927676611
5,Batch_1,iv6g2oq0,1780,6960,37.18436703483432,100.0,58,5.94732370433305,6.796941376380628,119.0,61.0,True,False,False,0.106334592535193,0.0540415536613715,0.8396238538034354,14.771406431615652,60.96381083136077,174.81867403763852,230.3441735929166,0.4143932807949781,0.8605275845431661,237.20129738651693,99.7675319643549,122.66161461572,251.9142818275494,3.586526202720578,290.8417824075923,0.0325890320289293,0.9686168151879117,0.1004964161177838,0.0443004972232984,0.1011131021567867,0.0668975203409531,0.1467527121270825,0.0324849864393645,0.1850728076972749,0.0753527379568642,0.071629213483146,0.0467866137156141,0.0875920185974428,0.06687734082397,0.1161113263592922,0.0489030414567996,0.0880601833914503,0.0252268177708898,0.083677192302725,0.0331250807180679,0.0828409531189461,0.1004609001678935,-2.2400461888635657,23.0,ordinary,False,False,False,True,False,0,0,57.0,25.05082640301961,0.1323529411764706,76.0,104.0,0.005825085374903,0.9671155083384596,,data,0.1208053691275167,0.3373983739837398,5.0,0.106334592535193,0.0932794943820224,0.1340856257264626,0.0540415536613715,0.0567755553403073,0.0512152912307891,0.3837521767051931,0.1028886797807351,0,0,0.0,6.082762530298219,0.0496565260058881,0.0553201172683688,-0.298092009086654,0.0237078125262651,0.0285714285714285,669510,1317358,563,380,183,14,169,52610,0,52610,0,167,2,39,0.8252305308020147,38,39,6,0.5078341728012399,6,6,0.0,0.0,3,6.041381265149109,7.141085181396727,3,0.0365955056636018,0.0637592450905381,3,0.0540827707882149,0.0561787502218661,3,-0.298092009086654,-0.2665114634720407,3,0.0236507566447785,0.0238879564245382,3,-0.942857142857143,0.0285714285714285,3,634496.0,703381.0,1155621.0,1661160.0,462.0,792.0,283.0,569.0,179.0,223.0,13.0,17.0,166.0,206.0,52610.0,59066.0,0.0,0.0,52610.0,59066.0,0.0,0.0,165.0,204.0,1.0,2.0,39.0,39.0,0.8252305308020147,0.8252305308020147,37.0,38.0,39.0,39.0,6.0,6.0,0.5078341728012399,0.5078341728012399,6.0,6.0,6.0,6.0,5,100,211.6495284567819,1.176730029694387,0.053640068466774826,0.02003689285644736,123,237,179,44,12,0,25730.0,6.198478716492308,2.8983744149378694,,,,,9.928322355676094
6,Batch_1,uhdslk0o,1880,7000,38.18436703483432,97.0,59,5.94732370433305,6.796941376380628,117.0,58.0,True,False,False,0.0920687689969604,0.0608057750759878,0.8471254559270517,17.705167173252278,64.15904806127334,199.7772929270702,280.9550832702643,0.3698628374408624,0.8693918111114802,281.3377619489808,99.46808510638296,102.51497062499718,217.90576482004423,3.41838819779335,282.6651749875914,0.0217822948328267,0.7598784194528875,0.0845372340425531,0.0403974164133738,0.1110273556231003,0.0277112462006079,0.080241641337386,0.0523905775075987,0.0955949848024316,0.1041679331306991,0.1088199088145896,0.0841808510638297,0.1075395136778115,0.0486899696048632,0.0922560790273556,0.0380379939209726,0.0888738601823708,0.0249969604863221,0.0725623100303951,0.1094019756838905,0.0792348024316109,0.0780828267477203,-2.211361360370921,18.0,ordinary,False,False,False,True,False,0,0,60.0,24.04183969807744,0.0522388059701492,81.0,128.0,0.0070352911230212,1.0560095352241772,,data,0.0774193548387096,0.2440944881889764,5.0,0.0920687689969604,0.0793268996960486,0.109201367781155,0.0608057750759878,0.0643861702127659,0.0570960486322188,0.3244799339729702,0.1198919275584727,0,0,0.0,6.555664084966109,0.034484840501438,0.0606286856083137,0.3663967611336032,0.0320654336626359,0.942857142857143,800204,1211625,983,750,233,17,216,59684,0,59684,0,208,8,39,0.7768705167173252,39,39,6,0.4780741641337386,6,6,0.0,0.0,3,6.0,7.615773105863909,3,0.0194373401534526,0.0503992015968063,3,0.0588197630595813,0.0614925422173736,3,0.3307692307692308,0.425910931174089,3,0.0316892558298769,0.0320654336626359,3,0.8285714285714287,0.942857142857143,3,751384.0,847322.0,1043942.0,1437090.0,709.0,1561.0,526.0,1247.0,183.0,314.0,16.0,17.0,167.0,297.0,59684.0,65692.0,0.0,0.0,59684.0,65692.0,0.0,0.0,159.0,283.0,8.0,14.0,39.0,39.0,0.7768705167173252,0.7768705167173252,38.0,39.0,39.0,39.0,6.0,6.0,0.4780741641337386,0.4780741641337386,6.0,6.0,6.0,6.0,-5,50,128.44621421457822,0.9612457080986756,0.05229199785923548,-0.013024580997715645,297,566,314,0,17,0,135791.0,4.875197323201151,1.7521733925339902,,,,,22.56838905775076
6,Batch_1,uhdslk0o,1880,7000,38.18436703483432,97.0,59,5.94732370433305,6.796941376380628,117.0,58.0,True,False,False,0.0920687689969604,0.0608057750759878,0.8471254559270517,17.705167173252278,64.15904806127334,199.7772929270702,280.9550832702643,0.3698628374408624,0.8693918111114802,281.3377619489808,99.46808510638296,102.51497062499718,217.90576482004423,3.41838819779335,282.6651749875914,0.0217822948328267,0.7598784194528875,0.0845372340425531,0.0403974164133738,0.1110273556231003,0.0277112462006079,0.080241641337386,0.0523905775075987,0.0955949848024316,0.1041679331306991,0.1088199088145896,0.0841808510638297,0.1075395136778115,0.0486899696048632,0.0922560790273556,0.0380379939209726,0.0888738601823708,0.0249969604863221,0.0725623100303951,0.1094019756838905,0.0792348024316109,0.0780828267477203,-2.211361360370921,18.0,ordinary,False,False,False,True,False,0,0,60.0,24.04183969807744,0.0522388059701492,81.0,128.0,0.0070352911230212,1.0560095352241772,,data,0.0774193548387096,0.2440944881889764,5.0,0.0920687689969604,0.0793268996960486,0.109201367781155,0.0608057750759878,0.0643861702127659,0.0570960486322188,0.3244799339729702,0.1198919275584727,0,0,0.0,6.555664084966109,0.034484840501438,0.0606286856083137,0.3663967611336032,0.0320654336626359,0.942857142857143,800204,1211625,983,750,233,17,216,59684,0,59684,0,208,8,39,0.7768705167173252,39,39,6,0.4780741641337386,6,6,0.0,0.0,3,6.0,7.615773105863909,3,0.0194373401534526,0.0503992015968063,3,0.0588197630595813,0.0614925422173736,3,0.3307692307692308,0.425910931174089,3,0.0316892558298769,0.0320654336626359,3,0.8285714285714287,0.942857142857143,3,751384.0,847322.0,1043942.0,1437090.0,709.0,1561.0,526.0,1247.0,183.0,314.0,16.0,17.0,167.0,297.0,59684.0,65692.0,0.0,0.0,59684.0,65692.0,0.0,0.0,159.0,283.0,8.0,14.0,39.0,39.0,0.7768705167173252,0.7768705167173252,38.0,39.0,39.0,39.0,6.0,6.0,0.4780741641337386,0.4780741641337386,6.0,6.0,6.0,6.0,-5,100,179.37229430172755,0.9077320534933461,0.061370800894213394,0.022684737809185253,179,346,314,121,14,0,135576.0,5.66988092298052,2.45480661043276,,,,,13.601823708206688
6,Batch_1,uhdslk0o,1880,7000,38.18436703483432,97.0,59,5.94732370433305,6.796941376380628,117.0,58.0,True,False,False,0.0920687689969604,0.0608057750759878,0.8471254559270517,17.705167173252278,64.15904806127334,199.7772929270702,280.9550832702643,0.3698628374408624,0.8693918111114802,281.3377619489808,99.46808510638296,102.51497062499718,217.90576482004423,3.41838819779335,282.6651749875914,0.0217822948328267,0.7598784194528875,0.0845372340425531,0.0403974164133738,0.1110273556231003,0.0277112462006079,0.080241641337386,0.0523905775075987,0.0955949848024316,0.1041679331306991,0.1088199088145896,0.0841808510638297,0.1075395136778115,0.0486899696048632,0.0922560790273556,0.0380379939209726,0.0888738601823708,0.0249969604863221,0.0725623100303951,0.1094019756838905,0.0792348024316109,0.0780828267477203,-2.211361360370921,18.0,ordinary,False,False,False,True,False,0,0,60.0,24.04183969807744,0.0522388059701492,81.0,128.0,0.0070352911230212,1.0560095352241772,,data,0.0774193548387096,0.2440944881889764,5.0,0.0920687689969604,0.0793268996960486,0.109201367781155,0.0608057750759878,0.0643861702127659,0.0570960486322188,0.3244799339729702,0.1198919275584727,0,0,0.0,6.555664084966109,0.034484840501438,0.0606286856083137,0.3663967611336032,0.0320654336626359,0.942857142857143,800204,1211625,983,750,233,17,216,59684,0,59684,0,208,8,39,0.7768705167173252,39,39,6,0.4780741641337386,6,6,0.0,0.0,3,6.0,7.615773105863909,3,0.0194373401534526,0.0503992015968063,3,0.0588197630595813,0.0614925422173736,3,0.3307692307692308,0.425910931174089,3,0.0316892558298769,0.0320654336626359,3,0.8285714285714287,0.942857142857143,3,751384.0,847322.0,1043942.0,1437090.0,709.0,1561.0,526.0,1247.0,183.0,314.0,16.0,17.0,167.0,297.0,59684.0,65692.0,0.0,0.0,59684.0,65692.0,0.0,0.0,159.0,283.0,8.0,14.0,39.0,39.0,0.7768705167173252,0.7768705167173252,38.0,39.0,39.0,39.0,6.0,6.0,0.4780741641337386,0.4780741641337386,6.0,6.0,6.0,6.0,0,50,150.71889282252607,1.1275196221100303,0.0279644132162136,-0.04202636061733758,216,425,233,0,17,0,132556.0,4.927227429479409,2.4095508329921227,,,,,16.41337386018237
6,Batch_1,uhdslk0o,1880,7000,38.18436703483432,97.0,59,5.94732370433305,6.796941376380628,117.0,58.0,True,False,False,0.0920687689969604,0.0608057750759878,0.8471254559270517,17.705167173252278,64.15904806127334,199.7772929270702,280.9550832702643,0.3698628374408624,0.8693918111114802,281.3377619489808,99.46808510638296,102.51497062499718,217.90576482004423,3.41838819779335,282.6651749875914,0.0217822948328267,0.7598784194528875,0.0845372340425531,0.0403974164133738,0.1110273556231003,0.0277112462006079,0.080241641337386,0.0523905775075987,0.0955949848024316,0.1041679331306991,0.1088199088145896,0.0841808510638297,0.1075395136778115,0.0486899696048632,0.0922560790273556,0.0380379939209726,0.0888738601823708,0.0249969604863221,0.0725623100303951,0.1094019756838905,0.0792348024316109,0.0780828267477203,-2.211361360370921,18.0,ordinary,False,False,False,True,False,0,0,60.0,24.04183969807744,0.0522388059701492,81.0,128.0,0.0070352911230212,1.0560095352241772,,data,0.0774193548387096,0.2440944881889764,5.0,0.0920687689969604,0.0793268996960486,0.109201367781155,0.0608057750759878,0.0643861702127659,0.0570960486322188,0.3244799339729702,0.1198919275584727,0,0,0.0,6.555664084966109,0.034484840501438,0.0606286856083137,0.3663967611336032,0.0320654336626359,0.942857142857143,800204,1211625,983,750,233,17,216,59684,0,59684,0,208,8,39,0.7768705167173252,39,39,6,0.4780741641337386,6,6,0.0,0.0,3,6.0,7.615773105863909,3,0.0194373401534526,0.0503992015968063,3,0.0588197630595813,0.0614925422173736,3,0.3307692307692308,0.425910931174089,3,0.0316892558298769,0.0320654336626359,3,0.8285714285714287,0.942857142857143,3,751384.0,847322.0,1043942.0,1437090.0,709.0,1561.0,526.0,1247.0,183.0,314.0,16.0,17.0,167.0,297.0,59684.0,65692.0,0.0,0.0,59684.0,65692.0,0.0,0.0,159.0,283.0,8.0,14.0,39.0,39.0,0.7768705167173252,0.7768705167173252,38.0,39.0,39.0,39.0,6.0,6.0,0.4780741641337386,0.4780741641337386,6.0,6.0,6.0,6.0,0,100,204.02951433220184,0.956653103747766,0.06634194546961283,0.05313594890744528,136,262,233,82,15,0,132416.0,6.106901345796042,2.7680496482460333,,,,,10.33434650455927
6,Batch_1,uhdslk0o,1880,7000,38.18436703483432,97.0,59,5.94732370433305,6.796941376380628,117.0,58.0,True,False,False,0.0920687689969604,0.0608057750759878,0.8471254559270517,17.705167173252278,64.15904806127334,199.7772929270702,280.9550832702643,0.3698628374408624,0.8693918111114802,281.3377619489808,99.46808510638296,102.51497062499718,217.90576482004423,3.41838819779335,282.6651749875914,0.0217822948328267,0.7598784194528875,0.0845372340425531,0.0403974164133738,0.1110273556231003,0.0277112462006079,0.080241641337386,0.0523905775075987,0.0955949848024316,0.1041679331306991,0.1088199088145896,0.0841808510638297,0.1075395136778115,0.0486899696048632,0.0922560790273556,0.0380379939209726,0.0888738601823708,0.0249969604863221,0.0725623100303951,0.1094019756838905,0.0792348024316109,0.0780828267477203,-2.211361360370921,18.0,ordinary,False,False,False,True,False,0,0,60.0,24.04183969807744,0.0522388059701492,81.0,128.0,0.0070352911230212,1.0560095352241772,,data,0.0774193548387096,0.2440944881889764,5.0,0.0920687689969604,0.0793268996960486,0.109201367781155,0.0608057750759878,0.0643861702127659,0.0570960486322188,0.3244799339729702,0.1198919275584727,0,0,0.0,6.555664084966109,0.034484840501438,0.0606286856083137,0.3663967611336032,0.0320654336626359,0.942857142857143,800204,1211625,983,750,233,17,216,59684,0,59684,0,208,8,39,0.7768705167173252,39,39,6,0.4780741641337386,6,6,0.0,0.0,3,6.0,7.615773105863909,3,0.0194373401534526,0.0503992015968063,3,0.0588197630595813,0.0614925422173736,3,0.3307692307692308,0.425910931174089,3,0.0316892558298769,0.0320654336626359,3,0.8285714285714287,0.942857142857143,3,751384.0,847322.0,1043942.0,1437090.0,709.0,1561.0,526.0,1247.0,183.0,314.0,16.0,17.0,167.0,297.0,59684.0,65692.0,0.0,0.0,59684.0,65692.0,0.0,0.0,159.0,283.0,8.0,14.0,39.0,39.0,0.7768705167173252,0.7768705167173252,38.0,39.0,39.0,39.0,6.0,6.0,0.4780741641337386,0.4780741641337386,6.0,6.0,6.0,6.0,5,50,170.3435348854024,1.0231615622481538,0.050827948449992826,0.005556939227249322,167,324,183,0,16,0,127539.0,5.231108616854587,2.941435046086105,,,,,12.689969604863222
6,Batch_1,uhdslk0o,1880,7000,38.18436703483432,97.0,59,5.94732370433305,6.796941376380628,117.0,58.0,True,False,False,0.0920687689969604,0.0608057750759878,0.8471254559270517,17.705167173252278,64.15904806127334,199.7772929270702,280.9550832702643,0.3698628374408624,0.8693918111114802,281.3377619489808,99.46808510638296,102.51497062499718,217.90576482004423,3.41838819779335,282.6651749875914,0.0217822948328267,0.7598784194528875,0.0845372340425531,0.0403974164133738,0.1110273556231003,0.0277112462006079,0.080241641337386,0.0523905775075987,0.0955949848024316,0.1041679331306991,0.1088199088145896,0.0841808510638297,0.1075395136778115,0.0486899696048632,0.0922560790273556,0.0380379939209726,0.0888738601823708,0.0249969604863221,0.0725623100303951,0.1094019756838905,0.0792348024316109,0.0780828267477203,-2.211361360370921,18.0,ordinary,False,False,False,True,False,0,0,60.0,24.04183969807744,0.0522388059701492,81.0,128.0,0.0070352911230212,1.0560095352241772,,data,0.0774193548387096,0.2440944881889764,5.0,0.0920687689969604,0.0793268996960486,0.109201367781155,0.0608057750759878,0.0643861702127659,0.0570960486322188,0.3244799339729702,0.1198919275584727,0,0,0.0,6.555664084966109,0.034484840501438,0.0606286856083137,0.3663967611336032,0.0320654336626359,0.942857142857143,800204,1211625,983,750,233,17,216,59684,0,59684,0,208,8,39,0.7768705167173252,39,39,6,0.4780741641337386,6,6,0.0,0.0,3,6.0,7.615773105863909,3,0.0194373401534526,0.0503992015968063,3,0.0588197630595813,0.0614925422173736,3,0.3307692307692308,0.425910931174089,3,0.0316892558298769,0.0320654336626359,3,0.8285714285714287,0.942857142857143,3,751384.0,847322.0,1043942.0,1437090.0,709.0,1561.0,526.0,1247.0,183.0,314.0,16.0,17.0,167.0,297.0,59684.0,65692.0,0.0,0.0,59684.0,65692.0,0.0,0.0,159.0,283.0,8.0,14.0,39.0,39.0,0.7768705167173252,0.7768705167173252,38.0,39.0,39.0,39.0,6.0,6.0,0.4780741641337386,0.4780741641337386,6.0,6.0,6.0,6.0,5,100,238.5105514346506,0.9109529331425643,0.05514660400625703,0.08973274451790024,108,206,183,60,15,0,127481.0,6.244967465939545,2.790033843495122,,,,,8.206686930091186
7,Batch_2,3806gxp0,2048,7000,21.26338147833475,91.0,51,8.496176720475786,6.796941376380628,112.0,61.0,True,False,False,0.0728838588169642,0.0551821986607142,0.8719339425223215,13.323102678571429,65.93056806767136,172.93308077617627,231.7933612266201,0.400986251182528,0.8742908817532385,265.86682110695443,80.98493303571428,81.55613638284056,165.43747233812255,3.408844918966383,203.52782450666,0.0044563337053571,0.2092633928571428,0.05971918767507,0.0854509803921568,0.0843052264808362,0.1299491289198606,0.1057219512195122,0.0350160278745644,0.0922146341463414,0.0045895470383275,0.0634257839721254,0.0330766550522648,0.0740413165266106,0.0226141456582633,0.0570334494773519,0.0480731707317073,0.0783358885017421,0.0871303135888501,0.0708926829268292,0.0426780487804878,0.0430898954703832,0.0632327526132404,-2.253307201778604,17.0,ordinary,False,False,True,True,False,0,0,49.0,23.3210162413191,0.2109375,76.0,101.0,0.0093252561234318,0.7608695321361073,,data,0.220125786163522,0.2489959839357429,5.0,0.0728838588169642,0.0584939313616071,0.0882451171875,0.0551821986607142,0.057794921875,0.0524582868303571,0.4081999266889534,0.0967093587092272,0,0,0.0,10.816653826391969,0.008227127686922,0.065015123287959,-0.0841871587768148,0.030287200061564,0.1258741258741259,791092,1044863,552,361,191,28,163,52960,0,52960,0,158,5,52,0.9508571428571428,49,52,12,0.8777142857142857,12,12,0.0,0.0,3,9.848857801796104,15.554223420810125,3,0.0012861736334405,0.0135980205426739,3,0.0630427967499855,0.0667877558855983,3,-0.1103047895500725,-0.0725844344280334,3,0.0293926954191525,0.0310007144990598,3,0.1258741258741259,0.1328671328671329,3,752042.0,828548.0,838569.0,1265082.0,396.0,841.0,224.0,600.0,172.0,241.0,21.0,33.0,151.0,208.0,52184.0,62548.0,0.0,0.0,52184.0,62548.0,0.0,0.0,144.0,193.0,5.0,15.0,52.0,52.0,0.9508571428571428,0.9508571428571428,48.0,51.0,52.0,52.0,12.0,12.0,0.8777142857142857,0.8777142857142857,12.0,12.0,12.0,12.0,-5,50,174.21112263144963,0.9871516332102683,0.10335681978394408,0.02868238683502601,208,396,241,0,33,0,98568.0,5.25227342804663,2.8092857688960944,,,,,14.508928571428571
7,Batch_2,3806gxp0,2048,7000,21.26338147833475,91.0,51,8.496176720475786,6.796941376380628,112.0,61.0,True,False,False,0.0728838588169642,0.0551821986607142,0.8719339425223215,13.323102678571429,65.93056806767136,172.93308077617627,231.7933612266201,0.400986251182528,0.8742908817532385,265.86682110695443,80.98493303571428,81.55613638284056,165.43747233812255,3.408844918966383,203.52782450666,0.0044563337053571,0.2092633928571428,0.05971918767507,0.0854509803921568,0.0843052264808362,0.1299491289198606,0.1057219512195122,0.0350160278745644,0.0922146341463414,0.0045895470383275,0.0634257839721254,0.0330766550522648,0.0740413165266106,0.0226141456582633,0.0570334494773519,0.0480731707317073,0.0783358885017421,0.0871303135888501,0.0708926829268292,0.0426780487804878,0.0430898954703832,0.0632327526132404,-2.253307201778604,17.0,ordinary,False,False,True,True,False,0,0,49.0,23.3210162413191,0.2109375,76.0,101.0,0.0093252561234318,0.7608695321361073,,data,0.220125786163522,0.2489959839357429,5.0,0.0728838588169642,0.0584939313616071,0.0882451171875,0.0551821986607142,0.057794921875,0.0524582868303571,0.4081999266889534,0.0967093587092272,0,0,0.0,10.816653826391969,0.008227127686922,0.065015123287959,-0.0841871587768148,0.030287200061564,0.1258741258741259,791092,1044863,552,361,191,28,163,52960,0,52960,0,158,5,52,0.9508571428571428,49,52,12,0.8777142857142857,12,12,0.0,0.0,3,9.848857801796104,15.554223420810125,3,0.0012861736334405,0.0135980205426739,3,0.0630427967499855,0.0667877558855983,3,-0.1103047895500725,-0.0725844344280334,3,0.0293926954191525,0.0310007144990598,3,0.1258741258741259,0.1328671328671329,3,752042.0,828548.0,838569.0,1265082.0,396.0,841.0,224.0,600.0,172.0,241.0,21.0,33.0,151.0,208.0,52184.0,62548.0,0.0,0.0,52184.0,62548.0,0.0,0.0,144.0,193.0,5.0,15.0,52.0,52.0,0.9508571428571428,0.9508571428571428,48.0,51.0,52.0,52.0,12.0,12.0,0.8777142857142857,0.8777142857142857,12.0,12.0,12.0,12.0,-5,100,227.3045875317743,0.9047464794542728,0.10324461223978826,-0.017953374922626386,146,280,241,67,28,0,98258.0,6.069560273695437,2.796134826793966,,,,,10.184151785714286
7,Batch_2,3806gxp0,2048,7000,21.26338147833475,91.0,51,8.496176720475786,6.796941376380628,112.0,61.0,True,False,False,0.0728838588169642,0.0551821986607142,0.8719339425223215,13.323102678571429,65.93056806767136,172.93308077617627,231.7933612266201,0.400986251182528,0.8742908817532385,265.86682110695443,80.98493303571428,81.55613638284056,165.43747233812255,3.408844918966383,203.52782450666,0.0044563337053571,0.2092633928571428,0.05971918767507,0.0854509803921568,0.0843052264808362,0.1299491289198606,0.1057219512195122,0.0350160278745644,0.0922146341463414,0.0045895470383275,0.0634257839721254,0.0330766550522648,0.0740413165266106,0.0226141456582633,0.0570334494773519,0.0480731707317073,0.0783358885017421,0.0871303135888501,0.0708926829268292,0.0426780487804878,0.0430898954703832,0.0632327526132404,-2.253307201778604,17.0,ordinary,False,False,True,True,False,0,0,49.0,23.3210162413191,0.2109375,76.0,101.0,0.0093252561234318,0.7608695321361073,,data,0.220125786163522,0.2489959839357429,5.0,0.0728838588169642,0.0584939313616071,0.0882451171875,0.0551821986607142,0.057794921875,0.0524582868303571,0.4081999266889534,0.0967093587092272,0,0,0.0,10.816653826391969,0.008227127686922,0.065015123287959,-0.0841871587768148,0.030287200061564,0.1258741258741259,791092,1044863,552,361,191,28,163,52960,0,52960,0,158,5,52,0.9508571428571428,49,52,12,0.8777142857142857,12,12,0.0,0.0,3,9.848857801796104,15.554223420810125,3,0.0012861736334405,0.0135980205426739,3,0.0630427967499855,0.0667877558855983,3,-0.1103047895500725,-0.0725844344280334,3,0.0293926954191525,0.0310007144990598,3,0.1258741258741259,0.1328671328671329,3,752042.0,828548.0,838569.0,1265082.0,396.0,841.0,224.0,600.0,172.0,241.0,21.0,33.0,151.0,208.0,52184.0,62548.0,0.0,0.0,52184.0,62548.0,0.0,0.0,144.0,193.0,5.0,15.0,52.0,52.0,0.9508571428571428,0.9508571428571428,48.0,51.0,52.0,52.0,12.0,12.0,0.8777142857142857,0.8777142857142857,12.0,12.0,12.0,12.0,0,50,211.71474015892605,0.9634528622609043,0.10922773653656577,-0.0037112028614908568,163,314,191,0,28,0,92419.0,5.517452896464707,3.1482405048558064,,,,,11.369977678571429
7,Batch_2,3806gxp0,2048,7000,21.26338147833475,91.0,51,8.496176720475786,6.796941376380628,112.0,61.0,True,False,False,0.0728838588169642,0.0551821986607142,0.8719339425223215,13.323102678571429,65.93056806767136,172.93308077617627,231.7933612266201,0.400986251182528,0.8742908817532385,265.86682110695443,80.98493303571428,81.55613638284056,165.43747233812255,3.408844918966383,203.52782450666,0.0044563337053571,0.2092633928571428,0.05971918767507,0.0854509803921568,0.0843052264808362,0.1299491289198606,0.1057219512195122,0.0350160278745644,0.0922146341463414,0.0045895470383275,0.0634257839721254,0.0330766550522648,0.0740413165266106,0.0226141456582633,0.0570334494773519,0.0480731707317073,0.0783358885017421,0.0871303135888501,0.0708926829268292,0.0426780487804878,0.0430898954703832,0.0632327526132404,-2.253307201778604,17.0,ordinary,False,False,True,True,False,0,0,49.0,23.3210162413191,0.2109375,76.0,101.0,0.0093252561234318,0.7608695321361073,,data,0.220125786163522,0.2489959839357429,5.0,0.0728838588169642,0.0584939313616071,0.0882451171875,0.0551821986607142,0.057794921875,0.0524582868303571,0.4081999266889534,0.0967093587092272,0,0,0.0,10.816653826391969,0.008227127686922,0.065015123287959,-0.0841871587768148,0.030287200061564,0.1258741258741259,791092,1044863,552,361,191,28,163,52960,0,52960,0,158,5,52,0.9508571428571428,49,52,12,0.8777142857142857,12,12,0.0,0.0,3,9.848857801796104,15.554223420810125,3,0.0012861736334405,0.0135980205426739,3,0.0630427967499855,0.0667877558855983,3,-0.1103047895500725,-0.0725844344280334,3,0.0293926954191525,0.0310007144990598,3,0.1258741258741259,0.1328671328671329,3,752042.0,828548.0,838569.0,1265082.0,396.0,841.0,224.0,600.0,172.0,241.0,21.0,33.0,151.0,208.0,52184.0,62548.0,0.0,0.0,52184.0,62548.0,0.0,0.0,144.0,193.0,5.0,15.0,52.0,52.0,0.9508571428571428,0.9508571428571428,48.0,51.0,52.0,52.0,12.0,12.0,0.8777142857142857,0.8777142857142857,12.0,12.0,12.0,12.0,0,100,255.8887733687879,0.8081046305315313,0.08293407175247583,-0.0731057655449193,121,228,191,44,26,0,92308.0,6.699500340161678,3.039749158970765,,,,,8.440290178571429
7,Batch_2,3806gxp0,2048,7000,21.26338147833475,91.0,51,8.496176720475786,6.796941376380628,112.0,61.0,True,False,False,0.0728838588169642,0.0551821986607142,0.8719339425223215,13.323102678571429,65.93056806767136,172.93308077617627,231.7933612266201,0.400986251182528,0.8742908817532385,265.86682110695443,80.98493303571428,81.55613638284056,165.43747233812255,3.408844918966383,203.52782450666,0.0044563337053571,0.2092633928571428,0.05971918767507,0.0854509803921568,0.0843052264808362,0.1299491289198606,0.1057219512195122,0.0350160278745644,0.0922146341463414,0.0045895470383275,0.0634257839721254,0.0330766550522648,0.0740413165266106,0.0226141456582633,0.0570334494773519,0.0480731707317073,0.0783358885017421,0.0871303135888501,0.0708926829268292,0.0426780487804878,0.0430898954703832,0.0632327526132404,-2.253307201778604,17.0,ordinary,False,False,True,True,False,0,0,49.0,23.3210162413191,0.2109375,76.0,101.0,0.0093252561234318,0.7608695321361073,,data,0.220125786163522,0.2489959839357429,5.0,0.0728838588169642,0.0584939313616071,0.0882451171875,0.0551821986607142,0.057794921875,0.0524582868303571,0.4081999266889534,0.0967093587092272,0,0,0.0,10.816653826391969,0.008227127686922,0.065015123287959,-0.0841871587768148,0.030287200061564,0.1258741258741259,791092,1044863,552,361,191,28,163,52960,0,52960,0,158,5,52,0.9508571428571428,49,52,12,0.8777142857142857,12,12,0.0,0.0,3,9.848857801796104,15.554223420810125,3,0.0012861736334405,0.0135980205426739,3,0.0630427967499855,0.0667877558855983,3,-0.1103047895500725,-0.0725844344280334,3,0.0293926954191525,0.0310007144990598,3,0.1258741258741259,0.1328671328671329,3,752042.0,828548.0,838569.0,1265082.0,396.0,841.0,224.0,600.0,172.0,241.0,21.0,33.0,151.0,208.0,52184.0,62548.0,0.0,0.0,52184.0,62548.0,0.0,0.0,144.0,193.0,5.0,15.0,52.0,52.0,0.9508571428571428,0.9508571428571428,48.0,51.0,52.0,52.0,12.0,12.0,0.8777142857142857,0.8777142857142857,12.0,12.0,12.0,12.0,5,50,208.60897027879798,0.970420691096383,0.07774145661849473,0.011017654063881327,151,280,172,0,21,0,87606.0,5.488937726156687,3.2824863454998727,,,,,10.532924107142858
7,Batch_2,3806gxp0,2048,7000,21.26338147833475,91.0,51,8.496176720475786,6.796941376380628,112.0,61.0,True,False,False,0.0728838588169642,0.0551821986607142,0.8719339425223215,13.323102678571429,65.93056806767136,172.93308077617627,231.7933612266201,0.400986251182528,0.8742908817532385,265.86682110695443,80.98493303571428,81.55613638284056,165.43747233812255,3.408844918966383,203.52782450666,0.0044563337053571,0.2092633928571428,0.05971918767507,0.0854509803921568,0.0843052264808362,0.1299491289198606,0.1057219512195122,0.0350160278745644,0.0922146341463414,0.0045895470383275,0.0634257839721254,0.0330766550522648,0.0740413165266106,0.0226141456582633,0.0570334494773519,0.0480731707317073,0.0783358885017421,0.0871303135888501,0.0708926829268292,0.0426780487804878,0.0430898954703832,0.0632327526132404,-2.253307201778604,17.0,ordinary,False,False,True,True,False,0,0,49.0,23.3210162413191,0.2109375,76.0,101.0,0.0093252561234318,0.7608695321361073,,data,0.220125786163522,0.2489959839357429,5.0,0.0728838588169642,0.0584939313616071,0.0882451171875,0.0551821986607142,0.057794921875,0.0524582868303571,0.4081999266889534,0.0967093587092272,0,0,0.0,10.816653826391969,0.008227127686922,0.065015123287959,-0.0841871587768148,0.030287200061564,0.1258741258741259,791092,1044863,552,361,191,28,163,52960,0,52960,0,158,5,52,0.9508571428571428,49,52,12,0.8777142857142857,12,12,0.0,0.0,3,9.848857801796104,15.554223420810125,3,0.0012861736334405,0.0135980205426739,3,0.0630427967499855,0.0667877558855983,3,-0.1103047895500725,-0.0725844344280334,3,0.0293926954191525,0.0310007144990598,3,0.1258741258741259,0.1328671328671329,3,752042.0,828548.0,838569.0,1265082.0,396.0,841.0,224.0,600.0,172.0,241.0,21.0,33.0,151.0,208.0,52184.0,62548.0,0.0,0.0,52184.0,62548.0,0.0,0.0,144.0,193.0,5.0,15.0,52.0,52.0,0.9508571428571428,0.9508571428571428,48.0,51.0,52.0,52.0,12.0,12.0,0.8777142857142857,0.8777142857142857,12.0,12.0,12.0,12.0,5,100,262.06148674531823,0.8701568580151897,0.09789548912244816,-0.07771128930087366,108,207,172,44,20,0,87524.0,7.0746467336493595,3.1233425622330877,,,,,7.533482142857143
8,Batch_2,avn74qx1,2048,7000,20.26338147833475,90.0,50,8.496176720475786,7.646559048428207,112.0,62.0,True,False,False,0.0748934151785714,0.0414603794642857,0.8836462053571429,10.672433035714285,67.67453466712853,130.15549217263688,278.50171738460904,0.4577724720580354,0.8853464018889766,278.50171738460904,70.94029017857143,105.68883822789226,262.9462435513266,3.698612313308659,263.25838049153225,0.0180074637276785,0.5580357142857143,0.0560063025210084,0.0680833333333333,0.0822599303135888,0.0225547038327526,0.0744662020905923,0.0426445993031358,0.0630195121951219,0.0464662020905923,0.0939498257839721,0.021590243902439,0.0828550420168067,0.0106505602240896,0.1116815331010453,0.0488132404181184,0.086179094076655,0.0333080139372822,0.0468808362369338,0.0561658536585365,0.0515825783972125,0.0643066202090592,-2.1582523743773665,20.0,ordinary,False,False,False,False,False,0,0,49.0,22.2253349098561,0.064516129032258,73.0,101.0,0.0072881208448092,1.0723481836032107,,data,0.136986301369863,0.1640625,5.0,0.0748934151785714,0.0624128766741071,0.0877032645089285,0.0414603794642857,0.0430671735491071,0.0397675083705357,0.3376850658301604,0.0795859859752076,0,0,0.0,10.44030650891055,0.0121574664885987,0.0508202261748757,0.1094340458432868,0.0229339879962979,0.1608391608391608,594376,1073672,323,170,153,15,138,40290,0,40290,0,134,4,52,0.9508571428571428,48,52,12,0.8777142857142857,12,12,0.0,0.0,3,8.94427190999916,12.124075097263,3,0.0064738886491152,0.0175337740730094,3,0.0498809720192369,0.0516870723570755,3,0.1070696725214257,0.1118039049681417,3,0.022514425479128,0.0234281652900564,3,0.1468531468531468,0.1958041958041958,3,570107.0,617411.0,894751.0,1257314.0,260.0,541.0,115.0,360.0,145.0,181.0,14.0,17.0,131.0,164.0,40082.0,44220.0,0.0,0.0,40082.0,44220.0,0.0,0.0,127.0,157.0,4.0,7.0,52.0,52.0,0.9508571428571428,0.9508571428571428,47.0,49.0,52.0,52.0,12.0,12.0,0.8777142857142857,0.8777142857142857,12.0,12.0,12.0,12.0,-5,50,196.3330690915656,0.9355265222796002,0.065612524526884,-0.0010639108918437579,164,312,181,0,17,0,104984.0,5.433378642802139,2.924661993762127,,,,,11.439732142857142
8,Batch_2,avn74qx1,2048,7000,20.26338147833475,90.0,50,8.496176720475786,7.646559048428207,112.0,62.0,True,False,False,0.0748934151785714,0.0414603794642857,0.8836462053571429,10.672433035714285,67.67453466712853,130.15549217263688,278.50171738460904,0.4577724720580354,0.8853464018889766,278.50171738460904,70.94029017857143,105.68883822789226,262.9462435513266,3.698612313308659,263.25838049153225,0.0180074637276785,0.5580357142857143,0.0560063025210084,0.0680833333333333,0.0822599303135888,0.0225547038327526,0.0744662020905923,0.0426445993031358,0.0630195121951219,0.0464662020905923,0.0939498257839721,0.021590243902439,0.0828550420168067,0.0106505602240896,0.1116815331010453,0.0488132404181184,0.086179094076655,0.0333080139372822,0.0468808362369338,0.0561658536585365,0.0515825783972125,0.0643066202090592,-2.1582523743773665,20.0,ordinary,False,False,False,False,False,0,0,49.0,22.2253349098561,0.064516129032258,73.0,101.0,0.0072881208448092,1.0723481836032107,,data,0.136986301369863,0.1640625,5.0,0.0748934151785714,0.0624128766741071,0.0877032645089285,0.0414603794642857,0.0430671735491071,0.0397675083705357,0.3376850658301604,0.0795859859752076,0,0,0.0,10.44030650891055,0.0121574664885987,0.0508202261748757,0.1094340458432868,0.0229339879962979,0.1608391608391608,594376,1073672,323,170,153,15,138,40290,0,40290,0,134,4,52,0.9508571428571428,48,52,12,0.8777142857142857,12,12,0.0,0.0,3,8.94427190999916,12.124075097263,3,0.0064738886491152,0.0175337740730094,3,0.0498809720192369,0.0516870723570755,3,0.1070696725214257,0.1118039049681417,3,0.022514425479128,0.0234281652900564,3,0.1468531468531468,0.1958041958041958,3,570107.0,617411.0,894751.0,1257314.0,260.0,541.0,115.0,360.0,145.0,181.0,14.0,17.0,131.0,164.0,40082.0,44220.0,0.0,0.0,40082.0,44220.0,0.0,0.0,127.0,157.0,4.0,7.0,52.0,52.0,0.9508571428571428,0.9508571428571428,47.0,49.0,52.0,52.0,12.0,12.0,0.8777142857142857,0.8777142857142857,12.0,12.0,12.0,12.0,-5,100,235.5126216440964,0.8864670150271619,0.09697518263927198,0.04089631371315587,122,238,181,43,16,0,104922.0,6.378833891219648,3.227266831331515,,,,,8.510044642857142
8,Batch_2,avn74qx1,2048,7000,20.26338147833475,90.0,50,8.496176720475786,7.646559048428207,112.0,62.0,True,False,False,0.0748934151785714,0.0414603794642857,0.8836462053571429,10.672433035714285,67.67453466712853,130.15549217263688,278.50171738460904,0.4577724720580354,0.8853464018889766,278.50171738460904,70.94029017857143,105.68883822789226,262.9462435513266,3.698612313308659,263.25838049153225,0.0180074637276785,0.5580357142857143,0.0560063025210084,0.0680833333333333,0.0822599303135888,0.0225547038327526,0.0744662020905923,0.0426445993031358,0.0630195121951219,0.0464662020905923,0.0939498257839721,0.021590243902439,0.0828550420168067,0.0106505602240896,0.1116815331010453,0.0488132404181184,0.086179094076655,0.0333080139372822,0.0468808362369338,0.0561658536585365,0.0515825783972125,0.0643066202090592,-2.1582523743773665,20.0,ordinary,False,False,False,False,False,0,0,49.0,22.2253349098561,0.064516129032258,73.0,101.0,0.0072881208448092,1.0723481836032107,,data,0.136986301369863,0.1640625,5.0,0.0748934151785714,0.0624128766741071,0.0877032645089285,0.0414603794642857,0.0430671735491071,0.0397675083705357,0.3376850658301604,0.0795859859752076,0,0,0.0,10.44030650891055,0.0121574664885987,0.0508202261748757,0.1094340458432868,0.0229339879962979,0.1608391608391608,594376,1073672,323,170,153,15,138,40290,0,40290,0,134,4,52,0.9508571428571428,48,52,12,0.8777142857142857,12,12,0.0,0.0,3,8.94427190999916,12.124075097263,3,0.0064738886491152,0.0175337740730094,3,0.0498809720192369,0.0516870723570755,3,0.1070696725214257,0.1118039049681417,3,0.022514425479128,0.0234281652900564,3,0.1468531468531468,0.1958041958041958,3,570107.0,617411.0,894751.0,1257314.0,260.0,541.0,115.0,360.0,145.0,181.0,14.0,17.0,131.0,164.0,40082.0,44220.0,0.0,0.0,40082.0,44220.0,0.0,0.0,127.0,157.0,4.0,7.0,52.0,52.0,0.9508571428571428,0.9508571428571428,47.0,49.0,52.0,52.0,12.0,12.0,0.8777142857142857,0.8777142857142857,12.0,12.0,12.0,12.0,0,50,227.17362284096384,0.9375374714924349,0.08187360902827864,-0.06513863819056531,138,266,153,0,15,0,102304.0,5.818588213654042,3.3739191786716365,,,,,9.626116071428571
8,Batch_2,avn74qx1,2048,7000,20.26338147833475,90.0,50,8.496176720475786,7.646559048428207,112.0,62.0,True,False,False,0.0748934151785714,0.0414603794642857,0.8836462053571429,10.672433035714285,67.67453466712853,130.15549217263688,278.50171738460904,0.4577724720580354,0.8853464018889766,278.50171738460904,70.94029017857143,105.68883822789226,262.9462435513266,3.698612313308659,263.25838049153225,0.0180074637276785,0.5580357142857143,0.0560063025210084,0.0680833333333333,0.0822599303135888,0.0225547038327526,0.0744662020905923,0.0426445993031358,0.0630195121951219,0.0464662020905923,0.0939498257839721,0.021590243902439,0.0828550420168067,0.0106505602240896,0.1116815331010453,0.0488132404181184,0.086179094076655,0.0333080139372822,0.0468808362369338,0.0561658536585365,0.0515825783972125,0.0643066202090592,-2.1582523743773665,20.0,ordinary,False,False,False,False,False,0,0,49.0,22.2253349098561,0.064516129032258,73.0,101.0,0.0072881208448092,1.0723481836032107,,data,0.136986301369863,0.1640625,5.0,0.0748934151785714,0.0624128766741071,0.0877032645089285,0.0414603794642857,0.0430671735491071,0.0397675083705357,0.3376850658301604,0.0795859859752076,0,0,0.0,10.44030650891055,0.0121574664885987,0.0508202261748757,0.1094340458432868,0.0229339879962979,0.1608391608391608,594376,1073672,323,170,153,15,138,40290,0,40290,0,134,4,52,0.9508571428571428,48,52,12,0.8777142857142857,12,12,0.0,0.0,3,8.94427190999916,12.124075097263,3,0.0064738886491152,0.0175337740730094,3,0.0498809720192369,0.0516870723570755,3,0.1070696725214257,0.1118039049681417,3,0.022514425479128,0.0234281652900564,3,0.1468531468531468,0.1958041958041958,3,570107.0,617411.0,894751.0,1257314.0,260.0,541.0,115.0,360.0,145.0,181.0,14.0,17.0,131.0,164.0,40082.0,44220.0,0.0,0.0,40082.0,44220.0,0.0,0.0,127.0,157.0,4.0,7.0,52.0,52.0,0.9508571428571428,0.9508571428571428,47.0,49.0,52.0,52.0,12.0,12.0,0.8777142857142857,0.8777142857142857,12.0,12.0,12.0,12.0,0,100,254.42288020868816,0.8300241724894168,0.11845668759122333,0.0379470679457712,109,209,153,29,15,0,102304.0,6.6895992691789665,3.21425784856738,,,,,7.603236607142857
8,Batch_2,avn74qx1,2048,7000,20.26338147833475,90.0,50,8.496176720475786,7.646559048428207,112.0,62.0,True,False,False,0.0748934151785714,0.0414603794642857,0.8836462053571429,10.672433035714285,67.67453466712853,130.15549217263688,278.50171738460904,0.4577724720580354,0.8853464018889766,278.50171738460904,70.94029017857143,105.68883822789226,262.9462435513266,3.698612313308659,263.25838049153225,0.0180074637276785,0.5580357142857143,0.0560063025210084,0.0680833333333333,0.0822599303135888,0.0225547038327526,0.0744662020905923,0.0426445993031358,0.0630195121951219,0.0464662020905923,0.0939498257839721,0.021590243902439,0.0828550420168067,0.0106505602240896,0.1116815331010453,0.0488132404181184,0.086179094076655,0.0333080139372822,0.0468808362369338,0.0561658536585365,0.0515825783972125,0.0643066202090592,-2.1582523743773665,20.0,ordinary,False,False,False,False,False,0,0,49.0,22.2253349098561,0.064516129032258,73.0,101.0,0.0072881208448092,1.0723481836032107,,data,0.136986301369863,0.1640625,5.0,0.0748934151785714,0.0624128766741071,0.0877032645089285,0.0414603794642857,0.0430671735491071,0.0397675083705357,0.3376850658301604,0.0795859859752076,0,0,0.0,10.44030650891055,0.0121574664885987,0.0508202261748757,0.1094340458432868,0.0229339879962979,0.1608391608391608,594376,1073672,323,170,153,15,138,40290,0,40290,0,134,4,52,0.9508571428571428,48,52,12,0.8777142857142857,12,12,0.0,0.0,3,8.94427190999916,12.124075097263,3,0.0064738886491152,0.0175337740730094,3,0.0498809720192369,0.0516870723570755,3,0.1070696725214257,0.1118039049681417,3,0.022514425479128,0.0234281652900564,3,0.1468531468531468,0.1958041958041958,3,570107.0,617411.0,894751.0,1257314.0,260.0,541.0,115.0,360.0,145.0,181.0,14.0,17.0,131.0,164.0,40082.0,44220.0,0.0,0.0,40082.0,44220.0,0.0,0.0,127.0,157.0,4.0,7.0,52.0,52.0,0.9508571428571428,0.9508571428571428,47.0,49.0,52.0,52.0,12.0,12.0,0.8777142857142857,0.8777142857142857,12.0,12.0,12.0,12.0,5,50,221.9197580617206,1.003764311593712,0.08782217098321593,-0.05353445783684092,131,258,145,0,14,0,100348.0,5.723585101952381,3.4004560916820443,,,,,9.137834821428571
8,Batch_2,avn74qx1,2048,7000,20.26338147833475,90.0,50,8.496176720475786,7.646559048428207,112.0,62.0,True,False,False,0.0748934151785714,0.0414603794642857,0.8836462053571429,10.672433035714285,67.67453466712853,130.15549217263688,278.50171738460904,0.4577724720580354,0.8853464018889766,278.50171738460904,70.94029017857143,105.68883822789226,262.9462435513266,3.698612313308659,263.25838049153225,0.0180074637276785,0.5580357142857143,0.0560063025210084,0.0680833333333333,0.0822599303135888,0.0225547038327526,0.0744662020905923,0.0426445993031358,0.0630195121951219,0.0464662020905923,0.0939498257839721,0.021590243902439,0.0828550420168067,0.0106505602240896,0.1116815331010453,0.0488132404181184,0.086179094076655,0.0333080139372822,0.0468808362369338,0.0561658536585365,0.0515825783972125,0.0643066202090592,-2.1582523743773665,20.0,ordinary,False,False,False,False,False,0,0,49.0,22.2253349098561,0.064516129032258,73.0,101.0,0.0072881208448092,1.0723481836032107,,data,0.136986301369863,0.1640625,5.0,0.0748934151785714,0.0624128766741071,0.0877032645089285,0.0414603794642857,0.0430671735491071,0.0397675083705357,0.3376850658301604,0.0795859859752076,0,0,0.0,10.44030650891055,0.0121574664885987,0.0508202261748757,0.1094340458432868,0.0229339879962979,0.1608391608391608,594376,1073672,323,170,153,15,138,40290,0,40290,0,134,4,52,0.9508571428571428,48,52,12,0.8777142857142857,12,12,0.0,0.0,3,8.94427190999916,12.124075097263,3,0.0064738886491152,0.0175337740730094,3,0.0498809720192369,0.0516870723570755,3,0.1070696725214257,0.1118039049681417,3,0.022514425479128,0.0234281652900564,3,0.1468531468531468,0.1958041958041958,3,570107.0,617411.0,894751.0,1257314.0,260.0,541.0,115.0,360.0,145.0,181.0,14.0,17.0,131.0,164.0,40082.0,44220.0,0.0,0.0,40082.0,44220.0,0.0,0.0,127.0,157.0,4.0,7.0,52.0,52.0,0.9508571428571428,0.9508571428571428,47.0,49.0,52.0,52.0,12.0,12.0,0.8777142857142857,0.8777142857142857,12.0,12.0,12.0,12.0,5,100,261.28222564589686,0.9134048095997521,0.12453238741661243,0.01597670978894867,100,197,145,31,14,0,100348.0,6.964052075864554,3.200375993416861,,,,,6.975446428571428
9,Batch_2,b3esycq1,2156,7000,40.18436703483432,97.0,61,5.94732370433305,6.796941376380628,116.0,55.0,True,False,False,0.0941631327855817,0.0786697588126159,0.8271671084018023,22.329711105221307,60.3972788763388,172.3282888599633,241.79193571251392,0.3320026814705046,0.8588349137367786,278.4788577086765,95.61357010336602,98.51855180379049,208.31053003657564,3.180131748887445,282.6111169110161,0.0160510204081632,0.5300821627352239,0.0856139534883721,0.0539767441860465,0.1097222222222222,0.1050436507936508,0.1155900332225913,0.0976963455149501,0.0801170634920634,0.0831554232804232,0.0933465608465608,0.0532380952380952,0.0904950166112956,0.0112890365448504,0.0714781746031746,0.0433988095238095,0.1056790697674418,0.089709634551495,0.0830185185185185,0.0991924603174603,0.1066666666666666,0.1497103174603174,-2.2423322335373697,18.0,ordinary,False,False,False,True,False,0,0,62.0,24.61735247846735,0.1703703703703703,82.0,150.0,0.0058365216774978,0.7809462680756429,,data,0.1588235294117647,0.3700787401574803,5.0,0.0941631327855817,0.0802172011661807,0.112569573283859,0.0786697588126159,0.0846658494566657,0.0723040021203286,0.3435779074104046,0.1571359506234397,0,0,0.0,6.4031242374328485,0.0426380515422559,0.0662785489302155,0.1507726457781951,0.0311202029620855,0.4685314685314686,1187284,1421110,1504,1167,337,22,315,91712,0,91712,0,310,5,52,0.9032260800424066,52,52,12,0.8337471508083752,12,12,0.0,0.0,3,6.324555320336759,8.48528137423857,3,0.0195923261390887,0.0500681198910081,3,0.0633257697854051,0.0689616215142077,3,0.1188423119610688,0.1963630154529155,3,0.0294351410620695,0.0320158584651768,3,0.4685314685314686,0.5244755244755246,3,1091212.0,1277777.0,1210638.0,1698900.0,1244.0,2282.0,924.0,1791.0,320.0,491.0,22.0,25.0,295.0,467.0,91712.0,102690.0,0.0,0.0,91712.0,102690.0,0.0,0.0,289.0,458.0,5.0,9.0,52.0,52.0,0.9032260800424066,0.9032260800424066,52.0,52.0,52.0,52.0,12.0,12.0,0.8337471508083752,0.8337471508083752,12.0,12.0,12.0,12.0,-5,50,99.82475035601038,1.075471877882673,0.07487865786221623,0.0079880486664436,467,905,491,0,24,0,278979.0,4.852030263919617,1.8584879617752774,,,,,30.9435462496687
9,Batch_2,b3esycq1,2156,7000,40.18436703483432,97.0,61,5.94732370433305,6.796941376380628,116.0,55.0,True,False,False,0.0941631327855817,0.0786697588126159,0.8271671084018023,22.329711105221307,60.3972788763388,172.3282888599633,241.79193571251392,0.3320026814705046,0.8588349137367786,278.4788577086765,95.61357010336602,98.51855180379049,208.31053003657564,3.180131748887445,282.6111169110161,0.0160510204081632,0.5300821627352239,0.0856139534883721,0.0539767441860465,0.1097222222222222,0.1050436507936508,0.1155900332225913,0.0976963455149501,0.0801170634920634,0.0831554232804232,0.0933465608465608,0.0532380952380952,0.0904950166112956,0.0112890365448504,0.0714781746031746,0.0433988095238095,0.1056790697674418,0.089709634551495,0.0830185185185185,0.0991924603174603,0.1066666666666666,0.1497103174603174,-2.2423322335373697,18.0,ordinary,False,False,False,True,False,0,0,62.0,24.61735247846735,0.1703703703703703,82.0,150.0,0.0058365216774978,0.7809462680756429,,data,0.1588235294117647,0.3700787401574803,5.0,0.0941631327855817,0.0802172011661807,0.112569573283859,0.0786697588126159,0.0846658494566657,0.0723040021203286,0.3435779074104046,0.1571359506234397,0,0,0.0,6.4031242374328485,0.0426380515422559,0.0662785489302155,0.1507726457781951,0.0311202029620855,0.4685314685314686,1187284,1421110,1504,1167,337,22,315,91712,0,91712,0,310,5,52,0.9032260800424066,52,52,12,0.8337471508083752,12,12,0.0,0.0,3,6.324555320336759,8.48528137423857,3,0.0195923261390887,0.0500681198910081,3,0.0633257697854051,0.0689616215142077,3,0.1188423119610688,0.1963630154529155,3,0.0294351410620695,0.0320158584651768,3,0.4685314685314686,0.5244755244755246,3,1091212.0,1277777.0,1210638.0,1698900.0,1244.0,2282.0,924.0,1791.0,320.0,491.0,22.0,25.0,295.0,467.0,91712.0,102690.0,0.0,0.0,91712.0,102690.0,0.0,0.0,289.0,458.0,5.0,9.0,52.0,52.0,0.9032260800424066,0.9032260800424066,52.0,52.0,52.0,52.0,12.0,12.0,0.8337471508083752,0.8337471508083752,12.0,12.0,12.0,12.0,-5,100,134.4246229888954,1.0651727896113494,0.06865327887110595,0.04054148886142062,284,538,491,184,23,0,278917.0,5.554669295936918,2.3962883326825795,,,,,18.817916777100454
9,Batch_2,b3esycq1,2156,7000,40.18436703483432,97.0,61,5.94732370433305,6.796941376380628,116.0,55.0,True,False,False,0.0941631327855817,0.0786697588126159,0.8271671084018023,22.329711105221307,60.3972788763388,172.3282888599633,241.79193571251392,0.3320026814705046,0.8588349137367786,278.4788577086765,95.61357010336602,98.51855180379049,208.31053003657564,3.180131748887445,282.6111169110161,0.0160510204081632,0.5300821627352239,0.0856139534883721,0.0539767441860465,0.1097222222222222,0.1050436507936508,0.1155900332225913,0.0976963455149501,0.0801170634920634,0.0831554232804232,0.0933465608465608,0.0532380952380952,0.0904950166112956,0.0112890365448504,0.0714781746031746,0.0433988095238095,0.1056790697674418,0.089709634551495,0.0830185185185185,0.0991924603174603,0.1066666666666666,0.1497103174603174,-2.2423322335373697,18.0,ordinary,False,False,False,True,False,0,0,62.0,24.61735247846735,0.1703703703703703,82.0,150.0,0.0058365216774978,0.7809462680756429,,data,0.1588235294117647,0.3700787401574803,5.0,0.0941631327855817,0.0802172011661807,0.112569573283859,0.0786697588126159,0.0846658494566657,0.0723040021203286,0.3435779074104046,0.1571359506234397,0,0,0.0,6.4031242374328485,0.0426380515422559,0.0662785489302155,0.1507726457781951,0.0311202029620855,0.4685314685314686,1187284,1421110,1504,1167,337,22,315,91712,0,91712,0,310,5,52,0.9032260800424066,52,52,12,0.8337471508083752,12,12,0.0,0.0,3,6.324555320336759,8.48528137423857,3,0.0195923261390887,0.0500681198910081,3,0.0633257697854051,0.0689616215142077,3,0.1188423119610688,0.1963630154529155,3,0.0294351410620695,0.0320158584651768,3,0.4685314685314686,0.5244755244755246,3,1091212.0,1277777.0,1210638.0,1698900.0,1244.0,2282.0,924.0,1791.0,320.0,491.0,22.0,25.0,295.0,467.0,91712.0,102690.0,0.0,0.0,91712.0,102690.0,0.0,0.0,289.0,458.0,5.0,9.0,52.0,52.0,0.9032260800424066,0.9032260800424066,52.0,52.0,52.0,52.0,12.0,12.0,0.8337471508083752,0.8337471508083752,12.0,12.0,12.0,12.0,0,50,119.15982190909716,1.0060595158638368,0.04072628009826977,0.045421784851044936,315,610,337,0,22,0,265592.0,5.147494476813453,2.64400130142437,,,,,20.871985157699445
9,Batch_2,b3esycq1,2156,7000,40.18436703483432,97.0,61,5.94732370433305,6.796941376380628,116.0,55.0,True,False,False,0.0941631327855817,0.0786697588126159,0.8271671084018023,22.329711105221307,60.3972788763388,172.3282888599633,241.79193571251392,0.3320026814705046,0.8588349137367786,278.4788577086765,95.61357010336602,98.51855180379049,208.31053003657564,3.180131748887445,282.6111169110161,0.0160510204081632,0.5300821627352239,0.0856139534883721,0.0539767441860465,0.1097222222222222,0.1050436507936508,0.1155900332225913,0.0976963455149501,0.0801170634920634,0.0831554232804232,0.0933465608465608,0.0532380952380952,0.0904950166112956,0.0112890365448504,0.0714781746031746,0.0433988095238095,0.1056790697674418,0.089709634551495,0.0830185185185185,0.0991924603174603,0.1066666666666666,0.1497103174603174,-2.2423322335373697,18.0,ordinary,False,False,False,True,False,0,0,62.0,24.61735247846735,0.1703703703703703,82.0,150.0,0.0058365216774978,0.7809462680756429,,data,0.1588235294117647,0.3700787401574803,5.0,0.0941631327855817,0.0802172011661807,0.112569573283859,0.0786697588126159,0.0846658494566657,0.0723040021203286,0.3435779074104046,0.1571359506234397,0,0,0.0,6.4031242374328485,0.0426380515422559,0.0662785489302155,0.1507726457781951,0.0311202029620855,0.4685314685314686,1187284,1421110,1504,1167,337,22,315,91712,0,91712,0,310,5,52,0.9032260800424066,52,52,12,0.8337471508083752,12,12,0.0,0.0,3,6.324555320336759,8.48528137423857,3,0.0195923261390887,0.0500681198910081,3,0.0633257697854051,0.0689616215142077,3,0.1188423119610688,0.1963630154529155,3,0.0294351410620695,0.0320158584651768,3,0.4685314685314686,0.5244755244755246,3,1091212.0,1277777.0,1210638.0,1698900.0,1244.0,2282.0,924.0,1791.0,320.0,491.0,22.0,25.0,295.0,467.0,91712.0,102690.0,0.0,0.0,91712.0,102690.0,0.0,0.0,289.0,458.0,5.0,9.0,52.0,52.0,0.9032260800424066,0.9032260800424066,52.0,52.0,52.0,52.0,12.0,12.0,0.8337471508083752,0.8337471508083752,12.0,12.0,12.0,12.0,0,100,161.38353662365301,0.991172261814574,0.04329772697357104,0.005987718307748656,213,408,337,106,18,0,265312.0,6.182084906716632,2.7722075520426745,,,,,14.113437582825338
9,Batch_2,b3esycq1,2156,7000,40.18436703483432,97.0,61,5.94732370433305,6.796941376380628,116.0,55.0,True,False,False,0.0941631327855817,0.0786697588126159,0.8271671084018023,22.329711105221307,60.3972788763388,172.3282888599633,241.79193571251392,0.3320026814705046,0.8588349137367786,278.4788577086765,95.61357010336602,98.51855180379049,208.31053003657564,3.180131748887445,282.6111169110161,0.0160510204081632,0.5300821627352239,0.0856139534883721,0.0539767441860465,0.1097222222222222,0.1050436507936508,0.1155900332225913,0.0976963455149501,0.0801170634920634,0.0831554232804232,0.0933465608465608,0.0532380952380952,0.0904950166112956,0.0112890365448504,0.0714781746031746,0.0433988095238095,0.1056790697674418,0.089709634551495,0.0830185185185185,0.0991924603174603,0.1066666666666666,0.1497103174603174,-2.2423322335373697,18.0,ordinary,False,False,False,True,False,0,0,62.0,24.61735247846735,0.1703703703703703,82.0,150.0,0.0058365216774978,0.7809462680756429,,data,0.1588235294117647,0.3700787401574803,5.0,0.0941631327855817,0.0802172011661807,0.112569573283859,0.0786697588126159,0.0846658494566657,0.0723040021203286,0.3435779074104046,0.1571359506234397,0,0,0.0,6.4031242374328485,0.0426380515422559,0.0662785489302155,0.1507726457781951,0.0311202029620855,0.4685314685314686,1187284,1421110,1504,1167,337,22,315,91712,0,91712,0,310,5,52,0.9032260800424066,52,52,12,0.8337471508083752,12,12,0.0,0.0,3,6.324555320336759,8.48528137423857,3,0.0195923261390887,0.0500681198910081,3,0.0633257697854051,0.0689616215142077,3,0.1188423119610688,0.1963630154529155,3,0.0294351410620695,0.0320158584651768,3,0.4685314685314686,0.5244755244755246,3,1091212.0,1277777.0,1210638.0,1698900.0,1244.0,2282.0,924.0,1791.0,320.0,491.0,22.0,25.0,295.0,467.0,91712.0,102690.0,0.0,0.0,91712.0,102690.0,0.0,0.0,289.0,458.0,5.0,9.0,52.0,52.0,0.9032260800424066,0.9032260800424066,52.0,52.0,52.0,52.0,12.0,12.0,0.8337471508083752,0.8337471508083752,12.0,12.0,12.0,12.0,5,50,110.75332455677605,1.4529657479773155,0.08025886439766344,0.05115662773075365,295,578,320,0,25,0,232714.0,5.288267030694535,2.5675618758856746,,,,,19.546779750861383
9,Batch_2,b3esycq1,2156,7000,40.18436703483432,97.0,61,5.94732370433305,6.796941376380628,116.0,55.0,True,False,False,0.0941631327855817,0.0786697588126159,0.8271671084018023,22.329711105221307,60.3972788763388,172.3282888599633,241.79193571251392,0.3320026814705046,0.8588349137367786,278.4788577086765,95.61357010336602,98.51855180379049,208.31053003657564,3.180131748887445,282.6111169110161,0.0160510204081632,0.5300821627352239,0.0856139534883721,0.0539767441860465,0.1097222222222222,0.1050436507936508,0.1155900332225913,0.0976963455149501,0.0801170634920634,0.0831554232804232,0.0933465608465608,0.0532380952380952,0.0904950166112956,0.0112890365448504,0.0714781746031746,0.0433988095238095,0.1056790697674418,0.089709634551495,0.0830185185185185,0.0991924603174603,0.1066666666666666,0.1497103174603174,-2.2423322335373697,18.0,ordinary,False,False,False,True,False,0,0,62.0,24.61735247846735,0.1703703703703703,82.0,150.0,0.0058365216774978,0.7809462680756429,,data,0.1588235294117647,0.3700787401574803,5.0,0.0941631327855817,0.0802172011661807,0.112569573283859,0.0786697588126159,0.0846658494566657,0.0723040021203286,0.3435779074104046,0.1571359506234397,0,0,0.0,6.4031242374328485,0.0426380515422559,0.0662785489302155,0.1507726457781951,0.0311202029620855,0.4685314685314686,1187284,1421110,1504,1167,337,22,315,91712,0,91712,0,310,5,52,0.9032260800424066,52,52,12,0.8337471508083752,12,12,0.0,0.0,3,6.324555320336759,8.48528137423857,3,0.0195923261390887,0.0500681198910081,3,0.0633257697854051,0.0689616215142077,3,0.1188423119610688,0.1963630154529155,3,0.0294351410620695,0.0320158584651768,3,0.4685314685314686,0.5244755244755246,3,1091212.0,1277777.0,1210638.0,1698900.0,1244.0,2282.0,924.0,1791.0,320.0,491.0,22.0,25.0,295.0,467.0,91712.0,102690.0,0.0,0.0,91712.0,102690.0,0.0,0.0,289.0,458.0,5.0,9.0,52.0,52.0,0.9032260800424066,0.9032260800424066,52.0,52.0,52.0,52.0,12.0,12.0,0.8337471508083752,0.8337471508083752,12.0,12.0,12.0,12.0,5,100,155.93372727987497,1.382428984004373,0.05976358262276338,0.08780755316496515,207,407,320,93,20,0,232345.0,6.326149473155099,2.6104481097897256,,,,,13.715875960773921
10,Batch_2,epqdaau9,2133,7000,29.184367034834327,92.0,50,5.94732370433305,5.94732370433305,114.0,64.0,True,False,False,0.0713448529904226,0.0589849976558837,0.8696701493536937,13.997722858482351,76.3971862902423,164.80517579339093,261.89823885323847,0.3916126981562456,0.8513254520610858,263.02612779480637,111.84783336682072,78.20082821404762,206.20646894793455,3.433805375701753,240.94264263969495,0.0098826602370906,0.2678990020762173,0.0564178403755868,0.0558390342052313,0.0428249496981891,0.061963782696177,0.0514875922199865,0.0851871227364185,0.0680146862483311,0.0514172229639519,0.1057270288397048,0.035664654594232,0.1069456740442656,0.0356968477531857,0.0758497997329773,0.058237650200267,0.0785251509054325,0.1077370892018779,0.0396452045606975,0.0424989939637827,0.0879272363150867,0.0556622162883845,-2.1993648697631607,19.0,ordinary,False,False,False,True,False,15,0,52.0,25.720951581327125,0.0746268656716417,77.0,121.0,0.0097628491284085,1.0601030269726168,,data,0.1079545454545454,0.3125,5.0,0.0713448529904226,0.0602737258053713,0.0844137700087067,0.0589849976558837,0.0622776103409014,0.0554812805572299,0.3383571931471485,0.1152213283676145,0,15,0.0,7.0,0.0424454148471615,0.0635172304989436,-0.0441399329890731,0.042056125889054,-0.6363636363636365,880705,1065250,724,515,209,25,184,60388,0,60388,0,179,5,52,0.9129655080034826,51,52,12,0.8427373920032147,12,12,0.0,0.0,3,7.0,8.246211251235321,3,0.0219546742209631,0.0424454148471615,3,0.0591764186320408,0.0660876333299406,3,-0.0609579100145137,-0.0359864250578227,3,0.0382610821994834,0.0442693551656241,3,-0.6363636363636365,-0.5104895104895105,3,828391.0,929867.0,899947.0,1260382.0,599.0,1336.0,376.0,1056.0,209.0,280.0,23.0,27.0,184.0,253.0,60388.0,78294.0,0.0,0.0,60388.0,78294.0,0.0,0.0,179.0,247.0,5.0,6.0,52.0,52.0,0.9129655080034826,0.9129655080034826,51.0,52.0,52.0,52.0,12.0,12.0,0.8427373920032147,0.8427373920032147,12.0,12.0,12.0,12.0,-5,50,130.29605187313925,1.1943849851157793,0.04560230785122403,0.1002755545549532,253,489,280,0,27,0,112433.0,4.969813299576001,2.7734564012530036,,,,,16.944611881320743
10,Batch_2,epqdaau9,2133,7000,29.184367034834327,92.0,50,5.94732370433305,5.94732370433305,114.0,64.0,True,False,False,0.0713448529904226,0.0589849976558837,0.8696701493536937,13.997722858482351,76.3971862902423,164.80517579339093,261.89823885323847,0.3916126981562456,0.8513254520610858,263.02612779480637,111.84783336682072,78.20082821404762,206.20646894793455,3.433805375701753,240.94264263969495,0.0098826602370906,0.2678990020762173,0.0564178403755868,0.0558390342052313,0.0428249496981891,0.061963782696177,0.0514875922199865,0.0851871227364185,0.0680146862483311,0.0514172229639519,0.1057270288397048,0.035664654594232,0.1069456740442656,0.0356968477531857,0.0758497997329773,0.058237650200267,0.0785251509054325,0.1077370892018779,0.0396452045606975,0.0424989939637827,0.0879272363150867,0.0556622162883845,-2.1993648697631607,19.0,ordinary,False,False,False,True,False,15,0,52.0,25.720951581327125,0.0746268656716417,77.0,121.0,0.0097628491284085,1.0601030269726168,,data,0.1079545454545454,0.3125,5.0,0.0713448529904226,0.0602737258053713,0.0844137700087067,0.0589849976558837,0.0622776103409014,0.0554812805572299,0.3383571931471485,0.1152213283676145,0,15,0.0,7.0,0.0424454148471615,0.0635172304989436,-0.0441399329890731,0.042056125889054,-0.6363636363636365,880705,1065250,724,515,209,25,184,60388,0,60388,0,179,5,52,0.9129655080034826,51,52,12,0.8427373920032147,12,12,0.0,0.0,3,7.0,8.246211251235321,3,0.0219546742209631,0.0424454148471615,3,0.0591764186320408,0.0660876333299406,3,-0.0609579100145137,-0.0359864250578227,3,0.0382610821994834,0.0442693551656241,3,-0.6363636363636365,-0.5104895104895105,3,828391.0,929867.0,899947.0,1260382.0,599.0,1336.0,376.0,1056.0,209.0,280.0,23.0,27.0,184.0,253.0,60388.0,78294.0,0.0,0.0,60388.0,78294.0,0.0,0.0,179.0,247.0,5.0,6.0,52.0,52.0,0.9129655080034826,0.9129655080034826,51.0,52.0,52.0,52.0,12.0,12.0,0.8427373920032147,0.8427373920032147,12.0,12.0,12.0,12.0,-5,100,212.821433666511,0.8992608064656021,0.05379484996541333,0.08110692268194074,153,287,280,105,22,0,112074.0,6.459904454377535,3.5589334629834948,,,,,10.24713682941531
10,Batch_2,epqdaau9,2133,7000,29.184367034834327,92.0,50,5.94732370433305,5.94732370433305,114.0,64.0,True,False,False,0.0713448529904226,0.0589849976558837,0.8696701493536937,13.997722858482351,76.3971862902423,164.80517579339093,261.89823885323847,0.3916126981562456,0.8513254520610858,263.02612779480637,111.84783336682072,78.20082821404762,206.20646894793455,3.433805375701753,240.94264263969495,0.0098826602370906,0.2678990020762173,0.0564178403755868,0.0558390342052313,0.0428249496981891,0.061963782696177,0.0514875922199865,0.0851871227364185,0.0680146862483311,0.0514172229639519,0.1057270288397048,0.035664654594232,0.1069456740442656,0.0356968477531857,0.0758497997329773,0.058237650200267,0.0785251509054325,0.1077370892018779,0.0396452045606975,0.0424989939637827,0.0879272363150867,0.0556622162883845,-2.1993648697631607,19.0,ordinary,False,False,False,True,False,15,0,52.0,25.720951581327125,0.0746268656716417,77.0,121.0,0.0097628491284085,1.0601030269726168,,data,0.1079545454545454,0.3125,5.0,0.0713448529904226,0.0602737258053713,0.0844137700087067,0.0589849976558837,0.0622776103409014,0.0554812805572299,0.3383571931471485,0.1152213283676145,0,15,0.0,7.0,0.0424454148471615,0.0635172304989436,-0.0441399329890731,0.042056125889054,-0.6363636363636365,880705,1065250,724,515,209,25,184,60388,0,60388,0,179,5,52,0.9129655080034826,51,52,12,0.8427373920032147,12,12,0.0,0.0,3,7.0,8.246211251235321,3,0.0219546742209631,0.0424454148471615,3,0.0591764186320408,0.0660876333299406,3,-0.0609579100145137,-0.0359864250578227,3,0.0382610821994834,0.0442693551656241,3,-0.6363636363636365,-0.5104895104895105,3,828391.0,929867.0,899947.0,1260382.0,599.0,1336.0,376.0,1056.0,209.0,280.0,23.0,27.0,184.0,253.0,60388.0,78294.0,0.0,0.0,60388.0,78294.0,0.0,0.0,179.0,247.0,5.0,6.0,52.0,52.0,0.9129655080034826,0.9129655080034826,51.0,52.0,52.0,52.0,12.0,12.0,0.8427373920032147,0.8427373920032147,12.0,12.0,12.0,12.0,0,50,181.20446883945425,1.07634186355617,0.03396659822779212,0.06569896964228902,184,354,209,0,25,0,102322.0,5.639297284007721,3.7635057735956945,,,,,12.323354095505994
10,Batch_2,epqdaau9,2133,7000,29.184367034834327,92.0,50,5.94732370433305,5.94732370433305,114.0,64.0,True,False,False,0.0713448529904226,0.0589849976558837,0.8696701493536937,13.997722858482351,76.3971862902423,164.80517579339093,261.89823885323847,0.3916126981562456,0.8513254520610858,263.02612779480637,111.84783336682072,78.20082821404762,206.20646894793455,3.433805375701753,240.94264263969495,0.0098826602370906,0.2678990020762173,0.0564178403755868,0.0558390342052313,0.0428249496981891,0.061963782696177,0.0514875922199865,0.0851871227364185,0.0680146862483311,0.0514172229639519,0.1057270288397048,0.035664654594232,0.1069456740442656,0.0356968477531857,0.0758497997329773,0.058237650200267,0.0785251509054325,0.1077370892018779,0.0396452045606975,0.0424989939637827,0.0879272363150867,0.0556622162883845,-2.1993648697631607,19.0,ordinary,False,False,False,True,False,15,0,52.0,25.720951581327125,0.0746268656716417,77.0,121.0,0.0097628491284085,1.0601030269726168,,data,0.1079545454545454,0.3125,5.0,0.0713448529904226,0.0602737258053713,0.0844137700087067,0.0589849976558837,0.0622776103409014,0.0554812805572299,0.3383571931471485,0.1152213283676145,0,15,0.0,7.0,0.0424454148471615,0.0635172304989436,-0.0441399329890731,0.042056125889054,-0.6363636363636365,880705,1065250,724,515,209,25,184,60388,0,60388,0,179,5,52,0.9129655080034826,51,52,12,0.8427373920032147,12,12,0.0,0.0,3,7.0,8.246211251235321,3,0.0219546742209631,0.0424454148471615,3,0.0591764186320408,0.0660876333299406,3,-0.0609579100145137,-0.0359864250578227,3,0.0382610821994834,0.0442693551656241,3,-0.6363636363636365,-0.5104895104895105,3,828391.0,929867.0,899947.0,1260382.0,599.0,1336.0,376.0,1056.0,209.0,280.0,23.0,27.0,184.0,253.0,60388.0,78294.0,0.0,0.0,60388.0,78294.0,0.0,0.0,179.0,247.0,5.0,6.0,52.0,52.0,0.9129655080034826,0.9129655080034826,51.0,52.0,52.0,52.0,12.0,12.0,0.8427373920032147,0.8427373920032147,12.0,12.0,12.0,12.0,0,100,217.87962920866127,1.0203585029476672,0.09892361692568474,0.023950162038757817,132,247,209,57,20,0,102032.0,6.830692272249733,3.5932086329827593,,,,,8.84066706851517
10,Batch_2,epqdaau9,2133,7000,29.184367034834327,92.0,50,5.94732370433305,5.94732370433305,114.0,64.0,True,False,False,0.0713448529904226,0.0589849976558837,0.8696701493536937,13.997722858482351,76.3971862902423,164.80517579339093,261.89823885323847,0.3916126981562456,0.8513254520610858,263.02612779480637,111.84783336682072,78.20082821404762,206.20646894793455,3.433805375701753,240.94264263969495,0.0098826602370906,0.2678990020762173,0.0564178403755868,0.0558390342052313,0.0428249496981891,0.061963782696177,0.0514875922199865,0.0851871227364185,0.0680146862483311,0.0514172229639519,0.1057270288397048,0.035664654594232,0.1069456740442656,0.0356968477531857,0.0758497997329773,0.058237650200267,0.0785251509054325,0.1077370892018779,0.0396452045606975,0.0424989939637827,0.0879272363150867,0.0556622162883845,-2.1993648697631607,19.0,ordinary,False,False,False,True,False,15,0,52.0,25.720951581327125,0.0746268656716417,77.0,121.0,0.0097628491284085,1.0601030269726168,,data,0.1079545454545454,0.3125,5.0,0.0713448529904226,0.0602737258053713,0.0844137700087067,0.0589849976558837,0.0622776103409014,0.0554812805572299,0.3383571931471485,0.1152213283676145,0,15,0.0,7.0,0.0424454148471615,0.0635172304989436,-0.0441399329890731,0.042056125889054,-0.6363636363636365,880705,1065250,724,515,209,25,184,60388,0,60388,0,179,5,52,0.9129655080034826,51,52,12,0.8427373920032147,12,12,0.0,0.0,3,7.0,8.246211251235321,3,0.0219546742209631,0.0424454148471615,3,0.0591764186320408,0.0660876333299406,3,-0.0609579100145137,-0.0359864250578227,3,0.0382610821994834,0.0442693551656241,3,-0.6363636363636365,-0.5104895104895105,3,828391.0,929867.0,899947.0,1260382.0,599.0,1336.0,376.0,1056.0,209.0,280.0,23.0,27.0,184.0,253.0,60388.0,78294.0,0.0,0.0,60388.0,78294.0,0.0,0.0,179.0,247.0,5.0,6.0,52.0,52.0,0.9129655080034826,0.9129655080034826,51.0,52.0,52.0,52.0,12.0,12.0,0.8427373920032147,0.8427373920032147,12.0,12.0,12.0,12.0,5,50,133.8202115079206,1.7229841753065986,0.035411655580959725,0.08171063970281583,200,385,223,0,23,0,65112.0,5.533319181170905,3.282393273127064,,,,,13.394950103810864
10,Batch_2,epqdaau9,2133,7000,29.184367034834327,92.0,50,5.94732370433305,5.94732370433305,114.0,64.0,True,False,False,0.0713448529904226,0.0589849976558837,0.8696701493536937,13.997722858482351,76.3971862902423,164.80517579339093,261.89823885323847,0.3916126981562456,0.8513254520610858,263.02612779480637,111.84783336682072,78.20082821404762,206.20646894793455,3.433805375701753,240.94264263969495,0.0098826602370906,0.2678990020762173,0.0564178403755868,0.0558390342052313,0.0428249496981891,0.061963782696177,0.0514875922199865,0.0851871227364185,0.0680146862483311,0.0514172229639519,0.1057270288397048,0.035664654594232,0.1069456740442656,0.0356968477531857,0.0758497997329773,0.058237650200267,0.0785251509054325,0.1077370892018779,0.0396452045606975,0.0424989939637827,0.0879272363150867,0.0556622162883845,-2.1993648697631607,19.0,ordinary,False,False,False,True,False,15,0,52.0,25.720951581327125,0.0746268656716417,77.0,121.0,0.0097628491284085,1.0601030269726168,,data,0.1079545454545454,0.3125,5.0,0.0713448529904226,0.0602737258053713,0.0844137700087067,0.0589849976558837,0.0622776103409014,0.0554812805572299,0.3383571931471485,0.1152213283676145,0,15,0.0,7.0,0.0424454148471615,0.0635172304989436,-0.0441399329890731,0.042056125889054,-0.6363636363636365,880705,1065250,724,515,209,25,184,60388,0,60388,0,179,5,52,0.9129655080034826,51,52,12,0.8427373920032147,12,12,0.0,0.0,3,7.0,8.246211251235321,3,0.0219546742209631,0.0424454148471615,3,0.0591764186320408,0.0660876333299406,3,-0.0609579100145137,-0.0359864250578227,3,0.0382610821994834,0.0442693551656241,3,-0.6363636363636365,-0.5104895104895105,3,828391.0,929867.0,899947.0,1260382.0,599.0,1336.0,376.0,1056.0,209.0,280.0,23.0,27.0,184.0,253.0,60388.0,78294.0,0.0,0.0,60388.0,78294.0,0.0,0.0,179.0,247.0,5.0,6.0,52.0,52.0,0.9129655080034826,0.9129655080034826,51.0,52.0,52.0,52.0,12.0,12.0,0.8427373920032147,0.8427373920032147,12.0,12.0,12.0,12.0,5,100,182.18335838000095,1.2694453672980641,0.030276057458550557,0.08784985484111242,140,264,223,62,21,0,64979.0,6.606646533883927,3.4216400255692196,,,,,9.376465072667603
11,Batch_2,i9jiqjwl,2272,7000,32.184367034834324,95.0,53,5.94732370433305,6.796941376380628,113.0,60.0,True,False,False,0.0754373113682092,0.0563053319919517,0.8682573566398389,19.11468812877263,55.99990177386658,140.21444936330795,254.4513786351486,0.3507967401025371,0.8474917102947359,325.7675798075613,92.30382293762575,86.21584809165819,164.32160851573536,2.882301912119975,235.52871104085443,0.0027394994969818,0.0628772635814889,0.0477715544367526,0.0623750786658275,0.1052177470106985,0.0809628697293895,0.06031718061674,0.1172177470106985,0.1110591567023285,0.0452724984266834,0.0598082706766917,0.0371917293233082,0.1015443675267463,0.0448495909376966,0.0531913152926368,0.0426060415355569,0.0876626809314033,0.0387665198237885,0.0754185022026431,0.0210125865324103,0.0525520050125313,0.0728101503759398,-2.1294942614629138,15.0,ordinary,False,False,True,True,False,0,0,56.0,22.946909788710897,0.3125,79.0,141.0,0.0079349604607159,1.0698728873639431,,data,0.1576086956521739,0.3130081300813008,5.0,0.0754373113682092,0.0634762323943662,0.0886961770623742,0.0563053319919517,0.0613998993963782,0.0513002389336016,0.3343165896370508,0.1793730736588198,0,0,0.0,11.180339887498947,0.0171907804917224,0.0592415085921611,0.0370536381378293,0.0355699865051279,-0.2377622377622378,895480,1199755,1018,714,304,36,268,85478,0,85478,0,246,22,52,0.8571106639839035,51,52,12,0.7911790744466801,12,12,0.0,0.0,3,9.219544457292889,12.020797289396148,3,0.0115963855421686,0.0326472761910129,3,0.0552222258028664,0.0625191681658335,3,0.030052078886707,0.0562622726884658,3,0.0330984793624856,0.0384929779164793,3,-0.2727272727272727,-0.1468531468531468,3,815879.0,976504.0,1009526.0,1410624.0,879.0,1322.0,617.0,969.0,262.0,353.0,23.0,39.0,239.0,314.0,83384.0,100228.0,0.0,0.0,83384.0,100228.0,0.0,0.0,214.0,295.0,19.0,25.0,52.0,52.0,0.8571106639839035,0.8571106639839035,51.0,51.0,52.0,52.0,12.0,12.0,0.7911790744466801,0.7911790744466801,12.0,12.0,12.0,12.0,-5,50,119.21179069973996,1.4038381117610965,0.1435267025583437,0.1543198129869862,314,605,353,0,39,0,119962.0,5.285709741977504,2.7062741220258575,,,,,19.743460764587525
11,Batch_2,i9jiqjwl,2272,7000,32.184367034834324,95.0,53,5.94732370433305,6.796941376380628,113.0,60.0,True,False,False,0.0754373113682092,0.0563053319919517,0.8682573566398389,19.11468812877263,55.99990177386658,140.21444936330795,254.4513786351486,0.3507967401025371,0.8474917102947359,325.7675798075613,92.30382293762575,86.21584809165819,164.32160851573536,2.882301912119975,235.52871104085443,0.0027394994969818,0.0628772635814889,0.0477715544367526,0.0623750786658275,0.1052177470106985,0.0809628697293895,0.06031718061674,0.1172177470106985,0.1110591567023285,0.0452724984266834,0.0598082706766917,0.0371917293233082,0.1015443675267463,0.0448495909376966,0.0531913152926368,0.0426060415355569,0.0876626809314033,0.0387665198237885,0.0754185022026431,0.0210125865324103,0.0525520050125313,0.0728101503759398,-2.1294942614629138,15.0,ordinary,False,False,True,True,False,0,0,56.0,22.946909788710897,0.3125,79.0,141.0,0.0079349604607159,1.0698728873639431,,data,0.1576086956521739,0.3130081300813008,5.0,0.0754373113682092,0.0634762323943662,0.0886961770623742,0.0563053319919517,0.0613998993963782,0.0513002389336016,0.3343165896370508,0.1793730736588198,0,0,0.0,11.180339887498947,0.0171907804917224,0.0592415085921611,0.0370536381378293,0.0355699865051279,-0.2377622377622378,895480,1199755,1018,714,304,36,268,85478,0,85478,0,246,22,52,0.8571106639839035,51,52,12,0.7911790744466801,12,12,0.0,0.0,3,9.219544457292889,12.020797289396148,3,0.0115963855421686,0.0326472761910129,3,0.0552222258028664,0.0625191681658335,3,0.030052078886707,0.0562622726884658,3,0.0330984793624856,0.0384929779164793,3,-0.2727272727272727,-0.1468531468531468,3,815879.0,976504.0,1009526.0,1410624.0,879.0,1322.0,617.0,969.0,262.0,353.0,23.0,39.0,239.0,314.0,83384.0,100228.0,0.0,0.0,83384.0,100228.0,0.0,0.0,214.0,295.0,19.0,25.0,52.0,52.0,0.8571106639839035,0.8571106639839035,51.0,51.0,52.0,52.0,12.0,12.0,0.7911790744466801,0.7911790744466801,12.0,12.0,12.0,12.0,-5,100,173.96860648167046,1.0906641320404635,0.15566016495784246,0.18517676189730312,217,415,353,103,33,0,119544.0,6.037870919922137,2.8018524640588582,,,,,13.644366197183098
11,Batch_2,i9jiqjwl,2272,7000,32.184367034834324,95.0,53,5.94732370433305,6.796941376380628,113.0,60.0,True,False,False,0.0754373113682092,0.0563053319919517,0.8682573566398389,19.11468812877263,55.99990177386658,140.21444936330795,254.4513786351486,0.3507967401025371,0.8474917102947359,325.7675798075613,92.30382293762575,86.21584809165819,164.32160851573536,2.882301912119975,235.52871104085443,0.0027394994969818,0.0628772635814889,0.0477715544367526,0.0623750786658275,0.1052177470106985,0.0809628697293895,0.06031718061674,0.1172177470106985,0.1110591567023285,0.0452724984266834,0.0598082706766917,0.0371917293233082,0.1015443675267463,0.0448495909376966,0.0531913152926368,0.0426060415355569,0.0876626809314033,0.0387665198237885,0.0754185022026431,0.0210125865324103,0.0525520050125313,0.0728101503759398,-2.1294942614629138,15.0,ordinary,False,False,True,True,False,0,0,56.0,22.946909788710897,0.3125,79.0,141.0,0.0079349604607159,1.0698728873639431,,data,0.1576086956521739,0.3130081300813008,5.0,0.0754373113682092,0.0634762323943662,0.0886961770623742,0.0563053319919517,0.0613998993963782,0.0513002389336016,0.3343165896370508,0.1793730736588198,0,0,0.0,11.180339887498947,0.0171907804917224,0.0592415085921611,0.0370536381378293,0.0355699865051279,-0.2377622377622378,895480,1199755,1018,714,304,36,268,85478,0,85478,0,246,22,52,0.8571106639839035,51,52,12,0.7911790744466801,12,12,0.0,0.0,3,9.219544457292889,12.020797289396148,3,0.0115963855421686,0.0326472761910129,3,0.0552222258028664,0.0625191681658335,3,0.030052078886707,0.0562622726884658,3,0.0330984793624856,0.0384929779164793,3,-0.2727272727272727,-0.1468531468531468,3,815879.0,976504.0,1009526.0,1410624.0,879.0,1322.0,617.0,969.0,262.0,353.0,23.0,39.0,239.0,314.0,83384.0,100228.0,0.0,0.0,83384.0,100228.0,0.0,0.0,214.0,295.0,19.0,25.0,52.0,52.0,0.8571106639839035,0.8571106639839035,51.0,51.0,52.0,52.0,12.0,12.0,0.7911790744466801,0.7911790744466801,12.0,12.0,12.0,12.0,0,50,117.0115191035909,1.4511510191359034,0.17576306111699205,0.1699049431872542,268,515,304,0,36,0,84388.0,5.402636799103701,2.907312205983165,,,,,16.851106639839035
11,Batch_2,i9jiqjwl,2272,7000,32.184367034834324,95.0,53,5.94732370433305,6.796941376380628,113.0,60.0,True,False,False,0.0754373113682092,0.0563053319919517,0.8682573566398389,19.11468812877263,55.99990177386658,140.21444936330795,254.4513786351486,0.3507967401025371,0.8474917102947359,325.7675798075613,92.30382293762575,86.21584809165819,164.32160851573536,2.882301912119975,235.52871104085443,0.0027394994969818,0.0628772635814889,0.0477715544367526,0.0623750786658275,0.1052177470106985,0.0809628697293895,0.06031718061674,0.1172177470106985,0.1110591567023285,0.0452724984266834,0.0598082706766917,0.0371917293233082,0.1015443675267463,0.0448495909376966,0.0531913152926368,0.0426060415355569,0.0876626809314033,0.0387665198237885,0.0754185022026431,0.0210125865324103,0.0525520050125313,0.0728101503759398,-2.1294942614629138,15.0,ordinary,False,False,True,True,False,0,0,56.0,22.946909788710897,0.3125,79.0,141.0,0.0079349604607159,1.0698728873639431,,data,0.1576086956521739,0.3130081300813008,5.0,0.0754373113682092,0.0634762323943662,0.0886961770623742,0.0563053319919517,0.0613998993963782,0.0513002389336016,0.3343165896370508,0.1793730736588198,0,0,0.0,11.180339887498947,0.0171907804917224,0.0592415085921611,0.0370536381378293,0.0355699865051279,-0.2377622377622378,895480,1199755,1018,714,304,36,268,85478,0,85478,0,246,22,52,0.8571106639839035,51,52,12,0.7911790744466801,12,12,0.0,0.0,3,9.219544457292889,12.020797289396148,3,0.0115963855421686,0.0326472761910129,3,0.0552222258028664,0.0625191681658335,3,0.030052078886707,0.0562622726884658,3,0.0330984793624856,0.0384929779164793,3,-0.2727272727272727,-0.1468531468531468,3,815879.0,976504.0,1009526.0,1410624.0,879.0,1322.0,617.0,969.0,262.0,353.0,23.0,39.0,239.0,314.0,83384.0,100228.0,0.0,0.0,83384.0,100228.0,0.0,0.0,214.0,295.0,19.0,25.0,52.0,52.0,0.8571106639839035,0.8571106639839035,51.0,51.0,52.0,52.0,12.0,12.0,0.7911790744466801,0.7911790744466801,12.0,12.0,12.0,12.0,0,100,174.46295006439934,1.1080873107597002,0.22932745507401628,0.20181849148221567,194,369,304,83,27,0,83703.0,6.275277783951772,3.017460303104043,,,,,12.198189134808853
11,Batch_2,i9jiqjwl,2272,7000,32.184367034834324,95.0,53,5.94732370433305,6.796941376380628,113.0,60.0,True,False,False,0.0754373113682092,0.0563053319919517,0.8682573566398389,19.11468812877263,55.99990177386658,140.21444936330795,254.4513786351486,0.3507967401025371,0.8474917102947359,325.7675798075613,92.30382293762575,86.21584809165819,164.32160851573536,2.882301912119975,235.52871104085443,0.0027394994969818,0.0628772635814889,0.0477715544367526,0.0623750786658275,0.1052177470106985,0.0809628697293895,0.06031718061674,0.1172177470106985,0.1110591567023285,0.0452724984266834,0.0598082706766917,0.0371917293233082,0.1015443675267463,0.0448495909376966,0.0531913152926368,0.0426060415355569,0.0876626809314033,0.0387665198237885,0.0754185022026431,0.0210125865324103,0.0525520050125313,0.0728101503759398,-2.1294942614629138,15.0,ordinary,False,False,True,True,False,0,0,56.0,22.946909788710897,0.3125,79.0,141.0,0.0079349604607159,1.0698728873639431,,data,0.1576086956521739,0.3130081300813008,5.0,0.0754373113682092,0.0634762323943662,0.0886961770623742,0.0563053319919517,0.0613998993963782,0.0513002389336016,0.3343165896370508,0.1793730736588198,0,0,0.0,11.180339887498947,0.0171907804917224,0.0592415085921611,0.0370536381378293,0.0355699865051279,-0.2377622377622378,895480,1199755,1018,714,304,36,268,85478,0,85478,0,246,22,52,0.8571106639839035,51,52,12,0.7911790744466801,12,12,0.0,0.0,3,9.219544457292889,12.020797289396148,3,0.0115963855421686,0.0326472761910129,3,0.0552222258028664,0.0625191681658335,3,0.030052078886707,0.0562622726884658,3,0.0330984793624856,0.0384929779164793,3,-0.2727272727272727,-0.1468531468531468,3,815879.0,976504.0,1009526.0,1410624.0,879.0,1322.0,617.0,969.0,262.0,353.0,23.0,39.0,239.0,314.0,83384.0,100228.0,0.0,0.0,83384.0,100228.0,0.0,0.0,214.0,295.0,19.0,25.0,52.0,52.0,0.8571106639839035,0.8571106639839035,51.0,51.0,52.0,52.0,12.0,12.0,0.7911790744466801,0.7911790744466801,12.0,12.0,12.0,12.0,5,50,121.30096918670367,1.4970234498500423,0.18669636935210251,0.15851359982933833,239,460,262,0,23,0,58610.0,5.424950017481403,3.058003330309451,,,,,15.027665995975855
11,Batch_2,i9jiqjwl,2272,7000,32.184367034834324,95.0,53,5.94732370433305,6.796941376380628,113.0,60.0,True,False,False,0.0754373113682092,0.0563053319919517,0.8682573566398389,19.11468812877263,55.99990177386658,140.21444936330795,254.4513786351486,0.3507967401025371,0.8474917102947359,325.7675798075613,92.30382293762575,86.21584809165819,164.32160851573536,2.882301912119975,235.52871104085443,0.0027394994969818,0.0628772635814889,0.0477715544367526,0.0623750786658275,0.1052177470106985,0.0809628697293895,0.06031718061674,0.1172177470106985,0.1110591567023285,0.0452724984266834,0.0598082706766917,0.0371917293233082,0.1015443675267463,0.0448495909376966,0.0531913152926368,0.0426060415355569,0.0876626809314033,0.0387665198237885,0.0754185022026431,0.0210125865324103,0.0525520050125313,0.0728101503759398,-2.1294942614629138,15.0,ordinary,False,False,True,True,False,0,0,56.0,22.946909788710897,0.3125,79.0,141.0,0.0079349604607159,1.0698728873639431,,data,0.1576086956521739,0.3130081300813008,5.0,0.0754373113682092,0.0634762323943662,0.0886961770623742,0.0563053319919517,0.0613998993963782,0.0513002389336016,0.3343165896370508,0.1793730736588198,0,0,0.0,11.180339887498947,0.0171907804917224,0.0592415085921611,0.0370536381378293,0.0355699865051279,-0.2377622377622378,895480,1199755,1018,714,304,36,268,85478,0,85478,0,246,22,52,0.8571106639839035,51,52,12,0.7911790744466801,12,12,0.0,0.0,3,9.219544457292889,12.020797289396148,3,0.0115963855421686,0.0326472761910129,3,0.0552222258028664,0.0625191681658335,3,0.030052078886707,0.0562622726884658,3,0.0330984793624856,0.0384929779164793,3,-0.2727272727272727,-0.1468531468531468,3,815879.0,976504.0,1009526.0,1410624.0,879.0,1322.0,617.0,969.0,262.0,353.0,23.0,39.0,239.0,314.0,83384.0,100228.0,0.0,0.0,83384.0,100228.0,0.0,0.0,214.0,295.0,19.0,25.0,52.0,52.0,0.8571106639839035,0.8571106639839035,51.0,51.0,52.0,52.0,12.0,12.0,0.7911790744466801,0.7911790744466801,12.0,12.0,12.0,12.0,5,100,196.19792831776104,1.0866869208426222,0.1588651402314462,0.13055603196760435,171,325,262,73,18,0,58254.0,6.650279048587422,3.07616872987081,,,,,10.752012072434608
12,Batch_2,r17byphk,2080,7000,25.28971962616822,98.0,58,9.345794392523365,7.646559048428207,115.0,57.0,True,False,False,0.080769162087912,0.0419263736263736,0.8773044642857143,16.346153846153847,51.151806072031896,152.97758931370402,255.1235103373688,0.3802891241457506,0.8598442624981912,272.98614857498603,81.79945054945054,111.14391599642578,237.33545343897444,3.489662574598563,253.5867434358392,0.0258304945054945,0.8928571428571428,0.0588385989010989,0.0969017857142857,0.069801510989011,0.0527074175824175,0.0706188186813186,0.0220968406593406,0.1216668956043956,0.0516435439560439,0.0719182692307692,0.019720467032967,0.097198489010989,0.0182266483516483,0.064451923076923,0.0293523351648351,0.0779244505494505,0.0338914835164835,0.1002032967032967,0.0686311813186813,0.0750693681318681,0.0260920329670329,-2.282006325094787,19.0,ordinary,False,False,False,True,False,0,0,56.0,23.30837582574386,0.1338582677165354,81.0,107.0,0.0055334297744836,0.598501874455445,,data,0.0994152046783625,0.3149606299212598,5.0,0.080769162087912,0.0679563873626373,0.0949882554945055,0.0419263736263736,0.0454567307692307,0.0383815247252747,0.3346805567011537,0.1687531124682201,0,0,0.0,9.899494936611664,0.0235003092145949,0.0565788746601561,-0.2445146418509348,0.0240752399529953,-0.5454545454545455,610448,1175999,902,664,238,9,229,62318,0,62318,0,225,4,52,0.9362285714285714,51,52,12,0.864210989010989,12,12,0.0,0.0,3,9.899494936611664,11.090169943749476,3,0.0138428795890884,0.0235003092145949,3,0.0538104016951218,0.0585465177166645,3,-0.2658584478784256,-0.2271834713566123,3,0.0231626828455657,0.0246172994371094,3,-0.5734265734265735,-0.5454545454545455,3,558835.0,661850.0,989445.0,1383029.0,775.0,1350.0,531.0,1036.0,238.0,314.0,9.0,11.0,229.0,304.0,62234.0,67234.0,0.0,0.0,62234.0,67234.0,0.0,0.0,225.0,298.0,4.0,6.0,52.0,52.0,0.9362285714285714,0.9362285714285714,51.0,51.0,52.0,52.0,12.0,12.0,0.864210989010989,0.864210989010989,12.0,12.0,12.0,12.0,-5,50,117.40311766609406,1.093578548058226,0.10673654902797484,0.0703596867381983,304,578,314,0,10,0,108448.0,4.930811674218715,2.1366080777768,,,,,20.87912087912088
12,Batch_2,r17byphk,2080,7000,25.28971962616822,98.0,58,9.345794392523365,7.646559048428207,115.0,57.0,True,False,False,0.080769162087912,0.0419263736263736,0.8773044642857143,16.346153846153847,51.151806072031896,152.97758931370402,255.1235103373688,0.3802891241457506,0.8598442624981912,272.98614857498603,81.79945054945054,111.14391599642578,237.33545343897444,3.489662574598563,253.5867434358392,0.0258304945054945,0.8928571428571428,0.0588385989010989,0.0969017857142857,0.069801510989011,0.0527074175824175,0.0706188186813186,0.0220968406593406,0.1216668956043956,0.0516435439560439,0.0719182692307692,0.019720467032967,0.097198489010989,0.0182266483516483,0.064451923076923,0.0293523351648351,0.0779244505494505,0.0338914835164835,0.1002032967032967,0.0686311813186813,0.0750693681318681,0.0260920329670329,-2.282006325094787,19.0,ordinary,False,False,False,True,False,0,0,56.0,23.30837582574386,0.1338582677165354,81.0,107.0,0.0055334297744836,0.598501874455445,,data,0.0994152046783625,0.3149606299212598,5.0,0.080769162087912,0.0679563873626373,0.0949882554945055,0.0419263736263736,0.0454567307692307,0.0383815247252747,0.3346805567011537,0.1687531124682201,0,0,0.0,9.899494936611664,0.0235003092145949,0.0565788746601561,-0.2445146418509348,0.0240752399529953,-0.5454545454545455,610448,1175999,902,664,238,9,229,62318,0,62318,0,225,4,52,0.9362285714285714,51,52,12,0.864210989010989,12,12,0.0,0.0,3,9.899494936611664,11.090169943749476,3,0.0138428795890884,0.0235003092145949,3,0.0538104016951218,0.0585465177166645,3,-0.2658584478784256,-0.2271834713566123,3,0.0231626828455657,0.0246172994371094,3,-0.5734265734265735,-0.5454545454545455,3,558835.0,661850.0,989445.0,1383029.0,775.0,1350.0,531.0,1036.0,238.0,314.0,9.0,11.0,229.0,304.0,62234.0,67234.0,0.0,0.0,62234.0,67234.0,0.0,0.0,225.0,298.0,4.0,6.0,52.0,52.0,0.9362285714285714,0.9362285714285714,51.0,51.0,52.0,52.0,12.0,12.0,0.864210989010989,0.864210989010989,12.0,12.0,12.0,12.0,-5,100,183.97008941129712,0.9196546383072668,0.11551078355889098,0.13626053428271254,184,352,314,120,10,0,108448.0,5.944926957468102,2.470942274327798,,,,,12.637362637362639
12,Batch_2,r17byphk,2080,7000,25.28971962616822,98.0,58,9.345794392523365,7.646559048428207,115.0,57.0,True,False,False,0.080769162087912,0.0419263736263736,0.8773044642857143,16.346153846153847,51.151806072031896,152.97758931370402,255.1235103373688,0.3802891241457506,0.8598442624981912,272.98614857498603,81.79945054945054,111.14391599642578,237.33545343897444,3.489662574598563,253.5867434358392,0.0258304945054945,0.8928571428571428,0.0588385989010989,0.0969017857142857,0.069801510989011,0.0527074175824175,0.0706188186813186,0.0220968406593406,0.1216668956043956,0.0516435439560439,0.0719182692307692,0.019720467032967,0.097198489010989,0.0182266483516483,0.064451923076923,0.0293523351648351,0.0779244505494505,0.0338914835164835,0.1002032967032967,0.0686311813186813,0.0750693681318681,0.0260920329670329,-2.282006325094787,19.0,ordinary,False,False,False,True,False,0,0,56.0,23.30837582574386,0.1338582677165354,81.0,107.0,0.0055334297744836,0.598501874455445,,data,0.0994152046783625,0.3149606299212598,5.0,0.080769162087912,0.0679563873626373,0.0949882554945055,0.0419263736263736,0.0454567307692307,0.0383815247252747,0.3346805567011537,0.1687531124682201,0,0,0.0,9.899494936611664,0.0235003092145949,0.0565788746601561,-0.2445146418509348,0.0240752399529953,-0.5454545454545455,610448,1175999,902,664,238,9,229,62318,0,62318,0,225,4,52,0.9362285714285714,51,52,12,0.864210989010989,12,12,0.0,0.0,3,9.899494936611664,11.090169943749476,3,0.0138428795890884,0.0235003092145949,3,0.0538104016951218,0.0585465177166645,3,-0.2658584478784256,-0.2271834713566123,3,0.0231626828455657,0.0246172994371094,3,-0.5734265734265735,-0.5454545454545455,3,558835.0,661850.0,989445.0,1383029.0,775.0,1350.0,531.0,1036.0,238.0,314.0,9.0,11.0,229.0,304.0,62234.0,67234.0,0.0,0.0,62234.0,67234.0,0.0,0.0,225.0,298.0,4.0,6.0,52.0,52.0,0.9362285714285714,0.9362285714285714,51.0,51.0,52.0,52.0,12.0,12.0,0.864210989010989,0.864210989010989,12.0,12.0,12.0,12.0,0,50,144.04025266508927,1.2175457605072566,0.12971141293905133,0.09886632510820652,229,440,238,0,9,0,104965.0,5.267858159063328,2.517120269771656,,,,,15.728021978021978
12,Batch_2,r17byphk,2080,7000,25.28971962616822,98.0,58,9.345794392523365,7.646559048428207,115.0,57.0,True,False,False,0.080769162087912,0.0419263736263736,0.8773044642857143,16.346153846153847,51.151806072031896,152.97758931370402,255.1235103373688,0.3802891241457506,0.8598442624981912,272.98614857498603,81.79945054945054,111.14391599642578,237.33545343897444,3.489662574598563,253.5867434358392,0.0258304945054945,0.8928571428571428,0.0588385989010989,0.0969017857142857,0.069801510989011,0.0527074175824175,0.0706188186813186,0.0220968406593406,0.1216668956043956,0.0516435439560439,0.0719182692307692,0.019720467032967,0.097198489010989,0.0182266483516483,0.064451923076923,0.0293523351648351,0.0779244505494505,0.0338914835164835,0.1002032967032967,0.0686311813186813,0.0750693681318681,0.0260920329670329,-2.282006325094787,19.0,ordinary,False,False,False,True,False,0,0,56.0,23.30837582574386,0.1338582677165354,81.0,107.0,0.0055334297744836,0.598501874455445,,data,0.0994152046783625,0.3149606299212598,5.0,0.080769162087912,0.0679563873626373,0.0949882554945055,0.0419263736263736,0.0454567307692307,0.0383815247252747,0.3346805567011537,0.1687531124682201,0,0,0.0,9.899494936611664,0.0235003092145949,0.0565788746601561,-0.2445146418509348,0.0240752399529953,-0.5454545454545455,610448,1175999,902,664,238,9,229,62318,0,62318,0,225,4,52,0.9362285714285714,51,52,12,0.864210989010989,12,12,0.0,0.0,3,9.899494936611664,11.090169943749476,3,0.0138428795890884,0.0235003092145949,3,0.0538104016951218,0.0585465177166645,3,-0.2658584478784256,-0.2271834713566123,3,0.0231626828455657,0.0246172994371094,3,-0.5734265734265735,-0.5454545454545455,3,558835.0,661850.0,989445.0,1383029.0,775.0,1350.0,531.0,1036.0,238.0,314.0,9.0,11.0,229.0,304.0,62234.0,67234.0,0.0,0.0,62234.0,67234.0,0.0,0.0,225.0,298.0,4.0,6.0,52.0,52.0,0.9362285714285714,0.9362285714285714,51.0,51.0,52.0,52.0,12.0,12.0,0.864210989010989,0.864210989010989,12.0,12.0,12.0,12.0,0,100,193.2754427776973,1.164308881236752,0.12724717931452023,0.12668407694453757,158,303,238,71,9,0,104965.0,5.940140088314328,2.5212361684104616,,,,,10.851648351648352
12,Batch_2,r17byphk,2080,7000,25.28971962616822,98.0,58,9.345794392523365,7.646559048428207,115.0,57.0,True,False,False,0.080769162087912,0.0419263736263736,0.8773044642857143,16.346153846153847,51.151806072031896,152.97758931370402,255.1235103373688,0.3802891241457506,0.8598442624981912,272.98614857498603,81.79945054945054,111.14391599642578,237.33545343897444,3.489662574598563,253.5867434358392,0.0258304945054945,0.8928571428571428,0.0588385989010989,0.0969017857142857,0.069801510989011,0.0527074175824175,0.0706188186813186,0.0220968406593406,0.1216668956043956,0.0516435439560439,0.0719182692307692,0.019720467032967,0.097198489010989,0.0182266483516483,0.064451923076923,0.0293523351648351,0.0779244505494505,0.0338914835164835,0.1002032967032967,0.0686311813186813,0.0750693681318681,0.0260920329670329,-2.282006325094787,19.0,ordinary,False,False,False,True,False,0,0,56.0,23.30837582574386,0.1338582677165354,81.0,107.0,0.0055334297744836,0.598501874455445,,data,0.0994152046783625,0.3149606299212598,5.0,0.080769162087912,0.0679563873626373,0.0949882554945055,0.0419263736263736,0.0454567307692307,0.0383815247252747,0.3346805567011537,0.1687531124682201,0,0,0.0,9.899494936611664,0.0235003092145949,0.0565788746601561,-0.2445146418509348,0.0240752399529953,-0.5454545454545455,610448,1175999,902,664,238,9,229,62318,0,62318,0,225,4,52,0.9362285714285714,51,52,12,0.864210989010989,12,12,0.0,0.0,3,9.899494936611664,11.090169943749476,3,0.0138428795890884,0.0235003092145949,3,0.0538104016951218,0.0585465177166645,3,-0.2658584478784256,-0.2271834713566123,3,0.0231626828455657,0.0246172994371094,3,-0.5734265734265735,-0.5454545454545455,3,558835.0,661850.0,989445.0,1383029.0,775.0,1350.0,531.0,1036.0,238.0,314.0,9.0,11.0,229.0,304.0,62234.0,67234.0,0.0,0.0,62234.0,67234.0,0.0,0.0,225.0,298.0,4.0,6.0,52.0,52.0,0.9362285714285714,0.9362285714285714,51.0,51.0,52.0,52.0,12.0,12.0,0.864210989010989,0.864210989010989,12.0,12.0,12.0,12.0,5,50,105.26777851583458,1.94238408554033,0.1323862794556117,0.09515420419182968,233,450,244,0,11,0,99245.0,5.159055299214529,2.284334452232848,,,,,16.002747252747252
12,Batch_2,r17byphk,2080,7000,25.28971962616822,98.0,58,9.345794392523365,7.646559048428207,115.0,57.0,True,False,False,0.080769162087912,0.0419263736263736,0.8773044642857143,16.346153846153847,51.151806072031896,152.97758931370402,255.1235103373688,0.3802891241457506,0.8598442624981912,272.98614857498603,81.79945054945054,111.14391599642578,237.33545343897444,3.489662574598563,253.5867434358392,0.0258304945054945,0.8928571428571428,0.0588385989010989,0.0969017857142857,0.069801510989011,0.0527074175824175,0.0706188186813186,0.0220968406593406,0.1216668956043956,0.0516435439560439,0.0719182692307692,0.019720467032967,0.097198489010989,0.0182266483516483,0.064451923076923,0.0293523351648351,0.0779244505494505,0.0338914835164835,0.1002032967032967,0.0686311813186813,0.0750693681318681,0.0260920329670329,-2.282006325094787,19.0,ordinary,False,False,False,True,False,0,0,56.0,23.30837582574386,0.1338582677165354,81.0,107.0,0.0055334297744836,0.598501874455445,,data,0.0994152046783625,0.3149606299212598,5.0,0.080769162087912,0.0679563873626373,0.0949882554945055,0.0419263736263736,0.0454567307692307,0.0383815247252747,0.3346805567011537,0.1687531124682201,0,0,0.0,9.899494936611664,0.0235003092145949,0.0565788746601561,-0.2445146418509348,0.0240752399529953,-0.5454545454545455,610448,1175999,902,664,238,9,229,62318,0,62318,0,225,4,52,0.9362285714285714,51,52,12,0.864210989010989,12,12,0.0,0.0,3,9.899494936611664,11.090169943749476,3,0.0138428795890884,0.0235003092145949,3,0.0538104016951218,0.0585465177166645,3,-0.2658584478784256,-0.2271834713566123,3,0.0231626828455657,0.0246172994371094,3,-0.5734265734265735,-0.5454545454545455,3,558835.0,661850.0,989445.0,1383029.0,775.0,1350.0,531.0,1036.0,238.0,314.0,9.0,11.0,229.0,304.0,62234.0,67234.0,0.0,0.0,62234.0,67234.0,0.0,0.0,225.0,298.0,4.0,6.0,52.0,52.0,0.9362285714285714,0.9362285714285714,51.0,51.0,52.0,52.0,12.0,12.0,0.864210989010989,0.864210989010989,12.0,12.0,12.0,12.0,5,100,151.95085363190537,1.5275937186029178,0.12512301084953495,0.07942654019867892,168,330,244,67,9,0,99137.0,5.8027978999057686,2.3614337203786135,,,,,11.538461538461538
13,Batch_2,rxax5ozo,2068,7000,34.15802888700085,98.0,52,5.097706032285472,8.496176720475786,118.0,66.0,True,False,False,0.0843286128764852,0.0510631389886709,0.8646082481348439,12.434374136501797,63.99014280237452,163.82495647328125,236.101038769528,0.3538424285214866,0.8598758826184146,260.2522830288559,85.93534125449018,96.73178078717828,218.26190131643708,3.513999094250574,260.17644089318486,0.0145303951367781,0.483558994197292,0.0821740638002773,0.0642725381414701,0.0742898550724637,0.0536252587991718,0.0909337474120082,0.0619544513457556,0.1082111801242236,0.0664906832298136,0.0842180814354727,0.0348730158730158,0.0867357836338418,0.0393280166435506,0.076255348516218,0.0198295376121463,0.0828585231193926,0.0343588681849551,0.0677984817115252,0.0626432022084196,0.0898122843340234,0.0732629399585921,-2.285653384442957,21.0,ordinary,False,False,True,True,False,0,0,55.0,22.721982547707967,0.2061068702290076,73.0,102.0,0.0079906709714015,0.9235357658974132,,data,0.1949685534591195,0.3703703703703703,5.0,0.0843286128764852,0.0706627521414755,0.0988018789720917,0.0510631389886709,0.0535478032605692,0.0485118126554296,0.3336842131131828,0.0986228168671112,0,0,0.0,8.0,0.0217328109540015,0.0626066828460931,-0.2175592891945733,0.0427613860282689,-0.2937062937062937,739190,1220741,559,379,180,21,159,56470,0,56470,0,154,5,52,0.9416612323846366,49,52,12,0.8692257529704338,12,12,0.0,0.0,3,7.211102550927978,9.486832980505138,3,0.0135021964541485,0.0298527210391617,3,0.0602331849282671,0.0639411170482972,3,-0.2550157944164603,-0.2084881137129925,3,0.0411886493531405,0.0436070378235868,3,-0.2937062937062937,-0.2657342657342658,3,702257.0,775158.0,1022914.0,1430256.0,446.0,847.0,277.0,616.0,169.0,231.0,20.0,25.0,149.0,206.0,56280.0,62280.0,0.0,0.0,56280.0,62280.0,0.0,0.0,144.0,196.0,5.0,10.0,52.0,52.0,0.9416612323846366,0.9416612323846366,48.0,52.0,52.0,52.0,12.0,12.0,0.8692257529704338,0.8692257529704338,12.0,12.0,12.0,12.0,-5,50,166.10072236623876,1.1669778493524654,0.10772263977920314,0.14661050492192843,206,406,231,0,25,0,121306.0,5.308218680196126,2.7708023591252733,,,,,14.230450400663166
13,Batch_2,rxax5ozo,2068,7000,34.15802888700085,98.0,52,5.097706032285472,8.496176720475786,118.0,66.0,True,False,False,0.0843286128764852,0.0510631389886709,0.8646082481348439,12.434374136501797,63.99014280237452,163.82495647328125,236.101038769528,0.3538424285214866,0.8598758826184146,260.2522830288559,85.93534125449018,96.73178078717828,218.26190131643708,3.513999094250574,260.17644089318486,0.0145303951367781,0.483558994197292,0.0821740638002773,0.0642725381414701,0.0742898550724637,0.0536252587991718,0.0909337474120082,0.0619544513457556,0.1082111801242236,0.0664906832298136,0.0842180814354727,0.0348730158730158,0.0867357836338418,0.0393280166435506,0.076255348516218,0.0198295376121463,0.0828585231193926,0.0343588681849551,0.0677984817115252,0.0626432022084196,0.0898122843340234,0.0732629399585921,-2.285653384442957,21.0,ordinary,False,False,True,True,False,0,0,55.0,22.721982547707967,0.2061068702290076,73.0,102.0,0.0079906709714015,0.9235357658974132,,data,0.1949685534591195,0.3703703703703703,5.0,0.0843286128764852,0.0706627521414755,0.0988018789720917,0.0510631389886709,0.0535478032605692,0.0485118126554296,0.3336842131131828,0.0986228168671112,0,0,0.0,8.0,0.0217328109540015,0.0626066828460931,-0.2175592891945733,0.0427613860282689,-0.2937062937062937,739190,1220741,559,379,180,21,159,56470,0,56470,0,154,5,52,0.9416612323846366,49,52,12,0.8692257529704338,12,12,0.0,0.0,3,7.211102550927978,9.486832980505138,3,0.0135021964541485,0.0298527210391617,3,0.0602331849282671,0.0639411170482972,3,-0.2550157944164603,-0.2084881137129925,3,0.0411886493531405,0.0436070378235868,3,-0.2937062937062937,-0.2657342657342658,3,702257.0,775158.0,1022914.0,1430256.0,446.0,847.0,277.0,616.0,169.0,231.0,20.0,25.0,149.0,206.0,56280.0,62280.0,0.0,0.0,56280.0,62280.0,0.0,0.0,144.0,196.0,5.0,10.0,52.0,52.0,0.9416612323846366,0.9416612323846366,48.0,52.0,52.0,52.0,12.0,12.0,0.8692257529704338,0.8692257529704338,12.0,12.0,12.0,12.0,-5,100,206.77908543795957,0.9113297144324936,0.16694313161588126,0.17114852516368786,152,297,231,56,23,0,121163.0,6.091184459415469,2.9226624351848196,,,,,10.500138159712629
13,Batch_2,rxax5ozo,2068,7000,34.15802888700085,98.0,52,5.097706032285472,8.496176720475786,118.0,66.0,True,False,False,0.0843286128764852,0.0510631389886709,0.8646082481348439,12.434374136501797,63.99014280237452,163.82495647328125,236.101038769528,0.3538424285214866,0.8598758826184146,260.2522830288559,85.93534125449018,96.73178078717828,218.26190131643708,3.513999094250574,260.17644089318486,0.0145303951367781,0.483558994197292,0.0821740638002773,0.0642725381414701,0.0742898550724637,0.0536252587991718,0.0909337474120082,0.0619544513457556,0.1082111801242236,0.0664906832298136,0.0842180814354727,0.0348730158730158,0.0867357836338418,0.0393280166435506,0.076255348516218,0.0198295376121463,0.0828585231193926,0.0343588681849551,0.0677984817115252,0.0626432022084196,0.0898122843340234,0.0732629399585921,-2.285653384442957,21.0,ordinary,False,False,True,True,False,0,0,55.0,22.721982547707967,0.2061068702290076,73.0,102.0,0.0079906709714015,0.9235357658974132,,data,0.1949685534591195,0.3703703703703703,5.0,0.0843286128764852,0.0706627521414755,0.0988018789720917,0.0510631389886709,0.0535478032605692,0.0485118126554296,0.3336842131131828,0.0986228168671112,0,0,0.0,8.0,0.0217328109540015,0.0626066828460931,-0.2175592891945733,0.0427613860282689,-0.2937062937062937,739190,1220741,559,379,180,21,159,56470,0,56470,0,154,5,52,0.9416612323846366,49,52,12,0.8692257529704338,12,12,0.0,0.0,3,7.211102550927978,9.486832980505138,3,0.0135021964541485,0.0298527210391617,3,0.0602331849282671,0.0639411170482972,3,-0.2550157944164603,-0.2084881137129925,3,0.0411886493531405,0.0436070378235868,3,-0.2937062937062937,-0.2657342657342658,3,702257.0,775158.0,1022914.0,1430256.0,446.0,847.0,277.0,616.0,169.0,231.0,20.0,25.0,149.0,206.0,56280.0,62280.0,0.0,0.0,56280.0,62280.0,0.0,0.0,144.0,196.0,5.0,10.0,52.0,52.0,0.9416612323846366,0.9416612323846366,48.0,52.0,52.0,52.0,12.0,12.0,0.8692257529704338,0.8692257529704338,12.0,12.0,12.0,12.0,0,50,207.29637280465803,0.9677199341606834,0.16058806116431362,0.08900349011507315,159,312,180,0,21,0,114734.0,5.855071922202427,3.216543908993933,,,,,10.98369715390992
13,Batch_2,rxax5ozo,2068,7000,34.15802888700085,98.0,52,5.097706032285472,8.496176720475786,118.0,66.0,True,False,False,0.0843286128764852,0.0510631389886709,0.8646082481348439,12.434374136501797,63.99014280237452,163.82495647328125,236.101038769528,0.3538424285214866,0.8598758826184146,260.2522830288559,85.93534125449018,96.73178078717828,218.26190131643708,3.513999094250574,260.17644089318486,0.0145303951367781,0.483558994197292,0.0821740638002773,0.0642725381414701,0.0742898550724637,0.0536252587991718,0.0909337474120082,0.0619544513457556,0.1082111801242236,0.0664906832298136,0.0842180814354727,0.0348730158730158,0.0867357836338418,0.0393280166435506,0.076255348516218,0.0198295376121463,0.0828585231193926,0.0343588681849551,0.0677984817115252,0.0626432022084196,0.0898122843340234,0.0732629399585921,-2.285653384442957,21.0,ordinary,False,False,True,True,False,0,0,55.0,22.721982547707967,0.2061068702290076,73.0,102.0,0.0079906709714015,0.9235357658974132,,data,0.1949685534591195,0.3703703703703703,5.0,0.0843286128764852,0.0706627521414755,0.0988018789720917,0.0510631389886709,0.0535478032605692,0.0485118126554296,0.3336842131131828,0.0986228168671112,0,0,0.0,8.0,0.0217328109540015,0.0626066828460931,-0.2175592891945733,0.0427613860282689,-0.2937062937062937,739190,1220741,559,379,180,21,159,56470,0,56470,0,154,5,52,0.9416612323846366,49,52,12,0.8692257529704338,12,12,0.0,0.0,3,7.211102550927978,9.486832980505138,3,0.0135021964541485,0.0298527210391617,3,0.0602331849282671,0.0639411170482972,3,-0.2550157944164603,-0.2084881137129925,3,0.0411886493531405,0.0436070378235868,3,-0.2937062937062937,-0.2657342657342658,3,702257.0,775158.0,1022914.0,1430256.0,446.0,847.0,277.0,616.0,169.0,231.0,20.0,25.0,149.0,206.0,56280.0,62280.0,0.0,0.0,56280.0,62280.0,0.0,0.0,144.0,196.0,5.0,10.0,52.0,52.0,0.9416612323846366,0.9416612323846366,48.0,52.0,52.0,52.0,12.0,12.0,0.8692257529704338,0.8692257529704338,12.0,12.0,12.0,12.0,0,100,219.9419920796925,0.925669028451563,0.1357456606739398,0.063034098671784,124,240,180,37,19,0,114553.0,6.830256926846285,3.228356498166616,,,,,8.565902182923459
13,Batch_2,rxax5ozo,2068,7000,34.15802888700085,98.0,52,5.097706032285472,8.496176720475786,118.0,66.0,True,False,False,0.0843286128764852,0.0510631389886709,0.8646082481348439,12.434374136501797,63.99014280237452,163.82495647328125,236.101038769528,0.3538424285214866,0.8598758826184146,260.2522830288559,85.93534125449018,96.73178078717828,218.26190131643708,3.513999094250574,260.17644089318486,0.0145303951367781,0.483558994197292,0.0821740638002773,0.0642725381414701,0.0742898550724637,0.0536252587991718,0.0909337474120082,0.0619544513457556,0.1082111801242236,0.0664906832298136,0.0842180814354727,0.0348730158730158,0.0867357836338418,0.0393280166435506,0.076255348516218,0.0198295376121463,0.0828585231193926,0.0343588681849551,0.0677984817115252,0.0626432022084196,0.0898122843340234,0.0732629399585921,-2.285653384442957,21.0,ordinary,False,False,True,True,False,0,0,55.0,22.721982547707967,0.2061068702290076,73.0,102.0,0.0079906709714015,0.9235357658974132,,data,0.1949685534591195,0.3703703703703703,5.0,0.0843286128764852,0.0706627521414755,0.0988018789720917,0.0510631389886709,0.0535478032605692,0.0485118126554296,0.3336842131131828,0.0986228168671112,0,0,0.0,8.0,0.0217328109540015,0.0626066828460931,-0.2175592891945733,0.0427613860282689,-0.2937062937062937,739190,1220741,559,379,180,21,159,56470,0,56470,0,154,5,52,0.9416612323846366,49,52,12,0.8692257529704338,12,12,0.0,0.0,3,7.211102550927978,9.486832980505138,3,0.0135021964541485,0.0298527210391617,3,0.0602331849282671,0.0639411170482972,3,-0.2550157944164603,-0.2084881137129925,3,0.0411886493531405,0.0436070378235868,3,-0.2937062937062937,-0.2657342657342658,3,702257.0,775158.0,1022914.0,1430256.0,446.0,847.0,277.0,616.0,169.0,231.0,20.0,25.0,149.0,206.0,56280.0,62280.0,0.0,0.0,56280.0,62280.0,0.0,0.0,144.0,196.0,5.0,10.0,52.0,52.0,0.9416612323846366,0.9416612323846366,48.0,52.0,52.0,52.0,12.0,12.0,0.8692257529704338,0.8692257529704338,12.0,12.0,12.0,12.0,5,50,178.03817589577432,1.2714943305730404,0.1520388324791803,0.07716038762863298,149,297,169,0,20,0,107289.0,5.8377304471659395,3.4070223081885027,,,,,10.29289859077093
13,Batch_2,rxax5ozo,2068,7000,34.15802888700085,98.0,52,5.097706032285472,8.496176720475786,118.0,66.0,True,False,False,0.0843286128764852,0.0510631389886709,0.8646082481348439,12.434374136501797,63.99014280237452,163.82495647328125,236.101038769528,0.3538424285214866,0.8598758826184146,260.2522830288559,85.93534125449018,96.73178078717828,218.26190131643708,3.513999094250574,260.17644089318486,0.0145303951367781,0.483558994197292,0.0821740638002773,0.0642725381414701,0.0742898550724637,0.0536252587991718,0.0909337474120082,0.0619544513457556,0.1082111801242236,0.0664906832298136,0.0842180814354727,0.0348730158730158,0.0867357836338418,0.0393280166435506,0.076255348516218,0.0198295376121463,0.0828585231193926,0.0343588681849551,0.0677984817115252,0.0626432022084196,0.0898122843340234,0.0732629399585921,-2.285653384442957,21.0,ordinary,False,False,True,True,False,0,0,55.0,22.721982547707967,0.2061068702290076,73.0,102.0,0.0079906709714015,0.9235357658974132,,data,0.1949685534591195,0.3703703703703703,5.0,0.0843286128764852,0.0706627521414755,0.0988018789720917,0.0510631389886709,0.0535478032605692,0.0485118126554296,0.3336842131131828,0.0986228168671112,0,0,0.0,8.0,0.0217328109540015,0.0626066828460931,-0.2175592891945733,0.0427613860282689,-0.2937062937062937,739190,1220741,559,379,180,21,159,56470,0,56470,0,154,5,52,0.9416612323846366,49,52,12,0.8692257529704338,12,12,0.0,0.0,3,7.211102550927978,9.486832980505138,3,0.0135021964541485,0.0298527210391617,3,0.0602331849282671,0.0639411170482972,3,-0.2550157944164603,-0.2084881137129925,3,0.0411886493531405,0.0436070378235868,3,-0.2937062937062937,-0.2657342657342658,3,702257.0,775158.0,1022914.0,1430256.0,446.0,847.0,277.0,616.0,169.0,231.0,20.0,25.0,149.0,206.0,56280.0,62280.0,0.0,0.0,56280.0,62280.0,0.0,0.0,144.0,196.0,5.0,10.0,52.0,52.0,0.9416612323846366,0.9416612323846366,48.0,52.0,52.0,52.0,12.0,12.0,0.8692257529704338,0.8692257529704338,12.0,12.0,12.0,12.0,5,100,220.1567554128345,1.0418929843636966,0.08407278227113578,-0.03507039061847019,110,215,169,41,18,0,107158.0,6.969319639972705,2.9784474604981126,,,,,7.598784194528876
14,Batch_3,0grcilhi,1904,7000,34.184367034834324,99.0,55,5.94732370433305,5.94732370433305,118.0,63.0,True,False,False,0.1284741146458583,0.0455404411764705,0.8259854441776711,11.179471788715489,75.88716927674362,149.57303246421645,250.4035834808037,0.3231235691836798,0.8578417224770635,269.4795306400284,86.58463385354142,177.97655293302367,434.6677076149674,3.8392664643019887,449.8356823620434,0.062359618847539,0.975390156062425,0.1057842105263157,0.061766917293233,0.115463909774436,0.0693345864661654,0.1233904263275991,0.0595243081525804,0.1329714285714285,0.0847466165413533,0.1049252056843679,0.0348414360508601,0.0889548872180451,0.0577586466165413,0.1149977443609022,0.0254586466165413,0.1079798055347793,0.0336394913986537,0.1533781954887218,0.0110593984962406,0.2365848915482423,0.0174674644727,-2.064806252507767,18.0,cracked,False,True,False,False,False,0,0,55.0,24.05696328467771,0.0307692307692307,68.0,81.0,0.0048292717488122,0.3646256078156101,,data,0.05,0.1328125,5.0,0.1284741146458583,0.1090930372148859,0.1493662965186074,0.0455404411764705,0.0487545768307322,0.0423809273709483,0.313473725152616,0.1399558127925425,0,0,0.0,9.219544457292889,0.0269203158650394,0.065301628965604,-0.1147773279352226,0.0289038226133798,0.0285714285714285,606963,1712303,552,403,149,16,133,50330,0,50330,0,125,8,39,0.767078031212485,39,39,6,0.4720480192076831,6,6,0.0,0.0,3,6.324555320336759,13.34934623215775,3,0.0055273790775033,0.0621801450330537,3,0.0613750295417599,0.0672491853866125,3,-0.1264234021559357,-0.0665991902834008,3,0.0268281177821581,0.0301807697979962,3,-0.2,0.0285714285714285,3,564853.0,649801.0,1453992.0,1990754.0,341.0,1084.0,230.0,874.0,111.0,210.0,10.0,16.0,101.0,194.0,50052.0,62346.0,0.0,0.0,50052.0,62346.0,0.0,0.0,94.0,184.0,7.0,10.0,39.0,39.0,0.767078031212485,0.767078031212485,38.0,39.0,39.0,39.0,6.0,6.0,0.4720480192076831,0.4720480192076831,6.0,6.0,6.0,6.0,-5,50,171.5729658698108,1.2016775391489103,0.08757138029903794,0.13925883198816363,194,386,210,0,16,0,76553.0,5.155974084812046,2.756269995804179,,,,,14.555822328931573
14,Batch_3,0grcilhi,1904,7000,34.184367034834324,99.0,55,5.94732370433305,5.94732370433305,118.0,63.0,True,False,False,0.1284741146458583,0.0455404411764705,0.8259854441776711,11.179471788715489,75.88716927674362,149.57303246421645,250.4035834808037,0.3231235691836798,0.8578417224770635,269.4795306400284,86.58463385354142,177.97655293302367,434.6677076149674,3.8392664643019887,449.8356823620434,0.062359618847539,0.975390156062425,0.1057842105263157,0.061766917293233,0.115463909774436,0.0693345864661654,0.1233904263275991,0.0595243081525804,0.1329714285714285,0.0847466165413533,0.1049252056843679,0.0348414360508601,0.0889548872180451,0.0577586466165413,0.1149977443609022,0.0254586466165413,0.1079798055347793,0.0336394913986537,0.1533781954887218,0.0110593984962406,0.2365848915482423,0.0174674644727,-2.064806252507767,18.0,cracked,False,True,False,False,False,0,0,55.0,24.05696328467771,0.0307692307692307,68.0,81.0,0.0048292717488122,0.3646256078156101,,data,0.05,0.1328125,5.0,0.1284741146458583,0.1090930372148859,0.1493662965186074,0.0455404411764705,0.0487545768307322,0.0423809273709483,0.313473725152616,0.1399558127925425,0,0,0.0,9.219544457292889,0.0269203158650394,0.065301628965604,-0.1147773279352226,0.0289038226133798,0.0285714285714285,606963,1712303,552,403,149,16,133,50330,0,50330,0,125,8,39,0.767078031212485,39,39,6,0.4720480192076831,6,6,0.0,0.0,3,6.324555320336759,13.34934623215775,3,0.0055273790775033,0.0621801450330537,3,0.0613750295417599,0.0672491853866125,3,-0.1264234021559357,-0.0665991902834008,3,0.0268281177821581,0.0301807697979962,3,-0.2,0.0285714285714285,3,564853.0,649801.0,1453992.0,1990754.0,341.0,1084.0,230.0,874.0,111.0,210.0,10.0,16.0,101.0,194.0,50052.0,62346.0,0.0,0.0,50052.0,62346.0,0.0,0.0,94.0,184.0,7.0,10.0,39.0,39.0,0.767078031212485,0.767078031212485,38.0,39.0,39.0,39.0,6.0,6.0,0.4720480192076831,0.4720480192076831,6.0,6.0,6.0,6.0,-5,100,253.6062195207995,0.9415377863948079,0.06717131733581416,0.22439544921131507,125,243,210,72,13,0,76300.0,6.398594934535208,3.1994130361933912,,,,,9.37875150060024
14,Batch_3,0grcilhi,1904,7000,34.184367034834324,99.0,55,5.94732370433305,5.94732370433305,118.0,63.0,True,False,False,0.1284741146458583,0.0455404411764705,0.8259854441776711,11.179471788715489,75.88716927674362,149.57303246421645,250.4035834808037,0.3231235691836798,0.8578417224770635,269.4795306400284,86.58463385354142,177.97655293302367,434.6677076149674,3.8392664643019887,449.8356823620434,0.062359618847539,0.975390156062425,0.1057842105263157,0.061766917293233,0.115463909774436,0.0693345864661654,0.1233904263275991,0.0595243081525804,0.1329714285714285,0.0847466165413533,0.1049252056843679,0.0348414360508601,0.0889548872180451,0.0577586466165413,0.1149977443609022,0.0254586466165413,0.1079798055347793,0.0336394913986537,0.1533781954887218,0.0110593984962406,0.2365848915482423,0.0174674644727,-2.064806252507767,18.0,cracked,False,True,False,False,False,0,0,55.0,24.05696328467771,0.0307692307692307,68.0,81.0,0.0048292717488122,0.3646256078156101,,data,0.05,0.1328125,5.0,0.1284741146458583,0.1090930372148859,0.1493662965186074,0.0455404411764705,0.0487545768307322,0.0423809273709483,0.313473725152616,0.1399558127925425,0,0,0.0,9.219544457292889,0.0269203158650394,0.065301628965604,-0.1147773279352226,0.0289038226133798,0.0285714285714285,606963,1712303,552,403,149,16,133,50330,0,50330,0,125,8,39,0.767078031212485,39,39,6,0.4720480192076831,6,6,0.0,0.0,3,6.324555320336759,13.34934623215775,3,0.0055273790775033,0.0621801450330537,3,0.0613750295417599,0.0672491853866125,3,-0.1264234021559357,-0.0665991902834008,3,0.0268281177821581,0.0301807697979962,3,-0.2,0.0285714285714285,3,564853.0,649801.0,1453992.0,1990754.0,341.0,1084.0,230.0,874.0,111.0,210.0,10.0,16.0,101.0,194.0,50052.0,62346.0,0.0,0.0,50052.0,62346.0,0.0,0.0,94.0,184.0,7.0,10.0,39.0,39.0,0.767078031212485,0.767078031212485,38.0,39.0,39.0,39.0,6.0,6.0,0.4720480192076831,0.4720480192076831,6.0,6.0,6.0,6.0,0,50,232.57340352836414,1.0506089669548377,0.01506503921062024,0.12378900373070216,133,253,149,0,16,0,73520.0,5.942799375126701,3.873592784351361,,,,,9.978991596638656
14,Batch_3,0grcilhi,1904,7000,34.184367034834324,99.0,55,5.94732370433305,5.94732370433305,118.0,63.0,True,False,False,0.1284741146458583,0.0455404411764705,0.8259854441776711,11.179471788715489,75.88716927674362,149.57303246421645,250.4035834808037,0.3231235691836798,0.8578417224770635,269.4795306400284,86.58463385354142,177.97655293302367,434.6677076149674,3.8392664643019887,449.8356823620434,0.062359618847539,0.975390156062425,0.1057842105263157,0.061766917293233,0.115463909774436,0.0693345864661654,0.1233904263275991,0.0595243081525804,0.1329714285714285,0.0847466165413533,0.1049252056843679,0.0348414360508601,0.0889548872180451,0.0577586466165413,0.1149977443609022,0.0254586466165413,0.1079798055347793,0.0336394913986537,0.1533781954887218,0.0110593984962406,0.2365848915482423,0.0174674644727,-2.064806252507767,18.0,cracked,False,True,False,False,False,0,0,55.0,24.05696328467771,0.0307692307692307,68.0,81.0,0.0048292717488122,0.3646256078156101,,data,0.05,0.1328125,5.0,0.1284741146458583,0.1090930372148859,0.1493662965186074,0.0455404411764705,0.0487545768307322,0.0423809273709483,0.313473725152616,0.1399558127925425,0,0,0.0,9.219544457292889,0.0269203158650394,0.065301628965604,-0.1147773279352226,0.0289038226133798,0.0285714285714285,606963,1712303,552,403,149,16,133,50330,0,50330,0,125,8,39,0.767078031212485,39,39,6,0.4720480192076831,6,6,0.0,0.0,3,6.324555320336759,13.34934623215775,3,0.0055273790775033,0.0621801450330537,3,0.0613750295417599,0.0672491853866125,3,-0.1264234021559357,-0.0665991902834008,3,0.0268281177821581,0.0301807697979962,3,-0.2,0.0285714285714285,3,564853.0,649801.0,1453992.0,1990754.0,341.0,1084.0,230.0,874.0,111.0,210.0,10.0,16.0,101.0,194.0,50052.0,62346.0,0.0,0.0,50052.0,62346.0,0.0,0.0,94.0,184.0,7.0,10.0,39.0,39.0,0.767078031212485,0.767078031212485,38.0,39.0,39.0,39.0,6.0,6.0,0.4720480192076831,0.4720480192076831,6.0,6.0,6.0,6.0,0,100,286.63993646378964,0.7778582378351412,0.04191029576169723,-0.022805977185301595,96,187,149,40,13,0,73350.0,7.016068459225109,3.1722790576721813,,,,,7.202881152460985
14,Batch_3,0grcilhi,1904,7000,34.184367034834324,99.0,55,5.94732370433305,5.94732370433305,118.0,63.0,True,False,False,0.1284741146458583,0.0455404411764705,0.8259854441776711,11.179471788715489,75.88716927674362,149.57303246421645,250.4035834808037,0.3231235691836798,0.8578417224770635,269.4795306400284,86.58463385354142,177.97655293302367,434.6677076149674,3.8392664643019887,449.8356823620434,0.062359618847539,0.975390156062425,0.1057842105263157,0.061766917293233,0.115463909774436,0.0693345864661654,0.1233904263275991,0.0595243081525804,0.1329714285714285,0.0847466165413533,0.1049252056843679,0.0348414360508601,0.0889548872180451,0.0577586466165413,0.1149977443609022,0.0254586466165413,0.1079798055347793,0.0336394913986537,0.1533781954887218,0.0110593984962406,0.2365848915482423,0.0174674644727,-2.064806252507767,18.0,cracked,False,True,False,False,False,0,0,55.0,24.05696328467771,0.0307692307692307,68.0,81.0,0.0048292717488122,0.3646256078156101,,data,0.05,0.1328125,5.0,0.1284741146458583,0.1090930372148859,0.1493662965186074,0.0455404411764705,0.0487545768307322,0.0423809273709483,0.313473725152616,0.1399558127925425,0,0,0.0,9.219544457292889,0.0269203158650394,0.065301628965604,-0.1147773279352226,0.0289038226133798,0.0285714285714285,606963,1712303,552,403,149,16,133,50330,0,50330,0,125,8,39,0.767078031212485,39,39,6,0.4720480192076831,6,6,0.0,0.0,3,6.324555320336759,13.34934623215775,3,0.0055273790775033,0.0621801450330537,3,0.0613750295417599,0.0672491853866125,3,-0.1264234021559357,-0.0665991902834008,3,0.0268281177821581,0.0301807697979962,3,-0.2,0.0285714285714285,3,564853.0,649801.0,1453992.0,1990754.0,341.0,1084.0,230.0,874.0,111.0,210.0,10.0,16.0,101.0,194.0,50052.0,62346.0,0.0,0.0,50052.0,62346.0,0.0,0.0,94.0,184.0,7.0,10.0,39.0,39.0,0.767078031212485,0.767078031212485,38.0,39.0,39.0,39.0,6.0,6.0,0.4720480192076831,0.4720480192076831,6.0,6.0,6.0,6.0,5,50,261.38202383122086,0.934654088938795,0.042241906283322854,0.010628980002503027,101,194,111,0,10,0,71064.0,6.456769655572163,3.7079400621158314,,,,,7.578031212484994
14,Batch_3,0grcilhi,1904,7000,34.184367034834324,99.0,55,5.94732370433305,5.94732370433305,118.0,63.0,True,False,False,0.1284741146458583,0.0455404411764705,0.8259854441776711,11.179471788715489,75.88716927674362,149.57303246421645,250.4035834808037,0.3231235691836798,0.8578417224770635,269.4795306400284,86.58463385354142,177.97655293302367,434.6677076149674,3.8392664643019887,449.8356823620434,0.062359618847539,0.975390156062425,0.1057842105263157,0.061766917293233,0.115463909774436,0.0693345864661654,0.1233904263275991,0.0595243081525804,0.1329714285714285,0.0847466165413533,0.1049252056843679,0.0348414360508601,0.0889548872180451,0.0577586466165413,0.1149977443609022,0.0254586466165413,0.1079798055347793,0.0336394913986537,0.1533781954887218,0.0110593984962406,0.2365848915482423,0.0174674644727,-2.064806252507767,18.0,cracked,False,True,False,False,False,0,0,55.0,24.05696328467771,0.0307692307692307,68.0,81.0,0.0048292717488122,0.3646256078156101,,data,0.05,0.1328125,5.0,0.1284741146458583,0.1090930372148859,0.1493662965186074,0.0455404411764705,0.0487545768307322,0.0423809273709483,0.313473725152616,0.1399558127925425,0,0,0.0,9.219544457292889,0.0269203158650394,0.065301628965604,-0.1147773279352226,0.0289038226133798,0.0285714285714285,606963,1712303,552,403,149,16,133,50330,0,50330,0,125,8,39,0.767078031212485,39,39,6,0.4720480192076831,6,6,0.0,0.0,3,6.324555320336759,13.34934623215775,3,0.0055273790775033,0.0621801450330537,3,0.0613750295417599,0.0672491853866125,3,-0.1264234021559357,-0.0665991902834008,3,0.0268281177821581,0.0301807697979962,3,-0.2,0.0285714285714285,3,564853.0,649801.0,1453992.0,1990754.0,341.0,1084.0,230.0,874.0,111.0,210.0,10.0,16.0,101.0,194.0,50052.0,62346.0,0.0,0.0,50052.0,62346.0,0.0,0.0,94.0,184.0,7.0,10.0,39.0,39.0,0.767078031212485,0.767078031212485,38.0,39.0,39.0,39.0,6.0,6.0,0.4720480192076831,0.4720480192076831,6.0,6.0,6.0,6.0,5,100,278.28821185442484,0.8419811927693106,0.0361468343603005,-0.011854406922369843,85,163,111,16,10,0,71064.0,7.44716835960004,3.0505597776860993,,,,,6.377551020408164
15,Batch_3,71vgq3fw,2060,7000,46.131690739167375,95.0,61,4.248088360237893,5.097706032285472,108.0,47.0,True,False,False,0.0766396671289875,0.0591480582524271,0.8642122746185853,14.285714285714286,69.50302750762162,154.72378588992234,260.1984618550762,0.3588173884629991,0.8560257411704685,281.3603893477345,98.12760055478502,77.66167473992861,197.72732097673784,3.203588589749033,278.2410057451576,0.01070173370319,0.3467406380027739,0.0619944521497919,0.0316199722607489,0.0733009708737864,0.0625319001386962,0.1001428571428571,0.0829778085991678,0.0636061026352288,0.064753120665742,0.0756650485436893,0.0984452149791955,0.0824147018030513,0.0758044382801664,0.0909264909847434,0.0349361997226074,0.0816518723994452,0.0590686546463245,0.0687773925104022,0.0438169209431345,0.0679167822468793,0.0375263522884882,-2.3335247865223163,21.0,grey_pore,True,False,False,False,True,0,23,62.0,17.08364367370308,0.0,71.0,44.0,0.0110257500339143,0.783148598385044,data+list,data,0.0,0.0,5.0,0.0766396671289875,0.0586426490984743,0.096860748959778,0.0591480582524271,0.0638916088765603,0.0541009708737864,0.4986725711762449,0.1655276317100764,0,0,0.0,6.8896358721824225,0.0281325579397028,0.0675334696410173,-0.0693246819772901,0.0385997855140295,0.0839160839160839,852915,1105144,739,533,206,10,196,70790,0,70790,0,192,4,52,0.9453181692094312,52,52,12,0.872601386962552,12,12,0.0,0.0,3,6.082762530298219,9.899494936611664,3,0.0142857142857142,0.0478735699127478,3,0.062529307402277,0.0692357476856754,3,-0.1000597626568769,-0.0316321956913957,3,0.0370059976924501,0.0389719266571934,3,-0.0209790209790209,0.1468531468531468,3,780136.0,921317.0,845627.0,1396732.0,495.0,1549.0,323.0,1235.0,172.0,314.0,8.0,15.0,164.0,299.0,70790.0,92592.0,0.0,0.0,70790.0,92592.0,0.0,0.0,164.0,287.0,0.0,12.0,52.0,52.0,0.9453181692094312,0.9453181692094312,52.0,52.0,52.0,52.0,12.0,12.0,0.872601386962552,0.872601386962552,12.0,12.0,12.0,12.0,-5,50,148.79627187392083,0.8333114587574548,0.05026230963492764,0.08804336320475051,299,572,314,0,15,0,28947.0,5.187385805840755,2.5857538566420084,,,,,20.73509015256588
15,Batch_3,71vgq3fw,2060,7000,46.131690739167375,95.0,61,4.248088360237893,5.097706032285472,108.0,47.0,True,False,False,0.0766396671289875,0.0591480582524271,0.8642122746185853,14.285714285714286,69.50302750762162,154.72378588992234,260.1984618550762,0.3588173884629991,0.8560257411704685,281.3603893477345,98.12760055478502,77.66167473992861,197.72732097673784,3.203588589749033,278.2410057451576,0.01070173370319,0.3467406380027739,0.0619944521497919,0.0316199722607489,0.0733009708737864,0.0625319001386962,0.1001428571428571,0.0829778085991678,0.0636061026352288,0.064753120665742,0.0756650485436893,0.0984452149791955,0.0824147018030513,0.0758044382801664,0.0909264909847434,0.0349361997226074,0.0816518723994452,0.0590686546463245,0.0687773925104022,0.0438169209431345,0.0679167822468793,0.0375263522884882,-2.3335247865223163,21.0,grey_pore,True,False,False,False,True,0,23,62.0,17.08364367370308,0.0,71.0,44.0,0.0110257500339143,0.783148598385044,data+list,data,0.0,0.0,5.0,0.0766396671289875,0.0586426490984743,0.096860748959778,0.0591480582524271,0.0638916088765603,0.0541009708737864,0.4986725711762449,0.1655276317100764,0,0,0.0,6.8896358721824225,0.0281325579397028,0.0675334696410173,-0.0693246819772901,0.0385997855140295,0.0839160839160839,852915,1105144,739,533,206,10,196,70790,0,70790,0,192,4,52,0.9453181692094312,52,52,12,0.872601386962552,12,12,0.0,0.0,3,6.082762530298219,9.899494936611664,3,0.0142857142857142,0.0478735699127478,3,0.062529307402277,0.0692357476856754,3,-0.1000597626568769,-0.0316321956913957,3,0.0370059976924501,0.0389719266571934,3,-0.0209790209790209,0.1468531468531468,3,780136.0,921317.0,845627.0,1396732.0,495.0,1549.0,323.0,1235.0,172.0,314.0,8.0,15.0,164.0,299.0,70790.0,92592.0,0.0,0.0,70790.0,92592.0,0.0,0.0,164.0,287.0,0.0,12.0,52.0,52.0,0.9453181692094312,0.9453181692094312,52.0,52.0,52.0,52.0,12.0,12.0,0.872601386962552,0.872601386962552,12.0,12.0,12.0,12.0,-5,100,191.52483637130945,0.8176159583889759,0.03312696053454271,0.09218034119885168,195,374,314,107,12,0,28778.0,6.248042874508429,2.9139006555235625,,,,,13.522884882108183
15,Batch_3,71vgq3fw,2060,7000,46.131690739167375,95.0,61,4.248088360237893,5.097706032285472,108.0,47.0,True,False,False,0.0766396671289875,0.0591480582524271,0.8642122746185853,14.285714285714286,69.50302750762162,154.72378588992234,260.1984618550762,0.3588173884629991,0.8560257411704685,281.3603893477345,98.12760055478502,77.66167473992861,197.72732097673784,3.203588589749033,278.2410057451576,0.01070173370319,0.3467406380027739,0.0619944521497919,0.0316199722607489,0.0733009708737864,0.0625319001386962,0.1001428571428571,0.0829778085991678,0.0636061026352288,0.064753120665742,0.0756650485436893,0.0984452149791955,0.0824147018030513,0.0758044382801664,0.0909264909847434,0.0349361997226074,0.0816518723994452,0.0590686546463245,0.0687773925104022,0.0438169209431345,0.0679167822468793,0.0375263522884882,-2.3335247865223163,21.0,grey_pore,True,False,False,False,True,0,23,62.0,17.08364367370308,0.0,71.0,44.0,0.0110257500339143,0.783148598385044,data+list,data,0.0,0.0,5.0,0.0766396671289875,0.0586426490984743,0.096860748959778,0.0591480582524271,0.0638916088765603,0.0541009708737864,0.4986725711762449,0.1655276317100764,0,0,0.0,6.8896358721824225,0.0281325579397028,0.0675334696410173,-0.0693246819772901,0.0385997855140295,0.0839160839160839,852915,1105144,739,533,206,10,196,70790,0,70790,0,192,4,52,0.9453181692094312,52,52,12,0.872601386962552,12,12,0.0,0.0,3,6.082762530298219,9.899494936611664,3,0.0142857142857142,0.0478735699127478,3,0.062529307402277,0.0692357476856754,3,-0.1000597626568769,-0.0316321956913957,3,0.0370059976924501,0.0389719266571934,3,-0.0209790209790209,0.1468531468531468,3,780136.0,921317.0,845627.0,1396732.0,495.0,1549.0,323.0,1235.0,172.0,314.0,8.0,15.0,164.0,299.0,70790.0,92592.0,0.0,0.0,70790.0,92592.0,0.0,0.0,164.0,287.0,0.0,12.0,52.0,52.0,0.9453181692094312,0.9453181692094312,52.0,52.0,52.0,52.0,12.0,12.0,0.872601386962552,0.872601386962552,12.0,12.0,12.0,12.0,0,50,190.65449720509352,0.9910618733292352,0.1075397595223487,0.07307925958552769,196,381,206,0,10,0,24987.0,5.894023238288556,3.2492551218626406,,,,,13.592233009708737
15,Batch_3,71vgq3fw,2060,7000,46.131690739167375,95.0,61,4.248088360237893,5.097706032285472,108.0,47.0,True,False,False,0.0766396671289875,0.0591480582524271,0.8642122746185853,14.285714285714286,69.50302750762162,154.72378588992234,260.1984618550762,0.3588173884629991,0.8560257411704685,281.3603893477345,98.12760055478502,77.66167473992861,197.72732097673784,3.203588589749033,278.2410057451576,0.01070173370319,0.3467406380027739,0.0619944521497919,0.0316199722607489,0.0733009708737864,0.0625319001386962,0.1001428571428571,0.0829778085991678,0.0636061026352288,0.064753120665742,0.0756650485436893,0.0984452149791955,0.0824147018030513,0.0758044382801664,0.0909264909847434,0.0349361997226074,0.0816518723994452,0.0590686546463245,0.0687773925104022,0.0438169209431345,0.0679167822468793,0.0375263522884882,-2.3335247865223163,21.0,grey_pore,True,False,False,False,True,0,23,62.0,17.08364367370308,0.0,71.0,44.0,0.0110257500339143,0.783148598385044,data+list,data,0.0,0.0,5.0,0.0766396671289875,0.0586426490984743,0.096860748959778,0.0591480582524271,0.0638916088765603,0.0541009708737864,0.4986725711762449,0.1655276317100764,0,0,0.0,6.8896358721824225,0.0281325579397028,0.0675334696410173,-0.0693246819772901,0.0385997855140295,0.0839160839160839,852915,1105144,739,533,206,10,196,70790,0,70790,0,192,4,52,0.9453181692094312,52,52,12,0.872601386962552,12,12,0.0,0.0,3,6.082762530298219,9.899494936611664,3,0.0142857142857142,0.0478735699127478,3,0.062529307402277,0.0692357476856754,3,-0.1000597626568769,-0.0316321956913957,3,0.0370059976924501,0.0389719266571934,3,-0.0209790209790209,0.1468531468531468,3,780136.0,921317.0,845627.0,1396732.0,495.0,1549.0,323.0,1235.0,172.0,314.0,8.0,15.0,164.0,299.0,70790.0,92592.0,0.0,0.0,70790.0,92592.0,0.0,0.0,164.0,287.0,0.0,12.0,52.0,52.0,0.9453181692094312,0.9453181692094312,52.0,52.0,52.0,52.0,12.0,12.0,0.872601386962552,0.872601386962552,12.0,12.0,12.0,12.0,0,100,208.44577099499594,0.9378942902626819,0.11250152640949637,0.11763632477680848,154,301,206,43,9,0,24905.0,6.637203061406177,3.1756169609559795,,,,,10.679611650485437
15,Batch_3,71vgq3fw,2060,7000,46.131690739167375,95.0,61,4.248088360237893,5.097706032285472,108.0,47.0,True,False,False,0.0766396671289875,0.0591480582524271,0.8642122746185853,14.285714285714286,69.50302750762162,154.72378588992234,260.1984618550762,0.3588173884629991,0.8560257411704685,281.3603893477345,98.12760055478502,77.66167473992861,197.72732097673784,3.203588589749033,278.2410057451576,0.01070173370319,0.3467406380027739,0.0619944521497919,0.0316199722607489,0.0733009708737864,0.0625319001386962,0.1001428571428571,0.0829778085991678,0.0636061026352288,0.064753120665742,0.0756650485436893,0.0984452149791955,0.0824147018030513,0.0758044382801664,0.0909264909847434,0.0349361997226074,0.0816518723994452,0.0590686546463245,0.0687773925104022,0.0438169209431345,0.0679167822468793,0.0375263522884882,-2.3335247865223163,21.0,grey_pore,True,False,False,False,True,0,23,62.0,17.08364367370308,0.0,71.0,44.0,0.0110257500339143,0.783148598385044,data+list,data,0.0,0.0,5.0,0.0766396671289875,0.0586426490984743,0.096860748959778,0.0591480582524271,0.0638916088765603,0.0541009708737864,0.4986725711762449,0.1655276317100764,0,0,0.0,6.8896358721824225,0.0281325579397028,0.0675334696410173,-0.0693246819772901,0.0385997855140295,0.0839160839160839,852915,1105144,739,533,206,10,196,70790,0,70790,0,192,4,52,0.9453181692094312,52,52,12,0.872601386962552,12,12,0.0,0.0,3,6.082762530298219,9.899494936611664,3,0.0142857142857142,0.0478735699127478,3,0.062529307402277,0.0692357476856754,3,-0.1000597626568769,-0.0316321956913957,3,0.0370059976924501,0.0389719266571934,3,-0.0209790209790209,0.1468531468531468,3,780136.0,921317.0,845627.0,1396732.0,495.0,1549.0,323.0,1235.0,172.0,314.0,8.0,15.0,164.0,299.0,70790.0,92592.0,0.0,0.0,70790.0,92592.0,0.0,0.0,164.0,287.0,0.0,12.0,52.0,52.0,0.9453181692094312,0.9453181692094312,52.0,52.0,52.0,52.0,12.0,12.0,0.872601386962552,0.872601386962552,12.0,12.0,12.0,12.0,5,50,193.41087599804098,1.0038120231530296,0.11295979365698104,0.04908452011449906,164,322,172,0,8,0,23136.0,6.192343670196401,3.4415178057984193,,,,,11.373092926490985
15,Batch_3,71vgq3fw,2060,7000,46.131690739167375,95.0,61,4.248088360237893,5.097706032285472,108.0,47.0,True,False,False,0.0766396671289875,0.0591480582524271,0.8642122746185853,14.285714285714286,69.50302750762162,154.72378588992234,260.1984618550762,0.3588173884629991,0.8560257411704685,281.3603893477345,98.12760055478502,77.66167473992861,197.72732097673784,3.203588589749033,278.2410057451576,0.01070173370319,0.3467406380027739,0.0619944521497919,0.0316199722607489,0.0733009708737864,0.0625319001386962,0.1001428571428571,0.0829778085991678,0.0636061026352288,0.064753120665742,0.0756650485436893,0.0984452149791955,0.0824147018030513,0.0758044382801664,0.0909264909847434,0.0349361997226074,0.0816518723994452,0.0590686546463245,0.0687773925104022,0.0438169209431345,0.0679167822468793,0.0375263522884882,-2.3335247865223163,21.0,grey_pore,True,False,False,False,True,0,23,62.0,17.08364367370308,0.0,71.0,44.0,0.0110257500339143,0.783148598385044,data+list,data,0.0,0.0,5.0,0.0766396671289875,0.0586426490984743,0.096860748959778,0.0591480582524271,0.0638916088765603,0.0541009708737864,0.4986725711762449,0.1655276317100764,0,0,0.0,6.8896358721824225,0.0281325579397028,0.0675334696410173,-0.0693246819772901,0.0385997855140295,0.0839160839160839,852915,1105144,739,533,206,10,196,70790,0,70790,0,192,4,52,0.9453181692094312,52,52,12,0.872601386962552,12,12,0.0,0.0,3,6.082762530298219,9.899494936611664,3,0.0142857142857142,0.0478735699127478,3,0.062529307402277,0.0692357476856754,3,-0.1000597626568769,-0.0316321956913957,3,0.0370059976924501,0.0389719266571934,3,-0.0209790209790209,0.1468531468531468,3,780136.0,921317.0,845627.0,1396732.0,495.0,1549.0,323.0,1235.0,172.0,314.0,8.0,15.0,164.0,299.0,70790.0,92592.0,0.0,0.0,70790.0,92592.0,0.0,0.0,164.0,287.0,0.0,12.0,52.0,52.0,0.9453181692094312,0.9453181692094312,52.0,52.0,52.0,52.0,12.0,12.0,0.872601386962552,0.872601386962552,12.0,12.0,12.0,12.0,5,100,220.84189187712238,0.8705239768005305,0.08637793204740556,0.013868388929812077,137,262,172,28,7,0,23085.0,6.79346613258001,3.2629358146622307,,,,,9.500693481276006
16,Batch_3,9luzk4jm,2088,7000,38.18436703483432,91.0,59,5.94732370433305,5.097706032285472,109.0,50.0,True,False,False,0.1201370415982484,0.0568979200875752,0.8229650383141763,12.999452654625069,75.14530844238013,143.33080636870028,236.7123272766018,0.4106641360329253,0.8748677788019349,307.2984824472337,100.16420361247948,130.15060085591847,262.32085543321153,3.302523473173465,340.6995103244586,0.0361128899835796,0.8210180623973727,0.0899622252747252,0.0420130494505494,0.1102460697197539,0.078712918660287,0.0817737525632262,0.0820348598769651,0.1319583048530417,0.1109678742310321,0.1205953520164046,0.064902939166097,0.1253592032967033,0.0690473901098901,0.1418667122351332,0.0390615174299384,0.0871893369788106,0.0077744360902255,0.1425987696514012,0.0438345864661654,0.1697012987012987,0.0306165413533834,-2.31444752914944,25.0,ordinary,False,False,True,True,False,0,6,59.0,20.593711175361666,0.4869565217391304,80.0,123.0,0.0093118174718228,0.7844934691857678,,data,0.4823529411764706,0.6239316239316239,5.0,0.1201370415982484,0.0996176792556102,0.1428768472906404,0.0568979200875752,0.0599783798576902,0.0536132320744389,0.3600818486915429,0.1118696039056299,0,0,0.0,5.0990195135927845,0.0735679892007737,0.0675298647572762,0.0431144881755314,0.0293427075866869,-0.4475524475524475,831620,1755923,522,332,190,9,181,66040,0,66040,0,174,7,52,0.9326414887794198,52,52,12,0.8608998357963875,12,12,0.0,0.0,3,5.0990195135927845,7.0,3,0.0384364820846905,0.0839217502025697,3,0.0651506833372478,0.0690811323741627,3,0.0431144881755314,0.0449927431059506,3,0.0288640701692727,0.0295012795414406,3,-0.4475524475524475,-0.3986013986013986,3,783611.0,876644.0,1456012.0,2088288.0,473.0,938.0,277.0,692.0,190.0,246.0,8.0,10.0,181.0,236.0,65634.0,71830.0,0.0,0.0,65634.0,71830.0,0.0,0.0,174.0,227.0,5.0,9.0,52.0,52.0,0.9326414887794198,0.9326414887794198,51.0,52.0,52.0,52.0,12.0,12.0,0.8608998357963875,0.8608998357963875,12.0,12.0,12.0,12.0,-5,50,172.33381369133124,0.9111756519511846,0.07318425233085527,0.08489742592349168,236,457,246,0,10,0,57075.0,5.270349550382885,3.189531551787531,,,,,16.146688560481664
16,Batch_3,9luzk4jm,2088,7000,38.18436703483432,91.0,59,5.94732370433305,5.097706032285472,109.0,50.0,True,False,False,0.1201370415982484,0.0568979200875752,0.8229650383141763,12.999452654625069,75.14530844238013,143.33080636870028,236.7123272766018,0.4106641360329253,0.8748677788019349,307.2984824472337,100.16420361247948,130.15060085591847,262.32085543321153,3.302523473173465,340.6995103244586,0.0361128899835796,0.8210180623973727,0.0899622252747252,0.0420130494505494,0.1102460697197539,0.078712918660287,0.0817737525632262,0.0820348598769651,0.1319583048530417,0.1109678742310321,0.1205953520164046,0.064902939166097,0.1253592032967033,0.0690473901098901,0.1418667122351332,0.0390615174299384,0.0871893369788106,0.0077744360902255,0.1425987696514012,0.0438345864661654,0.1697012987012987,0.0306165413533834,-2.31444752914944,25.0,ordinary,False,False,True,True,False,0,6,59.0,20.593711175361666,0.4869565217391304,80.0,123.0,0.0093118174718228,0.7844934691857678,,data,0.4823529411764706,0.6239316239316239,5.0,0.1201370415982484,0.0996176792556102,0.1428768472906404,0.0568979200875752,0.0599783798576902,0.0536132320744389,0.3600818486915429,0.1118696039056299,0,0,0.0,5.0990195135927845,0.0735679892007737,0.0675298647572762,0.0431144881755314,0.0293427075866869,-0.4475524475524475,831620,1755923,522,332,190,9,181,66040,0,66040,0,174,7,52,0.9326414887794198,52,52,12,0.8608998357963875,12,12,0.0,0.0,3,5.0990195135927845,7.0,3,0.0384364820846905,0.0839217502025697,3,0.0651506833372478,0.0690811323741627,3,0.0431144881755314,0.0449927431059506,3,0.0288640701692727,0.0295012795414406,3,-0.4475524475524475,-0.3986013986013986,3,783611.0,876644.0,1456012.0,2088288.0,473.0,938.0,277.0,692.0,190.0,246.0,8.0,10.0,181.0,236.0,65634.0,71830.0,0.0,0.0,65634.0,71830.0,0.0,0.0,174.0,227.0,5.0,9.0,52.0,52.0,0.9326414887794198,0.9326414887794198,51.0,52.0,52.0,52.0,12.0,12.0,0.8608998357963875,0.8608998357963875,12.0,12.0,12.0,12.0,-5,100,202.39011852216476,0.8519620260546227,0.09314964876072425,0.004246744200593121,163,313,246,74,9,0,56994.0,6.695798917058491,3.394440995386173,,,,,11.15216201423098
16,Batch_3,9luzk4jm,2088,7000,38.18436703483432,91.0,59,5.94732370433305,5.097706032285472,109.0,50.0,True,False,False,0.1201370415982484,0.0568979200875752,0.8229650383141763,12.999452654625069,75.14530844238013,143.33080636870028,236.7123272766018,0.4106641360329253,0.8748677788019349,307.2984824472337,100.16420361247948,130.15060085591847,262.32085543321153,3.302523473173465,340.6995103244586,0.0361128899835796,0.8210180623973727,0.0899622252747252,0.0420130494505494,0.1102460697197539,0.078712918660287,0.0817737525632262,0.0820348598769651,0.1319583048530417,0.1109678742310321,0.1205953520164046,0.064902939166097,0.1253592032967033,0.0690473901098901,0.1418667122351332,0.0390615174299384,0.0871893369788106,0.0077744360902255,0.1425987696514012,0.0438345864661654,0.1697012987012987,0.0306165413533834,-2.31444752914944,25.0,ordinary,False,False,True,True,False,0,6,59.0,20.593711175361666,0.4869565217391304,80.0,123.0,0.0093118174718228,0.7844934691857678,,data,0.4823529411764706,0.6239316239316239,5.0,0.1201370415982484,0.0996176792556102,0.1428768472906404,0.0568979200875752,0.0599783798576902,0.0536132320744389,0.3600818486915429,0.1118696039056299,0,0,0.0,5.0990195135927845,0.0735679892007737,0.0675298647572762,0.0431144881755314,0.0293427075866869,-0.4475524475524475,831620,1755923,522,332,190,9,181,66040,0,66040,0,174,7,52,0.9326414887794198,52,52,12,0.8608998357963875,12,12,0.0,0.0,3,5.0990195135927845,7.0,3,0.0384364820846905,0.0839217502025697,3,0.0651506833372478,0.0690811323741627,3,0.0431144881755314,0.0449927431059506,3,0.0288640701692727,0.0295012795414406,3,-0.4475524475524475,-0.3986013986013986,3,783611.0,876644.0,1456012.0,2088288.0,473.0,938.0,277.0,692.0,190.0,246.0,8.0,10.0,181.0,236.0,65634.0,71830.0,0.0,0.0,65634.0,71830.0,0.0,0.0,174.0,227.0,5.0,9.0,52.0,52.0,0.9326414887794198,0.9326414887794198,51.0,52.0,52.0,52.0,12.0,12.0,0.8608998357963875,0.8608998357963875,12.0,12.0,12.0,12.0,0,50,178.3078906690497,1.001484011275093,0.10952780570388147,-0.03101882192279218,181,356,190,0,9,0,55265.0,6.073044534100405,3.7051871985146674,,,,,12.38368910782704
16,Batch_3,9luzk4jm,2088,7000,38.18436703483432,91.0,59,5.94732370433305,5.097706032285472,109.0,50.0,True,False,False,0.1201370415982484,0.0568979200875752,0.8229650383141763,12.999452654625069,75.14530844238013,143.33080636870028,236.7123272766018,0.4106641360329253,0.8748677788019349,307.2984824472337,100.16420361247948,130.15060085591847,262.32085543321153,3.302523473173465,340.6995103244586,0.0361128899835796,0.8210180623973727,0.0899622252747252,0.0420130494505494,0.1102460697197539,0.078712918660287,0.0817737525632262,0.0820348598769651,0.1319583048530417,0.1109678742310321,0.1205953520164046,0.064902939166097,0.1253592032967033,0.0690473901098901,0.1418667122351332,0.0390615174299384,0.0871893369788106,0.0077744360902255,0.1425987696514012,0.0438345864661654,0.1697012987012987,0.0306165413533834,-2.31444752914944,25.0,ordinary,False,False,True,True,False,0,6,59.0,20.593711175361666,0.4869565217391304,80.0,123.0,0.0093118174718228,0.7844934691857678,,data,0.4823529411764706,0.6239316239316239,5.0,0.1201370415982484,0.0996176792556102,0.1428768472906404,0.0568979200875752,0.0599783798576902,0.0536132320744389,0.3600818486915429,0.1118696039056299,0,0,0.0,5.0990195135927845,0.0735679892007737,0.0675298647572762,0.0431144881755314,0.0293427075866869,-0.4475524475524475,831620,1755923,522,332,190,9,181,66040,0,66040,0,174,7,52,0.9326414887794198,52,52,12,0.8608998357963875,12,12,0.0,0.0,3,5.0990195135927845,7.0,3,0.0384364820846905,0.0839217502025697,3,0.0651506833372478,0.0690811323741627,3,0.0431144881755314,0.0449927431059506,3,0.0288640701692727,0.0295012795414406,3,-0.4475524475524475,-0.3986013986013986,3,783611.0,876644.0,1456012.0,2088288.0,473.0,938.0,277.0,692.0,190.0,246.0,8.0,10.0,181.0,236.0,65634.0,71830.0,0.0,0.0,65634.0,71830.0,0.0,0.0,174.0,227.0,5.0,9.0,52.0,52.0,0.9326414887794198,0.9326414887794198,51.0,52.0,52.0,52.0,12.0,12.0,0.8608998357963875,0.8608998357963875,12.0,12.0,12.0,12.0,0,100,203.7349605004017,0.9317953165581275,0.1341375662832991,0.09787749380189863,140,265,190,42,8,0,55208.0,6.882267027749064,3.2136024845280753,,,,,9.578544061302681
16,Batch_3,9luzk4jm,2088,7000,38.18436703483432,91.0,59,5.94732370433305,5.097706032285472,109.0,50.0,True,False,False,0.1201370415982484,0.0568979200875752,0.8229650383141763,12.999452654625069,75.14530844238013,143.33080636870028,236.7123272766018,0.4106641360329253,0.8748677788019349,307.2984824472337,100.16420361247948,130.15060085591847,262.32085543321153,3.302523473173465,340.6995103244586,0.0361128899835796,0.8210180623973727,0.0899622252747252,0.0420130494505494,0.1102460697197539,0.078712918660287,0.0817737525632262,0.0820348598769651,0.1319583048530417,0.1109678742310321,0.1205953520164046,0.064902939166097,0.1253592032967033,0.0690473901098901,0.1418667122351332,0.0390615174299384,0.0871893369788106,0.0077744360902255,0.1425987696514012,0.0438345864661654,0.1697012987012987,0.0306165413533834,-2.31444752914944,25.0,ordinary,False,False,True,True,False,0,6,59.0,20.593711175361666,0.4869565217391304,80.0,123.0,0.0093118174718228,0.7844934691857678,,data,0.4823529411764706,0.6239316239316239,5.0,0.1201370415982484,0.0996176792556102,0.1428768472906404,0.0568979200875752,0.0599783798576902,0.0536132320744389,0.3600818486915429,0.1118696039056299,0,0,0.0,5.0990195135927845,0.0735679892007737,0.0675298647572762,0.0431144881755314,0.0293427075866869,-0.4475524475524475,831620,1755923,522,332,190,9,181,66040,0,66040,0,174,7,52,0.9326414887794198,52,52,12,0.8608998357963875,12,12,0.0,0.0,3,5.0990195135927845,7.0,3,0.0384364820846905,0.0839217502025697,3,0.0651506833372478,0.0690811323741627,3,0.0431144881755314,0.0449927431059506,3,0.0288640701692727,0.0295012795414406,3,-0.4475524475524475,-0.3986013986013986,3,783611.0,876644.0,1456012.0,2088288.0,473.0,938.0,277.0,692.0,190.0,246.0,8.0,10.0,181.0,236.0,65634.0,71830.0,0.0,0.0,65634.0,71830.0,0.0,0.0,174.0,227.0,5.0,9.0,52.0,52.0,0.9326414887794198,0.9326414887794198,51.0,52.0,52.0,52.0,12.0,12.0,0.8608998357963875,0.8608998357963875,12.0,12.0,12.0,12.0,5,50,148.00330222188458,1.2172964292237316,0.10502733018811886,0.02934176812851914,188,365,196,0,8,0,53229.0,5.804585785147978,3.565785420838969,,,,,12.862616310892173
16,Batch_3,9luzk4jm,2088,7000,38.18436703483432,91.0,59,5.94732370433305,5.097706032285472,109.0,50.0,True,False,False,0.1201370415982484,0.0568979200875752,0.8229650383141763,12.999452654625069,75.14530844238013,143.33080636870028,236.7123272766018,0.4106641360329253,0.8748677788019349,307.2984824472337,100.16420361247948,130.15060085591847,262.32085543321153,3.302523473173465,340.6995103244586,0.0361128899835796,0.8210180623973727,0.0899622252747252,0.0420130494505494,0.1102460697197539,0.078712918660287,0.0817737525632262,0.0820348598769651,0.1319583048530417,0.1109678742310321,0.1205953520164046,0.064902939166097,0.1253592032967033,0.0690473901098901,0.1418667122351332,0.0390615174299384,0.0871893369788106,0.0077744360902255,0.1425987696514012,0.0438345864661654,0.1697012987012987,0.0306165413533834,-2.31444752914944,25.0,ordinary,False,False,True,True,False,0,6,59.0,20.593711175361666,0.4869565217391304,80.0,123.0,0.0093118174718228,0.7844934691857678,,data,0.4823529411764706,0.6239316239316239,5.0,0.1201370415982484,0.0996176792556102,0.1428768472906404,0.0568979200875752,0.0599783798576902,0.0536132320744389,0.3600818486915429,0.1118696039056299,0,0,0.0,5.0990195135927845,0.0735679892007737,0.0675298647572762,0.0431144881755314,0.0293427075866869,-0.4475524475524475,831620,1755923,522,332,190,9,181,66040,0,66040,0,174,7,52,0.9326414887794198,52,52,12,0.8608998357963875,12,12,0.0,0.0,3,5.0990195135927845,7.0,3,0.0384364820846905,0.0839217502025697,3,0.0651506833372478,0.0690811323741627,3,0.0431144881755314,0.0449927431059506,3,0.0288640701692727,0.0295012795414406,3,-0.4475524475524475,-0.3986013986013986,3,783611.0,876644.0,1456012.0,2088288.0,473.0,938.0,277.0,692.0,190.0,246.0,8.0,10.0,181.0,236.0,65634.0,71830.0,0.0,0.0,65634.0,71830.0,0.0,0.0,174.0,227.0,5.0,9.0,52.0,52.0,0.9326414887794198,0.9326414887794198,51.0,52.0,52.0,52.0,12.0,12.0,0.8608998357963875,0.8608998357963875,12.0,12.0,12.0,12.0,5,100,182.78939116022673,1.1399423341675683,0.10909514499926697,0.012757286193827435,146,277,196,42,8,0,53229.0,6.666295943725646,3.296162678843742,,,,,9.989053092501369
17,Batch_3,cfe5vt7s,2080,7000,31.237043330501276,99.0,58,7.646559048428207,7.646559048428207,117.0,59.0,True,False,False,0.0798627747252747,0.0602787087912087,0.8598585164835165,16.895604395604394,62.50039138475438,177.68658078425008,259.71602060988596,0.3843514044066677,0.8531170689838261,265.59131013245286,93.61263736263736,85.23558436626594,192.146108674325,3.1846934561541405,206.5827753236779,0.0055852335164835,0.206043956043956,0.0406778846153846,0.0578461538461538,0.0538646978021978,0.0528942307692307,0.0835597527472527,0.1028756868131868,0.096521978021978,0.0509780219780219,0.0788173076923076,0.0280178571428571,0.0848914835164835,0.0638035714285714,0.1127438186813186,0.0714883241758241,0.0881462912087912,0.0539313186813186,0.0798427197802197,0.0489395604395604,0.0795618131868131,0.0720123626373626,-2.2757036530801105,24.0,ordinary,False,False,False,True,False,0,0,58.0,24.09705191481875,0.1119402985074626,84.0,107.0,0.0063214547107609,0.8207381197519673,,data,0.1058201058201058,0.3104838709677419,5.0,0.0798627747252747,0.0671151098901099,0.0938423076923077,0.0602787087912087,0.0640723901098901,0.0566308379120879,0.3346640270656569,0.123452415405545,0,0,0.0,8.06225774829855,0.0314975770606407,0.0568763600589616,-0.0832408435072142,0.0272127096710141,-0.3636363636363637,877658,1162802,889,643,246,18,228,70098,0,70098,0,216,12,52,0.9362285714285714,52,52,12,0.864210989010989,12,12,0.0,0.0,3,7.615773105863909,9.641419466926354,3,0.0248318675633729,0.0402070063694267,3,0.0552816115411998,0.0582754809558906,3,-0.1150004268761205,-0.0436267395201912,3,0.0265821495194199,0.0277546977360325,3,-0.3636363636363637,-0.2727272727272727,3,824545.0,932894.0,977196.0,1366344.0,740.0,1128.0,514.0,825.0,226.0,303.0,15.0,21.0,211.0,282.0,70098.0,75056.0,0.0,0.0,70098.0,75056.0,0.0,0.0,199.0,267.0,12.0,15.0,52.0,52.0,0.9362285714285714,0.9362285714285714,52.0,52.0,52.0,52.0,12.0,12.0,0.864210989010989,0.864210989010989,12.0,12.0,12.0,12.0,-5,50,131.83652384579386,1.1855749437728007,0.07066218304136222,0.06583058333982687,282,534,303,0,21,0,115152.0,5.178966641432957,2.681646429834747,,,,,19.36813186813187
17,Batch_3,cfe5vt7s,2080,7000,31.237043330501276,99.0,58,7.646559048428207,7.646559048428207,117.0,59.0,True,False,False,0.0798627747252747,0.0602787087912087,0.8598585164835165,16.895604395604394,62.50039138475438,177.68658078425008,259.71602060988596,0.3843514044066677,0.8531170689838261,265.59131013245286,93.61263736263736,85.23558436626594,192.146108674325,3.1846934561541405,206.5827753236779,0.0055852335164835,0.206043956043956,0.0406778846153846,0.0578461538461538,0.0538646978021978,0.0528942307692307,0.0835597527472527,0.1028756868131868,0.096521978021978,0.0509780219780219,0.0788173076923076,0.0280178571428571,0.0848914835164835,0.0638035714285714,0.1127438186813186,0.0714883241758241,0.0881462912087912,0.0539313186813186,0.0798427197802197,0.0489395604395604,0.0795618131868131,0.0720123626373626,-2.2757036530801105,24.0,ordinary,False,False,False,True,False,0,0,58.0,24.09705191481875,0.1119402985074626,84.0,107.0,0.0063214547107609,0.8207381197519673,,data,0.1058201058201058,0.3104838709677419,5.0,0.0798627747252747,0.0671151098901099,0.0938423076923077,0.0602787087912087,0.0640723901098901,0.0566308379120879,0.3346640270656569,0.123452415405545,0,0,0.0,8.06225774829855,0.0314975770606407,0.0568763600589616,-0.0832408435072142,0.0272127096710141,-0.3636363636363637,877658,1162802,889,643,246,18,228,70098,0,70098,0,216,12,52,0.9362285714285714,52,52,12,0.864210989010989,12,12,0.0,0.0,3,7.615773105863909,9.641419466926354,3,0.0248318675633729,0.0402070063694267,3,0.0552816115411998,0.0582754809558906,3,-0.1150004268761205,-0.0436267395201912,3,0.0265821495194199,0.0277546977360325,3,-0.3636363636363637,-0.2727272727272727,3,824545.0,932894.0,977196.0,1366344.0,740.0,1128.0,514.0,825.0,226.0,303.0,15.0,21.0,211.0,282.0,70098.0,75056.0,0.0,0.0,70098.0,75056.0,0.0,0.0,199.0,267.0,12.0,15.0,52.0,52.0,0.9362285714285714,0.9362285714285714,52.0,52.0,52.0,52.0,12.0,12.0,0.864210989010989,0.864210989010989,12.0,12.0,12.0,12.0,-5,100,172.83547193848779,1.1069975216210504,0.04463693266130382,-0.007938232226800042,187,355,303,100,16,0,114828.0,6.300785794663244,2.9566348816387507,,,,,12.843406593406593
17,Batch_3,cfe5vt7s,2080,7000,31.237043330501276,99.0,58,7.646559048428207,7.646559048428207,117.0,59.0,True,False,False,0.0798627747252747,0.0602787087912087,0.8598585164835165,16.895604395604394,62.50039138475438,177.68658078425008,259.71602060988596,0.3843514044066677,0.8531170689838261,265.59131013245286,93.61263736263736,85.23558436626594,192.146108674325,3.1846934561541405,206.5827753236779,0.0055852335164835,0.206043956043956,0.0406778846153846,0.0578461538461538,0.0538646978021978,0.0528942307692307,0.0835597527472527,0.1028756868131868,0.096521978021978,0.0509780219780219,0.0788173076923076,0.0280178571428571,0.0848914835164835,0.0638035714285714,0.1127438186813186,0.0714883241758241,0.0881462912087912,0.0539313186813186,0.0798427197802197,0.0489395604395604,0.0795618131868131,0.0720123626373626,-2.2757036530801105,24.0,ordinary,False,False,False,True,False,0,0,58.0,24.09705191481875,0.1119402985074626,84.0,107.0,0.0063214547107609,0.8207381197519673,,data,0.1058201058201058,0.3104838709677419,5.0,0.0798627747252747,0.0671151098901099,0.0938423076923077,0.0602787087912087,0.0640723901098901,0.0566308379120879,0.3346640270656569,0.123452415405545,0,0,0.0,8.06225774829855,0.0314975770606407,0.0568763600589616,-0.0832408435072142,0.0272127096710141,-0.3636363636363637,877658,1162802,889,643,246,18,228,70098,0,70098,0,216,12,52,0.9362285714285714,52,52,12,0.864210989010989,12,12,0.0,0.0,3,7.615773105863909,9.641419466926354,3,0.0248318675633729,0.0402070063694267,3,0.0552816115411998,0.0582754809558906,3,-0.1150004268761205,-0.0436267395201912,3,0.0265821495194199,0.0277546977360325,3,-0.3636363636363637,-0.2727272727272727,3,824545.0,932894.0,977196.0,1366344.0,740.0,1128.0,514.0,825.0,226.0,303.0,15.0,21.0,211.0,282.0,70098.0,75056.0,0.0,0.0,70098.0,75056.0,0.0,0.0,199.0,267.0,12.0,15.0,52.0,52.0,0.9362285714285714,0.9362285714285714,52.0,52.0,52.0,52.0,12.0,12.0,0.864210989010989,0.864210989010989,12.0,12.0,12.0,12.0,0,50,134.2333143026733,1.3811713671786703,0.033354613085525855,0.06721746328071528,228,441,246,0,18,0,103970.0,5.594683739639976,2.8990537921238992,,,,,15.659340659340659
17,Batch_3,cfe5vt7s,2080,7000,31.237043330501276,99.0,58,7.646559048428207,7.646559048428207,117.0,59.0,True,False,False,0.0798627747252747,0.0602787087912087,0.8598585164835165,16.895604395604394,62.50039138475438,177.68658078425008,259.71602060988596,0.3843514044066677,0.8531170689838261,265.59131013245286,93.61263736263736,85.23558436626594,192.146108674325,3.1846934561541405,206.5827753236779,0.0055852335164835,0.206043956043956,0.0406778846153846,0.0578461538461538,0.0538646978021978,0.0528942307692307,0.0835597527472527,0.1028756868131868,0.096521978021978,0.0509780219780219,0.0788173076923076,0.0280178571428571,0.0848914835164835,0.0638035714285714,0.1127438186813186,0.0714883241758241,0.0881462912087912,0.0539313186813186,0.0798427197802197,0.0489395604395604,0.0795618131868131,0.0720123626373626,-2.2757036530801105,24.0,ordinary,False,False,False,True,False,0,0,58.0,24.09705191481875,0.1119402985074626,84.0,107.0,0.0063214547107609,0.8207381197519673,,data,0.1058201058201058,0.3104838709677419,5.0,0.0798627747252747,0.0671151098901099,0.0938423076923077,0.0602787087912087,0.0640723901098901,0.0566308379120879,0.3346640270656569,0.123452415405545,0,0,0.0,8.06225774829855,0.0314975770606407,0.0568763600589616,-0.0832408435072142,0.0272127096710141,-0.3636363636363637,877658,1162802,889,643,246,18,228,70098,0,70098,0,216,12,52,0.9362285714285714,52,52,12,0.864210989010989,12,12,0.0,0.0,3,7.615773105863909,9.641419466926354,3,0.0248318675633729,0.0402070063694267,3,0.0552816115411998,0.0582754809558906,3,-0.1150004268761205,-0.0436267395201912,3,0.0265821495194199,0.0277546977360325,3,-0.3636363636363637,-0.2727272727272727,3,824545.0,932894.0,977196.0,1366344.0,740.0,1128.0,514.0,825.0,226.0,303.0,15.0,21.0,211.0,282.0,70098.0,75056.0,0.0,0.0,70098.0,75056.0,0.0,0.0,199.0,267.0,12.0,15.0,52.0,52.0,0.9362285714285714,0.9362285714285714,52.0,52.0,52.0,52.0,12.0,12.0,0.864210989010989,0.864210989010989,12.0,12.0,12.0,12.0,0,100,180.86384798416563,1.125078559037894,0.0858103460287758,0.027450562237566478,161,315,246,70,15,0,103745.0,6.610696044717759,2.740702746143395,,,,,11.057692307692308
17,Batch_3,cfe5vt7s,2080,7000,31.237043330501276,99.0,58,7.646559048428207,7.646559048428207,117.0,59.0,True,False,False,0.0798627747252747,0.0602787087912087,0.8598585164835165,16.895604395604394,62.50039138475438,177.68658078425008,259.71602060988596,0.3843514044066677,0.8531170689838261,265.59131013245286,93.61263736263736,85.23558436626594,192.146108674325,3.1846934561541405,206.5827753236779,0.0055852335164835,0.206043956043956,0.0406778846153846,0.0578461538461538,0.0538646978021978,0.0528942307692307,0.0835597527472527,0.1028756868131868,0.096521978021978,0.0509780219780219,0.0788173076923076,0.0280178571428571,0.0848914835164835,0.0638035714285714,0.1127438186813186,0.0714883241758241,0.0881462912087912,0.0539313186813186,0.0798427197802197,0.0489395604395604,0.0795618131868131,0.0720123626373626,-2.2757036530801105,24.0,ordinary,False,False,False,True,False,0,0,58.0,24.09705191481875,0.1119402985074626,84.0,107.0,0.0063214547107609,0.8207381197519673,,data,0.1058201058201058,0.3104838709677419,5.0,0.0798627747252747,0.0671151098901099,0.0938423076923077,0.0602787087912087,0.0640723901098901,0.0566308379120879,0.3346640270656569,0.123452415405545,0,0,0.0,8.06225774829855,0.0314975770606407,0.0568763600589616,-0.0832408435072142,0.0272127096710141,-0.3636363636363637,877658,1162802,889,643,246,18,228,70098,0,70098,0,216,12,52,0.9362285714285714,52,52,12,0.864210989010989,12,12,0.0,0.0,3,7.615773105863909,9.641419466926354,3,0.0248318675633729,0.0402070063694267,3,0.0552816115411998,0.0582754809558906,3,-0.1150004268761205,-0.0436267395201912,3,0.0265821495194199,0.0277546977360325,3,-0.3636363636363637,-0.2727272727272727,3,824545.0,932894.0,977196.0,1366344.0,740.0,1128.0,514.0,825.0,226.0,303.0,15.0,21.0,211.0,282.0,70098.0,75056.0,0.0,0.0,70098.0,75056.0,0.0,0.0,199.0,267.0,12.0,15.0,52.0,52.0,0.9362285714285714,0.9362285714285714,52.0,52.0,52.0,52.0,12.0,12.0,0.864210989010989,0.864210989010989,12.0,12.0,12.0,12.0,5,50,124.89485345560418,1.5968641859943544,0.05214246765805344,0.11169843166119829,211,413,226,0,15,0,94667.0,5.4638318050256105,2.96373145302298,,,,,14.491758241758243
17,Batch_3,cfe5vt7s,2080,7000,31.237043330501276,99.0,58,7.646559048428207,7.646559048428207,117.0,59.0,True,False,False,0.0798627747252747,0.0602787087912087,0.8598585164835165,16.895604395604394,62.50039138475438,177.68658078425008,259.71602060988596,0.3843514044066677,0.8531170689838261,265.59131013245286,93.61263736263736,85.23558436626594,192.146108674325,3.1846934561541405,206.5827753236779,0.0055852335164835,0.206043956043956,0.0406778846153846,0.0578461538461538,0.0538646978021978,0.0528942307692307,0.0835597527472527,0.1028756868131868,0.096521978021978,0.0509780219780219,0.0788173076923076,0.0280178571428571,0.0848914835164835,0.0638035714285714,0.1127438186813186,0.0714883241758241,0.0881462912087912,0.0539313186813186,0.0798427197802197,0.0489395604395604,0.0795618131868131,0.0720123626373626,-2.2757036530801105,24.0,ordinary,False,False,False,True,False,0,0,58.0,24.09705191481875,0.1119402985074626,84.0,107.0,0.0063214547107609,0.8207381197519673,,data,0.1058201058201058,0.3104838709677419,5.0,0.0798627747252747,0.0671151098901099,0.0938423076923077,0.0602787087912087,0.0640723901098901,0.0566308379120879,0.3346640270656569,0.123452415405545,0,0,0.0,8.06225774829855,0.0314975770606407,0.0568763600589616,-0.0832408435072142,0.0272127096710141,-0.3636363636363637,877658,1162802,889,643,246,18,228,70098,0,70098,0,216,12,52,0.9362285714285714,52,52,12,0.864210989010989,12,12,0.0,0.0,3,7.615773105863909,9.641419466926354,3,0.0248318675633729,0.0402070063694267,3,0.0552816115411998,0.0582754809558906,3,-0.1150004268761205,-0.0436267395201912,3,0.0265821495194199,0.0277546977360325,3,-0.3636363636363637,-0.2727272727272727,3,824545.0,932894.0,977196.0,1366344.0,740.0,1128.0,514.0,825.0,226.0,303.0,15.0,21.0,211.0,282.0,70098.0,75056.0,0.0,0.0,70098.0,75056.0,0.0,0.0,199.0,267.0,12.0,15.0,52.0,52.0,0.9362285714285714,0.9362285714285714,52.0,52.0,52.0,52.0,12.0,12.0,0.864210989010989,0.864210989010989,12.0,12.0,12.0,12.0,5,100,205.47755345930102,1.0866736771650085,0.06238688469451084,0.09164283054195996,143,283,226,72,11,0,94417.0,6.573680166960646,2.8697740070239357,,,,,9.821428571428571
18,Batch_3,hawkfj64,1904,7000,36.15802888700085,100.0,54,5.097706032285472,5.94732370433305,118.0,64.0,True,False,False,0.0930740546218487,0.0400761554621848,0.8668497899159664,12.379951980792317,53.559394080668255,121.1576605553759,192.76468264065124,0.4138670523225968,0.8805893292791306,259.66453999534724,101.2905162064826,100.9126844296188,203.02987529130016,3.4726318155175337,235.52600808620176,0.0200887605042016,0.6752701080432173,0.0811654135338346,0.031463909774436,0.0886413533834586,0.015666917293233,0.1091077038145101,0.0309132385938668,0.0912503759398496,0.0548932330827067,0.1114674644727,0.0408197456993268,0.0962338345864661,0.0472676691729323,0.0856593984962406,0.0418661654135338,0.086542258788332,0.0489685863874345,0.1048360902255639,0.0313526315789473,0.0757808526551982,0.0574554973821989,-2.315380773811405,24.0,ordinary,False,False,False,True,False,0,1,55.0,21.58136337836817,0.09375,72.0,79.0,0.0079042739284407,0.7032883230692193,,data,0.1419753086419753,0.3195020746887966,5.0,0.0930740546218487,0.077641131452581,0.1105685774309723,0.0400761554621848,0.0424062124849939,0.0376535864345738,0.3537768512629273,0.118589869602254,0,0,0.0,6.0,0.0511425399708778,0.0483386925218138,-0.2046558704453441,0.023707651095651,0.6,534135,1240491,430,265,165,19,146,42472,0,42472,0,142,4,39,0.767078031212485,38,39,6,0.4720480192076831,6,6,0.0,0.0,3,5.656854249492381,7.0710678118654755,3,0.0237977388612597,0.0760318609703113,3,0.04668706344797,0.0492424990518895,3,-0.2113360323886639,-0.1722672064777328,3,0.0224991848083776,0.0247616632145759,3,0.6,0.6,3,501847.0,565190.0,1034801.0,1473658.0,339.0,662.0,181.0,460.0,158.0,202.0,19.0,21.0,139.0,181.0,42472.0,48192.0,0.0,0.0,42472.0,48192.0,0.0,0.0,135.0,176.0,4.0,5.0,39.0,39.0,0.767078031212485,0.767078031212485,38.0,38.0,39.0,39.0,6.0,6.0,0.4720480192076831,0.4720480192076831,6.0,6.0,6.0,6.0,-5,50,151.73436256384056,1.3217208252319288,0.11655285171671069,0.04926637291360328,181,347,202,0,21,0,59956.0,5.659482215759621,3.2678982501001093,,,,,13.580432172869147
18,Batch_3,hawkfj64,1904,7000,36.15802888700085,100.0,54,5.097706032285472,5.94732370433305,118.0,64.0,True,False,False,0.0930740546218487,0.0400761554621848,0.8668497899159664,12.379951980792317,53.559394080668255,121.1576605553759,192.76468264065124,0.4138670523225968,0.8805893292791306,259.66453999534724,101.2905162064826,100.9126844296188,203.02987529130016,3.4726318155175337,235.52600808620176,0.0200887605042016,0.6752701080432173,0.0811654135338346,0.031463909774436,0.0886413533834586,0.015666917293233,0.1091077038145101,0.0309132385938668,0.0912503759398496,0.0548932330827067,0.1114674644727,0.0408197456993268,0.0962338345864661,0.0472676691729323,0.0856593984962406,0.0418661654135338,0.086542258788332,0.0489685863874345,0.1048360902255639,0.0313526315789473,0.0757808526551982,0.0574554973821989,-2.315380773811405,24.0,ordinary,False,False,False,True,False,0,1,55.0,21.58136337836817,0.09375,72.0,79.0,0.0079042739284407,0.7032883230692193,,data,0.1419753086419753,0.3195020746887966,5.0,0.0930740546218487,0.077641131452581,0.1105685774309723,0.0400761554621848,0.0424062124849939,0.0376535864345738,0.3537768512629273,0.118589869602254,0,0,0.0,6.0,0.0511425399708778,0.0483386925218138,-0.2046558704453441,0.023707651095651,0.6,534135,1240491,430,265,165,19,146,42472,0,42472,0,142,4,39,0.767078031212485,38,39,6,0.4720480192076831,6,6,0.0,0.0,3,5.656854249492381,7.0710678118654755,3,0.0237977388612597,0.0760318609703113,3,0.04668706344797,0.0492424990518895,3,-0.2113360323886639,-0.1722672064777328,3,0.0224991848083776,0.0247616632145759,3,0.6,0.6,3,501847.0,565190.0,1034801.0,1473658.0,339.0,662.0,181.0,460.0,158.0,202.0,19.0,21.0,139.0,181.0,42472.0,48192.0,0.0,0.0,42472.0,48192.0,0.0,0.0,135.0,176.0,4.0,5.0,39.0,39.0,0.767078031212485,0.767078031212485,38.0,38.0,39.0,39.0,6.0,6.0,0.4720480192076831,0.4720480192076831,6.0,6.0,6.0,6.0,-5,100,220.68315945845063,0.8875936149439448,0.12014871308992643,0.061998295134790826,127,244,202,57,18,0,59712.0,6.776506992372183,2.667354009347992,,,,,9.528811524609843
18,Batch_3,hawkfj64,1904,7000,36.15802888700085,100.0,54,5.097706032285472,5.94732370433305,118.0,64.0,True,False,False,0.0930740546218487,0.0400761554621848,0.8668497899159664,12.379951980792317,53.559394080668255,121.1576605553759,192.76468264065124,0.4138670523225968,0.8805893292791306,259.66453999534724,101.2905162064826,100.9126844296188,203.02987529130016,3.4726318155175337,235.52600808620176,0.0200887605042016,0.6752701080432173,0.0811654135338346,0.031463909774436,0.0886413533834586,0.015666917293233,0.1091077038145101,0.0309132385938668,0.0912503759398496,0.0548932330827067,0.1114674644727,0.0408197456993268,0.0962338345864661,0.0472676691729323,0.0856593984962406,0.0418661654135338,0.086542258788332,0.0489685863874345,0.1048360902255639,0.0313526315789473,0.0757808526551982,0.0574554973821989,-2.315380773811405,24.0,ordinary,False,False,False,True,False,0,1,55.0,21.58136337836817,0.09375,72.0,79.0,0.0079042739284407,0.7032883230692193,,data,0.1419753086419753,0.3195020746887966,5.0,0.0930740546218487,0.077641131452581,0.1105685774309723,0.0400761554621848,0.0424062124849939,0.0376535864345738,0.3537768512629273,0.118589869602254,0,0,0.0,6.0,0.0511425399708778,0.0483386925218138,-0.2046558704453441,0.023707651095651,0.6,534135,1240491,430,265,165,19,146,42472,0,42472,0,142,4,39,0.767078031212485,38,39,6,0.4720480192076831,6,6,0.0,0.0,3,5.656854249492381,7.0710678118654755,3,0.0237977388612597,0.0760318609703113,3,0.04668706344797,0.0492424990518895,3,-0.2113360323886639,-0.1722672064777328,3,0.0224991848083776,0.0247616632145759,3,0.6,0.6,3,501847.0,565190.0,1034801.0,1473658.0,339.0,662.0,181.0,460.0,158.0,202.0,19.0,21.0,139.0,181.0,42472.0,48192.0,0.0,0.0,42472.0,48192.0,0.0,0.0,135.0,176.0,4.0,5.0,39.0,39.0,0.767078031212485,0.767078031212485,38.0,38.0,39.0,39.0,6.0,6.0,0.4720480192076831,0.4720480192076831,6.0,6.0,6.0,6.0,0,50,164.67993575467807,1.3070670991235147,0.13371212490908121,0.12656409529326576,146,289,165,0,19,0,56655.0,6.2487625505728825,3.096064603956739,,,,,10.954381752701082
18,Batch_3,hawkfj64,1904,7000,36.15802888700085,100.0,54,5.097706032285472,5.94732370433305,118.0,64.0,True,False,False,0.0930740546218487,0.0400761554621848,0.8668497899159664,12.379951980792317,53.559394080668255,121.1576605553759,192.76468264065124,0.4138670523225968,0.8805893292791306,259.66453999534724,101.2905162064826,100.9126844296188,203.02987529130016,3.4726318155175337,235.52600808620176,0.0200887605042016,0.6752701080432173,0.0811654135338346,0.031463909774436,0.0886413533834586,0.015666917293233,0.1091077038145101,0.0309132385938668,0.0912503759398496,0.0548932330827067,0.1114674644727,0.0408197456993268,0.0962338345864661,0.0472676691729323,0.0856593984962406,0.0418661654135338,0.086542258788332,0.0489685863874345,0.1048360902255639,0.0313526315789473,0.0757808526551982,0.0574554973821989,-2.315380773811405,24.0,ordinary,False,False,False,True,False,0,1,55.0,21.58136337836817,0.09375,72.0,79.0,0.0079042739284407,0.7032883230692193,,data,0.1419753086419753,0.3195020746887966,5.0,0.0930740546218487,0.077641131452581,0.1105685774309723,0.0400761554621848,0.0424062124849939,0.0376535864345738,0.3537768512629273,0.118589869602254,0,0,0.0,6.0,0.0511425399708778,0.0483386925218138,-0.2046558704453441,0.023707651095651,0.6,534135,1240491,430,265,165,19,146,42472,0,42472,0,142,4,39,0.767078031212485,38,39,6,0.4720480192076831,6,6,0.0,0.0,3,5.656854249492381,7.0710678118654755,3,0.0237977388612597,0.0760318609703113,3,0.04668706344797,0.0492424990518895,3,-0.2113360323886639,-0.1722672064777328,3,0.0224991848083776,0.0247616632145759,3,0.6,0.6,3,501847.0,565190.0,1034801.0,1473658.0,339.0,662.0,181.0,460.0,158.0,202.0,19.0,21.0,139.0,181.0,42472.0,48192.0,0.0,0.0,42472.0,48192.0,0.0,0.0,135.0,176.0,4.0,5.0,39.0,39.0,0.767078031212485,0.767078031212485,38.0,38.0,39.0,39.0,6.0,6.0,0.4720480192076831,0.4720480192076831,6.0,6.0,6.0,6.0,0,100,233.420623751591,0.868325279634625,0.11645487828557831,0.11537030137026984,118,233,165,30,17,0,56501.0,6.796550868334923,2.683422073176393,,,,,8.853541416566626
18,Batch_3,hawkfj64,1904,7000,36.15802888700085,100.0,54,5.097706032285472,5.94732370433305,118.0,64.0,True,False,False,0.0930740546218487,0.0400761554621848,0.8668497899159664,12.379951980792317,53.559394080668255,121.1576605553759,192.76468264065124,0.4138670523225968,0.8805893292791306,259.66453999534724,101.2905162064826,100.9126844296188,203.02987529130016,3.4726318155175337,235.52600808620176,0.0200887605042016,0.6752701080432173,0.0811654135338346,0.031463909774436,0.0886413533834586,0.015666917293233,0.1091077038145101,0.0309132385938668,0.0912503759398496,0.0548932330827067,0.1114674644727,0.0408197456993268,0.0962338345864661,0.0472676691729323,0.0856593984962406,0.0418661654135338,0.086542258788332,0.0489685863874345,0.1048360902255639,0.0313526315789473,0.0757808526551982,0.0574554973821989,-2.315380773811405,24.0,ordinary,False,False,False,True,False,0,1,55.0,21.58136337836817,0.09375,72.0,79.0,0.0079042739284407,0.7032883230692193,,data,0.1419753086419753,0.3195020746887966,5.0,0.0930740546218487,0.077641131452581,0.1105685774309723,0.0400761554621848,0.0424062124849939,0.0376535864345738,0.3537768512629273,0.118589869602254,0,0,0.0,6.0,0.0511425399708778,0.0483386925218138,-0.2046558704453441,0.023707651095651,0.6,534135,1240491,430,265,165,19,146,42472,0,42472,0,142,4,39,0.767078031212485,38,39,6,0.4720480192076831,6,6,0.0,0.0,3,5.656854249492381,7.0710678118654755,3,0.0237977388612597,0.0760318609703113,3,0.04668706344797,0.0492424990518895,3,-0.2113360323886639,-0.1722672064777328,3,0.0224991848083776,0.0247616632145759,3,0.6,0.6,3,501847.0,565190.0,1034801.0,1473658.0,339.0,662.0,181.0,460.0,158.0,202.0,19.0,21.0,139.0,181.0,42472.0,48192.0,0.0,0.0,42472.0,48192.0,0.0,0.0,135.0,176.0,4.0,5.0,39.0,39.0,0.767078031212485,0.767078031212485,38.0,38.0,39.0,39.0,6.0,6.0,0.4720480192076831,0.4720480192076831,6.0,6.0,6.0,6.0,5,50,168.9283542925428,1.3863633732331382,0.10164006214539613,0.07355287050828659,139,271,158,0,19,0,52861.0,6.115892125483034,3.1155489697603604,,,,,10.429171668667466
18,Batch_3,hawkfj64,1904,7000,36.15802888700085,100.0,54,5.097706032285472,5.94732370433305,118.0,64.0,True,False,False,0.0930740546218487,0.0400761554621848,0.8668497899159664,12.379951980792317,53.559394080668255,121.1576605553759,192.76468264065124,0.4138670523225968,0.8805893292791306,259.66453999534724,101.2905162064826,100.9126844296188,203.02987529130016,3.4726318155175337,235.52600808620176,0.0200887605042016,0.6752701080432173,0.0811654135338346,0.031463909774436,0.0886413533834586,0.015666917293233,0.1091077038145101,0.0309132385938668,0.0912503759398496,0.0548932330827067,0.1114674644727,0.0408197456993268,0.0962338345864661,0.0472676691729323,0.0856593984962406,0.0418661654135338,0.086542258788332,0.0489685863874345,0.1048360902255639,0.0313526315789473,0.0757808526551982,0.0574554973821989,-2.315380773811405,24.0,ordinary,False,False,False,True,False,0,1,55.0,21.58136337836817,0.09375,72.0,79.0,0.0079042739284407,0.7032883230692193,,data,0.1419753086419753,0.3195020746887966,5.0,0.0930740546218487,0.077641131452581,0.1105685774309723,0.0400761554621848,0.0424062124849939,0.0376535864345738,0.3537768512629273,0.118589869602254,0,0,0.0,6.0,0.0511425399708778,0.0483386925218138,-0.2046558704453441,0.023707651095651,0.6,534135,1240491,430,265,165,19,146,42472,0,42472,0,142,4,39,0.767078031212485,38,39,6,0.4720480192076831,6,6,0.0,0.0,3,5.656854249492381,7.0710678118654755,3,0.0237977388612597,0.0760318609703113,3,0.04668706344797,0.0492424990518895,3,-0.2113360323886639,-0.1722672064777328,3,0.0224991848083776,0.0247616632145759,3,0.6,0.6,3,501847.0,565190.0,1034801.0,1473658.0,339.0,662.0,181.0,460.0,158.0,202.0,19.0,21.0,139.0,181.0,42472.0,48192.0,0.0,0.0,42472.0,48192.0,0.0,0.0,135.0,176.0,4.0,5.0,39.0,39.0,0.767078031212485,0.767078031212485,38.0,38.0,39.0,39.0,6.0,6.0,0.4720480192076831,0.4720480192076831,6.0,6.0,6.0,6.0,5,100,251.8889420178071,0.8443882374185272,0.0805645974876627,-0.0035348614856836975,110,217,158,31,17,0,52734.0,6.878469101902604,2.5515922067537122,,,,,8.25330132052821
19,Batch_3,hzumfsms,2088,7000,38.18436703483432,93.0,59,5.94732370433305,5.94732370433305,108.0,49.0,True,False,False,0.1412980979748221,0.0461386836343732,0.8125632183908045,12.246852764094143,61.535472745745395,136.59914175460185,253.51644076694816,0.4797305205925188,0.895794135791776,284.1634246821783,99.82211275314724,162.7097718444662,599.372241621278,3.905375599673969,599.372241621278,0.0606618089764641,0.4105090311986863,0.1141325549450549,0.0533282967032967,0.1545604921394395,0.0245304169514695,0.2312535885167464,0.0173602187286397,0.1256691729323308,0.0583028024606971,0.0784948735475051,0.0426144907723855,0.1228083791208791,0.0658523351648351,0.1599603554340396,0.0293171565276828,0.1198202323991797,0.0719487354750512,0.0896965140123034,0.0474401913875598,0.2163663704716336,0.050820915926179,-2.436900828607803,22.0,cracked,False,True,True,True,False,0,3,59.0,20.989732445410716,0.5043478260869565,77.0,119.0,0.0071763472819041,0.7121016800894573,,data,0.4658385093167702,0.6296296296296297,5.0,0.1412980979748221,0.1190195675971538,0.1650701286261631,0.0461386836343732,0.048286330049261,0.0438977148330596,0.3259106929890524,0.0951179112733053,0,0,0.0,6.708203932499369,0.0463659147869674,0.0505961575141088,-0.2493436640127431,0.0241931711261926,-0.4475524475524475,674363,2065213,453,274,179,15,164,44520,0,44520,0,159,5,52,0.9326414887794198,50,52,12,0.8608998357963875,12,12,0.0,0.0,3,5.656854249492381,8.48528137423857,3,0.0239249203955086,0.0735694822888283,3,0.0496669107093509,0.0512974720710285,3,-0.2752497225305216,-0.2424281232543003,3,0.0237542354154598,0.0244242199407576,3,-0.5104895104895105,-0.3916083916083916,3,641609.0,705753.0,1739590.0,2412665.0,349.0,755.0,196.0,544.0,153.0,211.0,15.0,17.0,138.0,194.0,44520.0,47722.0,0.0,0.0,44520.0,47722.0,0.0,0.0,133.0,188.0,5.0,6.0,52.0,52.0,0.9326414887794198,0.9326414887794198,50.0,51.0,52.0,52.0,12.0,12.0,0.8608998357963875,0.8608998357963875,12.0,12.0,12.0,12.0,-5,50,130.4667167247278,1.27741129027495,0.12290941219082807,0.10680741113104983,194,374,211,0,17,0,80129.0,5.4025860660104605,3.2334048348765565,,,,,13.273125342090859
19,Batch_3,hzumfsms,2088,7000,38.18436703483432,93.0,59,5.94732370433305,5.94732370433305,108.0,49.0,True,False,False,0.1412980979748221,0.0461386836343732,0.8125632183908045,12.246852764094143,61.535472745745395,136.59914175460185,253.51644076694816,0.4797305205925188,0.895794135791776,284.1634246821783,99.82211275314724,162.7097718444662,599.372241621278,3.905375599673969,599.372241621278,0.0606618089764641,0.4105090311986863,0.1141325549450549,0.0533282967032967,0.1545604921394395,0.0245304169514695,0.2312535885167464,0.0173602187286397,0.1256691729323308,0.0583028024606971,0.0784948735475051,0.0426144907723855,0.1228083791208791,0.0658523351648351,0.1599603554340396,0.0293171565276828,0.1198202323991797,0.0719487354750512,0.0896965140123034,0.0474401913875598,0.2163663704716336,0.050820915926179,-2.436900828607803,22.0,cracked,False,True,True,True,False,0,3,59.0,20.989732445410716,0.5043478260869565,77.0,119.0,0.0071763472819041,0.7121016800894573,,data,0.4658385093167702,0.6296296296296297,5.0,0.1412980979748221,0.1190195675971538,0.1650701286261631,0.0461386836343732,0.048286330049261,0.0438977148330596,0.3259106929890524,0.0951179112733053,0,0,0.0,6.708203932499369,0.0463659147869674,0.0505961575141088,-0.2493436640127431,0.0241931711261926,-0.4475524475524475,674363,2065213,453,274,179,15,164,44520,0,44520,0,159,5,52,0.9326414887794198,50,52,12,0.8608998357963875,12,12,0.0,0.0,3,5.656854249492381,8.48528137423857,3,0.0239249203955086,0.0735694822888283,3,0.0496669107093509,0.0512974720710285,3,-0.2752497225305216,-0.2424281232543003,3,0.0237542354154598,0.0244242199407576,3,-0.5104895104895105,-0.3916083916083916,3,641609.0,705753.0,1739590.0,2412665.0,349.0,755.0,196.0,544.0,153.0,211.0,15.0,17.0,138.0,194.0,44520.0,47722.0,0.0,0.0,44520.0,47722.0,0.0,0.0,133.0,188.0,5.0,6.0,52.0,52.0,0.9326414887794198,0.9326414887794198,50.0,51.0,52.0,52.0,12.0,12.0,0.8608998357963875,0.8608998357963875,12.0,12.0,12.0,12.0,-5,100,196.8774739458696,1.1005992041512498,0.06678055999953089,0.11570482215894225,134,253,211,60,17,0,80129.0,6.426483220786329,2.9842148232043693,,,,,9.168035030103995
19,Batch_3,hzumfsms,2088,7000,38.18436703483432,93.0,59,5.94732370433305,5.94732370433305,108.0,49.0,True,False,False,0.1412980979748221,0.0461386836343732,0.8125632183908045,12.246852764094143,61.535472745745395,136.59914175460185,253.51644076694816,0.4797305205925188,0.895794135791776,284.1634246821783,99.82211275314724,162.7097718444662,599.372241621278,3.905375599673969,599.372241621278,0.0606618089764641,0.4105090311986863,0.1141325549450549,0.0533282967032967,0.1545604921394395,0.0245304169514695,0.2312535885167464,0.0173602187286397,0.1256691729323308,0.0583028024606971,0.0784948735475051,0.0426144907723855,0.1228083791208791,0.0658523351648351,0.1599603554340396,0.0293171565276828,0.1198202323991797,0.0719487354750512,0.0896965140123034,0.0474401913875598,0.2163663704716336,0.050820915926179,-2.436900828607803,22.0,cracked,False,True,True,True,False,0,3,59.0,20.989732445410716,0.5043478260869565,77.0,119.0,0.0071763472819041,0.7121016800894573,,data,0.4658385093167702,0.6296296296296297,5.0,0.1412980979748221,0.1190195675971538,0.1650701286261631,0.0461386836343732,0.048286330049261,0.0438977148330596,0.3259106929890524,0.0951179112733053,0,0,0.0,6.708203932499369,0.0463659147869674,0.0505961575141088,-0.2493436640127431,0.0241931711261926,-0.4475524475524475,674363,2065213,453,274,179,15,164,44520,0,44520,0,159,5,52,0.9326414887794198,50,52,12,0.8608998357963875,12,12,0.0,0.0,3,5.656854249492381,8.48528137423857,3,0.0239249203955086,0.0735694822888283,3,0.0496669107093509,0.0512974720710285,3,-0.2752497225305216,-0.2424281232543003,3,0.0237542354154598,0.0244242199407576,3,-0.5104895104895105,-0.3916083916083916,3,641609.0,705753.0,1739590.0,2412665.0,349.0,755.0,196.0,544.0,153.0,211.0,15.0,17.0,138.0,194.0,44520.0,47722.0,0.0,0.0,44520.0,47722.0,0.0,0.0,133.0,188.0,5.0,6.0,52.0,52.0,0.9326414887794198,0.9326414887794198,50.0,51.0,52.0,52.0,12.0,12.0,0.8608998357963875,0.8608998357963875,12.0,12.0,12.0,12.0,0,50,154.42865206834088,1.188864774262039,0.0980534081111968,0.09474752179253287,164,314,179,0,15,0,73033.0,5.810692586582864,3.327425420746807,,,,,11.220580186097427
19,Batch_3,hzumfsms,2088,7000,38.18436703483432,93.0,59,5.94732370433305,5.94732370433305,108.0,49.0,True,False,False,0.1412980979748221,0.0461386836343732,0.8125632183908045,12.246852764094143,61.535472745745395,136.59914175460185,253.51644076694816,0.4797305205925188,0.895794135791776,284.1634246821783,99.82211275314724,162.7097718444662,599.372241621278,3.905375599673969,599.372241621278,0.0606618089764641,0.4105090311986863,0.1141325549450549,0.0533282967032967,0.1545604921394395,0.0245304169514695,0.2312535885167464,0.0173602187286397,0.1256691729323308,0.0583028024606971,0.0784948735475051,0.0426144907723855,0.1228083791208791,0.0658523351648351,0.1599603554340396,0.0293171565276828,0.1198202323991797,0.0719487354750512,0.0896965140123034,0.0474401913875598,0.2163663704716336,0.050820915926179,-2.436900828607803,22.0,cracked,False,True,True,True,False,0,3,59.0,20.989732445410716,0.5043478260869565,77.0,119.0,0.0071763472819041,0.7121016800894573,,data,0.4658385093167702,0.6296296296296297,5.0,0.1412980979748221,0.1190195675971538,0.1650701286261631,0.0461386836343732,0.048286330049261,0.0438977148330596,0.3259106929890524,0.0951179112733053,0,0,0.0,6.708203932499369,0.0463659147869674,0.0505961575141088,-0.2493436640127431,0.0241931711261926,-0.4475524475524475,674363,2065213,453,274,179,15,164,44520,0,44520,0,159,5,52,0.9326414887794198,50,52,12,0.8608998357963875,12,12,0.0,0.0,3,5.656854249492381,8.48528137423857,3,0.0239249203955086,0.0735694822888283,3,0.0496669107093509,0.0512974720710285,3,-0.2752497225305216,-0.2424281232543003,3,0.0237542354154598,0.0244242199407576,3,-0.5104895104895105,-0.3916083916083916,3,641609.0,705753.0,1739590.0,2412665.0,349.0,755.0,196.0,544.0,153.0,211.0,15.0,17.0,138.0,194.0,44520.0,47722.0,0.0,0.0,44520.0,47722.0,0.0,0.0,133.0,188.0,5.0,6.0,52.0,52.0,0.9326414887794198,0.9326414887794198,50.0,51.0,52.0,52.0,12.0,12.0,0.8608998357963875,0.8608998357963875,12.0,12.0,12.0,12.0,0,100,215.60638868578707,1.148498633236596,0.043564884193497994,0.060718804124922046,120,227,179,45,14,0,72942.0,6.8330839836974455,3.1134091360579994,,,,,8.210180623973727
19,Batch_3,hzumfsms,2088,7000,38.18436703483432,93.0,59,5.94732370433305,5.94732370433305,108.0,49.0,True,False,False,0.1412980979748221,0.0461386836343732,0.8125632183908045,12.246852764094143,61.535472745745395,136.59914175460185,253.51644076694816,0.4797305205925188,0.895794135791776,284.1634246821783,99.82211275314724,162.7097718444662,599.372241621278,3.905375599673969,599.372241621278,0.0606618089764641,0.4105090311986863,0.1141325549450549,0.0533282967032967,0.1545604921394395,0.0245304169514695,0.2312535885167464,0.0173602187286397,0.1256691729323308,0.0583028024606971,0.0784948735475051,0.0426144907723855,0.1228083791208791,0.0658523351648351,0.1599603554340396,0.0293171565276828,0.1198202323991797,0.0719487354750512,0.0896965140123034,0.0474401913875598,0.2163663704716336,0.050820915926179,-2.436900828607803,22.0,cracked,False,True,True,True,False,0,3,59.0,20.989732445410716,0.5043478260869565,77.0,119.0,0.0071763472819041,0.7121016800894573,,data,0.4658385093167702,0.6296296296296297,5.0,0.1412980979748221,0.1190195675971538,0.1650701286261631,0.0461386836343732,0.048286330049261,0.0438977148330596,0.3259106929890524,0.0951179112733053,0,0,0.0,6.708203932499369,0.0463659147869674,0.0505961575141088,-0.2493436640127431,0.0241931711261926,-0.4475524475524475,674363,2065213,453,274,179,15,164,44520,0,44520,0,159,5,52,0.9326414887794198,50,52,12,0.8608998357963875,12,12,0.0,0.0,3,5.656854249492381,8.48528137423857,3,0.0239249203955086,0.0735694822888283,3,0.0496669107093509,0.0512974720710285,3,-0.2752497225305216,-0.2424281232543003,3,0.0237542354154598,0.0244242199407576,3,-0.5104895104895105,-0.3916083916083916,3,641609.0,705753.0,1739590.0,2412665.0,349.0,755.0,196.0,544.0,153.0,211.0,15.0,17.0,138.0,194.0,44520.0,47722.0,0.0,0.0,44520.0,47722.0,0.0,0.0,133.0,188.0,5.0,6.0,52.0,52.0,0.9326414887794198,0.9326414887794198,50.0,51.0,52.0,52.0,12.0,12.0,0.8608998357963875,0.8608998357963875,12.0,12.0,12.0,12.0,5,50,177.24881618324622,1.2438056082067812,0.06537496796972408,0.0757688174067425,138,259,153,0,15,0,69904.0,6.028275617043288,3.4527728595569895,,,,,9.441707717569786
19,Batch_3,hzumfsms,2088,7000,38.18436703483432,93.0,59,5.94732370433305,5.94732370433305,108.0,49.0,True,False,False,0.1412980979748221,0.0461386836343732,0.8125632183908045,12.246852764094143,61.535472745745395,136.59914175460185,253.51644076694816,0.4797305205925188,0.895794135791776,284.1634246821783,99.82211275314724,162.7097718444662,599.372241621278,3.905375599673969,599.372241621278,0.0606618089764641,0.4105090311986863,0.1141325549450549,0.0533282967032967,0.1545604921394395,0.0245304169514695,0.2312535885167464,0.0173602187286397,0.1256691729323308,0.0583028024606971,0.0784948735475051,0.0426144907723855,0.1228083791208791,0.0658523351648351,0.1599603554340396,0.0293171565276828,0.1198202323991797,0.0719487354750512,0.0896965140123034,0.0474401913875598,0.2163663704716336,0.050820915926179,-2.436900828607803,22.0,cracked,False,True,True,True,False,0,3,59.0,20.989732445410716,0.5043478260869565,77.0,119.0,0.0071763472819041,0.7121016800894573,,data,0.4658385093167702,0.6296296296296297,5.0,0.1412980979748221,0.1190195675971538,0.1650701286261631,0.0461386836343732,0.048286330049261,0.0438977148330596,0.3259106929890524,0.0951179112733053,0,0,0.0,6.708203932499369,0.0463659147869674,0.0505961575141088,-0.2493436640127431,0.0241931711261926,-0.4475524475524475,674363,2065213,453,274,179,15,164,44520,0,44520,0,159,5,52,0.9326414887794198,50,52,12,0.8608998357963875,12,12,0.0,0.0,3,5.656854249492381,8.48528137423857,3,0.0239249203955086,0.0735694822888283,3,0.0496669107093509,0.0512974720710285,3,-0.2752497225305216,-0.2424281232543003,3,0.0237542354154598,0.0244242199407576,3,-0.5104895104895105,-0.3916083916083916,3,641609.0,705753.0,1739590.0,2412665.0,349.0,755.0,196.0,544.0,153.0,211.0,15.0,17.0,138.0,194.0,44520.0,47722.0,0.0,0.0,44520.0,47722.0,0.0,0.0,133.0,188.0,5.0,6.0,52.0,52.0,0.9326414887794198,0.9326414887794198,50.0,51.0,52.0,52.0,12.0,12.0,0.8608998357963875,0.8608998357963875,12.0,12.0,12.0,12.0,5,100,231.87884226378782,1.2101611626213187,0.1016905849233018,0.11182053663154275,107,203,153,32,14,0,69836.0,7.266827347520591,3.063388611694039,,,,,7.3207443897099065
20,Batch_3,kbdh4tri,2060,7000,46.131690739167375,96.0,61,4.248088360237893,5.097706032285472,108.0,47.0,True,False,False,0.0731418169209431,0.0533211511789181,0.8735370319001388,20.73509015256588,51.27611198090307,137.6530090653622,221.0385058086541,0.4010768366411811,0.8639438237795425,238.6888700143339,100.13869625520113,71.80074454093547,173.17587660148286,3.2972935540293573,203.9028300288694,0.0081428571428571,0.3467406380027739,0.0446026352288488,0.0791761442441054,0.0817669902912621,0.0425832177531206,0.0550797503467406,0.0333141470180305,0.0707850208044382,0.0248744798890429,0.0844223300970873,0.0474313453536754,0.0704986130374479,0.0315832177531206,0.0783037447988904,0.0573072122052704,0.0916490984743411,0.0950977808599167,0.0631733703190013,0.0564715672676837,0.0911366158113731,0.0653723994452149,-2.294659232563551,19.0,grey_pore,True,False,False,False,True,0,24,63.0,16.905245377578236,0.0,72.0,45.0,0.0101968776400019,0.7418822066910136,data+list,data,0.0,0.0,5.0,0.0731418169209431,0.0543294729542302,0.0942377253814147,0.0533211511789181,0.0601847434119278,0.0474448682385575,0.5456283984621292,0.2389272341593282,0,0,0.0,11.180339887498947,0.0133963750985027,0.0448441821895919,-0.0024758814991889,0.0192004946011577,0.2797202797202798,768891,1054705,1228,929,299,29,270,69924,0,69924,0,259,11,52,0.9453181692094312,52,52,12,0.872601386962552,12,12,0.0,0.0,3,6.854101966249685,16.338730426921973,3,0.0007639811376248,0.0356401394808779,3,0.0421411928112119,0.0480229784433328,3,-0.0283445744045078,0.0146845385469136,3,0.0186309837417102,0.0197888630112624,3,0.1818181818181818,0.2797202797202798,3,684155.0,867864.0,783431.0,1358908.0,769.0,2086.0,535.0,1635.0,234.0,451.0,26.0,37.0,208.0,414.0,69924.0,83966.0,0.0,0.0,69924.0,83966.0,0.0,0.0,196.0,404.0,10.0,12.0,52.0,52.0,0.9453181692094312,0.9453181692094312,51.0,52.0,52.0,52.0,12.0,12.0,0.872601386962552,0.872601386962552,12.0,12.0,12.0,12.0,-5,50,97.79228148460604,1.2785341530454544,0.1430392152127822,-0.020683541386315726,414,805,451,0,37,0,87338.0,4.969789186340241,2.0562350741157145,,,,,28.71012482662968
20,Batch_3,kbdh4tri,2060,7000,46.131690739167375,96.0,61,4.248088360237893,5.097706032285472,108.0,47.0,True,False,False,0.0731418169209431,0.0533211511789181,0.8735370319001388,20.73509015256588,51.27611198090307,137.6530090653622,221.0385058086541,0.4010768366411811,0.8639438237795425,238.6888700143339,100.13869625520113,71.80074454093547,173.17587660148286,3.2972935540293573,203.9028300288694,0.0081428571428571,0.3467406380027739,0.0446026352288488,0.0791761442441054,0.0817669902912621,0.0425832177531206,0.0550797503467406,0.0333141470180305,0.0707850208044382,0.0248744798890429,0.0844223300970873,0.0474313453536754,0.0704986130374479,0.0315832177531206,0.0783037447988904,0.0573072122052704,0.0916490984743411,0.0950977808599167,0.0631733703190013,0.0564715672676837,0.0911366158113731,0.0653723994452149,-2.294659232563551,19.0,grey_pore,True,False,False,False,True,0,24,63.0,16.905245377578236,0.0,72.0,45.0,0.0101968776400019,0.7418822066910136,data+list,data,0.0,0.0,5.0,0.0731418169209431,0.0543294729542302,0.0942377253814147,0.0533211511789181,0.0601847434119278,0.0474448682385575,0.5456283984621292,0.2389272341593282,0,0,0.0,11.180339887498947,0.0133963750985027,0.0448441821895919,-0.0024758814991889,0.0192004946011577,0.2797202797202798,768891,1054705,1228,929,299,29,270,69924,0,69924,0,259,11,52,0.9453181692094312,52,52,12,0.872601386962552,12,12,0.0,0.0,3,6.854101966249685,16.338730426921973,3,0.0007639811376248,0.0356401394808779,3,0.0421411928112119,0.0480229784433328,3,-0.0283445744045078,0.0146845385469136,3,0.0186309837417102,0.0197888630112624,3,0.1818181818181818,0.2797202797202798,3,684155.0,867864.0,783431.0,1358908.0,769.0,2086.0,535.0,1635.0,234.0,451.0,26.0,37.0,208.0,414.0,69924.0,83966.0,0.0,0.0,69924.0,83966.0,0.0,0.0,196.0,404.0,10.0,12.0,52.0,52.0,0.9453181692094312,0.9453181692094312,51.0,52.0,52.0,52.0,12.0,12.0,0.872601386962552,0.872601386962552,12.0,12.0,12.0,12.0,-5,100,149.8804341926764,0.9987471174146262,0.1311729910956216,-0.02544405073471444,265,511,451,153,33,0,87009.0,5.8998973535824915,2.348195604246098,,,,,18.377253814147018
20,Batch_3,kbdh4tri,2060,7000,46.131690739167375,96.0,61,4.248088360237893,5.097706032285472,108.0,47.0,True,False,False,0.0731418169209431,0.0533211511789181,0.8735370319001388,20.73509015256588,51.27611198090307,137.6530090653622,221.0385058086541,0.4010768366411811,0.8639438237795425,238.6888700143339,100.13869625520113,71.80074454093547,173.17587660148286,3.2972935540293573,203.9028300288694,0.0081428571428571,0.3467406380027739,0.0446026352288488,0.0791761442441054,0.0817669902912621,0.0425832177531206,0.0550797503467406,0.0333141470180305,0.0707850208044382,0.0248744798890429,0.0844223300970873,0.0474313453536754,0.0704986130374479,0.0315832177531206,0.0783037447988904,0.0573072122052704,0.0916490984743411,0.0950977808599167,0.0631733703190013,0.0564715672676837,0.0911366158113731,0.0653723994452149,-2.294659232563551,19.0,grey_pore,True,False,False,False,True,0,24,63.0,16.905245377578236,0.0,72.0,45.0,0.0101968776400019,0.7418822066910136,data+list,data,0.0,0.0,5.0,0.0731418169209431,0.0543294729542302,0.0942377253814147,0.0533211511789181,0.0601847434119278,0.0474448682385575,0.5456283984621292,0.2389272341593282,0,0,0.0,11.180339887498947,0.0133963750985027,0.0448441821895919,-0.0024758814991889,0.0192004946011577,0.2797202797202798,768891,1054705,1228,929,299,29,270,69924,0,69924,0,259,11,52,0.9453181692094312,52,52,12,0.872601386962552,12,12,0.0,0.0,3,6.854101966249685,16.338730426921973,3,0.0007639811376248,0.0356401394808779,3,0.0421411928112119,0.0480229784433328,3,-0.0283445744045078,0.0146845385469136,3,0.0186309837417102,0.0197888630112624,3,0.1818181818181818,0.2797202797202798,3,684155.0,867864.0,783431.0,1358908.0,769.0,2086.0,535.0,1635.0,234.0,451.0,26.0,37.0,208.0,414.0,69924.0,83966.0,0.0,0.0,69924.0,83966.0,0.0,0.0,196.0,404.0,10.0,12.0,52.0,52.0,0.9453181692094312,0.9453181692094312,51.0,52.0,52.0,52.0,12.0,12.0,0.872601386962552,0.872601386962552,12.0,12.0,12.0,12.0,0,50,126.20865523516308,1.3017190979164308,0.1431794880299117,-0.014085577631058891,270,531,299,0,29,0,66643.0,5.239010050879916,2.4511647380348487,,,,,18.723994452149793
20,Batch_3,kbdh4tri,2060,7000,46.131690739167375,96.0,61,4.248088360237893,5.097706032285472,108.0,47.0,True,False,False,0.0731418169209431,0.0533211511789181,0.8735370319001388,20.73509015256588,51.27611198090307,137.6530090653622,221.0385058086541,0.4010768366411811,0.8639438237795425,238.6888700143339,100.13869625520113,71.80074454093547,173.17587660148286,3.2972935540293573,203.9028300288694,0.0081428571428571,0.3467406380027739,0.0446026352288488,0.0791761442441054,0.0817669902912621,0.0425832177531206,0.0550797503467406,0.0333141470180305,0.0707850208044382,0.0248744798890429,0.0844223300970873,0.0474313453536754,0.0704986130374479,0.0315832177531206,0.0783037447988904,0.0573072122052704,0.0916490984743411,0.0950977808599167,0.0631733703190013,0.0564715672676837,0.0911366158113731,0.0653723994452149,-2.294659232563551,19.0,grey_pore,True,False,False,False,True,0,24,63.0,16.905245377578236,0.0,72.0,45.0,0.0101968776400019,0.7418822066910136,data+list,data,0.0,0.0,5.0,0.0731418169209431,0.0543294729542302,0.0942377253814147,0.0533211511789181,0.0601847434119278,0.0474448682385575,0.5456283984621292,0.2389272341593282,0,0,0.0,11.180339887498947,0.0133963750985027,0.0448441821895919,-0.0024758814991889,0.0192004946011577,0.2797202797202798,768891,1054705,1228,929,299,29,270,69924,0,69924,0,259,11,52,0.9453181692094312,52,52,12,0.872601386962552,12,12,0.0,0.0,3,6.854101966249685,16.338730426921973,3,0.0007639811376248,0.0356401394808779,3,0.0421411928112119,0.0480229784433328,3,-0.0283445744045078,0.0146845385469136,3,0.0186309837417102,0.0197888630112624,3,0.1818181818181818,0.2797202797202798,3,684155.0,867864.0,783431.0,1358908.0,769.0,2086.0,535.0,1635.0,234.0,451.0,26.0,37.0,208.0,414.0,69924.0,83966.0,0.0,0.0,69924.0,83966.0,0.0,0.0,196.0,404.0,10.0,12.0,52.0,52.0,0.9453181692094312,0.9453181692094312,51.0,52.0,52.0,52.0,12.0,12.0,0.872601386962552,0.872601386962552,12.0,12.0,12.0,12.0,0,100,178.47046696283192,0.9466480325758008,0.13013590258220528,-0.030182379792145282,182,351,299,92,25,0,66403.0,6.286924865989899,2.6583448793355267,,,,,12.62135922330097
20,Batch_3,kbdh4tri,2060,7000,46.131690739167375,96.0,61,4.248088360237893,5.097706032285472,108.0,47.0,True,False,False,0.0731418169209431,0.0533211511789181,0.8735370319001388,20.73509015256588,51.27611198090307,137.6530090653622,221.0385058086541,0.4010768366411811,0.8639438237795425,238.6888700143339,100.13869625520113,71.80074454093547,173.17587660148286,3.2972935540293573,203.9028300288694,0.0081428571428571,0.3467406380027739,0.0446026352288488,0.0791761442441054,0.0817669902912621,0.0425832177531206,0.0550797503467406,0.0333141470180305,0.0707850208044382,0.0248744798890429,0.0844223300970873,0.0474313453536754,0.0704986130374479,0.0315832177531206,0.0783037447988904,0.0573072122052704,0.0916490984743411,0.0950977808599167,0.0631733703190013,0.0564715672676837,0.0911366158113731,0.0653723994452149,-2.294659232563551,19.0,grey_pore,True,False,False,False,True,0,24,63.0,16.905245377578236,0.0,72.0,45.0,0.0101968776400019,0.7418822066910136,data+list,data,0.0,0.0,5.0,0.0731418169209431,0.0543294729542302,0.0942377253814147,0.0533211511789181,0.0601847434119278,0.0474448682385575,0.5456283984621292,0.2389272341593282,0,0,0.0,11.180339887498947,0.0133963750985027,0.0448441821895919,-0.0024758814991889,0.0192004946011577,0.2797202797202798,768891,1054705,1228,929,299,29,270,69924,0,69924,0,259,11,52,0.9453181692094312,52,52,12,0.872601386962552,12,12,0.0,0.0,3,6.854101966249685,16.338730426921973,3,0.0007639811376248,0.0356401394808779,3,0.0421411928112119,0.0480229784433328,3,-0.0283445744045078,0.0146845385469136,3,0.0186309837417102,0.0197888630112624,3,0.1818181818181818,0.2797202797202798,3,684155.0,867864.0,783431.0,1358908.0,769.0,2086.0,535.0,1635.0,234.0,451.0,26.0,37.0,208.0,414.0,69924.0,83966.0,0.0,0.0,69924.0,83966.0,0.0,0.0,196.0,404.0,10.0,12.0,52.0,52.0,0.9453181692094312,0.9453181692094312,51.0,52.0,52.0,52.0,12.0,12.0,0.872601386962552,0.872601386962552,12.0,12.0,12.0,12.0,5,50,124.15248263636948,1.5157876893127187,0.15494340616575503,0.04613651053611793,208,402,234,0,26,0,56846.0,5.544986673227239,2.961266534820835,,,,,14.424410540915396
20,Batch_3,kbdh4tri,2060,7000,46.131690739167375,96.0,61,4.248088360237893,5.097706032285472,108.0,47.0,True,False,False,0.0731418169209431,0.0533211511789181,0.8735370319001388,20.73509015256588,51.27611198090307,137.6530090653622,221.0385058086541,0.4010768366411811,0.8639438237795425,238.6888700143339,100.13869625520113,71.80074454093547,173.17587660148286,3.2972935540293573,203.9028300288694,0.0081428571428571,0.3467406380027739,0.0446026352288488,0.0791761442441054,0.0817669902912621,0.0425832177531206,0.0550797503467406,0.0333141470180305,0.0707850208044382,0.0248744798890429,0.0844223300970873,0.0474313453536754,0.0704986130374479,0.0315832177531206,0.0783037447988904,0.0573072122052704,0.0916490984743411,0.0950977808599167,0.0631733703190013,0.0564715672676837,0.0911366158113731,0.0653723994452149,-2.294659232563551,19.0,grey_pore,True,False,False,False,True,0,24,63.0,16.905245377578236,0.0,72.0,45.0,0.0101968776400019,0.7418822066910136,data+list,data,0.0,0.0,5.0,0.0731418169209431,0.0543294729542302,0.0942377253814147,0.0533211511789181,0.0601847434119278,0.0474448682385575,0.5456283984621292,0.2389272341593282,0,0,0.0,11.180339887498947,0.0133963750985027,0.0448441821895919,-0.0024758814991889,0.0192004946011577,0.2797202797202798,768891,1054705,1228,929,299,29,270,69924,0,69924,0,259,11,52,0.9453181692094312,52,52,12,0.872601386962552,12,12,0.0,0.0,3,6.854101966249685,16.338730426921973,3,0.0007639811376248,0.0356401394808779,3,0.0421411928112119,0.0480229784433328,3,-0.0283445744045078,0.0146845385469136,3,0.0186309837417102,0.0197888630112624,3,0.1818181818181818,0.2797202797202798,3,684155.0,867864.0,783431.0,1358908.0,769.0,2086.0,535.0,1635.0,234.0,451.0,26.0,37.0,208.0,414.0,69924.0,83966.0,0.0,0.0,69924.0,83966.0,0.0,0.0,196.0,404.0,10.0,12.0,52.0,52.0,0.9453181692094312,0.9453181692094312,51.0,52.0,52.0,52.0,12.0,12.0,0.872601386962552,0.872601386962552,12.0,12.0,12.0,12.0,5,100,189.41936253949933,1.1631843766905587,0.15802470761406995,-0.07182880509944205,144,282,234,70,20,0,56413.0,6.494493700636733,2.6694518250585935,,,,,9.98613037447989
21,Batch_3,mgxahqnk,1904,7000,37.15802888700085,97.0,55,5.097706032285472,5.94732370433305,118.0,63.0,True,False,False,0.0962781362545018,0.0642875900360144,0.8394342737094839,10.87935174069628,79.62871927125985,208.74404647671145,345.31721115899643,0.4211876368178272,0.8836414928554789,345.31721115899643,99.11464585834334,103.7924842558661,204.1430957410184,3.3887800404934088,274.89873309842915,0.0177163115246098,0.6002400960384154,0.0756172932330827,0.0446195488721804,0.1045007518796992,0.0650338345864661,0.142845923709798,0.0844517576664173,0.0837857142857142,0.0656195488721804,0.0941675392670157,0.0293649962602842,0.0978954887218045,0.1103526315789473,0.0824255639097744,0.062872932330827,0.1002864622288706,0.0509259536275243,0.1120774436090225,0.0749488721804511,0.0690673148840688,0.054883320867614,-2.2929228642222443,23.0,ordinary,False,False,False,True,False,0,1,56.0,23.431258501593614,0.0977443609022556,76.0,89.0,0.0057725950960428,0.6357580784962104,,data,0.1411042944785276,0.3181818181818182,5.0,0.0962781362545018,0.0802527761104441,0.1139462034813925,0.0642875900360144,0.066984768907563,0.0614812424969988,0.3499592813251299,0.0856079129343797,0,0,0.0,6.0,0.055977229601518,0.0910764436082379,0.0572874493927125,0.0338674566624907,0.1428571428571428,856825,1283195,437,292,145,15,130,50586,0,50586,0,125,5,39,0.767078031212485,39,39,6,0.4720480192076831,6,6,0.0,0.0,3,5.0990195135927845,7.211102550927978,3,0.0317206023710349,0.0944720678560982,3,0.0873857783744161,0.0928366067645095,3,0.0544534412955465,0.0682186234817813,3,0.0331292360784051,0.0346753554691375,3,-0.0285714285714285,0.1428571428571428,3,819422.0,892773.0,1069609.0,1518675.0,284.0,884.0,155.0,683.0,129.0,201.0,14.0,16.0,115.0,185.0,50336.0,61344.0,0.0,0.0,50336.0,61344.0,0.0,0.0,111.0,179.0,4.0,6.0,39.0,39.0,0.767078031212485,0.767078031212485,38.0,39.0,39.0,39.0,6.0,6.0,0.4720480192076831,0.4720480192076831,6.0,6.0,6.0,6.0,-5,50,162.21643505949015,1.32670554368757,0.0948254008314803,0.2619827911523966,185,361,201,0,16,0,92011.0,5.552959584921617,2.973827438165941,,,,,13.880552220888354
21,Batch_3,mgxahqnk,1904,7000,37.15802888700085,97.0,55,5.097706032285472,5.94732370433305,118.0,63.0,True,False,False,0.0962781362545018,0.0642875900360144,0.8394342737094839,10.87935174069628,79.62871927125985,208.74404647671145,345.31721115899643,0.4211876368178272,0.8836414928554789,345.31721115899643,99.11464585834334,103.7924842558661,204.1430957410184,3.3887800404934088,274.89873309842915,0.0177163115246098,0.6002400960384154,0.0756172932330827,0.0446195488721804,0.1045007518796992,0.0650338345864661,0.142845923709798,0.0844517576664173,0.0837857142857142,0.0656195488721804,0.0941675392670157,0.0293649962602842,0.0978954887218045,0.1103526315789473,0.0824255639097744,0.062872932330827,0.1002864622288706,0.0509259536275243,0.1120774436090225,0.0749488721804511,0.0690673148840688,0.054883320867614,-2.2929228642222443,23.0,ordinary,False,False,False,True,False,0,1,56.0,23.431258501593614,0.0977443609022556,76.0,89.0,0.0057725950960428,0.6357580784962104,,data,0.1411042944785276,0.3181818181818182,5.0,0.0962781362545018,0.0802527761104441,0.1139462034813925,0.0642875900360144,0.066984768907563,0.0614812424969988,0.3499592813251299,0.0856079129343797,0,0,0.0,6.0,0.055977229601518,0.0910764436082379,0.0572874493927125,0.0338674566624907,0.1428571428571428,856825,1283195,437,292,145,15,130,50586,0,50586,0,125,5,39,0.767078031212485,39,39,6,0.4720480192076831,6,6,0.0,0.0,3,5.0990195135927845,7.211102550927978,3,0.0317206023710349,0.0944720678560982,3,0.0873857783744161,0.0928366067645095,3,0.0544534412955465,0.0682186234817813,3,0.0331292360784051,0.0346753554691375,3,-0.0285714285714285,0.1428571428571428,3,819422.0,892773.0,1069609.0,1518675.0,284.0,884.0,155.0,683.0,129.0,201.0,14.0,16.0,115.0,185.0,50336.0,61344.0,0.0,0.0,50336.0,61344.0,0.0,0.0,111.0,179.0,4.0,6.0,39.0,39.0,0.767078031212485,0.767078031212485,38.0,39.0,39.0,39.0,6.0,6.0,0.4720480192076831,0.4720480192076831,6.0,6.0,6.0,6.0,-5,100,217.1025314398962,0.948814682736105,0.1271590720845947,0.22975834128526995,130,248,201,57,14,0,91885.0,6.754601382694648,3.1822535964895504,,,,,9.75390156062425
21,Batch_3,mgxahqnk,1904,7000,37.15802888700085,97.0,55,5.097706032285472,5.94732370433305,118.0,63.0,True,False,False,0.0962781362545018,0.0642875900360144,0.8394342737094839,10.87935174069628,79.62871927125985,208.74404647671145,345.31721115899643,0.4211876368178272,0.8836414928554789,345.31721115899643,99.11464585834334,103.7924842558661,204.1430957410184,3.3887800404934088,274.89873309842915,0.0177163115246098,0.6002400960384154,0.0756172932330827,0.0446195488721804,0.1045007518796992,0.0650338345864661,0.142845923709798,0.0844517576664173,0.0837857142857142,0.0656195488721804,0.0941675392670157,0.0293649962602842,0.0978954887218045,0.1103526315789473,0.0824255639097744,0.062872932330827,0.1002864622288706,0.0509259536275243,0.1120774436090225,0.0749488721804511,0.0690673148840688,0.054883320867614,-2.2929228642222443,23.0,ordinary,False,False,False,True,False,0,1,56.0,23.431258501593614,0.0977443609022556,76.0,89.0,0.0057725950960428,0.6357580784962104,,data,0.1411042944785276,0.3181818181818182,5.0,0.0962781362545018,0.0802527761104441,0.1139462034813925,0.0642875900360144,0.066984768907563,0.0614812424969988,0.3499592813251299,0.0856079129343797,0,0,0.0,6.0,0.055977229601518,0.0910764436082379,0.0572874493927125,0.0338674566624907,0.1428571428571428,856825,1283195,437,292,145,15,130,50586,0,50586,0,125,5,39,0.767078031212485,39,39,6,0.4720480192076831,6,6,0.0,0.0,3,5.0990195135927845,7.211102550927978,3,0.0317206023710349,0.0944720678560982,3,0.0873857783744161,0.0928366067645095,3,0.0544534412955465,0.0682186234817813,3,0.0331292360784051,0.0346753554691375,3,-0.0285714285714285,0.1428571428571428,3,819422.0,892773.0,1069609.0,1518675.0,284.0,884.0,155.0,683.0,129.0,201.0,14.0,16.0,115.0,185.0,50336.0,61344.0,0.0,0.0,50336.0,61344.0,0.0,0.0,111.0,179.0,4.0,6.0,39.0,39.0,0.767078031212485,0.767078031212485,38.0,39.0,39.0,39.0,6.0,6.0,0.4720480192076831,0.4720480192076831,6.0,6.0,6.0,6.0,0,50,194.89386539723276,0.9402251972478145,0.1592621080952711,0.13812041589221022,130,247,145,0,15,0,89932.0,6.675192306724637,3.541207031760689,,,,,9.75390156062425
21,Batch_3,mgxahqnk,1904,7000,37.15802888700085,97.0,55,5.097706032285472,5.94732370433305,118.0,63.0,True,False,False,0.0962781362545018,0.0642875900360144,0.8394342737094839,10.87935174069628,79.62871927125985,208.74404647671145,345.31721115899643,0.4211876368178272,0.8836414928554789,345.31721115899643,99.11464585834334,103.7924842558661,204.1430957410184,3.3887800404934088,274.89873309842915,0.0177163115246098,0.6002400960384154,0.0756172932330827,0.0446195488721804,0.1045007518796992,0.0650338345864661,0.142845923709798,0.0844517576664173,0.0837857142857142,0.0656195488721804,0.0941675392670157,0.0293649962602842,0.0978954887218045,0.1103526315789473,0.0824255639097744,0.062872932330827,0.1002864622288706,0.0509259536275243,0.1120774436090225,0.0749488721804511,0.0690673148840688,0.054883320867614,-2.2929228642222443,23.0,ordinary,False,False,False,True,False,0,1,56.0,23.431258501593614,0.0977443609022556,76.0,89.0,0.0057725950960428,0.6357580784962104,,data,0.1411042944785276,0.3181818181818182,5.0,0.0962781362545018,0.0802527761104441,0.1139462034813925,0.0642875900360144,0.066984768907563,0.0614812424969988,0.3499592813251299,0.0856079129343797,0,0,0.0,6.0,0.055977229601518,0.0910764436082379,0.0572874493927125,0.0338674566624907,0.1428571428571428,856825,1283195,437,292,145,15,130,50586,0,50586,0,125,5,39,0.767078031212485,39,39,6,0.4720480192076831,6,6,0.0,0.0,3,5.0990195135927845,7.211102550927978,3,0.0317206023710349,0.0944720678560982,3,0.0873857783744161,0.0928366067645095,3,0.0544534412955465,0.0682186234817813,3,0.0331292360784051,0.0346753554691375,3,-0.0285714285714285,0.1428571428571428,3,819422.0,892773.0,1069609.0,1518675.0,284.0,884.0,155.0,683.0,129.0,201.0,14.0,16.0,115.0,185.0,50336.0,61344.0,0.0,0.0,50336.0,61344.0,0.0,0.0,111.0,179.0,4.0,6.0,39.0,39.0,0.767078031212485,0.767078031212485,38.0,39.0,39.0,39.0,6.0,6.0,0.4720480192076831,0.4720480192076831,6.0,6.0,6.0,6.0,0,100,252.37364448854765,0.8038824555760155,0.17803506749314263,0.06807361585386237,101,196,145,31,13,0,89778.0,7.1693500166706,2.944438979166441,,,,,7.578031212484994
21,Batch_3,mgxahqnk,1904,7000,37.15802888700085,97.0,55,5.097706032285472,5.94732370433305,118.0,63.0,True,False,False,0.0962781362545018,0.0642875900360144,0.8394342737094839,10.87935174069628,79.62871927125985,208.74404647671145,345.31721115899643,0.4211876368178272,0.8836414928554789,345.31721115899643,99.11464585834334,103.7924842558661,204.1430957410184,3.3887800404934088,274.89873309842915,0.0177163115246098,0.6002400960384154,0.0756172932330827,0.0446195488721804,0.1045007518796992,0.0650338345864661,0.142845923709798,0.0844517576664173,0.0837857142857142,0.0656195488721804,0.0941675392670157,0.0293649962602842,0.0978954887218045,0.1103526315789473,0.0824255639097744,0.062872932330827,0.1002864622288706,0.0509259536275243,0.1120774436090225,0.0749488721804511,0.0690673148840688,0.054883320867614,-2.2929228642222443,23.0,ordinary,False,False,False,True,False,0,1,56.0,23.431258501593614,0.0977443609022556,76.0,89.0,0.0057725950960428,0.6357580784962104,,data,0.1411042944785276,0.3181818181818182,5.0,0.0962781362545018,0.0802527761104441,0.1139462034813925,0.0642875900360144,0.066984768907563,0.0614812424969988,0.3499592813251299,0.0856079129343797,0,0,0.0,6.0,0.055977229601518,0.0910764436082379,0.0572874493927125,0.0338674566624907,0.1428571428571428,856825,1283195,437,292,145,15,130,50586,0,50586,0,125,5,39,0.767078031212485,39,39,6,0.4720480192076831,6,6,0.0,0.0,3,5.0990195135927845,7.211102550927978,3,0.0317206023710349,0.0944720678560982,3,0.0873857783744161,0.0928366067645095,3,0.0544534412955465,0.0682186234817813,3,0.0331292360784051,0.0346753554691375,3,-0.0285714285714285,0.1428571428571428,3,819422.0,892773.0,1069609.0,1518675.0,284.0,884.0,155.0,683.0,129.0,201.0,14.0,16.0,115.0,185.0,50336.0,61344.0,0.0,0.0,50336.0,61344.0,0.0,0.0,111.0,179.0,4.0,6.0,39.0,39.0,0.767078031212485,0.767078031212485,38.0,39.0,39.0,39.0,6.0,6.0,0.4720480192076831,0.4720480192076831,6.0,6.0,6.0,6.0,5,50,213.71770734584635,0.8570086577674106,0.1469749225406729,0.0650010649160425,115,220,129,0,14,0,87423.0,6.774223886357614,3.066586188303921,,,,,8.628451380552221
21,Batch_3,mgxahqnk,1904,7000,37.15802888700085,97.0,55,5.097706032285472,5.94732370433305,118.0,63.0,True,False,False,0.0962781362545018,0.0642875900360144,0.8394342737094839,10.87935174069628,79.62871927125985,208.74404647671145,345.31721115899643,0.4211876368178272,0.8836414928554789,345.31721115899643,99.11464585834334,103.7924842558661,204.1430957410184,3.3887800404934088,274.89873309842915,0.0177163115246098,0.6002400960384154,0.0756172932330827,0.0446195488721804,0.1045007518796992,0.0650338345864661,0.142845923709798,0.0844517576664173,0.0837857142857142,0.0656195488721804,0.0941675392670157,0.0293649962602842,0.0978954887218045,0.1103526315789473,0.0824255639097744,0.062872932330827,0.1002864622288706,0.0509259536275243,0.1120774436090225,0.0749488721804511,0.0690673148840688,0.054883320867614,-2.2929228642222443,23.0,ordinary,False,False,False,True,False,0,1,56.0,23.431258501593614,0.0977443609022556,76.0,89.0,0.0057725950960428,0.6357580784962104,,data,0.1411042944785276,0.3181818181818182,5.0,0.0962781362545018,0.0802527761104441,0.1139462034813925,0.0642875900360144,0.066984768907563,0.0614812424969988,0.3499592813251299,0.0856079129343797,0,0,0.0,6.0,0.055977229601518,0.0910764436082379,0.0572874493927125,0.0338674566624907,0.1428571428571428,856825,1283195,437,292,145,15,130,50586,0,50586,0,125,5,39,0.767078031212485,39,39,6,0.4720480192076831,6,6,0.0,0.0,3,5.0990195135927845,7.211102550927978,3,0.0317206023710349,0.0944720678560982,3,0.0873857783744161,0.0928366067645095,3,0.0544534412955465,0.0682186234817813,3,0.0331292360784051,0.0346753554691375,3,-0.0285714285714285,0.1428571428571428,3,819422.0,892773.0,1069609.0,1518675.0,284.0,884.0,155.0,683.0,129.0,201.0,14.0,16.0,115.0,185.0,50336.0,61344.0,0.0,0.0,50336.0,61344.0,0.0,0.0,111.0,179.0,4.0,6.0,39.0,39.0,0.767078031212485,0.767078031212485,38.0,39.0,39.0,39.0,6.0,6.0,0.4720480192076831,0.4720480192076831,6.0,6.0,6.0,6.0,5,100,243.2224307700875,0.8763612583922377,0.18766642013873472,0.07943158475389814,105,207,129,12,12,0,87259.0,6.990256500493881,2.769516523202811,,,,,7.878151260504201
22,Batch_3,pl8uabbv,2272,7000,34.15802888700085,93.0,52,5.097706032285472,6.796941376380628,112.0,60.0,True,False,False,0.1044060613682092,0.0528852489939637,0.842708689637827,18.045774647887324,53.04582352895192,133.55929777345952,232.4598019402603,0.3718524200004838,0.8564546073196614,272.6874816563427,108.96629778672032,106.79141633199202,253.70972623075795,3.194286744490535,355.08821280856176,0.0201550553319919,0.4401408450704225,0.0680245437382001,0.0882083071113908,0.1008949024543738,0.0477004405286343,0.1343643801132787,0.0313700440528634,0.1224229074889867,0.0562297042164883,0.093422932330827,0.0635770676691729,0.1007331655129012,0.0381969792322215,0.0954210195091252,0.0188527375707992,0.1357621145374449,0.0366412838263058,0.1015003146633102,0.0362315921963499,0.0916190476190476,0.1115388471177944,-2.185501218433075,16.0,ordinary,False,False,True,True,False,0,0,53.0,23.296855735406723,0.390625,76.0,133.0,0.0066242195011082,0.9487104780014236,,data,0.2592592592592592,0.5079365079365079,5.0,0.1044060613682092,0.0896438631790744,0.1215898516096579,0.0528852489939637,0.0561016725352112,0.0496051307847082,0.3059782929452675,0.1228422267851007,0,0,0.0,6.4031242374328485,0.0385022794314829,0.0459880274162619,0.0257833176812089,0.0226594159891684,-0.3566433566433566,841087,1660474,809,522,287,28,259,72600,0,72600,0,248,11,52,0.8571106639839035,52,52,12,0.7911790744466801,12,12,0.0,0.0,3,5.0990195135927845,8.0,3,0.0270048369015467,0.0615902734498857,3,0.043775198799524,0.0482678717519274,3,0.0257833176812089,0.0350038418850849,3,0.0208990380369389,0.0243569065354844,3,-0.3986013986013986,-0.3566433566433566,3,788920.0,892241.0,1425696.0,1933765.0,634.0,1215.0,390.0,869.0,244.0,346.0,22.0,34.0,222.0,312.0,72600.0,79448.0,0.0,0.0,72600.0,79448.0,0.0,0.0,212.0,302.0,10.0,11.0,52.0,52.0,0.8571106639839035,0.8571106639839035,51.0,52.0,52.0,52.0,12.0,12.0,0.7911790744466801,0.7911790744466801,12.0,12.0,12.0,12.0,-5,50,105.49246349506413,1.5551297044909373,0.07548198561380674,0.09802197346308336,312,598,346,0,34,0,173248.0,5.150191354980612,2.7862924605486716,,,,,19.61770623742455
22,Batch_3,pl8uabbv,2272,7000,34.15802888700085,93.0,52,5.097706032285472,6.796941376380628,112.0,60.0,True,False,False,0.1044060613682092,0.0528852489939637,0.842708689637827,18.045774647887324,53.04582352895192,133.55929777345952,232.4598019402603,0.3718524200004838,0.8564546073196614,272.6874816563427,108.96629778672032,106.79141633199202,253.70972623075795,3.194286744490535,355.08821280856176,0.0201550553319919,0.4401408450704225,0.0680245437382001,0.0882083071113908,0.1008949024543738,0.0477004405286343,0.1343643801132787,0.0313700440528634,0.1224229074889867,0.0562297042164883,0.093422932330827,0.0635770676691729,0.1007331655129012,0.0381969792322215,0.0954210195091252,0.0188527375707992,0.1357621145374449,0.0366412838263058,0.1015003146633102,0.0362315921963499,0.0916190476190476,0.1115388471177944,-2.185501218433075,16.0,ordinary,False,False,True,True,False,0,0,53.0,23.296855735406723,0.390625,76.0,133.0,0.0066242195011082,0.9487104780014236,,data,0.2592592592592592,0.5079365079365079,5.0,0.1044060613682092,0.0896438631790744,0.1215898516096579,0.0528852489939637,0.0561016725352112,0.0496051307847082,0.3059782929452675,0.1228422267851007,0,0,0.0,6.4031242374328485,0.0385022794314829,0.0459880274162619,0.0257833176812089,0.0226594159891684,-0.3566433566433566,841087,1660474,809,522,287,28,259,72600,0,72600,0,248,11,52,0.8571106639839035,52,52,12,0.7911790744466801,12,12,0.0,0.0,3,5.0990195135927845,8.0,3,0.0270048369015467,0.0615902734498857,3,0.043775198799524,0.0482678717519274,3,0.0257833176812089,0.0350038418850849,3,0.0208990380369389,0.0243569065354844,3,-0.3986013986013986,-0.3566433566433566,3,788920.0,892241.0,1425696.0,1933765.0,634.0,1215.0,390.0,869.0,244.0,346.0,22.0,34.0,222.0,312.0,72600.0,79448.0,0.0,0.0,72600.0,79448.0,0.0,0.0,212.0,302.0,10.0,11.0,52.0,52.0,0.8571106639839035,0.8571106639839035,51.0,52.0,52.0,52.0,12.0,12.0,0.7911790744466801,0.7911790744466801,12.0,12.0,12.0,12.0,-5,100,166.4677287830105,1.2156537893374666,0.09121124958438985,0.036998535907493364,211,394,346,104,31,0,173038.0,6.517671272912275,2.8267439872061146,,,,,13.267102615694165
22,Batch_3,pl8uabbv,2272,7000,34.15802888700085,93.0,52,5.097706032285472,6.796941376380628,112.0,60.0,True,False,False,0.1044060613682092,0.0528852489939637,0.842708689637827,18.045774647887324,53.04582352895192,133.55929777345952,232.4598019402603,0.3718524200004838,0.8564546073196614,272.6874816563427,108.96629778672032,106.79141633199202,253.70972623075795,3.194286744490535,355.08821280856176,0.0201550553319919,0.4401408450704225,0.0680245437382001,0.0882083071113908,0.1008949024543738,0.0477004405286343,0.1343643801132787,0.0313700440528634,0.1224229074889867,0.0562297042164883,0.093422932330827,0.0635770676691729,0.1007331655129012,0.0381969792322215,0.0954210195091252,0.0188527375707992,0.1357621145374449,0.0366412838263058,0.1015003146633102,0.0362315921963499,0.0916190476190476,0.1115388471177944,-2.185501218433075,16.0,ordinary,False,False,True,True,False,0,0,53.0,23.296855735406723,0.390625,76.0,133.0,0.0066242195011082,0.9487104780014236,,data,0.2592592592592592,0.5079365079365079,5.0,0.1044060613682092,0.0896438631790744,0.1215898516096579,0.0528852489939637,0.0561016725352112,0.0496051307847082,0.3059782929452675,0.1228422267851007,0,0,0.0,6.4031242374328485,0.0385022794314829,0.0459880274162619,0.0257833176812089,0.0226594159891684,-0.3566433566433566,841087,1660474,809,522,287,28,259,72600,0,72600,0,248,11,52,0.8571106639839035,52,52,12,0.7911790744466801,12,12,0.0,0.0,3,5.0990195135927845,8.0,3,0.0270048369015467,0.0615902734498857,3,0.043775198799524,0.0482678717519274,3,0.0257833176812089,0.0350038418850849,3,0.0208990380369389,0.0243569065354844,3,-0.3986013986013986,-0.3566433566433566,3,788920.0,892241.0,1425696.0,1933765.0,634.0,1215.0,390.0,869.0,244.0,346.0,22.0,34.0,222.0,312.0,72600.0,79448.0,0.0,0.0,72600.0,79448.0,0.0,0.0,212.0,302.0,10.0,11.0,52.0,52.0,0.8571106639839035,0.8571106639839035,51.0,52.0,52.0,52.0,12.0,12.0,0.7911790744466801,0.7911790744466801,12.0,12.0,12.0,12.0,0,50,137.08459797958443,1.3740595796198813,0.07142013144122944,0.06286258062272392,259,487,287,0,28,0,166885.0,5.278114659230517,3.0922247665126728,,,,,16.285211267605636
22,Batch_3,pl8uabbv,2272,7000,34.15802888700085,93.0,52,5.097706032285472,6.796941376380628,112.0,60.0,True,False,False,0.1044060613682092,0.0528852489939637,0.842708689637827,18.045774647887324,53.04582352895192,133.55929777345952,232.4598019402603,0.3718524200004838,0.8564546073196614,272.6874816563427,108.96629778672032,106.79141633199202,253.70972623075795,3.194286744490535,355.08821280856176,0.0201550553319919,0.4401408450704225,0.0680245437382001,0.0882083071113908,0.1008949024543738,0.0477004405286343,0.1343643801132787,0.0313700440528634,0.1224229074889867,0.0562297042164883,0.093422932330827,0.0635770676691729,0.1007331655129012,0.0381969792322215,0.0954210195091252,0.0188527375707992,0.1357621145374449,0.0366412838263058,0.1015003146633102,0.0362315921963499,0.0916190476190476,0.1115388471177944,-2.185501218433075,16.0,ordinary,False,False,True,True,False,0,0,53.0,23.296855735406723,0.390625,76.0,133.0,0.0066242195011082,0.9487104780014236,,data,0.2592592592592592,0.5079365079365079,5.0,0.1044060613682092,0.0896438631790744,0.1215898516096579,0.0528852489939637,0.0561016725352112,0.0496051307847082,0.3059782929452675,0.1228422267851007,0,0,0.0,6.4031242374328485,0.0385022794314829,0.0459880274162619,0.0257833176812089,0.0226594159891684,-0.3566433566433566,841087,1660474,809,522,287,28,259,72600,0,72600,0,248,11,52,0.8571106639839035,52,52,12,0.7911790744466801,12,12,0.0,0.0,3,5.0990195135927845,8.0,3,0.0270048369015467,0.0615902734498857,3,0.043775198799524,0.0482678717519274,3,0.0257833176812089,0.0350038418850849,3,0.0208990380369389,0.0243569065354844,3,-0.3986013986013986,-0.3566433566433566,3,788920.0,892241.0,1425696.0,1933765.0,634.0,1215.0,390.0,869.0,244.0,346.0,22.0,34.0,222.0,312.0,72600.0,79448.0,0.0,0.0,72600.0,79448.0,0.0,0.0,212.0,302.0,10.0,11.0,52.0,52.0,0.8571106639839035,0.8571106639839035,51.0,52.0,52.0,52.0,12.0,12.0,0.7911790744466801,0.7911790744466801,12.0,12.0,12.0,12.0,0,100,183.9529840759185,1.1714363919614208,0.1073939599329302,0.0535090440165768,190,364,287,71,26,0,166739.0,6.683930013144375,2.9255916402397633,,,,,11.946680080482897
22,Batch_3,pl8uabbv,2272,7000,34.15802888700085,93.0,52,5.097706032285472,6.796941376380628,112.0,60.0,True,False,False,0.1044060613682092,0.0528852489939637,0.842708689637827,18.045774647887324,53.04582352895192,133.55929777345952,232.4598019402603,0.3718524200004838,0.8564546073196614,272.6874816563427,108.96629778672032,106.79141633199202,253.70972623075795,3.194286744490535,355.08821280856176,0.0201550553319919,0.4401408450704225,0.0680245437382001,0.0882083071113908,0.1008949024543738,0.0477004405286343,0.1343643801132787,0.0313700440528634,0.1224229074889867,0.0562297042164883,0.093422932330827,0.0635770676691729,0.1007331655129012,0.0381969792322215,0.0954210195091252,0.0188527375707992,0.1357621145374449,0.0366412838263058,0.1015003146633102,0.0362315921963499,0.0916190476190476,0.1115388471177944,-2.185501218433075,16.0,ordinary,False,False,True,True,False,0,0,53.0,23.296855735406723,0.390625,76.0,133.0,0.0066242195011082,0.9487104780014236,,data,0.2592592592592592,0.5079365079365079,5.0,0.1044060613682092,0.0896438631790744,0.1215898516096579,0.0528852489939637,0.0561016725352112,0.0496051307847082,0.3059782929452675,0.1228422267851007,0,0,0.0,6.4031242374328485,0.0385022794314829,0.0459880274162619,0.0257833176812089,0.0226594159891684,-0.3566433566433566,841087,1660474,809,522,287,28,259,72600,0,72600,0,248,11,52,0.8571106639839035,52,52,12,0.7911790744466801,12,12,0.0,0.0,3,5.0990195135927845,8.0,3,0.0270048369015467,0.0615902734498857,3,0.043775198799524,0.0482678717519274,3,0.0257833176812089,0.0350038418850849,3,0.0208990380369389,0.0243569065354844,3,-0.3986013986013986,-0.3566433566433566,3,788920.0,892241.0,1425696.0,1933765.0,634.0,1215.0,390.0,869.0,244.0,346.0,22.0,34.0,222.0,312.0,72600.0,79448.0,0.0,0.0,72600.0,79448.0,0.0,0.0,212.0,302.0,10.0,11.0,52.0,52.0,0.8571106639839035,0.8571106639839035,51.0,52.0,52.0,52.0,12.0,12.0,0.7911790744466801,0.7911790744466801,12.0,12.0,12.0,12.0,5,50,150.04782346962753,1.3106003620097333,0.0926635972521109,0.10242543191927707,222,424,244,0,22,0,161393.0,5.68012018865229,3.1957072296112905,,,,,13.958752515090543
22,Batch_3,pl8uabbv,2272,7000,34.15802888700085,93.0,52,5.097706032285472,6.796941376380628,112.0,60.0,True,False,False,0.1044060613682092,0.0528852489939637,0.842708689637827,18.045774647887324,53.04582352895192,133.55929777345952,232.4598019402603,0.3718524200004838,0.8564546073196614,272.6874816563427,108.96629778672032,106.79141633199202,253.70972623075795,3.194286744490535,355.08821280856176,0.0201550553319919,0.4401408450704225,0.0680245437382001,0.0882083071113908,0.1008949024543738,0.0477004405286343,0.1343643801132787,0.0313700440528634,0.1224229074889867,0.0562297042164883,0.093422932330827,0.0635770676691729,0.1007331655129012,0.0381969792322215,0.0954210195091252,0.0188527375707992,0.1357621145374449,0.0366412838263058,0.1015003146633102,0.0362315921963499,0.0916190476190476,0.1115388471177944,-2.185501218433075,16.0,ordinary,False,False,True,True,False,0,0,53.0,23.296855735406723,0.390625,76.0,133.0,0.0066242195011082,0.9487104780014236,,data,0.2592592592592592,0.5079365079365079,5.0,0.1044060613682092,0.0896438631790744,0.1215898516096579,0.0528852489939637,0.0561016725352112,0.0496051307847082,0.3059782929452675,0.1228422267851007,0,0,0.0,6.4031242374328485,0.0385022794314829,0.0459880274162619,0.0257833176812089,0.0226594159891684,-0.3566433566433566,841087,1660474,809,522,287,28,259,72600,0,72600,0,248,11,52,0.8571106639839035,52,52,12,0.7911790744466801,12,12,0.0,0.0,3,5.0990195135927845,8.0,3,0.0270048369015467,0.0615902734498857,3,0.043775198799524,0.0482678717519274,3,0.0257833176812089,0.0350038418850849,3,0.0208990380369389,0.0243569065354844,3,-0.3986013986013986,-0.3566433566433566,3,788920.0,892241.0,1425696.0,1933765.0,634.0,1215.0,390.0,869.0,244.0,346.0,22.0,34.0,222.0,312.0,72600.0,79448.0,0.0,0.0,72600.0,79448.0,0.0,0.0,212.0,302.0,10.0,11.0,52.0,52.0,0.8571106639839035,0.8571106639839035,51.0,52.0,52.0,52.0,12.0,12.0,0.7911790744466801,0.7911790744466801,12.0,12.0,12.0,12.0,5,100,200.0460602974843,1.0178711694735298,0.08630090607956667,0.03368110335994738,163,318,244,60,21,0,161323.0,6.968850378341948,2.9044693023180495,,,,,10.248993963782695
23,Batch_3,ptg8lmto,1612,7000,38.15802888700085,101.0,56,5.097706032285472,5.097706032285472,121.0,65.0,True,False,False,0.0821685572492024,0.0491612017015242,0.8686702410492734,14.53385324353066,55.117597496063794,137.9302188696618,293.5304413382511,0.3560807521137512,0.8656331467422052,293.5304413382511,95.09039347749024,83.52292778395616,223.15391960289864,3.804424084431489,265.50020887971596,0.0163048564338886,0.6203473945409429,0.0829946761313221,0.0328047914818101,0.1053646850044365,0.068997338065661,0.0856912156166814,0.0731109139307897,0.0684826974267968,0.031053238686779,0.0776825396825396,0.0297998236331569,0.0661801242236024,0.0177009760425909,0.0985723158828748,0.068396628216504,0.0892120674356699,0.0418358473824312,0.0686708074534161,0.0807480035492457,0.0788827160493827,0.0472962962962962,-2.0376237257584697,17.0,ordinary,False,False,False,True,False,0,4,57.0,22.22681335635496,0.123076923076923,70.0,62.0,0.0105230237951452,1.1108506022057891,,data,0.1158536585365853,0.225531914893617,5.0,0.0821685572492024,0.0684115561857497,0.0968312655086848,0.0491612017015242,0.0517401630627437,0.0464403580290677,0.345870857105879,0.107804627434721,0,0,0.0,6.0,0.0543981481481481,0.0700391452654554,0.3605263157894737,0.0213071772050961,-0.5428571428571429,554735,927190,530,366,164,17,147,51800,0,51800,0,141,6,39,0.9060276497695852,39,39,6,0.5575554767812833,6,6,0.0,0.0,3,5.0,6.4031242374328485,3,0.0381242070706079,0.0771297356800566,3,0.0677602321020126,0.0718935911261786,3,0.3206477732793522,0.4431174089068826,3,0.0203723526710948,0.0219908857224976,3,-0.5428571428571429,-0.4285714285714286,3,524033.0,583836.0,771956.0,1092644.0,384.0,875.0,238.0,669.0,146.0,206.0,13.0,20.0,133.0,186.0,49200.0,58800.0,0.0,0.0,49200.0,58800.0,0.0,0.0,128.0,178.0,5.0,8.0,39.0,39.0,0.9060276497695852,0.9060276497695852,38.0,39.0,39.0,39.0,6.0,6.0,0.5575554767812833,0.5575554767812833,6.0,6.0,6.0,6.0,-5,50,129.6389282593451,1.266820530487878,0.015170687775592773,-0.002108973733102836,186,362,206,0,20,0,53636.0,5.164524681171708,3.149845954149975,,,,,16.483516483516482
23,Batch_3,ptg8lmto,1612,7000,38.15802888700085,101.0,56,5.097706032285472,5.097706032285472,121.0,65.0,True,False,False,0.0821685572492024,0.0491612017015242,0.8686702410492734,14.53385324353066,55.117597496063794,137.9302188696618,293.5304413382511,0.3560807521137512,0.8656331467422052,293.5304413382511,95.09039347749024,83.52292778395616,223.15391960289864,3.804424084431489,265.50020887971596,0.0163048564338886,0.6203473945409429,0.0829946761313221,0.0328047914818101,0.1053646850044365,0.068997338065661,0.0856912156166814,0.0731109139307897,0.0684826974267968,0.031053238686779,0.0776825396825396,0.0297998236331569,0.0661801242236024,0.0177009760425909,0.0985723158828748,0.068396628216504,0.0892120674356699,0.0418358473824312,0.0686708074534161,0.0807480035492457,0.0788827160493827,0.0472962962962962,-2.0376237257584697,17.0,ordinary,False,False,False,True,False,0,4,57.0,22.22681335635496,0.123076923076923,70.0,62.0,0.0105230237951452,1.1108506022057891,,data,0.1158536585365853,0.225531914893617,5.0,0.0821685572492024,0.0684115561857497,0.0968312655086848,0.0491612017015242,0.0517401630627437,0.0464403580290677,0.345870857105879,0.107804627434721,0,0,0.0,6.0,0.0543981481481481,0.0700391452654554,0.3605263157894737,0.0213071772050961,-0.5428571428571429,554735,927190,530,366,164,17,147,51800,0,51800,0,141,6,39,0.9060276497695852,39,39,6,0.5575554767812833,6,6,0.0,0.0,3,5.0,6.4031242374328485,3,0.0381242070706079,0.0771297356800566,3,0.0677602321020126,0.0718935911261786,3,0.3206477732793522,0.4431174089068826,3,0.0203723526710948,0.0219908857224976,3,-0.5428571428571429,-0.4285714285714286,3,524033.0,583836.0,771956.0,1092644.0,384.0,875.0,238.0,669.0,146.0,206.0,13.0,20.0,133.0,186.0,49200.0,58800.0,0.0,0.0,49200.0,58800.0,0.0,0.0,128.0,178.0,5.0,8.0,39.0,39.0,0.9060276497695852,0.9060276497695852,38.0,39.0,39.0,39.0,6.0,6.0,0.5575554767812833,0.5575554767812833,6.0,6.0,6.0,6.0,-5,100,163.73505488275822,1.489081359035176,0.0431207068457944,0.001775263973941693,120,231,206,71,15,0,53269.0,6.575702770678461,2.829295256488365,,,,,10.634526763559021
23,Batch_3,ptg8lmto,1612,7000,38.15802888700085,101.0,56,5.097706032285472,5.097706032285472,121.0,65.0,True,False,False,0.0821685572492024,0.0491612017015242,0.8686702410492734,14.53385324353066,55.117597496063794,137.9302188696618,293.5304413382511,0.3560807521137512,0.8656331467422052,293.5304413382511,95.09039347749024,83.52292778395616,223.15391960289864,3.804424084431489,265.50020887971596,0.0163048564338886,0.6203473945409429,0.0829946761313221,0.0328047914818101,0.1053646850044365,0.068997338065661,0.0856912156166814,0.0731109139307897,0.0684826974267968,0.031053238686779,0.0776825396825396,0.0297998236331569,0.0661801242236024,0.0177009760425909,0.0985723158828748,0.068396628216504,0.0892120674356699,0.0418358473824312,0.0686708074534161,0.0807480035492457,0.0788827160493827,0.0472962962962962,-2.0376237257584697,17.0,ordinary,False,False,False,True,False,0,4,57.0,22.22681335635496,0.123076923076923,70.0,62.0,0.0105230237951452,1.1108506022057891,,data,0.1158536585365853,0.225531914893617,5.0,0.0821685572492024,0.0684115561857497,0.0968312655086848,0.0491612017015242,0.0517401630627437,0.0464403580290677,0.345870857105879,0.107804627434721,0,0,0.0,6.0,0.0543981481481481,0.0700391452654554,0.3605263157894737,0.0213071772050961,-0.5428571428571429,554735,927190,530,366,164,17,147,51800,0,51800,0,141,6,39,0.9060276497695852,39,39,6,0.5575554767812833,6,6,0.0,0.0,3,5.0,6.4031242374328485,3,0.0381242070706079,0.0771297356800566,3,0.0677602321020126,0.0718935911261786,3,0.3206477732793522,0.4431174089068826,3,0.0203723526710948,0.0219908857224976,3,-0.5428571428571429,-0.4285714285714286,3,524033.0,583836.0,771956.0,1092644.0,384.0,875.0,238.0,669.0,146.0,206.0,13.0,20.0,133.0,186.0,49200.0,58800.0,0.0,0.0,49200.0,58800.0,0.0,0.0,128.0,178.0,5.0,8.0,39.0,39.0,0.9060276497695852,0.9060276497695852,38.0,39.0,39.0,39.0,6.0,6.0,0.5575554767812833,0.5575554767812833,6.0,6.0,6.0,6.0,0,50,142.1366079198553,1.4346758071518226,0.04525963253234384,-0.03567495884443094,147,282,164,0,17,0,50531.0,5.703782474656201,3.2734674176695444,,,,,13.027295285359802
23,Batch_3,ptg8lmto,1612,7000,38.15802888700085,101.0,56,5.097706032285472,5.097706032285472,121.0,65.0,True,False,False,0.0821685572492024,0.0491612017015242,0.8686702410492734,14.53385324353066,55.117597496063794,137.9302188696618,293.5304413382511,0.3560807521137512,0.8656331467422052,293.5304413382511,95.09039347749024,83.52292778395616,223.15391960289864,3.804424084431489,265.50020887971596,0.0163048564338886,0.6203473945409429,0.0829946761313221,0.0328047914818101,0.1053646850044365,0.068997338065661,0.0856912156166814,0.0731109139307897,0.0684826974267968,0.031053238686779,0.0776825396825396,0.0297998236331569,0.0661801242236024,0.0177009760425909,0.0985723158828748,0.068396628216504,0.0892120674356699,0.0418358473824312,0.0686708074534161,0.0807480035492457,0.0788827160493827,0.0472962962962962,-2.0376237257584697,17.0,ordinary,False,False,False,True,False,0,4,57.0,22.22681335635496,0.123076923076923,70.0,62.0,0.0105230237951452,1.1108506022057891,,data,0.1158536585365853,0.225531914893617,5.0,0.0821685572492024,0.0684115561857497,0.0968312655086848,0.0491612017015242,0.0517401630627437,0.0464403580290677,0.345870857105879,0.107804627434721,0,0,0.0,6.0,0.0543981481481481,0.0700391452654554,0.3605263157894737,0.0213071772050961,-0.5428571428571429,554735,927190,530,366,164,17,147,51800,0,51800,0,141,6,39,0.9060276497695852,39,39,6,0.5575554767812833,6,6,0.0,0.0,3,5.0,6.4031242374328485,3,0.0381242070706079,0.0771297356800566,3,0.0677602321020126,0.0718935911261786,3,0.3206477732793522,0.4431174089068826,3,0.0203723526710948,0.0219908857224976,3,-0.5428571428571429,-0.4285714285714286,3,524033.0,583836.0,771956.0,1092644.0,384.0,875.0,238.0,669.0,146.0,206.0,13.0,20.0,133.0,186.0,49200.0,58800.0,0.0,0.0,49200.0,58800.0,0.0,0.0,128.0,178.0,5.0,8.0,39.0,39.0,0.9060276497695852,0.9060276497695852,38.0,39.0,39.0,39.0,6.0,6.0,0.5575554767812833,0.5575554767812833,6.0,6.0,6.0,6.0,0,100,182.6202435252925,1.3445153376963814,0.06504473431533207,-0.06916227494355795,108,206,164,42,14,0,50327.0,7.048312052404006,2.7809539589461663,,,,,9.571074087203119
23,Batch_3,ptg8lmto,1612,7000,38.15802888700085,101.0,56,5.097706032285472,5.097706032285472,121.0,65.0,True,False,False,0.0821685572492024,0.0491612017015242,0.8686702410492734,14.53385324353066,55.117597496063794,137.9302188696618,293.5304413382511,0.3560807521137512,0.8656331467422052,293.5304413382511,95.09039347749024,83.52292778395616,223.15391960289864,3.804424084431489,265.50020887971596,0.0163048564338886,0.6203473945409429,0.0829946761313221,0.0328047914818101,0.1053646850044365,0.068997338065661,0.0856912156166814,0.0731109139307897,0.0684826974267968,0.031053238686779,0.0776825396825396,0.0297998236331569,0.0661801242236024,0.0177009760425909,0.0985723158828748,0.068396628216504,0.0892120674356699,0.0418358473824312,0.0686708074534161,0.0807480035492457,0.0788827160493827,0.0472962962962962,-2.0376237257584697,17.0,ordinary,False,False,False,True,False,0,4,57.0,22.22681335635496,0.123076923076923,70.0,62.0,0.0105230237951452,1.1108506022057891,,data,0.1158536585365853,0.225531914893617,5.0,0.0821685572492024,0.0684115561857497,0.0968312655086848,0.0491612017015242,0.0517401630627437,0.0464403580290677,0.345870857105879,0.107804627434721,0,0,0.0,6.0,0.0543981481481481,0.0700391452654554,0.3605263157894737,0.0213071772050961,-0.5428571428571429,554735,927190,530,366,164,17,147,51800,0,51800,0,141,6,39,0.9060276497695852,39,39,6,0.5575554767812833,6,6,0.0,0.0,3,5.0,6.4031242374328485,3,0.0381242070706079,0.0771297356800566,3,0.0677602321020126,0.0718935911261786,3,0.3206477732793522,0.4431174089068826,3,0.0203723526710948,0.0219908857224976,3,-0.5428571428571429,-0.4285714285714286,3,524033.0,583836.0,771956.0,1092644.0,384.0,875.0,238.0,669.0,146.0,206.0,13.0,20.0,133.0,186.0,49200.0,58800.0,0.0,0.0,49200.0,58800.0,0.0,0.0,128.0,178.0,5.0,8.0,39.0,39.0,0.9060276497695852,0.9060276497695852,38.0,39.0,39.0,39.0,6.0,6.0,0.5575554767812833,0.5575554767812833,6.0,6.0,6.0,6.0,5,50,136.03389504770598,1.5073921283449125,0.04121462239925275,-0.12112477723147115,133,250,146,0,13,0,45882.0,6.2766434893416445,2.990161228504536,,,,,11.786600496277915
23,Batch_3,ptg8lmto,1612,7000,38.15802888700085,101.0,56,5.097706032285472,5.097706032285472,121.0,65.0,True,False,False,0.0821685572492024,0.0491612017015242,0.8686702410492734,14.53385324353066,55.117597496063794,137.9302188696618,293.5304413382511,0.3560807521137512,0.8656331467422052,293.5304413382511,95.09039347749024,83.52292778395616,223.15391960289864,3.804424084431489,265.50020887971596,0.0163048564338886,0.6203473945409429,0.0829946761313221,0.0328047914818101,0.1053646850044365,0.068997338065661,0.0856912156166814,0.0731109139307897,0.0684826974267968,0.031053238686779,0.0776825396825396,0.0297998236331569,0.0661801242236024,0.0177009760425909,0.0985723158828748,0.068396628216504,0.0892120674356699,0.0418358473824312,0.0686708074534161,0.0807480035492457,0.0788827160493827,0.0472962962962962,-2.0376237257584697,17.0,ordinary,False,False,False,True,False,0,4,57.0,22.22681335635496,0.123076923076923,70.0,62.0,0.0105230237951452,1.1108506022057891,,data,0.1158536585365853,0.225531914893617,5.0,0.0821685572492024,0.0684115561857497,0.0968312655086848,0.0491612017015242,0.0517401630627437,0.0464403580290677,0.345870857105879,0.107804627434721,0,0,0.0,6.0,0.0543981481481481,0.0700391452654554,0.3605263157894737,0.0213071772050961,-0.5428571428571429,554735,927190,530,366,164,17,147,51800,0,51800,0,141,6,39,0.9060276497695852,39,39,6,0.5575554767812833,6,6,0.0,0.0,3,5.0,6.4031242374328485,3,0.0381242070706079,0.0771297356800566,3,0.0677602321020126,0.0718935911261786,3,0.3206477732793522,0.4431174089068826,3,0.0203723526710948,0.0219908857224976,3,-0.5428571428571429,-0.4285714285714286,3,524033.0,583836.0,771956.0,1092644.0,384.0,875.0,238.0,669.0,146.0,206.0,13.0,20.0,133.0,186.0,49200.0,58800.0,0.0,0.0,49200.0,58800.0,0.0,0.0,128.0,178.0,5.0,8.0,39.0,39.0,0.9060276497695852,0.9060276497695852,38.0,39.0,39.0,39.0,6.0,6.0,0.5575554767812833,0.5575554767812833,6.0,6.0,6.0,6.0,5,100,175.74646877974706,1.3782513487683412,0.05748275922372956,-0.091344079238229,112,215,146,22,12,0,45790.0,6.9126829173975,2.6871520437286502,,,,,9.925558312655088
24,Batch_3,tuy3zymq,2060,7000,46.131690739167375,96.0,61,4.248088360237893,5.097706032285472,108.0,47.0,True,False,False,0.0807240638002774,0.0435880721220527,0.8756878640776699,20.388349514563107,47.93951791838304,134.55182305189803,230.70318473965477,0.3548266423249504,0.8533205229445775,257.5128384545065,93.13453536754508,84.97376923611844,165.7642380458751,3.67959935691903,207.63096528501688,0.0101244105409153,0.4160887656033287,0.0628529819694868,0.0880443828016643,0.0696067961165048,0.0344278779472954,0.0780520110957004,0.0565325936199722,0.0988134535367545,0.0153196948682385,0.1037954230235783,0.0311990291262135,0.0745568654646324,0.0461865464632454,0.0876574202496532,0.0382447988904299,0.0935769764216366,0.042626213592233,0.0878321775312066,0.0203023578363384,0.0504965325936199,0.0629972260748959,-2.238626097506134,14.0,grey_pore,True,False,False,False,True,0,24,63.0,16.52991821133889,0.0,72.0,46.0,0.0107742623831834,0.7127423590182514,data+list,data,0.0,0.0,5.0,0.0807240638002774,0.0621405686546463,0.101657975034674,0.0435880721220527,0.0503712205270457,0.0370461858529819,0.4895368805737942,0.3057036942756228,0,0,0.0,11.35773137498807,0.0102530712438771,0.0443457923094918,0.1165371809100998,0.0177732141390357,0.2797202797202798,628540,1164041,1099,805,294,24,270,65806,0,65806,0,262,8,52,0.9453181692094312,52,52,12,0.872601386962552,12,12,0.0,0.0,3,8.246211251235321,17.4928556845359,3,0.0,0.0256756756756756,3,0.0383416431736614,0.0472238259146189,3,0.0613847861350635,0.1319900964740032,3,0.014625028107633,0.0181521077558242,3,0.1608391608391608,0.3006993006993007,3,534206.0,726353.0,896067.0,1465908.0,882.0,2159.0,627.0,1696.0,255.0,463.0,24.0,30.0,225.0,439.0,65806.0,77208.0,0.0,0.0,65806.0,77208.0,0.0,0.0,213.0,430.0,8.0,12.0,52.0,52.0,0.9453181692094312,0.9453181692094312,52.0,52.0,52.0,52.0,12.0,12.0,0.872601386962552,0.872601386962552,12.0,12.0,12.0,12.0,-5,50,89.87668032833562,1.2338279420725604,0.1366481570779947,0.10588644718452941,439,841,463,0,24,0,223981.0,4.897839799950911,1.6843392206072183,,,,,30.44382801664355
24,Batch_3,tuy3zymq,2060,7000,46.131690739167375,96.0,61,4.248088360237893,5.097706032285472,108.0,47.0,True,False,False,0.0807240638002774,0.0435880721220527,0.8756878640776699,20.388349514563107,47.93951791838304,134.55182305189803,230.70318473965477,0.3548266423249504,0.8533205229445775,257.5128384545065,93.13453536754508,84.97376923611844,165.7642380458751,3.67959935691903,207.63096528501688,0.0101244105409153,0.4160887656033287,0.0628529819694868,0.0880443828016643,0.0696067961165048,0.0344278779472954,0.0780520110957004,0.0565325936199722,0.0988134535367545,0.0153196948682385,0.1037954230235783,0.0311990291262135,0.0745568654646324,0.0461865464632454,0.0876574202496532,0.0382447988904299,0.0935769764216366,0.042626213592233,0.0878321775312066,0.0203023578363384,0.0504965325936199,0.0629972260748959,-2.238626097506134,14.0,grey_pore,True,False,False,False,True,0,24,63.0,16.52991821133889,0.0,72.0,46.0,0.0107742623831834,0.7127423590182514,data+list,data,0.0,0.0,5.0,0.0807240638002774,0.0621405686546463,0.101657975034674,0.0435880721220527,0.0503712205270457,0.0370461858529819,0.4895368805737942,0.3057036942756228,0,0,0.0,11.35773137498807,0.0102530712438771,0.0443457923094918,0.1165371809100998,0.0177732141390357,0.2797202797202798,628540,1164041,1099,805,294,24,270,65806,0,65806,0,262,8,52,0.9453181692094312,52,52,12,0.872601386962552,12,12,0.0,0.0,3,8.246211251235321,17.4928556845359,3,0.0,0.0256756756756756,3,0.0383416431736614,0.0472238259146189,3,0.0613847861350635,0.1319900964740032,3,0.014625028107633,0.0181521077558242,3,0.1608391608391608,0.3006993006993007,3,534206.0,726353.0,896067.0,1465908.0,882.0,2159.0,627.0,1696.0,255.0,463.0,24.0,30.0,225.0,439.0,65806.0,77208.0,0.0,0.0,65806.0,77208.0,0.0,0.0,213.0,430.0,8.0,12.0,52.0,52.0,0.9453181692094312,0.9453181692094312,52.0,52.0,52.0,52.0,12.0,12.0,0.872601386962552,0.872601386962552,12.0,12.0,12.0,12.0,-5,100,148.00004744665307,1.0818718570447006,0.12730575288618096,0.10177814775452691,272,523,463,169,22,0,223820.0,5.590980019001044,1.914302262758521,,,,,18.862690707350904
24,Batch_3,tuy3zymq,2060,7000,46.131690739167375,96.0,61,4.248088360237893,5.097706032285472,108.0,47.0,True,False,False,0.0807240638002774,0.0435880721220527,0.8756878640776699,20.388349514563107,47.93951791838304,134.55182305189803,230.70318473965477,0.3548266423249504,0.8533205229445775,257.5128384545065,93.13453536754508,84.97376923611844,165.7642380458751,3.67959935691903,207.63096528501688,0.0101244105409153,0.4160887656033287,0.0628529819694868,0.0880443828016643,0.0696067961165048,0.0344278779472954,0.0780520110957004,0.0565325936199722,0.0988134535367545,0.0153196948682385,0.1037954230235783,0.0311990291262135,0.0745568654646324,0.0461865464632454,0.0876574202496532,0.0382447988904299,0.0935769764216366,0.042626213592233,0.0878321775312066,0.0203023578363384,0.0504965325936199,0.0629972260748959,-2.238626097506134,14.0,grey_pore,True,False,False,False,True,0,24,63.0,16.52991821133889,0.0,72.0,46.0,0.0107742623831834,0.7127423590182514,data+list,data,0.0,0.0,5.0,0.0807240638002774,0.0621405686546463,0.101657975034674,0.0435880721220527,0.0503712205270457,0.0370461858529819,0.4895368805737942,0.3057036942756228,0,0,0.0,11.35773137498807,0.0102530712438771,0.0443457923094918,0.1165371809100998,0.0177732141390357,0.2797202797202798,628540,1164041,1099,805,294,24,270,65806,0,65806,0,262,8,52,0.9453181692094312,52,52,12,0.872601386962552,12,12,0.0,0.0,3,8.246211251235321,17.4928556845359,3,0.0,0.0256756756756756,3,0.0383416431736614,0.0472238259146189,3,0.0613847861350635,0.1319900964740032,3,0.014625028107633,0.0181521077558242,3,0.1608391608391608,0.3006993006993007,3,534206.0,726353.0,896067.0,1465908.0,882.0,2159.0,627.0,1696.0,255.0,463.0,24.0,30.0,225.0,439.0,65806.0,77208.0,0.0,0.0,65806.0,77208.0,0.0,0.0,213.0,430.0,8.0,12.0,52.0,52.0,0.9453181692094312,0.9453181692094312,52.0,52.0,52.0,52.0,12.0,12.0,0.872601386962552,0.872601386962552,12.0,12.0,12.0,12.0,0,50,143.33896437292677,1.2447988366175655,0.06195576277434621,0.020152695173807293,270,525,294,0,24,0,210605.0,5.017257907471266,2.2136978731790267,,,,,18.723994452149793
24,Batch_3,tuy3zymq,2060,7000,46.131690739167375,96.0,61,4.248088360237893,5.097706032285472,108.0,47.0,True,False,False,0.0807240638002774,0.0435880721220527,0.8756878640776699,20.388349514563107,47.93951791838304,134.55182305189803,230.70318473965477,0.3548266423249504,0.8533205229445775,257.5128384545065,93.13453536754508,84.97376923611844,165.7642380458751,3.67959935691903,207.63096528501688,0.0101244105409153,0.4160887656033287,0.0628529819694868,0.0880443828016643,0.0696067961165048,0.0344278779472954,0.0780520110957004,0.0565325936199722,0.0988134535367545,0.0153196948682385,0.1037954230235783,0.0311990291262135,0.0745568654646324,0.0461865464632454,0.0876574202496532,0.0382447988904299,0.0935769764216366,0.042626213592233,0.0878321775312066,0.0203023578363384,0.0504965325936199,0.0629972260748959,-2.238626097506134,14.0,grey_pore,True,False,False,False,True,0,24,63.0,16.52991821133889,0.0,72.0,46.0,0.0107742623831834,0.7127423590182514,data+list,data,0.0,0.0,5.0,0.0807240638002774,0.0621405686546463,0.101657975034674,0.0435880721220527,0.0503712205270457,0.0370461858529819,0.4895368805737942,0.3057036942756228,0,0,0.0,11.35773137498807,0.0102530712438771,0.0443457923094918,0.1165371809100998,0.0177732141390357,0.2797202797202798,628540,1164041,1099,805,294,24,270,65806,0,65806,0,262,8,52,0.9453181692094312,52,52,12,0.872601386962552,12,12,0.0,0.0,3,8.246211251235321,17.4928556845359,3,0.0,0.0256756756756756,3,0.0383416431736614,0.0472238259146189,3,0.0613847861350635,0.1319900964740032,3,0.014625028107633,0.0181521077558242,3,0.1608391608391608,0.3006993006993007,3,534206.0,726353.0,896067.0,1465908.0,882.0,2159.0,627.0,1696.0,255.0,463.0,24.0,30.0,225.0,439.0,65806.0,77208.0,0.0,0.0,65806.0,77208.0,0.0,0.0,213.0,430.0,8.0,12.0,52.0,52.0,0.9453181692094312,0.9453181692094312,52.0,52.0,52.0,52.0,12.0,12.0,0.872601386962552,0.872601386962552,12.0,12.0,12.0,12.0,0,100,209.5969876366321,1.0029976225513835,0.1017480389662417,0.07596980717682049,164,314,294,109,21,0,210388.0,6.147330139786836,2.486266243175147,,,,,11.373092926490985
24,Batch_3,tuy3zymq,2060,7000,46.131690739167375,96.0,61,4.248088360237893,5.097706032285472,108.0,47.0,True,False,False,0.0807240638002774,0.0435880721220527,0.8756878640776699,20.388349514563107,47.93951791838304,134.55182305189803,230.70318473965477,0.3548266423249504,0.8533205229445775,257.5128384545065,93.13453536754508,84.97376923611844,165.7642380458751,3.67959935691903,207.63096528501688,0.0101244105409153,0.4160887656033287,0.0628529819694868,0.0880443828016643,0.0696067961165048,0.0344278779472954,0.0780520110957004,0.0565325936199722,0.0988134535367545,0.0153196948682385,0.1037954230235783,0.0311990291262135,0.0745568654646324,0.0461865464632454,0.0876574202496532,0.0382447988904299,0.0935769764216366,0.042626213592233,0.0878321775312066,0.0203023578363384,0.0504965325936199,0.0629972260748959,-2.238626097506134,14.0,grey_pore,True,False,False,False,True,0,24,63.0,16.52991821133889,0.0,72.0,46.0,0.0107742623831834,0.7127423590182514,data+list,data,0.0,0.0,5.0,0.0807240638002774,0.0621405686546463,0.101657975034674,0.0435880721220527,0.0503712205270457,0.0370461858529819,0.4895368805737942,0.3057036942756228,0,0,0.0,11.35773137498807,0.0102530712438771,0.0443457923094918,0.1165371809100998,0.0177732141390357,0.2797202797202798,628540,1164041,1099,805,294,24,270,65806,0,65806,0,262,8,52,0.9453181692094312,52,52,12,0.872601386962552,12,12,0.0,0.0,3,8.246211251235321,17.4928556845359,3,0.0,0.0256756756756756,3,0.0383416431736614,0.0472238259146189,3,0.0613847861350635,0.1319900964740032,3,0.014625028107633,0.0181521077558242,3,0.1608391608391608,0.3006993006993007,3,534206.0,726353.0,896067.0,1465908.0,882.0,2159.0,627.0,1696.0,255.0,463.0,24.0,30.0,225.0,439.0,65806.0,77208.0,0.0,0.0,65806.0,77208.0,0.0,0.0,213.0,430.0,8.0,12.0,52.0,52.0,0.9453181692094312,0.9453181692094312,52.0,52.0,52.0,52.0,12.0,12.0,0.872601386962552,0.872601386962552,12.0,12.0,12.0,12.0,5,50,114.81819782735157,1.8090520745119816,0.07623504677430903,-0.05715685083647202,225,439,255,0,30,0,189010.0,5.356586274672012,2.339666767898578,,,,,15.603328710124826
24,Batch_3,tuy3zymq,2060,7000,46.131690739167375,96.0,61,4.248088360237893,5.097706032285472,108.0,47.0,True,False,False,0.0807240638002774,0.0435880721220527,0.8756878640776699,20.388349514563107,47.93951791838304,134.55182305189803,230.70318473965477,0.3548266423249504,0.8533205229445775,257.5128384545065,93.13453536754508,84.97376923611844,165.7642380458751,3.67959935691903,207.63096528501688,0.0101244105409153,0.4160887656033287,0.0628529819694868,0.0880443828016643,0.0696067961165048,0.0344278779472954,0.0780520110957004,0.0565325936199722,0.0988134535367545,0.0153196948682385,0.1037954230235783,0.0311990291262135,0.0745568654646324,0.0461865464632454,0.0876574202496532,0.0382447988904299,0.0935769764216366,0.042626213592233,0.0878321775312066,0.0203023578363384,0.0504965325936199,0.0629972260748959,-2.238626097506134,14.0,grey_pore,True,False,False,False,True,0,24,63.0,16.52991821133889,0.0,72.0,46.0,0.0107742623831834,0.7127423590182514,data+list,data,0.0,0.0,5.0,0.0807240638002774,0.0621405686546463,0.101657975034674,0.0435880721220527,0.0503712205270457,0.0370461858529819,0.4895368805737942,0.3057036942756228,0,0,0.0,11.35773137498807,0.0102530712438771,0.0443457923094918,0.1165371809100998,0.0177732141390357,0.2797202797202798,628540,1164041,1099,805,294,24,270,65806,0,65806,0,262,8,52,0.9453181692094312,52,52,12,0.872601386962552,12,12,0.0,0.0,3,8.246211251235321,17.4928556845359,3,0.0,0.0256756756756756,3,0.0383416431736614,0.0472238259146189,3,0.0613847861350635,0.1319900964740032,3,0.014625028107633,0.0181521077558242,3,0.1608391608391608,0.3006993006993007,3,534206.0,726353.0,896067.0,1465908.0,882.0,2159.0,627.0,1696.0,255.0,463.0,24.0,30.0,225.0,439.0,65806.0,77208.0,0.0,0.0,65806.0,77208.0,0.0,0.0,213.0,430.0,8.0,12.0,52.0,52.0,0.9453181692094312,0.9453181692094312,52.0,52.0,52.0,52.0,12.0,12.0,0.872601386962552,0.872601386962552,12.0,12.0,12.0,12.0,5,100,196.42879806564923,1.2097637979174596,0.1021782939372036,0.008500732931308912,161,310,255,69,25,0,188672.0,6.0063531596017325,2.1551798013063186,,,,,11.16504854368932
25,Batch_3,ufdvpb81,2088,7000,41.15802888700085,90.0,59,5.097706032285472,5.94732370433305,109.0,50.0,True,False,False,0.1197936507936508,0.0503623426382047,0.8298440065681445,15.32567049808429,58.28381512352648,145.72701316721543,242.6985945953089,0.3657568055273031,0.852744711195009,246.3487155644551,96.19594964422552,162.435658294436,363.24346383783,4.047983432744437,456.91554461484446,0.0478168445539135,1.0946907498631635,0.0652630494505494,0.0569313186813186,0.1310177717019822,0.0846814764183185,0.1175228981544771,0.026617908407382,0.085848940533151,0.0706842105263158,0.0971838687628161,0.0584620642515379,0.1011627747252747,0.0456188186813186,0.1501722488038277,0.0261032125768967,0.1533663704716336,0.0255994531784005,0.0841134654818865,0.0456541353383458,0.2119350649350649,0.0632795625427204,-2.3436553080567095,21.0,cracked,False,True,False,True,False,0,3,59.0,19.904171101296647,0.008695652173913,83.0,128.0,0.0147614131980567,1.1641009502055173,,data,0.1097560975609756,0.3004115226337449,5.0,0.1197936507936508,0.1013189655172413,0.1395151888341543,0.0503623426382047,0.0548169129720853,0.0458492747673782,0.3188501482662669,0.1780623722992652,0,0,0.0,6.708203932499369,0.0516717325227963,0.0574676349176191,-0.1625544267053701,0.0341061767876412,-0.7622377622377624,736096,1750904,585,361,224,17,207,75810,0,75810,0,197,10,52,0.9326414887794198,51,52,12,0.8608998357963875,12,12,0.0,0.0,3,6.708203932499369,8.744137827658346,3,0.0320767970030437,0.0524989063142126,3,0.0502727850017521,0.0608764952059773,3,-0.1942286348501664,-0.1123537949287116,3,0.030642283613337,0.0355450852584893,3,-0.8251748251748254,-0.6783216783216784,3,670133.0,801204.0,1480878.0,2039154.0,546.0,945.0,313.0,667.0,224.0,278.0,14.0,24.0,207.0,254.0,74020.0,84960.0,0.0,0.0,74020.0,84960.0,0.0,0.0,197.0,247.0,7.0,10.0,52.0,52.0,0.9326414887794198,0.9326414887794198,51.0,51.0,52.0,52.0,12.0,12.0,0.8608998357963875,0.8608998357963875,12.0,12.0,12.0,12.0,-5,50,139.36793088174855,1.0727907466169477,0.19275645100239902,0.1463093776252739,254,486,278,0,24,0,54714.0,5.295811095636264,3.0469621595610423,,,,,17.378215654077724
25,Batch_3,ufdvpb81,2088,7000,41.15802888700085,90.0,59,5.097706032285472,5.94732370433305,109.0,50.0,True,False,False,0.1197936507936508,0.0503623426382047,0.8298440065681445,15.32567049808429,58.28381512352648,145.72701316721543,242.6985945953089,0.3657568055273031,0.852744711195009,246.3487155644551,96.19594964422552,162.435658294436,363.24346383783,4.047983432744437,456.91554461484446,0.0478168445539135,1.0946907498631635,0.0652630494505494,0.0569313186813186,0.1310177717019822,0.0846814764183185,0.1175228981544771,0.026617908407382,0.085848940533151,0.0706842105263158,0.0971838687628161,0.0584620642515379,0.1011627747252747,0.0456188186813186,0.1501722488038277,0.0261032125768967,0.1533663704716336,0.0255994531784005,0.0841134654818865,0.0456541353383458,0.2119350649350649,0.0632795625427204,-2.3436553080567095,21.0,cracked,False,True,False,True,False,0,3,59.0,19.904171101296647,0.008695652173913,83.0,128.0,0.0147614131980567,1.1641009502055173,,data,0.1097560975609756,0.3004115226337449,5.0,0.1197936507936508,0.1013189655172413,0.1395151888341543,0.0503623426382047,0.0548169129720853,0.0458492747673782,0.3188501482662669,0.1780623722992652,0,0,0.0,6.708203932499369,0.0516717325227963,0.0574676349176191,-0.1625544267053701,0.0341061767876412,-0.7622377622377624,736096,1750904,585,361,224,17,207,75810,0,75810,0,197,10,52,0.9326414887794198,51,52,12,0.8608998357963875,12,12,0.0,0.0,3,6.708203932499369,8.744137827658346,3,0.0320767970030437,0.0524989063142126,3,0.0502727850017521,0.0608764952059773,3,-0.1942286348501664,-0.1123537949287116,3,0.030642283613337,0.0355450852584893,3,-0.8251748251748254,-0.6783216783216784,3,670133.0,801204.0,1480878.0,2039154.0,546.0,945.0,313.0,667.0,224.0,278.0,14.0,24.0,207.0,254.0,74020.0,84960.0,0.0,0.0,74020.0,84960.0,0.0,0.0,197.0,247.0,7.0,10.0,52.0,52.0,0.9326414887794198,0.9326414887794198,51.0,51.0,52.0,52.0,12.0,12.0,0.8608998357963875,0.8608998357963875,12.0,12.0,12.0,12.0,-5,100,189.92844897571229,0.8229649444894558,0.1902763814133585,0.058283965279766696,174,326,278,86,18,0,54297.0,6.65135816555172,2.9756148253496084,,,,,11.904761904761905
25,Batch_3,ufdvpb81,2088,7000,41.15802888700085,90.0,59,5.097706032285472,5.94732370433305,109.0,50.0,True,False,False,0.1197936507936508,0.0503623426382047,0.8298440065681445,15.32567049808429,58.28381512352648,145.72701316721543,242.6985945953089,0.3657568055273031,0.852744711195009,246.3487155644551,96.19594964422552,162.435658294436,363.24346383783,4.047983432744437,456.91554461484446,0.0478168445539135,1.0946907498631635,0.0652630494505494,0.0569313186813186,0.1310177717019822,0.0846814764183185,0.1175228981544771,0.026617908407382,0.085848940533151,0.0706842105263158,0.0971838687628161,0.0584620642515379,0.1011627747252747,0.0456188186813186,0.1501722488038277,0.0261032125768967,0.1533663704716336,0.0255994531784005,0.0841134654818865,0.0456541353383458,0.2119350649350649,0.0632795625427204,-2.3436553080567095,21.0,cracked,False,True,False,True,False,0,3,59.0,19.904171101296647,0.008695652173913,83.0,128.0,0.0147614131980567,1.1641009502055173,,data,0.1097560975609756,0.3004115226337449,5.0,0.1197936507936508,0.1013189655172413,0.1395151888341543,0.0503623426382047,0.0548169129720853,0.0458492747673782,0.3188501482662669,0.1780623722992652,0,0,0.0,6.708203932499369,0.0516717325227963,0.0574676349176191,-0.1625544267053701,0.0341061767876412,-0.7622377622377624,736096,1750904,585,361,224,17,207,75810,0,75810,0,197,10,52,0.9326414887794198,51,52,12,0.8608998357963875,12,12,0.0,0.0,3,6.708203932499369,8.744137827658346,3,0.0320767970030437,0.0524989063142126,3,0.0502727850017521,0.0608764952059773,3,-0.1942286348501664,-0.1123537949287116,3,0.030642283613337,0.0355450852584893,3,-0.8251748251748254,-0.6783216783216784,3,670133.0,801204.0,1480878.0,2039154.0,546.0,945.0,313.0,667.0,224.0,278.0,14.0,24.0,207.0,254.0,74020.0,84960.0,0.0,0.0,74020.0,84960.0,0.0,0.0,197.0,247.0,7.0,10.0,52.0,52.0,0.9326414887794198,0.9326414887794198,51.0,51.0,52.0,52.0,12.0,12.0,0.8608998357963875,0.8608998357963875,12.0,12.0,12.0,12.0,0,50,146.2299203862075,1.26175363399645,0.14160282060599783,0.04402259611972263,207,394,224,0,17,0,38254.0,5.783825182329737,3.4492292875240276,,,,,14.16256157635468
25,Batch_3,ufdvpb81,2088,7000,41.15802888700085,90.0,59,5.097706032285472,5.94732370433305,109.0,50.0,True,False,False,0.1197936507936508,0.0503623426382047,0.8298440065681445,15.32567049808429,58.28381512352648,145.72701316721543,242.6985945953089,0.3657568055273031,0.852744711195009,246.3487155644551,96.19594964422552,162.435658294436,363.24346383783,4.047983432744437,456.91554461484446,0.0478168445539135,1.0946907498631635,0.0652630494505494,0.0569313186813186,0.1310177717019822,0.0846814764183185,0.1175228981544771,0.026617908407382,0.085848940533151,0.0706842105263158,0.0971838687628161,0.0584620642515379,0.1011627747252747,0.0456188186813186,0.1501722488038277,0.0261032125768967,0.1533663704716336,0.0255994531784005,0.0841134654818865,0.0456541353383458,0.2119350649350649,0.0632795625427204,-2.3436553080567095,21.0,cracked,False,True,False,True,False,0,3,59.0,19.904171101296647,0.008695652173913,83.0,128.0,0.0147614131980567,1.1641009502055173,,data,0.1097560975609756,0.3004115226337449,5.0,0.1197936507936508,0.1013189655172413,0.1395151888341543,0.0503623426382047,0.0548169129720853,0.0458492747673782,0.3188501482662669,0.1780623722992652,0,0,0.0,6.708203932499369,0.0516717325227963,0.0574676349176191,-0.1625544267053701,0.0341061767876412,-0.7622377622377624,736096,1750904,585,361,224,17,207,75810,0,75810,0,197,10,52,0.9326414887794198,51,52,12,0.8608998357963875,12,12,0.0,0.0,3,6.708203932499369,8.744137827658346,3,0.0320767970030437,0.0524989063142126,3,0.0502727850017521,0.0608764952059773,3,-0.1942286348501664,-0.1123537949287116,3,0.030642283613337,0.0355450852584893,3,-0.8251748251748254,-0.6783216783216784,3,670133.0,801204.0,1480878.0,2039154.0,546.0,945.0,313.0,667.0,224.0,278.0,14.0,24.0,207.0,254.0,74020.0,84960.0,0.0,0.0,74020.0,84960.0,0.0,0.0,197.0,247.0,7.0,10.0,52.0,52.0,0.9326414887794198,0.9326414887794198,51.0,51.0,52.0,52.0,12.0,12.0,0.8608998357963875,0.8608998357963875,12.0,12.0,12.0,12.0,0,100,197.39551347953227,1.0520938680066951,0.13990980136150002,0.04035173253477249,150,279,224,59,15,0,38113.0,7.128017584642806,2.9540666023267868,,,,,10.262725779967159
25,Batch_3,ufdvpb81,2088,7000,41.15802888700085,90.0,59,5.097706032285472,5.94732370433305,109.0,50.0,True,False,False,0.1197936507936508,0.0503623426382047,0.8298440065681445,15.32567049808429,58.28381512352648,145.72701316721543,242.6985945953089,0.3657568055273031,0.852744711195009,246.3487155644551,96.19594964422552,162.435658294436,363.24346383783,4.047983432744437,456.91554461484446,0.0478168445539135,1.0946907498631635,0.0652630494505494,0.0569313186813186,0.1310177717019822,0.0846814764183185,0.1175228981544771,0.026617908407382,0.085848940533151,0.0706842105263158,0.0971838687628161,0.0584620642515379,0.1011627747252747,0.0456188186813186,0.1501722488038277,0.0261032125768967,0.1533663704716336,0.0255994531784005,0.0841134654818865,0.0456541353383458,0.2119350649350649,0.0632795625427204,-2.3436553080567095,21.0,cracked,False,True,False,True,False,0,3,59.0,19.904171101296647,0.008695652173913,83.0,128.0,0.0147614131980567,1.1641009502055173,,data,0.1097560975609756,0.3004115226337449,5.0,0.1197936507936508,0.1013189655172413,0.1395151888341543,0.0503623426382047,0.0548169129720853,0.0458492747673782,0.3188501482662669,0.1780623722992652,0,0,0.0,6.708203932499369,0.0516717325227963,0.0574676349176191,-0.1625544267053701,0.0341061767876412,-0.7622377622377624,736096,1750904,585,361,224,17,207,75810,0,75810,0,197,10,52,0.9326414887794198,51,52,12,0.8608998357963875,12,12,0.0,0.0,3,6.708203932499369,8.744137827658346,3,0.0320767970030437,0.0524989063142126,3,0.0502727850017521,0.0608764952059773,3,-0.1942286348501664,-0.1123537949287116,3,0.030642283613337,0.0355450852584893,3,-0.8251748251748254,-0.6783216783216784,3,670133.0,801204.0,1480878.0,2039154.0,546.0,945.0,313.0,667.0,224.0,278.0,14.0,24.0,207.0,254.0,74020.0,84960.0,0.0,0.0,74020.0,84960.0,0.0,0.0,197.0,247.0,7.0,10.0,52.0,52.0,0.9326414887794198,0.9326414887794198,51.0,51.0,52.0,52.0,12.0,12.0,0.8608998357963875,0.8608998357963875,12.0,12.0,12.0,12.0,5,50,111.19925720003639,1.5399821122379547,0.12032194976194677,0.10125101858670381,219,417,233,0,14,0,35756.0,5.849324779946859,3.2094978312664093,,,,,14.983579638752053
25,Batch_3,ufdvpb81,2088,7000,41.15802888700085,90.0,59,5.097706032285472,5.94732370433305,109.0,50.0,True,False,False,0.1197936507936508,0.0503623426382047,0.8298440065681445,15.32567049808429,58.28381512352648,145.72701316721543,242.6985945953089,0.3657568055273031,0.852744711195009,246.3487155644551,96.19594964422552,162.435658294436,363.24346383783,4.047983432744437,456.91554461484446,0.0478168445539135,1.0946907498631635,0.0652630494505494,0.0569313186813186,0.1310177717019822,0.0846814764183185,0.1175228981544771,0.026617908407382,0.085848940533151,0.0706842105263158,0.0971838687628161,0.0584620642515379,0.1011627747252747,0.0456188186813186,0.1501722488038277,0.0261032125768967,0.1533663704716336,0.0255994531784005,0.0841134654818865,0.0456541353383458,0.2119350649350649,0.0632795625427204,-2.3436553080567095,21.0,cracked,False,True,False,True,False,0,3,59.0,19.904171101296647,0.008695652173913,83.0,128.0,0.0147614131980567,1.1641009502055173,,data,0.1097560975609756,0.3004115226337449,5.0,0.1197936507936508,0.1013189655172413,0.1395151888341543,0.0503623426382047,0.0548169129720853,0.0458492747673782,0.3188501482662669,0.1780623722992652,0,0,0.0,6.708203932499369,0.0516717325227963,0.0574676349176191,-0.1625544267053701,0.0341061767876412,-0.7622377622377624,736096,1750904,585,361,224,17,207,75810,0,75810,0,197,10,52,0.9326414887794198,51,52,12,0.8608998357963875,12,12,0.0,0.0,3,6.708203932499369,8.744137827658346,3,0.0320767970030437,0.0524989063142126,3,0.0502727850017521,0.0608764952059773,3,-0.1942286348501664,-0.1123537949287116,3,0.030642283613337,0.0355450852584893,3,-0.8251748251748254,-0.6783216783216784,3,670133.0,801204.0,1480878.0,2039154.0,546.0,945.0,313.0,667.0,224.0,278.0,14.0,24.0,207.0,254.0,74020.0,84960.0,0.0,0.0,74020.0,84960.0,0.0,0.0,197.0,247.0,7.0,10.0,52.0,52.0,0.9326414887794198,0.9326414887794198,51.0,51.0,52.0,52.0,12.0,12.0,0.8608998357963875,0.8608998357963875,12.0,12.0,12.0,12.0,5,100,166.383460397794,1.480569317297706,0.15302252472485384,0.17342359744047237,161,316,233,61,11,0,35561.0,6.762729506931879,2.6888188391743215,,,,,11.015325670498084
26,Batch_3,utfgcjfa,2068,6996,34.15802888700085,96.0,52,5.097706032285472,6.796941376380628,117.0,65.0,True,False,False,0.097581320301294,0.0553903833414617,0.8470282963572442,14.998899619898854,60.52363315435602,192.48045166380865,253.9931126086714,0.4567464650323394,0.8774085997155477,262.1387766610593,93.17288796139934,112.55546841497691,274.66705209152383,3.3249345407091675,418.72902692176126,0.0240316240393792,0.552954824696732,0.1022415027727356,0.0594903051396914,0.0700179260474584,0.0869061133622249,0.06300909008046,0.0845017028364034,0.0812058236176365,0.0340891827766315,0.1455075778291528,0.0230090072173747,0.1157679561691285,0.0447676064547286,0.1027122468878006,0.0451403562560248,0.1213419400457956,0.0988425408031642,0.0900341948332104,0.0389159574967614,0.0840853158326497,0.0382095496943733,-2.2380641402836203,24.0,ordinary,False,False,False,True,False,0,0,54.0,23.238912881003635,0.1742424242424242,72.0,93.0,0.0074774145227867,0.7742743816614062,,data,0.2181818181818181,0.3292181069958848,5.0,0.097581320301294,0.0820461236207924,0.1141696885647836,0.0553903833414617,0.057388209123091,0.0533837102826373,0.3291978920228363,0.0722959221236552,0,0,0.0,7.0710678118654755,0.0278996865203761,0.0717841117429209,0.1013874067092459,0.039755526335399,0.0209790209790209,801373,1411780,561,344,217,16,201,58472,0,58472,0,190,11,52,0.9421996321744506,50,52,12,0.8697227373918006,12,12,0.0,0.0,3,6.4031242374328485,8.54400374531753,3,0.0187548538395865,0.041642291824973,3,0.0705833865114828,0.0728682224352466,3,0.0972017673270015,0.1154273029966703,3,0.0395386762442891,0.0399962892691394,3,0.0,0.0209790209790209,3,772341.0,830277.0,1187021.0,1651776.0,471.0,740.0,272.0,490.0,199.0,250.0,12.0,20.0,187.0,230.0,58472.0,60246.0,0.0,0.0,58472.0,60246.0,0.0,0.0,180.0,218.0,7.0,12.0,52.0,52.0,0.9421996321744506,0.9421996321744506,50.0,51.0,52.0,52.0,12.0,12.0,0.8697227373918006,0.8697227373918006,12.0,12.0,12.0,12.0,-5,50,144.9974642239451,1.1562773525879715,0.058892835542211544,-0.010184782251961537,230,443,250,0,20,0,51311.0,5.627621113690637,3.089449156988593,,,,,15.897451210031043
26,Batch_3,utfgcjfa,2068,6996,34.15802888700085,96.0,52,5.097706032285472,6.796941376380628,117.0,65.0,True,False,False,0.097581320301294,0.0553903833414617,0.8470282963572442,14.998899619898854,60.52363315435602,192.48045166380865,253.9931126086714,0.4567464650323394,0.8774085997155477,262.1387766610593,93.17288796139934,112.55546841497691,274.66705209152383,3.3249345407091675,418.72902692176126,0.0240316240393792,0.552954824696732,0.1022415027727356,0.0594903051396914,0.0700179260474584,0.0869061133622249,0.06300909008046,0.0845017028364034,0.0812058236176365,0.0340891827766315,0.1455075778291528,0.0230090072173747,0.1157679561691285,0.0447676064547286,0.1027122468878006,0.0451403562560248,0.1213419400457956,0.0988425408031642,0.0900341948332104,0.0389159574967614,0.0840853158326497,0.0382095496943733,-2.2380641402836203,24.0,ordinary,False,False,False,True,False,0,0,54.0,23.238912881003635,0.1742424242424242,72.0,93.0,0.0074774145227867,0.7742743816614062,,data,0.2181818181818181,0.3292181069958848,5.0,0.097581320301294,0.0820461236207924,0.1141696885647836,0.0553903833414617,0.057388209123091,0.0533837102826373,0.3291978920228363,0.0722959221236552,0,0,0.0,7.0710678118654755,0.0278996865203761,0.0717841117429209,0.1013874067092459,0.039755526335399,0.0209790209790209,801373,1411780,561,344,217,16,201,58472,0,58472,0,190,11,52,0.9421996321744506,50,52,12,0.8697227373918006,12,12,0.0,0.0,3,6.4031242374328485,8.54400374531753,3,0.0187548538395865,0.041642291824973,3,0.0705833865114828,0.0728682224352466,3,0.0972017673270015,0.1154273029966703,3,0.0395386762442891,0.0399962892691394,3,0.0,0.0209790209790209,3,772341.0,830277.0,1187021.0,1651776.0,471.0,740.0,272.0,490.0,199.0,250.0,12.0,20.0,187.0,230.0,58472.0,60246.0,0.0,0.0,58472.0,60246.0,0.0,0.0,180.0,218.0,7.0,12.0,52.0,52.0,0.9421996321744506,0.9421996321744506,50.0,51.0,52.0,52.0,12.0,12.0,0.8697227373918006,0.8697227373918006,12.0,12.0,12.0,12.0,-5,100,186.47417607803183,1.0916049532152035,0.044981803204844295,0.07178386391727483,168,324,250,65,17,0,51064.0,6.5963177151948305,2.7971845369811774,,,,,11.61205131863137
26,Batch_3,utfgcjfa,2068,6996,34.15802888700085,96.0,52,5.097706032285472,6.796941376380628,117.0,65.0,True,False,False,0.097581320301294,0.0553903833414617,0.8470282963572442,14.998899619898854,60.52363315435602,192.48045166380865,253.9931126086714,0.4567464650323394,0.8774085997155477,262.1387766610593,93.17288796139934,112.55546841497691,274.66705209152383,3.3249345407091675,418.72902692176126,0.0240316240393792,0.552954824696732,0.1022415027727356,0.0594903051396914,0.0700179260474584,0.0869061133622249,0.06300909008046,0.0845017028364034,0.0812058236176365,0.0340891827766315,0.1455075778291528,0.0230090072173747,0.1157679561691285,0.0447676064547286,0.1027122468878006,0.0451403562560248,0.1213419400457956,0.0988425408031642,0.0900341948332104,0.0389159574967614,0.0840853158326497,0.0382095496943733,-2.2380641402836203,24.0,ordinary,False,False,False,True,False,0,0,54.0,23.238912881003635,0.1742424242424242,72.0,93.0,0.0074774145227867,0.7742743816614062,,data,0.2181818181818181,0.3292181069958848,5.0,0.097581320301294,0.0820461236207924,0.1141696885647836,0.0553903833414617,0.057388209123091,0.0533837102826373,0.3291978920228363,0.0722959221236552,0,0,0.0,7.0710678118654755,0.0278996865203761,0.0717841117429209,0.1013874067092459,0.039755526335399,0.0209790209790209,801373,1411780,561,344,217,16,201,58472,0,58472,0,190,11,52,0.9421996321744506,50,52,12,0.8697227373918006,12,12,0.0,0.0,3,6.4031242374328485,8.54400374531753,3,0.0187548538395865,0.041642291824973,3,0.0705833865114828,0.0728682224352466,3,0.0972017673270015,0.1154273029966703,3,0.0395386762442891,0.0399962892691394,3,0.0,0.0209790209790209,3,772341.0,830277.0,1187021.0,1651776.0,471.0,740.0,272.0,490.0,199.0,250.0,12.0,20.0,187.0,230.0,58472.0,60246.0,0.0,0.0,58472.0,60246.0,0.0,0.0,180.0,218.0,7.0,12.0,52.0,52.0,0.9421996321744506,0.9421996321744506,50.0,51.0,52.0,52.0,12.0,12.0,0.8697227373918006,0.8697227373918006,12.0,12.0,12.0,12.0,0,50,166.0610233377662,1.1361897320019636,0.03939032793252051,0.03981568752096841,201,383,217,0,16,0,48571.0,5.921578419643816,3.0050636009828757,,,,,13.89298997050539
26,Batch_3,utfgcjfa,2068,6996,34.15802888700085,96.0,52,5.097706032285472,6.796941376380628,117.0,65.0,True,False,False,0.097581320301294,0.0553903833414617,0.8470282963572442,14.998899619898854,60.52363315435602,192.48045166380865,253.9931126086714,0.4567464650323394,0.8774085997155477,262.1387766610593,93.17288796139934,112.55546841497691,274.66705209152383,3.3249345407091675,418.72902692176126,0.0240316240393792,0.552954824696732,0.1022415027727356,0.0594903051396914,0.0700179260474584,0.0869061133622249,0.06300909008046,0.0845017028364034,0.0812058236176365,0.0340891827766315,0.1455075778291528,0.0230090072173747,0.1157679561691285,0.0447676064547286,0.1027122468878006,0.0451403562560248,0.1213419400457956,0.0988425408031642,0.0900341948332104,0.0389159574967614,0.0840853158326497,0.0382095496943733,-2.2380641402836203,24.0,ordinary,False,False,False,True,False,0,0,54.0,23.238912881003635,0.1742424242424242,72.0,93.0,0.0074774145227867,0.7742743816614062,,data,0.2181818181818181,0.3292181069958848,5.0,0.097581320301294,0.0820461236207924,0.1141696885647836,0.0553903833414617,0.057388209123091,0.0533837102826373,0.3291978920228363,0.0722959221236552,0,0,0.0,7.0710678118654755,0.0278996865203761,0.0717841117429209,0.1013874067092459,0.039755526335399,0.0209790209790209,801373,1411780,561,344,217,16,201,58472,0,58472,0,190,11,52,0.9421996321744506,50,52,12,0.8697227373918006,12,12,0.0,0.0,3,6.4031242374328485,8.54400374531753,3,0.0187548538395865,0.041642291824973,3,0.0705833865114828,0.0728682224352466,3,0.0972017673270015,0.1154273029966703,3,0.0395386762442891,0.0399962892691394,3,0.0,0.0209790209790209,3,772341.0,830277.0,1187021.0,1651776.0,471.0,740.0,272.0,490.0,199.0,250.0,12.0,20.0,187.0,230.0,58472.0,60246.0,0.0,0.0,58472.0,60246.0,0.0,0.0,180.0,218.0,7.0,12.0,52.0,52.0,0.9421996321744506,0.9421996321744506,50.0,51.0,52.0,52.0,12.0,12.0,0.8697227373918006,0.8697227373918006,12.0,12.0,12.0,12.0,0,100,199.24724960112255,1.0796867781380544,0.06813605961088019,0.029358942563462997,155,299,217,50,12,0,48322.0,6.704414354964107,2.75590013665341,,,,,10.713499728499182
26,Batch_3,utfgcjfa,2068,6996,34.15802888700085,96.0,52,5.097706032285472,6.796941376380628,117.0,65.0,True,False,False,0.097581320301294,0.0553903833414617,0.8470282963572442,14.998899619898854,60.52363315435602,192.48045166380865,253.9931126086714,0.4567464650323394,0.8774085997155477,262.1387766610593,93.17288796139934,112.55546841497691,274.66705209152383,3.3249345407091675,418.72902692176126,0.0240316240393792,0.552954824696732,0.1022415027727356,0.0594903051396914,0.0700179260474584,0.0869061133622249,0.06300909008046,0.0845017028364034,0.0812058236176365,0.0340891827766315,0.1455075778291528,0.0230090072173747,0.1157679561691285,0.0447676064547286,0.1027122468878006,0.0451403562560248,0.1213419400457956,0.0988425408031642,0.0900341948332104,0.0389159574967614,0.0840853158326497,0.0382095496943733,-2.2380641402836203,24.0,ordinary,False,False,False,True,False,0,0,54.0,23.238912881003635,0.1742424242424242,72.0,93.0,0.0074774145227867,0.7742743816614062,,data,0.2181818181818181,0.3292181069958848,5.0,0.097581320301294,0.0820461236207924,0.1141696885647836,0.0553903833414617,0.057388209123091,0.0533837102826373,0.3291978920228363,0.0722959221236552,0,0,0.0,7.0710678118654755,0.0278996865203761,0.0717841117429209,0.1013874067092459,0.039755526335399,0.0209790209790209,801373,1411780,561,344,217,16,201,58472,0,58472,0,190,11,52,0.9421996321744506,50,52,12,0.8697227373918006,12,12,0.0,0.0,3,6.4031242374328485,8.54400374531753,3,0.0187548538395865,0.041642291824973,3,0.0705833865114828,0.0728682224352466,3,0.0972017673270015,0.1154273029966703,3,0.0395386762442891,0.0399962892691394,3,0.0,0.0209790209790209,3,772341.0,830277.0,1187021.0,1651776.0,471.0,740.0,272.0,490.0,199.0,250.0,12.0,20.0,187.0,230.0,58472.0,60246.0,0.0,0.0,58472.0,60246.0,0.0,0.0,180.0,218.0,7.0,12.0,52.0,52.0,0.9421996321744506,0.9421996321744506,50.0,51.0,52.0,52.0,12.0,12.0,0.8697227373918006,0.8697227373918006,12.0,12.0,12.0,12.0,5,50,150.92035204262882,1.3327779516385774,0.026092256428461837,0.05744516050929427,187,359,199,0,12,0,46897.0,6.023447592961033,3.001127900797645,,,,,12.92531902728611
26,Batch_3,utfgcjfa,2068,6996,34.15802888700085,96.0,52,5.097706032285472,6.796941376380628,117.0,65.0,True,False,False,0.097581320301294,0.0553903833414617,0.8470282963572442,14.998899619898854,60.52363315435602,192.48045166380865,253.9931126086714,0.4567464650323394,0.8774085997155477,262.1387766610593,93.17288796139934,112.55546841497691,274.66705209152383,3.3249345407091675,418.72902692176126,0.0240316240393792,0.552954824696732,0.1022415027727356,0.0594903051396914,0.0700179260474584,0.0869061133622249,0.06300909008046,0.0845017028364034,0.0812058236176365,0.0340891827766315,0.1455075778291528,0.0230090072173747,0.1157679561691285,0.0447676064547286,0.1027122468878006,0.0451403562560248,0.1213419400457956,0.0988425408031642,0.0900341948332104,0.0389159574967614,0.0840853158326497,0.0382095496943733,-2.2380641402836203,24.0,ordinary,False,False,False,True,False,0,0,54.0,23.238912881003635,0.1742424242424242,72.0,93.0,0.0074774145227867,0.7742743816614062,,data,0.2181818181818181,0.3292181069958848,5.0,0.097581320301294,0.0820461236207924,0.1141696885647836,0.0553903833414617,0.057388209123091,0.0533837102826373,0.3291978920228363,0.0722959221236552,0,0,0.0,7.0710678118654755,0.0278996865203761,0.0717841117429209,0.1013874067092459,0.039755526335399,0.0209790209790209,801373,1411780,561,344,217,16,201,58472,0,58472,0,190,11,52,0.9421996321744506,50,52,12,0.8697227373918006,12,12,0.0,0.0,3,6.4031242374328485,8.54400374531753,3,0.0187548538395865,0.041642291824973,3,0.0705833865114828,0.0728682224352466,3,0.0972017673270015,0.1154273029966703,3,0.0395386762442891,0.0399962892691394,3,0.0,0.0209790209790209,3,772341.0,830277.0,1187021.0,1651776.0,471.0,740.0,272.0,490.0,199.0,250.0,12.0,20.0,187.0,230.0,58472.0,60246.0,0.0,0.0,58472.0,60246.0,0.0,0.0,180.0,218.0,7.0,12.0,52.0,52.0,0.9421996321744506,0.9421996321744506,50.0,51.0,52.0,52.0,12.0,12.0,0.8697227373918006,0.8697227373918006,12.0,12.0,12.0,12.0,5,100,195.93571033118798,1.1556560243196508,0.02206868782670041,0.08807770099337336,150,289,199,39,10,0,46733.0,6.599187910307764,2.845686321597925,,,,,10.367902963063724
27,Batch_3,vc2whyaq,2068,7000,31.2107051826678,95.0,55,6.796941376380628,7.646559048428207,117.0,62.0,True,False,False,0.082796214423874,0.056152528322741,0.8610512572533849,12.434374136501797,74.06156870279673,154.18383683042208,237.46417194438172,0.4235076406582454,0.8736249902912052,247.6631620327733,81.37607073777286,106.72582146416472,290.4672415813452,3.6808452065581103,375.37733972137386,0.023861356728378,0.5526388505111909,0.0618529819694868,0.0466560332871012,0.0574520358868184,0.0540144927536231,0.0745548654244306,0.0664506556245686,0.1451877156659765,0.0370082815734989,0.0969254658385093,0.0775224292615597,0.058755894590846,0.0570929264909847,0.0745175983436853,0.0789965493443754,0.0798881987577639,0.0356887508626639,0.0814375431331953,0.0342353347135955,0.0971725327812284,0.0738184955141477,-2.1908208862652048,28.0,ordinary,False,False,False,False,False,0,1,55.0,22.89729429624484,0.0763358778625954,76.0,119.0,0.0080342815498914,0.8576346093853907,,data,0.1104294478527607,0.1949152542372881,5.0,0.082796214423874,0.0684598646034816,0.0977928985907709,0.056152528322741,0.0582131804365846,0.0540324675324675,0.3542798930047608,0.0744527989922054,0,0,0.0,7.211102550927978,0.0329855936413313,0.0561925031584824,-0.0815777678357048,0.0317192263163936,-0.6083916083916086,812864,1198558,455,275,180,23,157,56376,0,56376,0,151,6,52,0.9416612323846366,50,52,12,0.8692257529704338,12,12,0.0,0.0,3,7.0710678118654755,9.137464797715152,3,0.014993752603082,0.0407713319458897,3,0.054356207923066,0.0577132547742396,3,-0.1139783569447053,-0.0655821713420349,3,0.0304499957603758,0.03273244858193,3,-0.6083916083916086,-0.5384615384615385,3,782174.0,842694.0,991025.0,1415650.0,383.0,661.0,211.0,457.0,172.0,204.0,18.0,23.0,151.0,186.0,56290.0,61328.0,0.0,0.0,56290.0,61328.0,0.0,0.0,142.0,179.0,6.0,9.0,52.0,52.0,0.9416612323846366,0.9416612323846366,48.0,52.0,52.0,52.0,12.0,12.0,0.8692257529704338,0.8692257529704338,12.0,12.0,12.0,12.0,-5,50,160.36598229062858,0.9171150880381955,0.1372278568849638,-0.03441104172788593,186,352,204,0,18,0,118395.0,5.77143627066909,3.415445104938515,,,,,12.84885327438519
27,Batch_3,vc2whyaq,2068,7000,31.2107051826678,95.0,55,6.796941376380628,7.646559048428207,117.0,62.0,True,False,False,0.082796214423874,0.056152528322741,0.8610512572533849,12.434374136501797,74.06156870279673,154.18383683042208,237.46417194438172,0.4235076406582454,0.8736249902912052,247.6631620327733,81.37607073777286,106.72582146416472,290.4672415813452,3.6808452065581103,375.37733972137386,0.023861356728378,0.5526388505111909,0.0618529819694868,0.0466560332871012,0.0574520358868184,0.0540144927536231,0.0745548654244306,0.0664506556245686,0.1451877156659765,0.0370082815734989,0.0969254658385093,0.0775224292615597,0.058755894590846,0.0570929264909847,0.0745175983436853,0.0789965493443754,0.0798881987577639,0.0356887508626639,0.0814375431331953,0.0342353347135955,0.0971725327812284,0.0738184955141477,-2.1908208862652048,28.0,ordinary,False,False,False,False,False,0,1,55.0,22.89729429624484,0.0763358778625954,76.0,119.0,0.0080342815498914,0.8576346093853907,,data,0.1104294478527607,0.1949152542372881,5.0,0.082796214423874,0.0684598646034816,0.0977928985907709,0.056152528322741,0.0582131804365846,0.0540324675324675,0.3542798930047608,0.0744527989922054,0,0,0.0,7.211102550927978,0.0329855936413313,0.0561925031584824,-0.0815777678357048,0.0317192263163936,-0.6083916083916086,812864,1198558,455,275,180,23,157,56376,0,56376,0,151,6,52,0.9416612323846366,50,52,12,0.8692257529704338,12,12,0.0,0.0,3,7.0710678118654755,9.137464797715152,3,0.014993752603082,0.0407713319458897,3,0.054356207923066,0.0577132547742396,3,-0.1139783569447053,-0.0655821713420349,3,0.0304499957603758,0.03273244858193,3,-0.6083916083916086,-0.5384615384615385,3,782174.0,842694.0,991025.0,1415650.0,383.0,661.0,211.0,457.0,172.0,204.0,18.0,23.0,151.0,186.0,56290.0,61328.0,0.0,0.0,56290.0,61328.0,0.0,0.0,142.0,179.0,6.0,9.0,52.0,52.0,0.9416612323846366,0.9416612323846366,48.0,52.0,52.0,52.0,12.0,12.0,0.8692257529704338,0.8692257529704338,12.0,12.0,12.0,12.0,-5,100,211.16574190076238,0.9786566707484573,0.10179156483368823,0.1128844264840422,131,250,204,56,17,0,118344.0,6.86484777797086,3.0965529778103313,,,,,9.049461177120751
27,Batch_3,vc2whyaq,2068,7000,31.2107051826678,95.0,55,6.796941376380628,7.646559048428207,117.0,62.0,True,False,False,0.082796214423874,0.056152528322741,0.8610512572533849,12.434374136501797,74.06156870279673,154.18383683042208,237.46417194438172,0.4235076406582454,0.8736249902912052,247.6631620327733,81.37607073777286,106.72582146416472,290.4672415813452,3.6808452065581103,375.37733972137386,0.023861356728378,0.5526388505111909,0.0618529819694868,0.0466560332871012,0.0574520358868184,0.0540144927536231,0.0745548654244306,0.0664506556245686,0.1451877156659765,0.0370082815734989,0.0969254658385093,0.0775224292615597,0.058755894590846,0.0570929264909847,0.0745175983436853,0.0789965493443754,0.0798881987577639,0.0356887508626639,0.0814375431331953,0.0342353347135955,0.0971725327812284,0.0738184955141477,-2.1908208862652048,28.0,ordinary,False,False,False,False,False,0,1,55.0,22.89729429624484,0.0763358778625954,76.0,119.0,0.0080342815498914,0.8576346093853907,,data,0.1104294478527607,0.1949152542372881,5.0,0.082796214423874,0.0684598646034816,0.0977928985907709,0.056152528322741,0.0582131804365846,0.0540324675324675,0.3542798930047608,0.0744527989922054,0,0,0.0,7.211102550927978,0.0329855936413313,0.0561925031584824,-0.0815777678357048,0.0317192263163936,-0.6083916083916086,812864,1198558,455,275,180,23,157,56376,0,56376,0,151,6,52,0.9416612323846366,50,52,12,0.8692257529704338,12,12,0.0,0.0,3,7.0710678118654755,9.137464797715152,3,0.014993752603082,0.0407713319458897,3,0.054356207923066,0.0577132547742396,3,-0.1139783569447053,-0.0655821713420349,3,0.0304499957603758,0.03273244858193,3,-0.6083916083916086,-0.5384615384615385,3,782174.0,842694.0,991025.0,1415650.0,383.0,661.0,211.0,457.0,172.0,204.0,18.0,23.0,151.0,186.0,56290.0,61328.0,0.0,0.0,56290.0,61328.0,0.0,0.0,142.0,179.0,6.0,9.0,52.0,52.0,0.9416612323846366,0.9416612323846366,48.0,52.0,52.0,52.0,12.0,12.0,0.8692257529704338,0.8692257529704338,12.0,12.0,12.0,12.0,0,50,172.99051690031985,0.9906922270125068,0.12371823618279049,0.0265940089052845,157,297,180,0,23,0,114586.0,6.063785208687608,3.7839752026962534,,,,,10.845537441282122
27,Batch_3,vc2whyaq,2068,7000,31.2107051826678,95.0,55,6.796941376380628,7.646559048428207,117.0,62.0,True,False,False,0.082796214423874,0.056152528322741,0.8610512572533849,12.434374136501797,74.06156870279673,154.18383683042208,237.46417194438172,0.4235076406582454,0.8736249902912052,247.6631620327733,81.37607073777286,106.72582146416472,290.4672415813452,3.6808452065581103,375.37733972137386,0.023861356728378,0.5526388505111909,0.0618529819694868,0.0466560332871012,0.0574520358868184,0.0540144927536231,0.0745548654244306,0.0664506556245686,0.1451877156659765,0.0370082815734989,0.0969254658385093,0.0775224292615597,0.058755894590846,0.0570929264909847,0.0745175983436853,0.0789965493443754,0.0798881987577639,0.0356887508626639,0.0814375431331953,0.0342353347135955,0.0971725327812284,0.0738184955141477,-2.1908208862652048,28.0,ordinary,False,False,False,False,False,0,1,55.0,22.89729429624484,0.0763358778625954,76.0,119.0,0.0080342815498914,0.8576346093853907,,data,0.1104294478527607,0.1949152542372881,5.0,0.082796214423874,0.0684598646034816,0.0977928985907709,0.056152528322741,0.0582131804365846,0.0540324675324675,0.3542798930047608,0.0744527989922054,0,0,0.0,7.211102550927978,0.0329855936413313,0.0561925031584824,-0.0815777678357048,0.0317192263163936,-0.6083916083916086,812864,1198558,455,275,180,23,157,56376,0,56376,0,151,6,52,0.9416612323846366,50,52,12,0.8692257529704338,12,12,0.0,0.0,3,7.0710678118654755,9.137464797715152,3,0.014993752603082,0.0407713319458897,3,0.054356207923066,0.0577132547742396,3,-0.1139783569447053,-0.0655821713420349,3,0.0304499957603758,0.03273244858193,3,-0.6083916083916086,-0.5384615384615385,3,782174.0,842694.0,991025.0,1415650.0,383.0,661.0,211.0,457.0,172.0,204.0,18.0,23.0,151.0,186.0,56290.0,61328.0,0.0,0.0,56290.0,61328.0,0.0,0.0,142.0,179.0,6.0,9.0,52.0,52.0,0.9416612323846366,0.9416612323846366,48.0,52.0,52.0,52.0,12.0,12.0,0.8692257529704338,0.8692257529704338,12.0,12.0,12.0,12.0,0,100,215.86877197029384,0.9007985178927371,0.0473537815848882,0.006787506450755771,118,228,180,42,20,0,114327.0,7.305987884865036,3.081937214809243,,,,,8.151423045040067
27,Batch_3,vc2whyaq,2068,7000,31.2107051826678,95.0,55,6.796941376380628,7.646559048428207,117.0,62.0,True,False,False,0.082796214423874,0.056152528322741,0.8610512572533849,12.434374136501797,74.06156870279673,154.18383683042208,237.46417194438172,0.4235076406582454,0.8736249902912052,247.6631620327733,81.37607073777286,106.72582146416472,290.4672415813452,3.6808452065581103,375.37733972137386,0.023861356728378,0.5526388505111909,0.0618529819694868,0.0466560332871012,0.0574520358868184,0.0540144927536231,0.0745548654244306,0.0664506556245686,0.1451877156659765,0.0370082815734989,0.0969254658385093,0.0775224292615597,0.058755894590846,0.0570929264909847,0.0745175983436853,0.0789965493443754,0.0798881987577639,0.0356887508626639,0.0814375431331953,0.0342353347135955,0.0971725327812284,0.0738184955141477,-2.1908208862652048,28.0,ordinary,False,False,False,False,False,0,1,55.0,22.89729429624484,0.0763358778625954,76.0,119.0,0.0080342815498914,0.8576346093853907,,data,0.1104294478527607,0.1949152542372881,5.0,0.082796214423874,0.0684598646034816,0.0977928985907709,0.056152528322741,0.0582131804365846,0.0540324675324675,0.3542798930047608,0.0744527989922054,0,0,0.0,7.211102550927978,0.0329855936413313,0.0561925031584824,-0.0815777678357048,0.0317192263163936,-0.6083916083916086,812864,1198558,455,275,180,23,157,56376,0,56376,0,151,6,52,0.9416612323846366,50,52,12,0.8692257529704338,12,12,0.0,0.0,3,7.0710678118654755,9.137464797715152,3,0.014993752603082,0.0407713319458897,3,0.054356207923066,0.0577132547742396,3,-0.1139783569447053,-0.0655821713420349,3,0.0304499957603758,0.03273244858193,3,-0.6083916083916086,-0.5384615384615385,3,782174.0,842694.0,991025.0,1415650.0,383.0,661.0,211.0,457.0,172.0,204.0,18.0,23.0,151.0,186.0,56290.0,61328.0,0.0,0.0,56290.0,61328.0,0.0,0.0,142.0,179.0,6.0,9.0,52.0,52.0,0.9416612323846366,0.9416612323846366,48.0,52.0,52.0,52.0,12.0,12.0,0.8692257529704338,0.8692257529704338,12.0,12.0,12.0,12.0,5,50,167.6951607044795,1.0652690943770036,0.06181153016594846,0.07414295326631597,151,292,172,0,21,0,69495.0,6.1092475827643655,3.722296842858391,,,,,10.431058303398729
27,Batch_3,vc2whyaq,2068,7000,31.2107051826678,95.0,55,6.796941376380628,7.646559048428207,117.0,62.0,True,False,False,0.082796214423874,0.056152528322741,0.8610512572533849,12.434374136501797,74.06156870279673,154.18383683042208,237.46417194438172,0.4235076406582454,0.8736249902912052,247.6631620327733,81.37607073777286,106.72582146416472,290.4672415813452,3.6808452065581103,375.37733972137386,0.023861356728378,0.5526388505111909,0.0618529819694868,0.0466560332871012,0.0574520358868184,0.0540144927536231,0.0745548654244306,0.0664506556245686,0.1451877156659765,0.0370082815734989,0.0969254658385093,0.0775224292615597,0.058755894590846,0.0570929264909847,0.0745175983436853,0.0789965493443754,0.0798881987577639,0.0356887508626639,0.0814375431331953,0.0342353347135955,0.0971725327812284,0.0738184955141477,-2.1908208862652048,28.0,ordinary,False,False,False,False,False,0,1,55.0,22.89729429624484,0.0763358778625954,76.0,119.0,0.0080342815498914,0.8576346093853907,,data,0.1104294478527607,0.1949152542372881,5.0,0.082796214423874,0.0684598646034816,0.0977928985907709,0.056152528322741,0.0582131804365846,0.0540324675324675,0.3542798930047608,0.0744527989922054,0,0,0.0,7.211102550927978,0.0329855936413313,0.0561925031584824,-0.0815777678357048,0.0317192263163936,-0.6083916083916086,812864,1198558,455,275,180,23,157,56376,0,56376,0,151,6,52,0.9416612323846366,50,52,12,0.8692257529704338,12,12,0.0,0.0,3,7.0710678118654755,9.137464797715152,3,0.014993752603082,0.0407713319458897,3,0.054356207923066,0.0577132547742396,3,-0.1139783569447053,-0.0655821713420349,3,0.0304499957603758,0.03273244858193,3,-0.6083916083916086,-0.5384615384615385,3,782174.0,842694.0,991025.0,1415650.0,383.0,661.0,211.0,457.0,172.0,204.0,18.0,23.0,151.0,186.0,56290.0,61328.0,0.0,0.0,56290.0,61328.0,0.0,0.0,142.0,179.0,6.0,9.0,52.0,52.0,0.9416612323846366,0.9416612323846366,48.0,52.0,52.0,52.0,12.0,12.0,0.8692257529704338,0.8692257529704338,12.0,12.0,12.0,12.0,5,100,200.80314022187554,0.9946713170280779,0.05816608825429176,0.013796827157206894,118,228,172,37,17,0,69187.0,7.40314482338977,3.1278161387593855,,,,,8.151423045040067
28,Batch_3,x77cy643,2068,6996,34.15802888700085,96.0,52,5.097706032285472,8.496176720475786,117.0,65.0,True,False,False,0.0947570344148023,0.0604133558496537,0.8448296097355439,13.201796439634476,77.19301179096824,136.0480917242688,237.59817956892607,0.4065165311051986,0.8699569984902653,250.77195687320068,102.4348812750696,105.121101634051,230.54307960861595,3.618455172706924,269.1675125531775,0.0219409709665539,0.691193530870915,0.0540371196855901,0.0337002559021243,0.0579047240244943,0.0507936902522628,0.1055800001657261,0.0512383888101689,0.1272576738122267,0.0947677485823507,0.0857156470364017,0.0545674132630654,0.0831751292000421,0.0350151542906626,0.1324007093080103,0.0720763831920517,0.0959526907024856,0.0958111329317235,0.1134216101402319,0.0794422209516549,0.0918723742759838,0.0364694249025668,-2.2130913848625413,22.0,ordinary,False,False,False,True,False,0,0,55.0,23.58830750930431,0.1742424242424242,73.0,108.0,0.007907974173835,0.7494664469234112,,data,0.18562874251497,0.3471074380165289,5.0,0.0947570344148023,0.0790651441608523,0.11224699551996,0.0604133558496537,0.0625521159922276,0.058147692574812,0.3501782381015946,0.0729047965548644,0,0,0.0,7.447941497572213,0.0335208626347866,0.0592809081036349,0.0811935711269025,0.031304621055803,0.1258741258741259,874044,1370919,453,262,191,15,176,67516,0,67516,0,173,3,52,0.9421996321744506,50,52,12,0.8697227373918006,12,12,0.0,0.0,3,6.4031242374328485,8.48528137423857,3,0.0209218226394638,0.042573320719016,3,0.0576538171418084,0.0605554841596855,3,0.0811935711269025,0.0926400276600853,3,0.0302214020952027,0.0320194567561599,3,0.0909090909090909,0.1258741258741259,3,841265.0,904987.0,1143893.0,1623959.0,387.0,646.0,213.0,434.0,174.0,212.0,14.0,15.0,160.0,197.0,66802.0,71256.0,0.0,0.0,66802.0,71256.0,0.0,0.0,157.0,194.0,3.0,3.0,52.0,52.0,0.9421996321744506,0.9421996321744506,49.0,51.0,52.0,52.0,12.0,12.0,0.8697227373918006,0.8697227373918006,12.0,12.0,12.0,12.0,-5,50,165.6999862767048,1.0001411585702766,0.06451268746675395,-0.01365221827314857,197,386,212,0,15,0,50336.0,5.886104031450156,4.209764204903577,,,,,13.616512558157023
28,Batch_3,x77cy643,2068,6996,34.15802888700085,96.0,52,5.097706032285472,8.496176720475786,117.0,65.0,True,False,False,0.0947570344148023,0.0604133558496537,0.8448296097355439,13.201796439634476,77.19301179096824,136.0480917242688,237.59817956892607,0.4065165311051986,0.8699569984902653,250.77195687320068,102.4348812750696,105.121101634051,230.54307960861595,3.618455172706924,269.1675125531775,0.0219409709665539,0.691193530870915,0.0540371196855901,0.0337002559021243,0.0579047240244943,0.0507936902522628,0.1055800001657261,0.0512383888101689,0.1272576738122267,0.0947677485823507,0.0857156470364017,0.0545674132630654,0.0831751292000421,0.0350151542906626,0.1324007093080103,0.0720763831920517,0.0959526907024856,0.0958111329317235,0.1134216101402319,0.0794422209516549,0.0918723742759838,0.0364694249025668,-2.2130913848625413,22.0,ordinary,False,False,False,True,False,0,0,55.0,23.58830750930431,0.1742424242424242,73.0,108.0,0.007907974173835,0.7494664469234112,,data,0.18562874251497,0.3471074380165289,5.0,0.0947570344148023,0.0790651441608523,0.11224699551996,0.0604133558496537,0.0625521159922276,0.058147692574812,0.3501782381015946,0.0729047965548644,0,0,0.0,7.447941497572213,0.0335208626347866,0.0592809081036349,0.0811935711269025,0.031304621055803,0.1258741258741259,874044,1370919,453,262,191,15,176,67516,0,67516,0,173,3,52,0.9421996321744506,50,52,12,0.8697227373918006,12,12,0.0,0.0,3,6.4031242374328485,8.48528137423857,3,0.0209218226394638,0.042573320719016,3,0.0576538171418084,0.0605554841596855,3,0.0811935711269025,0.0926400276600853,3,0.0302214020952027,0.0320194567561599,3,0.0909090909090909,0.1258741258741259,3,841265.0,904987.0,1143893.0,1623959.0,387.0,646.0,213.0,434.0,174.0,212.0,14.0,15.0,160.0,197.0,66802.0,71256.0,0.0,0.0,66802.0,71256.0,0.0,0.0,157.0,194.0,3.0,3.0,52.0,52.0,0.9421996321744506,0.9421996321744506,49.0,51.0,52.0,52.0,12.0,12.0,0.8697227373918006,0.8697227373918006,12.0,12.0,12.0,12.0,-5,100,212.12693564659293,0.7898306608514302,0.025352094465072295,-0.0950158039215634,142,272,212,56,14,0,50246.0,7.658683522951403,3.40586207393768,,,,,9.814948138366992
28,Batch_3,x77cy643,2068,6996,34.15802888700085,96.0,52,5.097706032285472,8.496176720475786,117.0,65.0,True,False,False,0.0947570344148023,0.0604133558496537,0.8448296097355439,13.201796439634476,77.19301179096824,136.0480917242688,237.59817956892607,0.4065165311051986,0.8699569984902653,250.77195687320068,102.4348812750696,105.121101634051,230.54307960861595,3.618455172706924,269.1675125531775,0.0219409709665539,0.691193530870915,0.0540371196855901,0.0337002559021243,0.0579047240244943,0.0507936902522628,0.1055800001657261,0.0512383888101689,0.1272576738122267,0.0947677485823507,0.0857156470364017,0.0545674132630654,0.0831751292000421,0.0350151542906626,0.1324007093080103,0.0720763831920517,0.0959526907024856,0.0958111329317235,0.1134216101402319,0.0794422209516549,0.0918723742759838,0.0364694249025668,-2.2130913848625413,22.0,ordinary,False,False,False,True,False,0,0,55.0,23.58830750930431,0.1742424242424242,73.0,108.0,0.007907974173835,0.7494664469234112,,data,0.18562874251497,0.3471074380165289,5.0,0.0947570344148023,0.0790651441608523,0.11224699551996,0.0604133558496537,0.0625521159922276,0.058147692574812,0.3501782381015946,0.0729047965548644,0,0,0.0,7.447941497572213,0.0335208626347866,0.0592809081036349,0.0811935711269025,0.031304621055803,0.1258741258741259,874044,1370919,453,262,191,15,176,67516,0,67516,0,173,3,52,0.9421996321744506,50,52,12,0.8697227373918006,12,12,0.0,0.0,3,6.4031242374328485,8.48528137423857,3,0.0209218226394638,0.042573320719016,3,0.0576538171418084,0.0605554841596855,3,0.0811935711269025,0.0926400276600853,3,0.0302214020952027,0.0320194567561599,3,0.0909090909090909,0.1258741258741259,3,841265.0,904987.0,1143893.0,1623959.0,387.0,646.0,213.0,434.0,174.0,212.0,14.0,15.0,160.0,197.0,66802.0,71256.0,0.0,0.0,66802.0,71256.0,0.0,0.0,157.0,194.0,3.0,3.0,52.0,52.0,0.9421996321744506,0.9421996321744506,49.0,51.0,52.0,52.0,12.0,12.0,0.8697227373918006,0.8697227373918006,12.0,12.0,12.0,12.0,0,50,182.9527452744812,0.8944901683914669,0.06320588401535913,0.0044132215340309785,176,337,191,0,15,0,49037.0,6.25568372460255,4.147610911195869,,,,,12.165006143328103
28,Batch_3,x77cy643,2068,6996,34.15802888700085,96.0,52,5.097706032285472,8.496176720475786,117.0,65.0,True,False,False,0.0947570344148023,0.0604133558496537,0.8448296097355439,13.201796439634476,77.19301179096824,136.0480917242688,237.59817956892607,0.4065165311051986,0.8699569984902653,250.77195687320068,102.4348812750696,105.121101634051,230.54307960861595,3.618455172706924,269.1675125531775,0.0219409709665539,0.691193530870915,0.0540371196855901,0.0337002559021243,0.0579047240244943,0.0507936902522628,0.1055800001657261,0.0512383888101689,0.1272576738122267,0.0947677485823507,0.0857156470364017,0.0545674132630654,0.0831751292000421,0.0350151542906626,0.1324007093080103,0.0720763831920517,0.0959526907024856,0.0958111329317235,0.1134216101402319,0.0794422209516549,0.0918723742759838,0.0364694249025668,-2.2130913848625413,22.0,ordinary,False,False,False,True,False,0,0,55.0,23.58830750930431,0.1742424242424242,73.0,108.0,0.007907974173835,0.7494664469234112,,data,0.18562874251497,0.3471074380165289,5.0,0.0947570344148023,0.0790651441608523,0.11224699551996,0.0604133558496537,0.0625521159922276,0.058147692574812,0.3501782381015946,0.0729047965548644,0,0,0.0,7.447941497572213,0.0335208626347866,0.0592809081036349,0.0811935711269025,0.031304621055803,0.1258741258741259,874044,1370919,453,262,191,15,176,67516,0,67516,0,173,3,52,0.9421996321744506,50,52,12,0.8697227373918006,12,12,0.0,0.0,3,6.4031242374328485,8.48528137423857,3,0.0209218226394638,0.042573320719016,3,0.0576538171418084,0.0605554841596855,3,0.0811935711269025,0.0926400276600853,3,0.0302214020952027,0.0320194567561599,3,0.0909090909090909,0.1258741258741259,3,841265.0,904987.0,1143893.0,1623959.0,387.0,646.0,213.0,434.0,174.0,212.0,14.0,15.0,160.0,197.0,66802.0,71256.0,0.0,0.0,66802.0,71256.0,0.0,0.0,157.0,194.0,3.0,3.0,52.0,52.0,0.9421996321744506,0.9421996321744506,49.0,51.0,52.0,52.0,12.0,12.0,0.8697227373918006,0.8697227373918006,12.0,12.0,12.0,12.0,0,100,227.92023758602542,0.8098203836423314,0.03387400111231871,-0.02225006995493361,135,258,191,43,13,0,48873.0,7.711548979629146,3.5020793430993464,,,,,9.331112666757353
28,Batch_3,x77cy643,2068,6996,34.15802888700085,96.0,52,5.097706032285472,8.496176720475786,117.0,65.0,True,False,False,0.0947570344148023,0.0604133558496537,0.8448296097355439,13.201796439634476,77.19301179096824,136.0480917242688,237.59817956892607,0.4065165311051986,0.8699569984902653,250.77195687320068,102.4348812750696,105.121101634051,230.54307960861595,3.618455172706924,269.1675125531775,0.0219409709665539,0.691193530870915,0.0540371196855901,0.0337002559021243,0.0579047240244943,0.0507936902522628,0.1055800001657261,0.0512383888101689,0.1272576738122267,0.0947677485823507,0.0857156470364017,0.0545674132630654,0.0831751292000421,0.0350151542906626,0.1324007093080103,0.0720763831920517,0.0959526907024856,0.0958111329317235,0.1134216101402319,0.0794422209516549,0.0918723742759838,0.0364694249025668,-2.2130913848625413,22.0,ordinary,False,False,False,True,False,0,0,55.0,23.58830750930431,0.1742424242424242,73.0,108.0,0.007907974173835,0.7494664469234112,,data,0.18562874251497,0.3471074380165289,5.0,0.0947570344148023,0.0790651441608523,0.11224699551996,0.0604133558496537,0.0625521159922276,0.058147692574812,0.3501782381015946,0.0729047965548644,0,0,0.0,7.447941497572213,0.0335208626347866,0.0592809081036349,0.0811935711269025,0.031304621055803,0.1258741258741259,874044,1370919,453,262,191,15,176,67516,0,67516,0,173,3,52,0.9421996321744506,50,52,12,0.8697227373918006,12,12,0.0,0.0,3,6.4031242374328485,8.48528137423857,3,0.0209218226394638,0.042573320719016,3,0.0576538171418084,0.0605554841596855,3,0.0811935711269025,0.0926400276600853,3,0.0302214020952027,0.0320194567561599,3,0.0909090909090909,0.1258741258741259,3,841265.0,904987.0,1143893.0,1623959.0,387.0,646.0,213.0,434.0,174.0,212.0,14.0,15.0,160.0,197.0,66802.0,71256.0,0.0,0.0,66802.0,71256.0,0.0,0.0,157.0,194.0,3.0,3.0,52.0,52.0,0.9421996321744506,0.9421996321744506,49.0,51.0,52.0,52.0,12.0,12.0,0.8697227373918006,0.8697227373918006,12.0,12.0,12.0,12.0,5,50,195.2035335869383,0.8833495960175544,0.04727561881028343,-0.08362546378979131,160,311,174,0,14,0,46698.0,6.71188245312337,3.8268025790812423,,,,,11.05909649393464
28,Batch_3,x77cy643,2068,6996,34.15802888700085,96.0,52,5.097706032285472,8.496176720475786,117.0,65.0,True,False,False,0.0947570344148023,0.0604133558496537,0.8448296097355439,13.201796439634476,77.19301179096824,136.0480917242688,237.59817956892607,0.4065165311051986,0.8699569984902653,250.77195687320068,102.4348812750696,105.121101634051,230.54307960861595,3.618455172706924,269.1675125531775,0.0219409709665539,0.691193530870915,0.0540371196855901,0.0337002559021243,0.0579047240244943,0.0507936902522628,0.1055800001657261,0.0512383888101689,0.1272576738122267,0.0947677485823507,0.0857156470364017,0.0545674132630654,0.0831751292000421,0.0350151542906626,0.1324007093080103,0.0720763831920517,0.0959526907024856,0.0958111329317235,0.1134216101402319,0.0794422209516549,0.0918723742759838,0.0364694249025668,-2.2130913848625413,22.0,ordinary,False,False,False,True,False,0,0,55.0,23.58830750930431,0.1742424242424242,73.0,108.0,0.007907974173835,0.7494664469234112,,data,0.18562874251497,0.3471074380165289,5.0,0.0947570344148023,0.0790651441608523,0.11224699551996,0.0604133558496537,0.0625521159922276,0.058147692574812,0.3501782381015946,0.0729047965548644,0,0,0.0,7.447941497572213,0.0335208626347866,0.0592809081036349,0.0811935711269025,0.031304621055803,0.1258741258741259,874044,1370919,453,262,191,15,176,67516,0,67516,0,173,3,52,0.9421996321744506,50,52,12,0.8697227373918006,12,12,0.0,0.0,3,6.4031242374328485,8.48528137423857,3,0.0209218226394638,0.042573320719016,3,0.0576538171418084,0.0605554841596855,3,0.0811935711269025,0.0926400276600853,3,0.0302214020952027,0.0320194567561599,3,0.0909090909090909,0.1258741258741259,3,841265.0,904987.0,1143893.0,1623959.0,387.0,646.0,213.0,434.0,174.0,212.0,14.0,15.0,160.0,197.0,66802.0,71256.0,0.0,0.0,66802.0,71256.0,0.0,0.0,157.0,194.0,3.0,3.0,52.0,52.0,0.9421996321744506,0.9421996321744506,49.0,51.0,52.0,52.0,12.0,12.0,0.8697227373918006,0.8697227373918006,12.0,12.0,12.0,12.0,5,100,223.7847620625668,0.8779058831379439,0.022978259065522724,-0.06091293314991007,128,245,174,35,11,0,46471.0,7.740429753293098,3.3215188720019437,,,,,8.84727719514771
29,Batch_3,x7u69zsw,2060,7000,44.15802888700085,95.0,62,5.097706032285472,4.248088360237893,108.0,46.0,True,False,False,0.0630660887656033,0.0756764909847434,0.8612574202496532,21.844660194174757,59.52668017786611,146.44170735133602,318.55484883359173,0.3691062066911527,0.8504857971055009,338.31246266562215,91.95561719833564,67.41062182742269,166.067361449996,3.152999595478895,231.86750478763133,0.0056651178918169,0.2080443828016643,0.0285256588072122,0.1017371705963939,0.0914389736477115,0.0488619972260749,0.0657038834951456,0.0805540915395284,0.0692649098474341,0.0428723994452149,0.0588106796116504,0.10100346740638,0.0723661581137309,0.0122087378640776,0.0555547850208044,0.0879084604715672,0.076631761442441,0.0552725381414701,0.0648932038834951,0.1006095700416088,0.0474708737864077,0.1257364771151179,-2.2699115190085006,16.0,grey_pore,True,False,False,False,True,0,25,63.0,18.048624925427657,0.0,75.0,47.0,0.0092686104383728,0.6596637071147526,data+list,data,0.0,0.0,5.0,0.0630660887656033,0.0464428571428571,0.0819140776699029,0.0756764909847434,0.0834893897364771,0.0677658807212205,0.56244522565655,0.2077727020723845,0,0,0.0,12.041594578792296,0.0076762002250358,0.0864452966940795,-0.0636045419619226,0.037900842400062,0.0139860139860139,1091255,909413,1168,853,315,44,271,91182,0,91182,0,260,11,52,0.9453181692094312,52,52,12,0.872601386962552,12,12,0.0,0.0,3,12.041594578792296,17.029386365926403,3,0.0,0.0076762002250358,3,0.079860728273745,0.0904455686011663,3,-0.0636045419619226,-0.0145137880986937,3,0.0350210461893443,0.0401327846629904,3,0.0,0.1888111888111888,3,977184.0,1203917.0,669706.0,1181201.0,1050.0,2311.0,708.0,1849.0,315.0,462.0,38.0,47.0,271.0,415.0,91182.0,107348.0,0.0,0.0,91182.0,107348.0,0.0,0.0,260.0,400.0,11.0,15.0,52.0,52.0,0.9453181692094312,0.9453181692094312,52.0,52.0,52.0,52.0,12.0,12.0,0.872601386962552,0.872601386962552,12.0,12.0,12.0,12.0,-5,50,102.12627582167505,1.2428644622374665,0.08298754026516554,0.08270837074011289,415,816,462,0,47,0,179667.0,4.90527477843843,2.2779514130836906,,,,,28.779472954230236
29,Batch_3,x7u69zsw,2060,7000,44.15802888700085,95.0,62,5.097706032285472,4.248088360237893,108.0,46.0,True,False,False,0.0630660887656033,0.0756764909847434,0.8612574202496532,21.844660194174757,59.52668017786611,146.44170735133602,318.55484883359173,0.3691062066911527,0.8504857971055009,338.31246266562215,91.95561719833564,67.41062182742269,166.067361449996,3.152999595478895,231.86750478763133,0.0056651178918169,0.2080443828016643,0.0285256588072122,0.1017371705963939,0.0914389736477115,0.0488619972260749,0.0657038834951456,0.0805540915395284,0.0692649098474341,0.0428723994452149,0.0588106796116504,0.10100346740638,0.0723661581137309,0.0122087378640776,0.0555547850208044,0.0879084604715672,0.076631761442441,0.0552725381414701,0.0648932038834951,0.1006095700416088,0.0474708737864077,0.1257364771151179,-2.2699115190085006,16.0,grey_pore,True,False,False,False,True,0,25,63.0,18.048624925427657,0.0,75.0,47.0,0.0092686104383728,0.6596637071147526,data+list,data,0.0,0.0,5.0,0.0630660887656033,0.0464428571428571,0.0819140776699029,0.0756764909847434,0.0834893897364771,0.0677658807212205,0.56244522565655,0.2077727020723845,0,0,0.0,12.041594578792296,0.0076762002250358,0.0864452966940795,-0.0636045419619226,0.037900842400062,0.0139860139860139,1091255,909413,1168,853,315,44,271,91182,0,91182,0,260,11,52,0.9453181692094312,52,52,12,0.872601386962552,12,12,0.0,0.0,3,12.041594578792296,17.029386365926403,3,0.0,0.0076762002250358,3,0.079860728273745,0.0904455686011663,3,-0.0636045419619226,-0.0145137880986937,3,0.0350210461893443,0.0401327846629904,3,0.0,0.1888111888111888,3,977184.0,1203917.0,669706.0,1181201.0,1050.0,2311.0,708.0,1849.0,315.0,462.0,38.0,47.0,271.0,415.0,91182.0,107348.0,0.0,0.0,91182.0,107348.0,0.0,0.0,260.0,400.0,11.0,15.0,52.0,52.0,0.9453181692094312,0.9453181692094312,52.0,52.0,52.0,52.0,12.0,12.0,0.872601386962552,0.872601386962552,12.0,12.0,12.0,12.0,-5,100,152.99718059123356,0.9183285713450413,0.0793896193931097,0.10722396554327303,252,483,462,175,35,0,178833.0,6.022229594160774,2.6652013257501794,,,,,17.475728155339805
29,Batch_3,x7u69zsw,2060,7000,44.15802888700085,95.0,62,5.097706032285472,4.248088360237893,108.0,46.0,True,False,False,0.0630660887656033,0.0756764909847434,0.8612574202496532,21.844660194174757,59.52668017786611,146.44170735133602,318.55484883359173,0.3691062066911527,0.8504857971055009,338.31246266562215,91.95561719833564,67.41062182742269,166.067361449996,3.152999595478895,231.86750478763133,0.0056651178918169,0.2080443828016643,0.0285256588072122,0.1017371705963939,0.0914389736477115,0.0488619972260749,0.0657038834951456,0.0805540915395284,0.0692649098474341,0.0428723994452149,0.0588106796116504,0.10100346740638,0.0723661581137309,0.0122087378640776,0.0555547850208044,0.0879084604715672,0.076631761442441,0.0552725381414701,0.0648932038834951,0.1006095700416088,0.0474708737864077,0.1257364771151179,-2.2699115190085006,16.0,grey_pore,True,False,False,False,True,0,25,63.0,18.048624925427657,0.0,75.0,47.0,0.0092686104383728,0.6596637071147526,data+list,data,0.0,0.0,5.0,0.0630660887656033,0.0464428571428571,0.0819140776699029,0.0756764909847434,0.0834893897364771,0.0677658807212205,0.56244522565655,0.2077727020723845,0,0,0.0,12.041594578792296,0.0076762002250358,0.0864452966940795,-0.0636045419619226,0.037900842400062,0.0139860139860139,1091255,909413,1168,853,315,44,271,91182,0,91182,0,260,11,52,0.9453181692094312,52,52,12,0.872601386962552,12,12,0.0,0.0,3,12.041594578792296,17.029386365926403,3,0.0,0.0076762002250358,3,0.079860728273745,0.0904455686011663,3,-0.0636045419619226,-0.0145137880986937,3,0.0350210461893443,0.0401327846629904,3,0.0,0.1888111888111888,3,977184.0,1203917.0,669706.0,1181201.0,1050.0,2311.0,708.0,1849.0,315.0,462.0,38.0,47.0,271.0,415.0,91182.0,107348.0,0.0,0.0,91182.0,107348.0,0.0,0.0,260.0,400.0,11.0,15.0,52.0,52.0,0.9453181692094312,0.9453181692094312,52.0,52.0,52.0,52.0,12.0,12.0,0.872601386962552,0.872601386962552,12.0,12.0,12.0,12.0,0,50,135.15595949866866,1.1552120596040825,0.061954921691144374,0.1618028188370535,271,518,315,0,44,0,153867.0,5.384495062789089,2.9746860159188646,,,,,18.793342579750345
29,Batch_3,x7u69zsw,2060,7000,44.15802888700085,95.0,62,5.097706032285472,4.248088360237893,108.0,46.0,True,False,False,0.0630660887656033,0.0756764909847434,0.8612574202496532,21.844660194174757,59.52668017786611,146.44170735133602,318.55484883359173,0.3691062066911527,0.8504857971055009,338.31246266562215,91.95561719833564,67.41062182742269,166.067361449996,3.152999595478895,231.86750478763133,0.0056651178918169,0.2080443828016643,0.0285256588072122,0.1017371705963939,0.0914389736477115,0.0488619972260749,0.0657038834951456,0.0805540915395284,0.0692649098474341,0.0428723994452149,0.0588106796116504,0.10100346740638,0.0723661581137309,0.0122087378640776,0.0555547850208044,0.0879084604715672,0.076631761442441,0.0552725381414701,0.0648932038834951,0.1006095700416088,0.0474708737864077,0.1257364771151179,-2.2699115190085006,16.0,grey_pore,True,False,False,False,True,0,25,63.0,18.048624925427657,0.0,75.0,47.0,0.0092686104383728,0.6596637071147526,data+list,data,0.0,0.0,5.0,0.0630660887656033,0.0464428571428571,0.0819140776699029,0.0756764909847434,0.0834893897364771,0.0677658807212205,0.56244522565655,0.2077727020723845,0,0,0.0,12.041594578792296,0.0076762002250358,0.0864452966940795,-0.0636045419619226,0.037900842400062,0.0139860139860139,1091255,909413,1168,853,315,44,271,91182,0,91182,0,260,11,52,0.9453181692094312,52,52,12,0.872601386962552,12,12,0.0,0.0,3,12.041594578792296,17.029386365926403,3,0.0,0.0076762002250358,3,0.079860728273745,0.0904455686011663,3,-0.0636045419619226,-0.0145137880986937,3,0.0350210461893443,0.0401327846629904,3,0.0,0.1888111888111888,3,977184.0,1203917.0,669706.0,1181201.0,1050.0,2311.0,708.0,1849.0,315.0,462.0,38.0,47.0,271.0,415.0,91182.0,107348.0,0.0,0.0,91182.0,107348.0,0.0,0.0,260.0,400.0,11.0,15.0,52.0,52.0,0.9453181692094312,0.9453181692094312,52.0,52.0,52.0,52.0,12.0,12.0,0.872601386962552,0.872601386962552,12.0,12.0,12.0,12.0,0,100,181.69476843175892,1.0668543364338479,0.04265221140956907,0.04707135232757057,185,362,315,94,36,0,153285.0,6.606650186198215,2.99525596966311,,,,,12.829403606102636
29,Batch_3,x7u69zsw,2060,7000,44.15802888700085,95.0,62,5.097706032285472,4.248088360237893,108.0,46.0,True,False,False,0.0630660887656033,0.0756764909847434,0.8612574202496532,21.844660194174757,59.52668017786611,146.44170735133602,318.55484883359173,0.3691062066911527,0.8504857971055009,338.31246266562215,91.95561719833564,67.41062182742269,166.067361449996,3.152999595478895,231.86750478763133,0.0056651178918169,0.2080443828016643,0.0285256588072122,0.1017371705963939,0.0914389736477115,0.0488619972260749,0.0657038834951456,0.0805540915395284,0.0692649098474341,0.0428723994452149,0.0588106796116504,0.10100346740638,0.0723661581137309,0.0122087378640776,0.0555547850208044,0.0879084604715672,0.076631761442441,0.0552725381414701,0.0648932038834951,0.1006095700416088,0.0474708737864077,0.1257364771151179,-2.2699115190085006,16.0,grey_pore,True,False,False,False,True,0,25,63.0,18.048624925427657,0.0,75.0,47.0,0.0092686104383728,0.6596637071147526,data+list,data,0.0,0.0,5.0,0.0630660887656033,0.0464428571428571,0.0819140776699029,0.0756764909847434,0.0834893897364771,0.0677658807212205,0.56244522565655,0.2077727020723845,0,0,0.0,12.041594578792296,0.0076762002250358,0.0864452966940795,-0.0636045419619226,0.037900842400062,0.0139860139860139,1091255,909413,1168,853,315,44,271,91182,0,91182,0,260,11,52,0.9453181692094312,52,52,12,0.872601386962552,12,12,0.0,0.0,3,12.041594578792296,17.029386365926403,3,0.0,0.0076762002250358,3,0.079860728273745,0.0904455686011663,3,-0.0636045419619226,-0.0145137880986937,3,0.0350210461893443,0.0401327846629904,3,0.0,0.1888111888111888,3,977184.0,1203917.0,669706.0,1181201.0,1050.0,2311.0,708.0,1849.0,315.0,462.0,38.0,47.0,271.0,415.0,91182.0,107348.0,0.0,0.0,91182.0,107348.0,0.0,0.0,260.0,400.0,11.0,15.0,52.0,52.0,0.9453181692094312,0.9453181692094312,52.0,52.0,52.0,52.0,12.0,12.0,0.872601386962552,0.872601386962552,12.0,12.0,12.0,12.0,5,50,80.4245113728047,2.137042420034935,0.05718118466587264,0.22026542273067964,304,570,342,0,38,0,133160.0,5.285581533561202,2.65785607019348,,,,,21.081830790568656
29,Batch_3,x7u69zsw,2060,7000,44.15802888700085,95.0,62,5.097706032285472,4.248088360237893,108.0,46.0,True,False,False,0.0630660887656033,0.0756764909847434,0.8612574202496532,21.844660194174757,59.52668017786611,146.44170735133602,318.55484883359173,0.3691062066911527,0.8504857971055009,338.31246266562215,91.95561719833564,67.41062182742269,166.067361449996,3.152999595478895,231.86750478763133,0.0056651178918169,0.2080443828016643,0.0285256588072122,0.1017371705963939,0.0914389736477115,0.0488619972260749,0.0657038834951456,0.0805540915395284,0.0692649098474341,0.0428723994452149,0.0588106796116504,0.10100346740638,0.0723661581137309,0.0122087378640776,0.0555547850208044,0.0879084604715672,0.076631761442441,0.0552725381414701,0.0648932038834951,0.1006095700416088,0.0474708737864077,0.1257364771151179,-2.2699115190085006,16.0,grey_pore,True,False,False,False,True,0,25,63.0,18.048624925427657,0.0,75.0,47.0,0.0092686104383728,0.6596637071147526,data+list,data,0.0,0.0,5.0,0.0630660887656033,0.0464428571428571,0.0819140776699029,0.0756764909847434,0.0834893897364771,0.0677658807212205,0.56244522565655,0.2077727020723845,0,0,0.0,12.041594578792296,0.0076762002250358,0.0864452966940795,-0.0636045419619226,0.037900842400062,0.0139860139860139,1091255,909413,1168,853,315,44,271,91182,0,91182,0,260,11,52,0.9453181692094312,52,52,12,0.872601386962552,12,12,0.0,0.0,3,12.041594578792296,17.029386365926403,3,0.0,0.0076762002250358,3,0.079860728273745,0.0904455686011663,3,-0.0636045419619226,-0.0145137880986937,3,0.0350210461893443,0.0401327846629904,3,0.0,0.1888111888111888,3,977184.0,1203917.0,669706.0,1181201.0,1050.0,2311.0,708.0,1849.0,315.0,462.0,38.0,47.0,271.0,415.0,91182.0,107348.0,0.0,0.0,91182.0,107348.0,0.0,0.0,260.0,400.0,11.0,15.0,52.0,52.0,0.9453181692094312,0.9453181692094312,52.0,52.0,52.0,52.0,12.0,12.0,0.872601386962552,0.872601386962552,12.0,12.0,12.0,12.0,5,100,132.76798498864196,1.654613411846444,0.04917886828789689,0.3258630859313012,209,392,342,101,32,0,132733.0,6.306275286948016,2.7693875813237314,,,,,14.49375866851595
30,Batch_3,xgj4xftb,1612,7000,38.15802888700085,104.0,56,5.097706032285472,5.94732370433305,121.0,65.0,True,False,False,0.0860149769585253,0.0500412087912087,0.8639438142502659,10.280042538107054,70.18663546986951,190.84291230524997,319.01815510997335,0.3978723272235204,0.876786209574856,319.01815510997335,101.82559376107764,91.04278904024144,245.8468653218466,3.7984867618983857,341.2297706326789,0.0191075859624246,0.3544842254519673,0.1022369121561668,0.0167204968944099,0.1544924578527063,0.0962457852706299,0.0703025732031943,0.1100310559006211,0.0710275066548358,0.0672422360248447,0.0922698412698412,0.0417724867724867,0.065924578527063,0.0567604259094942,0.0760186335403726,0.0494720496894409,0.093885536823425,0.0310266193433895,0.0787648624667258,0.0013105590062111,0.0553783068783068,0.0300061728395061,-2.1837168745236406,16.0,ordinary,False,False,False,True,False,0,6,57.0,22.76081706649895,0.0620155038759689,70.0,72.0,0.0102857644876527,0.5865221506382631,,data,0.1129943502824858,0.2026431718061674,5.0,0.0860149769585253,0.0689649946827366,0.1050790499822757,0.0500412087912087,0.0523340127614321,0.0477983870967741,0.4198577570619198,0.0906378117999168,0,0,0.0,5.830951894845301,0.0444954525456368,0.0697317313671791,0.198582995951417,0.0373274402847757,-0.1428571428571428,564665,970593,444,328,116,3,113,38248,0,38248,0,112,1,39,0.9060276497695852,39,39,6,0.5575554767812833,6,6,0.0,0.0,3,5.830951894845301,8.94427190999916,3,0.018547803719942,0.0444954525456368,3,0.0681953351277057,0.070724528717971,3,0.1923076923076923,0.2188259109311741,3,0.0369424232476775,0.0376592703922806,3,-0.1428571428571428,-0.0285714285714285,3,539357.0,590537.0,778201.0,1185712.0,347.0,824.0,231.0,665.0,116.0,159.0,2.0,4.0,113.0,155.0,38248.0,42760.0,0.0,0.0,38248.0,42760.0,0.0,0.0,112.0,150.0,1.0,5.0,39.0,39.0,0.9060276497695852,0.9060276497695852,39.0,39.0,39.0,39.0,6.0,6.0,0.5575554767812833,0.5575554767812833,6.0,6.0,6.0,6.0,-5,50,172.52968674595388,1.0006255989361539,0.04783153783121036,-0.0009088203434873654,155,294,159,0,4,0,40290.0,5.017279836814924,2.344728092921182,,,,,13.736263736263735
30,Batch_3,xgj4xftb,1612,7000,38.15802888700085,104.0,56,5.097706032285472,5.94732370433305,121.0,65.0,True,False,False,0.0860149769585253,0.0500412087912087,0.8639438142502659,10.280042538107054,70.18663546986951,190.84291230524997,319.01815510997335,0.3978723272235204,0.876786209574856,319.01815510997335,101.82559376107764,91.04278904024144,245.8468653218466,3.7984867618983857,341.2297706326789,0.0191075859624246,0.3544842254519673,0.1022369121561668,0.0167204968944099,0.1544924578527063,0.0962457852706299,0.0703025732031943,0.1100310559006211,0.0710275066548358,0.0672422360248447,0.0922698412698412,0.0417724867724867,0.065924578527063,0.0567604259094942,0.0760186335403726,0.0494720496894409,0.093885536823425,0.0310266193433895,0.0787648624667258,0.0013105590062111,0.0553783068783068,0.0300061728395061,-2.1837168745236406,16.0,ordinary,False,False,False,True,False,0,6,57.0,22.76081706649895,0.0620155038759689,70.0,72.0,0.0102857644876527,0.5865221506382631,,data,0.1129943502824858,0.2026431718061674,5.0,0.0860149769585253,0.0689649946827366,0.1050790499822757,0.0500412087912087,0.0523340127614321,0.0477983870967741,0.4198577570619198,0.0906378117999168,0,0,0.0,5.830951894845301,0.0444954525456368,0.0697317313671791,0.198582995951417,0.0373274402847757,-0.1428571428571428,564665,970593,444,328,116,3,113,38248,0,38248,0,112,1,39,0.9060276497695852,39,39,6,0.5575554767812833,6,6,0.0,0.0,3,5.830951894845301,8.94427190999916,3,0.018547803719942,0.0444954525456368,3,0.0681953351277057,0.070724528717971,3,0.1923076923076923,0.2188259109311741,3,0.0369424232476775,0.0376592703922806,3,-0.1428571428571428,-0.0285714285714285,3,539357.0,590537.0,778201.0,1185712.0,347.0,824.0,231.0,665.0,116.0,159.0,2.0,4.0,113.0,155.0,38248.0,42760.0,0.0,0.0,38248.0,42760.0,0.0,0.0,112.0,150.0,1.0,5.0,39.0,39.0,0.9060276497695852,0.9060276497695852,39.0,39.0,39.0,39.0,6.0,6.0,0.5575554767812833,0.5575554767812833,6.0,6.0,6.0,6.0,-5,100,227.21214381809492,0.7684616769539846,0.010062705055130265,-0.04625156377116698,95,173,159,60,4,0,40290.0,6.317164686747284,2.999302385167656,,,,,8.419000354484226
30,Batch_3,xgj4xftb,1612,7000,38.15802888700085,104.0,56,5.097706032285472,5.94732370433305,121.0,65.0,True,False,False,0.0860149769585253,0.0500412087912087,0.8639438142502659,10.280042538107054,70.18663546986951,190.84291230524997,319.01815510997335,0.3978723272235204,0.876786209574856,319.01815510997335,101.82559376107764,91.04278904024144,245.8468653218466,3.7984867618983857,341.2297706326789,0.0191075859624246,0.3544842254519673,0.1022369121561668,0.0167204968944099,0.1544924578527063,0.0962457852706299,0.0703025732031943,0.1100310559006211,0.0710275066548358,0.0672422360248447,0.0922698412698412,0.0417724867724867,0.065924578527063,0.0567604259094942,0.0760186335403726,0.0494720496894409,0.093885536823425,0.0310266193433895,0.0787648624667258,0.0013105590062111,0.0553783068783068,0.0300061728395061,-2.1837168745236406,16.0,ordinary,False,False,False,True,False,0,6,57.0,22.76081706649895,0.0620155038759689,70.0,72.0,0.0102857644876527,0.5865221506382631,,data,0.1129943502824858,0.2026431718061674,5.0,0.0860149769585253,0.0689649946827366,0.1050790499822757,0.0500412087912087,0.0523340127614321,0.0477983870967741,0.4198577570619198,0.0906378117999168,0,0,0.0,5.830951894845301,0.0444954525456368,0.0697317313671791,0.198582995951417,0.0373274402847757,-0.1428571428571428,564665,970593,444,328,116,3,113,38248,0,38248,0,112,1,39,0.9060276497695852,39,39,6,0.5575554767812833,6,6,0.0,0.0,3,5.830951894845301,8.94427190999916,3,0.018547803719942,0.0444954525456368,3,0.0681953351277057,0.070724528717971,3,0.1923076923076923,0.2188259109311741,3,0.0369424232476775,0.0376592703922806,3,-0.1428571428571428,-0.0285714285714285,3,539357.0,590537.0,778201.0,1185712.0,347.0,824.0,231.0,665.0,116.0,159.0,2.0,4.0,113.0,155.0,38248.0,42760.0,0.0,0.0,38248.0,42760.0,0.0,0.0,112.0,150.0,1.0,5.0,39.0,39.0,0.9060276497695852,0.9060276497695852,39.0,39.0,39.0,39.0,6.0,6.0,0.5575554767812833,0.5575554767812833,6.0,6.0,6.0,6.0,0,50,185.2972754524539,0.944430745540133,0.08158865717250334,-0.06834904336287133,113,213,116,0,3,0,29458.0,5.484796933490655,3.3853420098723612,,,,,10.014179369018079
30,Batch_3,xgj4xftb,1612,7000,38.15802888700085,104.0,56,5.097706032285472,5.94732370433305,121.0,65.0,True,False,False,0.0860149769585253,0.0500412087912087,0.8639438142502659,10.280042538107054,70.18663546986951,190.84291230524997,319.01815510997335,0.3978723272235204,0.876786209574856,319.01815510997335,101.82559376107764,91.04278904024144,245.8468653218466,3.7984867618983857,341.2297706326789,0.0191075859624246,0.3544842254519673,0.1022369121561668,0.0167204968944099,0.1544924578527063,0.0962457852706299,0.0703025732031943,0.1100310559006211,0.0710275066548358,0.0672422360248447,0.0922698412698412,0.0417724867724867,0.065924578527063,0.0567604259094942,0.0760186335403726,0.0494720496894409,0.093885536823425,0.0310266193433895,0.0787648624667258,0.0013105590062111,0.0553783068783068,0.0300061728395061,-2.1837168745236406,16.0,ordinary,False,False,False,True,False,0,6,57.0,22.76081706649895,0.0620155038759689,70.0,72.0,0.0102857644876527,0.5865221506382631,,data,0.1129943502824858,0.2026431718061674,5.0,0.0860149769585253,0.0689649946827366,0.1050790499822757,0.0500412087912087,0.0523340127614321,0.0477983870967741,0.4198577570619198,0.0906378117999168,0,0,0.0,5.830951894845301,0.0444954525456368,0.0697317313671791,0.198582995951417,0.0373274402847757,-0.1428571428571428,564665,970593,444,328,116,3,113,38248,0,38248,0,112,1,39,0.9060276497695852,39,39,6,0.5575554767812833,6,6,0.0,0.0,3,5.830951894845301,8.94427190999916,3,0.018547803719942,0.0444954525456368,3,0.0681953351277057,0.070724528717971,3,0.1923076923076923,0.2188259109311741,3,0.0369424232476775,0.0376592703922806,3,-0.1428571428571428,-0.0285714285714285,3,539357.0,590537.0,778201.0,1185712.0,347.0,824.0,231.0,665.0,116.0,159.0,2.0,4.0,113.0,155.0,38248.0,42760.0,0.0,0.0,38248.0,42760.0,0.0,0.0,112.0,150.0,1.0,5.0,39.0,39.0,0.9060276497695852,0.9060276497695852,39.0,39.0,39.0,39.0,6.0,6.0,0.5575554767812833,0.5575554767812833,6.0,6.0,6.0,6.0,0,100,258.12871152894843,0.8525727267069695,0.07688396612265207,-0.0592864860286732,82,151,116,32,2,0,29368.0,6.474476201595904,3.061582320830862,,,,,7.266926621765331
30,Batch_3,xgj4xftb,1612,7000,38.15802888700085,104.0,56,5.097706032285472,5.94732370433305,121.0,65.0,True,False,False,0.0860149769585253,0.0500412087912087,0.8639438142502659,10.280042538107054,70.18663546986951,190.84291230524997,319.01815510997335,0.3978723272235204,0.876786209574856,319.01815510997335,101.82559376107764,91.04278904024144,245.8468653218466,3.7984867618983857,341.2297706326789,0.0191075859624246,0.3544842254519673,0.1022369121561668,0.0167204968944099,0.1544924578527063,0.0962457852706299,0.0703025732031943,0.1100310559006211,0.0710275066548358,0.0672422360248447,0.0922698412698412,0.0417724867724867,0.065924578527063,0.0567604259094942,0.0760186335403726,0.0494720496894409,0.093885536823425,0.0310266193433895,0.0787648624667258,0.0013105590062111,0.0553783068783068,0.0300061728395061,-2.1837168745236406,16.0,ordinary,False,False,False,True,False,0,6,57.0,22.76081706649895,0.0620155038759689,70.0,72.0,0.0102857644876527,0.5865221506382631,,data,0.1129943502824858,0.2026431718061674,5.0,0.0860149769585253,0.0689649946827366,0.1050790499822757,0.0500412087912087,0.0523340127614321,0.0477983870967741,0.4198577570619198,0.0906378117999168,0,0,0.0,5.830951894845301,0.0444954525456368,0.0697317313671791,0.198582995951417,0.0373274402847757,-0.1428571428571428,564665,970593,444,328,116,3,113,38248,0,38248,0,112,1,39,0.9060276497695852,39,39,6,0.5575554767812833,6,6,0.0,0.0,3,5.830951894845301,8.94427190999916,3,0.018547803719942,0.0444954525456368,3,0.0681953351277057,0.070724528717971,3,0.1923076923076923,0.2188259109311741,3,0.0369424232476775,0.0376592703922806,3,-0.1428571428571428,-0.0285714285714285,3,539357.0,590537.0,778201.0,1185712.0,347.0,824.0,231.0,665.0,116.0,159.0,2.0,4.0,113.0,155.0,38248.0,42760.0,0.0,0.0,38248.0,42760.0,0.0,0.0,112.0,150.0,1.0,5.0,39.0,39.0,0.9060276497695852,0.9060276497695852,39.0,39.0,39.0,39.0,6.0,6.0,0.5575554767812833,0.5575554767812833,6.0,6.0,6.0,6.0,5,50,173.95035142448208,1.4812525069840625,0.04530465384134013,0.1204047603406456,114,223,116,0,2,0,28886.0,5.784402363855898,3.1277253737132744,,,,,10.102800425381071
30,Batch_3,xgj4xftb,1612,7000,38.15802888700085,104.0,56,5.097706032285472,5.94732370433305,121.0,65.0,True,False,False,0.0860149769585253,0.0500412087912087,0.8639438142502659,10.280042538107054,70.18663546986951,190.84291230524997,319.01815510997335,0.3978723272235204,0.876786209574856,319.01815510997335,101.82559376107764,91.04278904024144,245.8468653218466,3.7984867618983857,341.2297706326789,0.0191075859624246,0.3544842254519673,0.1022369121561668,0.0167204968944099,0.1544924578527063,0.0962457852706299,0.0703025732031943,0.1100310559006211,0.0710275066548358,0.0672422360248447,0.0922698412698412,0.0417724867724867,0.065924578527063,0.0567604259094942,0.0760186335403726,0.0494720496894409,0.093885536823425,0.0310266193433895,0.0787648624667258,0.0013105590062111,0.0553783068783068,0.0300061728395061,-2.1837168745236406,16.0,ordinary,False,False,False,True,False,0,6,57.0,22.76081706649895,0.0620155038759689,70.0,72.0,0.0102857644876527,0.5865221506382631,,data,0.1129943502824858,0.2026431718061674,5.0,0.0860149769585253,0.0689649946827366,0.1050790499822757,0.0500412087912087,0.0523340127614321,0.0477983870967741,0.4198577570619198,0.0906378117999168,0,0,0.0,5.830951894845301,0.0444954525456368,0.0697317313671791,0.198582995951417,0.0373274402847757,-0.1428571428571428,564665,970593,444,328,116,3,113,38248,0,38248,0,112,1,39,0.9060276497695852,39,39,6,0.5575554767812833,6,6,0.0,0.0,3,5.830951894845301,8.94427190999916,3,0.018547803719942,0.0444954525456368,3,0.0681953351277057,0.070724528717971,3,0.1923076923076923,0.2188259109311741,3,0.0369424232476775,0.0376592703922806,3,-0.1428571428571428,-0.0285714285714285,3,539357.0,590537.0,778201.0,1185712.0,347.0,824.0,231.0,665.0,116.0,159.0,2.0,4.0,113.0,155.0,38248.0,42760.0,0.0,0.0,38248.0,42760.0,0.0,0.0,112.0,150.0,1.0,5.0,39.0,39.0,0.9060276497695852,0.9060276497695852,39.0,39.0,39.0,39.0,6.0,6.0,0.5575554767812833,0.5575554767812833,6.0,6.0,6.0,6.0,5,100,229.36603322363158,1.434899682905397,0.05302601321012335,0.14020160799934256,84,162,116,30,2,0,28886.0,6.233348467790651,2.8342069858155696,,,,,7.444168734491315
