scenario,trial,p_primary5,p_morphology3,p_extended8,p_primary5_plus_bright_aspect_aw,p_primary5_plus_bright_alignment_strength,p_primary5_plus_bright_pore_crosscorr_xy_contrast_256px,primary5,extended8,holm_union,naive_or,alert_primary5_plus_bright_aspect_aw,alert_primary5_plus_bright_alignment_strength,alert_primary5_plus_bright_pore_crosscorr_xy_contrast_256px
bright_aspect_aw__-1,0,0.516,0.088,0.176,0.078,0.5,0.566,False,False,False,False,False,False,False
bright_aspect_aw__+1,0,0.516,0.006,0.024,0.002,0.5,0.566,False,True,True,True,True,False,False
bright_alignment_strength__-1,0,0.516,0.002,0.002,0.462,0.002,0.566,False,True,True,True,False,True,False
bright_alignment_strength__+1,0,0.516,0.002,0.002,0.462,0.002,0.566,False,True,True,True,False,True,False
bright_pore_crosscorr_xy_contrast_256px__-1,0,0.516,0.158,0.272,0.462,0.5,0.142,False,False,False,False,False,False,False
bright_pore_crosscorr_xy_contrast_256px__+1,0,0.516,0.128,0.248,0.462,0.5,0.118,False,False,False,False,False,False,False
candidate_spread_x2,0,0.516,0.064,0.172,0.328,0.196,0.578,False,False,False,False,False,False,False
primary5_shift_plus2,0,0.002,0.55,0.002,0.002,0.002,0.002,True,True,True,True,True,True,True
bright_aspect_aw__-1,1,0.46,0.002,0.002,0.002,0.564,0.622,False,True,True,True,True,False,False
bright_aspect_aw__+1,1,0.46,0.002,0.002,0.002,0.564,0.622,False,True,True,True,True,False,False
bright_alignment_strength__-1,1,0.46,0.002,0.006,0.1,0.006,0.622,False,True,True,True,False,True,False
bright_alignment_strength__+1,1,0.46,0.016,0.032,0.1,0.036,0.622,False,True,True,True,False,True,False
bright_pore_crosscorr_xy_contrast_256px__-1,1,0.46,0.02,0.03,0.1,0.564,0.048,False,True,True,True,False,False,True
bright_pore_crosscorr_xy_contrast_256px__+1,1,0.46,0.02,0.052,0.1,0.564,0.082,False,False,True,True,False,False,False
candidate_spread_x2,1,0.46,0.038,0.04,0.024,0.5,0.608,False,True,False,True,True,False,False
primary5_shift_plus2,1,0.002,0.172,0.002,0.002,0.002,0.002,True,True,True,True,True,True,True
bright_aspect_aw__-1,2,0.392,0.006,0.004,0.024,0.01,0.426,False,True,True,True,True,True,False
bright_aspect_aw__+1,2,0.392,0.006,0.004,0.048,0.01,0.426,False,True,True,True,True,True,False
bright_alignment_strength__-1,2,0.392,0.002,0.002,0.52,0.002,0.426,False,True,True,True,False,True,False
bright_alignment_strength__+1,2,0.392,0.002,0.002,0.52,0.002,0.426,False,True,True,True,False,True,False
bright_pore_crosscorr_xy_contrast_256px__-1,2,0.392,0.006,0.004,0.52,0.01,0.03,False,True,True,True,False,True,True
bright_pore_crosscorr_xy_contrast_256px__+1,2,0.392,0.006,0.006,0.52,0.01,0.188,False,True,True,True,False,True,False
candidate_spread_x2,2,0.392,0.01,0.01,0.502,0.01,0.416,False,True,True,True,False,True,False
primary5_shift_plus2,2,0.002,0.008,0.002,0.002,0.002,0.002,True,True,True,True,True,True,True
bright_aspect_aw__-1,3,0.79,0.034,0.11,0.064,0.614,0.676,False,False,False,True,False,False,False
bright_aspect_aw__+1,3,0.79,0.052,0.168,0.146,0.614,0.676,False,False,False,False,False,False,False
bright_alignment_strength__-1,3,0.79,0.002,0.002,0.864,0.002,0.676,False,True,True,True,False,True,False
bright_alignment_strength__+1,3,0.79,0.002,0.006,0.864,0.004,0.676,False,True,True,True,False,True,False
bright_pore_crosscorr_xy_contrast_256px__-1,3,0.79,0.006,0.018,0.864,0.614,0.006,False,True,True,True,False,False,True
bright_pore_crosscorr_xy_contrast_256px__+1,3,0.79,0.034,0.15,0.864,0.614,0.116,False,False,False,True,False,False,False
candidate_spread_x2,3,0.79,0.154,0.37,0.876,0.366,0.514,False,False,False,False,False,False,False
primary5_shift_plus2,3,0.002,0.484,0.002,0.002,0.002,0.002,True,True,True,True,True,True,True
bright_aspect_aw__-1,4,0.41,0.002,0.01,0.01,0.506,0.46,False,True,True,True,True,False,False
bright_aspect_aw__+1,4,0.41,0.092,0.222,0.168,0.506,0.46,False,False,False,False,False,False,False
bright_alignment_strength__-1,4,0.41,0.04,0.134,0.336,0.116,0.46,False,False,False,True,False,False,False
bright_alignment_strength__+1,4,0.41,0.022,0.108,0.336,0.104,0.46,False,False,True,True,False,False,False
bright_pore_crosscorr_xy_contrast_256px__-1,4,0.41,0.012,0.068,0.336,0.506,0.048,False,False,True,True,False,False,True
bright_pore_crosscorr_xy_contrast_256px__+1,4,0.41,0.07,0.23,0.336,0.506,0.22,False,False,False,False,False,False,False
candidate_spread_x2,4,0.41,0.116,0.314,0.29,0.48,0.418,False,False,False,False,False,False,False
primary5_shift_plus2,4,0.002,0.242,0.002,0.002,0.002,0.002,True,True,True,True,True,True,True
bright_aspect_aw__-1,5,0.41,0.002,0.014,0.03,0.364,0.204,False,True,True,True,True,False,False
bright_aspect_aw__+1,5,0.41,0.002,0.01,0.008,0.364,0.204,False,True,True,True,True,False,False
bright_alignment_strength__-1,5,0.41,0.018,0.06,0.468,0.092,0.204,False,False,True,True,False,False,False
bright_alignment_strength__+1,5,0.41,0.004,0.004,0.468,0.004,0.204,False,True,True,True,False,True,False
bright_pore_crosscorr_xy_contrast_256px__-1,5,0.41,0.06,0.162,0.468,0.364,0.148,False,False,False,False,False,False,False
bright_pore_crosscorr_xy_contrast_256px__+1,5,0.41,0.002,0.002,0.468,0.364,0.002,False,True,True,True,False,False,True
candidate_spread_x2,5,0.41,0.024,0.086,0.448,0.23,0.076,False,False,True,True,False,False,False
primary5_shift_plus2,5,0.002,0.134,0.002,0.002,0.002,0.002,True,True,True,True,True,True,True
bright_aspect_aw__-1,6,0.386,0.072,0.166,0.104,0.518,0.404,False,False,False,False,False,False,False
bright_aspect_aw__+1,6,0.386,0.028,0.116,0.08,0.518,0.404,False,False,False,True,False,False,False
bright_alignment_strength__-1,6,0.386,0.056,0.184,0.538,0.108,0.404,False,False,False,False,False,False,False
bright_alignment_strength__+1,6,0.386,0.036,0.156,0.538,0.094,0.404,False,False,False,True,False,False,False
bright_pore_crosscorr_xy_contrast_256px__-1,6,0.386,0.102,0.264,0.538,0.518,0.136,False,False,False,False,False,False,False
bright_pore_crosscorr_xy_contrast_256px__+1,6,0.386,0.292,0.36,0.538,0.518,0.196,False,False,False,False,False,False,False
candidate_spread_x2,6,0.386,0.454,0.436,0.446,0.466,0.318,False,False,False,False,False,False,False
primary5_shift_plus2,6,0.002,0.996,0.002,0.002,0.002,0.002,True,True,True,True,True,True,True
bright_aspect_aw__-1,7,0.252,0.004,0.004,0.004,0.272,0.296,False,True,True,True,True,False,False
bright_aspect_aw__+1,7,0.252,0.012,0.028,0.028,0.272,0.296,False,True,True,True,True,False,False
bright_alignment_strength__-1,7,0.252,0.018,0.068,0.328,0.032,0.296,False,False,True,True,False,True,False
bright_alignment_strength__+1,7,0.252,0.134,0.246,0.328,0.154,0.296,False,False,False,False,False,False,False
bright_pore_crosscorr_xy_contrast_256px__-1,7,0.252,0.014,0.054,0.328,0.272,0.028,False,False,True,True,False,False,True
bright_pore_crosscorr_xy_contrast_256px__+1,7,0.252,0.154,0.224,0.328,0.272,0.148,False,False,False,False,False,False,False
candidate_spread_x2,7,0.252,0.136,0.192,0.252,0.172,0.238,False,False,False,False,False,False,False
primary5_shift_plus2,7,0.006,0.176,0.006,0.008,0.004,0.004,True,True,True,True,True,True,True
bright_aspect_aw__-1,8,0.826,0.01,0.02,0.006,0.884,0.746,False,True,True,True,True,False,False
bright_aspect_aw__+1,8,0.826,0.058,0.25,0.176,0.884,0.746,False,False,False,False,False,False,False
bright_alignment_strength__-1,8,0.826,0.048,0.194,0.756,0.088,0.746,False,False,False,True,False,False,False
bright_alignment_strength__+1,8,0.826,0.014,0.07,0.756,0.028,0.746,False,False,True,True,False,True,False
bright_pore_crosscorr_xy_contrast_256px__-1,8,0.826,0.002,0.002,0.756,0.884,0.002,False,True,True,True,False,False,True
bright_pore_crosscorr_xy_contrast_256px__+1,8,0.826,0.006,0.02,0.756,0.884,0.012,False,True,True,True,False,False,True
candidate_spread_x2,8,0.826,0.054,0.156,0.43,0.796,0.22,False,False,False,False,False,False,False
primary5_shift_plus2,8,0.002,0.484,0.002,0.002,0.002,0.002,True,True,True,True,True,True,True
bright_aspect_aw__-1,9,0.404,0.04,0.148,0.074,0.542,0.456,False,False,False,True,False,False,False
bright_aspect_aw__+1,9,0.404,0.058,0.192,0.106,0.542,0.456,False,False,False,False,False,False,False
bright_alignment_strength__-1,9,0.404,0.028,0.098,0.506,0.06,0.456,False,False,False,True,False,False,False
bright_alignment_strength__+1,9,0.404,0.076,0.188,0.506,0.116,0.456,False,False,False,False,False,False,False
bright_pore_crosscorr_xy_contrast_256px__-1,9,0.404,0.102,0.276,0.506,0.542,0.144,False,False,False,False,False,False,False
bright_pore_crosscorr_xy_contrast_256px__+1,9,0.404,0.028,0.15,0.506,0.542,0.076,False,False,False,True,False,False,False
candidate_spread_x2,9,0.404,0.172,0.452,0.426,0.5,0.422,False,False,False,False,False,False,False
primary5_shift_plus2,9,0.002,0.936,0.002,0.002,0.002,0.002,True,True,True,True,True,True,True
bright_aspect_aw__-1,10,0.602,0.02,0.068,0.03,0.74,0.778,False,False,True,True,True,False,False
bright_aspect_aw__+1,10,0.602,0.01,0.024,0.01,0.74,0.778,False,True,True,True,True,False,False
bright_alignment_strength__-1,10,0.602,0.046,0.148,0.744,0.064,0.778,False,False,False,True,False,False,False
bright_alignment_strength__+1,10,0.602,0.036,0.094,0.744,0.05,0.778,False,False,False,True,False,True,False
bright_pore_crosscorr_xy_contrast_256px__-1,10,0.602,0.038,0.182,0.744,0.74,0.108,False,False,False,True,False,False,False
bright_pore_crosscorr_xy_contrast_256px__+1,10,0.602,0.032,0.14,0.744,0.74,0.098,False,False,False,True,False,False,False
candidate_spread_x2,10,0.602,0.018,0.13,0.252,0.46,0.574,False,False,True,True,False,False,False
primary5_shift_plus2,10,0.004,0.584,0.004,0.004,0.002,0.004,True,True,True,True,True,True,True
bright_aspect_aw__-1,11,0.03,0.07,0.022,0.02,0.038,0.03,True,True,False,True,True,True,True
bright_aspect_aw__+1,11,0.03,0.172,0.024,0.018,0.038,0.03,True,True,False,True,True,True,True
bright_alignment_strength__-1,11,0.03,0.002,0.008,0.028,0.008,0.03,True,True,True,True,True,True,True
bright_alignment_strength__+1,11,0.03,0.014,0.008,0.028,0.008,0.03,True,True,True,True,True,True,True
bright_pore_crosscorr_xy_contrast_256px__-1,11,0.03,0.042,0.024,0.028,0.038,0.016,True,True,False,True,True,True,True
bright_pore_crosscorr_xy_contrast_256px__+1,11,0.03,0.1,0.022,0.028,0.038,0.022,True,True,False,True,True,True,True
candidate_spread_x2,11,0.03,0.12,0.032,0.028,0.028,0.022,True,True,False,True,True,True,True
primary5_shift_plus2,11,0.002,0.936,0.002,0.002,0.002,0.002,True,True,True,True,True,True,True
bright_aspect_aw__-1,12,0.052,0.004,0.002,0.002,0.048,0.056,False,True,True,True,True,True,False
bright_aspect_aw__+1,12,0.052,0.026,0.026,0.02,0.048,0.056,False,True,False,True,True,True,False
bright_alignment_strength__-1,12,0.052,0.006,0.002,0.062,0.002,0.056,False,True,True,True,False,True,False
bright_alignment_strength__+1,12,0.052,0.128,0.046,0.062,0.03,0.056,False,True,False,False,False,True,False
bright_pore_crosscorr_xy_contrast_256px__-1,12,0.052,0.002,0.002,0.062,0.048,0.002,False,True,True,True,False,True,True
bright_pore_crosscorr_xy_contrast_256px__+1,12,0.052,0.006,0.002,0.062,0.048,0.002,False,True,True,True,False,True,True
candidate_spread_x2,12,0.052,0.016,0.014,0.042,0.016,0.034,False,True,True,True,True,True,True
primary5_shift_plus2,12,0.002,0.208,0.002,0.002,0.002,0.002,True,True,True,True,True,True,True
bright_aspect_aw__-1,13,0.26,0.634,0.498,0.242,0.53,0.31,False,False,False,False,False,False,False
bright_aspect_aw__+1,13,0.26,0.014,0.046,0.018,0.53,0.31,False,True,True,True,True,False,False
bright_alignment_strength__-1,13,0.26,0.02,0.086,0.162,0.114,0.31,False,False,True,True,False,False,False
bright_alignment_strength__+1,13,0.26,0.002,0.05,0.162,0.052,0.31,False,True,True,True,False,False,False
bright_pore_crosscorr_xy_contrast_256px__-1,13,0.26,0.1,0.206,0.162,0.53,0.104,False,False,False,False,False,False,False
bright_pore_crosscorr_xy_contrast_256px__+1,13,0.26,0.084,0.142,0.162,0.53,0.052,False,False,False,False,False,False,False
candidate_spread_x2,13,0.26,0.064,0.1,0.06,0.444,0.196,False,False,False,False,False,False,False
primary5_shift_plus2,13,0.002,0.382,0.002,0.002,0.002,0.002,True,True,True,True,True,True,True
bright_aspect_aw__-1,14,0.328,0.008,0.058,0.032,0.29,0.42,False,False,True,True,True,False,False
bright_aspect_aw__+1,14,0.328,0.002,0.012,0.012,0.29,0.42,False,True,True,True,True,False,False
bright_alignment_strength__-1,14,0.328,0.002,0.002,0.416,0.002,0.42,False,True,True,True,False,True,False
bright_alignment_strength__+1,14,0.328,0.004,0.018,0.416,0.012,0.42,False,True,True,True,False,True,False
bright_pore_crosscorr_xy_contrast_256px__-1,14,0.328,0.002,0.032,0.416,0.29,0.018,False,True,True,True,False,False,True
bright_pore_crosscorr_xy_contrast_256px__+1,14,0.328,0.002,0.034,0.416,0.29,0.022,False,True,True,True,False,False,True
candidate_spread_x2,14,0.328,0.008,0.066,0.294,0.052,0.386,False,False,True,True,False,False,False
primary5_shift_plus2,14,0.01,0.306,0.01,0.01,0.01,0.01,True,True,True,True,True,True,True
bright_aspect_aw__-1,15,0.21,0.032,0.108,0.076,0.212,0.288,False,False,False,True,False,False,False
bright_aspect_aw__+1,15,0.21,0.016,0.078,0.05,0.212,0.288,False,False,True,True,True,False,False
bright_alignment_strength__-1,15,0.21,0.034,0.098,0.238,0.066,0.288,False,False,False,True,False,False,False
bright_alignment_strength__+1,15,0.21,0.372,0.312,0.238,0.214,0.288,False,False,False,False,False,False,False
bright_pore_crosscorr_xy_contrast_256px__-1,15,0.21,0.018,0.102,0.238,0.212,0.088,False,False,True,True,False,False,False
bright_pore_crosscorr_xy_contrast_256px__+1,15,0.21,0.138,0.194,0.238,0.212,0.174,False,False,False,False,False,False,False
candidate_spread_x2,15,0.21,0.21,0.188,0.174,0.19,0.25,False,False,False,False,False,False,False
primary5_shift_plus2,15,0.002,0.628,0.002,0.002,0.002,0.002,True,True,True,True,True,True,True
bright_aspect_aw__-1,16,0.202,0.118,0.17,0.112,0.242,0.22,False,False,False,False,False,False,False
bright_aspect_aw__+1,16,0.202,0.126,0.17,0.13,0.242,0.22,False,False,False,False,False,False,False
bright_alignment_strength__-1,16,0.202,0.076,0.132,0.28,0.082,0.22,False,False,False,False,False,False,False
bright_alignment_strength__+1,16,0.202,0.208,0.218,0.28,0.152,0.22,False,False,False,False,False,False,False
bright_pore_crosscorr_xy_contrast_256px__-1,16,0.202,0.018,0.036,0.28,0.242,0.018,False,True,True,True,False,False,True
bright_pore_crosscorr_xy_contrast_256px__+1,16,0.202,0.05,0.054,0.28,0.242,0.028,False,False,False,True,False,False,True
candidate_spread_x2,16,0.202,0.04,0.094,0.268,0.192,0.066,False,False,False,True,False,False,False
primary5_shift_plus2,16,0.002,0.694,0.002,0.002,0.002,0.002,True,True,True,True,True,True,True
bright_aspect_aw__-1,17,0.5,0.008,0.096,0.066,0.586,0.56,False,False,True,True,False,False,False
bright_aspect_aw__+1,17,0.5,0.004,0.038,0.028,0.586,0.56,False,True,True,True,True,False,False
bright_alignment_strength__-1,17,0.5,0.078,0.256,0.532,0.182,0.56,False,False,False,False,False,False,False
bright_alignment_strength__+1,17,0.5,0.126,0.408,0.532,0.322,0.56,False,False,False,False,False,False,False
bright_pore_crosscorr_xy_contrast_256px__-1,17,0.5,0.002,0.004,0.532,0.586,0.006,False,True,True,True,False,False,True
bright_pore_crosscorr_xy_contrast_256px__+1,17,0.5,0.002,0.006,0.532,0.586,0.006,False,True,True,True,False,False,True
candidate_spread_x2,17,0.5,0.02,0.134,0.42,0.516,0.164,False,False,True,True,False,False,False
primary5_shift_plus2,17,0.002,0.584,0.002,0.002,0.002,0.002,True,True,True,True,True,True,True
bright_aspect_aw__-1,18,0.524,0.048,0.17,0.134,0.62,0.658,False,False,False,True,False,False,False
bright_aspect_aw__+1,18,0.524,0.002,0.016,0.014,0.62,0.658,False,True,True,True,True,False,False
bright_alignment_strength__-1,18,0.524,0.002,0.038,0.484,0.026,0.658,False,True,True,True,False,True,False
bright_alignment_strength__+1,18,0.524,0.026,0.108,0.484,0.068,0.658,False,False,False,True,False,False,False
bright_pore_crosscorr_xy_contrast_256px__-1,18,0.524,0.004,0.048,0.484,0.62,0.046,False,True,True,True,False,False,True
bright_pore_crosscorr_xy_contrast_256px__+1,18,0.524,0.002,0.042,0.484,0.62,0.032,False,True,True,True,False,False,True
candidate_spread_x2,18,0.524,0.15,0.248,0.214,0.55,0.508,False,False,False,False,False,False,False
primary5_shift_plus2,18,0.004,0.812,0.004,0.004,0.002,0.004,True,True,True,True,True,True,True
bright_aspect_aw__-1,19,0.926,0.004,0.016,0.006,0.878,0.948,False,True,True,True,True,False,False
bright_aspect_aw__+1,19,0.926,0.032,0.14,0.088,0.878,0.948,False,False,False,True,False,False,False
bright_alignment_strength__-1,19,0.926,0.002,0.01,0.798,0.01,0.948,False,True,True,True,False,True,False
bright_alignment_strength__+1,19,0.926,0.002,0.002,0.798,0.004,0.948,False,True,True,True,False,True,False
bright_pore_crosscorr_xy_contrast_256px__-1,19,0.926,0.004,0.042,0.798,0.878,0.028,False,True,True,True,False,False,True
bright_pore_crosscorr_xy_contrast_256px__+1,19,0.926,0.006,0.06,0.798,0.878,0.046,False,False,True,True,False,False,True
candidate_spread_x2,19,0.926,0.07,0.182,0.418,0.26,0.686,False,False,False,False,False,False,False
primary5_shift_plus2,19,0.004,0.456,0.006,0.004,0.004,0.004,True,True,True,True,True,True,True
bright_aspect_aw__-1,20,0.536,0.012,0.138,0.092,0.644,0.682,False,False,True,True,False,False,False
bright_aspect_aw__+1,20,0.536,0.026,0.286,0.206,0.644,0.682,False,False,False,True,False,False,False
bright_alignment_strength__-1,20,0.536,0.002,0.024,0.686,0.02,0.682,False,True,True,True,False,True,False
bright_alignment_strength__+1,20,0.536,0.012,0.184,0.686,0.106,0.682,False,False,True,True,False,False,False
bright_pore_crosscorr_xy_contrast_256px__-1,20,0.536,0.002,0.05,0.686,0.644,0.044,False,True,True,True,False,False,True
bright_pore_crosscorr_xy_contrast_256px__+1,20,0.536,0.012,0.154,0.686,0.644,0.116,False,False,True,True,False,False,False
candidate_spread_x2,20,0.536,0.338,0.594,0.602,0.64,0.526,False,False,False,False,False,False,False
primary5_shift_plus2,20,0.012,0.91,0.014,0.012,0.012,0.01,True,True,True,True,True,True,True
bright_aspect_aw__-1,21,0.77,0.072,0.254,0.224,0.644,0.698,False,False,False,False,False,False,False
bright_aspect_aw__+1,21,0.77,0.008,0.034,0.018,0.644,0.698,False,True,True,True,True,False,False
bright_alignment_strength__-1,21,0.77,0.144,0.436,0.778,0.47,0.698,False,False,False,False,False,False,False
bright_alignment_strength__+1,21,0.77,0.014,0.078,0.778,0.016,0.698,False,False,True,True,False,True,False
bright_pore_crosscorr_xy_contrast_256px__-1,21,0.77,0.004,0.004,0.778,0.644,0.004,False,True,True,True,False,False,True
bright_pore_crosscorr_xy_contrast_256px__+1,21,0.77,0.004,0.004,0.778,0.644,0.004,False,True,True,True,False,False,True
candidate_spread_x2,21,0.77,0.132,0.392,0.628,0.632,0.508,False,False,False,False,False,False,False
primary5_shift_plus2,21,0.002,0.342,0.002,0.002,0.002,0.002,True,True,True,True,True,True,True
bright_aspect_aw__-1,22,0.196,0.018,0.02,0.016,0.218,0.106,False,True,True,True,True,False,False
bright_aspect_aw__+1,22,0.196,0.002,0.002,0.002,0.218,0.106,False,True,True,True,True,False,False
bright_alignment_strength__-1,22,0.196,0.006,0.008,0.07,0.006,0.106,False,True,True,True,False,True,False
bright_alignment_strength__+1,22,0.196,0.002,0.002,0.07,0.002,0.106,False,True,True,True,False,True,False
bright_pore_crosscorr_xy_contrast_256px__-1,22,0.196,0.016,0.034,0.07,0.218,0.032,False,True,True,True,False,False,True
bright_pore_crosscorr_xy_contrast_256px__+1,22,0.196,0.002,0.002,0.07,0.218,0.002,False,True,True,True,False,False,True
candidate_spread_x2,22,0.196,0.002,0.006,0.012,0.026,0.026,False,True,True,True,True,True,True
primary5_shift_plus2,22,0.002,0.068,0.002,0.002,0.002,0.002,True,True,True,True,True,True,True
bright_aspect_aw__-1,23,0.836,0.024,0.068,0.04,0.658,0.882,False,False,True,True,True,False,False
bright_aspect_aw__+1,23,0.836,0.002,0.002,0.002,0.658,0.882,False,True,True,True,True,False,False
bright_alignment_strength__-1,23,0.836,0.068,0.222,0.216,0.34,0.882,False,False,False,False,False,False,False
bright_alignment_strength__+1,23,0.836,0.016,0.06,0.216,0.046,0.882,False,False,True,True,False,True,False
bright_pore_crosscorr_xy_contrast_256px__-1,23,0.836,0.002,0.048,0.216,0.658,0.1,False,True,True,True,False,False,False
bright_pore_crosscorr_xy_contrast_256px__+1,23,0.836,0.002,0.014,0.216,0.658,0.02,False,True,True,True,False,False,True
candidate_spread_x2,23,0.836,0.016,0.076,0.102,0.346,0.386,False,False,True,True,False,False,False
primary5_shift_plus2,23,0.004,0.13,0.006,0.004,0.004,0.006,True,True,True,True,True,True,True
bright_aspect_aw__-1,24,1.0,0.004,0.044,0.036,1.0,0.996,False,True,True,True,True,False,False
bright_aspect_aw__+1,24,1.0,0.01,0.104,0.06,1.0,0.996,False,False,True,True,False,False,False
bright_alignment_strength__-1,24,1.0,0.012,0.084,1.0,0.052,0.996,False,False,True,True,False,False,False
bright_alignment_strength__+1,24,1.0,0.008,0.058,1.0,0.044,0.996,False,False,True,True,False,True,False
bright_pore_crosscorr_xy_contrast_256px__-1,24,1.0,0.022,0.152,1.0,1.0,0.084,False,False,True,True,False,False,False
bright_pore_crosscorr_xy_contrast_256px__+1,24,1.0,0.018,0.192,1.0,1.0,0.098,False,False,True,True,False,False,False
candidate_spread_x2,24,1.0,0.234,0.872,0.982,0.972,1.0,False,False,False,False,False,False,False
primary5_shift_plus2,24,0.012,0.912,0.018,0.012,0.012,0.014,True,True,True,True,True,True,True
bright_aspect_aw__-1,25,0.018,0.218,0.018,0.016,0.016,0.02,True,True,True,True,True,True,True
bright_aspect_aw__+1,25,0.018,0.056,0.008,0.008,0.016,0.02,True,True,True,True,True,True,True
bright_alignment_strength__-1,25,0.018,0.028,0.008,0.018,0.008,0.02,True,True,True,True,True,True,True
bright_alignment_strength__+1,25,0.018,0.03,0.008,0.018,0.008,0.02,True,True,True,True,True,True,True
bright_pore_crosscorr_xy_contrast_256px__-1,25,0.018,0.004,0.004,0.018,0.016,0.004,True,True,True,True,True,True,True
bright_pore_crosscorr_xy_contrast_256px__+1,25,0.018,0.002,0.002,0.018,0.016,0.002,True,True,True,True,True,True,True
candidate_spread_x2,25,0.018,0.016,0.008,0.014,0.014,0.008,True,True,True,True,True,True,True
primary5_shift_plus2,25,0.002,0.588,0.002,0.002,0.002,0.002,True,True,True,True,True,True,True
bright_aspect_aw__-1,26,0.588,0.002,0.002,0.002,0.77,0.724,False,True,True,True,True,False,False
bright_aspect_aw__+1,26,0.588,0.002,0.014,0.008,0.77,0.724,False,True,True,True,True,False,False
bright_alignment_strength__-1,26,0.588,0.002,0.002,0.78,0.002,0.724,False,True,True,True,False,True,False
bright_alignment_strength__+1,26,0.588,0.002,0.002,0.78,0.002,0.724,False,True,True,True,False,True,False
bright_pore_crosscorr_xy_contrast_256px__-1,26,0.588,0.006,0.07,0.78,0.77,0.034,False,False,True,True,False,False,True
bright_pore_crosscorr_xy_contrast_256px__+1,26,0.588,0.052,0.19,0.78,0.77,0.064,False,False,False,False,False,False,False
candidate_spread_x2,26,0.588,0.232,0.426,0.568,0.428,0.65,False,False,False,False,False,False,False
primary5_shift_plus2,26,0.002,0.848,0.002,0.002,0.002,0.002,True,True,True,True,True,True,True
bright_aspect_aw__-1,27,0.904,0.006,0.024,0.018,0.844,0.896,False,True,True,True,True,False,False
bright_aspect_aw__+1,27,0.904,0.004,0.01,0.004,0.844,0.896,False,True,True,True,True,False,False
bright_alignment_strength__-1,27,0.904,0.038,0.194,0.926,0.106,0.896,False,False,False,True,False,False,False
bright_alignment_strength__+1,27,0.904,0.002,0.01,0.926,0.006,0.896,False,True,True,True,False,True,False
bright_pore_crosscorr_xy_contrast_256px__-1,27,0.904,0.012,0.094,0.926,0.844,0.046,False,False,True,True,False,False,True
bright_pore_crosscorr_xy_contrast_256px__+1,27,0.904,0.114,0.406,0.926,0.844,0.312,False,False,False,False,False,False,False
candidate_spread_x2,27,0.904,0.192,0.686,0.84,0.832,0.758,False,False,False,False,False,False,False
primary5_shift_plus2,27,0.002,0.546,0.002,0.002,0.002,0.002,True,True,True,True,True,True,True
bright_aspect_aw__-1,28,0.448,0.302,0.526,0.374,0.636,0.508,False,False,False,False,False,False,False
bright_aspect_aw__+1,28,0.448,0.004,0.084,0.064,0.636,0.508,False,False,True,True,False,False,False
bright_alignment_strength__-1,28,0.448,0.002,0.024,0.426,0.022,0.508,False,True,True,True,False,True,False
bright_alignment_strength__+1,28,0.448,0.002,0.02,0.426,0.02,0.508,False,True,True,True,False,True,False
bright_pore_crosscorr_xy_contrast_256px__-1,28,0.448,0.002,0.024,0.426,0.636,0.022,False,True,True,True,False,False,True
bright_pore_crosscorr_xy_contrast_256px__+1,28,0.448,0.012,0.118,0.426,0.636,0.104,False,False,True,True,False,False,False
candidate_spread_x2,28,0.448,0.04,0.34,0.388,0.572,0.41,False,False,False,True,False,False,False
primary5_shift_plus2,28,0.004,0.392,0.004,0.004,0.004,0.004,True,True,True,True,True,True,True
bright_aspect_aw__-1,29,0.216,0.006,0.014,0.1,0.072,0.018,False,True,True,True,False,False,True
bright_aspect_aw__+1,29,0.216,0.002,0.002,0.002,0.072,0.018,False,True,True,True,True,False,True
bright_alignment_strength__-1,29,0.216,0.002,0.006,0.062,0.03,0.018,False,True,True,True,False,True,True
bright_alignment_strength__+1,29,0.216,0.002,0.002,0.062,0.002,0.018,False,True,True,True,False,True,True
bright_pore_crosscorr_xy_contrast_256px__-1,29,0.216,0.002,0.004,0.062,0.072,0.004,False,True,True,True,False,False,True
bright_pore_crosscorr_xy_contrast_256px__+1,29,0.216,0.002,0.002,0.062,0.072,0.002,False,True,True,True,False,False,True
candidate_spread_x2,29,0.216,0.004,0.004,0.008,0.01,0.012,False,True,True,True,True,True,True
primary5_shift_plus2,29,0.018,0.008,0.008,0.012,0.016,0.012,True,True,True,True,True,True,True
bright_aspect_aw__-1,30,0.916,0.038,0.122,0.068,0.882,0.982,False,False,False,True,False,False,False
bright_aspect_aw__+1,30,0.916,0.024,0.09,0.05,0.882,0.982,False,False,True,True,True,False,False
bright_alignment_strength__-1,30,0.916,0.032,0.134,0.922,0.054,0.982,False,False,False,True,False,False,False
bright_alignment_strength__+1,30,0.916,0.088,0.302,0.922,0.154,0.982,False,False,False,False,False,False,False
bright_pore_crosscorr_xy_contrast_256px__-1,30,0.916,0.086,0.314,0.922,0.882,0.212,False,False,False,False,False,False,False
bright_pore_crosscorr_xy_contrast_256px__+1,30,0.916,0.028,0.178,0.922,0.882,0.108,False,False,False,True,False,False,False
candidate_spread_x2,30,0.916,0.316,0.85,0.794,0.95,0.914,False,False,False,False,False,False,False
primary5_shift_plus2,30,0.004,0.916,0.004,0.004,0.004,0.004,True,True,True,True,True,True,True
bright_aspect_aw__-1,31,0.998,0.016,0.122,0.07,0.998,0.998,False,False,True,True,False,False,False
bright_aspect_aw__+1,31,0.998,0.008,0.068,0.044,0.998,0.998,False,False,True,True,True,False,False
bright_alignment_strength__-1,31,0.998,0.13,0.518,1.0,0.222,0.998,False,False,False,False,False,False,False
bright_alignment_strength__+1,31,0.998,0.066,0.328,1.0,0.114,0.998,False,False,False,False,False,False,False
bright_pore_crosscorr_xy_contrast_256px__-1,31,0.998,0.002,0.006,1.0,0.998,0.004,False,True,True,True,False,False,True
bright_pore_crosscorr_xy_contrast_256px__+1,31,0.998,0.004,0.008,1.0,0.998,0.004,False,True,True,True,False,False,True
candidate_spread_x2,31,0.998,0.578,0.934,0.988,0.998,0.906,False,False,False,False,False,False,False
primary5_shift_plus2,31,0.002,0.994,0.004,0.002,0.002,0.002,True,True,True,True,True,True,True
bright_aspect_aw__-1,32,0.742,0.094,0.274,0.112,0.88,0.756,False,False,False,False,False,False,False
bright_aspect_aw__+1,32,0.742,0.04,0.1,0.022,0.88,0.756,False,False,False,True,True,False,False
bright_alignment_strength__-1,32,0.742,0.01,0.026,0.82,0.02,0.756,False,True,True,True,False,True,False
bright_alignment_strength__+1,32,0.742,0.008,0.028,0.82,0.026,0.756,False,True,True,True,False,True,False
bright_pore_crosscorr_xy_contrast_256px__-1,32,0.742,0.042,0.094,0.82,0.88,0.018,False,False,False,True,False,False,True
bright_pore_crosscorr_xy_contrast_256px__+1,32,0.742,0.1,0.332,0.82,0.88,0.166,False,False,False,False,False,False,False
candidate_spread_x2,32,0.742,0.172,0.524,0.74,0.52,0.606,False,False,False,False,False,False,False
primary5_shift_plus2,32,0.002,0.95,0.002,0.002,0.002,0.002,True,True,True,True,True,True,True
bright_aspect_aw__-1,33,0.45,0.002,0.016,0.012,0.576,0.526,False,True,True,True,True,False,False
bright_aspect_aw__+1,33,0.45,0.002,0.002,0.002,0.576,0.526,False,True,True,True,True,False,False
bright_alignment_strength__-1,33,0.45,0.01,0.096,0.466,0.068,0.526,False,False,True,True,False,False,False
bright_alignment_strength__+1,33,0.45,0.02,0.114,0.466,0.072,0.526,False,False,True,True,False,False,False
bright_pore_crosscorr_xy_contrast_256px__-1,33,0.45,0.028,0.128,0.466,0.576,0.102,False,False,False,True,False,False,False
bright_pore_crosscorr_xy_contrast_256px__+1,33,0.45,0.032,0.112,0.466,0.576,0.068,False,False,False,True,False,False,False
candidate_spread_x2,33,0.45,0.258,0.408,0.358,0.534,0.476,False,False,False,False,False,False,False
primary5_shift_plus2,33,0.002,0.766,0.002,0.002,0.002,0.002,True,True,True,True,True,True,True
bright_aspect_aw__-1,34,0.974,0.31,0.768,0.736,0.986,0.958,False,False,False,False,False,False,False
bright_aspect_aw__+1,34,0.974,0.012,0.18,0.12,0.986,0.958,False,False,True,True,False,False,False
bright_alignment_strength__-1,34,0.974,0.002,0.096,0.92,0.076,0.958,False,False,True,True,False,False,False
bright_alignment_strength__+1,34,0.974,0.002,0.012,0.92,0.012,0.958,False,True,True,True,False,True,False
bright_pore_crosscorr_xy_contrast_256px__-1,34,0.974,0.022,0.29,0.92,0.986,0.244,False,False,True,True,False,False,False
bright_pore_crosscorr_xy_contrast_256px__+1,34,0.974,0.002,0.118,0.92,0.986,0.086,False,False,True,True,False,False,False
candidate_spread_x2,34,0.974,0.146,0.626,0.768,0.912,0.888,False,False,False,False,False,False,False
primary5_shift_plus2,34,0.002,0.554,0.002,0.002,0.002,0.002,True,True,True,True,True,True,True
bright_aspect_aw__-1,35,0.856,0.008,0.116,0.102,0.87,0.8,False,False,True,True,False,False,False
bright_aspect_aw__+1,35,0.856,0.016,0.128,0.1,0.87,0.8,False,False,True,True,False,False,False
bright_alignment_strength__-1,35,0.856,0.042,0.27,0.902,0.214,0.8,False,False,False,True,False,False,False
bright_alignment_strength__+1,35,0.856,0.038,0.222,0.902,0.176,0.8,False,False,False,True,False,False,False
bright_pore_crosscorr_xy_contrast_256px__-1,35,0.856,0.214,0.602,0.902,0.87,0.498,False,False,False,False,False,False,False
bright_pore_crosscorr_xy_contrast_256px__+1,35,0.856,0.036,0.242,0.902,0.87,0.18,False,False,False,True,False,False,False
candidate_spread_x2,35,0.856,0.326,0.736,0.836,0.868,0.658,False,False,False,False,False,False,False
primary5_shift_plus2,35,0.002,0.958,0.002,0.002,0.002,0.002,True,True,True,True,True,True,True
bright_aspect_aw__-1,36,0.478,0.058,0.068,0.12,0.03,0.472,False,False,False,False,False,True,False
bright_aspect_aw__+1,36,0.478,0.038,0.042,0.014,0.03,0.472,False,True,False,True,True,True,False
bright_alignment_strength__-1,36,0.478,0.056,0.074,0.516,0.02,0.472,False,False,False,False,False,True,False
bright_alignment_strength__+1,36,0.478,0.002,0.002,0.516,0.002,0.472,False,True,True,True,False,True,False
bright_pore_crosscorr_xy_contrast_256px__-1,36,0.478,0.006,0.012,0.516,0.03,0.05,False,True,True,True,False,True,True
bright_pore_crosscorr_xy_contrast_256px__+1,36,0.478,0.002,0.002,0.516,0.03,0.002,False,True,True,True,False,True,True
candidate_spread_x2,36,0.478,0.022,0.02,0.328,0.016,0.224,False,True,True,True,False,True,False
primary5_shift_plus2,36,0.002,0.106,0.028,0.004,0.002,0.034,True,True,True,True,True,True,True
bright_aspect_aw__-1,37,0.024,0.112,0.028,0.02,0.022,0.036,True,True,True,True,True,True,True
bright_aspect_aw__+1,37,0.024,0.004,0.004,0.002,0.022,0.036,True,True,True,True,True,True,True
bright_alignment_strength__-1,37,0.024,0.048,0.02,0.024,0.01,0.036,True,True,True,True,True,True,True
bright_alignment_strength__+1,37,0.024,0.01,0.008,0.024,0.004,0.036,True,True,True,True,True,True,True
bright_pore_crosscorr_xy_contrast_256px__-1,37,0.024,0.002,0.004,0.024,0.022,0.004,True,True,True,True,True,True,True
bright_pore_crosscorr_xy_contrast_256px__+1,37,0.024,0.002,0.002,0.024,0.022,0.002,True,True,True,True,True,True,True
candidate_spread_x2,37,0.024,0.08,0.026,0.014,0.016,0.04,True,True,True,True,True,True,True
primary5_shift_plus2,37,0.002,0.242,0.002,0.002,0.002,0.002,True,True,True,True,True,True,True
bright_aspect_aw__-1,38,0.11,0.052,0.052,0.016,0.136,0.184,False,False,False,False,True,False,False
bright_aspect_aw__+1,38,0.11,0.016,0.012,0.006,0.136,0.184,False,True,True,True,True,False,False
bright_alignment_strength__-1,38,0.11,0.01,0.01,0.178,0.004,0.184,False,True,True,True,False,True,False
bright_alignment_strength__+1,38,0.11,0.03,0.024,0.178,0.008,0.184,False,True,False,True,False,True,False
bright_pore_crosscorr_xy_contrast_256px__-1,38,0.11,0.008,0.006,0.178,0.136,0.006,False,True,True,True,False,False,True
bright_pore_crosscorr_xy_contrast_256px__+1,38,0.11,0.002,0.002,0.178,0.136,0.002,False,True,True,True,False,False,True
candidate_spread_x2,38,0.11,0.046,0.06,0.17,0.074,0.082,False,False,False,True,False,False,False
primary5_shift_plus2,38,0.002,0.652,0.002,0.002,0.002,0.002,True,True,True,True,True,True,True
bright_aspect_aw__-1,39,0.704,0.002,0.004,0.004,0.764,0.808,False,True,True,True,True,False,False
bright_aspect_aw__+1,39,0.704,0.002,0.002,0.002,0.764,0.808,False,True,True,True,True,False,False
bright_alignment_strength__-1,39,0.704,0.112,0.292,0.8,0.118,0.808,False,False,False,False,False,False,False
bright_alignment_strength__+1,39,0.704,0.034,0.092,0.8,0.028,0.808,False,False,False,True,False,True,False
bright_pore_crosscorr_xy_contrast_256px__-1,39,0.704,0.082,0.252,0.8,0.764,0.09,False,False,False,False,False,False,False
bright_pore_crosscorr_xy_contrast_256px__+1,39,0.704,0.042,0.12,0.8,0.764,0.04,False,False,False,True,False,False,True
candidate_spread_x2,39,0.704,0.332,0.716,0.718,0.734,0.77,False,False,False,False,False,False,False
primary5_shift_plus2,39,0.002,0.564,0.002,0.002,0.002,0.002,True,True,True,True,True,True,True
bright_aspect_aw__-1,40,0.708,0.02,0.182,0.132,0.644,0.84,False,False,True,True,False,False,False
bright_aspect_aw__+1,40,0.708,0.098,0.39,0.336,0.644,0.84,False,False,False,False,False,False,False
bright_alignment_strength__-1,40,0.708,0.002,0.034,0.864,0.018,0.84,False,True,True,True,False,True,False
bright_alignment_strength__+1,40,0.708,0.128,0.332,0.864,0.192,0.84,False,False,False,False,False,False,False
bright_pore_crosscorr_xy_contrast_256px__-1,40,0.708,0.066,0.27,0.864,0.644,0.168,False,False,False,False,False,False,False
bright_pore_crosscorr_xy_contrast_256px__+1,40,0.708,0.012,0.124,0.864,0.644,0.082,False,False,True,True,False,False,False
candidate_spread_x2,40,0.708,0.108,0.374,0.666,0.34,0.748,False,False,False,False,False,False,False
primary5_shift_plus2,40,0.002,0.552,0.002,0.002,0.002,0.002,True,True,True,True,True,True,True
bright_aspect_aw__-1,41,0.022,0.194,0.026,0.02,0.032,0.024,True,True,True,True,True,True,True
bright_aspect_aw__+1,41,0.022,0.038,0.016,0.014,0.032,0.024,True,True,True,True,True,True,True
bright_alignment_strength__-1,41,0.022,0.012,0.01,0.024,0.006,0.024,True,True,True,True,True,True,True
bright_alignment_strength__+1,41,0.022,0.008,0.006,0.024,0.006,0.024,True,True,True,True,True,True,True
bright_pore_crosscorr_xy_contrast_256px__-1,41,0.022,0.192,0.028,0.024,0.032,0.02,True,True,True,True,True,True,True
bright_pore_crosscorr_xy_contrast_256px__+1,41,0.022,0.032,0.018,0.024,0.032,0.01,True,True,True,True,True,True,True
candidate_spread_x2,41,0.022,0.046,0.024,0.024,0.032,0.022,True,True,True,True,True,True,True
primary5_shift_plus2,41,0.002,0.396,0.002,0.002,0.002,0.002,True,True,True,True,True,True,True
bright_aspect_aw__-1,42,0.652,0.002,0.018,0.006,0.67,0.45,False,True,True,True,True,False,False
bright_aspect_aw__+1,42,0.652,0.05,0.176,0.176,0.67,0.45,False,False,False,True,False,False,False
bright_alignment_strength__-1,42,0.652,0.002,0.002,0.57,0.002,0.45,False,True,True,True,False,True,False
bright_alignment_strength__+1,42,0.652,0.002,0.006,0.57,0.006,0.45,False,True,True,True,False,True,False
bright_pore_crosscorr_xy_contrast_256px__-1,42,0.652,0.002,0.014,0.57,0.67,0.006,False,True,True,True,False,False,True
bright_pore_crosscorr_xy_contrast_256px__+1,42,0.652,0.198,0.39,0.57,0.67,0.328,False,False,False,False,False,False,False
candidate_spread_x2,42,0.652,0.024,0.14,0.416,0.45,0.196,False,False,True,True,False,False,False
primary5_shift_plus2,42,0.002,0.278,0.002,0.002,0.002,0.002,True,True,True,True,True,True,True
bright_aspect_aw__-1,43,0.946,0.078,0.216,0.14,0.822,0.968,False,False,False,False,False,False,False
bright_aspect_aw__+1,43,0.946,0.068,0.188,0.124,0.822,0.968,False,False,False,False,False,False,False
bright_alignment_strength__-1,43,0.946,0.004,0.064,0.972,0.022,0.968,False,False,True,True,False,True,False
bright_alignment_strength__+1,43,0.946,0.162,0.596,0.972,0.434,0.968,False,False,False,False,False,False,False
bright_pore_crosscorr_xy_contrast_256px__-1,43,0.946,0.112,0.292,0.972,0.822,0.186,False,False,False,False,False,False,False
bright_pore_crosscorr_xy_contrast_256px__+1,43,0.946,0.224,0.626,0.972,0.822,0.618,False,False,False,False,False,False,False
candidate_spread_x2,43,0.946,0.108,0.46,0.864,0.444,0.768,False,False,False,False,False,False,False
primary5_shift_plus2,43,0.002,0.656,0.006,0.002,0.004,0.002,True,True,True,True,True,True,True
bright_aspect_aw__-1,44,0.73,0.002,0.008,0.012,0.774,0.642,False,True,True,True,True,False,False
bright_aspect_aw__+1,44,0.73,0.004,0.068,0.066,0.774,0.642,False,False,True,True,False,False,False
bright_alignment_strength__-1,44,0.73,0.014,0.064,0.758,0.03,0.642,False,False,True,True,False,True,False
bright_alignment_strength__+1,44,0.73,0.006,0.024,0.758,0.02,0.642,False,True,True,True,False,True,False
bright_pore_crosscorr_xy_contrast_256px__-1,44,0.73,0.03,0.132,0.758,0.774,0.068,False,False,False,True,False,False,False
bright_pore_crosscorr_xy_contrast_256px__+1,44,0.73,0.332,0.722,0.758,0.774,0.724,False,False,False,False,False,False,False
candidate_spread_x2,44,0.73,0.106,0.258,0.46,0.792,0.284,False,False,False,False,False,False,False
primary5_shift_plus2,44,0.002,0.382,0.002,0.002,0.002,0.002,True,True,True,True,True,True,True
bright_aspect_aw__-1,45,0.148,0.002,0.006,0.002,0.186,0.178,False,True,True,True,True,False,False
bright_aspect_aw__+1,45,0.148,0.076,0.118,0.09,0.186,0.178,False,False,False,False,False,False,False
bright_alignment_strength__-1,45,0.148,0.022,0.068,0.134,0.044,0.178,False,False,True,True,False,True,False
bright_alignment_strength__+1,45,0.148,0.068,0.11,0.134,0.11,0.178,False,False,False,False,False,False,False
bright_pore_crosscorr_xy_contrast_256px__-1,45,0.148,0.01,0.038,0.134,0.186,0.028,False,True,True,True,False,False,True
bright_pore_crosscorr_xy_contrast_256px__+1,45,0.148,0.062,0.094,0.134,0.186,0.098,False,False,False,False,False,False,False
candidate_spread_x2,45,0.148,0.036,0.074,0.068,0.162,0.152,False,False,False,True,False,False,False
primary5_shift_plus2,45,0.056,0.198,0.046,0.052,0.052,0.058,False,True,False,False,False,False,False
bright_aspect_aw__-1,46,0.688,0.054,0.198,0.12,0.804,0.814,False,False,False,False,False,False,False
bright_aspect_aw__+1,46,0.688,0.002,0.012,0.006,0.804,0.814,False,True,True,True,True,False,False
bright_alignment_strength__-1,46,0.688,0.08,0.384,0.58,0.362,0.814,False,False,False,False,False,False,False
bright_alignment_strength__+1,46,0.688,0.068,0.372,0.58,0.338,0.814,False,False,False,False,False,False,False
bright_pore_crosscorr_xy_contrast_256px__-1,46,0.688,0.028,0.212,0.58,0.804,0.206,False,False,False,True,False,False,False
bright_pore_crosscorr_xy_contrast_256px__+1,46,0.688,0.056,0.236,0.58,0.804,0.22,False,False,False,False,False,False,False
candidate_spread_x2,46,0.688,0.048,0.264,0.35,0.812,0.594,False,False,False,True,False,False,False
primary5_shift_plus2,46,0.004,0.426,0.004,0.004,0.004,0.004,True,True,True,True,True,True,True
bright_aspect_aw__-1,47,0.442,0.148,0.288,0.196,0.49,0.488,False,False,False,False,False,False,False
bright_aspect_aw__+1,47,0.442,0.002,0.002,0.002,0.49,0.488,False,True,True,True,True,False,False
bright_alignment_strength__-1,47,0.442,0.002,0.008,0.298,0.016,0.488,False,True,True,True,False,True,False
bright_alignment_strength__+1,47,0.442,0.008,0.016,0.298,0.014,0.488,False,True,True,True,False,True,False
bright_pore_crosscorr_xy_contrast_256px__-1,47,0.442,0.002,0.002,0.298,0.49,0.002,False,True,True,True,False,False,True
bright_pore_crosscorr_xy_contrast_256px__+1,47,0.442,0.002,0.002,0.298,0.49,0.002,False,True,True,True,False,False,True
candidate_spread_x2,47,0.442,0.044,0.104,0.106,0.318,0.404,False,False,False,True,False,False,False
primary5_shift_plus2,47,0.012,0.39,0.016,0.016,0.012,0.014,True,True,True,True,True,True,True
bright_aspect_aw__-1,48,0.57,0.014,0.094,0.066,0.622,0.488,False,False,True,True,False,False,False
bright_aspect_aw__+1,48,0.57,0.002,0.014,0.01,0.622,0.488,False,True,True,True,True,False,False
bright_alignment_strength__-1,48,0.57,0.002,0.008,0.52,0.01,0.488,False,True,True,True,False,True,False
bright_alignment_strength__+1,48,0.57,0.006,0.024,0.52,0.02,0.488,False,True,True,True,False,True,False
bright_pore_crosscorr_xy_contrast_256px__-1,48,0.57,0.002,0.046,0.52,0.622,0.04,False,True,True,True,False,False,True
bright_pore_crosscorr_xy_contrast_256px__+1,48,0.57,0.002,0.008,0.52,0.622,0.006,False,True,True,True,False,False,True
candidate_spread_x2,48,0.57,0.024,0.12,0.196,0.488,0.236,False,False,True,True,False,False,False
primary5_shift_plus2,48,0.002,0.41,0.004,0.004,0.002,0.004,True,True,True,True,True,True,True
bright_aspect_aw__-1,49,0.978,0.098,0.508,0.414,0.972,0.978,False,False,False,False,False,False,False
bright_aspect_aw__+1,49,0.978,0.008,0.078,0.052,0.972,0.978,False,False,True,True,False,False,False
bright_alignment_strength__-1,49,0.978,0.172,0.63,0.968,0.55,0.978,False,False,False,False,False,False,False
bright_alignment_strength__+1,49,0.978,0.042,0.206,0.968,0.13,0.978,False,False,False,True,False,False,False
bright_pore_crosscorr_xy_contrast_256px__-1,49,0.978,0.014,0.132,0.968,0.972,0.12,False,False,True,True,False,False,False
bright_pore_crosscorr_xy_contrast_256px__+1,49,0.978,0.008,0.08,0.968,0.972,0.05,False,False,True,True,False,False,True
candidate_spread_x2,49,0.978,0.104,0.436,0.514,0.89,0.892,False,False,False,False,False,False,False
primary5_shift_plus2,49,0.002,0.738,0.002,0.002,0.002,0.002,True,True,True,True,True,True,True
bright_aspect_aw__-1,50,0.364,0.002,0.004,0.004,0.386,0.366,False,True,True,True,True,False,False
bright_aspect_aw__+1,50,0.364,0.006,0.044,0.036,0.386,0.366,False,True,True,True,True,False,False
bright_alignment_strength__-1,50,0.364,0.004,0.076,0.408,0.064,0.366,False,False,True,True,False,False,False
bright_alignment_strength__+1,50,0.364,0.066,0.134,0.408,0.1,0.366,False,False,False,False,False,False,False
bright_pore_crosscorr_xy_contrast_256px__-1,50,0.364,0.002,0.034,0.408,0.386,0.02,False,True,True,True,False,False,True
bright_pore_crosscorr_xy_contrast_256px__+1,50,0.364,0.002,0.04,0.408,0.386,0.026,False,True,True,True,False,False,True
candidate_spread_x2,50,0.364,0.05,0.142,0.208,0.306,0.202,False,False,False,True,False,False,False
primary5_shift_plus2,50,0.002,0.734,0.002,0.002,0.002,0.002,True,True,True,True,True,True,True
bright_aspect_aw__-1,51,0.488,0.004,0.012,0.01,0.646,0.596,False,True,True,True,True,False,False
bright_aspect_aw__+1,51,0.488,0.014,0.082,0.036,0.646,0.596,False,False,True,True,True,False,False
bright_alignment_strength__-1,51,0.488,0.004,0.03,0.538,0.024,0.596,False,True,True,True,False,True,False
bright_alignment_strength__+1,51,0.488,0.004,0.004,0.538,0.002,0.596,False,True,True,True,False,True,False
bright_pore_crosscorr_xy_contrast_256px__-1,51,0.488,0.082,0.244,0.538,0.646,0.116,False,False,False,False,False,False,False
bright_pore_crosscorr_xy_contrast_256px__+1,51,0.488,0.108,0.28,0.538,0.646,0.178,False,False,False,False,False,False,False
candidate_spread_x2,51,0.488,0.724,0.79,0.56,0.724,0.674,False,False,False,False,False,False,False
primary5_shift_plus2,51,0.004,0.83,0.004,0.004,0.004,0.004,True,True,True,True,True,True,True
bright_aspect_aw__-1,52,0.846,0.008,0.04,0.014,0.928,0.874,False,True,True,True,True,False,False
bright_aspect_aw__+1,52,0.846,0.042,0.164,0.054,0.928,0.874,False,False,False,True,False,False,False
bright_alignment_strength__-1,52,0.846,0.104,0.304,0.876,0.12,0.874,False,False,False,False,False,False,False
bright_alignment_strength__+1,52,0.846,0.024,0.106,0.876,0.038,0.874,False,False,True,True,False,True,False
bright_pore_crosscorr_xy_contrast_256px__-1,52,0.846,0.002,0.002,0.876,0.928,0.002,False,True,True,True,False,False,True
bright_pore_crosscorr_xy_contrast_256px__+1,52,0.846,0.002,0.002,0.876,0.928,0.002,False,True,True,True,False,False,True
candidate_spread_x2,52,0.846,0.086,0.4,0.796,0.73,0.604,False,False,False,False,False,False,False
primary5_shift_plus2,52,0.006,0.822,0.008,0.006,0.006,0.008,True,True,True,True,True,True,True
bright_aspect_aw__-1,53,0.314,0.114,0.19,0.118,0.406,0.344,False,False,False,False,False,False,False
bright_aspect_aw__+1,53,0.314,0.012,0.048,0.024,0.406,0.344,False,True,True,True,True,False,False
bright_alignment_strength__-1,53,0.314,0.046,0.108,0.334,0.084,0.344,False,False,False,True,False,False,False
bright_alignment_strength__+1,53,0.314,0.056,0.1,0.334,0.074,0.344,False,False,False,False,False,False,False
bright_pore_crosscorr_xy_contrast_256px__-1,53,0.314,0.004,0.016,0.334,0.406,0.012,False,True,True,True,False,False,True
bright_pore_crosscorr_xy_contrast_256px__+1,53,0.314,0.002,0.004,0.334,0.406,0.004,False,True,True,True,False,False,True
candidate_spread_x2,53,0.314,0.188,0.282,0.28,0.326,0.308,False,False,False,False,False,False,False
primary5_shift_plus2,53,0.002,0.774,0.002,0.002,0.002,0.002,True,True,True,True,True,True,True
bright_aspect_aw__-1,54,0.254,0.198,0.246,0.118,0.366,0.396,False,False,False,False,False,False,False
bright_aspect_aw__+1,54,0.254,0.014,0.03,0.008,0.366,0.396,False,True,True,True,True,False,False
bright_alignment_strength__-1,54,0.254,0.002,0.002,0.238,0.004,0.396,False,True,True,True,False,True,False
bright_alignment_strength__+1,54,0.254,0.002,0.002,0.238,0.002,0.396,False,True,True,True,False,True,False
bright_pore_crosscorr_xy_contrast_256px__-1,54,0.254,0.064,0.112,0.238,0.366,0.084,False,False,False,False,False,False,False
bright_pore_crosscorr_xy_contrast_256px__+1,54,0.254,0.016,0.036,0.238,0.366,0.012,False,True,True,True,False,False,True
candidate_spread_x2,54,0.254,0.182,0.216,0.188,0.162,0.278,False,False,False,False,False,False,False
primary5_shift_plus2,54,0.004,0.714,0.014,0.006,0.004,0.006,True,True,True,True,True,True,True
bright_aspect_aw__-1,55,0.804,0.002,0.02,0.02,0.838,0.396,False,True,True,True,True,False,False
bright_aspect_aw__+1,55,0.804,0.052,0.358,0.672,0.838,0.396,False,False,False,False,False,False,False
bright_alignment_strength__-1,55,0.804,0.008,0.12,0.486,0.198,0.396,False,False,True,True,False,False,False
bright_alignment_strength__+1,55,0.804,0.016,0.216,0.486,0.584,0.396,False,False,True,True,False,False,False
bright_pore_crosscorr_xy_contrast_256px__-1,55,0.804,0.002,0.006,0.486,0.838,0.01,False,True,True,True,False,False,True
bright_pore_crosscorr_xy_contrast_256px__+1,55,0.804,0.06,0.38,0.486,0.838,0.626,False,False,False,False,False,False,False
candidate_spread_x2,55,0.804,0.006,0.072,0.166,0.752,0.154,False,False,True,True,False,False,False
primary5_shift_plus2,55,0.002,0.058,0.002,0.002,0.002,0.002,True,True,True,True,True,True,True
bright_aspect_aw__-1,56,0.848,0.016,0.124,0.09,0.772,0.868,False,False,True,True,False,False,False
bright_aspect_aw__+1,56,0.848,0.004,0.042,0.024,0.772,0.868,False,True,True,True,True,False,False
bright_alignment_strength__-1,56,0.848,0.002,0.016,0.874,0.012,0.868,False,True,True,True,False,True,False
bright_alignment_strength__+1,56,0.848,0.088,0.362,0.874,0.308,0.868,False,False,False,False,False,False,False
bright_pore_crosscorr_xy_contrast_256px__-1,56,0.848,0.048,0.344,0.874,0.772,0.282,False,False,False,True,False,False,False
bright_pore_crosscorr_xy_contrast_256px__+1,56,0.848,0.162,0.646,0.874,0.772,0.668,False,False,False,False,False,False,False
candidate_spread_x2,56,0.848,0.036,0.286,0.848,0.306,0.718,False,False,False,True,False,False,False
primary5_shift_plus2,56,0.002,0.326,0.002,0.002,0.002,0.002,True,True,True,True,True,True,True
bright_aspect_aw__-1,57,0.99,0.038,0.192,0.088,0.988,1.0,False,False,False,True,False,False,False
bright_aspect_aw__+1,57,0.99,0.036,0.13,0.044,0.988,1.0,False,False,False,True,True,False,False
bright_alignment_strength__-1,57,0.99,0.134,0.456,0.998,0.206,1.0,False,False,False,False,False,False,False
bright_alignment_strength__+1,57,0.99,0.02,0.082,0.998,0.024,1.0,False,False,True,True,False,True,False
bright_pore_crosscorr_xy_contrast_256px__-1,57,0.99,0.006,0.01,0.998,0.988,0.008,False,True,True,True,False,False,True
bright_pore_crosscorr_xy_contrast_256px__+1,57,0.99,0.01,0.024,0.998,0.988,0.016,False,True,True,True,False,False,True
candidate_spread_x2,57,0.99,0.186,0.658,0.996,0.89,0.776,False,False,False,False,False,False,False
primary5_shift_plus2,57,0.002,0.97,0.002,0.002,0.002,0.002,True,True,True,True,True,True,True
bright_aspect_aw__-1,58,0.944,0.04,0.168,0.18,0.862,0.582,False,False,False,True,False,False,False
bright_aspect_aw__+1,58,0.944,0.01,0.058,0.036,0.862,0.582,False,False,True,True,True,False,False
bright_alignment_strength__-1,58,0.944,0.004,0.01,0.92,0.014,0.582,False,True,True,True,False,True,False
bright_alignment_strength__+1,58,0.944,0.002,0.014,0.92,0.01,0.582,False,True,True,True,False,True,False
bright_pore_crosscorr_xy_contrast_256px__-1,58,0.944,0.026,0.144,0.92,0.862,0.094,False,False,False,True,False,False,False
bright_pore_crosscorr_xy_contrast_256px__+1,58,0.944,0.002,0.01,0.92,0.862,0.006,False,True,True,True,False,False,True
candidate_spread_x2,58,0.944,0.016,0.08,0.586,0.194,0.172,False,False,True,True,False,False,False
primary5_shift_plus2,58,0.002,0.342,0.006,0.002,0.008,0.002,True,True,True,True,True,True,True
bright_aspect_aw__-1,59,0.5,0.006,0.008,0.162,0.018,0.376,False,True,True,True,False,True,False
bright_aspect_aw__+1,59,0.5,0.004,0.008,0.014,0.018,0.376,False,True,True,True,True,True,False
bright_alignment_strength__-1,59,0.5,0.002,0.004,0.49,0.004,0.376,False,True,True,True,False,True,False
bright_alignment_strength__+1,59,0.5,0.002,0.002,0.49,0.002,0.376,False,True,True,True,False,True,False
bright_pore_crosscorr_xy_contrast_256px__-1,59,0.5,0.008,0.012,0.49,0.018,0.284,False,True,True,True,False,True,False
bright_pore_crosscorr_xy_contrast_256px__+1,59,0.5,0.006,0.008,0.49,0.018,0.012,False,True,True,True,False,True,True
candidate_spread_x2,59,0.5,0.002,0.002,0.266,0.002,0.124,False,True,True,True,False,True,False
primary5_shift_plus2,59,0.002,0.008,0.002,0.002,0.002,0.002,True,True,True,True,True,True,True
bright_aspect_aw__-1,60,0.156,0.002,0.002,0.002,0.22,0.066,False,True,True,True,True,False,False
bright_aspect_aw__+1,60,0.156,0.032,0.03,0.02,0.22,0.066,False,True,False,True,True,False,False
bright_alignment_strength__-1,60,0.156,0.002,0.004,0.102,0.004,0.066,False,True,True,True,False,True,False
bright_alignment_strength__+1,60,0.156,0.002,0.004,0.102,0.006,0.066,False,True,True,True,False,True,False
bright_pore_crosscorr_xy_contrast_256px__-1,60,0.156,0.002,0.002,0.102,0.22,0.002,False,True,True,True,False,False,True
bright_pore_crosscorr_xy_contrast_256px__+1,60,0.156,0.01,0.014,0.102,0.22,0.01,False,True,True,True,False,False,True
candidate_spread_x2,60,0.156,0.006,0.006,0.01,0.062,0.008,False,True,True,True,True,False,True
primary5_shift_plus2,60,0.004,0.056,0.002,0.002,0.006,0.004,True,True,True,True,True,True,True
bright_aspect_aw__-1,61,0.82,0.004,0.108,0.076,0.796,0.904,False,False,True,True,False,False,False
bright_aspect_aw__+1,61,0.82,0.002,0.014,0.012,0.796,0.904,False,True,True,True,True,False,False
bright_alignment_strength__-1,61,0.82,0.004,0.056,0.74,0.06,0.904,False,False,True,True,False,False,False
bright_alignment_strength__+1,61,0.82,0.002,0.01,0.74,0.01,0.904,False,True,True,True,False,True,False
bright_pore_crosscorr_xy_contrast_256px__-1,61,0.82,0.006,0.106,0.74,0.796,0.084,False,False,True,True,False,False,False
bright_pore_crosscorr_xy_contrast_256px__+1,61,0.82,0.006,0.054,0.74,0.796,0.038,False,False,True,True,False,False,True
candidate_spread_x2,61,0.82,0.024,0.174,0.296,0.29,0.836,False,False,True,True,False,False,False
primary5_shift_plus2,61,0.002,0.566,0.002,0.002,0.002,0.002,True,True,True,True,True,True,True
bright_aspect_aw__-1,62,0.286,0.044,0.144,0.106,0.298,0.368,False,False,False,True,False,False,False
bright_aspect_aw__+1,62,0.286,0.022,0.118,0.082,0.298,0.368,False,False,True,True,False,False,False
bright_alignment_strength__-1,62,0.286,0.02,0.086,0.338,0.046,0.368,False,False,True,True,False,True,False
bright_alignment_strength__+1,62,0.286,0.002,0.016,0.338,0.014,0.368,False,True,True,True,False,True,False
bright_pore_crosscorr_xy_contrast_256px__-1,62,0.286,0.002,0.022,0.338,0.298,0.018,False,True,True,True,False,False,True
bright_pore_crosscorr_xy_contrast_256px__+1,62,0.286,0.004,0.034,0.338,0.298,0.024,False,True,True,True,False,False,True
candidate_spread_x2,62,0.286,0.07,0.206,0.348,0.142,0.342,False,False,False,False,False,False,False
primary5_shift_plus2,62,0.002,0.634,0.002,0.002,0.002,0.002,True,True,True,True,True,True,True
bright_aspect_aw__-1,63,0.852,0.002,0.016,0.006,0.866,0.646,False,True,True,True,True,False,False
bright_aspect_aw__+1,63,0.852,0.002,0.012,0.002,0.866,0.646,False,True,True,True,True,False,False
bright_alignment_strength__-1,63,0.852,0.004,0.022,0.95,0.012,0.646,False,True,True,True,False,True,False
bright_alignment_strength__+1,63,0.852,0.002,0.002,0.95,0.002,0.646,False,True,True,True,False,True,False
bright_pore_crosscorr_xy_contrast_256px__-1,63,0.852,0.002,0.002,0.95,0.866,0.002,False,True,True,True,False,False,True
bright_pore_crosscorr_xy_contrast_256px__+1,63,0.852,0.002,0.002,0.95,0.866,0.002,False,True,True,True,False,False,True
candidate_spread_x2,63,0.852,0.008,0.098,0.928,0.746,0.08,False,False,True,True,False,False,False
primary5_shift_plus2,63,0.002,0.438,0.002,0.002,0.002,0.002,True,True,True,True,True,True,True
bright_aspect_aw__-1,64,0.97,0.012,0.106,0.18,0.728,0.948,False,False,True,True,False,False,False
bright_aspect_aw__+1,64,0.97,0.002,0.002,0.002,0.728,0.948,False,True,True,True,True,False,False
bright_alignment_strength__-1,64,0.97,0.008,0.102,0.252,0.51,0.948,False,False,True,True,False,False,False
bright_alignment_strength__+1,64,0.97,0.002,0.004,0.252,0.006,0.948,False,True,True,True,False,True,False
bright_pore_crosscorr_xy_contrast_256px__-1,64,0.97,0.002,0.032,0.252,0.728,0.126,False,True,True,True,False,False,False
bright_pore_crosscorr_xy_contrast_256px__+1,64,0.97,0.002,0.004,0.252,0.728,0.012,False,True,True,True,False,False,True
candidate_spread_x2,64,0.97,0.004,0.012,0.01,0.228,0.76,False,True,True,True,True,False,False
primary5_shift_plus2,64,0.002,0.04,0.002,0.002,0.002,0.002,True,True,True,True,True,True,True
bright_aspect_aw__-1,65,0.612,0.004,0.018,0.006,0.702,0.28,False,True,True,True,True,False,False
bright_aspect_aw__+1,65,0.612,0.022,0.056,0.052,0.702,0.28,False,False,True,True,False,False,False
bright_alignment_strength__-1,65,0.612,0.062,0.112,0.648,0.122,0.28,False,False,False,False,False,False,False
bright_alignment_strength__+1,65,0.612,0.018,0.06,0.648,0.066,0.28,False,False,True,True,False,False,False
bright_pore_crosscorr_xy_contrast_256px__-1,65,0.612,0.004,0.01,0.648,0.702,0.002,False,True,True,True,False,False,True
bright_pore_crosscorr_xy_contrast_256px__+1,65,0.612,0.262,0.518,0.648,0.702,0.394,False,False,False,False,False,False,False
candidate_spread_x2,65,0.612,0.046,0.08,0.412,0.696,0.034,False,False,False,True,False,False,True
primary5_shift_plus2,65,0.002,0.21,0.002,0.002,0.002,0.002,True,True,True,True,True,True,True
bright_aspect_aw__-1,66,0.294,0.014,0.068,0.058,0.29,0.372,False,False,True,True,False,False,False
bright_aspect_aw__+1,66,0.294,0.01,0.034,0.026,0.29,0.372,False,True,True,True,True,False,False
bright_alignment_strength__-1,66,0.294,0.002,0.008,0.37,0.008,0.372,False,True,True,True,False,True,False
bright_alignment_strength__+1,66,0.294,0.004,0.008,0.37,0.01,0.372,False,True,True,True,False,True,False
bright_pore_crosscorr_xy_contrast_256px__-1,66,0.294,0.038,0.092,0.37,0.29,0.082,False,False,False,True,False,False,False
bright_pore_crosscorr_xy_contrast_256px__+1,66,0.294,0.008,0.054,0.37,0.29,0.038,False,False,True,True,False,False,True
candidate_spread_x2,66,0.294,0.02,0.062,0.178,0.074,0.29,False,False,True,True,False,False,False
primary5_shift_plus2,66,0.002,0.636,0.002,0.002,0.002,0.002,True,True,True,True,True,True,True
bright_aspect_aw__-1,67,0.254,0.022,0.038,0.018,0.226,0.464,False,True,True,True,True,False,False
bright_aspect_aw__+1,67,0.254,0.03,0.076,0.054,0.226,0.464,False,False,False,True,False,False,False
bright_alignment_strength__-1,67,0.254,0.014,0.028,0.324,0.01,0.464,False,True,True,True,False,True,False
bright_alignment_strength__+1,67,0.254,0.256,0.298,0.324,0.168,0.464,False,False,False,False,False,False,False
bright_pore_crosscorr_xy_contrast_256px__-1,67,0.254,0.022,0.032,0.324,0.226,0.016,False,True,True,True,False,False,True
bright_pore_crosscorr_xy_contrast_256px__+1,67,0.254,0.022,0.052,0.324,0.226,0.038,False,False,True,True,False,False,True
candidate_spread_x2,67,0.254,0.088,0.106,0.168,0.066,0.382,False,False,False,False,False,False,False
primary5_shift_plus2,67,0.002,0.718,0.002,0.002,0.002,0.002,True,True,True,True,True,True,True
bright_aspect_aw__-1,68,0.004,0.004,0.002,0.002,0.004,0.004,True,True,True,True,True,True,True
bright_aspect_aw__+1,68,0.004,0.05,0.004,0.004,0.004,0.004,True,True,True,True,True,True,True
bright_alignment_strength__-1,68,0.004,0.004,0.002,0.004,0.004,0.004,True,True,True,True,True,True,True
bright_alignment_strength__+1,68,0.004,0.064,0.004,0.004,0.004,0.004,True,True,True,True,True,True,True
bright_pore_crosscorr_xy_contrast_256px__-1,68,0.004,0.004,0.002,0.004,0.004,0.002,True,True,True,True,True,True,True
bright_pore_crosscorr_xy_contrast_256px__+1,68,0.004,0.004,0.004,0.004,0.004,0.004,True,True,True,True,True,True,True
candidate_spread_x2,68,0.004,0.018,0.008,0.004,0.01,0.004,True,True,True,True,True,True,True
primary5_shift_plus2,68,0.002,0.092,0.002,0.002,0.002,0.002,True,True,True,True,True,True,True
bright_aspect_aw__-1,69,0.522,0.002,0.054,0.042,0.632,0.492,False,False,True,True,True,False,False
bright_aspect_aw__+1,69,0.522,0.156,0.388,0.378,0.632,0.492,False,False,False,False,False,False,False
bright_alignment_strength__-1,69,0.522,0.002,0.062,0.492,0.054,0.492,False,False,True,True,False,False,False
bright_alignment_strength__+1,69,0.522,0.002,0.038,0.492,0.04,0.492,False,True,True,True,False,True,False
bright_pore_crosscorr_xy_contrast_256px__-1,69,0.522,0.002,0.002,0.492,0.632,0.002,False,True,True,True,False,False,True
bright_pore_crosscorr_xy_contrast_256px__+1,69,0.522,0.002,0.024,0.492,0.632,0.028,False,True,True,True,False,False,True
candidate_spread_x2,69,0.522,0.004,0.078,0.148,0.62,0.208,False,False,True,True,False,False,False
primary5_shift_plus2,69,0.002,0.244,0.002,0.002,0.002,0.002,True,True,True,True,True,True,True
bright_aspect_aw__-1,70,0.2,0.008,0.022,0.008,0.246,0.292,False,True,True,True,True,False,False
bright_aspect_aw__+1,70,0.2,0.002,0.002,0.002,0.246,0.292,False,True,True,True,True,False,False
bright_alignment_strength__-1,70,0.2,0.008,0.014,0.15,0.004,0.292,False,True,True,True,False,True,False
bright_alignment_strength__+1,70,0.2,0.016,0.028,0.15,0.008,0.292,False,True,True,True,False,True,False
bright_pore_crosscorr_xy_contrast_256px__-1,70,0.2,0.004,0.008,0.15,0.246,0.002,False,True,True,True,False,False,True
bright_pore_crosscorr_xy_contrast_256px__+1,70,0.2,0.07,0.058,0.15,0.246,0.028,False,False,False,False,False,False,True
candidate_spread_x2,70,0.2,0.056,0.046,0.07,0.086,0.164,False,True,False,False,False,False,False
primary5_shift_plus2,70,0.018,0.558,0.034,0.026,0.018,0.02,True,True,True,True,True,True,True
bright_aspect_aw__-1,71,0.222,0.002,0.008,0.004,0.238,0.248,False,True,True,True,True,False,False
bright_aspect_aw__+1,71,0.222,0.006,0.05,0.024,0.238,0.248,False,True,True,True,True,False,False
bright_alignment_strength__-1,71,0.222,0.006,0.004,0.268,0.004,0.248,False,True,True,True,False,True,False
bright_alignment_strength__+1,71,0.222,0.006,0.02,0.268,0.016,0.248,False,True,True,True,False,True,False
bright_pore_crosscorr_xy_contrast_256px__-1,71,0.222,0.016,0.052,0.268,0.238,0.024,False,False,True,True,False,False,True
bright_pore_crosscorr_xy_contrast_256px__+1,71,0.222,0.03,0.094,0.268,0.238,0.052,False,False,False,True,False,False,False
candidate_spread_x2,71,0.222,0.088,0.124,0.238,0.114,0.182,False,False,False,False,False,False,False
primary5_shift_plus2,71,0.002,0.274,0.002,0.002,0.002,0.002,True,True,True,True,True,True,True
bright_aspect_aw__-1,72,0.694,0.008,0.03,0.014,0.852,0.81,False,True,True,True,True,False,False
bright_aspect_aw__+1,72,0.694,0.058,0.188,0.154,0.852,0.81,False,False,False,False,False,False,False
bright_alignment_strength__-1,72,0.694,0.022,0.086,0.756,0.042,0.81,False,False,True,True,False,True,False
bright_alignment_strength__+1,72,0.694,0.034,0.132,0.756,0.078,0.81,False,False,False,True,False,False,False
bright_pore_crosscorr_xy_contrast_256px__-1,72,0.694,0.002,0.002,0.756,0.852,0.002,False,True,True,True,False,False,True
bright_pore_crosscorr_xy_contrast_256px__+1,72,0.694,0.002,0.002,0.756,0.852,0.004,False,True,True,True,False,False,True
candidate_spread_x2,72,0.694,0.004,0.028,0.198,0.462,0.17,False,True,True,True,False,False,False
primary5_shift_plus2,72,0.002,0.264,0.002,0.002,0.002,0.002,True,True,True,True,True,True,True
bright_aspect_aw__-1,73,0.924,0.004,0.024,0.042,0.28,0.922,False,True,True,True,True,False,False
bright_aspect_aw__+1,73,0.924,0.002,0.062,0.118,0.28,0.922,False,False,True,True,False,False,False
bright_alignment_strength__-1,73,0.924,0.002,0.002,0.928,0.002,0.922,False,True,True,True,False,True,False
bright_alignment_strength__+1,73,0.924,0.018,0.072,0.928,0.06,0.922,False,False,True,True,False,False,False
bright_pore_crosscorr_xy_contrast_256px__-1,73,0.924,0.008,0.056,0.928,0.28,0.054,False,False,True,True,False,False,False
bright_pore_crosscorr_xy_contrast_256px__+1,73,0.924,0.032,0.2,0.928,0.28,0.474,False,False,False,True,False,False,False
candidate_spread_x2,73,0.924,0.008,0.042,0.954,0.02,0.816,False,True,True,True,False,True,False
primary5_shift_plus2,73,0.002,0.092,0.002,0.002,0.002,0.002,True,True,True,True,True,True,True
bright_aspect_aw__-1,74,0.804,0.002,0.006,0.002,0.684,0.794,False,True,True,True,True,False,False
bright_aspect_aw__+1,74,0.804,0.008,0.036,0.03,0.684,0.794,False,True,True,True,True,False,False
bright_alignment_strength__-1,74,0.804,0.002,0.004,0.784,0.002,0.794,False,True,True,True,False,True,False
bright_alignment_strength__+1,74,0.804,0.012,0.106,0.784,0.08,0.794,False,False,True,True,False,False,False
bright_pore_crosscorr_xy_contrast_256px__-1,74,0.804,0.004,0.064,0.784,0.684,0.042,False,False,True,True,False,False,True
bright_pore_crosscorr_xy_contrast_256px__+1,74,0.804,0.058,0.286,0.784,0.684,0.332,False,False,False,False,False,False,False
candidate_spread_x2,74,0.804,0.016,0.104,0.376,0.202,0.724,False,False,True,True,False,False,False
primary5_shift_plus2,74,0.002,0.326,0.002,0.002,0.002,0.002,True,True,True,True,True,True,True
bright_aspect_aw__-1,75,0.294,0.002,0.004,0.002,0.054,0.226,False,True,True,True,True,False,False
bright_aspect_aw__+1,75,0.294,0.012,0.028,0.11,0.054,0.226,False,True,True,True,False,False,False
bright_alignment_strength__-1,75,0.294,0.002,0.002,0.172,0.002,0.226,False,True,True,True,False,True,False
bright_alignment_strength__+1,75,0.294,0.002,0.002,0.172,0.002,0.226,False,True,True,True,False,True,False
bright_pore_crosscorr_xy_contrast_256px__-1,75,0.294,0.002,0.004,0.172,0.054,0.004,False,True,True,True,False,False,True
bright_pore_crosscorr_xy_contrast_256px__+1,75,0.294,0.008,0.032,0.172,0.054,0.108,False,True,True,True,False,False,False
candidate_spread_x2,75,0.294,0.006,0.006,0.084,0.01,0.156,False,True,True,True,False,True,False
primary5_shift_plus2,75,0.002,0.026,0.002,0.002,0.002,0.002,True,True,True,True,True,True,True
bright_aspect_aw__-1,76,0.436,0.054,0.084,0.026,0.394,0.508,False,False,False,False,True,False,False
bright_aspect_aw__+1,76,0.436,0.004,0.03,0.008,0.394,0.508,False,True,True,True,True,False,False
bright_alignment_strength__-1,76,0.436,0.002,0.002,0.508,0.002,0.508,False,True,True,True,False,True,False
bright_alignment_strength__+1,76,0.436,0.004,0.004,0.508,0.004,0.508,False,True,True,True,False,True,False
bright_pore_crosscorr_xy_contrast_256px__-1,76,0.436,0.016,0.03,0.508,0.394,0.006,False,True,True,True,False,False,True
bright_pore_crosscorr_xy_contrast_256px__+1,76,0.436,0.018,0.042,0.508,0.394,0.018,False,True,True,True,False,False,True
candidate_spread_x2,76,0.436,0.084,0.17,0.458,0.19,0.33,False,False,False,False,False,False,False
primary5_shift_plus2,76,0.002,0.476,0.002,0.002,0.002,0.002,True,True,True,True,True,True,True
bright_aspect_aw__-1,77,0.74,0.002,0.012,0.008,0.748,0.796,False,True,True,True,True,False,False
bright_aspect_aw__+1,77,0.74,0.002,0.01,0.006,0.748,0.796,False,True,True,True,True,False,False
bright_alignment_strength__-1,77,0.74,0.026,0.172,0.784,0.122,0.796,False,False,False,True,False,False,False
bright_alignment_strength__+1,77,0.74,0.004,0.018,0.784,0.01,0.796,False,True,True,True,False,True,False
bright_pore_crosscorr_xy_contrast_256px__-1,77,0.74,0.018,0.142,0.784,0.748,0.116,False,False,True,True,False,False,False
bright_pore_crosscorr_xy_contrast_256px__+1,77,0.74,0.024,0.176,0.784,0.748,0.112,False,False,True,True,False,False,False
candidate_spread_x2,77,0.74,0.226,0.602,0.58,0.66,0.78,False,False,False,False,False,False,False
primary5_shift_plus2,77,0.002,0.872,0.002,0.002,0.002,0.002,True,True,True,True,True,True,True
bright_aspect_aw__-1,78,0.01,0.002,0.002,0.002,0.01,0.012,True,True,True,True,True,True,True
bright_aspect_aw__+1,78,0.01,0.03,0.012,0.012,0.01,0.012,True,True,True,True,True,True,True
bright_alignment_strength__-1,78,0.01,0.002,0.002,0.004,0.002,0.012,True,True,True,True,True,True,True
bright_alignment_strength__+1,78,0.01,0.002,0.002,0.004,0.006,0.012,True,True,True,True,True,True,True
bright_pore_crosscorr_xy_contrast_256px__-1,78,0.01,0.002,0.002,0.004,0.01,0.002,True,True,True,True,True,True,True
bright_pore_crosscorr_xy_contrast_256px__+1,78,0.01,0.002,0.002,0.004,0.01,0.002,True,True,True,True,True,True,True
candidate_spread_x2,78,0.01,0.204,0.004,0.002,0.008,0.016,True,True,True,True,True,True,True
primary5_shift_plus2,78,0.002,0.58,0.002,0.002,0.002,0.002,True,True,True,True,True,True,True
bright_aspect_aw__-1,79,0.626,0.014,0.064,0.116,0.61,0.304,False,False,True,True,False,False,False
bright_aspect_aw__+1,79,0.626,0.004,0.074,0.096,0.61,0.304,False,False,True,True,False,False,False
bright_alignment_strength__-1,79,0.626,0.066,0.268,0.66,0.41,0.304,False,False,False,False,False,False,False
bright_alignment_strength__+1,79,0.626,0.004,0.062,0.66,0.058,0.304,False,False,True,True,False,False,False
bright_pore_crosscorr_xy_contrast_256px__-1,79,0.626,0.002,0.006,0.66,0.61,0.004,False,True,True,True,False,False,True
bright_pore_crosscorr_xy_contrast_256px__+1,79,0.626,0.002,0.002,0.66,0.61,0.002,False,True,True,True,False,False,True
candidate_spread_x2,79,0.626,0.004,0.028,0.416,0.46,0.032,False,True,True,True,False,False,True
primary5_shift_plus2,79,0.004,0.092,0.004,0.004,0.004,0.004,True,True,True,True,True,True,True
bright_aspect_aw__-1,80,0.79,0.012,0.048,0.036,0.828,0.646,False,True,True,True,True,False,False
bright_aspect_aw__+1,80,0.79,0.05,0.278,0.3,0.828,0.646,False,False,False,True,False,False,False
bright_alignment_strength__-1,80,0.79,0.006,0.018,0.788,0.01,0.646,False,True,True,True,False,True,False
bright_alignment_strength__+1,80,0.79,0.004,0.034,0.788,0.028,0.646,False,True,True,True,False,True,False
bright_pore_crosscorr_xy_contrast_256px__-1,80,0.79,0.006,0.032,0.788,0.828,0.016,False,True,True,True,False,False,True
bright_pore_crosscorr_xy_contrast_256px__+1,80,0.79,0.056,0.282,0.788,0.828,0.242,False,False,False,False,False,False,False
candidate_spread_x2,80,0.79,0.068,0.246,0.616,0.568,0.352,False,False,False,False,False,False,False
primary5_shift_plus2,80,0.006,0.648,0.006,0.006,0.006,0.006,True,True,True,True,True,True,True
bright_aspect_aw__-1,81,0.89,0.01,0.048,0.024,0.96,0.952,False,True,True,True,True,False,False
bright_aspect_aw__+1,81,0.89,0.014,0.06,0.03,0.96,0.952,False,False,True,True,True,False,False
bright_alignment_strength__-1,81,0.89,0.062,0.298,0.946,0.172,0.952,False,False,False,False,False,False,False
bright_alignment_strength__+1,81,0.89,0.03,0.142,0.946,0.08,0.952,False,False,False,True,False,False,False
bright_pore_crosscorr_xy_contrast_256px__-1,81,0.89,0.036,0.152,0.946,0.96,0.09,False,False,False,True,False,False,False
bright_pore_crosscorr_xy_contrast_256px__+1,81,0.89,0.02,0.092,0.946,0.96,0.042,False,False,True,True,False,False,True
candidate_spread_x2,81,0.89,0.252,0.672,0.712,0.85,0.808,False,False,False,False,False,False,False
primary5_shift_plus2,81,0.002,1.0,0.002,0.002,0.002,0.002,True,True,True,True,True,True,True
bright_aspect_aw__-1,82,0.436,0.004,0.034,0.028,0.488,0.448,False,True,True,True,True,False,False
bright_aspect_aw__+1,82,0.436,0.002,0.01,0.006,0.488,0.448,False,True,True,True,True,False,False
bright_alignment_strength__-1,82,0.436,0.004,0.052,0.496,0.04,0.448,False,False,True,True,False,True,False
bright_alignment_strength__+1,82,0.436,0.002,0.022,0.496,0.01,0.448,False,True,True,True,False,True,False
bright_pore_crosscorr_xy_contrast_256px__-1,82,0.436,0.002,0.004,0.496,0.488,0.002,False,True,True,True,False,False,True
bright_pore_crosscorr_xy_contrast_256px__+1,82,0.436,0.008,0.014,0.496,0.488,0.01,False,True,True,True,False,False,True
candidate_spread_x2,82,0.436,0.03,0.108,0.286,0.254,0.152,False,False,False,True,False,False,False
primary5_shift_plus2,82,0.002,0.466,0.002,0.002,0.002,0.002,True,True,True,True,True,True,True
bright_aspect_aw__-1,83,0.776,0.026,0.244,0.242,0.656,0.742,False,False,False,True,False,False,False
bright_aspect_aw__+1,83,0.776,0.002,0.002,0.002,0.656,0.742,False,True,True,True,True,False,False
bright_alignment_strength__-1,83,0.776,0.004,0.012,0.572,0.008,0.742,False,True,True,True,False,True,False
bright_alignment_strength__+1,83,0.776,0.004,0.004,0.572,0.004,0.742,False,True,True,True,False,True,False
bright_pore_crosscorr_xy_contrast_256px__-1,83,0.776,0.012,0.166,0.572,0.656,0.196,False,False,True,True,False,False,False
bright_pore_crosscorr_xy_contrast_256px__+1,83,0.776,0.002,0.012,0.572,0.656,0.01,False,True,True,True,False,False,True
candidate_spread_x2,83,0.776,0.034,0.18,0.572,0.208,0.548,False,False,False,True,False,False,False
primary5_shift_plus2,83,0.002,0.2,0.002,0.002,0.002,0.002,True,True,True,True,True,True,True
bright_aspect_aw__-1,84,0.598,0.03,0.12,0.088,0.638,0.672,False,False,False,True,False,False,False
bright_aspect_aw__+1,84,0.598,0.006,0.092,0.08,0.638,0.672,False,False,True,True,False,False,False
bright_alignment_strength__-1,84,0.598,0.012,0.094,0.592,0.054,0.672,False,False,True,True,False,False,False
bright_alignment_strength__+1,84,0.598,0.022,0.144,0.592,0.126,0.672,False,False,True,True,False,False,False
bright_pore_crosscorr_xy_contrast_256px__-1,84,0.598,0.088,0.252,0.592,0.638,0.172,False,False,False,False,False,False,False
bright_pore_crosscorr_xy_contrast_256px__+1,84,0.598,0.084,0.29,0.592,0.638,0.268,False,False,False,False,False,False,False
candidate_spread_x2,84,0.598,0.06,0.31,0.392,0.614,0.518,False,False,False,False,False,False,False
primary5_shift_plus2,84,0.002,0.832,0.002,0.002,0.002,0.002,True,True,True,True,True,True,True
bright_aspect_aw__-1,85,0.56,0.012,0.016,0.016,0.56,0.02,False,True,True,True,True,False,True
bright_aspect_aw__+1,85,0.56,0.014,0.018,0.054,0.56,0.02,False,True,True,True,False,False,True
bright_alignment_strength__-1,85,0.56,0.008,0.008,0.71,0.002,0.02,False,True,True,True,False,True,True
bright_alignment_strength__+1,85,0.56,0.01,0.012,0.71,0.048,0.02,False,True,True,True,False,True,True
bright_pore_crosscorr_xy_contrast_256px__-1,85,0.56,0.002,0.002,0.71,0.56,0.002,False,True,True,True,False,False,True
bright_pore_crosscorr_xy_contrast_256px__+1,85,0.56,0.004,0.002,0.71,0.56,0.002,False,True,True,True,False,False,True
candidate_spread_x2,85,0.56,0.008,0.01,0.774,0.372,0.01,False,True,True,True,False,False,True
primary5_shift_plus2,85,0.002,0.02,0.002,0.002,0.002,0.002,True,True,True,True,True,True,True
bright_aspect_aw__-1,86,0.672,0.024,0.118,0.072,0.752,0.68,False,False,True,True,False,False,False
bright_aspect_aw__+1,86,0.672,0.014,0.102,0.074,0.752,0.68,False,False,True,True,False,False,False
bright_alignment_strength__-1,86,0.672,0.012,0.058,0.77,0.03,0.68,False,False,True,True,False,True,False
bright_alignment_strength__+1,86,0.672,0.01,0.064,0.77,0.046,0.68,False,False,True,True,False,True,False
bright_pore_crosscorr_xy_contrast_256px__-1,86,0.672,0.006,0.052,0.77,0.752,0.026,False,False,True,True,False,False,True
bright_pore_crosscorr_xy_contrast_256px__+1,86,0.672,0.082,0.316,0.77,0.752,0.224,False,False,False,False,False,False,False
candidate_spread_x2,86,0.672,0.324,0.53,0.672,0.596,0.512,False,False,False,False,False,False,False
primary5_shift_plus2,86,0.002,0.954,0.002,0.002,0.002,0.002,True,True,True,True,True,True,True
bright_aspect_aw__-1,87,0.238,0.002,0.002,0.006,0.026,0.256,False,True,True,True,True,True,False
bright_aspect_aw__+1,87,0.238,0.004,0.014,0.044,0.026,0.256,False,True,True,True,True,True,False
bright_alignment_strength__-1,87,0.238,0.002,0.002,0.25,0.002,0.256,False,True,True,True,False,True,False
bright_alignment_strength__+1,87,0.238,0.004,0.006,0.25,0.008,0.256,False,True,True,True,False,True,False
bright_pore_crosscorr_xy_contrast_256px__-1,87,0.238,0.002,0.002,0.25,0.026,0.002,False,True,True,True,False,True,True
bright_pore_crosscorr_xy_contrast_256px__+1,87,0.238,0.004,0.004,0.25,0.026,0.018,False,True,True,True,False,True,True
candidate_spread_x2,87,0.238,0.004,0.002,0.172,0.004,0.144,False,True,True,True,False,True,False
primary5_shift_plus2,87,0.002,0.026,0.002,0.002,0.002,0.002,True,True,True,True,True,True,True
bright_aspect_aw__-1,88,0.466,0.052,0.158,0.118,0.5,0.448,False,False,False,False,False,False,False
bright_aspect_aw__+1,88,0.466,0.036,0.12,0.082,0.5,0.448,False,False,False,True,False,False,False
bright_alignment_strength__-1,88,0.466,0.078,0.216,0.552,0.188,0.448,False,False,False,False,False,False,False
bright_alignment_strength__+1,88,0.466,0.032,0.106,0.552,0.074,0.448,False,False,False,True,False,False,False
bright_pore_crosscorr_xy_contrast_256px__-1,88,0.466,0.05,0.15,0.552,0.5,0.092,False,False,False,True,False,False,False
bright_pore_crosscorr_xy_contrast_256px__+1,88,0.466,0.002,0.018,0.552,0.5,0.01,False,True,True,True,False,False,True
candidate_spread_x2,88,0.466,0.064,0.188,0.418,0.328,0.222,False,False,False,False,False,False,False
primary5_shift_plus2,88,0.002,0.642,0.002,0.002,0.002,0.002,True,True,True,True,True,True,True
bright_aspect_aw__-1,89,0.68,0.056,0.268,0.412,0.464,0.726,False,False,False,False,False,False,False
bright_aspect_aw__+1,89,0.68,0.002,0.002,0.002,0.464,0.726,False,True,True,True,True,False,False
bright_alignment_strength__-1,89,0.68,0.004,0.024,0.034,0.428,0.726,False,True,True,True,True,False,False
bright_alignment_strength__+1,89,0.68,0.002,0.002,0.034,0.004,0.726,False,True,True,True,True,True,False
bright_pore_crosscorr_xy_contrast_256px__-1,89,0.68,0.002,0.008,0.034,0.464,0.304,False,True,True,True,True,False,False
bright_pore_crosscorr_xy_contrast_256px__+1,89,0.68,0.002,0.004,0.034,0.464,0.02,False,True,True,True,True,False,True
candidate_spread_x2,89,0.68,0.002,0.002,0.002,0.072,0.53,False,True,True,True,True,False,False
primary5_shift_plus2,89,0.002,0.004,0.002,0.002,0.002,0.002,True,True,True,True,True,True,True
bright_aspect_aw__-1,90,0.946,0.006,0.06,0.046,0.586,0.934,False,False,True,True,True,False,False
bright_aspect_aw__+1,90,0.946,0.052,0.32,0.418,0.586,0.934,False,False,False,False,False,False,False
bright_alignment_strength__-1,90,0.946,0.004,0.038,0.798,0.022,0.934,False,True,True,True,False,True,False
bright_alignment_strength__+1,90,0.946,0.304,0.652,0.798,0.738,0.934,False,False,False,False,False,False,False
bright_pore_crosscorr_xy_contrast_256px__-1,90,0.946,0.002,0.024,0.798,0.586,0.02,False,True,True,True,False,False,True
bright_pore_crosscorr_xy_contrast_256px__+1,90,0.946,0.022,0.168,0.798,0.586,0.212,False,False,True,True,False,False,False
candidate_spread_x2,90,0.946,0.234,0.554,0.824,0.484,0.934,False,False,False,False,False,False,False
primary5_shift_plus2,90,0.012,0.272,0.014,0.01,0.01,0.014,True,True,True,True,True,True,True
bright_aspect_aw__-1,91,0.142,0.006,0.008,0.006,0.182,0.168,False,True,True,True,True,False,False
bright_aspect_aw__+1,91,0.142,0.002,0.004,0.002,0.182,0.168,False,True,True,True,True,False,False
bright_alignment_strength__-1,91,0.142,0.074,0.138,0.212,0.08,0.168,False,False,False,False,False,False,False
bright_alignment_strength__+1,91,0.142,0.006,0.034,0.212,0.016,0.168,False,True,True,True,False,True,False
bright_pore_crosscorr_xy_contrast_256px__-1,91,0.142,0.102,0.13,0.212,0.182,0.07,False,False,False,False,False,False,False
bright_pore_crosscorr_xy_contrast_256px__+1,91,0.142,0.024,0.058,0.212,0.182,0.036,False,False,True,True,False,False,True
candidate_spread_x2,91,0.142,0.092,0.104,0.114,0.124,0.128,False,False,False,False,False,False,False
primary5_shift_plus2,91,0.002,0.58,0.002,0.002,0.002,0.002,True,True,True,True,True,True,True
bright_aspect_aw__-1,92,0.036,0.002,0.002,0.002,0.048,0.082,True,True,True,True,True,True,False
bright_aspect_aw__+1,92,0.036,0.002,0.002,0.002,0.048,0.082,True,True,True,True,True,True,False
bright_alignment_strength__-1,92,0.036,0.014,0.01,0.054,0.004,0.082,True,True,True,True,False,True,False
bright_alignment_strength__+1,92,0.036,0.048,0.02,0.054,0.012,0.082,True,True,False,True,False,True,False
bright_pore_crosscorr_xy_contrast_256px__-1,92,0.036,0.002,0.002,0.054,0.048,0.002,True,True,True,True,False,True,True
bright_pore_crosscorr_xy_contrast_256px__+1,92,0.036,0.002,0.002,0.054,0.048,0.002,True,True,True,True,False,True,True
candidate_spread_x2,92,0.036,0.066,0.05,0.048,0.046,0.052,True,True,False,True,True,True,False
primary5_shift_plus2,92,0.004,0.822,0.004,0.004,0.004,0.004,True,True,True,True,True,True,True
bright_aspect_aw__-1,93,0.646,0.004,0.036,0.026,0.736,0.766,False,True,True,True,True,False,False
bright_aspect_aw__+1,93,0.646,0.01,0.078,0.046,0.736,0.766,False,False,True,True,True,False,False
bright_alignment_strength__-1,93,0.646,0.06,0.208,0.778,0.094,0.766,False,False,False,False,False,False,False
bright_alignment_strength__+1,93,0.646,0.006,0.064,0.778,0.042,0.766,False,False,True,True,False,True,False
bright_pore_crosscorr_xy_contrast_256px__-1,93,0.646,0.002,0.028,0.778,0.736,0.026,False,True,True,True,False,False,True
bright_pore_crosscorr_xy_contrast_256px__+1,93,0.646,0.002,0.01,0.778,0.736,0.008,False,True,True,True,False,False,True
candidate_spread_x2,93,0.646,0.124,0.33,0.578,0.568,0.524,False,False,False,False,False,False,False
primary5_shift_plus2,93,0.002,0.9,0.002,0.002,0.002,0.002,True,True,True,True,True,True,True
bright_aspect_aw__-1,94,0.568,0.086,0.256,0.168,0.646,0.648,False,False,False,False,False,False,False
bright_aspect_aw__+1,94,0.568,0.012,0.082,0.046,0.646,0.648,False,False,True,True,True,False,False
bright_alignment_strength__-1,94,0.568,0.088,0.262,0.678,0.166,0.648,False,False,False,False,False,False,False
bright_alignment_strength__+1,94,0.568,0.074,0.246,0.678,0.142,0.648,False,False,False,False,False,False,False
bright_pore_crosscorr_xy_contrast_256px__-1,94,0.568,0.024,0.108,0.678,0.646,0.072,False,False,True,True,False,False,False
bright_pore_crosscorr_xy_contrast_256px__+1,94,0.568,0.128,0.234,0.678,0.646,0.152,False,False,False,False,False,False,False
candidate_spread_x2,94,0.568,0.124,0.426,0.614,0.668,0.352,False,False,False,False,False,False,False
primary5_shift_plus2,94,0.002,0.734,0.002,0.002,0.002,0.002,True,True,True,True,True,True,True
bright_aspect_aw__-1,95,0.362,0.004,0.03,0.018,0.406,0.376,False,True,True,True,True,False,False
bright_aspect_aw__+1,95,0.362,0.046,0.144,0.112,0.406,0.376,False,False,False,True,False,False,False
bright_alignment_strength__-1,95,0.362,0.05,0.158,0.454,0.104,0.376,False,False,False,True,False,False,False
bright_alignment_strength__+1,95,0.362,0.004,0.024,0.454,0.022,0.376,False,True,True,True,False,True,False
bright_pore_crosscorr_xy_contrast_256px__-1,95,0.362,0.012,0.058,0.454,0.406,0.034,False,False,True,True,False,False,True
bright_pore_crosscorr_xy_contrast_256px__+1,95,0.362,0.148,0.338,0.454,0.406,0.262,False,False,False,False,False,False,False
candidate_spread_x2,95,0.362,0.156,0.25,0.442,0.188,0.328,False,False,False,False,False,False,False
primary5_shift_plus2,95,0.002,0.61,0.002,0.002,0.002,0.002,True,True,True,True,True,True,True
bright_aspect_aw__-1,96,0.678,0.002,0.012,0.01,0.52,0.874,False,True,True,True,True,False,False
bright_aspect_aw__+1,96,0.678,0.068,0.332,0.344,0.52,0.874,False,False,False,False,False,False,False
bright_alignment_strength__-1,96,0.678,0.002,0.01,0.61,0.008,0.874,False,True,True,True,False,True,False
bright_alignment_strength__+1,96,0.678,0.052,0.242,0.61,0.19,0.874,False,False,False,False,False,False,False
bright_pore_crosscorr_xy_contrast_256px__-1,96,0.678,0.004,0.068,0.61,0.52,0.062,False,False,True,True,False,False,False
bright_pore_crosscorr_xy_contrast_256px__+1,96,0.678,0.002,0.028,0.61,0.52,0.038,False,True,True,True,False,False,True
candidate_spread_x2,96,0.678,0.01,0.076,0.156,0.128,0.926,False,False,True,True,False,False,False
primary5_shift_plus2,96,0.002,0.152,0.002,0.002,0.002,0.002,True,True,True,True,True,True,True
bright_aspect_aw__-1,97,0.996,0.022,0.152,0.302,0.994,0.556,False,False,True,True,False,False,False
bright_aspect_aw__+1,97,0.996,0.002,0.02,0.016,0.994,0.556,False,True,True,True,True,False,False
bright_alignment_strength__-1,97,0.996,0.006,0.058,0.94,0.096,0.556,False,False,True,True,False,False,False
bright_alignment_strength__+1,97,0.996,0.01,0.06,0.94,0.054,0.556,False,False,True,True,False,False,False
bright_pore_crosscorr_xy_contrast_256px__-1,97,0.996,0.004,0.104,0.94,0.994,0.104,False,False,True,True,False,False,False
bright_pore_crosscorr_xy_contrast_256px__+1,97,0.996,0.002,0.002,0.94,0.994,0.002,False,True,True,True,False,False,True
candidate_spread_x2,97,0.996,0.018,0.236,0.676,0.994,0.346,False,False,True,True,False,False,False
primary5_shift_plus2,97,0.002,0.154,0.002,0.002,0.002,0.002,True,True,True,True,True,True,True
bright_aspect_aw__-1,98,0.632,0.072,0.19,0.186,0.412,0.738,False,False,False,False,False,False,False
bright_aspect_aw__+1,98,0.632,0.006,0.012,0.002,0.412,0.738,False,True,True,True,True,False,False
bright_alignment_strength__-1,98,0.632,0.002,0.002,0.518,0.002,0.738,False,True,True,True,False,True,False
bright_alignment_strength__+1,98,0.632,0.002,0.002,0.518,0.002,0.738,False,True,True,True,False,True,False
bright_pore_crosscorr_xy_contrast_256px__-1,98,0.632,0.014,0.056,0.518,0.412,0.044,False,False,True,True,False,False,True
bright_pore_crosscorr_xy_contrast_256px__+1,98,0.632,0.002,0.006,0.518,0.412,0.002,False,True,True,True,False,False,True
candidate_spread_x2,98,0.632,0.014,0.054,0.148,0.092,0.386,False,False,True,True,False,False,False
primary5_shift_plus2,98,0.004,0.29,0.002,0.004,0.002,0.004,True,True,True,True,True,True,True
bright_aspect_aw__-1,99,0.112,0.006,0.01,0.01,0.154,0.082,False,True,True,True,True,False,False
bright_aspect_aw__+1,99,0.112,0.002,0.002,0.002,0.154,0.082,False,True,True,True,True,False,False
bright_alignment_strength__-1,99,0.112,0.026,0.024,0.166,0.012,0.082,False,True,False,True,False,True,False
bright_alignment_strength__+1,99,0.112,0.016,0.024,0.166,0.018,0.082,False,True,True,True,False,True,False
bright_pore_crosscorr_xy_contrast_256px__-1,99,0.112,0.214,0.1,0.166,0.154,0.046,False,False,False,False,False,False,True
bright_pore_crosscorr_xy_contrast_256px__+1,99,0.112,0.006,0.006,0.166,0.154,0.002,False,True,True,True,False,False,True
candidate_spread_x2,99,0.112,0.04,0.052,0.11,0.168,0.034,False,False,False,True,False,False,True
primary5_shift_plus2,99,0.002,0.242,0.002,0.002,0.002,0.002,True,True,True,True,True,True,True
bright_aspect_aw__-1,100,0.5,0.012,0.062,0.054,0.584,0.454,False,False,True,True,False,False,False
bright_aspect_aw__+1,100,0.5,0.036,0.146,0.098,0.584,0.454,False,False,False,True,False,False,False
bright_alignment_strength__-1,100,0.5,0.03,0.098,0.558,0.072,0.454,False,False,False,True,False,False,False
bright_alignment_strength__+1,100,0.5,0.034,0.142,0.558,0.096,0.454,False,False,False,True,False,False,False
bright_pore_crosscorr_xy_contrast_256px__-1,100,0.5,0.18,0.352,0.558,0.584,0.252,False,False,False,False,False,False,False
bright_pore_crosscorr_xy_contrast_256px__+1,100,0.5,0.004,0.026,0.558,0.584,0.014,False,True,True,True,False,False,True
candidate_spread_x2,100,0.5,0.092,0.19,0.304,0.386,0.296,False,False,False,False,False,False,False
primary5_shift_plus2,100,0.002,0.458,0.002,0.002,0.002,0.002,True,True,True,True,True,True,True
bright_aspect_aw__-1,101,0.37,0.002,0.008,0.008,0.472,0.452,False,True,True,True,True,False,False
bright_aspect_aw__+1,101,0.37,0.05,0.204,0.148,0.472,0.452,False,False,False,True,False,False,False
bright_alignment_strength__-1,101,0.37,0.15,0.362,0.408,0.286,0.452,False,False,False,False,False,False,False
bright_alignment_strength__+1,101,0.37,0.022,0.172,0.408,0.124,0.452,False,False,True,True,False,False,False
bright_pore_crosscorr_xy_contrast_256px__-1,101,0.37,0.004,0.042,0.408,0.472,0.024,False,True,True,True,False,False,True
bright_pore_crosscorr_xy_contrast_256px__+1,101,0.37,0.052,0.228,0.408,0.472,0.166,False,False,False,False,False,False,False
candidate_spread_x2,101,0.37,0.026,0.158,0.148,0.458,0.346,False,False,False,True,False,False,False
primary5_shift_plus2,101,0.002,0.36,0.002,0.002,0.002,0.002,True,True,True,True,True,True,True
bright_aspect_aw__-1,102,0.18,0.002,0.002,0.002,0.224,0.242,False,True,True,True,True,False,False
bright_aspect_aw__+1,102,0.18,0.022,0.068,0.038,0.224,0.242,False,False,True,True,True,False,False
bright_alignment_strength__-1,102,0.18,0.016,0.044,0.172,0.028,0.242,False,True,True,True,False,True,False
bright_alignment_strength__+1,102,0.18,0.01,0.026,0.172,0.016,0.242,False,True,True,True,False,True,False
bright_pore_crosscorr_xy_contrast_256px__-1,102,0.18,0.022,0.07,0.172,0.224,0.058,False,False,True,True,False,False,False
bright_pore_crosscorr_xy_contrast_256px__+1,102,0.18,0.002,0.014,0.172,0.224,0.012,False,True,True,True,False,False,True
candidate_spread_x2,102,0.18,0.01,0.062,0.064,0.238,0.148,False,False,True,True,False,False,False
primary5_shift_plus2,102,0.002,0.502,0.002,0.002,0.002,0.002,True,True,True,True,True,True,True
bright_aspect_aw__-1,103,0.408,0.016,0.13,0.08,0.518,0.552,False,False,True,True,False,False,False
bright_aspect_aw__+1,103,0.408,0.108,0.288,0.212,0.518,0.552,False,False,False,False,False,False,False
bright_alignment_strength__-1,103,0.408,0.104,0.266,0.618,0.15,0.552,False,False,False,False,False,False,False
bright_alignment_strength__+1,103,0.408,0.012,0.116,0.618,0.072,0.552,False,False,True,True,False,False,False
bright_pore_crosscorr_xy_contrast_256px__-1,103,0.408,0.014,0.076,0.618,0.518,0.056,False,False,True,True,False,False,False
bright_pore_crosscorr_xy_contrast_256px__+1,103,0.408,0.066,0.204,0.618,0.518,0.124,False,False,False,False,False,False,False
candidate_spread_x2,103,0.408,0.608,0.692,0.59,0.464,0.6,False,False,False,False,False,False,False
primary5_shift_plus2,103,0.002,0.872,0.002,0.002,0.002,0.002,True,True,True,True,True,True,True
bright_aspect_aw__-1,104,0.26,0.038,0.074,0.052,0.16,0.336,False,False,False,True,False,False,False
bright_aspect_aw__+1,104,0.26,0.024,0.062,0.048,0.16,0.336,False,False,True,True,True,False,False
bright_alignment_strength__-1,104,0.26,0.002,0.002,0.312,0.002,0.336,False,True,True,True,False,True,False
bright_alignment_strength__+1,104,0.26,0.042,0.07,0.312,0.058,0.336,False,False,False,True,False,False,False
bright_pore_crosscorr_xy_contrast_256px__-1,104,0.26,0.076,0.142,0.312,0.16,0.164,False,False,False,False,False,False,False
bright_pore_crosscorr_xy_contrast_256px__+1,104,0.26,0.064,0.132,0.312,0.16,0.144,False,False,False,False,False,False,False
candidate_spread_x2,104,0.26,0.182,0.164,0.328,0.106,0.362,False,False,False,False,False,False,False
primary5_shift_plus2,104,0.002,0.25,0.002,0.002,0.002,0.002,True,True,True,True,True,True,True
bright_aspect_aw__-1,105,0.868,0.004,0.136,0.116,0.87,0.928,False,False,True,True,False,False,False
bright_aspect_aw__+1,105,0.868,0.04,0.522,0.398,0.87,0.928,False,False,False,True,False,False,False
bright_alignment_strength__-1,105,0.868,0.02,0.366,0.902,0.26,0.928,False,False,True,True,False,False,False
bright_alignment_strength__+1,105,0.868,0.002,0.076,0.902,0.066,0.928,False,False,True,True,False,False,False
bright_pore_crosscorr_xy_contrast_256px__-1,105,0.868,0.002,0.08,0.902,0.87,0.07,False,False,True,True,False,False,False
bright_pore_crosscorr_xy_contrast_256px__+1,105,0.868,0.002,0.068,0.902,0.87,0.062,False,False,True,True,False,False,False
candidate_spread_x2,105,0.868,0.156,0.846,0.902,0.76,0.934,False,False,False,False,False,False,False
primary5_shift_plus2,105,0.004,0.664,0.004,0.004,0.004,0.004,True,True,True,True,True,True,True
bright_aspect_aw__-1,106,0.522,0.002,0.002,0.002,0.5,0.628,False,True,True,True,True,False,False
bright_aspect_aw__+1,106,0.522,0.004,0.01,0.008,0.5,0.628,False,True,True,True,True,False,False
bright_alignment_strength__-1,106,0.522,0.12,0.264,0.502,0.162,0.628,False,False,False,False,False,False,False
bright_alignment_strength__+1,106,0.522,0.01,0.04,0.502,0.024,0.628,False,True,True,True,False,True,False
bright_pore_crosscorr_xy_contrast_256px__-1,106,0.522,0.01,0.078,0.502,0.5,0.042,False,False,True,True,False,False,True
bright_pore_crosscorr_xy_contrast_256px__+1,106,0.522,0.01,0.06,0.502,0.5,0.036,False,False,True,True,False,False,True
candidate_spread_x2,106,0.522,0.01,0.08,0.138,0.238,0.616,False,False,True,True,False,False,False
primary5_shift_plus2,106,0.01,0.476,0.016,0.012,0.012,0.012,True,True,True,True,True,True,True
bright_aspect_aw__-1,107,0.118,0.052,0.086,0.066,0.142,0.11,False,False,False,False,False,False,False
bright_aspect_aw__+1,107,0.118,0.042,0.058,0.042,0.142,0.11,False,False,False,True,True,False,False
bright_alignment_strength__-1,107,0.118,0.154,0.106,0.172,0.088,0.11,False,False,False,False,False,False,False
bright_alignment_strength__+1,107,0.118,0.012,0.046,0.172,0.028,0.11,False,True,True,True,False,True,False
bright_pore_crosscorr_xy_contrast_256px__-1,107,0.118,0.102,0.108,0.172,0.142,0.064,False,False,False,False,False,False,False
bright_pore_crosscorr_xy_contrast_256px__+1,107,0.118,0.004,0.018,0.172,0.142,0.004,False,True,True,True,False,False,True
candidate_spread_x2,107,0.118,0.076,0.078,0.156,0.112,0.054,False,False,False,False,False,False,False
primary5_shift_plus2,107,0.002,0.356,0.002,0.002,0.002,0.002,True,True,True,True,True,True,True
bright_aspect_aw__-1,108,0.92,0.046,0.14,0.042,0.952,0.908,False,False,False,True,True,False,False
bright_aspect_aw__+1,108,0.92,0.162,0.424,0.286,0.952,0.908,False,False,False,False,False,False,False
bright_alignment_strength__-1,108,0.92,0.008,0.232,0.958,0.182,0.908,False,False,True,True,False,False,False
bright_alignment_strength__+1,108,0.92,0.002,0.02,0.958,0.014,0.908,False,True,True,True,False,True,False
bright_pore_crosscorr_xy_contrast_256px__-1,108,0.92,0.062,0.2,0.958,0.952,0.058,False,False,False,False,False,False,False
bright_pore_crosscorr_xy_contrast_256px__+1,108,0.92,0.24,0.666,0.958,0.952,0.494,False,False,False,False,False,False,False
candidate_spread_x2,108,0.92,0.2,0.664,0.848,0.974,0.58,False,False,False,False,False,False,False
primary5_shift_plus2,108,0.002,0.562,0.012,0.002,0.008,0.002,True,True,True,True,True,True,True
bright_aspect_aw__-1,109,0.638,0.004,0.016,0.012,0.764,0.77,False,True,True,True,True,False,False
bright_aspect_aw__+1,109,0.638,0.004,0.008,0.008,0.764,0.77,False,True,True,True,True,False,False
bright_alignment_strength__-1,109,0.638,0.004,0.046,0.776,0.028,0.77,False,True,True,True,False,True,False
bright_alignment_strength__+1,109,0.638,0.004,0.04,0.776,0.02,0.77,False,True,True,True,False,True,False
bright_pore_crosscorr_xy_contrast_256px__-1,109,0.638,0.03,0.192,0.776,0.764,0.114,False,False,False,True,False,False,False
bright_pore_crosscorr_xy_contrast_256px__+1,109,0.638,0.006,0.066,0.776,0.764,0.042,False,False,True,True,False,False,True
candidate_spread_x2,109,0.638,0.226,0.568,0.558,0.56,0.654,False,False,False,False,False,False,False
primary5_shift_plus2,109,0.002,0.956,0.002,0.002,0.002,0.002,True,True,True,True,True,True,True
bright_aspect_aw__-1,110,0.788,0.16,0.558,0.47,0.796,0.83,False,False,False,False,False,False,False
bright_aspect_aw__+1,110,0.788,0.034,0.22,0.158,0.796,0.83,False,False,False,True,False,False,False
bright_alignment_strength__-1,110,0.788,0.12,0.432,0.87,0.318,0.83,False,False,False,False,False,False,False
bright_alignment_strength__+1,110,0.788,0.014,0.1,0.87,0.078,0.83,False,False,True,True,False,False,False
bright_pore_crosscorr_xy_contrast_256px__-1,110,0.788,0.002,0.014,0.87,0.796,0.008,False,True,True,True,False,False,True
bright_pore_crosscorr_xy_contrast_256px__+1,110,0.788,0.016,0.058,0.87,0.796,0.044,False,False,True,True,False,False,True
candidate_spread_x2,110,0.788,0.078,0.322,0.778,0.744,0.408,False,False,False,False,False,False,False
primary5_shift_plus2,110,0.002,0.544,0.002,0.002,0.002,0.002,True,True,True,True,True,True,True
bright_aspect_aw__-1,111,0.612,0.02,0.05,0.04,0.684,0.674,False,True,True,True,True,False,False
bright_aspect_aw__+1,111,0.612,0.102,0.378,0.326,0.684,0.674,False,False,False,False,False,False,False
bright_alignment_strength__-1,111,0.612,0.004,0.082,0.54,0.062,0.674,False,False,True,True,False,False,False
bright_alignment_strength__+1,111,0.612,0.004,0.074,0.54,0.052,0.674,False,False,True,True,False,False,False
bright_pore_crosscorr_xy_contrast_256px__-1,111,0.612,0.016,0.116,0.54,0.684,0.078,False,False,True,True,False,False,False
bright_pore_crosscorr_xy_contrast_256px__+1,111,0.612,0.142,0.392,0.54,0.684,0.388,False,False,False,False,False,False,False
candidate_spread_x2,111,0.612,0.064,0.184,0.218,0.592,0.434,False,False,False,False,False,False,False
primary5_shift_plus2,111,0.002,0.52,0.002,0.002,0.002,0.002,True,True,True,True,True,True,True
bright_aspect_aw__-1,112,0.318,0.278,0.314,0.196,0.452,0.348,False,False,False,False,False,False,False
bright_aspect_aw__+1,112,0.318,0.008,0.018,0.008,0.452,0.348,False,True,True,True,True,False,False
bright_alignment_strength__-1,112,0.318,0.002,0.002,0.162,0.002,0.348,False,True,True,True,False,True,False
bright_alignment_strength__+1,112,0.318,0.004,0.006,0.162,0.006,0.348,False,True,True,True,False,True,False
bright_pore_crosscorr_xy_contrast_256px__-1,112,0.318,0.042,0.128,0.162,0.452,0.1,False,False,False,True,False,False,False
bright_pore_crosscorr_xy_contrast_256px__+1,112,0.318,0.016,0.036,0.162,0.452,0.012,False,True,True,True,False,False,True
candidate_spread_x2,112,0.318,0.028,0.048,0.032,0.272,0.206,False,True,False,True,True,False,False
primary5_shift_plus2,112,0.002,0.174,0.004,0.004,0.004,0.004,True,True,True,True,True,True,True
bright_aspect_aw__-1,113,0.33,0.002,0.002,0.002,0.256,0.3,False,True,True,True,True,False,False
bright_aspect_aw__+1,113,0.33,0.008,0.006,0.008,0.256,0.3,False,True,True,True,True,False,False
bright_alignment_strength__-1,113,0.33,0.004,0.004,0.11,0.002,0.3,False,True,True,True,False,True,False
bright_alignment_strength__+1,113,0.33,0.022,0.046,0.11,0.07,0.3,False,True,True,True,False,False,False
bright_pore_crosscorr_xy_contrast_256px__-1,113,0.33,0.004,0.004,0.11,0.256,0.002,False,True,True,True,False,False,True
bright_pore_crosscorr_xy_contrast_256px__+1,113,0.33,0.018,0.044,0.11,0.256,0.052,False,True,True,True,False,False,False
candidate_spread_x2,113,0.33,0.014,0.01,0.008,0.076,0.078,False,True,True,True,True,False,False
primary5_shift_plus2,113,0.002,0.082,0.006,0.004,0.006,0.002,True,True,True,True,True,True,True
bright_aspect_aw__-1,114,0.266,0.062,0.068,0.016,0.278,0.2,False,False,False,False,True,False,False
bright_aspect_aw__+1,114,0.266,0.048,0.058,0.018,0.278,0.2,False,False,False,True,True,False,False
bright_alignment_strength__-1,114,0.266,0.104,0.136,0.294,0.072,0.2,False,False,False,False,False,False,False
bright_alignment_strength__+1,114,0.266,0.02,0.036,0.294,0.004,0.2,False,True,True,True,False,True,False
bright_pore_crosscorr_xy_contrast_256px__-1,114,0.266,0.002,0.002,0.294,0.278,0.002,False,True,True,True,False,False,True
bright_pore_crosscorr_xy_contrast_256px__+1,114,0.266,0.002,0.002,0.294,0.278,0.002,False,True,True,True,False,False,True
candidate_spread_x2,114,0.266,0.018,0.024,0.132,0.158,0.032,False,True,True,True,False,False,True
primary5_shift_plus2,114,0.002,0.196,0.002,0.002,0.002,0.002,True,True,True,True,True,True,True
bright_aspect_aw__-1,115,0.198,0.002,0.004,0.004,0.224,0.21,False,True,True,True,True,False,False
bright_aspect_aw__+1,115,0.198,0.002,0.006,0.006,0.224,0.21,False,True,True,True,True,False,False
bright_alignment_strength__-1,115,0.198,0.016,0.05,0.252,0.03,0.21,False,True,True,True,False,True,False
bright_alignment_strength__+1,115,0.198,0.046,0.082,0.252,0.052,0.21,False,False,False,True,False,False,False
bright_pore_crosscorr_xy_contrast_256px__-1,115,0.198,0.014,0.044,0.252,0.224,0.022,False,True,True,True,False,False,True
bright_pore_crosscorr_xy_contrast_256px__+1,115,0.198,0.12,0.134,0.252,0.224,0.082,False,False,False,False,False,False,False
candidate_spread_x2,115,0.198,0.25,0.222,0.186,0.23,0.222,False,False,False,False,False,False,False
primary5_shift_plus2,115,0.004,0.822,0.004,0.004,0.004,0.004,True,True,True,True,True,True,True
bright_aspect_aw__-1,116,0.878,0.006,0.048,0.024,0.91,0.946,False,True,True,True,True,False,False
bright_aspect_aw__+1,116,0.878,0.08,0.348,0.218,0.91,0.946,False,False,False,False,False,False,False
bright_alignment_strength__-1,116,0.878,0.046,0.258,0.812,0.186,0.946,False,False,False,True,False,False,False
bright_alignment_strength__+1,116,0.878,0.008,0.054,0.812,0.034,0.946,False,False,True,True,False,True,False
bright_pore_crosscorr_xy_contrast_256px__-1,116,0.878,0.004,0.036,0.812,0.91,0.03,False,True,True,True,False,False,True
bright_pore_crosscorr_xy_contrast_256px__+1,116,0.878,0.006,0.06,0.812,0.91,0.046,False,False,True,True,False,False,True
candidate_spread_x2,116,0.878,0.118,0.478,0.458,0.762,0.918,False,False,False,False,False,False,False
primary5_shift_plus2,116,0.002,0.474,0.004,0.002,0.002,0.002,True,True,True,True,True,True,True
bright_aspect_aw__-1,117,0.386,0.086,0.168,0.12,0.434,0.438,False,False,False,False,False,False,False
bright_aspect_aw__+1,117,0.386,0.178,0.246,0.206,0.434,0.438,False,False,False,False,False,False,False
bright_alignment_strength__-1,117,0.386,0.044,0.086,0.43,0.06,0.438,False,False,False,True,False,False,False
bright_alignment_strength__+1,117,0.386,0.028,0.1,0.43,0.07,0.438,False,False,False,True,False,False,False
bright_pore_crosscorr_xy_contrast_256px__-1,117,0.386,0.114,0.206,0.43,0.434,0.152,False,False,False,False,False,False,False
bright_pore_crosscorr_xy_contrast_256px__+1,117,0.386,0.114,0.186,0.43,0.434,0.16,False,False,False,False,False,False,False
candidate_spread_x2,117,0.386,0.6,0.59,0.458,0.464,0.47,False,False,False,False,False,False,False
primary5_shift_plus2,117,0.012,0.796,0.012,0.012,0.012,0.012,True,True,True,True,True,True,True
bright_aspect_aw__-1,118,0.918,0.008,0.108,0.052,0.978,0.928,False,False,True,True,False,False,False
bright_aspect_aw__+1,118,0.918,0.014,0.19,0.126,0.978,0.928,False,False,True,True,False,False,False
bright_alignment_strength__-1,118,0.918,0.054,0.48,0.958,0.346,0.928,False,False,False,False,False,False,False
bright_alignment_strength__+1,118,0.918,0.082,0.638,0.958,0.522,0.928,False,False,False,False,False,False,False
bright_pore_crosscorr_xy_contrast_256px__-1,118,0.918,0.012,0.338,0.958,0.978,0.208,False,False,True,True,False,False,False
bright_pore_crosscorr_xy_contrast_256px__+1,118,0.918,0.128,0.71,0.958,0.978,0.538,False,False,False,False,False,False,False
candidate_spread_x2,118,0.918,0.288,0.906,0.888,0.964,0.884,False,False,False,False,False,False,False
primary5_shift_plus2,118,0.002,0.978,0.002,0.002,0.002,0.002,True,True,True,True,True,True,True
bright_aspect_aw__-1,119,0.6,0.004,0.078,0.054,0.652,0.626,False,False,True,True,False,False,False
bright_aspect_aw__+1,119,0.6,0.002,0.024,0.024,0.652,0.626,False,True,True,True,True,False,False
bright_alignment_strength__-1,119,0.6,0.002,0.012,0.72,0.01,0.626,False,True,True,True,False,True,False
bright_alignment_strength__+1,119,0.6,0.002,0.004,0.72,0.002,0.626,False,True,True,True,False,True,False
bright_pore_crosscorr_xy_contrast_256px__-1,119,0.6,0.002,0.012,0.72,0.652,0.01,False,True,True,True,False,False,True
bright_pore_crosscorr_xy_contrast_256px__+1,119,0.6,0.01,0.098,0.72,0.652,0.072,False,False,True,True,False,False,False
candidate_spread_x2,119,0.6,0.008,0.088,0.528,0.154,0.256,False,False,True,True,False,False,False
primary5_shift_plus2,119,0.002,0.288,0.002,0.002,0.004,0.002,True,True,True,True,True,True,True
