query_n,allocation,n_ref,n_batch,p_primary5,p_morphology3,p_extended8,primary5,extended8,holm_union,naive_or
5,0,8,5,0.1522921522921523,0.4654234654234654,0.21678321678321677,False,False,False,False
5,1,8,5,0.2097902097902098,0.11033411033411034,0.1686091686091686,False,False,False,False
5,2,8,5,0.15773115773115773,0.08313908313908314,0.1445221445221445,False,False,False,False
5,3,8,5,0.0947940947940948,0.08547008547008547,0.07925407925407925,False,False,False,False
5,4,8,5,0.023310023310023312,0.1585081585081585,0.024087024087024088,True,True,True,True
5,5,8,5,0.13053613053613053,0.21056721056721056,0.13053613053613053,False,False,False,False
5,6,8,5,0.20435120435120435,0.1258741258741259,0.17404817404817405,False,False,False,False
5,7,8,5,0.2789432789432789,0.47785547785547783,0.34654234654234656,False,False,False,False
5,8,8,5,0.1554001554001554,0.34965034965034963,0.14374514374514374,False,False,False,False
5,9,8,5,0.2703962703962704,0.8951048951048951,0.4662004662004662,False,False,False,False
5,10,8,5,0.20823620823620823,0.8306138306138307,0.337995337995338,False,False,False,False
5,11,8,5,0.28593628593628595,0.7762237762237763,0.4483294483294483,False,False,False,False
5,12,8,5,0.21056721056721056,0.7078477078477079,0.33022533022533024,False,False,False,False
5,13,8,5,0.23076923076923078,0.7645687645687645,0.3395493395493395,False,False,False,False
5,14,8,5,0.3076923076923077,0.6845376845376845,0.41025641025641024,False,False,False,False
5,15,8,5,0.32323232323232326,0.7816627816627817,0.508935508935509,False,False,False,False
5,16,8,5,0.3014763014763015,0.6798756798756799,0.3146853146853147,False,False,False,False
5,17,8,5,0.29292929292929293,0.15306915306915306,0.24475524475524477,False,False,False,False
5,18,8,5,0.3776223776223776,0.035742035742035744,0.1452991452991453,False,False,False,True
5,19,8,5,0.27350427350427353,0.7171717171717171,0.37606837606837606,False,False,False,False
5,20,8,5,0.27816627816627815,0.574980574980575,0.40015540015540013,False,False,False,False
5,21,8,5,0.5439005439005439,0.5881895881895882,0.6643356643356644,False,False,False,False
5,22,8,5,0.5990675990675991,0.9285159285159286,0.8438228438228438,False,False,False,False
5,23,8,5,0.6060606060606061,0.7195027195027195,0.6876456876456877,False,False,False,False
5,24,8,5,0.23620823620823622,0.12354312354312354,0.19347319347319347,False,False,False,False
5,25,8,5,0.18337218337218336,0.5019425019425019,0.2533022533022533,False,False,False,False
5,26,8,5,0.19502719502719504,0.4996114996114996,0.25874125874125875,False,False,False,False
5,27,8,5,0.3457653457653458,0.35275835275835277,0.3947163947163947,False,False,False,False
5,28,8,5,0.38073038073038074,0.8383838383838383,0.6083916083916084,False,False,False,False
5,29,8,5,0.3628593628593629,0.7334887334887334,0.43745143745143744,False,False,False,False
5,30,8,5,0.09712509712509712,0.554001554001554,0.13131313131313133,False,False,False,False
5,31,8,5,0.1958041958041958,0.4592074592074592,0.2680652680652681,False,False,False,False
5,32,8,5,0.3822843822843823,0.4366744366744367,0.42424242424242425,False,False,False,False
5,33,8,5,0.49805749805749805,0.8212898212898213,0.6519036519036518,False,False,False,False
5,34,8,5,0.3885003885003885,0.4428904428904429,0.3791763791763792,False,False,False,False
5,35,8,5,0.13986013986013987,0.5291375291375291,0.19968919968919968,False,False,False,False
5,36,8,5,0.2331002331002331,0.2517482517482518,0.23931623931623933,False,False,False,False
5,37,8,5,0.3045843045843046,0.6379176379176379,0.4087024087024087,False,False,False,False
5,38,8,5,0.1623931623931624,0.4965034965034965,0.16083916083916083,False,False,False,False
5,39,8,5,0.46076146076146074,0.5571095571095571,0.5788655788655789,False,False,False,False
5,40,8,5,0.6223776223776224,0.6868686868686869,0.7474747474747475,False,False,False,False
5,41,8,5,0.6013986013986014,0.3108003108003108,0.5120435120435121,False,False,False,False
5,42,8,5,0.4063714063714064,0.6938616938616938,0.48717948717948717,False,False,False,False
5,43,8,5,0.3962703962703963,0.5439005439005439,0.5034965034965035,False,False,False,False
5,44,8,5,0.19347319347319347,0.7233877233877234,0.27972027972027974,False,False,False,False
5,45,8,5,0.317016317016317,0.8655788655788655,0.5221445221445221,False,False,False,False
5,46,8,5,0.26728826728826727,0.7801087801087802,0.4382284382284382,False,False,False,False
5,47,8,5,0.34965034965034963,0.7575757575757576,0.5361305361305362,False,False,False,False
5,48,8,5,0.2851592851592852,0.8360528360528361,0.4700854700854701,False,False,False,False
5,49,8,5,0.29681429681429683,0.7202797202797203,0.42735042735042733,False,False,False,False
5,50,8,5,0.43045843045843046,0.8749028749028749,0.6456876456876457,False,False,False,False
5,51,8,5,0.4716394716394716,0.85003885003885,0.7723387723387724,False,False,False,False
5,52,8,5,0.46386946386946387,0.6853146853146853,0.466977466977467,False,False,False,False
5,53,8,5,0.3752913752913753,0.10101010101010101,0.26107226107226106,False,False,False,False
5,54,8,5,0.4125874125874126,0.030303030303030304,0.14840714840714841,False,False,False,True
5,55,8,5,0.3348873348873349,0.7148407148407149,0.4444444444444444,False,False,False,False
5,56,8,5,0.41181041181041184,0.45998445998445997,0.49572649572649574,False,False,False,False
5,57,8,5,0.6884226884226884,0.6192696192696193,0.7031857031857032,False,False,False,False
5,58,8,5,0.7902097902097902,0.9106449106449106,0.9355089355089355,False,False,False,False
5,59,8,5,0.8041958041958042,0.5951825951825952,0.721056721056721,False,False,False,False
5,60,8,5,0.3372183372183372,0.09013209013209013,0.24087024087024086,False,False,False,False
5,61,8,5,0.29914529914529914,0.4825174825174825,0.4017094017094017,False,False,False,False
5,62,8,5,0.32944832944832947,0.358974358974359,0.3644133644133644,False,False,False,False
5,63,8,5,0.6503496503496503,0.3480963480963481,0.6068376068376068,False,False,False,False
5,64,8,5,0.7668997668997669,0.7855477855477856,0.9153069153069153,False,False,False,False
5,65,8,5,0.7466977466977467,0.5804195804195804,0.6938616938616938,False,False,False,False
5,66,8,5,0.12121212121212122,0.567987567987568,0.16472416472416473,False,False,False,False
5,67,8,5,0.23776223776223776,0.3651903651903652,0.2773892773892774,False,False,False,False
5,68,8,5,0.337995337995338,0.4864024864024864,0.41181041181041184,False,False,False,False
5,69,8,5,0.4281274281274281,0.721056721056721,0.5982905982905983,False,False,False,False
5,70,8,5,0.36363636363636365,0.27195027195027194,0.30225330225330227,False,False,False,False
5,71,8,5,0.216006216006216,0.5345765345765345,0.2571872571872572,False,False,False,False
5,72,8,5,0.3123543123543124,0.3885003885003885,0.33877233877233875,False,False,False,False
5,73,8,5,0.3986013986013986,0.7327117327117327,0.5811965811965812,False,False,False,False
5,74,8,5,0.22377622377622378,0.581973581973582,0.20046620046620048,False,False,False,False
5,75,8,5,0.519036519036519,0.6612276612276612,0.6907536907536908,False,False,False,False
5,76,8,5,0.7148407148407149,0.5718725718725719,0.7855477855477856,False,False,False,False
5,77,8,5,0.7350427350427351,0.1895881895881896,0.4825174825174825,False,False,False,False
5,78,8,5,0.4794094794094794,0.8624708624708625,0.6348096348096348,False,False,False,False
5,79,8,5,0.4553224553224553,0.6635586635586636,0.6247086247086248,False,False,False,False
5,80,8,5,0.22533022533022534,0.6891996891996892,0.31313131313131315,False,False,False,False
5,81,8,5,0.20512820512820512,0.933954933954934,0.3543123543123543,False,False,False,False
5,82,8,5,0.29215229215229216,0.5252525252525253,0.39704739704739705,False,False,False,False
5,83,8,5,0.5314685314685315,0.9992229992229992,0.8966588966588966,False,False,False,False
5,84,8,5,0.2641802641802642,0.8881118881118881,0.45765345765345766,False,False,False,False
5,85,8,5,0.43512043512043513,0.9984459984459985,0.7847707847707848,False,False,False,False
5,86,8,5,0.4133644133644134,0.9914529914529915,0.7987567987567987,False,False,False,False
5,87,8,5,0.46231546231546233,0.7692307692307693,0.5641025641025641,False,False,False,False
5,88,8,5,0.24087024087024086,0.8756798756798757,0.3962703962703963,False,False,False,False
5,89,8,5,0.36752136752136755,0.9805749805749806,0.662004662004662,False,False,False,False
5,90,8,5,0.24242424242424243,0.8585858585858586,0.37218337218337216,False,False,False,False
5,91,8,5,0.32400932400932403,0.9665889665889665,0.5275835275835276,False,False,False,False
5,92,8,5,0.32634032634032634,0.9238539238539238,0.6076146076146076,False,False,False,False
5,93,8,5,0.30924630924630925,0.7599067599067599,0.34887334887334887,False,False,False,False
5,94,8,5,0.4560994560994561,0.9937839937839937,0.815073815073815,False,False,False,False
5,95,8,5,0.2828282828282828,0.6083916083916084,0.3885003885003885,False,False,False,False
5,96,8,5,0.42424242424242425,0.993006993006993,0.728049728049728,False,False,False,False
5,97,8,5,0.4996114996114996,0.83993783993784,0.7964257964257965,False,False,False,False
5,98,8,5,0.45998445998445997,0.3822843822843823,0.38694638694638694,False,False,False,False
5,99,8,5,0.4257964257964258,0.8508158508158508,0.6441336441336442,False,False,False,False
5,100,8,5,0.6285936285936286,0.7731157731157731,0.8174048174048174,False,False,False,False
5,101,8,5,0.6348096348096348,0.7303807303807304,0.8935508935508936,False,False,False,False
5,102,8,5,0.6495726495726496,0.662004662004662,0.6317016317016317,False,False,False,False
5,103,8,5,0.4801864801864802,0.9083139083139083,0.756021756021756,False,False,False,False
5,104,8,5,0.5555555555555556,0.5081585081585082,0.7148407148407149,False,False,False,False
5,105,8,5,0.5485625485625486,0.16783216783216784,0.351981351981352,False,False,False,False
5,106,8,5,0.3613053613053613,0.6744366744366744,0.5135975135975136,False,False,False,False
5,107,8,5,0.3473193473193473,0.5990675990675991,0.4677544677544678,False,False,False,False
5,108,8,5,0.18104118104118105,0.2905982905982906,0.23232323232323232,False,False,False,False
5,109,8,5,0.34265734265734266,0.024864024864024864,0.11344211344211344,False,False,True,True
5,110,8,5,0.5493395493395493,0.8873348873348873,0.7078477078477079,False,False,False,False
5,111,8,5,0.33255633255633255,0.5470085470085471,0.44366744366744365,False,False,False,False
5,112,8,5,0.6697746697746698,0.6487956487956488,0.7637917637917638,False,False,False,False
5,113,8,5,0.7327117327117327,0.9557109557109557,0.9440559440559441,False,False,False,False
5,114,8,5,0.7793317793317793,0.5843045843045843,0.7241647241647242,False,False,False,False
5,115,8,5,0.4988344988344988,0.4700854700854701,0.494949494949495,False,False,False,False
5,116,8,5,0.3682983682983683,0.22533022533022534,0.3418803418803419,False,False,False,False
5,117,8,5,0.5874125874125874,0.20901320901320902,0.3954933954933955,False,False,False,False
5,118,8,5,0.7397047397047397,0.6045066045066045,0.6899766899766899,False,False,False,False
5,119,8,5,0.7319347319347319,0.17094017094017094,0.425019425019425,False,False,False,False
5,120,8,5,0.452991452991453,0.8438228438228438,0.6798756798756799,False,False,False,False
5,121,8,5,0.8267288267288267,0.9611499611499611,0.9627039627039627,False,False,False,False
5,122,8,5,0.8943278943278943,0.9945609945609946,0.9953379953379954,False,False,False,False
5,123,8,5,0.9292929292929293,0.8453768453768454,0.8772338772338772,False,False,False,False
5,124,8,5,0.6449106449106449,0.9044289044289044,0.8857808857808858,False,False,False,False
5,125,8,5,0.7987567987567987,0.8943278943278943,0.9533799533799534,False,False,False,False
5,126,8,5,0.8547008547008547,0.3317793317793318,0.7358197358197358,False,False,False,False
5,127,8,5,0.6216006216006216,1.0,0.8609168609168609,False,False,False,False
5,128,8,5,0.6565656565656566,0.8857808857808858,0.8655788655788655,False,False,False,False
5,129,8,5,0.31313131313131315,0.853923853923854,0.45998445998445997,False,False,False,False
5,130,8,5,0.3861693861693862,0.8344988344988346,0.5718725718725719,False,False,False,False
5,131,8,5,0.26262626262626265,0.46231546231546233,0.32634032634032634,False,False,False,False
5,132,8,5,0.5221445221445221,0.6177156177156177,0.6122766122766122,False,False,False,False
5,133,8,5,0.6954156954156954,0.9191919191919192,0.8477078477078477,False,False,False,False
5,134,8,5,0.6581196581196581,0.42424242424242425,0.5532245532245532,False,False,False,False
5,135,8,5,0.34032634032634035,0.7738927738927739,0.47707847707847706,False,False,False,False
5,136,8,5,0.6682206682206682,0.7350427350427351,0.8088578088578089,False,False,False,False
5,137,8,5,0.7948717948717948,0.9230769230769231,0.9704739704739704,False,False,False,False
5,138,8,5,0.8034188034188035,0.7964257964257965,0.7816627816627817,False,False,False,False
5,139,8,5,0.5236985236985237,0.8414918414918415,0.7940947940947941,False,False,False,False
5,140,8,5,0.7738927738927739,0.7839937839937839,0.9292929292929293,False,False,False,False
5,141,8,5,0.7622377622377622,0.3504273504273504,0.6868686868686869,False,False,False,False
5,142,8,5,0.46464646464646464,0.9658119658119658,0.7373737373737373,False,False,False,False
5,143,8,5,0.4483294483294483,0.846930846930847,0.6954156954156954,False,False,False,False
5,144,8,5,0.20046620046620048,0.7972027972027972,0.31934731934731936,False,False,False,False
5,145,8,5,0.22688422688422688,0.675990675990676,0.31002331002331,False,False,False,False
5,146,8,5,0.4382284382284382,0.9642579642579643,0.6822066822066822,False,False,False,False
5,147,8,5,0.6705516705516705,0.9689199689199689,0.8912198912198912,False,False,False,False
5,148,8,5,0.5097125097125097,0.616938616938617,0.4996114996114996,False,False,False,False
5,149,8,5,0.4965034965034965,0.7567987567987567,0.6534576534576535,False,False,False,False
5,150,8,5,0.7257187257187258,0.5415695415695416,0.6985236985236986,False,False,False,False
5,151,8,5,0.728049728049728,0.08624708624708624,0.3916083916083916,False,False,False,False
5,152,8,5,0.43123543123543123,0.9961149961149961,0.5866355866355867,False,False,False,False
5,153,8,5,0.42657342657342656,0.6480186480186481,0.5376845376845377,False,False,False,False
5,154,8,5,0.18181818181818182,0.42035742035742035,0.2198912198912199,False,False,False,False
5,155,8,5,0.5835275835275835,0.7296037296037297,0.8073038073038074,False,False,False,False
5,156,8,5,0.8554778554778555,0.7070707070707071,0.9456099456099456,False,False,False,False
5,157,8,5,0.846930846930847,0.31546231546231546,0.6635586635586636,False,False,False,False
5,158,8,5,0.4630924630924631,0.749028749028749,0.6184926184926185,False,False,False,False
5,159,8,5,0.4755244755244755,0.5656565656565656,0.6138306138306139,False,False,False,False
5,160,8,5,0.19968919968919968,0.668997668997669,0.28826728826728826,False,False,False,False
5,161,8,5,0.16161616161616163,0.8764568764568764,0.22377622377622378,False,False,False,False
5,162,8,5,0.16938616938616938,0.37606837606837606,0.22766122766122765,False,False,False,False
5,163,8,5,0.07381507381507381,0.17404817404817405,0.08547008547008547,False,False,False,False
5,164,8,5,0.02641802641802642,0.6954156954156954,0.03496503496503497,True,True,False,True
5,165,8,5,0.25874125874125875,0.6309246309246309,0.3434343434343434,False,False,False,False
5,166,8,5,0.18026418026418026,0.41802641802641805,0.2564102564102564,False,False,False,False
5,167,8,5,0.09168609168609168,0.5221445221445221,0.11499611499611499,False,False,False,False
5,168,8,5,0.013986013986013986,0.16472416472416473,0.014763014763014764,True,True,True,True
5,169,8,5,0.19658119658119658,0.5625485625485626,0.25485625485625485,False,False,False,False
5,170,8,5,0.2198912198912199,0.15695415695415696,0.1895881895881896,False,False,False,False
5,171,8,5,0.3006993006993007,0.4568764568764569,0.38927738927738925,False,False,False,False
5,172,8,5,0.1320901320901321,0.44755244755244755,0.12432012432012432,False,False,False,False
5,173,8,5,0.22843822843822845,0.03651903651903652,0.11577311577311578,False,False,False,True
5,174,8,5,0.09246309246309246,0.011655011655011656,0.028749028749028748,False,True,True,True
5,175,8,5,0.01320901320901321,0.08158508158508158,0.010878010878010878,True,True,True,True
5,176,8,5,0.2128982128982129,0.32944832944832947,0.24397824397824397,False,False,False,False
5,177,8,5,0.27583527583527584,0.06682206682206682,0.1554001554001554,False,False,False,False
5,178,8,5,0.3605283605283605,0.6923076923076923,0.4568764568764569,False,False,False,False
5,179,8,5,0.14996114996114995,0.28826728826728826,0.1320901320901321,False,False,False,False
5,180,8,5,0.09324009324009325,0.042735042735042736,0.06371406371406371,False,False,False,True
5,181,8,5,0.024087024087024088,0.010878010878010878,0.013986013986013986,True,True,True,True
5,182,8,5,0.1592851592851593,0.16006216006216006,0.15695415695415696,False,False,False,False
5,183,8,5,0.2812742812742813,0.00777000777000777,0.09168609168609168,False,False,True,True
5,184,8,5,0.31546231546231546,0.46464646464646464,0.4149184149184149,False,False,False,False
5,185,8,5,0.17715617715617715,0.1452991452991453,0.13908313908313907,False,False,False,False
5,186,8,5,0.005439005439005439,0.14607614607614608,0.006216006216006216,True,True,True,True
5,187,8,5,0.08780108780108781,0.2937062937062937,0.10722610722610723,False,False,False,False
5,188,8,5,0.06293706293706294,0.0979020979020979,0.055944055944055944,False,False,False,False
5,189,8,5,0.12975912975912976,0.5602175602175602,0.1592851592851593,False,False,False,False
5,190,8,5,0.05827505827505827,0.1857031857031857,0.04895104895104895,False,True,False,False
5,191,8,5,0.020202020202020204,0.09246309246309246,0.020202020202020204,True,True,True,True
5,192,8,5,0.010101010101010102,0.002331002331002331,0.005439005439005439,True,True,True,True
5,193,8,5,0.02564102564102564,0.20124320124320125,0.02564102564102564,True,True,False,True
5,194,8,5,0.008547008547008548,0.0707070707070707,0.00777000777000777,True,True,True,True
5,195,8,5,0.1919191919191919,0.10411810411810411,0.16627816627816627,False,False,False,False
5,196,8,5,0.2540792540792541,0.47707847707847706,0.2742812742812743,False,False,False,False
5,197,8,5,0.1445221445221445,0.2261072261072261,0.12276612276612277,False,False,False,False
5,198,8,5,0.17327117327117328,0.2066822066822067,0.1623931623931624,False,False,False,False
5,199,8,5,0.06060606060606061,0.08080808080808081,0.06216006216006216,False,False,False,False
5,200,8,5,0.05982905982905983,0.45143745143745145,0.08236208236208237,False,False,False,False
5,201,8,5,0.3620823620823621,0.7777777777777778,0.5050505050505051,False,False,False,False
5,202,8,5,0.526029526029526,0.3714063714063714,0.48484848484848486,False,False,False,False
5,203,8,5,0.3162393162393162,0.8018648018648019,0.48562548562548563,False,False,False,False
5,204,8,5,0.42035742035742035,0.9891219891219891,0.7365967365967366,False,False,False,False
5,205,8,5,0.7583527583527584,0.682983682983683,0.8298368298368298,False,False,False,False
5,206,8,5,0.710955710955711,0.8181818181818182,0.9020979020979021,False,False,False,False
5,207,8,5,0.7567987567987567,0.8601398601398601,0.7925407925407926,False,False,False,False
5,208,8,5,0.30225330225330227,0.7404817404817405,0.41414141414141414,False,False,False,False
5,209,8,5,0.19114219114219114,0.4933954933954934,0.2867132867132867,False,False,False,False
5,210,8,5,0.28438228438228436,0.9331779331779332,0.45143745143745145,False,False,False,False
5,211,8,5,0.43434343434343436,0.432012432012432,0.4794094794094794,False,False,False,False
5,212,8,5,0.40792540792540793,0.6822066822066822,0.6379176379176379,False,False,False,False
5,213,8,5,0.39316239316239315,0.822066822066822,0.44522144522144524,False,False,False,False
5,214,8,5,0.09090909090909091,0.7863247863247863,0.13597513597513597,False,False,False,False
5,215,8,5,0.37684537684537683,0.9456099456099456,0.6239316239316239,False,False,False,False
5,216,8,5,0.5928515928515928,0.6752136752136753,0.7226107226107226,False,False,False,False
5,217,8,5,0.6557886557886557,0.7902097902097902,0.8515928515928516,False,False,False,False
5,218,8,5,0.46153846153846156,0.6332556332556333,0.4801864801864802,False,False,False,False
5,219,8,5,0.22066822066822067,0.6114996114996115,0.3061383061383061,False,False,False,False
5,220,8,5,0.236985236985237,0.06993006993006994,0.15773115773115773,False,False,False,False
5,221,8,5,0.30303030303030304,0.18104118104118105,0.3209013209013209,False,False,False,False
5,222,8,5,0.13364413364413363,0.27816627816627815,0.1111111111111111,False,False,False,False
5,223,8,5,0.5477855477855478,0.6091686091686092,0.655011655011655,False,False,False,False
5,224,8,5,0.634032634032634,0.5617715617715617,0.7257187257187258,False,False,False,False
5,225,8,5,0.5641025641025641,0.35664335664335667,0.46386946386946387,False,False,False,False
5,226,8,5,0.40326340326340326,0.11810411810411811,0.3162393162393162,False,False,False,False
5,227,8,5,0.358974358974359,0.1989121989121989,0.3278943278943279,False,False,False,False
5,228,8,5,0.20357420357420358,0.24087024087024086,0.23076923076923078,False,False,False,False
5,229,8,5,0.32245532245532244,0.009324009324009324,0.07614607614607614,False,False,True,True
5,230,8,5,0.20279720279720279,0.31934731934731936,0.21212121212121213,False,False,False,False
5,231,8,5,0.2602952602952603,0.6386946386946387,0.40093240093240096,False,False,False,False
5,232,8,5,0.6736596736596736,0.1926961926961927,0.4491064491064491,False,False,False,False
5,233,8,5,0.7575757575757576,0.8391608391608392,0.8834498834498834,False,False,False,False
5,234,8,5,0.7676767676767676,0.5734265734265734,0.7132867132867133,False,False,False,False
5,235,8,5,0.08547008547008547,0.25874125874125875,0.06993006993006994,False,False,False,False
5,236,8,5,0.32556332556332557,0.3061383061383061,0.3651903651903652,False,False,False,False
5,237,8,5,0.5757575757575758,0.08702408702408702,0.2804972804972805,False,False,False,False
5,238,8,5,0.7241647241647242,0.43045843045843046,0.5944055944055944,False,False,False,False
5,239,8,5,0.5112665112665112,0.15384615384615385,0.3356643356643357,False,False,False,False
5,240,8,5,0.17793317793317792,0.6899766899766899,0.26884226884226886,False,False,False,False
5,241,8,5,0.2742812742812743,0.11421911421911422,0.21522921522921523,False,False,False,False
5,242,8,5,0.33877233877233875,0.8034188034188035,0.49106449106449107,False,False,False,False
5,243,8,5,0.14296814296814297,0.5532245532245532,0.14763014763014762,False,False,False,False
5,244,8,5,0.5532245532245532,0.7031857031857032,0.7319347319347319,False,False,False,False
5,245,8,5,0.7342657342657343,0.9743589743589743,0.9075369075369075,False,False,False,False
5,246,8,5,0.7303807303807304,0.578088578088578,0.7125097125097125,False,False,False,False
5,247,8,5,0.5252525252525253,0.7676767676767676,0.6651126651126651,False,False,False,False
5,248,8,5,0.5275835275835276,0.5369075369075369,0.6744366744366744,False,False,False,False
5,249,8,5,0.27117327117327117,0.9005439005439005,0.4358974358974359,False,False,False,False
5,250,8,5,0.07303807303807304,0.4522144522144522,0.09634809634809635,False,False,False,False
5,251,8,5,0.1717171717171717,0.6348096348096348,0.27350427350427353,False,False,False,False
5,252,8,5,0.39083139083139085,0.23543123543123542,0.35353535353535354,False,False,False,False
5,253,8,5,0.48174048174048173,0.8197358197358198,0.634032634032634,False,False,False,False
5,254,8,5,0.38927738927738925,0.4467754467754468,0.39937839937839936,False,False,False,False
5,255,8,5,0.1351981351981352,0.3006993006993007,0.1655011655011655,False,False,False,False
5,256,8,5,0.24397824397824397,0.016317016317016316,0.10178710178710179,False,False,True,True
5,257,8,5,0.26573426573426573,0.4887334887334887,0.36363636363636365,False,False,False,False
5,258,8,5,0.16083916083916083,0.2128982128982129,0.13286713286713286,False,False,False,False
5,259,8,5,0.3480963480963481,0.31157731157731156,0.36985236985236986,False,False,False,False
5,260,8,5,0.4592074592074592,0.8787878787878788,0.6713286713286714,False,False,False,False
5,261,8,5,0.4195804195804196,0.41181041181041184,0.39316239316239315,False,False,False,False
5,262,8,5,0.3690753690753691,0.48329448329448327,0.4405594405594406,False,False,False,False
5,263,8,5,0.3550893550893551,0.216006216006216,0.3581973581973582,False,False,False,False
5,264,8,5,0.14219114219114218,0.8477078477078477,0.23465423465423466,False,False,False,False
5,265,8,5,0.06526806526806526,0.6596736596736597,0.108003108003108,False,False,False,False
5,266,8,5,0.061383061383061384,0.22766122766122765,0.06915306915306915,False,False,False,False
5,267,8,5,0.1250971250971251,0.7498057498057498,0.17560217560217561,False,False,False,False
5,268,8,5,0.059052059052059055,0.3877233877233877,0.06060606060606061,False,False,False,False
5,269,8,5,0.3442113442113442,0.6666666666666666,0.48174048174048173,False,False,False,False
5,270,8,5,0.46853146853146854,0.9347319347319347,0.6386946386946387,False,False,False,False
5,271,8,5,0.3706293706293706,0.35742035742035744,0.3714063714063714,False,False,False,False
5,272,8,5,0.3434343434343434,0.7117327117327117,0.3923853923853924,False,False,False,False
5,273,8,5,0.21367521367521367,0.3690753690753691,0.27117327117327117,False,False,False,False
5,274,8,5,0.12742812742812742,0.6907536907536908,0.18725718725718726,False,False,False,False
5,275,8,5,0.17016317016317017,0.13908313908313907,0.17094017094017094,False,False,False,False
5,276,8,5,0.23154623154623155,0.48562548562548563,0.2540792540792541,False,False,False,False
5,277,8,5,0.13286713286713286,0.2432012432012432,0.11655011655011654,False,False,False,False
5,278,8,5,0.14063714063714064,0.0947940947940948,0.12043512043512043,False,False,False,False
5,279,8,5,0.05283605283605284,0.07614607614607614,0.05283605283605284,False,False,False,False
5,280,8,5,0.04584304584304584,0.3038073038073038,0.05827505827505827,True,False,False,True
5,281,8,5,0.1383061383061383,0.5594405594405595,0.13364413364413363,False,False,False,False
5,282,8,5,0.13597513597513597,0.26573426573426573,0.16705516705516704,False,False,False,False
5,283,8,5,0.06216006216006216,0.40093240093240096,0.08469308469308469,False,False,False,False
5,284,8,5,0.021756021756021756,0.2618492618492618,0.027972027972027972,True,True,True,True
5,285,8,5,0.47086247086247085,0.7940947940947941,0.6464646464646465,False,False,False,False
5,286,8,5,0.5734265734265734,0.4421134421134421,0.54001554001554,False,False,False,False
5,287,8,5,0.38461538461538464,0.9401709401709402,0.6410256410256411,False,False,False,False
5,288,8,5,0.6534576534576535,0.9883449883449883,0.912975912975913,False,False,False,False
5,289,8,5,0.891996891996892,0.9145299145299145,0.9712509712509713,False,False,False,False
5,290,8,5,0.8616938616938616,0.940947940947941,0.9906759906759907,False,False,False,False
5,291,8,5,0.9083139083139083,0.8997668997668997,0.8943278943278943,False,False,False,False
5,292,8,5,0.45765345765345766,0.763014763014763,0.6285936285936286,False,False,False,False
5,293,8,5,0.33644133644133645,0.6542346542346542,0.5283605283605284,False,False,False,False
5,294,8,5,0.466977466977467,0.9215229215229215,0.7101787101787101,False,False,False,False
5,295,8,5,0.8609168609168609,0.6138306138306139,0.871017871017871,False,False,False,False
5,296,8,5,0.8298368298368298,0.8003108003108003,0.9821289821289821,False,False,False,False
5,297,8,5,0.8376068376068376,0.8321678321678322,0.8391608391608392,False,False,False,False
5,298,8,5,0.11732711732711733,0.9316239316239316,0.1926961926961927,False,False,False,False
5,299,8,5,0.5143745143745144,0.9526029526029526,0.7668997668997669,False,False,False,False
5,300,8,5,0.6868686868686869,0.9052059052059052,0.8259518259518259,False,False,False,False
5,301,8,5,0.7964257964257965,0.9020979020979021,0.9665889665889665,False,False,False,False
5,302,8,5,0.5796425796425796,0.6728826728826729,0.5314685314685315,False,False,False,False
5,303,8,5,0.3209013209013209,0.7466977466977467,0.4234654234654235,False,False,False,False
5,304,8,5,0.29836829836829837,0.23154623154623155,0.2766122766122766,False,False,False,False
5,305,8,5,0.3978243978243978,0.43123543123543123,0.5501165501165501,False,False,False,False
5,306,8,5,0.17249417249417248,0.5244755244755245,0.1561771561771562,False,False,False,False
5,307,8,5,0.815073815073815,0.8329448329448329,0.9176379176379177,False,False,False,False
5,308,8,5,0.9044289044289044,0.6293706293706294,0.9378399378399378,False,False,False,False
5,309,8,5,0.8671328671328671,0.3581973581973582,0.5664335664335665,False,False,False,False
5,310,8,5,0.5664335664335665,0.4289044289044289,0.6208236208236209,False,False,False,False
5,311,8,5,0.5104895104895105,0.5073815073815073,0.5835275835275835,False,False,False,False
5,312,8,5,0.3201243201243201,0.4234654234654235,0.3978243978243978,False,False,False,False
5,313,8,5,0.4700854700854701,0.006216006216006216,0.09867909867909867,False,False,True,True
5,314,8,5,0.3411033411033411,0.3986013986013986,0.3504273504273504,False,False,False,False
5,315,8,5,0.5299145299145299,0.5788655788655789,0.696969696969697,False,False,False,False
5,316,8,5,0.9020979020979021,0.22921522921522922,0.6060606060606061,False,False,False,False
5,317,8,5,0.9316239316239316,0.8811188811188811,0.9805749805749806,False,False,False,False
5,318,8,5,0.9533799533799534,0.5112665112665112,0.8313908313908314,False,False,False,False
5,319,8,5,0.11965811965811966,0.3271173271173271,0.10411810411810411,False,False,False,False
5,320,8,5,0.4358974358974359,0.2898212898212898,0.45454545454545453,False,False,False,False
5,321,8,5,0.6588966588966589,0.11577311577311578,0.3271173271173271,False,False,False,False
5,322,8,5,0.7940947940947941,0.5027195027195027,0.6814296814296814,False,False,False,False
5,323,8,5,0.6037296037296037,0.1623931623931624,0.3776223776223776,False,False,False,False
5,324,8,5,0.2905982905982906,0.7995337995337995,0.40714840714840717,False,False,False,False
5,325,8,5,0.3644133644133644,0.20823620823620823,0.30924630924630925,False,False,False,False
5,326,8,5,0.4172494172494173,0.9370629370629371,0.6752136752136753,False,False,False,False
5,327,8,5,0.1926961926961927,0.6736596736596736,0.1958041958041958,False,False,False,False
5,328,8,5,0.7917637917637917,0.8671328671328671,0.951048951048951,False,False,False,False
5,329,8,5,0.9090909090909091,0.9844599844599845,0.993006993006993,False,False,False,False
5,330,8,5,0.9331779331779332,0.5299145299145299,0.8026418026418026,False,False,False,False
5,331,8,5,0.717948717948718,0.9518259518259519,0.8818958818958819,False,False,False,False
5,332,8,5,0.7723387723387724,0.6860916860916861,0.9044289044289044,False,False,False,False
5,333,8,5,0.4048174048174048,0.9277389277389277,0.6278166278166278,False,False,False,False
5,334,8,5,0.12198912198912198,0.5167055167055167,0.16161616161616163,False,False,False,False
5,335,8,5,0.331002331002331,0.5664335664335665,0.4755244755244755,False,False,False,False
5,336,8,5,0.62004662004662,0.2742812742812743,0.5337995337995338,False,False,False,False
5,337,8,5,0.790986790986791,0.8376068376068376,0.898989898989899,False,False,False,False
5,338,8,5,0.6122766122766122,0.3916083916083916,0.5454545454545454,False,False,False,False
5,339,8,5,0.2501942501942502,0.40326340326340326,0.2812742812742813,False,False,False,False
5,340,8,5,0.3838383838383838,0.027972027972027972,0.18492618492618493,False,False,False,True
5,341,8,5,0.4296814296814297,0.634032634032634,0.6487956487956488,False,False,False,False
5,342,8,5,0.257964257964258,0.2766122766122766,0.19813519813519814,False,False,False,False
5,343,8,5,0.7233877233877234,0.46386946386946387,0.790986790986791,False,False,False,False
5,344,8,5,0.9137529137529138,0.8609168609168609,0.9883449883449883,False,False,False,False
5,345,8,5,0.8958818958818959,0.3706293706293706,0.616938616938617,False,False,False,False
5,346,8,5,0.7094017094017094,0.6573426573426573,0.8368298368298368,False,False,False,False
5,347,8,5,0.6891996891996892,0.3076923076923077,0.7008547008547008,False,False,False,False
5,348,8,5,0.3333333333333333,0.8368298368298368,0.5602175602175602,False,False,False,False
5,349,8,5,0.11033411033411034,0.7614607614607615,0.14918414918414918,False,False,False,False
5,350,8,5,0.08857808857808858,0.38461538461538464,0.0979020979020979,False,False,False,False
5,351,8,5,0.15384615384615385,0.9090909090909091,0.2400932400932401,False,False,False,False
5,352,8,5,0.08158508158508158,0.5003885003885004,0.07381507381507381,False,False,False,False
5,353,8,5,0.4972804972804973,0.8547008547008547,0.717948717948718,False,False,False,False
5,354,8,5,0.6744366744366744,0.9168609168609169,0.8251748251748252,False,False,False,False
5,355,8,5,0.5174825174825175,0.27505827505827507,0.4281274281274281,False,False,False,False
5,356,8,5,0.411033411033411,0.9246309246309247,0.5571095571095571,False,False,False,False
5,357,8,5,0.27972027972027974,0.5306915306915307,0.36596736596736595,False,False,False,False
5,358,8,5,0.19813519813519814,0.7226107226107226,0.2641802641802642,False,False,False,False
5,359,8,5,0.2913752913752914,0.236985236985237,0.30303030303030304,False,False,False,False
5,360,8,5,0.34887334887334887,0.6130536130536131,0.42657342657342656,False,False,False,False
5,361,8,5,0.2066822066822067,0.2999222999222999,0.15306915306915306,False,False,False,False
5,362,8,5,0.20590520590520592,0.27117327117327117,0.22921522921522922,False,False,False,False
5,363,8,5,0.08313908313908314,0.16394716394716394,0.08780108780108781,False,False,False,False
5,364,8,5,0.07847707847707848,0.4972804972804973,0.10334110334110334,False,False,False,False
5,365,8,5,0.21756021756021757,0.756021756021756,0.2634032634032634,False,False,False,False
5,366,8,5,0.22144522144522144,0.36752136752136755,0.2975912975912976,False,False,False,False
5,367,8,5,0.11888111888111888,0.38306138306138304,0.1383061383061383,False,False,False,False
5,368,8,5,0.04195804195804196,0.5547785547785548,0.07148407148407149,True,False,False,True
5,369,8,5,0.38306138306138304,0.331002331002331,0.34265734265734266,False,False,False,False
5,370,8,5,0.7117327117327117,0.9564879564879565,0.9199689199689199,False,False,False,False
5,371,8,5,0.34498834498834496,0.9673659673659674,0.5936285936285937,False,False,False,False
5,372,8,5,0.668997668997669,0.8632478632478633,0.8383838383838383,False,False,False,False
5,373,8,5,0.5617715617715617,0.8927738927738927,0.8453768453768454,False,False,False,False
5,374,8,5,0.6938616938616938,0.7163947163947164,0.679098679098679,False,False,False,False
5,375,8,5,0.7311577311577312,0.9184149184149184,0.8951048951048951,False,False,False,False
5,376,8,5,0.44133644133644134,0.8352758352758353,0.6806526806526807,False,False,False,False
5,377,8,5,0.6713286713286714,0.7878787878787878,0.8003108003108003,False,False,False,False
5,378,8,5,0.7373737373737373,0.8088578088578089,0.8749028749028749,False,False,False,False
5,379,8,5,0.714063714063714,0.44522144522144524,0.6013986013986014,False,False,False,False
5,380,8,5,0.6985236985236986,0.9417249417249417,0.9083139083139083,False,False,False,False
5,381,8,5,0.9417249417249417,0.3752913752913753,0.8096348096348096,False,False,False,False
5,382,8,5,0.8935508935508936,0.4560994560994561,0.9277389277389277,False,False,False,False
5,383,8,5,0.9432789432789432,0.5431235431235432,0.7599067599067599,False,False,False,False
5,384,8,5,0.6923076923076923,0.9533799533799534,0.9331779331779332,False,False,False,False
5,385,8,5,0.7513597513597513,0.811965811965812,0.9300699300699301,False,False,False,False
5,386,8,5,0.7808857808857809,0.452991452991453,0.6557886557886557,False,False,False,False
5,387,8,5,0.5936285936285937,0.317016317016317,0.602952602952603,False,False,False,False
5,388,8,5,0.6021756021756022,0.37373737373737376,0.6037296037296037,False,False,False,False
5,389,8,5,0.351981351981352,0.3372183372183372,0.41802641802641805,False,False,False,False
5,390,8,5,0.5167055167055167,0.9867909867909868,0.8430458430458431,False,False,False,False
5,391,8,5,0.36985236985236986,0.965034965034965,0.6006216006216006,False,False,False,False
5,392,8,5,0.6899766899766899,0.9207459207459208,0.8671328671328671,False,False,False,False
5,393,8,5,0.7839937839937839,0.9121989121989122,0.9588189588189588,False,False,False,False
5,394,8,5,0.7428127428127428,0.6519036519036518,0.6674436674436675,False,False,False,False
5,395,8,5,0.5376845376845377,0.8407148407148407,0.7715617715617715,False,False,False,False
5,396,8,5,0.8811188811188811,0.11732711732711733,0.4972804972804973,False,False,False,False
5,397,8,5,0.8562548562548562,0.18803418803418803,0.7645687645687645,False,False,False,False
5,398,8,5,0.8842268842268842,0.2703962703962704,0.5508935508935509,False,False,False,False
5,399,8,5,0.6433566433566433,0.8531468531468531,0.8547008547008547,False,False,False,False
5,400,8,5,0.7653457653457654,0.6464646464646465,0.8888888888888888,False,False,False,False
5,401,8,5,0.7482517482517482,0.4063714063714064,0.5920745920745921,False,False,False,False
5,402,8,5,0.5081585081585082,0.10878010878010878,0.4125874125874126,False,False,False,False
5,403,8,5,0.4887334887334887,0.17871017871017872,0.3986013986013986,False,False,False,False
5,404,8,5,0.2680652680652681,0.17715617715617715,0.26728826728826727,False,False,False,False
5,405,8,5,0.45143745143745145,0.8888888888888888,0.7195027195027195,False,False,False,False
5,406,8,5,0.752913752913753,0.6627816627816627,0.8663558663558664,False,False,False,False
5,407,8,5,0.8741258741258742,0.6184926184926185,0.9728049728049728,False,False,False,False
5,408,8,5,0.6837606837606838,0.47474747474747475,0.5392385392385393,False,False,False,False
5,409,8,5,0.5959595959595959,0.8974358974358975,0.8111888111888111,False,False,False,False
5,410,8,5,0.8523698523698524,0.6285936285936286,0.8694638694638694,False,False,False,False
5,411,8,5,0.7163947163947164,0.18414918414918416,0.4421134421134421,False,False,False,False
5,412,8,5,0.5656565656565656,0.5578865578865578,0.6472416472416472,False,False,False,False
5,413,8,5,0.47474747474747475,0.4087024087024087,0.5268065268065268,False,False,False,False
5,414,8,5,0.2727272727272727,0.24786324786324787,0.289044289044289,False,False,False,False
5,415,8,5,0.7552447552447552,0.372960372960373,0.7482517482517482,False,False,False,False
5,416,8,5,0.8717948717948718,0.21212121212121213,0.7505827505827506,False,False,False,False
5,417,8,5,0.8414918414918415,0.1592851592851593,0.4366744366744367,False,False,False,False
5,418,8,5,0.5120435120435121,0.02641802641802642,0.2789432789432789,False,False,False,True
5,419,8,5,0.4864024864024864,0.0644910644910645,0.2937062937062937,False,False,False,False
5,420,8,5,0.2533022533022533,0.05283605283605284,0.1857031857031857,False,False,False,False
5,421,8,5,0.20901320901320902,0.2634032634032634,0.2331002331002331,False,False,False,False
5,422,8,5,0.21522921522921523,0.17482517482517482,0.20823620823620823,False,False,False,False
5,423,8,5,0.10878010878010878,0.0675990675990676,0.09246309246309246,False,False,False,False
5,424,8,5,0.03807303807303807,0.029526029526029528,0.031857031857031856,True,True,False,True
5,425,8,5,0.43356643356643354,0.3014763014763015,0.3372183372183372,False,False,False,False
5,426,8,5,0.3278943278943279,0.24164724164724163,0.3201243201243201,False,False,False,False
5,427,8,5,0.7062937062937062,0.07847707847707848,0.2851592851592852,False,False,False,False
5,428,8,5,0.8360528360528361,0.42657342657342656,0.6216006216006216,False,False,False,False
5,429,8,5,0.8329448329448329,0.09557109557109557,0.35586635586635584,False,False,False,False
5,430,8,5,0.39937839937839936,0.9681429681429682,0.6495726495726496,False,False,False,False
5,431,8,5,0.8663558663558664,0.4988344988344988,0.8306138306138307,False,False,False,False
5,432,8,5,0.9347319347319347,0.9603729603729604,0.9945609945609946,False,False,False,False
5,433,8,5,0.9627039627039627,0.8515928515928516,0.9137529137529138,False,False,False,False
5,434,8,5,0.675990675990676,0.9634809634809635,0.9471639471639471,False,False,False,False
5,435,8,5,0.8337218337218337,0.9852369852369852,0.9829059829059829,False,False,False,False
5,436,8,5,0.8531468531468531,0.48484848484848486,0.7443667443667443,False,False,False,False
5,437,8,5,0.6845376845376845,0.9300699300699301,0.8764568764568764,False,False,False,False
5,438,8,5,0.7016317016317016,0.7948717948717948,0.8896658896658897,False,False,False,False
5,439,8,5,0.3543123543123543,0.8275058275058275,0.5493395493395493,False,False,False,False
5,440,8,5,0.3581973581973582,0.815073815073815,0.5345765345765345,False,False,False,False
5,441,8,5,0.6192696192696193,0.7132867132867133,0.7583527583527584,False,False,False,False
5,442,8,5,0.7008547008547008,0.9067599067599068,0.8725718725718725,False,False,False,False
5,443,8,5,0.6402486402486403,0.5050505050505051,0.5773115773115773,False,False,False,False
5,444,8,5,0.6806526806526807,0.8158508158508159,0.8158508158508159,False,False,False,False
5,445,8,5,0.8461538461538461,0.8228438228438228,0.8601398601398601,False,False,False,False
5,446,8,5,0.8749028749028749,0.21678321678321677,0.6363636363636364,False,False,False,False
5,447,8,5,0.5205905205905206,0.8717948717948718,0.6153846153846154,False,False,False,False
5,448,8,5,0.5695415695415695,0.45454545454545453,0.6402486402486403,False,False,False,False
5,449,8,5,0.28826728826728826,0.47863247863247865,0.3014763014763015,False,False,False,False
5,450,8,5,0.696969696969697,0.7894327894327894,0.8756798756798757,False,False,False,False
5,451,8,5,0.8368298368298368,0.8982128982128982,0.9673659673659674,False,False,False,False
5,452,8,5,0.885003885003885,0.5135975135975136,0.7381507381507382,False,False,False,False
5,453,8,5,0.45376845376845376,0.4397824397824398,0.5617715617715617,False,False,False,False
5,454,8,5,0.5283605283605284,0.46076146076146074,0.6728826728826729,False,False,False,False
5,455,8,5,0.26495726495726496,0.5959595959595959,0.3745143745143745,False,False,False,False
5,456,8,5,0.16006216006216006,0.9549339549339549,0.24242424242424243,False,False,False,False
5,457,8,5,0.17482517482517482,0.5586635586635587,0.26573426573426573,False,False,False,False
5,458,8,5,0.09557109557109557,0.4926184926184926,0.12198912198912198,False,False,False,False
5,459,8,5,0.03651903651903652,0.5353535353535354,0.053613053613053616,True,False,False,True
5,460,8,5,0.23232323232323232,0.9487179487179487,0.3900543900543901,False,False,False,False
5,461,8,5,0.5058275058275058,0.7668997668997669,0.7412587412587412,False,False,False,False
5,462,8,5,0.7171717171717171,0.986013986013986,0.9634809634809635,False,False,False,False
5,463,8,5,0.5594405594405595,0.7319347319347319,0.6130536130536131,False,False,False,False
5,464,8,5,0.5423465423465423,0.9572649572649573,0.8243978243978244,False,False,False,False
5,465,8,5,0.7863247863247863,0.9782439782439782,0.9425019425019425,False,False,False,False
5,466,8,5,0.7195027195027195,0.40404040404040403,0.6309246309246309,False,False,False,False
5,467,8,5,0.6254856254856255,0.9704739704739704,0.8205128205128205,False,False,False,False
5,468,8,5,0.6114996114996115,0.6884226884226884,0.7777777777777778,False,False,False,False
5,469,8,5,0.2867132867132867,0.7723387723387724,0.40792540792540793,False,False,False,False
5,470,8,5,0.5897435897435898,0.3620823620823621,0.6930846930846931,False,False,False,False
5,471,8,5,0.8104118104118104,0.7264957264957265,0.9106449106449106,False,False,False,False
5,472,8,5,0.7871017871017871,0.3247863247863248,0.4887334887334887,False,False,False,False
5,473,8,5,0.5672105672105672,0.14374514374514374,0.5073815073815073,False,False,False,False
5,474,8,5,0.5858585858585859,0.14763014763014762,0.49184149184149184,False,False,False,False
5,475,8,5,0.28205128205128205,0.289044289044289,0.3628593628593629,False,False,False,False
5,476,8,5,0.2494172494172494,0.8142968142968143,0.3620823620823621,False,False,False,False
5,477,8,5,0.25252525252525254,0.3550893550893551,0.32400932400932403,False,False,False,False
5,478,8,5,0.13131313131313133,0.4662004662004662,0.18181818181818182,False,False,False,False
5,479,8,5,0.05128205128205128,0.2494172494172494,0.07692307692307693,False,False,False,False
5,480,8,5,0.3714063714063714,0.7591297591297591,0.5439005439005439,False,False,False,False
5,481,8,5,0.5073815073815073,0.8725718725718725,0.745920745920746,False,False,False,False
5,482,8,5,0.4366744366744367,0.32167832167832167,0.4156954156954157,False,False,False,False
5,483,8,5,0.26884226884226886,0.6767676767676768,0.3853923853923854,False,False,False,False
5,484,8,5,0.21445221445221446,0.4017094017094017,0.2703962703962704,False,False,False,False
5,485,8,5,0.11344211344211344,0.5796425796425796,0.15462315462315462,False,False,False,False
5,486,8,5,0.11421911421911422,0.9393939393939394,0.13986013986013987,False,False,False,False
5,487,8,5,0.12354312354312354,0.34265734265734266,0.14996114996114995,False,False,False,False
5,488,8,5,0.05439005439005439,0.19968919968919968,0.05516705516705517,False,False,False,False
5,489,8,5,0.014763014763014764,0.5757575757575758,0.018648018648018648,True,True,True,True
5,490,8,5,0.10644910644910645,0.29681429681429683,0.11421911421911422,False,False,False,False
5,491,8,5,0.108003108003108,0.19114219114219114,0.12975912975912976,False,False,False,False
5,492,8,5,0.050505050505050504,0.17793317793317792,0.057498057498057496,False,False,False,False
5,493,8,5,0.012432012432012432,0.07925407925407925,0.01554001554001554,True,True,True,True
5,494,8,5,0.003108003108003108,0.23076923076923078,0.003108003108003108,True,True,True,True
5,495,8,5,0.47707847707847706,0.4444444444444444,0.5843045843045843,False,False,False,False
5,496,8,5,0.3900543900543901,0.4840714840714841,0.5415695415695416,False,False,False,False
5,497,8,5,0.439005439005439,0.33022533022533024,0.46076146076146074,False,False,False,False
5,498,8,5,0.22766122766122765,0.5268065268065268,0.32167832167832167,False,False,False,False
5,499,8,5,0.6317016317016317,0.4794094794094794,0.6658896658896659,False,False,False,False
5,500,8,5,0.7296037296037297,0.48174048174048173,0.6565656565656566,False,False,False,False
5,501,8,5,0.6456876456876457,0.5687645687645687,0.7435897435897436,False,False,False,False
5,502,8,5,0.6107226107226107,0.5120435120435121,0.5912975912975913,False,False,False,False
5,503,8,5,0.5501165501165501,0.022533022533022532,0.2261072261072261,False,False,True,True
5,504,8,5,0.560994560994561,0.003885003885003885,0.08857808857808858,False,False,True,True
5,505,8,5,0.2564102564102564,0.3177933177933178,0.2905982905982906,False,False,False,False
5,506,8,5,0.9067599067599068,0.1958041958041958,0.6301476301476302,False,False,False,False
5,507,8,5,0.9526029526029526,0.20279720279720279,0.6324786324786325,False,False,False,False
5,508,8,5,0.9595959595959596,0.45765345765345766,0.8484848484848485,False,False,False,False
5,509,8,5,0.9502719502719502,0.2222222222222222,0.7055167055167055,False,False,False,False
5,510,8,5,0.432012432012432,0.02097902097902098,0.16317016317016317,False,False,True,True
5,511,8,5,0.24708624708624707,0.2533022533022533,0.29526029526029524,False,False,False,False
5,512,8,5,0.6083916083916084,0.18337218337218336,0.5042735042735043,False,False,False,False
5,513,8,5,0.9308469308469308,0.16083916083916083,0.5734265734265734,False,False,False,False
5,514,8,5,0.9448329448329449,0.41025641025641024,0.8982128982128982,False,False,False,False
5,515,8,5,0.9191919191919192,0.26107226107226106,0.7754467754467754,False,False,False,False
5,516,8,5,0.0707070707070707,0.19658119658119658,0.08391608391608392,False,False,False,False
5,517,8,5,0.5563325563325563,0.16161616161616163,0.41647241647241645,False,False,False,False
5,518,8,5,0.6526806526806527,0.13131313131313133,0.3706293706293706,False,False,False,False
5,519,8,5,0.8205128205128205,0.28438228438228436,0.5695415695415695,False,False,False,False
5,520,8,5,0.4693084693084693,0.09712509712509712,0.29292929292929293,False,False,False,False
5,521,8,5,0.23853923853923853,0.2540792540792541,0.23620823620823622,False,False,False,False
5,522,8,5,0.24475524475524477,0.18492618492618493,0.216006216006216,False,False,False,False
5,523,8,5,0.3146853146853147,0.5104895104895105,0.39083139083139085,False,False,False,False
5,524,8,5,0.11810411810411811,0.3838383838383838,0.12354312354312354,False,False,False,False
5,525,8,5,0.6332556332556333,0.28205128205128205,0.5648795648795649,False,False,False,False
5,526,8,5,0.9013209013209014,0.38694638694638694,0.7428127428127428,False,False,False,False
5,527,8,5,0.8236208236208237,0.14996114996114995,0.5407925407925408,False,False,False,False
5,528,8,5,0.5392385392385393,0.515928515928516,0.49417249417249415,False,False,False,False
5,529,8,5,0.48951048951048953,0.40015540015540013,0.574980574980575,False,False,False,False
5,530,8,5,0.23465423465423466,0.5648795648795649,0.3139083139083139,False,False,False,False
5,531,8,5,0.3815073815073815,0.6060606060606061,0.5167055167055167,False,False,False,False
5,532,8,5,0.5742035742035742,0.19813519813519814,0.43512043512043513,False,False,False,False
5,533,8,5,0.6573426573426573,0.9269619269619269,0.9261849261849262,False,False,False,False
5,534,8,5,0.5866355866355867,0.696969696969697,0.8360528360528361,False,False,False,False
5,535,8,5,0.8407148407148407,0.8648018648018648,0.9347319347319347,False,False,False,False
5,536,8,5,0.749028749028749,0.7956487956487956,0.8904428904428905,False,False,False,False
5,537,8,5,0.8251748251748252,0.5477855477855478,0.7622377622377622,False,False,False,False
5,538,8,5,0.4087024087024087,0.5058275058275058,0.515928515928516,False,False,False,False
5,539,8,5,0.47241647241647244,0.8966588966588966,0.7738927738927739,False,False,False,False
5,540,8,5,0.44366744366744365,0.7583527583527584,0.6961926961926962,False,False,False,False
5,541,8,5,0.5951825951825952,0.8096348096348096,0.7762237762237763,False,False,False,False
5,542,8,5,0.5508935508935509,0.8461538461538461,0.8585858585858586,False,False,False,False
5,543,8,5,0.5268065268065268,0.6511266511266511,0.5524475524475524,False,False,False,False
5,544,8,5,0.5431235431235432,0.8445998445998446,0.8181818181818182,False,False,False,False
5,545,8,5,0.7645687645687645,0.27972027972027974,0.6526806526806527,False,False,False,False
5,546,8,5,0.9378399378399378,0.7342657342657343,0.9121989121989122,False,False,False,False
5,547,8,5,0.9114219114219114,0.4677544677544678,0.8407148407148407,False,False,False,False
5,548,8,5,0.8873348873348873,0.128982128982129,0.4226884226884227,False,False,False,False
5,549,8,5,0.8477078477078477,0.7412587412587412,0.9238539238539238,False,False,False,False
5,550,8,5,0.8679098679098679,0.494949494949495,0.8080808080808081,False,False,False,False
5,551,8,5,0.7132867132867133,0.6472416472416472,0.8803418803418803,False,False,False,False
5,552,8,5,0.7249417249417249,0.585081585081585,0.6845376845376845,False,False,False,False
5,553,8,5,0.763014763014763,0.6977466977466977,0.864024864024864,False,False,False,False
5,554,8,5,0.8578088578088578,0.24242424242424243,0.6581196581196581,False,False,False,False
5,555,8,5,0.8344988344988346,0.04972804972804973,0.30691530691530694,False,False,False,True
5,556,8,5,0.49572649572649574,0.5633255633255633,0.5306915306915307,False,False,False,False
5,557,8,5,0.4677544677544678,0.473970473970474,0.581973581973582,False,False,False,False
5,558,8,5,0.2517482517482518,0.14063714063714064,0.22533022533022534,False,False,False,False
5,559,8,5,0.5765345765345765,0.003108003108003108,0.08080808080808081,False,False,True,True
5,560,8,5,0.6775446775446775,0.5508935508935509,0.703962703962704,False,False,False,False
5,561,8,5,0.5571095571095571,0.2556332556332556,0.5975135975135976,False,False,False,False
5,562,8,5,0.9634809634809635,0.2571872571872572,0.7062937062937062,False,False,False,False
5,563,8,5,0.9611499611499611,0.5392385392385393,0.8578088578088578,False,False,False,False
5,564,8,5,0.9867909867909868,0.22688422688422688,0.7389277389277389,False,False,False,False
5,565,8,5,0.6208236208236209,0.16705516705516704,0.372960372960373,False,False,False,False
5,566,8,5,0.8430458430458431,0.061383061383061384,0.35975135975135974,False,False,False,False
5,567,8,5,0.9953379953379954,0.059052059052059055,0.32245532245532244,False,False,False,False
5,568,8,5,0.9984459984459985,0.15151515151515152,0.4763014763014763,False,False,False,False
5,569,8,5,1.0,0.027195027195027196,0.28438228438228436,False,False,False,True
5,570,8,5,0.8601398601398601,0.6993006993006993,0.916083916083916,False,False,False,False
5,571,8,5,0.9712509712509713,0.7505827505827506,0.9603729603729604,False,False,False,False
5,572,8,5,0.940947940947941,0.9308469308469308,0.9867909867909868,False,False,False,False
5,573,8,5,0.9487179487179487,0.7482517482517482,0.9417249417249417,False,False,False,False
5,574,8,5,0.8772338772338772,0.6930846930846931,0.9386169386169386,False,False,False,False
5,575,8,5,0.9743589743589743,0.7187257187257188,0.9619269619269619,False,False,False,False
5,576,8,5,0.986013986013986,0.1919191919191919,0.7878787878787878,False,False,False,False
5,577,8,5,0.8010878010878011,0.916083916083916,0.7863247863247863,False,False,False,False
5,578,8,5,0.8181818181818182,0.7016317016317016,0.9230769230769231,False,False,False,False
5,579,8,5,0.37606837606837606,0.5944055944055944,0.4926184926184926,False,False,False,False
5,580,8,5,0.473970473970474,0.46153846153846156,0.533022533022533,False,False,False,False
5,581,8,5,0.5462315462315462,0.21445221445221446,0.5291375291375291,False,False,False,False
5,582,8,5,0.9658119658119658,0.2198912198912199,0.62004662004662,False,False,False,False
5,583,8,5,0.9883449883449883,0.49184149184149184,0.8282828282828283,False,False,False,False
5,584,8,5,0.9922299922299922,0.1250971250971251,0.5431235431235432,False,False,False,False
5,585,8,5,0.6721056721056721,0.7365967365967366,0.8135198135198135,False,False,False,False
5,586,8,5,0.9425019425019425,0.519036519036519,0.8197358197358198,False,False,False,False
5,587,8,5,0.9246309246309247,0.8896658896658897,0.986013986013986,False,False,False,False
5,588,8,5,0.9277389277389277,0.8010878010878011,0.9207459207459208,False,False,False,False
5,589,8,5,0.6542346542346542,0.6837606837606838,0.8018648018648019,False,False,False,False
5,590,8,5,0.8733488733488733,0.7521367521367521,0.9285159285159286,False,False,False,False
5,591,8,5,0.8624708624708625,0.2595182595182595,0.7288267288267288,False,False,False,False
5,592,8,5,0.5151515151515151,0.8702408702408703,0.6767676767676768,False,False,False,False
5,593,8,5,0.5019425019425019,0.7653457653457654,0.7606837606837606,False,False,False,False
5,594,8,5,0.22455322455322455,0.7707847707847708,0.34032634032634035,False,False,False,False
5,595,8,5,0.5128205128205128,0.5128205128205128,0.6146076146076146,False,False,False,False
5,596,8,5,0.6728826728826729,0.5524475524475524,0.6977466977466977,False,False,False,False
5,597,8,5,0.8228438228438228,0.8741258741258742,0.9308469308469308,False,False,False,False
5,598,8,5,0.45843045843045843,0.48096348096348096,0.46153846153846156,False,False,False,False
5,599,8,5,0.721056721056721,0.5485625485625486,0.77000777000777,False,False,False,False
5,600,8,5,0.9603729603729604,0.29836829836829837,0.6542346542346542,False,False,False,False
5,601,8,5,0.9370629370629371,0.02564102564102564,0.32944832944832947,False,False,False,True
5,602,8,5,0.6146076146076146,0.8298368298368298,0.5236985236985237,False,False,False,False
5,603,8,5,0.5687645687645687,0.4219114219114219,0.6231546231546231,False,False,False,False
5,604,8,5,0.24553224553224554,0.1686091686091686,0.20901320901320902,False,False,False,False
5,605,8,5,0.4933954933954934,0.5423465423465423,0.6107226107226107,False,False,False,False
5,606,8,5,0.7855477855477856,0.6651126651126651,0.797979797979798,False,False,False,False
5,607,8,5,0.682983682983683,0.2812742812742813,0.5874125874125874,False,False,False,False
5,608,8,5,0.3939393939393939,0.5182595182595182,0.37995337995337997,False,False,False,False
5,609,8,5,0.372960372960373,0.43278943278943277,0.45843045843045843,False,False,False,False
5,610,8,5,0.15695415695415696,0.6658896658896659,0.222999222999223,False,False,False,False
5,611,8,5,0.18414918414918416,0.7094017094017094,0.19502719502719504,False,False,False,False
5,612,8,5,0.1825951825951826,0.26728826728826727,0.22843822843822845,False,False,False,False
5,613,8,5,0.08935508935508936,0.055944055944055944,0.06526806526806526,False,False,False,False
5,614,8,5,0.027972027972027972,0.6324786324786325,0.03341103341103341,True,True,False,True
5,615,8,5,0.35975135975135974,0.49572649572649574,0.4864024864024864,False,False,False,False
5,616,8,5,0.42735042735042733,0.18181818181818182,0.35275835275835277,False,False,False,False
5,617,8,5,0.6052836052836053,0.9790209790209791,0.9362859362859363,False,False,False,False
5,618,8,5,0.6091686091686092,0.6052836052836053,0.7832167832167832,False,False,False,False
5,619,8,5,0.5011655011655012,0.947940947940948,0.7917637917637917,False,False,False,False
5,620,8,5,0.4506604506604507,0.9541569541569541,0.7824397824397824,False,False,False,False
5,621,8,5,0.4825174825174825,0.49805749805749805,0.5353535353535354,False,False,False,False
5,622,8,5,0.4211344211344211,0.43745143745143744,0.5252525252525253,False,False,False,False
5,623,8,5,0.5982905982905983,0.9386169386169386,0.9215229215229215,False,False,False,False
5,624,8,5,0.5027195027195027,0.6588966588966589,0.6993006993006993,False,False,False,False
5,625,8,5,0.7226107226107226,0.871017871017871,0.8826728826728827,False,False,False,False
5,626,8,5,0.6635586635586636,0.8826728826728827,0.9269619269619269,False,False,False,False
5,627,8,5,0.6658896658896659,0.5967365967365967,0.6604506604506605,False,False,False,False
5,628,8,5,0.5291375291375291,0.905982905982906,0.8275058275058275,False,False,False,False
5,629,8,5,0.7101787101787101,0.2501942501942502,0.560994560994561,False,False,False,False
5,630,8,5,0.655011655011655,0.8026418026418026,0.8127428127428128,False,False,False,False
5,631,8,5,0.6472416472416472,0.5174825174825175,0.7567987567987567,False,False,False,False
5,632,8,5,0.6480186480186481,0.09634809634809635,0.2999222999222999,False,False,False,False
5,633,8,5,0.857031857031857,0.804972804972805,0.933954933954934,False,False,False,False
5,634,8,5,0.6783216783216783,0.7311577311577312,0.8034188034188035,False,False,False,False
5,635,8,5,0.5710955710955711,0.8057498057498057,0.853923853923854,False,False,False,False
5,636,8,5,0.5516705516705517,0.627039627039627,0.6021756021756022,False,False,False,False
5,637,8,5,0.6379176379176379,0.752913752913753,0.846930846930847,False,False,False,False
5,638,8,5,0.7544677544677545,0.2867132867132867,0.6355866355866356,False,False,False,False
5,639,8,5,0.756021756021756,0.03885003885003885,0.22688422688422688,False,False,False,True
5,640,8,5,0.3791763791763792,0.6441336441336442,0.4716394716394716,False,False,False,False
5,641,8,5,0.37839937839937837,0.47241647241647244,0.4840714840714841,False,False,False,False
5,642,8,5,0.21212121212121213,0.14685314685314685,0.2128982128982129,False,False,False,False
5,643,8,5,0.567987567987568,0.001554001554001554,0.07303807303807304,False,False,True,True
5,644,8,5,0.7777777777777778,0.46853146853146854,0.763014763014763,False,False,False,False
5,645,8,5,0.8391608391608392,0.1794871794871795,0.5897435897435898,False,False,False,False
5,646,8,5,0.9766899766899767,0.2191142191142191,0.6394716394716394,False,False,False,False
5,647,8,5,0.9751359751359752,0.44366744366744365,0.8290598290598291,False,False,False,False
5,648,8,5,0.9945609945609946,0.13986013986013987,0.60994560994561,False,False,False,False
5,649,8,5,0.6177156177156177,0.1320901320901321,0.35664335664335667,False,False,False,False
5,650,8,5,0.8632478632478633,0.05128205128205128,0.3084693084693085,False,False,False,False
5,651,8,5,0.9176379176379177,0.05827505827505827,0.29603729603729606,False,False,False,False
5,652,8,5,0.9401709401709402,0.1111111111111111,0.37684537684537683,False,False,False,False
5,653,8,5,0.9564879564879565,0.013986013986013986,0.20202020202020202,False,False,True,True
5,654,8,5,0.9456099456099456,0.5516705516705517,0.8811188811188811,False,False,False,False
5,655,8,5,0.9557109557109557,0.891996891996892,0.9774669774669774,False,False,False,False
5,656,8,5,0.9145299145299145,0.9766899766899767,0.9914529914529915,False,False,False,False
5,657,8,5,0.9386169386169386,0.7808857808857809,0.9222999222999223,False,False,False,False
5,658,8,5,0.8951048951048951,0.6674436674436675,0.9098679098679099,False,False,False,False
5,659,8,5,0.9518259518259519,0.560994560994561,0.8593628593628594,False,False,False,False
5,660,8,5,0.9759129759129759,0.08780108780108781,0.5151515151515151,False,False,False,False
5,661,8,5,0.6519036519036518,0.9735819735819736,0.7498057498057498,False,False,False,False
5,662,8,5,0.6853146853146853,0.7008547008547008,0.8445998445998446,False,False,False,False
5,663,8,5,0.35353535353535354,0.6262626262626263,0.4731934731934732,False,False,False,False
5,664,8,5,0.5470085470085471,0.3923853923853924,0.6045066045066045,False,False,False,False
5,665,8,5,0.7715617715617715,0.15073815073815075,0.5081585081585082,False,False,False,False
5,666,8,5,0.951048951048951,0.1888111888111888,0.5796425796425796,False,False,False,False
5,667,8,5,0.9774669774669774,0.35353535353535354,0.7552447552447552,False,False,False,False
5,668,8,5,0.9735819735819736,0.07303807303807304,0.4133644133644134,False,False,False,False
5,669,8,5,0.8803418803418803,0.6581196581196581,0.8974358974358975,False,False,False,False
5,670,8,5,0.9875679875679876,0.6223776223776224,0.9526029526029526,False,False,False,False
5,671,8,5,0.9829059829059829,0.9176379176379177,0.9976689976689976,False,False,False,False
5,672,8,5,0.9728049728049728,0.7847707847707848,0.9611499611499611,False,False,False,False
5,673,8,5,0.8818958818958819,0.6425796425796426,0.8865578865578866,False,False,False,False
5,674,8,5,0.9906759906759907,0.5641025641025641,0.9246309246309247,False,False,False,False
5,675,8,5,0.9891219891219891,0.1351981351981352,0.5928515928515928,False,False,False,False
5,676,8,5,0.7498057498057498,0.912975912975913,0.8414918414918415,False,False,False,False
5,677,8,5,0.7381507381507382,0.7218337218337219,0.885003885003885,False,False,False,False
5,678,8,5,0.3395493395493395,0.6371406371406372,0.48951048951048953,False,False,False,False
5,679,8,5,0.616938616938617,0.3962703962703963,0.5757575757575758,False,False,False,False
5,680,8,5,0.6464646464646465,0.7055167055167055,0.7420357420357421,False,False,False,False
5,681,8,5,0.7055167055167055,0.8865578865578866,0.8624708624708625,False,False,False,False
5,682,8,5,0.48795648795648794,0.4125874125874126,0.432012432012432,False,False,False,False
5,683,8,5,0.6930846930846931,0.5236985236985237,0.7202797202797203,False,False,False,False
5,684,8,5,0.864024864024864,0.24708624708624707,0.5765345765345765,False,False,False,False
5,685,8,5,0.8694638694638694,0.01320901320901321,0.20590520590520592,False,False,True,True
5,686,8,5,0.48484848484848486,0.8616938616938616,0.47785547785547783,False,False,False,False
5,687,8,5,0.48329448329448327,0.3333333333333333,0.4933954933954934,False,False,False,False
5,688,8,5,0.2463092463092463,0.11266511266511267,0.18337218337218336,False,False,False,False
5,689,8,5,0.6511266511266511,0.6814296814296814,0.7521367521367521,False,False,False,False
5,690,8,5,0.8515928515928516,0.6565656565656566,0.8236208236208237,False,False,False,False
5,691,8,5,0.8026418026418026,0.23232323232323232,0.5244755244755245,False,False,False,False
5,692,8,5,0.4234654234654235,0.7428127428127428,0.47474747474747475,False,False,False,False
5,693,8,5,0.41414141414141414,0.6216006216006216,0.5578865578865578,False,False,False,False
5,694,8,5,0.21678321678321677,0.6806526806526807,0.3006993006993007,False,False,False,False
5,695,8,5,0.21833721833721834,0.7156177156177156,0.236985236985237,False,False,False,False
5,696,8,5,0.22921522921522922,0.21367521367521367,0.24708624708624707,False,False,False,False
5,697,8,5,0.11188811188811189,0.045066045066045064,0.07226107226107226,False,False,False,True
5,698,8,5,0.039627039627039624,0.6449106449106449,0.05128205128205128,True,False,False,True
5,699,8,5,0.4219114219114219,0.1717171717171717,0.32556332556332557,False,False,False,False
5,700,8,5,0.5244755244755245,0.9968919968919969,0.8717948717948718,False,False,False,False
5,701,8,5,0.3954933954933955,0.7536907536907537,0.6697746697746698,False,False,False,False
5,702,8,5,0.627039627039627,0.9471639471639471,0.9013209013209014,False,False,False,False
5,703,8,5,0.5726495726495726,0.972027972027972,0.9324009324009324,False,False,False,False
5,704,8,5,0.6487956487956488,0.5695415695415695,0.6853146853146853,False,False,False,False
5,705,8,5,0.6386946386946387,0.8267288267288267,0.8531468531468531,False,False,False,False
5,706,8,5,0.679098679098679,0.14840714840714841,0.43045843045843046,False,False,False,False
5,707,8,5,0.7451437451437452,0.6006216006216006,0.7692307692307693,False,False,False,False
5,708,8,5,0.6977466977466977,0.33255633255633255,0.6418026418026418,False,False,False,False
5,709,8,5,0.7435897435897436,0.06371406371406371,0.2501942501942502,False,False,False,False
5,710,8,5,0.7801087801087802,0.9355089355089355,0.972027972027972,False,False,False,False
5,711,8,5,0.8080808080808081,0.9759129759129759,0.9743589743589743,False,False,False,False
5,712,8,5,0.6876456876456877,0.9463869463869464,0.965034965034965,False,False,False,False
5,713,8,5,0.7995337995337995,0.7513597513597513,0.8422688422688422,False,False,False,False
5,714,8,5,0.5586635586635587,0.9324009324009324,0.8679098679098679,False,False,False,False
5,715,8,5,0.581973581973582,0.26495726495726496,0.5804195804195804,False,False,False,False
5,716,8,5,0.6627816627816627,0.04428904428904429,0.23543123543123542,False,False,False,True
5,717,8,5,0.3667443667443667,0.8912198912198912,0.5485625485625486,False,False,False,False
5,718,8,5,0.37995337995337997,0.6495726495726496,0.5547785547785548,False,False,False,False
5,719,8,5,0.222999222999223,0.13364413364413363,0.21367521367521367,False,False,False,False
5,720,8,5,0.6076146076146076,0.9813519813519813,0.9370629370629371,False,False,False,False
5,721,8,5,0.5975135975135976,0.4801864801864802,0.6596736596736597,False,False,False,False
5,722,8,5,0.8508158508158508,0.9137529137529138,0.9658119658119658,False,False,False,False
5,723,8,5,0.8166278166278166,0.7684537684537684,0.9463869463869464,False,False,False,False
5,724,8,5,0.8321678321678322,0.25485625485625485,0.5143745143745144,False,False,False,False
5,725,8,5,0.8096348096348096,0.878010878010878,0.940947940947941,False,False,False,False
5,726,8,5,0.8927738927738927,0.8772338772338772,0.9766899766899767,False,False,False,False
5,727,8,5,0.7933177933177933,0.8236208236208237,0.9751359751359752,False,False,False,False
5,728,8,5,0.8422688422688422,0.7257187257187258,0.8267288267288267,False,False,False,False
5,729,8,5,0.5944055944055944,0.9114219114219114,0.8492618492618492,False,False,False,False
5,730,8,5,0.6767676767676768,0.411033411033411,0.7086247086247086,False,False,False,False
5,731,8,5,0.7070707070707071,0.11655011655011654,0.3861693861693862,False,False,False,False
5,732,8,5,0.4149184149184149,0.728049728049728,0.5990675990675991,False,False,False,False
5,733,8,5,0.4094794094794095,0.6239316239316239,0.5858585858585859,False,False,False,False
5,734,8,5,0.23543123543123542,0.2564102564102564,0.2665112665112665,False,False,False,False
5,735,8,5,0.8313908313908314,0.6783216783216783,0.8997668997668997,False,False,False,False
5,736,8,5,0.8997668997668997,0.8562548562548562,0.9875679875679876,False,False,False,False
5,737,8,5,0.878010878010878,0.7373737373737373,0.9782439782439782,False,False,False,False
5,738,8,5,0.8904428904428905,0.3457653457653458,0.6682206682206682,False,False,False,False
5,739,8,5,0.6363636363636364,0.5866355866355867,0.7350427350427351,False,False,False,False
5,740,8,5,0.7886557886557887,0.1864801864801865,0.5003885003885004,False,False,False,False
5,741,8,5,0.7731157731157731,0.012432012432012432,0.17871017871017872,False,False,True,True
5,742,8,5,0.4188034188034188,0.602952602952603,0.445998445998446,False,False,False,False
5,743,8,5,0.40714840714840717,0.2400932400932401,0.40559440559440557,False,False,False,False
5,744,8,5,0.21134421134421136,0.06915306915306915,0.14607614607614608,False,False,False,False
5,745,8,5,0.6441336441336442,0.6418026418026418,0.7902097902097902,False,False,False,False
5,746,8,5,0.7925407925407926,0.38073038073038074,0.7117327117327117,False,False,False,False
5,747,8,5,0.7847707847707848,0.12742812742812742,0.4289044289044289,False,False,False,False
5,748,8,5,0.37373737373737376,0.19502719502719504,0.34498834498834496,False,False,False,False
5,749,8,5,0.3745143745143745,0.21833721833721834,0.3752913752913753,False,False,False,False
5,750,8,5,0.1794871794871795,0.1554001554001554,0.19114219114219114,False,False,False,False
5,751,8,5,0.16472416472416473,0.3341103341103341,0.16938616938616938,False,False,False,False
5,752,8,5,0.16394716394716394,0.09945609945609946,0.15384615384615385,False,False,False,False
5,753,8,5,0.08624708624708624,0.017871017871017872,0.045066045066045064,False,True,True,True
5,754,8,5,0.027195027195027196,0.08391608391608392,0.024864024864024864,True,True,False,True
5,755,8,5,0.7505827505827506,0.17327117327117328,0.44133644133644134,False,False,False,False
5,756,8,5,0.6262626262626263,0.041181041181041184,0.2494172494172494,False,False,False,True
5,757,8,5,0.898989898989899,0.046620046620046623,0.25097125097125095,False,False,False,True
5,758,8,5,0.9052059052059052,0.1048951048951049,0.35742035742035744,False,False,False,False
5,759,8,5,0.9642579642579643,0.021756021756021756,0.21445221445221446,False,False,True,True
5,760,8,5,0.8197358197358198,0.8251748251748252,0.9549339549339549,False,False,False,False
5,761,8,5,0.993006993006993,0.9502719502719502,0.9961149961149961,False,False,False,False
5,762,8,5,0.9914529914529915,0.9953379953379954,0.9992229992229992,False,False,False,False
5,763,8,5,0.9992229992229992,0.7435897435897436,0.9836829836829837,False,False,False,False
5,764,8,5,0.7000777000777001,0.77000777000777,0.85003885003885,False,False,False,False
5,765,8,5,0.8003108003108003,0.8290598290598291,0.9036519036519036,False,False,False,False
5,766,8,5,0.8702408702408703,0.20745920745920746,0.6837606837606838,False,False,False,False
5,767,8,5,0.6231546231546231,0.9836829836829837,0.7661227661227661,False,False,False,False
5,768,8,5,0.6798756798756799,0.6433566433566433,0.8010878010878011,False,False,False,False
5,769,8,5,0.3341103341103341,0.6697746697746698,0.4553224553224553,False,False,False,False
5,770,8,5,0.8826728826728827,0.3278943278943279,0.7513597513597513,False,False,False,False
5,771,8,5,0.9254079254079254,0.6254856254856255,0.8842268842268842,False,False,False,False
5,772,8,5,0.912975912975913,0.8523698523698524,0.958041958041958,False,False,False,False
5,773,8,5,0.9813519813519813,0.32245532245532244,0.8041958041958042,False,False,False,False
5,774,8,5,0.7412587412587412,0.32634032634032634,0.6052836052836053,False,False,False,False
5,775,8,5,0.8881118881118881,0.1414141414141414,0.4195804195804196,False,False,False,False
5,776,8,5,0.9215229215229215,0.004662004662004662,0.17327117327117328,False,False,True,True
5,777,8,5,0.5415695415695416,0.6915306915306916,0.4467754467754468,False,False,False,False
5,778,8,5,0.5718725718725719,0.21756021756021757,0.44988344988344986,False,False,False,False
5,779,8,5,0.27195027195027194,0.06526806526806526,0.14685314685314685,False,False,False,False
5,780,8,5,0.7125097125097125,0.9432789432789432,0.8927738927738927,False,False,False,False
5,781,8,5,0.8655788655788655,0.9075369075369075,0.9595959595959596,False,False,False,False
5,782,8,5,0.9075369075369075,0.3939393939393939,0.7972027972027972,False,False,False,False
5,783,8,5,0.494949494949495,0.9821289821289821,0.6721056721056721,False,False,False,False
5,784,8,5,0.5361305361305362,0.8205128205128205,0.7614607614607615,False,False,False,False
5,785,8,5,0.26107226107226106,0.8282828282828283,0.3838383838383838,False,False,False,False
5,786,8,5,0.15462315462315462,0.958041958041958,0.20435120435120435,False,False,False,False
5,787,8,5,0.16783216783216784,0.4048174048174048,0.2191142191142191,False,False,False,False
5,788,8,5,0.08391608391608392,0.052059052059052056,0.06293706293706294,False,False,False,False
5,789,8,5,0.03418803418803419,0.8174048174048174,0.042735042735042736,True,True,False,True
5,790,8,5,0.7288267288267288,0.7047397047397047,0.8787878787878788,False,False,False,False
5,791,8,5,0.9836829836829837,0.9440559440559441,0.9968919968919969,False,False,False,False
5,792,8,5,0.9968919968919969,0.9875679875679876,1.0,False,False,False,False
5,793,8,5,0.9976689976689976,0.6076146076146076,0.9518259518259519,False,False,False,False
5,794,8,5,0.7047397047397047,0.6775446775446775,0.7894327894327894,False,False,False,False
5,795,8,5,0.8912198912198912,0.4763014763014763,0.7404817404817405,False,False,False,False
5,796,8,5,0.8896658896658897,0.05982905982905983,0.4024864024864025,False,False,False,False
5,797,8,5,0.6138306138306139,0.9712509712509713,0.6705516705516705,False,False,False,False
5,798,8,5,0.602952602952603,0.5151515151515151,0.6433566433566433,False,False,False,False
5,799,8,5,0.2975912975912976,0.2789432789432789,0.2874902874902875,False,False,False,False
5,800,8,5,0.7614607614607615,0.8842268842268842,0.8881118881118881,False,False,False,False
5,801,8,5,0.9355089355089355,0.7474747474747475,0.9316239316239316,False,False,False,False
5,802,8,5,0.9393939393939394,0.3628593628593629,0.7334887334887334,False,False,False,False
5,803,8,5,0.5773115773115773,0.8904428904428905,0.7163947163947164,False,False,False,False
5,804,8,5,0.6068376068376068,0.790986790986791,0.777000777000777,False,False,False,False
5,805,8,5,0.29603729603729606,0.7358197358197358,0.40404040404040403,False,False,False,False
5,806,8,5,0.23931623931623933,0.8958818958818959,0.3038073038073038,False,False,False,False
5,807,8,5,0.24164724164724163,0.43356643356643354,0.3045843045843046,False,False,False,False
5,808,8,5,0.1258741258741259,0.12276612276612277,0.11810411810411811,False,False,False,False
5,809,8,5,0.04895104895104895,0.7661227661227661,0.0675990675990676,True,False,False,True
5,810,8,5,0.4156954156954157,0.777000777000777,0.585081585081585,False,False,False,False
5,811,8,5,0.6153846153846154,0.6107226107226107,0.6503496503496503,False,False,False,False
5,812,8,5,0.6161616161616161,0.10955710955710955,0.4257964257964258,False,False,False,False
5,813,8,5,0.2874902874902875,0.9028749028749029,0.33644133644133645,False,False,False,False
5,814,8,5,0.30691530691530694,0.5322455322455323,0.36752136752136755,False,False,False,False
5,815,8,5,0.12276612276612277,0.3853923853923854,0.13752913752913754,False,False,False,False
5,816,8,5,0.09945609945609946,0.6037296037296037,0.08935508935508936,False,False,False,False
5,817,8,5,0.0979020979020979,0.09324009324009325,0.08702408702408702,False,False,False,False
5,818,8,5,0.04351204351204351,0.017094017094017096,0.023310023310023312,True,True,True,True
5,819,8,5,0.011655011655011656,0.337995337995338,0.011655011655011656,True,True,True,True
5,820,8,5,0.10101010101010101,0.6394716394716394,0.1048951048951049,False,False,False,False
5,821,8,5,0.10256410256410256,0.25097125097125095,0.11266511266511267,False,False,False,False
5,822,8,5,0.0473970473970474,0.1383061383061383,0.04195804195804196,True,True,False,True
5,823,8,5,0.010878010878010878,0.3162393162393162,0.012432012432012432,True,True,True,True
5,824,8,5,0.002331002331002331,0.14219114219114218,0.002331002331002331,True,True,True,True
5,825,8,5,0.6418026418026418,0.3146853146853147,0.6293706293706294,False,False,False,False
5,826,8,5,0.7365967365967366,0.108003108003108,0.358974358974359,False,False,False,False
5,827,8,5,0.24864024864024864,0.655011655011655,0.37373737373737376,False,False,False,False
5,828,8,5,0.933954933954934,0.7832167832167832,0.9696969696969697,False,False,False,False
5,829,8,5,0.9549339549339549,0.5376845376845377,0.8648018648018648,False,False,False,False
5,830,8,5,0.8484848484848485,0.679098679098679,0.891996891996892,False,False,False,False
5,831,8,5,0.8834498834498834,0.6068376068376068,0.8212898212898213,False,False,False,False
5,832,8,5,0.5353535353535354,0.29215229215229216,0.48795648795648794,False,False,False,False
5,833,8,5,0.2222222222222222,0.4133644133644134,0.3123543123543124,False,False,False,False
5,834,8,5,0.7024087024087025,0.7101787101787101,0.818958818958819,False,False,False,False
5,835,8,5,0.9471639471639471,0.3139083139083139,0.7397047397047397,False,False,False,False
5,836,8,5,0.8275058275058275,0.6363636363636364,0.9401709401709402,False,False,False,False
5,837,8,5,0.8445998445998446,0.6526806526806527,0.8376068376068376,False,False,False,False
5,838,8,5,0.05672105672105672,0.5563325563325563,0.08313908313908314,False,False,False,False
5,839,8,5,0.7218337218337219,0.6643356643356644,0.7653457653457654,False,False,False,False
5,840,8,5,0.6814296814296814,0.4281274281274281,0.5672105672105672,False,False,False,False
5,841,8,5,0.77000777000777,0.5998445998445998,0.7536907536907537,False,False,False,False
5,842,8,5,0.4289044289044289,0.3613053613053613,0.3605283605283605,False,False,False,False
5,843,8,5,0.20202020202020202,0.533022533022533,0.26961926961926963,False,False,False,False
5,844,8,5,0.1452991452991453,0.10334110334110334,0.1250971250971251,False,False,False,False
5,845,8,5,0.2261072261072261,0.3123543123543124,0.2727272727272727,False,False,False,False
5,846,8,5,0.06682206682206682,0.36985236985236986,0.0707070707070707,False,False,False,False
5,847,8,5,0.804972804972805,0.49106449106449107,0.7249417249417249,False,False,False,False
5,848,8,5,0.871017871017871,0.5765345765345765,0.8065268065268065,False,False,False,False
5,849,8,5,0.7031857031857032,0.29448329448329447,0.5104895104895105,False,False,False,False
5,850,8,5,0.4902874902874903,0.257964257964258,0.38306138306138304,False,False,False,False
5,851,8,5,0.35742035742035744,0.30303030303030304,0.3939393939393939,False,False,False,False
5,852,8,5,0.26961926961926963,0.4156954156954157,0.3341103341103341,False,False,False,False
5,853,8,5,0.5602175602175602,0.000777000777000777,0.048174048174048176,False,True,True,True
5,854,8,5,0.2191142191142191,0.10722610722610723,0.17637917637917638,False,False,False,False
5,855,8,5,0.7707847707847708,0.1445221445221445,0.5369075369075369,False,False,False,False
5,856,8,5,0.9572649572649573,0.04895104895104895,0.3247863247863248,False,False,False,True
5,857,8,5,0.9238539238539238,0.23931623931623933,0.7171717171717171,False,False,False,False
5,858,8,5,0.9494949494949495,0.09168609168609168,0.5384615384615384,False,False,False,False
5,859,8,5,0.057498057498057496,0.08003108003108003,0.03807303807303807,False,True,False,False
5,860,8,5,0.6293706293706294,0.04195804195804196,0.23853923853923853,False,False,False,True
5,861,8,5,0.7272727272727273,0.023310023310023312,0.16394716394716394,False,False,True,True
5,862,8,5,0.818958818958819,0.06837606837606838,0.257964257964258,False,False,False,False
5,863,8,5,0.4654234654234654,0.014763014763014764,0.1351981351981352,False,False,True,True
5,864,8,5,0.1864801864801865,0.4172494172494173,0.24164724164724163,False,False,False,False
5,865,8,5,0.18803418803418803,0.07459207459207459,0.12742812742812742,False,False,False,False
5,866,8,5,0.2400932400932401,0.7000777000777001,0.3177933177933178,False,False,False,False
5,867,8,5,0.07459207459207459,0.32867132867132864,0.07847707847707848,False,False,False,False
5,868,8,5,0.7591297591297591,0.39937839937839936,0.6923076923076923,False,False,False,False
5,869,8,5,0.8686868686868687,0.7062937062937062,0.8461538461538461,False,False,False,False
5,870,8,5,0.8259518259518259,0.2665112665112665,0.6915306915306916,False,False,False,False
5,871,8,5,0.5920745920745921,0.6604506604506605,0.5998445998445998,False,False,False,False
5,872,8,5,0.578088578088578,0.2874902874902875,0.6254856254856255,False,False,False,False
5,873,8,5,0.35664335664335667,0.5905205905205905,0.45376845376845376,False,False,False,False
5,874,8,5,0.06993006993006994,0.1561771561771562,0.0777000777000777,False,False,False,False
5,875,8,5,0.4226884226884227,0.12975912975912976,0.3682983682983683,False,False,False,False
5,876,8,5,0.7078477078477079,0.06060606060606061,0.27816627816627815,False,False,False,False
5,877,8,5,0.8065268065268065,0.22066822066822067,0.526029526029526,False,False,False,False
5,878,8,5,0.5034965034965035,0.07381507381507381,0.2836052836052836,False,False,False,False
5,879,8,5,0.18492618492618493,0.18026418026418026,0.1989121989121989,False,False,False,False
5,880,8,5,0.24786324786324787,0.006993006993006993,0.07459207459207459,False,False,True,True
5,881,8,5,0.2571872571872572,0.45376845376845376,0.3550893550893551,False,False,False,False
5,882,8,5,0.12043512043512043,0.14296814296814297,0.10567210567210568,False,False,False,False
5,883,8,5,0.6604506604506605,0.17637917637917638,0.43278943278943277,False,False,False,False
5,884,8,5,0.811965811965812,0.5889665889665889,0.7956487956487956,False,False,False,False
5,885,8,5,0.7521367521367521,0.22999222999222999,0.5951825951825952,False,False,False,False
5,886,8,5,0.5648795648795649,0.4257964257964258,0.5322455322455323,False,False,False,False
5,887,8,5,0.5322455322455323,0.12432012432012432,0.4219114219114219,False,False,False,False
5,888,8,5,0.31157731157731156,0.6146076146076146,0.46853146853146854,False,False,False,False
5,889,8,5,0.06837606837606838,0.3411033411033411,0.09712509712509712,False,False,False,False
5,890,8,5,0.04040404040404041,0.13597513597513597,0.03651903651903652,True,True,False,True
5,891,8,5,0.06915306915306915,0.5314685314685315,0.09945609945609946,False,False,False,False
5,892,8,5,0.03341103341103341,0.20512820512820512,0.029526029526029528,True,True,False,True
5,893,8,5,0.41802641802641805,0.34498834498834496,0.46464646464646464,False,False,False,False
5,894,8,5,0.5182595182595182,0.62004662004662,0.5477855477855478,False,False,False,False
5,895,8,5,0.35275835275835277,0.15462315462315462,0.29215229215229216,False,False,False,False
5,896,8,5,0.3271173271173271,0.48717948717948717,0.28593628593628595,False,False,False,False
5,897,8,5,0.1655011655011655,0.19347319347319347,0.20279720279720279,False,False,False,False
5,898,8,5,0.15073815073815075,0.40792540792540793,0.18026418026418026,False,False,False,False
5,899,8,5,0.14763014763014762,0.07692307692307693,0.11188811188811189,False,False,False,False
5,900,8,5,0.16705516705516704,0.445998445998446,0.1794871794871795,False,False,False,False
5,901,8,5,0.08080808080808081,0.20590520590520592,0.08158508158508158,False,False,False,False
5,902,8,5,0.10722610722610723,0.16938616938616938,0.09090909090909091,False,False,False,False
5,903,8,5,0.029526029526029528,0.05439005439005439,0.027195027195027196,True,True,False,True
5,904,8,5,0.037296037296037296,0.3791763791763792,0.04428904428904429,True,True,False,True
5,905,8,5,0.15151515151515152,0.44988344988344986,0.1282051282051282,False,False,False,False
5,906,8,5,0.1414141414141414,0.21134421134421136,0.1888111888111888,False,False,False,False
5,907,8,5,0.08469308469308469,0.3348873348873349,0.10256410256410256,False,False,False,False
5,908,8,5,0.031857031857031856,0.34887334887334887,0.04040404040404041,True,True,False,True
5,909,8,5,0.6993006993006993,0.09867909867909867,0.31157731157731156,False,False,False,False
5,910,8,5,0.7264957264957265,0.857031857031857,0.9028749028749029,False,False,False,False
5,911,8,5,0.5625485625485626,0.8554778554778555,0.8508158508158508,False,False,False,False
5,912,8,5,0.9184149184149184,0.60994560994561,0.8795648795648796,False,False,False,False
5,913,8,5,0.8142968142968143,0.703962703962704,0.8632478632478633,False,False,False,False
5,914,8,5,0.9168609168609169,0.5493395493395493,0.8057498057498057,False,False,False,False
5,915,8,5,0.745920745920746,0.5703185703185704,0.749028749028749,False,False,False,False
5,916,8,5,0.8966588966588966,0.4226884226884227,0.804972804972805,False,False,False,False
5,917,8,5,0.9844599844599845,0.30225330225330227,0.714063714063714,False,False,False,False
5,918,8,5,0.9588189588189588,0.3815073815073815,0.7327117327117327,False,False,False,False
5,919,8,5,0.9673659673659674,0.13053613053613053,0.5027195027195027,False,False,False,False
5,920,8,5,0.8492618492618492,0.9588189588189588,0.9852369852369852,False,False,False,False
5,921,8,5,0.9230769230769231,0.34654234654234656,0.7684537684537684,False,False,False,False
5,922,8,5,0.7637917637917638,0.5034965034965035,0.811965811965812,False,False,False,False
5,923,8,5,0.8290598290598291,0.6503496503496503,0.7933177933177933,False,False,False,False
5,924,8,5,0.6961926961926962,0.9036519036519036,0.8702408702408703,False,False,False,False
5,925,8,5,0.6666666666666666,0.7086247086247086,0.7785547785547785,False,False,False,False
5,926,8,5,0.7420357420357421,0.27583527583527584,0.6114996114996115,False,False,False,False
5,927,8,5,0.554001554001554,0.32400932400932403,0.4592074592074592,False,False,False,False
5,928,8,5,0.585081585081585,0.43512043512043513,0.6511266511266511,False,False,False,False
5,929,8,5,0.3418803418803419,0.3395493395493395,0.3822843822843823,False,False,False,False
5,930,8,5,0.5369075369075369,0.8578088578088578,0.7839937839937839,False,False,False,False
5,931,8,5,0.6355866355866356,0.8080808080808081,0.8616938616938616,False,False,False,False
5,932,8,5,0.98989898989899,0.6153846153846154,0.9067599067599068,False,False,False,False
5,933,8,5,0.9541569541569541,0.6876456876456877,0.9145299145299145,False,False,False,False
5,934,8,5,0.9619269619269619,0.37684537684537683,0.6860916860916861,False,False,False,False
5,935,8,5,0.7202797202797203,0.8818958818958819,0.9114219114219114,False,False,False,False
5,936,8,5,0.9440559440559441,0.16627816627816627,0.5563325563325563,False,False,False,False
5,937,8,5,0.7754467754467754,0.3185703185703186,0.7948717948717948,False,False,False,False
5,938,8,5,0.8383838383838383,0.5337995337995338,0.7024087024087025,False,False,False,False
5,939,8,5,0.7762237762237763,0.797979797979798,0.857031857031857,False,False,False,False
5,940,8,5,0.7894327894327894,0.6456876456876457,0.8344988344988346,False,False,False,False
5,941,8,5,0.7956487956487956,0.3434343434343434,0.6161616161616161,False,False,False,False
5,942,8,5,0.5912975912975913,0.20435120435120435,0.47241647241647244,False,False,False,False
5,943,8,5,0.5788655788655789,0.32323232323232326,0.5656565656565656,False,False,False,False
5,944,8,5,0.33022533022533024,0.31002331002331,0.34965034965034963,False,False,False,False
5,945,8,5,0.6045066045066045,0.9013209013209014,0.8741258741258742,False,False,False,False
5,946,8,5,0.6278166278166278,0.4755244755244755,0.6736596736596736,False,False,False,False
5,947,8,5,0.6915306915306916,0.6355866355866356,0.8321678321678322,False,False,False,False
5,948,8,5,0.40093240093240096,0.5229215229215229,0.3877233877233877,False,False,False,False
5,949,8,5,0.8127428127428128,0.8127428127428128,0.9052059052059052,False,False,False,False
5,950,8,5,0.9036519036519036,0.34032634032634035,0.7047397047397047,False,False,False,False
5,951,8,5,0.8306138306138307,0.04584304584304584,0.30536130536130535,False,False,False,True
5,952,8,5,0.6612276612276612,0.48951048951048953,0.5205905205905206,False,False,False,False
5,953,8,5,0.54001554001554,0.37218337218337216,0.6192696192696193,False,False,False,False
5,954,8,5,0.32867132867132864,0.11499611499611499,0.2517482517482518,False,False,False,False
5,955,8,5,0.5703185703185704,0.3605283605283605,0.5703185703185704,False,False,False,False
5,956,8,5,0.6410256410256411,0.28593628593628595,0.5586635586635587,False,False,False,False
5,957,8,5,0.5042735042735043,0.22377622377622378,0.3815073815073815,False,False,False,False
5,958,8,5,0.3877233877233877,0.050505050505050504,0.20745920745920746,False,False,False,False
5,959,8,5,0.289044289044289,0.09401709401709402,0.2432012432012432,False,False,False,False
5,960,8,5,0.1989121989121989,0.11344211344211344,0.1864801864801865,False,False,False,False
5,961,8,5,0.16627816627816627,0.30536130536130535,0.13675213675213677,False,False,False,False
5,962,8,5,0.16317016317016317,0.20202020202020202,0.17249417249417248,False,False,False,False
5,963,8,5,0.08236208236208237,0.028749028749028748,0.052059052059052056,False,False,False,True
5,964,8,5,0.03108003108003108,0.07226107226107226,0.02641802641802642,True,True,False,True
5,965,8,5,0.4405594405594406,0.08935508935508936,0.22455322455322455,False,False,False,False
5,966,8,5,0.4467754467754468,0.039627039627039624,0.21134421134421136,False,False,False,True
5,967,8,5,0.9199689199689199,0.01554001554001554,0.17016317016317017,False,False,True,True
5,968,8,5,0.9665889665889665,0.05516705516705517,0.2556332556332556,False,False,False,False
5,969,8,5,0.9790209790209791,0.010101010101010102,0.18104118104118105,False,False,True,True
5,970,8,5,0.4763014763014763,0.7987567987567987,0.710955710955711,False,False,False,False
5,971,8,5,0.8282828282828283,0.2602952602952603,0.5742035742035742,False,False,False,False
5,972,8,5,0.8018648018648019,0.8686868686868687,0.905982905982906,False,False,False,False
5,973,8,5,0.853923853923854,0.6317016317016317,0.8337218337218337,False,False,False,False
5,974,8,5,0.5198135198135199,0.7241647241647242,0.7233877233877234,False,False,False,False
5,975,8,5,0.6006216006216006,0.8041958041958042,0.7451437451437452,False,False,False,False
5,976,8,5,0.662004662004662,0.2680652680652681,0.6666666666666666,False,False,False,False
5,977,8,5,0.515928515928516,0.7397047397047397,0.5905205905205905,False,False,False,False
5,978,8,5,0.5524475524475524,0.5198135198135199,0.7218337218337219,False,False,False,False
5,979,8,5,0.3185703185703186,0.5710955710955711,0.40326340326340326,False,False,False,False
5,980,8,5,0.4568764568764569,0.4211344211344211,0.5182595182595182,False,False,False,False
5,981,8,5,0.5811965811965812,0.24553224553224554,0.4428904428904429,False,False,False,False
5,982,8,5,0.5843045843045843,0.4630924630924631,0.5229215229215229,False,False,False,False
5,983,8,5,0.40404040404040403,0.18725718725718726,0.29448329448329447,False,False,False,False
5,984,8,5,0.7334887334887334,0.35975135975135974,0.6627816627816627,False,False,False,False
5,985,8,5,0.8725718725718725,0.26262626262626265,0.4902874902874903,False,False,False,False
5,986,8,5,0.8865578865578866,0.037296037296037296,0.3442113442113442,False,False,False,True
5,987,8,5,0.574980574980575,0.3776223776223776,0.3457653457653458,False,False,False,False
5,988,8,5,0.6130536130536131,0.15773115773115773,0.473970473970474,False,False,False,False
5,989,8,5,0.3356643356643357,0.08857808857808858,0.17793317793317792,False,False,False,False
5,990,8,5,0.4024864024864025,0.6208236208236209,0.5112665112665112,False,False,False,False
5,991,8,5,0.4397824397824398,0.9199689199689199,0.6177156177156177,False,False,False,False
5,992,8,5,0.45454545454545453,0.5446775446775447,0.5633255633255633,False,False,False,False
5,993,8,5,0.3177933177933178,0.466977466977467,0.33255633255633255,False,False,False,False
5,994,8,5,0.3317793317793318,0.38927738927738925,0.43356643356643354,False,False,False,False
5,995,8,5,0.17560217560217561,0.7288267288267288,0.26262626262626265,False,False,False,False
5,996,8,5,0.13675213675213677,0.9098679098679099,0.1522921522921523,False,False,False,False
5,997,8,5,0.14607614607614608,0.5042735042735043,0.21833721833721834,False,False,False,False
5,998,8,5,0.07148407148407149,0.3045843045843046,0.09401709401709402,False,False,False,False
5,999,8,5,0.03263403263403263,0.5975135975135976,0.041181041181041184,True,True,False,True
5,1000,8,5,0.3139083139083139,0.7886557886557887,0.5213675213675214,False,False,False,False
5,1001,8,5,0.508935508935509,0.3667443667443667,0.5019425019425019,False,False,False,False
5,1002,8,5,0.60994560994561,0.8313908313908314,0.7808857808857809,False,False,False,False
5,1003,8,5,0.40559440559440557,0.4902874902874903,0.4172494172494173,False,False,False,False
5,1004,8,5,0.49417249417249415,0.6961926961926962,0.7070707070707071,False,False,False,False
5,1005,8,5,0.6184926184926185,0.7443667443667443,0.7187257187257188,False,False,False,False
5,1006,8,5,0.5905205905205905,0.1655011655011655,0.48329448329448327,False,False,False,False
5,1007,8,5,0.5804195804195804,0.717948717948718,0.5625485625485626,False,False,False,False
5,1008,8,5,0.5827505827505828,0.4024864024864025,0.6588966588966589,False,False,False,False
5,1009,8,5,0.2898212898212898,0.39704739704739705,0.31546231546231546,False,False,False,False
5,1010,8,5,0.39704739704739705,0.24475524475524477,0.3667443667443667,False,False,False,False
5,1011,8,5,0.47785547785547783,0.7933177933177933,0.5959595959595959,False,False,False,False
5,1012,8,5,0.4421134421134421,0.3954933954933955,0.4506604506604507,False,False,False,False
5,1013,8,5,0.38694638694638694,0.21522921522921523,0.32323232323232326,False,False,False,False
5,1014,8,5,0.3853923853923854,0.13675213675213677,0.3348873348873349,False,False,False,False
5,1015,8,5,0.20745920745920746,0.6021756021756022,0.29914529914529914,False,False,False,False
5,1016,8,5,0.1895881895881896,0.7746697746697747,0.23154623154623155,False,False,False,False
5,1017,8,5,0.20124320124320125,0.3682983682983683,0.29681429681429683,False,False,False,False
5,1018,8,5,0.11266511266511267,0.4149184149184149,0.14296814296814297,False,False,False,False
5,1019,8,5,0.055944055944055944,0.4716394716394716,0.08624708624708624,False,False,False,False
5,1020,8,5,0.2595182595182595,0.5936285936285937,0.3613053613053613,False,False,False,False
5,1021,8,5,0.3247863247863248,0.8935508935508936,0.452991452991453,False,False,False,False
5,1022,8,5,0.2432012432012432,0.30691530691530694,0.2602952602952603,False,False,False,False
5,1023,8,5,0.17094017094017094,0.5097125097125097,0.18414918414918416,False,False,False,False
5,1024,8,5,0.10411810411810411,0.2913752913752914,0.14063714063714064,False,False,False,False
5,1025,8,5,0.07226107226107226,0.6231546231546231,0.10644910644910645,False,False,False,False
5,1026,8,5,0.14918414918414918,0.8694638694638694,0.15151515151515152,False,False,False,False
5,1027,8,5,0.14685314685314685,0.2828282828282828,0.19735819735819735,False,False,False,False
5,1028,8,5,0.07925407925407925,0.057498057498057496,0.05982905982905983,False,False,False,False
5,1029,8,5,0.028749028749028748,0.5205905205905206,0.03418803418803419,True,True,False,True
5,1030,8,5,0.07692307692307693,0.3084693084693085,0.06604506604506605,False,False,False,False
5,1031,8,5,0.07536907536907538,0.19036519036519037,0.10023310023310024,False,False,False,False
5,1032,8,5,0.04428904428904429,0.2463092463092463,0.046620046620046623,True,True,False,True
5,1033,8,5,0.016317016317016316,0.1282051282051282,0.017094017094017096,True,True,True,True
5,1034,8,5,0.006993006993006993,0.2641802641802642,0.008547008547008548,True,True,True,True
5,1035,8,5,0.6643356643356644,0.10256410256410256,0.32867132867132864,False,False,False,False
5,1036,8,5,0.8158508158508159,0.9362859362859363,0.9790209790209791,False,False,False,False
5,1037,8,5,0.7824397824397824,0.8135198135198135,0.9487179487179487,False,False,False,False
5,1038,8,5,0.9207459207459208,0.745920745920746,0.9393939393939394,False,False,False,False
5,1039,8,5,0.8088578088578089,0.8065268065268065,0.9254079254079254,False,False,False,False
5,1040,8,5,0.9098679098679099,0.5213675213675214,0.8104118104118104,False,False,False,False
5,1041,8,5,0.7785547785547785,0.714063714063714,0.8228438228438228,False,False,False,False
5,1042,8,5,0.8857808857808858,0.41414141414141414,0.7707847707847708,False,False,False,False
5,1043,8,5,0.916083916083916,0.4483294483294483,0.7264957264957265,False,False,False,False
5,1044,8,5,0.8764568764568764,0.5066045066045066,0.7575757575757576,False,False,False,False
5,1045,8,5,0.9153069153069153,0.14918414918414918,0.46231546231546233,False,False,False,False
5,1046,8,5,0.947940947940948,0.9976689976689976,0.9984459984459985,False,False,False,False
5,1047,8,5,0.9121989121989122,0.8166278166278166,0.9557109557109557,False,False,False,False
5,1048,8,5,0.7536907536907537,0.8803418803418803,0.9541569541569541,False,False,False,False
5,1049,8,5,0.8438228438228438,0.8733488733488733,0.8733488733488733,False,False,False,False
5,1050,8,5,0.8174048174048174,0.9906759906759907,0.9813519813519813,False,False,False,False
5,1051,8,5,0.8135198135198135,0.8337218337218337,0.9448329448329449,False,False,False,False
5,1052,8,5,0.83993783993784,0.27350427350427353,0.5967365967365967,False,False,False,False
5,1053,8,5,0.43745143745143744,0.7552447552447552,0.5555555555555556,False,False,False,False
5,1054,8,5,0.4662004662004662,0.7420357420357421,0.6891996891996892,False,False,False,False
5,1055,8,5,0.3084693084693085,0.508935508935509,0.4048174048174048,False,False,False,False
5,1056,8,5,0.6907536907536908,0.9425019425019425,0.9191919191919192,False,False,False,False
5,1057,8,5,0.8585858585858586,0.7637917637917638,0.947940947940948,False,False,False,False
5,1058,8,5,0.9797979797979798,0.7451437451437452,0.9564879564879565,False,False,False,False
5,1059,8,5,0.9696969696969697,0.7871017871017871,0.9759129759129759,False,False,False,False
5,1060,8,5,0.9704739704739704,0.35586635586635584,0.7016317016317016,False,False,False,False
5,1061,8,5,0.9261849261849262,0.9448329448329449,0.9937839937839937,False,False,False,False
5,1062,8,5,0.9821289821289821,0.47086247086247085,0.8873348873348873,False,False,False,False
5,1063,8,5,0.8982128982128982,0.6713286713286714,0.9844599844599845,False,False,False,False
5,1064,8,5,0.9285159285159286,0.7824397824397824,0.8958818958818959,False,False,False,False
5,1065,8,5,0.8974358974358975,0.9292929292929293,0.9735819735819736,False,False,False,False
5,1066,8,5,0.9362859362859363,0.6705516705516705,0.9494949494949495,False,False,False,False
5,1067,8,5,0.9300699300699301,0.2975912975912976,0.627039627039627,False,False,False,False
5,1068,8,5,0.6425796425796426,0.5773115773115773,0.6946386946386947,False,False,False,False
5,1069,8,5,0.6301476301476302,0.6682206682206682,0.7746697746697747,False,False,False,False
5,1070,8,5,0.37218337218337216,0.4506604506604507,0.48096348096348096,False,False,False,False
5,1071,8,5,0.7684537684537684,0.9751359751359752,0.9432789432789432,False,False,False,False
5,1072,8,5,0.6239316239316239,0.7249417249417249,0.7303807303807304,False,False,False,False
5,1073,8,5,0.5881895881895882,0.8073038073038074,0.8352758352758353,False,False,False,False
5,1074,8,5,0.4522144522144522,0.6161616161616161,0.43434343434343436,False,False,False,False
5,1075,8,5,0.7816627816627817,0.9254079254079254,0.9168609168609169,False,False,False,False
5,1076,8,5,0.9005439005439005,0.4491064491064491,0.752913752913753,False,False,False,False
5,1077,8,5,0.8593628593628594,0.0473970473970474,0.25252525252525254,False,False,False,True
5,1078,8,5,0.44988344988344986,0.5897435897435898,0.47863247863247865,False,False,False,False
5,1079,8,5,0.4491064491064491,0.4188034188034188,0.519036519036519,False,False,False,False
5,1080,8,5,0.2836052836052836,0.12121212121212122,0.2222222222222222,False,False,False,False
5,1081,8,5,0.6651126651126651,0.6122766122766122,0.7000777000777001,False,False,False,False
5,1082,8,5,0.7358197358197358,0.41647241647241645,0.675990675990676,False,False,False,False
5,1083,8,5,0.6371406371406372,0.25252525252525254,0.4063714063714064,False,False,False,False
5,1084,8,5,0.32167832167832167,0.13442113442113443,0.24786324786324787,False,False,False,False
5,1085,8,5,0.2766122766122766,0.23776223776223776,0.2828282828282828,False,False,False,False
5,1086,8,5,0.17871017871017872,0.20046620046620048,0.20124320124320125,False,False,False,False
5,1087,8,5,0.1888111888111888,0.40559440559440557,0.2066822066822067,False,False,False,False
5,1088,8,5,0.18725718725718726,0.22144522144522144,0.21056721056721056,False,False,False,False
5,1089,8,5,0.1111111111111111,0.03418803418803419,0.06837606837606838,False,False,False,True
5,1090,8,5,0.03496503496503497,0.1522921522921523,0.039627039627039624,True,True,False,True
5,1091,8,5,0.6822066822066822,0.09090909090909091,0.3076923076923077,False,False,False,False
5,1092,8,5,0.7832167832167832,0.03341103341103341,0.2463092463092463,False,False,False,True
5,1093,8,5,0.9782439782439782,0.019425019425019424,0.19036519036519037,False,False,True,True
5,1094,8,5,0.9937839937839937,0.06216006216006216,0.2898212898212898,False,False,False,False
5,1095,8,5,0.9961149961149961,0.008547008547008548,0.17715617715617715,False,False,True,True
5,1096,8,5,0.8352758352758353,0.8259518259518259,0.9642579642579643,False,False,False,False
5,1097,8,5,0.9689199689199689,0.39316239316239315,0.7871017871017871,False,False,False,False
5,1098,8,5,0.9269619269619269,0.9378399378399378,0.98989898989899,False,False,False,False
5,1099,8,5,0.9681429681429682,0.6557886557886557,0.9184149184149184,False,False,False,False
5,1100,8,5,0.8787878787878788,0.7622377622377622,0.9572649572649573,False,False,False,False
5,1101,8,5,0.9463869463869464,0.7917637917637917,0.9502719502719502,False,False,False,False
5,1102,8,5,0.965034965034965,0.2097902097902098,0.7296037296037297,False,False,False,False
5,1103,8,5,0.8057498057498057,0.8795648795648796,0.822066822066822,False,False,False,False
5,1104,8,5,0.8453768453768454,0.5672105672105672,0.9005439005439005,False,False,False,False
5,1105,8,5,0.49184149184149184,0.5011655011655012,0.554001554001554,False,False,False,False
5,1106,8,5,0.5633255633255633,0.43434343434343436,0.5881895881895882,False,False,False,False
5,1107,8,5,0.5889665889665889,0.39083139083139085,0.4988344988344988,False,False,False,False
5,1108,8,5,0.5578865578865578,0.6301476301476302,0.5594405594405595,False,False,False,False
5,1109,8,5,0.445998445998446,0.22843822843822845,0.317016317016317,False,False,False,False
5,1110,8,5,0.6752136752136753,0.4405594405594406,0.6425796425796426,False,False,False,False
5,1111,8,5,0.7746697746697747,0.2836052836052836,0.47086247086247085,False,False,False,False
5,1112,8,5,0.8243978243978244,0.031857031857031856,0.2913752913752914,False,False,False,True
5,1113,8,5,0.48717948717948717,0.5501165501165501,0.37839937839937837,False,False,False,False
5,1114,8,5,0.5337995337995338,0.19425019425019424,0.4654234654234654,False,False,False,False
5,1115,8,5,0.31002331002331,0.10178710178710179,0.17482517482517482,False,False,False,False
5,1116,8,5,0.5384615384615384,0.8679098679098679,0.7342657342657343,False,False,False,False
5,1117,8,5,0.5967365967365967,0.98989898989899,0.8142968142968143,False,False,False,False
5,1118,8,5,0.6394716394716394,0.5928515928515928,0.6371406371406372,False,False,False,False
5,1119,8,5,0.3651903651903652,0.8834498834498834,0.4693084693084693,False,False,False,False
5,1120,8,5,0.3916083916083916,0.6534576534576535,0.5889665889665889,False,False,False,False
5,1121,8,5,0.2338772338772339,0.898989898989899,0.3480963480963481,False,False,False,False
5,1122,8,5,0.1686091686091686,0.9922299922299922,0.22999222999222999,False,False,False,False
5,1123,8,5,0.17637917637917638,0.5811965811965812,0.27583527583527584,False,False,False,False
5,1124,8,5,0.10178710178710179,0.3418803418803419,0.11732711732711733,False,False,False,False
5,1125,8,5,0.03885003885003885,0.8492618492618492,0.061383061383061384,True,False,False,True
5,1126,8,5,0.4731934731934732,0.8111888111888111,0.7544677544677545,False,False,False,False
5,1127,8,5,0.7086247086247086,0.5454545454545454,0.7094017094017094,False,False,False,False
5,1128,8,5,0.7474747474747475,0.9222999222999223,0.9090909090909091,False,False,False,False
5,1129,8,5,0.5407925407925408,0.5283605283605284,0.5446775446775447,False,False,False,False
5,1130,8,5,0.7389277389277389,0.7754467754467754,0.878010878010878,False,False,False,False
5,1131,8,5,0.905982905982906,0.6985236985236986,0.8523698523698524,False,False,False,False
5,1132,8,5,0.8795648795648796,0.10567210567210568,0.5058275058275058,False,False,False,False
5,1133,8,5,0.6247086247086248,0.864024864024864,0.6573426573426573,False,False,False,False
5,1134,8,5,0.6309246309246309,0.4553224553224553,0.7272727272727273,False,False,False,False
5,1135,8,5,0.35120435120435123,0.351981351981352,0.35120435120435123,False,False,False,False
5,1136,8,5,0.5998445998445998,0.42735042735042733,0.6091686091686092,False,False,False,False
5,1137,8,5,0.7661227661227661,0.8593628593628594,0.8562548562548562,False,False,False,False
5,1138,8,5,0.7156177156177156,0.439005439005439,0.5710955710955711,False,False,False,False
5,1139,8,5,0.4428904428904429,0.5384615384615384,0.5097125097125097,False,False,False,False
5,1140,8,5,0.44522144522144524,0.26961926961926963,0.5128205128205128,False,False,False,False
5,1141,8,5,0.2618492618492618,0.7925407925407926,0.4188034188034188,False,False,False,False
5,1142,8,5,0.30536130536130535,0.885003885003885,0.38461538461538464,False,False,False,False
5,1143,8,5,0.3061383061383061,0.44133644133644134,0.4211344211344211,False,False,False,False
5,1144,8,5,0.17404817404817405,0.3543123543123543,0.22066822066822067,False,False,False,False
5,1145,8,5,0.0675990675990676,0.7381507381507382,0.128982128982129,False,False,False,False
5,1146,8,5,0.2999222999222999,0.8430458430458431,0.44755244755244755,False,False,False,False
5,1147,8,5,0.34654234654234656,0.9595959595959596,0.5198135198135199,False,False,False,False
5,1148,8,5,0.27505827505827507,0.3201243201243201,0.26495726495726496,False,False,False,False
5,1149,8,5,0.19735819735819735,0.7793317793317793,0.24864024864024864,False,False,False,False
5,1150,8,5,0.128982128982129,0.5143745143745144,0.18803418803418803,False,False,False,False
5,1151,8,5,0.09867909867909867,0.7024087024087025,0.1414141414141414,False,False,False,False
5,1152,8,5,0.15306915306915306,0.9619269619269619,0.19425019425019424,False,False,False,False
5,1153,8,5,0.1585081585081585,0.29603729603729606,0.2097902097902098,False,False,False,False
5,1154,8,5,0.09013209013209013,0.05672105672105672,0.059052059052059055,False,False,False,False
5,1155,8,5,0.035742035742035744,0.6013986013986014,0.04351204351204351,True,True,False,True
5,1156,8,5,0.11655011655011654,0.54001554001554,0.12121212121212122,False,False,False,False
5,1157,8,5,0.11577311577311578,0.29526029526029524,0.1585081585081585,False,False,False,False
5,1158,8,5,0.06371406371406371,0.2804972804972805,0.08003108003108003,False,False,False,False
5,1159,8,5,0.024864024864024864,0.2851592851592852,0.03263403263403263,True,True,True,True
5,1160,8,5,0.009324009324009324,0.31313131313131315,0.01320901320901321,True,True,True,True
5,1161,8,5,0.8111888111888111,0.6247086247086248,0.7801087801087802,False,False,False,False
5,1162,8,5,0.7404817404817405,0.3644133644133644,0.6480186480186481,False,False,False,False
5,1163,8,5,0.9222999222999223,0.29914529914529914,0.6332556332556333,False,False,False,False
5,1164,8,5,0.8888888888888888,0.3978243978243978,0.6783216783216783,False,False,False,False
5,1165,8,5,0.9324009324009324,0.11965811965811966,0.4296814296814297,False,False,False,False
5,1166,8,5,0.7443667443667443,0.9797979797979798,0.9681429681429682,False,False,False,False
5,1167,8,5,0.9028749028749029,0.45843045843045843,0.7676767676767676,False,False,False,False
5,1168,8,5,0.797979797979798,0.5726495726495726,0.8329448329448329,False,False,False,False
5,1169,8,5,0.9106449106449106,0.5462315462315462,0.7591297591297591,False,False,False,False
5,1170,8,5,0.5213675213675214,0.9261849261849262,0.7886557886557887,False,False,False,False
5,1171,8,5,0.5345765345765345,0.8484848484848485,0.7731157731157731,False,False,False,False
5,1172,8,5,0.6324786324786325,0.35120435120435123,0.5827505827505828,False,False,False,False
5,1173,8,5,0.4444444444444444,0.3442113442113442,0.4522144522144522,False,False,False,False
5,1174,8,5,0.4926184926184926,0.3209013209013209,0.5011655011655012,False,False,False,False
5,1175,8,5,0.2773892773892774,0.32556332556332557,0.3185703185703186,False,False,False,False
5,1176,8,5,0.822066822066822,0.8663558663558664,0.9689199689199689,False,False,False,False
5,1177,8,5,0.8212898212898213,0.7125097125097125,0.8686868686868687,False,False,False,False
5,1178,8,5,0.703962703962704,0.710955710955711,0.8166278166278166,False,False,False,False
5,1179,8,5,0.85003885003885,0.4195804195804196,0.7311577311577312,False,False,False,False
5,1180,8,5,0.6596736596736597,0.7544677544677545,0.7793317793317793,False,False,False,False
5,1181,8,5,0.7599067599067599,0.23620823620823622,0.5174825174825175,False,False,False,False
5,1182,8,5,0.7692307692307693,0.024087024087024088,0.20357420357420358,False,False,True,True
5,1183,8,5,0.41025641025641024,0.5275835275835276,0.4094794094794095,False,False,False,False
5,1184,8,5,0.43278943278943277,0.2727272727272727,0.4397824397824398,False,False,False,False
5,1185,8,5,0.25485625485625485,0.06604506604506605,0.15073815073815075,False,False,False,False
5,1186,8,5,0.48562548562548563,0.7785547785547785,0.6449106449106449,False,False,False,False
5,1187,8,5,0.5050505050505051,0.6402486402486403,0.668997668997669,False,False,False,False
5,1188,8,5,0.5547785547785548,0.37839937839937837,0.5299145299145299,False,False,False,False
5,1189,8,5,0.31934731934731936,0.13752913752913754,0.2595182595182595,False,False,False,False
5,1190,8,5,0.35586635586635584,0.20357420357420358,0.331002331002331,False,False,False,False
5,1191,8,5,0.1857031857031857,0.19735819735819735,0.19658119658119658,False,False,False,False
5,1192,8,5,0.13442113442113443,0.5742035742035742,0.16006216006216006,False,False,False,False
5,1193,8,5,0.13752913752913754,0.30924630924630925,0.1717171717171717,False,False,False,False
5,1194,8,5,0.07614607614607614,0.03496503496503497,0.05439005439005439,False,False,False,True
5,1195,8,5,0.030303030303030304,0.10023310023310024,0.030303030303030304,True,True,False,True
5,1196,8,5,0.8073038073038074,0.9696969696969697,0.9891219891219891,False,False,False,False
5,1197,8,5,0.9852369852369852,0.7272727272727273,0.9797979797979798,False,False,False,False
5,1198,8,5,0.972027972027972,0.7715617715617715,0.9922299922299922,False,False,False,False
5,1199,8,5,0.9805749805749806,0.5555555555555556,0.83993783993784,False,False,False,False
5,1200,8,5,0.6860916860916861,0.9153069153069153,0.8554778554778555,False,False,False,False
5,1201,8,5,0.7972027972027972,0.6278166278166278,0.7995337995337995,False,False,False,False
5,1202,8,5,0.7878787878787878,0.13286713286713286,0.42035742035742035,False,False,False,False
5,1203,8,5,0.5446775446775447,0.5874125874125874,0.5726495726495726,False,False,False,False
5,1204,8,5,0.533022533022533,0.37995337995337997,0.5470085470085471,False,False,False,False
5,1205,8,5,0.29448329448329447,0.22455322455322455,0.27505827505827507,False,False,False,False
5,1206,8,5,0.6674436674436675,0.5827505827505828,0.6884226884226884,False,False,False,False
5,1207,8,5,0.7606837606837606,0.3861693861693862,0.6775446775446775,False,False,False,False
5,1208,8,5,0.777000777000777,0.24397824397824397,0.4630924630924631,False,False,False,False
5,1209,8,5,0.48096348096348096,0.04351204351204351,0.24553224553224554,False,False,False,True
5,1210,8,5,0.49106449106449107,0.08236208236208237,0.28205128205128205,False,False,False,False
5,1211,8,5,0.2665112665112665,0.0777000777000777,0.1919191919191919,False,False,False,False
5,1212,8,5,0.19036519036519037,0.3947163947163947,0.22144522144522144,False,False,False,False
5,1213,8,5,0.19425019425019424,0.2338772338772339,0.21756021756021757,False,False,False,False
5,1214,8,5,0.11499611499611499,0.07536907536907538,0.09557109557109557,False,False,False,False
5,1215,8,5,0.04972804972804973,0.04040404040404041,0.03885003885003885,True,True,False,True
5,1216,8,5,0.425019425019425,0.5982905982905983,0.5462315462315462,False,False,False,False
5,1217,8,5,0.5003885003885004,0.48795648795648794,0.567987567987568,False,False,False,False
5,1218,8,5,0.5066045066045066,0.17249417249417248,0.3690753690753691,False,False,False,False
5,1219,8,5,0.2804972804972805,0.12043512043512043,0.23776223776223776,False,False,False,False
5,1220,8,5,0.3038073038073038,0.12665112665112666,0.2618492618492618,False,False,False,False
5,1221,8,5,0.14840714840714841,0.11188811188811189,0.13442113442113443,False,False,False,False
5,1222,8,5,0.1282051282051282,0.3473193473193473,0.11965811965811966,False,False,False,False
5,1223,8,5,0.12665112665112666,0.10644910644910645,0.11033411033411034,False,False,False,False
5,1224,8,5,0.0644910644910645,0.020202020202020204,0.037296037296037296,False,True,True,True
5,1225,8,5,0.02097902097902098,0.06293706293706294,0.017871017871017872,True,True,True,True
5,1226,8,5,0.10334110334110334,0.053613053613053616,0.06682206682206682,False,False,False,False
5,1227,8,5,0.10955710955710955,0.048174048174048176,0.07536907536907538,False,False,False,True
5,1228,8,5,0.05516705516705517,0.03263403263403263,0.035742035742035744,False,True,False,True
5,1229,8,5,0.017871017871017872,0.005439005439005439,0.010101010101010102,True,True,True,True
5,1230,8,5,0.006216006216006216,0.018648018648018648,0.003885003885003885,True,True,True,True
5,1231,8,5,0.5229215229215229,0.4296814296814297,0.6262626262626263,False,False,False,False
5,1232,8,5,0.8648018648018648,0.33877233877233875,0.682983682983683,False,False,False,False
5,1233,8,5,0.8756798756798757,0.5407925407925408,0.7466977466977467,False,False,False,False
5,1234,8,5,0.958041958041958,0.17560217560217561,0.5687645687645687,False,False,False,False
5,1235,8,5,0.5454545454545454,0.33644133644133645,0.5066045066045066,False,False,False,False
5,1236,8,5,0.6946386946386947,0.23853923853923853,0.411033411033411,False,False,False,False
5,1237,8,5,0.7187257187257188,0.03807303807303807,0.27195027195027194,False,False,False,True
5,1238,8,5,0.4840714840714841,0.425019425019425,0.3317793317793318,False,False,False,False
5,1239,8,5,0.5135975135975136,0.12198912198912198,0.3411033411033411,False,False,False,False
5,1240,8,5,0.29526029526029524,0.08469308469308469,0.14219114219114218,False,False,False,False
5,1241,8,5,0.41647241647241645,0.9494949494949495,0.6612276612276612,False,False,False,False
5,1242,8,5,0.47863247863247865,0.9774669774669774,0.7156177156177156,False,False,False,False
5,1243,8,5,0.5306915306915307,0.526029526029526,0.578088578088578,False,False,False,False
5,1244,8,5,0.36596736596736595,0.5835275835275835,0.43123543123543123,False,False,False,False
5,1245,8,5,0.40015540015540013,0.5912975912975913,0.5423465423465423,False,False,False,False
5,1246,8,5,0.22999222999222999,0.6410256410256411,0.3108003108003108,False,False,False,False
5,1247,8,5,0.14374514374514374,0.9627039627039627,0.20512820512820512,False,False,False,False
5,1248,8,5,0.1561771561771562,0.4693084693084693,0.2338772338772339,False,False,False,False
5,1249,8,5,0.09634809634809635,0.4358974358974359,0.11888111888111888,False,False,False,False
5,1250,8,5,0.046620046620046623,0.49417249417249415,0.0644910644910645,True,False,False,True
5,1251,8,5,0.3504273504273504,0.8104118104118104,0.49805749805749805,False,False,False,False
5,1252,8,5,0.4017094017094017,0.8422688422688422,0.5516705516705517,False,False,False,False
5,1253,8,5,0.44755244755244755,0.24864024864024864,0.4560994560994561,False,False,False,False
5,1254,8,5,0.2556332556332556,0.7389277389277389,0.29836829836829837,False,False,False,False
5,1255,8,5,0.2937062937062937,0.3745143745143745,0.3473193473193473,False,False,False,False
5,1256,8,5,0.13908313908313907,0.4731934731934732,0.16783216783216784,False,False,False,False
5,1257,8,5,0.09401709401709402,0.818958818958819,0.0947940947940948,False,False,False,False
5,1258,8,5,0.10023310023310024,0.23465423465423466,0.10101010101010101,False,False,False,False
5,1259,8,5,0.052059052059052056,0.03108003108003108,0.03108003108003108,False,True,False,True
5,1260,8,5,0.019425019425019424,0.36596736596736595,0.019425019425019424,True,True,True,True
5,1261,8,5,0.06604506604506605,0.7606837606837606,0.09013209013209013,False,False,False,False
5,1262,8,5,0.0777000777000777,0.4382284382284382,0.10955710955710955,False,False,False,False
5,1263,8,5,0.042735042735042736,0.4094794094794095,0.04972804972804973,True,True,False,True
5,1264,8,5,0.017094017094017096,0.2773892773892774,0.02097902097902098,True,True,True,True
5,1265,8,5,0.004662004662004662,0.3900543900543901,0.006993006993006993,True,True,True,True
5,1266,8,5,0.3108003108003108,0.951048951048951,0.4965034965034965,False,False,False,False
5,1267,8,5,0.3923853923853924,0.9829059829059829,0.6223776223776224,False,False,False,False
5,1268,8,5,0.3947163947163947,0.40714840714840717,0.439005439005439,False,False,False,False
5,1269,8,5,0.25097125097125095,0.8243978243978244,0.3333333333333333,False,False,False,False
5,1270,8,5,0.2634032634032634,0.5858585858585859,0.38073038073038074,False,False,False,False
5,1271,8,5,0.12432012432012432,0.6946386946386947,0.1825951825951826,False,False,False,False
5,1272,8,5,0.10567210567210568,0.9728049728049728,0.1258741258741259,False,False,False,False
5,1273,8,5,0.1048951048951049,0.36363636363636365,0.12665112665112666,False,False,False,False
5,1274,8,5,0.053613053613053616,0.17016317016317017,0.050505050505050504,False,False,False,False
5,1275,8,5,0.018648018648018648,0.5920745920745921,0.021756021756021756,True,True,True,True
5,1276,8,5,0.08003108003108003,0.5361305361305362,0.09324009324009325,False,False,False,False
5,1277,8,5,0.08702408702408702,0.26884226884226886,0.10878010878010878,False,False,False,False
5,1278,8,5,0.045066045066045064,0.29292929292929293,0.0473970473970474,True,True,False,True
5,1279,8,5,0.01554001554001554,0.11888111888111888,0.016317016317016316,True,True,True,True
5,1280,8,5,0.003885003885003885,0.3356643356643357,0.004662004662004662,True,True,True,True
5,1281,8,5,0.041181041181041184,0.6721056721056721,0.04584304584304584,True,True,False,True
5,1282,8,5,0.048174048174048176,0.2331002331002331,0.05672105672105672,True,False,False,True
5,1283,8,5,0.022533022533022532,0.1825951825951826,0.022533022533022532,True,True,True,True
5,1284,8,5,0.00777000777000777,0.222999222999223,0.009324009324009324,True,True,True,True
5,1285,8,5,0.001554001554001554,0.16317016317016317,0.001554001554001554,True,True,True,True
5,1286,8,5,0.000777000777000777,0.07148407148407149,0.000777000777000777,True,True,True,True
7,0,6,7,0.20046620046620048,0.0641025641025641,0.1655011655011655,False,False,False,False
7,1,6,7,0.3484848484848485,0.037296037296037296,0.10547785547785547,False,False,False,True
7,2,6,7,0.17191142191142192,0.6113053613053613,0.28846153846153844,False,False,False,False
7,3,6,7,0.2942890442890443,0.41375291375291373,0.398018648018648,False,False,False,False
7,4,6,7,0.4557109557109557,0.2762237762237762,0.47494172494172493,False,False,False,False
7,5,6,7,0.44405594405594406,0.8508158508158508,0.7173659673659674,False,False,False,False
7,6,6,7,0.4801864801864802,0.9463869463869464,0.6480186480186481,False,False,False,False
7,7,6,7,0.19755244755244755,0.06526806526806526,0.1456876456876457,False,False,False,False
7,8,6,7,0.12121212121212122,0.270979020979021,0.19289044289044288,False,False,False,False
7,9,6,7,0.20337995337995338,0.3356643356643357,0.26223776223776224,False,False,False,False
7,10,6,7,0.38927738927738925,0.08100233100233101,0.2738927738927739,False,False,False,False
7,11,6,7,0.398018648018648,0.6392773892773893,0.6468531468531469,False,False,False,False
7,12,6,7,0.3776223776223776,0.8222610722610723,0.5215617715617715,False,False,False,False
7,13,6,7,0.06526806526806526,0.4831002331002331,0.09906759906759907,False,False,False,False
7,14,6,7,0.3321678321678322,0.3245920745920746,0.3613053613053613,False,False,False,False
7,15,6,7,0.38344988344988346,0.2534965034965035,0.36480186480186483,False,False,False,False
7,16,6,7,0.42832167832167833,0.6503496503496503,0.6311188811188811,False,False,False,False
7,17,6,7,0.3111888111888112,0.7296037296037297,0.3945221445221445,False,False,False,False
7,18,6,7,0.16200466200466201,0.4865967365967366,0.2266899766899767,False,False,False,False
7,19,6,7,0.13228438228438227,0.26515151515151514,0.15734265734265734,False,False,False,False
7,20,6,7,0.20396270396270397,0.5920745920745921,0.32226107226107226,False,False,False,False
7,21,6,7,0.09965034965034965,0.6993006993006993,0.12412587412587413,False,False,False,False
7,22,6,7,0.2972027972027972,0.532051282051282,0.41083916083916083,False,False,False,False
7,23,6,7,0.4597902097902098,0.6585081585081585,0.6235431235431236,False,False,False,False
7,24,6,7,0.40617715617715616,0.5588578088578089,0.4423076923076923,False,False,False,False
7,25,6,7,0.38636363636363635,0.5751748251748252,0.5081585081585082,False,False,False,False
7,26,6,7,0.2913752913752914,0.708041958041958,0.4201631701631702,False,False,False,False
7,27,6,7,0.24708624708624707,0.8251748251748252,0.3817016317016317,False,False,False,False
7,28,6,7,0.28263403263403264,0.0005827505827505828,0.01282051282051282,False,True,True,True
7,29,6,7,0.1520979020979021,0.04428904428904429,0.08216783216783216,False,False,False,True
7,30,6,7,0.2668997668997669,0.05944055944055944,0.19405594405594406,False,False,False,False
7,31,6,7,0.5337995337995338,0.018065268065268064,0.11888111888111888,False,False,True,True
7,32,6,7,0.5524475524475524,0.2517482517482518,0.5716783216783217,False,False,False,False
7,33,6,7,0.5891608391608392,0.1864801864801865,0.47086247086247085,False,False,False,False
7,34,6,7,0.06876456876456877,0.026806526806526808,0.02972027972027972,False,True,False,True
7,35,6,7,0.4289044289044289,0.038461538461538464,0.1486013986013986,False,False,False,True
7,36,6,7,0.49009324009324007,0.008158508158508158,0.06701631701631702,False,False,True,True
7,37,6,7,0.585081585081585,0.14335664335664336,0.33916083916083917,False,False,False,False
7,38,6,7,0.3752913752913753,0.07517482517482517,0.21386946386946387,False,False,False,False
7,39,6,7,0.1987179487179487,0.21037296037296038,0.20512820512820512,False,False,False,False
7,40,6,7,0.20804195804195805,0.09149184149184149,0.16783216783216784,False,False,False,False
7,41,6,7,0.23135198135198135,0.6456876456876457,0.3537296037296037,False,False,False,False
7,42,6,7,0.10547785547785547,0.6043123543123543,0.12995337995337997,False,False,False,False
7,43,6,7,0.3723776223776224,0.2296037296037296,0.3717948717948718,False,False,False,False
7,44,6,7,0.5984848484848485,0.5623543123543123,0.6643356643356644,False,False,False,False
7,45,6,7,0.6165501165501166,0.40559440559440557,0.5734265734265734,False,False,False,False
7,46,6,7,0.6958041958041958,0.6066433566433567,0.7634032634032634,False,False,False,False
7,47,6,7,0.6794871794871795,0.5122377622377622,0.7406759906759907,False,False,False,False
7,48,6,7,0.486013986013986,0.9318181818181818,0.7057109557109557,False,False,False,False
7,49,6,7,0.07284382284382285,0.051864801864801864,0.06060606060606061,False,False,False,False
7,50,6,7,0.23484848484848486,0.057692307692307696,0.1649184149184149,False,False,False,False
7,51,6,7,0.40442890442890445,0.019813519813519812,0.12004662004662005,False,False,True,True
7,52,6,7,0.4353146853146853,0.2540792540792541,0.46503496503496505,False,False,False,False
7,53,6,7,0.331002331002331,0.17657342657342656,0.3117715617715618,False,False,False,False
7,54,6,7,0.16083916083916083,0.09382284382284382,0.14277389277389277,False,False,False,False
7,55,6,7,0.22727272727272727,0.027389277389277388,0.09498834498834499,False,False,False,True
7,56,6,7,0.2191142191142191,0.3368298368298368,0.32051282051282054,False,False,False,False
7,57,6,7,0.14335664335664336,0.291958041958042,0.17249417249417248,False,False,False,False
7,58,6,7,0.3939393939393939,0.08974358974358974,0.24708624708624707,False,False,False,False
7,59,6,7,0.5827505827505828,0.30594405594405594,0.5681818181818182,False,False,False,False
7,60,6,7,0.5448717948717948,0.2703962703962704,0.42132867132867136,False,False,False,False
7,61,6,7,0.6153846153846154,0.26282051282051283,0.6095571095571095,False,False,False,False
7,62,6,7,0.5716783216783217,0.2395104895104895,0.5273892773892774,False,False,False,False
7,63,6,7,0.48426573426573427,0.6363636363636364,0.6590909090909091,False,False,False,False
7,64,6,7,0.08916083916083917,0.19696969696969696,0.09848484848484848,False,False,False,False
7,65,6,7,0.055944055944055944,0.11596736596736597,0.06818181818181818,False,False,False,False
7,66,6,7,0.10431235431235432,0.5932400932400932,0.16724941724941725,False,False,False,False
7,67,6,7,0.05011655011655012,0.4662004662004662,0.06235431235431235,False,False,False,False
7,68,6,7,0.26165501165501165,0.21095571095571095,0.28263403263403264,False,False,False,False
7,69,6,7,0.43006993006993005,0.5425407925407926,0.5448717948717948,False,False,False,False
7,70,6,7,0.3280885780885781,0.3175990675990676,0.331002331002331,False,False,False,False
7,71,6,7,0.4766899766899767,0.5524475524475524,0.5355477855477856,False,False,False,False
7,72,6,7,0.2511655011655012,0.40617715617715616,0.32867132867132864,False,False,False,False
7,73,6,7,0.2738927738927739,0.8053613053613053,0.4131701631701632,False,False,False,False
7,74,6,7,0.15268065268065267,0.10955710955710955,0.14918414918414918,False,False,False,False
7,75,6,7,0.229020979020979,0.4155011655011655,0.27913752913752915,False,False,False,False
7,76,6,7,0.1351981351981352,0.4125874125874126,0.1445221445221445,False,False,False,False
7,77,6,7,0.22843822843822845,0.3117715617715618,0.26107226107226106,False,False,False,False
7,78,6,7,0.07925407925407925,0.16783216783216784,0.08391608391608392,False,False,False,False
7,79,6,7,0.11188811188811189,0.6468531468531469,0.15093240093240093,False,False,False,False
7,80,6,7,0.412004662004662,0.4324009324009324,0.4020979020979021,False,False,False,False
7,81,6,7,0.3787878787878788,0.4219114219114219,0.48543123543123545,False,False,False,False
7,82,6,7,0.2517482517482518,0.6165501165501166,0.36363636363636365,False,False,False,False
7,83,6,7,0.11713286713286714,0.6905594405594405,0.1794871794871795,False,False,False,False
7,84,6,7,0.28088578088578087,0.03496503496503497,0.08974358974358974,False,False,False,True
7,85,6,7,0.3181818181818182,0.817016317016317,0.5110722610722611,False,False,False,False
7,86,6,7,0.18065268065268064,0.6736596736596736,0.3280885780885781,False,False,False,False
7,87,6,7,0.42715617715617715,0.3146853146853147,0.4819347319347319,False,False,False,False
7,88,6,7,0.42424242424242425,0.958041958041958,0.7132867132867133,False,False,False,False
7,89,6,7,0.48834498834498835,0.972027972027972,0.6544289044289044,False,False,False,False
7,90,6,7,0.3997668997668998,0.5227272727272727,0.45396270396270394,False,False,False,False
7,91,6,7,0.4586247086247086,0.3578088578088578,0.5268065268065268,False,False,False,False
7,92,6,7,0.6375291375291375,0.14976689976689977,0.3543123543123543,False,False,False,False
7,93,6,7,0.6480186480186481,0.585081585081585,0.7412587412587412,False,False,False,False
7,94,6,7,0.6573426573426573,0.43997668997669,0.578088578088578,False,False,False,False
7,95,6,7,0.5611888111888111,0.960955710955711,0.8175990675990676,False,False,False,False
7,96,6,7,0.6998834498834499,0.7424242424242424,0.824009324009324,False,False,False,False
7,97,6,7,0.5594405594405595,0.9481351981351981,0.8665501165501166,False,False,False,False
7,98,6,7,0.6585081585081585,0.9982517482517482,0.8344988344988346,False,False,False,False
7,99,6,7,0.4090909090909091,0.9737762237762237,0.6684149184149184,False,False,False,False
7,100,6,7,0.567016317016317,0.7243589743589743,0.7738927738927739,False,False,False,False
7,101,6,7,0.594988344988345,0.5699300699300699,0.5675990675990676,False,False,False,False
7,102,6,7,0.5967365967365967,0.9009324009324009,0.817016317016317,False,False,False,False
7,103,6,7,0.5722610722610723,0.9854312354312355,0.8088578088578089,False,False,False,False
7,104,6,7,0.41375291375291373,0.8344988344988346,0.6153846153846154,False,False,False,False
7,105,6,7,0.243006993006993,0.8519813519813519,0.4178321678321678,False,False,False,False
7,106,6,7,0.26456876456876455,0.5961538461538461,0.43414918414918413,False,False,False,False
7,107,6,7,0.45046620046620045,0.34440559440559443,0.4737762237762238,False,False,False,False
7,108,6,7,0.47435897435897434,0.8607226107226107,0.7313519813519813,False,False,False,False
7,109,6,7,0.42132867132867136,0.8455710955710956,0.5221445221445221,False,False,False,False
7,110,6,7,0.3344988344988345,0.8851981351981352,0.5699300699300699,False,False,False,False
7,111,6,7,0.25524475524475526,0.38403263403263405,0.3245920745920746,False,False,False,False
7,112,6,7,0.2529137529137529,0.6754079254079254,0.49009324009324007,False,False,False,False
7,113,6,7,0.24592074592074592,0.925990675990676,0.35664335664335667,False,False,False,False
7,114,6,7,0.3764568764568765,0.8939393939393939,0.5821678321678322,False,False,False,False
7,115,6,7,0.5034965034965035,0.7861305361305362,0.7342657342657343,False,False,False,False
7,116,6,7,0.458041958041958,0.6987179487179487,0.5017482517482518,False,False,False,False
7,117,6,7,0.31993006993006995,0.583916083916084,0.4959207459207459,False,False,False,False
7,118,6,7,0.25932400932400934,0.8123543123543123,0.41025641025641024,False,False,False,False
7,119,6,7,0.24533799533799533,0.8117715617715617,0.39335664335664333,False,False,False,False
7,120,6,7,0.3916083916083916,0.8444055944055944,0.6101398601398601,False,False,False,False
7,121,6,7,0.42773892773892774,0.8391608391608392,0.6264568764568764,False,False,False,False
7,122,6,7,0.4970862470862471,0.9289044289044289,0.8006993006993007,False,False,False,False
7,123,6,7,0.34498834498834496,0.9487179487179487,0.46445221445221446,False,False,False,False
7,124,6,7,0.46736596736596736,0.8892773892773893,0.6818181818181818,False,False,False,False
7,125,6,7,0.7103729603729604,0.4784382284382284,0.7733100233100233,False,False,False,False
7,126,6,7,0.6456876456876457,0.20396270396270397,0.4166666666666667,False,False,False,False
7,127,6,7,0.7331002331002331,0.9085081585081585,0.8752913752913752,False,False,False,False
7,128,6,7,0.6614219114219114,0.9283216783216783,0.8286713286713286,False,False,False,False
7,129,6,7,0.5431235431235432,0.5011655011655012,0.5891608391608392,False,False,False,False
7,130,6,7,0.47494172494172493,0.5990675990675991,0.615967365967366,False,False,False,False
7,131,6,7,0.6754079254079254,0.7202797202797203,0.835081585081585,False,False,False,False
7,132,6,7,0.5687645687645687,0.6684149184149184,0.5775058275058275,False,False,False,False
7,133,6,7,0.3817016317016317,0.24825174825174826,0.4627039627039627,False,False,False,False
7,134,6,7,0.30244755244755245,0.4114219114219114,0.3997668997668998,False,False,False,False
7,135,6,7,0.28846153846153844,0.5675990675990676,0.40792540792540793,False,False,False,False
7,136,6,7,0.3991841491841492,0.7546620046620046,0.539044289044289,False,False,False,False
7,137,6,7,0.3758741258741259,0.6526806526806527,0.5285547785547785,False,False,False,False
7,138,6,7,0.23601398601398602,0.23135198135198135,0.2511655011655012,False,False,False,False
7,139,6,7,0.06993006993006994,0.3735431235431235,0.08682983682983683,False,False,False,False
7,140,6,7,0.20221445221445222,0.02097902097902098,0.05536130536130536,False,False,True,True
7,141,6,7,0.1684149184149184,0.05244755244755245,0.11363636363636363,False,False,False,False
7,142,6,7,0.5909090909090909,0.006993006993006993,0.06177156177156177,False,False,True,True
7,143,6,7,0.682983682983683,0.14743589743589744,0.358974358974359,False,False,False,False
7,144,6,7,0.6655011655011654,0.07109557109557109,0.2715617715617716,False,False,False,False
7,145,6,7,0.2266899766899767,0.45163170163170163,0.30186480186480186,False,False,False,False
7,146,6,7,0.6800699300699301,0.1451048951048951,0.36713286713286714,False,False,False,False
7,147,6,7,0.6468531468531469,0.905011655011655,0.844988344988345,False,False,False,False
7,148,6,7,0.7226107226107226,0.9125874125874126,0.8076923076923077,False,False,False,False
7,149,6,7,0.479020979020979,0.4458041958041958,0.5874125874125874,False,False,False,False
7,150,6,7,0.6835664335664335,0.7482517482517482,0.8403263403263403,False,False,False,False
7,151,6,7,0.6748251748251748,0.4766899766899767,0.6835664335664335,False,False,False,False
7,152,6,7,0.75,0.789044289044289,0.87004662004662,False,False,False,False
7,153,6,7,0.7266899766899767,0.6952214452214452,0.8828671328671329,False,False,False,False
7,154,6,7,0.6124708624708625,0.9388111888111889,0.8210955710955711,False,False,False,False
7,155,6,7,0.2703962703962704,0.31993006993006995,0.30011655011655014,False,False,False,False
7,156,6,7,0.5367132867132867,0.0944055944055944,0.23834498834498835,False,False,False,False
7,157,6,7,0.6311188811188811,0.7400932400932401,0.7138694638694638,False,False,False,False
7,158,6,7,0.3945221445221445,0.5297202797202797,0.40034965034965037,False,False,False,False
7,159,6,7,0.5402097902097902,0.26223776223776224,0.49067599067599066,False,False,False,False
7,160,6,7,0.8199300699300699,0.4160839160839161,0.6958041958041958,False,False,False,False
7,161,6,7,0.8175990675990676,0.1386946386946387,0.47785547785547783,False,False,False,False
7,162,6,7,0.9242424242424242,0.5151515151515151,0.747086247086247,False,False,False,False
7,163,6,7,0.8951048951048951,0.2977855477855478,0.7115384615384616,False,False,False,False
7,164,6,7,0.7016317016317016,0.3688811188811189,0.5658508158508159,False,False,False,False
7,165,6,7,0.4965034965034965,0.541958041958042,0.6188811188811189,False,False,False,False
7,166,6,7,0.7523310023310024,0.8974358974358975,0.905011655011655,False,False,False,False
7,167,6,7,0.743006993006993,0.8286713286713286,0.7867132867132867,False,False,False,False
7,168,6,7,0.782051282051282,0.7336829836829837,0.8531468531468531,False,False,False,False
7,169,6,7,0.7785547785547785,0.7762237762237763,0.8817016317016317,False,False,False,False
7,170,6,7,0.5914918414918415,0.9941724941724942,0.8135198135198135,False,False,False,False
7,171,6,7,0.5180652680652681,0.951048951048951,0.6520979020979021,False,False,False,False
7,172,6,7,0.5506993006993007,0.8735431235431236,0.7505827505827506,False,False,False,False
7,173,6,7,0.29953379953379955,0.6101398601398601,0.4318181818181818,False,False,False,False
7,174,6,7,0.14102564102564102,0.9988344988344988,0.2331002331002331,False,False,False,False
7,175,6,7,0.15442890442890442,0.44522144522144524,0.229020979020979,False,False,False,False
7,176,6,7,0.3927738927738928,0.20337995337995338,0.34324009324009325,False,False,False,False
7,177,6,7,0.44988344988344986,0.9516317016317016,0.6987179487179487,False,False,False,False
7,178,6,7,0.34207459207459207,0.8572261072261073,0.4726107226107226,False,False,False,False
7,179,6,7,0.2977855477855478,0.44463869463869465,0.42074592074592077,False,False,False,False
7,180,6,7,0.5757575757575758,0.7494172494172494,0.715034965034965,False,False,False,False
7,181,6,7,0.5355477855477856,0.36013986013986016,0.5192307692307693,False,False,False,False
7,182,6,7,0.7342657342657343,0.8368298368298368,0.8269230769230769,False,False,False,False
7,183,6,7,0.710955710955711,0.655011655011655,0.8094405594405595,False,False,False,False
7,184,6,7,0.4160839160839161,0.8828671328671329,0.585081585081585,False,False,False,False
7,185,6,7,0.30303030303030304,0.23543123543123542,0.3479020979020979,False,False,False,False
7,186,6,7,0.5751748251748252,0.763986013986014,0.7325174825174825,False,False,False,False
7,187,6,7,0.5308857808857809,0.7004662004662005,0.5506993006993007,False,False,False,False
7,188,6,7,0.44755244755244755,0.38286713286713286,0.527972027972028,False,False,False,False
7,189,6,7,0.4254079254079254,0.3723776223776224,0.5122377622377622,False,False,False,False
7,190,6,7,0.29545454545454547,0.8863636363636364,0.4632867132867133,False,False,False,False
7,191,6,7,0.46153846153846156,0.7803030303030303,0.6206293706293706,False,False,False,False
7,192,6,7,0.4318181818181818,0.7074592074592074,0.6276223776223776,False,False,False,False
7,193,6,7,0.24766899766899766,0.7266899766899767,0.3927738927738928,False,False,False,False
7,194,6,7,0.08741258741258741,0.9090909090909091,0.13636363636363635,False,False,False,False
7,195,6,7,0.1590909090909091,0.4772727272727273,0.243006993006993,False,False,False,False
7,196,6,7,0.3921911421911422,0.8589743589743589,0.5710955710955711,False,False,False,False
7,197,6,7,0.29603729603729606,0.5979020979020979,0.3747086247086247,False,False,False,False
7,198,6,7,0.4324009324009324,0.8374125874125874,0.6066433566433567,False,False,False,False
7,199,6,7,0.25815850815850816,0.6695804195804196,0.372960372960373,False,False,False,False
7,200,6,7,0.19289044289044288,0.9743589743589743,0.3006993006993007,False,False,False,False
7,201,6,7,0.3986013986013986,0.9003496503496503,0.4755244755244755,False,False,False,False
7,202,6,7,0.4015151515151515,0.5757575757575758,0.5209790209790209,False,False,False,False
7,203,6,7,0.20745920745920746,0.24475524475524477,0.22435897435897437,False,False,False,False
7,204,6,7,0.07517482517482517,0.9848484848484849,0.10722610722610723,False,False,False,False
7,205,6,7,0.3106060606060606,0.5198135198135199,0.3327505827505827,False,False,False,False
7,206,6,7,0.2837995337995338,0.5314685314685315,0.40326340326340326,False,False,False,False
7,207,6,7,0.17132867132867133,0.7249417249417249,0.2523310023310023,False,False,False,False
7,208,6,7,0.060023310023310024,0.504079254079254,0.07459207459207459,False,False,False,False
7,209,6,7,0.023892773892773892,0.782051282051282,0.030885780885780884,True,True,True,True
7,210,6,7,0.2867132867132867,0.023892773892773892,0.07692307692307693,False,False,True,True
7,211,6,7,0.3543123543123543,0.7674825174825175,0.5611888111888111,False,False,False,False
7,212,6,7,0.22144522144522144,0.44114219114219116,0.3368298368298368,False,False,False,False
7,213,6,7,0.4772727272727273,0.2937062937062937,0.460955710955711,False,False,False,False
7,214,6,7,0.432983682983683,0.9667832167832168,0.7016317016317016,False,False,False,False
7,215,6,7,0.5011655011655012,0.7983682983682984,0.6182983682983683,False,False,False,False
7,216,6,7,0.45396270396270394,0.5081585081585082,0.5128205128205128,False,False,False,False
7,217,6,7,0.5769230769230769,0.23426573426573427,0.48834498834498835,False,False,False,False
7,218,6,7,0.62004662004662,0.14801864801864803,0.34498834498834496,False,False,False,False
7,219,6,7,0.6410256410256411,0.7878787878787878,0.7902097902097902,False,False,False,False
7,220,6,7,0.6672494172494172,0.3327505827505827,0.5483682983682984,False,False,False,False
7,221,6,7,0.7377622377622378,0.8723776223776224,0.9061771561771562,False,False,False,False
7,222,6,7,0.7564102564102564,0.8986013986013986,0.9125874125874126,False,False,False,False
7,223,6,7,0.6503496503496503,0.9871794871794872,0.9353146853146853,False,False,False,False
7,224,6,7,0.7354312354312355,0.9953379953379954,0.8694638694638694,False,False,False,False
7,225,6,7,0.5233100233100233,0.9656177156177156,0.7937062937062938,False,False,False,False
7,226,6,7,0.634032634032634,0.828088578088578,0.8566433566433567,False,False,False,False
7,227,6,7,0.7022144522144522,0.4195804195804196,0.587995337995338,False,False,False,False
7,228,6,7,0.46853146853146854,0.9906759906759907,0.7068764568764568,False,False,False,False
7,229,6,7,0.45454545454545453,0.997086247086247,0.703962703962704,False,False,False,False
7,230,6,7,0.3368298368298368,0.9300699300699301,0.5559440559440559,False,False,False,False
7,231,6,7,0.2744755244755245,0.8012820512820513,0.48717948717948717,False,False,False,False
7,232,6,7,0.34673659673659674,0.3548951048951049,0.4155011655011655,False,False,False,False
7,233,6,7,0.5635198135198135,0.32284382284382285,0.5099067599067599,False,False,False,False
7,234,6,7,0.5710955710955711,0.9761072261072261,0.833916083916084,False,False,False,False
7,235,6,7,0.5332167832167832,0.5938228438228438,0.5565268065268065,False,False,False,False
7,236,6,7,0.4358974358974359,0.7913752913752914,0.6631701631701632,False,False,False,False
7,237,6,7,0.6777389277389277,0.5646853146853147,0.7546620046620046,False,False,False,False
7,238,6,7,0.5903263403263403,0.8875291375291375,0.8927738927738927,False,False,False,False
7,239,6,7,0.6206293706293706,0.967948717948718,0.7663170163170163,False,False,False,False
7,240,6,7,0.4865967365967366,0.8665501165501166,0.6771561771561772,False,False,False,False
7,241,6,7,0.6305361305361306,0.7342657342657343,0.8374125874125874,False,False,False,False
7,242,6,7,0.6048951048951049,0.46911421911421913,0.5227272727272727,False,False,False,False
7,243,6,7,0.5518648018648019,0.865967365967366,0.7808857808857809,False,False,False,False
7,244,6,7,0.4696969696969697,0.9696969696969697,0.7004662004662005,False,False,False,False
7,245,6,7,0.37004662004662003,0.8438228438228438,0.5827505827505828,False,False,False,False
7,246,6,7,0.534965034965035,0.710955710955711,0.6416083916083916,False,False,False,False
7,247,6,7,0.49475524475524474,0.9621212121212122,0.701048951048951,False,False,False,False
7,248,6,7,0.5664335664335665,0.9924242424242424,0.87995337995338,False,False,False,False
7,249,6,7,0.3822843822843823,0.844988344988345,0.458041958041958,False,False,False,False
7,250,6,7,0.3974358974358974,0.8356643356643356,0.5990675990675991,False,False,False,False
7,251,6,7,0.6019813519813519,0.35664335664335667,0.6421911421911422,False,False,False,False
7,252,6,7,0.5868298368298368,0.13694638694638694,0.2773892773892774,False,False,False,False
7,253,6,7,0.5617715617715617,0.9842657342657343,0.7762237762237763,False,False,False,False
7,254,6,7,0.5116550116550117,0.8292540792540792,0.6404428904428905,False,False,False,False
7,255,6,7,0.4149184149184149,0.36363636363636365,0.45046620046620045,False,False,False,False
7,256,6,7,0.6217948717948718,0.703962703962704,0.7453379953379954,False,False,False,False
7,257,6,7,0.8094405594405595,0.75,0.9224941724941725,False,False,False,False
7,258,6,7,0.7313519813519813,0.5705128205128205,0.6013986013986014,False,False,False,False
7,259,6,7,0.6893939393939394,0.5448717948717948,0.7832167832167832,False,False,False,False
7,260,6,7,0.5454545454545454,0.6923076923076923,0.6258741258741258,False,False,False,False
7,261,6,7,0.5046620046620046,0.7383449883449883,0.6812354312354313,False,False,False,False
7,262,6,7,0.4026806526806527,0.8146853146853147,0.581002331002331,False,False,False,False
7,263,6,7,0.418997668997669,0.5815850815850816,0.5687645687645687,False,False,False,False
7,264,6,7,0.2406759906759907,0.1789044289044289,0.2505827505827506,False,False,False,False
7,265,6,7,0.08041958041958042,0.6375291375291375,0.12703962703962704,False,False,False,False
7,266,6,7,0.391025641025641,0.015734265734265736,0.07051282051282051,False,False,True,True
7,267,6,7,0.5163170163170163,0.035547785547785545,0.14801864801864803,False,False,False,True
7,268,6,7,0.6841491841491841,0.005244755244755245,0.05827505827505827,False,False,True,True
7,269,6,7,0.756993006993007,0.11363636363636363,0.36247086247086246,False,False,False,False
7,270,6,7,0.747086247086247,0.055944055944055944,0.24417249417249418,False,False,False,False
7,271,6,7,0.6567599067599068,0.33916083916083917,0.6043123543123543,False,False,False,False
7,272,6,7,0.7814685314685315,0.13986013986013987,0.3962703962703963,False,False,False,False
7,273,6,7,0.7435897435897436,0.8881118881118881,0.914918414918415,False,False,False,False
7,274,6,7,0.8286713286713286,0.7808857808857809,0.8368298368298368,False,False,False,False
7,275,6,7,0.7004662004662005,0.34906759906759904,0.6427738927738927,False,False,False,False
7,276,6,7,0.8426573426573427,0.5728438228438228,0.872960372960373,False,False,False,False
7,277,6,7,0.8968531468531469,0.2727272727272727,0.6602564102564102,False,False,False,False
7,278,6,7,0.9557109557109557,0.7581585081585082,0.9568764568764568,False,False,False,False
7,279,6,7,0.9498834498834499,0.5367132867132867,0.9230769230769231,False,False,False,False
7,280,6,7,0.8333333333333334,0.7587412587412588,0.9055944055944056,False,False,False,False
7,281,6,7,0.5058275058275058,0.2465034965034965,0.4184149184149184,False,False,False,False
7,282,6,7,0.5815850815850816,0.10139860139860139,0.25990675990675993,False,False,False,False
7,283,6,7,0.6555944055944056,0.7196969696969697,0.7319347319347319,False,False,False,False
7,284,6,7,0.42365967365967366,0.4347319347319347,0.4090909090909091,False,False,False,False
7,285,6,7,0.32575757575757575,0.20745920745920746,0.3344988344988345,False,False,False,False
7,286,6,7,0.5291375291375291,0.38461538461538464,0.5582750582750583,False,False,False,False
7,287,6,7,0.5407925407925408,0.10897435897435898,0.3374125874125874,False,False,False,False
7,288,6,7,0.5641025641025641,0.506993006993007,0.5303030303030303,False,False,False,False
7,289,6,7,0.5268065268065268,0.25466200466200467,0.47202797202797203,False,False,False,False
7,290,6,7,0.40967365967365965,0.3543123543123543,0.40093240093240096,False,False,False,False
7,291,6,7,0.62995337995338,0.5402097902097902,0.682983682983683,False,False,False,False
7,292,6,7,0.8583916083916084,0.8024475524475524,0.9452214452214452,False,False,False,False
7,293,6,7,0.8554778554778555,0.6404428904428905,0.7680652680652681,False,False,False,False
7,294,6,7,0.8589743589743589,0.8630536130536131,0.9428904428904429,False,False,False,False
7,295,6,7,0.8601398601398601,0.8001165501165501,0.925990675990676,False,False,False,False
7,296,6,7,0.7121212121212122,0.9883449883449883,0.8968531468531469,False,False,False,False
7,297,6,7,0.30011655011655014,0.8968531468531469,0.46153846153846156,False,False,False,False
7,298,6,7,0.3304195804195804,0.6486013986013986,0.5157342657342657,False,False,False,False
7,299,6,7,0.1853146853146853,0.5716783216783217,0.2634032634032634,False,False,False,False
7,300,6,7,0.10839160839160839,1.0,0.175990675990676,False,False,False,False
7,301,6,7,0.36538461538461536,0.32400932400932403,0.43123543123543123,False,False,False,False
7,302,6,7,0.5227272727272727,0.20221445221445222,0.4149184149184149,False,False,False,False
7,303,6,7,0.5944055944055944,0.9020979020979021,0.8391608391608392,False,False,False,False
7,304,6,7,0.40734265734265734,0.6882284382284383,0.5163170163170163,False,False,False,False
7,305,6,7,0.4166666666666667,0.3339160839160839,0.4836829836829837,False,False,False,False
7,306,6,7,0.717948717948718,0.5734265734265734,0.777972027972028,False,False,False,False
7,307,6,7,0.6888111888111889,0.2062937062937063,0.48892773892773894,False,False,False,False
7,308,6,7,0.777972027972028,0.8129370629370629,0.8508158508158508,False,False,False,False
7,309,6,7,0.7290209790209791,0.49242424242424243,0.7686480186480187,False,False,False,False
7,310,6,7,0.5652680652680653,0.6573426573426573,0.6724941724941725,False,False,False,False
7,311,6,7,0.5384615384615384,0.2365967365967366,0.5046620046620046,False,False,False,False
7,312,6,7,0.8362470862470862,0.6538461538461539,0.918997668997669,False,False,False,False
7,313,6,7,0.8187645687645687,0.527972027972028,0.6322843822843823,False,False,False,False
7,314,6,7,0.865967365967366,0.5477855477855478,0.9079254079254079,False,False,False,False
7,315,6,7,0.8537296037296037,0.37995337995337997,0.791958041958042,False,False,False,False
7,316,6,7,0.6637529137529138,0.914918414918415,0.8554778554778555,False,False,False,False
7,317,6,7,0.6474358974358975,0.717948717948718,0.7855477855477856,False,False,False,False
7,318,6,7,0.6445221445221445,0.5495337995337995,0.7581585081585082,False,False,False,False
7,319,6,7,0.36946386946386944,0.5256410256410257,0.5372960372960373,False,False,False,False
7,320,6,7,0.14976689976689977,0.9527972027972028,0.26515151515151514,False,False,False,False
7,321,6,7,0.25466200466200467,0.46503496503496505,0.34615384615384615,False,False,False,False
7,322,6,7,0.5081585081585082,0.7313519813519813,0.6596736596736597,False,False,False,False
7,323,6,7,0.38403263403263405,0.4085081585081585,0.3735431235431235,False,False,False,False
7,324,6,7,0.49417249417249415,0.9324009324009324,0.6509324009324009,False,False,False,False
7,325,6,7,0.28554778554778554,0.6899766899766899,0.3752913752913753,False,False,False,False
7,326,6,7,0.26515151515151514,0.87004662004662,0.4026806526806527,False,False,False,False
7,327,6,7,0.3356643356643357,0.8187645687645687,0.4603729603729604,False,False,False,False
7,328,6,7,0.3508158508158508,0.4149184149184149,0.45163170163170163,False,False,False,False
7,329,6,7,0.21328671328671328,0.1486013986013986,0.1987179487179487,False,False,False,False
7,330,6,7,0.10023310023310024,0.9358974358974359,0.14393939393939395,False,False,False,False
7,331,6,7,0.4574592074592075,0.6083916083916084,0.5361305361305362,False,False,False,False
7,332,6,7,0.4230769230769231,0.5466200466200466,0.5594405594405595,False,False,False,False
7,333,6,7,0.2762237762237762,0.6037296037296037,0.3956876456876457,False,False,False,False
7,334,6,7,0.11538461538461539,0.7395104895104895,0.1858974358974359,False,False,False,False
7,335,6,7,0.027389277389277388,0.7016317016317016,0.037296037296037296,True,True,False,True
7,336,6,7,0.3747086247086247,0.48717948717948717,0.39044289044289043,False,False,False,False
7,337,6,7,0.372960372960373,0.3269230769230769,0.4230769230769231,False,False,False,False
7,338,6,7,0.5763403263403264,0.09265734265734266,0.26282051282051283,False,False,False,False
7,339,6,7,0.6590909090909091,0.8111888111888111,0.7575757575757576,False,False,False,False
7,340,6,7,0.622960372960373,0.358974358974359,0.49125874125874125,False,False,False,False
7,341,6,7,0.45104895104895104,0.9772727272727273,0.7284382284382285,False,False,False,False
7,342,6,7,0.6678321678321678,0.9335664335664335,0.8519813519813519,False,False,False,False
7,343,6,7,0.5926573426573427,0.9749417249417249,0.8782051282051282,False,False,False,False
7,344,6,7,0.6847319347319347,0.9784382284382285,0.8455710955710956,False,False,False,False
7,345,6,7,0.44813519813519814,0.9900932400932401,0.7354312354312355,False,False,False,False
7,346,6,7,0.6363636363636364,0.9271561771561772,0.8956876456876457,False,False,False,False
7,347,6,7,0.6386946386946387,0.5763403263403264,0.6287878787878788,False,False,False,False
7,348,6,7,0.6520979020979021,0.9102564102564102,0.8921911421911422,False,False,False,False
7,349,6,7,0.6188811188811189,0.9184149184149184,0.8362470862470862,False,False,False,False
7,350,6,7,0.5361305361305362,0.8578088578088578,0.7744755244755245,False,False,False,False
7,351,6,7,0.7173659673659674,0.8141025641025641,0.877039627039627,False,False,False,False
7,352,6,7,0.7797202797202797,0.9865967365967366,0.9644522144522144,False,False,False,False
7,353,6,7,0.7628205128205128,0.9895104895104895,0.9766899766899767,False,False,False,False
7,354,6,7,0.7861305361305362,0.7977855477855478,0.8356643356643356,False,False,False,False
7,355,6,7,0.6118881118881119,0.8747086247086248,0.8059440559440559,False,False,False,False
7,356,6,7,0.7680652680652681,0.32342657342657344,0.6981351981351981,False,False,False,False
7,357,6,7,0.8065268065268065,0.0979020979020979,0.32517482517482516,False,False,False,False
7,358,6,7,0.8088578088578089,0.986013986013986,0.9597902097902098,False,False,False,False
7,359,6,7,0.8059440559440559,0.7791375291375291,0.8717948717948718,False,False,False,False
7,360,6,7,0.6579254079254079,0.26107226107226106,0.5145687645687645,False,False,False,False
7,361,6,7,0.6917249417249417,0.9632867132867133,0.9009324009324009,False,False,False,False
7,362,6,7,0.8123543123543123,0.7027972027972028,0.9318181818181818,False,False,False,False
7,363,6,7,0.8665501165501166,0.5862470862470862,0.7826340326340326,False,False,False,False
7,364,6,7,0.831002331002331,0.5833333333333334,0.9143356643356644,False,False,False,False
7,365,6,7,0.8572261072261073,0.7645687645687645,0.9277389277389277,False,False,False,False
7,366,6,7,0.6928904428904429,0.6305361305361306,0.828088578088578,False,False,False,False
7,367,6,7,0.46911421911421913,0.8490675990675991,0.6748251748251748,False,False,False,False
7,368,6,7,0.5099067599067599,0.6515151515151515,0.6713286713286714,False,False,False,False
7,369,6,7,0.30885780885780884,0.13228438228438227,0.2872960372960373,False,False,False,False
7,370,6,7,0.12412587412587413,0.5413752913752914,0.19114219114219114,False,False,False,False
7,371,6,7,0.4959207459207459,0.9166666666666666,0.75,False,False,False,False
7,372,6,7,0.6334498834498834,0.9935897435897436,0.8805361305361306,False,False,False,False
7,373,6,7,0.6596736596736597,0.9994172494172494,0.9562937062937062,False,False,False,False
7,374,6,7,0.6264568764568764,0.9353146853146853,0.7441724941724942,False,False,False,False
7,375,6,7,0.502913752913753,0.9673659673659674,0.7202797202797203,False,False,False,False
7,376,6,7,0.7336829836829837,0.6223776223776224,0.8263403263403264,False,False,False,False
7,377,6,7,0.7307692307692307,0.2738927738927739,0.4994172494172494,False,False,False,False
7,378,6,7,0.7400932400932401,0.9918414918414918,0.9347319347319347,False,False,False,False
7,379,6,7,0.6952214452214452,0.9114219114219114,0.8327505827505828,False,False,False,False
7,380,6,7,0.5571095571095571,0.5553613053613053,0.6136363636363636,False,False,False,False
7,381,6,7,0.5961538461538461,0.9155011655011654,0.803030303030303,False,False,False,False
7,382,6,7,0.796037296037296,0.7756410256410257,0.9463869463869464,False,False,False,False
7,383,6,7,0.8100233100233101,0.6625874125874126,0.7803030303030303,False,False,False,False
7,384,6,7,0.41025641025641024,0.2907925407925408,0.5431235431235432,False,False,False,False
7,385,6,7,0.3811188811188811,0.4632867132867133,0.5034965034965035,False,False,False,False
7,386,6,7,0.32167832167832167,0.4574592074592075,0.46736596736596736,False,False,False,False
7,387,6,7,0.46561771561771564,0.8205128205128205,0.6754079254079254,False,False,False,False
7,388,6,7,0.42482517482517484,0.682983682983683,0.6113053613053613,False,False,False,False
7,389,6,7,0.2937062937062937,0.2698135198135198,0.3572261072261072,False,False,False,False
7,390,6,7,0.08974358974358974,0.3094405594405594,0.12237762237762238,False,False,False,False
7,391,6,7,0.4662004662004662,0.8904428904428905,0.6946386946386947,False,False,False,False
7,392,6,7,0.8257575757575758,0.5355477855477856,0.8747086247086248,False,False,False,False
7,393,6,7,0.7558275058275058,0.30477855477855476,0.5885780885780886,False,False,False,False
7,394,6,7,0.8047785547785548,0.5996503496503497,0.9172494172494172,False,False,False,False
7,395,6,7,0.7593240093240093,0.6724941724941725,0.8636363636363636,False,False,False,False
7,396,6,7,0.5897435897435898,0.4230769230769231,0.6451048951048951,False,False,False,False
7,397,6,7,0.5495337995337995,0.6107226107226107,0.6083916083916084,False,False,False,False
7,398,6,7,0.5209790209790209,0.31876456876456877,0.5314685314685315,False,False,False,False
7,399,6,7,0.32051282051282054,0.08275058275058275,0.22843822843822845,False,False,False,False
7,400,6,7,0.1456876456876457,0.3572261072261072,0.19813519813519814,False,False,False,False
7,401,6,7,0.6136363636363636,0.2400932400932401,0.583916083916084,False,False,False,False
7,402,6,7,0.6101398601398601,0.2564102564102564,0.5652680652680653,False,False,False,False
7,403,6,7,0.3793706293706294,0.12937062937062938,0.317016317016317,False,False,False,False
7,404,6,7,0.13111888111888112,0.09906759906759907,0.1351981351981352,False,False,False,False
7,405,6,7,0.05710955710955711,0.13927738927738928,0.06876456876456877,False,False,False,False
7,406,6,7,0.29836829836829837,0.3123543123543124,0.38053613053613056,False,False,False,False
7,407,6,7,0.7599067599067599,0.07459207459207459,0.27797202797202797,False,False,False,False
7,408,6,7,0.8455710955710956,0.7663170163170163,0.8991841491841492,False,False,False,False
7,409,6,7,0.8513986013986014,0.44696969696969696,0.7278554778554779,False,False,False,False
7,410,6,7,0.5699300699300699,0.23193473193473194,0.47144522144522144,False,False,False,False
7,411,6,7,0.7902097902097902,0.38519813519813517,0.664918414918415,False,False,False,False
7,412,6,7,0.8397435897435898,0.12121212121212122,0.46853146853146854,False,False,False,False
7,413,6,7,0.9073426573426573,0.4562937062937063,0.6806526806526807,False,False,False,False
7,414,6,7,0.9166666666666666,0.22494172494172493,0.6089743589743589,False,False,False,False
7,415,6,7,0.7301864801864801,0.31585081585081587,0.5378787878787878,False,False,False,False
7,416,6,7,0.6427738927738927,0.9417249417249417,0.8502331002331003,False,False,False,False
7,417,6,7,0.8904428904428905,0.9458041958041958,0.9889277389277389,False,False,False,False
7,418,6,7,0.9137529137529138,0.7768065268065268,0.9003496503496503,False,False,False,False
7,419,6,7,0.9487179487179487,0.946969696969697,0.997086247086247,False,False,False,False
7,420,6,7,0.9673659673659674,0.9446386946386947,0.9953379953379954,False,False,False,False
7,421,6,7,0.8001165501165501,0.9615384615384616,0.9627039627039627,False,False,False,False
7,422,6,7,0.5973193473193473,0.9836829836829837,0.8071095571095571,False,False,False,False
7,423,6,7,0.6515151515151515,0.7995337995337995,0.8397435897435898,False,False,False,False
7,424,6,7,0.4020979020979021,0.6713286713286714,0.5856643356643356,False,False,False,False
7,425,6,7,0.20687645687645687,0.9819347319347319,0.3502331002331002,False,False,False,False
7,426,6,7,0.49067599067599066,0.8199300699300699,0.6655011655011654,False,False,False,False
7,427,6,7,0.8409090909090909,0.835081585081585,0.9557109557109557,False,False,False,False
7,428,6,7,0.8484848484848485,0.4224941724941725,0.8024475524475524,False,False,False,False
7,429,6,7,0.7703962703962703,0.9912587412587412,0.9294871794871795,False,False,False,False
7,430,6,7,0.8181818181818182,0.9294871794871795,0.951048951048951,False,False,False,False
7,431,6,7,0.5979020979020979,0.8461538461538461,0.7517482517482518,False,False,False,False
7,432,6,7,0.3071095571095571,0.8822843822843823,0.432983682983683,False,False,False,False
7,433,6,7,0.3152680652680653,0.41025641025641024,0.43997668997669,False,False,False,False
7,434,6,7,0.20279720279720279,0.12412587412587413,0.18997668997668998,False,False,False,False
7,435,6,7,0.12237762237762238,0.8682983682983683,0.17365967365967366,False,False,False,False
7,436,6,7,0.541958041958042,0.872960372960373,0.7389277389277389,False,False,False,False
7,437,6,7,0.5885780885780886,0.6783216783216783,0.7564102564102564,False,False,False,False
7,438,6,7,0.3618881118881119,0.5792540792540792,0.5174825174825175,False,False,False,False
7,439,6,7,0.15792540792540793,0.8315850815850816,0.24592074592074592,False,False,False,False
7,440,6,7,0.038461538461538464,0.7319347319347319,0.049533799533799536,True,True,False,True
7,441,6,7,0.2803030303030303,0.9143356643356644,0.4761072261072261,False,False,False,False
7,442,6,7,0.7156177156177156,0.921911421911422,0.9015151515151515,False,False,False,False
7,443,6,7,0.6981351981351981,0.6089743589743589,0.7476689976689976,False,False,False,False
7,444,6,7,0.8222610722610723,0.9947552447552448,0.9807692307692307,False,False,False,False
7,445,6,7,0.8251748251748252,0.9877622377622378,0.9714452214452215,False,False,False,False
7,446,6,7,0.46386946386946387,0.9568764568764568,0.6888111888111889,False,False,False,False
7,447,6,7,0.493006993006993,0.9714452214452215,0.6392773892773893,False,False,False,False
7,448,6,7,0.4807692307692308,0.622960372960373,0.6148018648018648,False,False,False,False
7,449,6,7,0.2698135198135198,0.29603729603729606,0.31934731934731936,False,False,False,False
7,450,6,7,0.1048951048951049,0.9801864801864801,0.15326340326340326,False,False,False,False
7,451,6,7,0.5297202797202797,0.8333333333333334,0.7185314685314685,False,False,False,False
7,452,6,7,0.5343822843822844,0.5483682983682984,0.6625874125874126,False,False,False,False
7,453,6,7,0.2907925407925408,0.6282051282051282,0.44638694638694637,False,False,False,False
7,454,6,7,0.09906759906759907,0.5722610722610723,0.1346153846153846,False,False,False,False
7,455,6,7,0.03787878787878788,0.7505827505827506,0.047785547785547784,True,True,False,True
7,456,6,7,0.30186480186480186,0.8275058275058275,0.44813519813519814,False,False,False,False
7,457,6,7,0.32925407925407923,0.46561771561771564,0.44347319347319347,False,False,False,False
7,458,6,7,0.17482517482517482,0.2715617715617716,0.22144522144522144,False,False,False,False
7,459,6,7,0.06177156177156177,0.7628205128205128,0.07634032634032634,False,False,False,False
7,460,6,7,0.009906759906759906,0.3484848484848485,0.009906759906759906,True,True,True,True
7,461,6,7,0.017482517482517484,0.2837995337995338,0.019230769230769232,True,True,True,True
7,462,6,7,0.3677156177156177,0.009906759906759906,0.06118881118881119,False,False,True,True
7,463,6,7,0.16375291375291376,0.23834498834498835,0.20396270396270397,False,False,False,False
7,464,6,7,0.3175990675990676,0.5128205128205128,0.4522144522144522,False,False,False,False
7,465,6,7,0.6870629370629371,0.08741258741258741,0.3275058275058275,False,False,False,False
7,466,6,7,0.6247086247086248,0.747086247086247,0.8444055944055944,False,False,False,False
7,467,6,7,0.6975524475524476,0.7750582750582751,0.7797202797202797,False,False,False,False
7,468,6,7,0.07226107226107226,0.2686480186480186,0.07167832167832168,False,False,False,False
7,469,6,7,0.5745920745920746,0.3956876456876457,0.567016317016317,False,False,False,False
7,470,6,7,0.5303030303030303,0.06118881118881119,0.1789044289044289,False,False,False,False
7,471,6,7,0.6713286713286714,0.5145687645687645,0.6701631701631702,False,False,False,False
7,472,6,7,0.4621212121212121,0.41083916083916083,0.418997668997669,False,False,False,False
7,473,6,7,0.17424242424242425,0.5536130536130536,0.27214452214452217,False,False,False,False
7,474,6,7,0.11596736596736597,0.13403263403263405,0.11771561771561771,False,False,False,False
7,475,6,7,0.21212121212121213,0.6235431235431236,0.34207459207459207,False,False,False,False
7,476,6,7,0.09731934731934731,0.7138694638694638,0.1247086247086247,False,False,False,False
7,477,6,7,0.6824009324009324,0.5617715617715617,0.6998834498834499,False,False,False,False
7,478,6,7,0.7843822843822844,0.8962703962703963,0.932983682983683,False,False,False,False
7,479,6,7,0.7249417249417249,0.8304195804195804,0.736013986013986,False,False,False,False
7,480,6,7,0.7832167832167832,0.5693473193473193,0.8333333333333334,False,False,False,False
7,481,6,7,0.553030303030303,0.6853146853146853,0.6526806526806527,False,False,False,False
7,482,6,7,0.583916083916084,0.953962703962704,0.8065268065268065,False,False,False,False
7,483,6,7,0.0641025641025641,0.36305361305361306,0.08275058275058275,False,False,False,False
7,484,6,7,0.3141025641025641,0.5565268065268065,0.45454545454545453,False,False,False,False
7,485,6,7,0.4994172494172494,0.1182983682983683,0.30652680652680653,False,False,False,False
7,486,6,7,0.5052447552447552,0.745920745920746,0.7092074592074592,False,False,False,False
7,487,6,7,0.3706293706293706,0.7068764568764568,0.4597902097902098,False,False,False,False
7,488,6,7,0.15967365967365968,0.22202797202797203,0.1998834498834499,False,False,False,False
7,489,6,7,0.1660839160839161,0.039627039627039624,0.09615384615384616,False,False,False,True
7,490,6,7,0.1858974358974359,0.30885780885780884,0.28438228438228436,False,False,False,False
7,491,6,7,0.10198135198135198,0.30303030303030304,0.1148018648018648,False,False,False,False
7,492,6,7,0.5874125874125874,0.21853146853146854,0.42715617715617715,False,False,False,False
7,493,6,7,0.6806526806526807,0.666083916083916,0.8275058275058275,False,False,False,False
7,494,6,7,0.6002331002331003,0.581002331002331,0.5396270396270396,False,False,False,False
7,495,6,7,0.6730769230769231,0.28496503496503495,0.668997668997669,False,False,False,False
7,496,6,7,0.5192307692307693,0.3071095571095571,0.4982517482517482,False,False,False,False
7,497,6,7,0.5017482517482518,0.7931235431235432,0.6934731934731935,False,False,False,False
7,498,6,7,0.011072261072261072,0.44405594405594406,0.014568764568764568,True,True,True,True
7,499,6,7,0.01048951048951049,0.1987179487179487,0.009324009324009324,True,True,True,True
7,500,6,7,0.08566433566433566,0.5944055944055944,0.13053613053613053,False,False,False,False
7,501,6,7,0.008158508158508158,0.5372960372960373,0.005827505827505828,True,True,True,True
7,502,6,7,0.17365967365967366,0.46386946386946387,0.21561771561771562,False,False,False,False
7,503,6,7,0.6666666666666666,0.8537296037296037,0.8199300699300699,False,False,False,False
7,504,6,7,0.155011655011655,0.7097902097902098,0.17832167832167833,False,False,False,False
7,505,6,7,0.5786713286713286,0.5332167832167832,0.6107226107226107,False,False,False,False
7,506,6,7,0.1282051282051282,0.5058275058275058,0.15675990675990675,False,False,False,False
7,507,6,7,0.3315850815850816,0.8694638694638694,0.4970862470862471,False,False,False,False
7,508,6,7,0.02505827505827506,0.1282051282051282,0.023892773892773892,True,True,False,True
7,509,6,7,0.2465034965034965,0.38694638694638694,0.3076923076923077,False,False,False,False
7,510,6,7,0.020396270396270396,0.3712121212121212,0.015151515151515152,True,True,True,True
7,511,6,7,0.16258741258741258,0.09498834498834499,0.1451048951048951,False,False,False,False
7,512,6,7,0.013986013986013986,0.11655011655011654,0.011655011655011656,True,True,True,True
7,513,6,7,0.08275058275058275,0.32575757575757575,0.10198135198135198,False,False,False,False
7,514,6,7,0.4195804195804196,0.3962703962703963,0.40675990675990675,False,False,False,False
7,515,6,7,0.1451048951048951,0.36655011655011654,0.1893939393939394,False,False,False,False
7,516,6,7,0.21678321678321677,0.5885780885780886,0.30361305361305363,False,False,False,False
7,517,6,7,0.07400932400932402,0.25874125874125875,0.09265734265734266,False,False,False,False
7,518,6,7,0.04895104895104895,0.005827505827505828,0.011072261072261072,True,True,True,True
7,519,6,7,0.18706293706293706,0.04020979020979021,0.10664335664335664,False,False,False,True
7,520,6,7,0.5157342657342657,0.0017482517482517483,0.03146853146853147,False,True,True,True
7,521,6,7,0.5844988344988346,0.0675990675990676,0.24242424242424243,False,False,False,False
7,522,6,7,0.39044289044289043,0.049533799533799536,0.1561771561771562,False,False,False,True
7,523,6,7,0.11247086247086246,0.0168997668997669,0.05244755244755245,False,False,True,True
7,524,6,7,0.1998834498834499,0.002913752913752914,0.030303030303030304,False,True,True,True
7,525,6,7,0.19055944055944055,0.24242424242424243,0.2202797202797203,False,False,False,False
7,526,6,7,0.09615384615384616,0.03146853146853147,0.051864801864801864,False,False,False,True
7,527,6,7,0.6013986013986014,0.017482517482517484,0.10839160839160839,False,False,True,True
7,528,6,7,0.7138694638694638,0.5606060606060606,0.7878787878787878,False,False,False,False
7,529,6,7,0.7389277389277389,0.168997668997669,0.45104895104895104,False,False,False,False
7,530,6,7,0.828088578088578,0.1888111888111888,0.5244755244755245,False,False,False,False
7,531,6,7,0.8111888111888111,0.02972027972027972,0.16258741258741258,False,False,False,True
7,532,6,7,0.7062937062937062,0.675990675990676,0.7983682983682984,False,False,False,False
7,533,6,7,0.058857808857808856,0.18822843822843824,0.06468531468531469,False,False,False,False
7,534,6,7,0.03904428904428905,0.020396270396270396,0.018065268065268064,True,True,True,True
7,535,6,7,0.07983682983682984,0.43414918414918413,0.08857808857808858,False,False,False,False
7,536,6,7,0.03263403263403263,0.2162004662004662,0.027972027972027972,True,True,False,True
7,537,6,7,0.4143356643356643,0.14393939393939395,0.3094405594405594,False,False,False,False
7,538,6,7,0.6031468531468531,0.3776223776223776,0.5256410256410257,False,False,False,False
7,539,6,7,0.3735431235431235,0.14277389277389277,0.2564102564102564,False,False,False,False
7,540,6,7,0.5728438228438228,0.26165501165501165,0.3916083916083916,False,False,False,False
7,541,6,7,0.22202797202797203,0.10722610722610723,0.18706293706293706,False,False,False,False
7,542,6,7,0.3339160839160839,0.3076923076923077,0.2937062937062937,False,False,False,False
7,543,6,7,0.17832167832167833,0.007575757575757576,0.04895104895104895,False,True,True,True
7,544,6,7,0.22086247086247085,0.48776223776223776,0.27855477855477856,False,False,False,False
7,545,6,7,0.10314685314685315,0.18414918414918416,0.09149184149184149,False,False,False,False
7,546,6,7,0.20454545454545456,0.15034965034965034,0.18298368298368298,False,False,False,False
7,547,6,7,0.0472027972027972,0.009324009324009324,0.026223776223776224,True,True,True,True
7,548,6,7,0.08857808857808858,0.7022144522144522,0.12645687645687645,False,False,False,False
7,549,6,7,0.4224941724941725,0.5093240093240093,0.4376456876456876,False,False,False,False
7,550,6,7,0.4172494172494173,0.20046620046620048,0.4195804195804196,False,False,False,False
7,551,6,7,0.26573426573426573,0.8717948717948718,0.41375291375291373,False,False,False,False
7,552,6,7,0.12179487179487179,0.7144522144522144,0.19696969696969696,False,False,False,False
7,553,6,7,0.05244755244755245,0.11888111888111888,0.0675990675990676,False,False,False,False
7,554,6,7,0.05652680652680653,0.012237762237762238,0.03205128205128205,False,True,True,True
7,555,6,7,0.10897435897435898,0.48834498834498835,0.1555944055944056,False,False,False,False
7,556,6,7,0.051864801864801864,0.15967365967365968,0.055944055944055944,False,False,False,False
7,557,6,7,0.3094405594405594,0.11072261072261072,0.25757575757575757,False,False,False,False
7,558,6,7,0.47027972027972026,0.6118881118881119,0.6142191142191142,False,False,False,False
7,559,6,7,0.3374125874125874,0.20862470862470864,0.30885780885780884,False,False,False,False
7,560,6,7,0.6113053613053613,0.3554778554778555,0.5571095571095571,False,False,False,False
7,561,6,7,0.30652680652680653,0.11305361305361306,0.2674825174825175,False,False,False,False
7,562,6,7,0.33974358974358976,0.664918414918415,0.4807692307692308,False,False,False,False
7,563,6,7,0.17016317016317017,0.0034965034965034965,0.039627039627039624,False,True,True,True
7,564,6,7,0.23776223776223776,0.18065268065268064,0.21678321678321677,False,False,False,False
7,565,6,7,0.13403263403263405,0.14685314685314685,0.11655011655011654,False,False,False,False
7,566,6,7,0.2494172494172494,0.0472027972027972,0.13344988344988346,False,False,False,True
7,567,6,7,0.08391608391608392,0.004662004662004662,0.03496503496503497,False,True,True,True
7,568,6,7,0.12062937062937062,0.27913752913752915,0.1520979020979021,False,False,False,False
7,569,6,7,0.4405594405594406,0.17424242424242425,0.2837995337995338,False,False,False,False
7,570,6,7,0.4184149184149184,0.1590909090909091,0.38694638694638694,False,False,False,False
7,571,6,7,0.24883449883449885,0.6148018648018648,0.34906759906759904,False,False,False,False
7,572,6,7,0.11305361305361306,0.2931235431235431,0.15268065268065267,False,False,False,False
7,573,6,7,0.0017482517482517483,0.08566433566433566,0.0017482517482517483,True,True,True,True
7,574,6,7,0.10372960372960373,0.5268065268065268,0.1381118881118881,False,False,False,False
7,575,6,7,0.0011655011655011655,0.29545454545454547,0.0011655011655011655,True,True,True,True
7,576,6,7,0.05303030303030303,0.2668997668997669,0.060023310023310024,False,False,False,False
7,577,6,7,0.0005827505827505828,0.09848484848484848,0.0005827505827505828,True,True,True,True
7,578,6,7,0.042540792540792544,0.6439393939393939,0.058857808857808856,True,False,False,True
7,579,6,7,0.28438228438228436,0.5518648018648019,0.29836829836829837,False,False,False,False
7,580,6,7,0.037296037296037296,0.3280885780885781,0.043706293706293704,True,True,False,True
7,581,6,7,0.14918414918414918,0.7721445221445221,0.22202797202797203,False,False,False,False
7,582,6,7,0.054778554778554776,0.6491841491841492,0.07983682983682984,False,False,False,False
7,583,6,7,0.12995337995337997,0.10547785547785547,0.08566433566433566,False,False,False,False
7,584,6,7,0.002331002331002331,0.06060606060606061,0.002331002331002331,True,True,True,True
7,585,6,7,0.057692307692307696,0.47144522144522144,0.07226107226107226,False,False,False,False
7,586,6,7,0.018648018648018648,0.12995337995337997,0.02097902097902098,True,True,True,True
7,587,6,7,0.04020979020979021,0.5244755244755245,0.04836829836829837,True,True,False,True
7,588,6,7,0.2715617715617716,0.27855477855477856,0.22785547785547786,False,False,False,False
7,589,6,7,0.2400932400932401,0.47027972027972026,0.36013986013986016,False,False,False,False
7,590,6,7,0.6987179487179487,0.05419580419580419,0.19347319347319347,False,False,False,False
7,591,6,7,0.6923076923076923,0.5273892773892774,0.6730769230769231,False,False,False,False
7,592,6,7,0.7162004662004662,0.36713286713286714,0.5442890442890443,False,False,False,False
7,593,6,7,0.2948717948717949,0.932983682983683,0.5437062937062938,False,False,False,False
7,594,6,7,0.7482517482517482,0.18356643356643357,0.513986013986014,False,False,False,False
7,595,6,7,0.6107226107226107,0.479020979020979,0.8012820512820513,False,False,False,False
7,596,6,7,0.6853146853146853,0.8006993006993007,0.7383449883449883,False,False,False,False
7,597,6,7,0.5681818181818182,0.916083916083916,0.7657342657342657,False,False,False,False
7,598,6,7,0.6241258741258742,0.9498834498834499,0.8723776223776224,False,False,False,False
7,599,6,7,0.6351981351981352,0.8945221445221445,0.717948717948718,False,False,False,False
7,600,6,7,0.7756410256410257,0.3916083916083916,0.7768065268065268,False,False,False,False
7,601,6,7,0.7534965034965035,0.6579254079254079,0.7972027972027972,False,False,False,False
7,602,6,7,0.655011655011655,0.7564102564102564,0.7709790209790209,False,False,False,False
7,603,6,7,0.3688811188811189,0.9265734265734266,0.6293706293706294,False,False,False,False
7,604,6,7,0.5110722610722611,0.534965034965035,0.5722610722610723,False,False,False,False
7,605,6,7,0.6526806526806527,0.8420745920745921,0.8426573426573427,False,False,False,False
7,606,6,7,0.42599067599067597,0.8677156177156177,0.5250582750582751,False,False,False,False
7,607,6,7,0.7319347319347319,0.8583916083916084,0.8939393939393939,False,False,False,False
7,608,6,7,0.8758741258741258,0.7511655011655012,0.9487179487179487,False,False,False,False
7,609,6,7,0.8391608391608392,0.40675990675990675,0.7167832167832168,False,False,False,False
7,610,6,7,0.9452214452214452,0.6963869463869464,0.9527972027972028,False,False,False,False
7,611,6,7,0.8717948717948718,0.7173659673659674,0.9335664335664335,False,False,False,False
7,612,6,7,0.8053613053613053,0.6153846153846154,0.8298368298368298,False,False,False,False
7,613,6,7,0.6643356643356644,0.5512820512820513,0.7348484848484849,False,False,False,False
7,614,6,7,0.7663170163170163,0.6981351981351981,0.9067599067599068,False,False,False,False
7,615,6,7,0.675990675990676,0.8036130536130536,0.6777389277389277,False,False,False,False
7,616,6,7,0.7925407925407926,0.17307692307692307,0.6462703962703963,False,False,False,False
7,617,6,7,0.5693473193473193,0.3502331002331002,0.5705128205128205,False,False,False,False
7,618,6,7,0.6066433566433567,0.47494172494172493,0.6765734265734266,False,False,False,False
7,619,6,7,0.5623543123543123,0.7208624708624709,0.6579254079254079,False,False,False,False
7,620,6,7,0.5646853146853147,0.7907925407925408,0.7243589743589743,False,False,False,False
7,621,6,7,0.34440559440559443,0.4568764568764569,0.4551282051282051,False,False,False,False
7,622,6,7,0.16433566433566432,0.351981351981352,0.2261072261072261,False,False,False,False
7,623,6,7,0.18764568764568765,0.9592074592074592,0.3764568764568765,False,False,False,False
7,624,6,7,0.46794871794871795,0.493006993006993,0.574009324009324,False,False,False,False
7,625,6,7,0.3554778554778555,0.8554778554778555,0.6008158508158508,False,False,False,False
7,626,6,7,0.28496503496503495,0.9562937062937062,0.38578088578088576,False,False,False,False
7,627,6,7,0.5425407925407926,0.9312354312354313,0.7494172494172494,False,False,False,False
7,628,6,7,0.46678321678321677,0.9399766899766899,0.7435897435897436,False,False,False,False
7,629,6,7,0.48892773892773894,0.7517482517482518,0.5472027972027972,False,False,False,False
7,630,6,7,0.8210955710955711,0.7622377622377622,0.9213286713286714,False,False,False,False
7,631,6,7,0.7674825174825175,0.8758741258741258,0.8974358974358975,False,False,False,False
7,632,6,7,0.5541958041958042,0.8811188811188811,0.696969696969697,False,False,False,False
7,633,6,7,0.5559440559440559,0.23717948717948717,0.5011655011655012,False,False,False,False
7,634,6,7,0.4836829836829837,0.5897435897435898,0.655011655011655,False,False,False,False
7,635,6,7,0.4423076923076923,0.594988344988345,0.4393939393939394,False,False,False,False
7,636,6,7,0.4458041958041958,0.046620046620046623,0.26573426573426573,False,False,False,True
7,637,6,7,0.38694638694638694,0.07692307692307693,0.24883449883449885,False,False,False,False
7,638,6,7,0.3006993006993007,0.1445221445221445,0.28554778554778554,False,False,False,False
7,639,6,7,0.4813519813519814,0.5891608391608392,0.5862470862470862,False,False,False,False
7,640,6,7,0.4382284382284382,0.5687645687645687,0.5536130536130536,False,False,False,False
7,641,6,7,0.2505827505827506,0.5559440559440559,0.3554778554778555,False,False,False,False
7,642,6,7,0.10722610722610723,0.0775058275058275,0.10081585081585082,False,False,False,False
7,643,6,7,0.15734265734265734,0.4825174825174825,0.21503496503496503,False,False,False,False
7,644,6,7,0.5256410256410257,0.7033799533799534,0.7301864801864801,False,False,False,False
7,645,6,7,0.13986013986013987,0.6888111888111889,0.16025641025641027,False,False,False,False
7,646,6,7,0.5151515151515151,0.26048951048951047,0.5547785547785548,False,False,False,False
7,647,6,7,0.12762237762237763,0.3583916083916084,0.14743589743589744,False,False,False,False
7,648,6,7,0.2523310023310023,0.5046620046620046,0.36655011655011654,False,False,False,False
7,649,6,7,0.6421911421911422,0.7255244755244755,0.6707459207459208,False,False,False,False
7,650,6,7,0.36596736596736595,0.6765734265734266,0.5518648018648019,False,False,False,False
7,651,6,7,0.3560606060606061,0.21445221445221446,0.34440559440559443,False,False,False,False
7,652,6,7,0.1754079254079254,0.38927738927738925,0.24825174825174826,False,False,False,False
7,653,6,7,0.4201631701631702,0.14627039627039626,0.33624708624708627,False,False,False,False
7,654,6,7,0.14685314685314685,0.22319347319347319,0.17715617715617715,False,False,False,False
7,655,6,7,0.21794871794871795,0.27797202797202797,0.26165501165501165,False,False,False,False
7,656,6,7,0.09265734265734266,0.042540792540792544,0.07284382284382285,False,False,False,True
7,657,6,7,0.06701631701631702,0.23368298368298368,0.0775058275058275,False,False,False,False
7,658,6,7,0.1258741258741259,0.34557109557109555,0.17191142191142192,False,False,False,False
7,659,6,7,0.2296037296037296,0.03613053613053613,0.07400932400932402,False,False,False,True
7,660,6,7,0.34324009324009325,0.5215617715617715,0.3758741258741259,False,False,False,False
7,661,6,7,0.23368298368298368,0.34265734265734266,0.21445221445221446,False,False,False,False
7,662,6,7,0.21386946386946387,0.19813519813519814,0.23543123543123542,False,False,False,False
7,663,6,7,0.3578088578088578,0.3881118881118881,0.3939393939393939,False,False,False,False
7,664,6,7,0.30536130536130535,0.15268065268065267,0.2465034965034965,False,False,False,False
7,665,6,7,0.8869463869463869,0.2511655011655012,0.5343822843822844,False,False,False,False
7,666,6,7,0.8706293706293706,0.14044289044289043,0.4988344988344988,False,False,False,False
7,667,6,7,0.6317016317016317,0.25582750582750585,0.4289044289044289,False,False,False,False
7,668,6,7,0.22494172494172493,0.030303030303030304,0.10431235431235432,False,False,False,True
7,669,6,7,0.36713286713286714,0.9236596736596736,0.548951048951049,False,False,False,False
7,670,6,7,0.32284382284382285,0.34498834498834496,0.3146853146853147,False,False,False,False
7,671,6,7,0.7418414918414918,0.17191142191142192,0.5384615384615384,False,False,False,False
7,672,6,7,0.7371794871794872,0.043706293706293704,0.23892773892773891,False,False,False,True
7,673,6,7,0.5326340326340326,0.831002331002331,0.7272727272727273,False,False,False,False
7,674,6,7,0.506993006993007,0.9032634032634033,0.6474358974358975,False,False,False,False
7,675,6,7,0.5198135198135199,0.3473193473193473,0.5897435897435898,False,False,False,False
7,676,6,7,0.27972027972027974,0.9493006993006993,0.4784382284382284,False,False,False,False
7,677,6,7,0.16666666666666666,0.7948717948717948,0.2942890442890443,False,False,False,False
7,678,6,7,0.22785547785547786,0.4417249417249417,0.32575757575757575,False,False,False,False
7,679,6,7,0.3886946386946387,0.9131701631701632,0.5815850815850816,False,False,False,False
7,680,6,7,0.26107226107226106,0.5361305361305362,0.30536130536130535,False,False,False,False
7,681,6,7,0.4562937062937063,0.6217948717948718,0.5629370629370629,False,False,False,False
7,682,6,7,0.21445221445221446,0.4358974358974359,0.2913752913752914,False,False,False,False
7,683,6,7,0.25990675990675993,0.8817016317016317,0.38344988344988346,False,False,False,False
7,684,6,7,0.587995337995338,0.877039627039627,0.5914918414918415,False,False,False,False
7,685,6,7,0.581002331002331,0.46153846153846156,0.6515151515151515,False,False,False,False
7,686,6,7,0.3531468531468531,0.40792540792540793,0.38986013986013984,False,False,False,False
7,687,6,7,0.17249417249417248,0.7593240093240093,0.2400932400932401,False,False,False,False
7,688,6,7,0.337995337995338,0.4726107226107226,0.3618881118881119,False,False,False,False
7,689,6,7,0.33916083916083917,0.23776223776223776,0.4405594405594406,False,False,False,False
7,690,6,7,0.2261072261072261,0.8228438228438228,0.3508158508158508,False,False,False,False
7,691,6,7,0.11655011655011654,0.40967365967365965,0.17424242424242425,False,False,False,False
7,692,6,7,0.05944055944055944,0.8764568764568764,0.08508158508158509,False,False,False,False
7,693,6,7,0.13927738927738928,0.20454545454545456,0.19172494172494173,False,False,False,False
7,694,6,7,0.21037296037296038,0.9685314685314685,0.33974358974358976,False,False,False,False
7,695,6,7,0.18006993006993008,0.458041958041958,0.20862470862470864,False,False,False,False
7,696,6,7,0.4568764568764569,0.5110722610722611,0.5833333333333334,False,False,False,False
7,697,6,7,0.2674825174825175,0.24883449883449885,0.3350815850815851,False,False,False,False
7,698,6,7,0.1794871794871795,0.9825174825174825,0.29545454545454547,False,False,False,False
7,699,6,7,0.4632867132867133,0.9586247086247086,0.5944055944055944,False,False,False,False
7,700,6,7,0.4347319347319347,0.4533799533799534,0.5635198135198135,False,False,False,False
7,701,6,7,0.17657342657342656,0.8175990675990676,0.2733100233100233,False,False,False,False
7,702,6,7,0.15034965034965034,0.9574592074592074,0.2540792540792541,False,False,False,False
7,703,6,7,0.34557109557109555,0.20279720279720279,0.256993006993007,False,False,False,False
7,704,6,7,0.31876456876456877,0.16433566433566432,0.37995337995337997,False,False,False,False
7,705,6,7,0.15675990675990675,0.6346153846153846,0.22261072261072262,False,False,False,False
7,706,6,7,0.11072261072261072,0.09965034965034965,0.12121212121212122,False,False,False,False
7,707,6,7,0.05536130536130536,0.6655011655011654,0.08333333333333333,False,False,False,False
7,708,6,7,0.16958041958041958,0.5326340326340326,0.19463869463869463,False,False,False,False
7,709,6,7,0.03205128205128205,0.3479020979020979,0.03787878787878788,True,True,False,True
7,710,6,7,0.08158508158508158,0.7261072261072261,0.11713286713286714,False,False,False,False
7,711,6,7,0.03146853146853147,0.46445221445221446,0.04079254079254079,True,True,False,True
7,712,6,7,0.018065268065268064,0.7855477855477856,0.020396270396270396,True,True,True,True
7,713,6,7,0.011655011655011656,0.30361305361305363,0.013986013986013986,True,True,True,True
7,714,6,7,0.5023310023310024,0.2872960372960373,0.3793706293706294,False,False,False,False
7,715,6,7,0.6538461538461539,0.34382284382284384,0.5973193473193473,False,False,False,False
7,716,6,7,0.8082750582750583,0.053613053613053616,0.20163170163170163,False,False,False,False
7,717,6,7,0.7651515151515151,0.6025641025641025,0.7645687645687645,False,False,False,False
7,718,6,7,0.8164335664335665,0.30011655011655014,0.5984848484848485,False,False,False,False
7,719,6,7,0.7511655011655012,0.9079254079254079,0.9446386946386947,False,False,False,False
7,720,6,7,0.9038461538461539,0.33624708624708627,0.7674825174825175,False,False,False,False
7,721,6,7,0.7587412587412588,0.8362470862470862,0.9691142191142191,False,False,False,False
7,722,6,7,0.87004662004662,0.9627039627039627,0.9358974358974359,False,False,False,False
7,723,6,7,0.798951048951049,0.9108391608391608,0.9312354312354313,False,False,False,False
7,724,6,7,0.8018648018648019,0.9044289044289044,0.9772727272727273,False,False,False,False
7,725,6,7,0.9085081585081585,0.7191142191142191,0.8630536130536131,False,False,False,False
7,726,6,7,0.918997668997669,0.7814685314685315,0.9696969696969697,False,False,False,False
7,727,6,7,0.9289044289044289,0.9172494172494172,0.9836829836829837,False,False,False,False
7,728,6,7,0.7750582750582751,0.8886946386946387,0.9242424242424242,False,False,False,False
7,729,6,7,0.6282051282051282,0.8688811188811189,0.8018648018648019,False,False,False,False
7,730,6,7,0.5856643356643356,0.6958041958041958,0.6445221445221445,False,False,False,False
7,731,6,7,0.6963869463869464,0.9603729603729604,0.9073426573426573,False,False,False,False
7,732,6,7,0.532051282051282,0.8403263403263403,0.5728438228438228,False,False,False,False
7,733,6,7,0.7255244755244755,0.8997668997668997,0.8863636363636364,False,False,False,False
7,734,6,7,0.925990675990676,0.791958041958042,0.9755244755244755,False,False,False,False
7,735,6,7,0.8560606060606061,0.3764568764568765,0.6824009324009324,False,False,False,False
7,736,6,7,0.8927738927738927,0.884032634032634,0.9603729603729604,False,False,False,False
7,737,6,7,0.7733100233100233,0.7575757575757576,0.8851981351981352,False,False,False,False
7,738,6,7,0.8071095571095571,0.6276223776223776,0.8123543123543123,False,False,False,False
7,739,6,7,0.8076923076923077,0.6351981351981352,0.8543123543123543,False,False,False,False
7,740,6,7,0.9114219114219114,0.7657342657342657,0.9871794871794872,False,False,False,False
7,741,6,7,0.8106060606060606,0.7616550116550117,0.7237762237762237,False,False,False,False
7,742,6,7,0.8368298368298368,0.3129370629370629,0.7931235431235432,False,False,False,False
7,743,6,7,0.6439393939393939,0.5238927738927739,0.6532634032634033,False,False,False,False
7,744,6,7,0.7086247086247086,0.6142191142191142,0.8047785547785548,False,False,False,False
7,745,6,7,0.7231934731934732,0.8257575757575758,0.8671328671328671,False,False,False,False
7,746,6,7,0.7027972027972028,0.7937062937062938,0.8409090909090909,False,False,False,False
7,747,6,7,0.5104895104895105,0.5034965034965035,0.6130536130536131,False,False,False,False
7,748,6,7,0.1888111888111888,0.4982517482517482,0.28613053613053613,False,False,False,False
7,749,6,7,0.49184149184149184,0.9026806526806527,0.7651515151515151,False,False,False,False
7,750,6,7,0.6148018648018648,0.6474358974358975,0.7336829836829837,False,False,False,False
7,751,6,7,0.6497668997668997,0.9662004662004662,0.9207459207459208,False,False,False,False
7,752,6,7,0.44696969696969696,0.9393939393939394,0.5553613053613053,False,False,False,False
7,753,6,7,0.7191142191142191,0.9347319347319347,0.8933566433566433,False,False,False,False
7,754,6,7,0.9079254079254079,0.8484848484848485,0.9854312354312355,False,False,False,False
7,755,6,7,0.8490675990675991,0.567016317016317,0.7418414918414918,False,False,False,False
7,756,6,7,0.9568764568764568,0.9073426573426573,0.9947552447552448,False,False,False,False
7,757,6,7,0.8811188811188811,0.8927738927738927,0.9545454545454546,False,False,False,False
7,758,6,7,0.8146853146853147,0.7884615384615384,0.9085081585081585,False,False,False,False
7,759,6,7,0.7867132867132867,0.26573426573426573,0.6608391608391608,False,False,False,False
7,760,6,7,0.9061771561771562,0.6177156177156177,0.9778554778554779,False,False,False,False
7,761,6,7,0.8385780885780886,0.5291375291375291,0.6223776223776224,False,False,False,False
7,762,6,7,0.8741258741258742,0.12179487179487179,0.6025641025641025,False,False,False,False
7,763,6,7,0.7325174825174825,0.1853146853146853,0.4965034965034965,False,False,False,False
7,764,6,7,0.6905594405594405,0.3181818181818182,0.6800699300699301,False,False,False,False
7,765,6,7,0.7977855477855478,0.662004662004662,0.8951048951048951,False,False,False,False
7,766,6,7,0.7709790209790209,0.5594405594405595,0.7948717948717948,False,False,False,False
7,767,6,7,0.5536130536130536,0.4428904428904429,0.634032634032634,False,False,False,False
7,768,6,7,0.21153846153846154,0.23484848484848486,0.2668997668997669,False,False,False,False
7,769,6,7,0.1789044289044289,0.5541958041958042,0.22552447552447552,False,False,False,False
7,770,6,7,0.7208624708624709,0.743006993006993,0.8758741258741258,False,False,False,False
7,771,6,7,0.16724941724941725,0.6398601398601399,0.1853146853146853,False,False,False,False
7,772,6,7,0.5804195804195804,0.45046620046620045,0.6555944055944056,False,False,False,False
7,773,6,7,0.13636363636363635,0.49417249417249415,0.1585081585081585,False,False,False,False
7,774,6,7,0.358974358974359,0.6019813519813519,0.4813519813519814,False,False,False,False
7,775,6,7,0.7383449883449883,0.7826340326340326,0.8053613053613053,False,False,False,False
7,776,6,7,0.3583916083916084,0.6317016317016317,0.5087412587412588,False,False,False,False
7,777,6,7,0.5075757575757576,0.175990675990676,0.3560606060606061,False,False,False,False
7,778,6,7,0.2395104895104895,0.5203962703962703,0.34265734265734266,False,False,False,False
7,779,6,7,0.6398601398601399,0.22435897435897437,0.5413752913752914,False,False,False,False
7,780,6,7,0.19463869463869463,0.2867132867132867,0.20804195804195805,False,False,False,False
7,781,6,7,0.3956876456876457,0.2942890442890443,0.4160839160839161,False,False,False,False
7,782,6,7,0.15151515151515152,0.09731934731934731,0.16375291375291376,False,False,False,False
7,783,6,7,0.09324009324009325,0.2896270396270396,0.12878787878787878,False,False,False,False
7,784,6,7,0.23834498834498835,0.2878787878787879,0.2896270396270396,False,False,False,False
7,785,6,7,0.5938228438228438,0.03787878787878788,0.1252913752913753,False,False,False,True
7,786,6,7,0.6509324009324009,0.5571095571095571,0.6252913752913752,False,False,False,False
7,787,6,7,0.4376456876456876,0.3210955710955711,0.36305361305361306,False,False,False,False
7,788,6,7,0.6789044289044289,0.18298368298368298,0.4976689976689977,False,False,False,False
7,789,6,7,0.9108391608391608,0.337995337995338,0.6940559440559441,False,False,False,False
7,790,6,7,0.8747086247086248,0.10023310023310024,0.44463869463869465,False,False,False,False
7,791,6,7,0.9621212121212122,0.2634032634032634,0.5967365967365967,False,False,False,False
7,792,6,7,0.9393939393939394,0.12645687645687645,0.534965034965035,False,False,False,False
7,793,6,7,0.8607226107226107,0.2191142191142191,0.5180652680652681,False,False,False,False
7,794,6,7,0.6724941724941725,0.027972027972027972,0.17074592074592074,False,False,False,True
7,795,6,7,0.8508158508158508,0.9067599067599068,0.9638694638694638,False,False,False,False
7,796,6,7,0.8438228438228438,0.289044289044289,0.5,False,False,False,False
7,797,6,7,0.8793706293706294,0.2902097902097902,0.745920745920746,False,False,False,False
7,798,6,7,0.8916083916083916,0.04079254079254079,0.2534965034965035,False,False,False,True
7,799,6,7,0.7552447552447552,0.965034965034965,0.921911421911422,False,False,False,False
7,800,6,7,0.7878787878787878,0.9224941724941725,0.912004662004662,False,False,False,False
7,801,6,7,0.784965034965035,0.2925407925407925,0.6963869463869464,False,False,False,False
7,802,6,7,0.5932400932400932,0.8234265734265734,0.7599067599067599,False,False,False,False
7,803,6,7,0.3135198135198135,0.9551282051282052,0.5769230769230769,False,False,False,False
7,804,6,7,0.3076923076923077,0.4994172494172494,0.3974358974358974,False,False,False,False
7,805,6,7,0.3881118881118881,0.8991841491841492,0.6118881118881119,False,False,False,False
7,806,6,7,0.32342657342657344,0.44347319347319347,0.3531468531468531,False,False,False,False
7,807,6,7,0.26282051282051283,0.7797202797202797,0.3723776223776224,False,False,False,False
7,808,6,7,0.18298368298368298,0.48951048951048953,0.25815850815850816,False,False,False,False
7,809,6,7,0.21561771561771562,0.8834498834498834,0.2931235431235431,False,False,False,False
7,810,6,7,0.3123543123543124,0.9055944055944056,0.4417249417249417,False,False,False,False
7,811,6,7,0.31643356643356646,0.42424242424242425,0.46561771561771564,False,False,False,False
7,812,6,7,0.22377622377622378,0.4353146853146853,0.270979020979021,False,False,False,False
7,813,6,7,0.12296037296037296,0.8164335664335665,0.18356643356643357,False,False,False,False
7,814,6,7,0.3146853146853147,0.5652680652680653,0.391025641025641,False,False,False,False
7,815,6,7,0.34965034965034963,0.2331002331002331,0.4574592074592075,False,False,False,False
7,816,6,7,0.2727272727272727,0.8100233100233101,0.3886946386946387,False,False,False,False
7,817,6,7,0.11013986013986014,0.5926573426573427,0.1864801864801865,False,False,False,False
7,818,6,7,0.04312354312354312,0.8741258741258742,0.06293706293706294,True,False,False,True
7,819,6,7,0.34265734265734266,0.22086247086247085,0.3706293706293706,False,False,False,False
7,820,6,7,0.5862470862470862,0.9306526806526807,0.8117715617715617,False,False,False,False
7,821,6,7,0.4125874125874126,0.3822843822843823,0.32400932400932403,False,False,False,False
7,822,6,7,0.6462703962703963,0.6672494172494172,0.7785547785547785,False,False,False,False
7,823,6,7,0.3613053613053613,0.2505827505827506,0.3822843822843823,False,False,False,False
7,824,6,7,0.3712121212121212,0.9813519813519813,0.5844988344988346,False,False,False,False
7,825,6,7,0.7645687645687645,0.9504662004662005,0.8875291375291375,False,False,False,False
7,826,6,7,0.7074592074592074,0.3921911421911422,0.6899766899766899,False,False,False,False
7,827,6,7,0.5262237762237763,0.6509324009324009,0.6241258741258742,False,False,False,False
7,828,6,7,0.2686480186480186,0.9638694638694638,0.48776223776223776,False,False,False,False
7,829,6,7,0.6486013986013986,0.22552447552447552,0.49475524475524474,False,False,False,False
7,830,6,7,0.6142191142191142,0.1585081585081585,0.5425407925407926,False,False,False,False
7,831,6,7,0.44114219114219116,0.5769230769230769,0.5308857808857809,False,False,False,False
7,832,6,7,0.2162004662004662,0.2097902097902098,0.3071095571095571,False,False,False,False
7,833,6,7,0.1247086247086247,0.634032634032634,0.21794871794871795,False,False,False,False
7,834,6,7,0.19405594405594406,0.615967365967366,0.25,False,False,False,False
7,835,6,7,0.04079254079254079,0.3787878787878788,0.04312354312354312,True,True,False,True
7,836,6,7,0.13344988344988346,0.6928904428904429,0.18764568764568765,False,False,False,False
7,837,6,7,0.045454545454545456,0.6328671328671329,0.06351981351981352,True,False,False,True
7,838,6,7,0.02972027972027972,0.7465034965034965,0.04020979020979021,True,True,False,True
7,839,6,7,0.035547785547785545,0.3951048951048951,0.046620046620046623,True,True,False,True
7,840,6,7,0.44463869463869465,0.9201631701631702,0.7296037296037297,False,False,False,False
7,841,6,7,0.844988344988345,0.6643356643356644,0.8548951048951049,False,False,False,False
7,842,6,7,0.833916083916084,0.87995337995338,0.9434731934731935,False,False,False,False
7,843,6,7,0.8834498834498834,0.756993006993007,0.8618881118881119,False,False,False,False
7,844,6,7,0.7068764568764568,0.8653846153846154,0.8484848484848485,False,False,False,False
7,845,6,7,0.8653846153846154,0.8094405594405595,0.9289044289044289,False,False,False,False
7,846,6,7,0.8991841491841492,0.4131701631701632,0.7261072261072261,False,False,False,False
7,847,6,7,0.9399766899766899,0.736013986013986,0.9516317016317016,False,False,False,False
7,848,6,7,0.9522144522144522,0.6188811188811189,0.9131701631701632,False,False,False,False
7,849,6,7,0.7937062937062938,0.548951048951049,0.7703962703962703,False,False,False,False
7,850,6,7,0.6864801864801865,0.8613053613053613,0.8583916083916084,False,False,False,False
7,851,6,7,0.8152680652680653,0.7552447552447552,0.9306526806526807,False,False,False,False
7,852,6,7,0.884032634032634,0.7226107226107226,0.831002331002331,False,False,False,False
7,853,6,7,0.8892773892773893,0.13636363636363635,0.6247086247086248,False,False,False,False
7,854,6,7,0.9131701631701632,0.2301864801864802,0.6433566433566433,False,False,False,False
7,855,6,7,0.7348484848484849,0.25932400932400934,0.6346153846153846,False,False,False,False
7,856,6,7,0.574009324009324,0.7703962703962703,0.754079254079254,False,False,False,False
7,857,6,7,0.6194638694638694,0.7057109557109557,0.7721445221445221,False,False,False,False
7,858,6,7,0.40326340326340326,0.4801864801864802,0.5466200466200466,False,False,False,False
7,859,6,7,0.22319347319347319,0.16724941724941725,0.2494172494172494,False,False,False,False
7,860,6,7,0.6072261072261073,0.8210955710955711,0.8205128205128205,False,False,False,False
7,861,6,7,0.8502331002331003,0.7290209790209791,0.9784382284382285,False,False,False,False
7,862,6,7,0.7972027972027972,0.5285547785547785,0.8164335664335665,False,False,False,False
7,863,6,7,0.8275058275058275,0.3135198135198135,0.8041958041958042,False,False,False,False
7,864,6,7,0.7995337995337995,0.4090909090909091,0.8146853146853147,False,False,False,False
7,865,6,7,0.6899766899766899,0.39335664335664333,0.6917249417249417,False,False,False,False
7,866,6,7,0.6625874125874126,0.722027972027972,0.6952214452214452,False,False,False,False
7,867,6,7,0.6544289044289044,0.49475524475524474,0.662004662004662,False,False,False,False
7,868,6,7,0.43414918414918413,0.11713286713286714,0.28496503496503495,False,False,False,False
7,869,6,7,0.22552447552447552,0.28613053613053613,0.2517482517482518,False,False,False,False
7,870,6,7,0.5483682983682984,0.17715617715617715,0.5005827505827506,False,False,False,False
7,871,6,7,0.5658508158508159,0.2266899766899767,0.49242424242424243,False,False,False,False
7,872,6,7,0.38286713286713286,0.17365967365967366,0.3677156177156177,False,False,False,False
7,873,6,7,0.1958041958041958,0.058857808857808856,0.16433566433566432,False,False,False,False
7,874,6,7,0.0844988344988345,0.1660839160839161,0.10606060606060606,False,False,False,False
7,875,6,7,0.504079254079254,0.918997668997669,0.7482517482517482,False,False,False,False
7,876,6,7,0.7744755244755245,0.7680652680652681,0.9388111888111889,False,False,False,False
7,877,6,7,0.7395104895104895,0.6806526806526807,0.7750582750582751,False,False,False,False
7,878,6,7,0.9026806526806527,0.21561771561771562,0.8082750582750583,False,False,False,False
7,879,6,7,0.8618881118881119,0.3275058275058275,0.796037296037296,False,False,False,False
7,880,6,7,0.6008158508158508,0.3106060606060606,0.6351981351981352,False,False,False,False
7,881,6,7,0.664918414918415,0.7896270396270396,0.7791375291375291,False,False,False,False
7,882,6,7,0.6532634032634033,0.6555944055944056,0.7377622377622378,False,False,False,False
7,883,6,7,0.38578088578088576,0.2744755244755245,0.412004662004662,False,False,False,False
7,884,6,7,0.19114219114219114,0.21678321678321677,0.22377622377622378,False,False,False,False
7,885,6,7,0.6369463869463869,0.15151515151515152,0.5116550116550117,False,False,False,False
7,886,6,7,0.6212121212121212,0.16142191142191142,0.44522144522144524,False,False,False,False
7,887,6,7,0.3782051282051282,0.15734265734265734,0.34965034965034963,False,False,False,False
7,888,6,7,0.15326340326340326,0.033216783216783216,0.10139860139860139,False,False,False,True
7,889,6,7,0.07342657342657342,0.1381118881118881,0.08158508158508158,False,False,False,False
7,890,6,7,0.48951048951048953,0.18006993006993008,0.479020979020979,False,False,False,False
7,891,6,7,0.317016317016317,0.18997668997668998,0.3811188811188811,False,False,False,False
7,892,6,7,0.2896270396270396,0.1317016317016317,0.2803030303030303,False,False,False,False
7,893,6,7,0.12937062937062938,0.06876456876456877,0.1282051282051282,False,False,False,False
7,894,6,7,0.043706293706293704,0.11538461538461539,0.045454545454545456,True,True,False,True
7,895,6,7,0.04428904428904429,0.02505827505827506,0.0337995337995338,True,True,False,True
7,896,6,7,0.26223776223776224,0.8525641025641025,0.44114219114219116,False,False,False,False
7,897,6,7,0.5413752913752914,0.9405594405594405,0.7523310023310024,False,False,False,False
7,898,6,7,0.4831002331002331,0.5186480186480187,0.5297202797202797,False,False,False,False
7,899,6,7,0.7762237762237763,0.8158508158508159,0.9102564102564102,False,False,False,False
7,900,6,7,0.8228438228438228,0.6701631701631702,0.9201631701631702,False,False,False,False
7,901,6,7,0.5775058275058275,0.8071095571095571,0.722027972027972,False,False,False,False
7,902,6,7,0.5792540792540792,0.912004662004662,0.6317016317016317,False,False,False,False
7,903,6,7,0.5833333333333334,0.4393939393939394,0.5961538461538461,False,False,False,False
7,904,6,7,0.36305361305361306,0.44638694638694637,0.40384615384615385,False,False,False,False
7,905,6,7,0.18356643356643357,0.6870629370629371,0.23251748251748253,False,False,False,False
7,906,6,7,0.49125874125874125,0.833916083916084,0.6893939393939394,False,False,False,False
7,907,6,7,0.5128205128205128,0.2202797202797203,0.5407925407925408,False,False,False,False
7,908,6,7,0.3327505827505827,0.7301864801864801,0.5058275058275058,False,False,False,False
7,909,6,7,0.1649184149184149,0.28205128205128205,0.2365967365967366,False,False,False,False
7,910,6,7,0.07167832167832168,0.7942890442890443,0.11538461538461539,False,False,False,False
7,911,6,7,0.19522144522144522,0.8263403263403264,0.289044289044289,False,False,False,False
7,912,6,7,0.23892773892773891,0.3974358974358974,0.3385780885780886,False,False,False,False
7,913,6,7,0.1585081585081585,0.5384615384615384,0.22086247086247085,False,False,False,False
7,914,6,7,0.06468531468531469,0.5209790209790209,0.08041958041958042,False,False,False,False
7,915,6,7,0.024475524475524476,0.578088578088578,0.027389277389277388,True,True,True,True
7,916,6,7,0.029137529137529136,0.24184149184149184,0.03904428904428905,True,True,False,True
7,917,6,7,0.168997668997669,0.9096736596736597,0.2686480186480186,False,False,False,False
7,918,6,7,0.18240093240093241,0.30244755244755245,0.24184149184149184,False,False,False,False
7,919,6,7,0.09149184149184149,0.7103729603729604,0.13228438228438227,False,False,False,False
7,920,6,7,0.03671328671328671,0.412004662004662,0.04487179487179487,True,True,False,True
7,921,6,7,0.007575757575757576,0.7610722610722611,0.006993006993006993,True,True,True,True
7,922,6,7,0.00641025641025641,0.1858974358974359,0.008741258741258742,True,True,True,True
7,923,6,7,0.0034965034965034965,0.23076923076923078,0.0034965034965034965,True,True,True,True
7,924,6,7,0.45163170163170163,0.004079254079254079,0.050699300699300696,False,False,True,True
7,925,6,7,0.30128205128205127,0.4184149184149184,0.4831002331002331,False,False,False,False
7,926,6,7,0.3682983682983683,0.24766899766899766,0.4388111888111888,False,False,False,False
7,927,6,7,0.7966200466200466,0.08624708624708624,0.38286713286713286,False,False,False,False
7,928,6,7,0.696969696969697,0.4976689976689977,0.7861305361305362,False,False,False,False
7,929,6,7,0.7581585081585082,0.4382284382284382,0.763986013986014,False,False,False,False
7,930,6,7,0.38986013986013984,0.18240093240093241,0.31993006993006995,False,False,False,False
7,931,6,7,0.8496503496503497,0.07983682983682984,0.36421911421911424,False,False,False,False
7,932,6,7,0.8945221445221445,0.04836829836829837,0.20046620046620048,False,False,False,True
7,933,6,7,0.8467365967365967,0.1357808857808858,0.4428904428904429,False,False,False,False
7,934,6,7,0.8613053613053613,0.08391608391608392,0.35955710955710957,False,False,False,False
7,935,6,7,0.7185314685314685,0.6532634032634033,0.8304195804195804,False,False,False,False
7,936,6,7,0.7284382284382285,0.6841491841491841,0.8525641025641025,False,False,False,False
7,937,6,7,0.4417249417249417,0.8543123543123543,0.7400932400932401,False,False,False,False
7,938,6,7,0.6293706293706294,0.9831002331002331,0.837995337995338,False,False,False,False
7,939,6,7,0.9172494172494172,0.6777389277389277,0.9440559440559441,False,False,False,False
7,940,6,7,0.921911421911422,0.2966200466200466,0.7226107226107226,False,False,False,False
7,941,6,7,0.9562937062937062,0.17016317016317017,0.5600233100233101,False,False,False,False
7,942,6,7,0.6416083916083916,0.7966200466200466,0.7365967365967366,False,False,False,False
7,943,6,7,0.615967365967366,0.9376456876456877,0.8578088578088578,False,False,False,False
7,944,6,7,0.4370629370629371,0.4376456876456876,0.5495337995337995,False,False,False,False
7,945,6,7,0.2634032634032634,0.3927738927738928,0.38461538461538464,False,False,False,False
7,946,6,7,0.5372960372960373,0.21328671328671328,0.4696969696969697,False,False,False,False
7,947,6,7,0.8216783216783217,0.09090909090909091,0.3548951048951049,False,False,False,False
7,948,6,7,0.789044289044289,0.36072261072261075,0.7033799533799534,False,False,False,False
7,949,6,7,0.7610722610722611,0.32226107226107226,0.622960372960373,False,False,False,False
7,950,6,7,0.4935897435897436,0.6451048951048951,0.6561771561771562,False,False,False,False
7,951,6,7,0.703962703962704,0.3304195804195804,0.6672494172494172,False,False,False,False
7,952,6,7,0.4393939393939394,0.7325174825174825,0.7395104895104895,False,False,False,False
7,953,6,7,0.6404428904428905,0.9411421911421911,0.8152680652680653,False,False,False,False
7,954,6,7,0.8141025641025641,0.6194638694638694,0.8158508158508159,False,False,False,False
7,955,6,7,0.8735431235431236,0.4318181818181818,0.8420745920745921,False,False,False,False
7,956,6,7,0.824009324009324,0.4020979020979021,0.6853146853146853,False,False,False,False
7,957,6,7,0.7517482517482518,0.6416083916083916,0.8677156177156177,False,False,False,False
7,958,6,7,0.6765734265734266,0.8618881118881119,0.8706293706293706,False,False,False,False
7,959,6,7,0.5250582750582751,0.6730769230769231,0.675990675990676,False,False,False,False
7,960,6,7,0.42657342657342656,0.4807692307692308,0.5198135198135199,False,False,False,False
7,961,6,7,0.35955710955710957,0.4761072261072261,0.46386946386946387,False,False,False,False
7,962,6,7,0.4592074592074592,0.6182983682983683,0.6497668997668997,False,False,False,False
7,963,6,7,0.263986013986014,0.7453379953379954,0.34557109557109555,False,False,False,False
7,964,6,7,0.9551282051282052,0.5396270396270396,0.8793706293706294,False,False,False,False
7,965,6,7,0.9848484848484849,0.2529137529137529,0.7196969696969697,False,False,False,False
7,966,6,7,0.9615384615384616,0.08333333333333333,0.3951048951048951,False,False,False,False
7,967,6,7,0.9102564102564102,0.5104895104895105,0.7593240093240093,False,False,False,False
7,968,6,7,0.8193473193473193,0.6171328671328671,0.8560606060606061,False,False,False,False
7,969,6,7,0.7686480186480187,0.2768065268065268,0.6217948717948718,False,False,False,False
7,970,6,7,0.7505827505827506,0.4731934731934732,0.7255244755244755,False,False,False,False
7,971,6,7,0.8012820512820513,0.5664335664335665,0.8187645687645687,False,False,False,False
7,972,6,7,0.5920745920745921,0.4959207459207459,0.532051282051282,False,False,False,False
7,973,6,7,0.6037296037296037,0.3414918414918415,0.5751748251748252,False,False,False,False
7,974,6,7,0.33624708624708627,0.48543123543123545,0.44405594405594406,False,False,False,False
7,975,6,7,0.44638694638694637,0.6264568764568764,0.6072261072261073,False,False,False,False
7,976,6,7,0.5582750582750583,0.5064102564102564,0.5332167832167832,False,False,False,False
7,977,6,7,0.5442890442890443,0.40326340326340326,0.6398601398601399,False,False,False,False
7,978,6,7,0.30361305361305363,0.12296037296037296,0.2762237762237762,False,False,False,False
7,979,6,7,0.0944055944055944,0.460955710955711,0.1317016317016317,False,False,False,False
7,980,6,7,0.3350815850815851,0.002331002331002331,0.035547785547785545,False,True,True,True
7,981,6,7,0.7132867132867133,0.011655011655011656,0.1048951048951049,False,False,True,True
7,982,6,7,0.9306526806526807,0.0011655011655011655,0.022144522144522144,False,True,True,True
7,983,6,7,0.9434731934731935,0.047785547785547784,0.23076923076923078,False,False,False,True
7,984,6,7,0.9493006993006993,0.023310023310023312,0.18822843822843824,False,False,True,True
7,985,6,7,0.6357808857808858,0.1963869463869464,0.5075757575757576,False,False,False,False
7,986,6,7,0.7727272727272727,0.05536130536130536,0.24358974358974358,False,False,False,False
7,987,6,7,0.5501165501165501,0.48484848484848486,0.6923076923076923,False,False,False,False
7,988,6,7,0.7634032634032634,0.40501165501165504,0.7307692307692307,False,False,False,False
7,989,6,7,0.9481351981351981,0.17074592074592074,0.6060606060606061,False,False,False,False
7,990,6,7,0.9807692307692307,0.21212121212121213,0.6858974358974359,False,False,False,False
7,991,6,7,0.9976689976689976,0.10839160839160839,0.5757575757575758,False,False,False,False
7,992,6,7,0.9953379953379954,0.3782051282051282,0.8613053613053613,False,False,False,False
7,993,6,7,0.995920745920746,0.26456876456876455,0.8822843822843823,False,False,False,False
7,994,6,7,0.9696969696969697,0.23601398601398602,0.7424242424242424,False,False,False,False
7,995,6,7,0.44347319347319347,0.11247086247086246,0.263986013986014,False,False,False,False
7,996,6,7,0.49242424242424243,0.03904428904428905,0.12179487179487179,False,False,False,True
7,997,6,7,0.5221445221445221,0.25,0.4085081585081585,False,False,False,False
7,998,6,7,0.27797202797202797,0.16025641025641027,0.2097902097902098,False,False,False,False
7,999,6,7,0.9644522144522144,0.07867132867132867,0.4219114219114219,False,False,False,False
7,1000,6,7,1.0,0.07167832167832168,0.3333333333333333,False,False,False,False
7,1001,6,7,0.9988344988344988,0.019230769230769232,0.18414918414918416,False,False,True,True
7,1002,6,7,0.9941724941724942,0.17832167832167833,0.49533799533799533,False,False,False,False
7,1003,6,7,0.9831002331002331,0.09032634032634032,0.5023310023310024,False,False,False,False
7,1004,6,7,0.9527972027972028,0.054778554778554776,0.24475524475524477,False,False,False,False
7,1005,6,7,0.7616550116550117,0.3082750582750583,0.6194638694638694,False,False,False,False
7,1006,6,7,0.8321678321678322,0.671911421911422,0.8513986013986014,False,False,False,False
7,1007,6,7,0.7837995337995338,0.574009324009324,0.7843822843822844,False,False,False,False
7,1008,6,7,0.7465034965034965,0.7132867132867133,0.7872960372960373,False,False,False,False
7,1009,6,7,0.7097902097902098,0.6322843822843823,0.8321678321678322,False,False,False,False
7,1010,6,7,0.6328671328671329,0.9766899766899767,0.8601398601398601,False,False,False,False
7,1011,6,7,0.6695804195804196,0.6206293706293706,0.5926573426573427,False,False,False,False
7,1012,6,7,0.6771561771561772,0.4493006993006993,0.7290209790209791,False,False,False,False
7,1013,6,7,0.3741258741258741,0.21503496503496503,0.377039627039627,False,False,False,False
7,1014,6,7,0.14627039627039626,0.9597902097902098,0.23717948717948717,False,False,False,False
7,1015,6,7,0.3537296037296037,0.19522144522144522,0.3525641025641026,False,False,False,False
7,1016,6,7,0.4976689976689977,0.06293706293706294,0.2296037296037296,False,False,False,False
7,1017,6,7,0.5273892773892774,0.4755244755244755,0.6357808857808858,False,False,False,False
7,1018,6,7,0.32400932400932403,0.3613053613053613,0.38636363636363635,False,False,False,False
7,1019,6,7,0.8921911421911422,0.1655011655011655,0.5763403263403264,False,False,False,False
7,1020,6,7,0.9778554778554779,0.20687645687645687,0.6381118881118881,False,False,False,False
7,1021,6,7,0.9743589743589743,0.07342657342657342,0.46794871794871795,False,False,False,False
7,1022,6,7,0.997086247086247,0.3747086247086247,0.7925407925407926,False,False,False,False
7,1023,6,7,0.9871794871794872,0.2406759906759907,0.7977855477855478,False,False,False,False
7,1024,6,7,0.9603729603729604,0.19347319347319347,0.627039627039627,False,False,False,False
7,1025,6,7,0.745920745920746,0.15384615384615385,0.43065268065268064,False,False,False,False
7,1026,6,7,0.8403263403263403,0.5250582750582751,0.8193473193473193,False,False,False,False
7,1027,6,7,0.7872960372960373,0.5174825174825175,0.7534965034965035,False,False,False,False
7,1028,6,7,0.8158508158508159,0.38578088578088576,0.7103729603729604,False,False,False,False
7,1029,6,7,0.7738927738927739,0.28146853146853146,0.6503496503496503,False,False,False,False
7,1030,6,7,0.7127039627039627,0.8671328671328671,0.8910256410256411,False,False,False,False
7,1031,6,7,0.6608391608391608,0.44871794871794873,0.5798368298368298,False,False,False,False
7,1032,6,7,0.666083916083916,0.4143356643356643,0.6794871794871795,False,False,False,False
7,1033,6,7,0.36421911421911424,0.36247086247086246,0.4562937062937063,False,False,False,False
7,1034,6,7,0.14219114219114218,0.7604895104895105,0.2301864801864802,False,False,False,False
7,1035,6,7,0.4428904428904429,0.2663170163170163,0.42948717948717946,False,False,False,False
7,1036,6,7,0.5565268065268065,0.5786713286713286,0.6078088578088578,False,False,False,False
7,1037,6,7,0.3117715617715618,0.32925407925407923,0.3106060606060606,False,False,False,False
7,1038,6,7,0.43356643356643354,0.5874125874125874,0.502913752913753,False,False,False,False
7,1039,6,7,0.18473193473193472,0.48426573426573427,0.2727272727272727,False,False,False,False
7,1040,6,7,0.26048951048951047,0.8018648018648019,0.40967365967365965,False,False,False,False
7,1041,6,7,0.5396270396270396,0.5221445221445221,0.4358974358974359,False,False,False,False
7,1042,6,7,0.4522144522144522,0.2773892773892774,0.5168997668997669,False,False,False,False
7,1043,6,7,0.291958041958042,0.10256410256410256,0.23601398601398602,False,False,False,False
7,1044,6,7,0.1252913752913753,0.7371794871794872,0.17307692307692307,False,False,False,False
7,1045,6,7,0.3041958041958042,0.4166666666666667,0.28321678321678323,False,False,False,False
7,1046,6,7,0.25874125874125875,0.3939393939393939,0.3712121212121212,False,False,False,False
7,1047,6,7,0.19230769230769232,0.5134032634032634,0.25874125874125875,False,False,False,False
7,1048,6,7,0.08216783216783216,0.5600233100233101,0.11421911421911422,False,False,False,False
7,1049,6,7,0.046620046620046623,0.4970862470862471,0.05710955710955711,True,False,False,True
7,1050,6,7,0.539044289044289,0.229020979020979,0.3991841491841492,False,False,False,False
7,1051,6,7,0.5472027972027972,0.1048951048951049,0.3356643356643357,False,False,False,False
7,1052,6,7,0.837995337995338,0.041375291375291376,0.17132867132867133,False,False,False,True
7,1053,6,7,0.8461538461538461,0.155011655011655,0.4801864801864802,False,False,False,False
7,1054,6,7,0.8531468531468531,0.07925407925407925,0.32342657342657344,False,False,False,False
7,1055,6,7,0.6392773892773893,0.9726107226107226,0.8916083916083916,False,False,False,False
7,1056,6,7,0.8956876456876457,0.7785547785547785,0.9417249417249417,False,False,False,False
7,1057,6,7,0.7447552447552448,0.9691142191142191,0.9673659673659674,False,False,False,False
7,1058,6,7,0.8712121212121212,0.995920745920746,0.9813519813519813,False,False,False,False
7,1059,6,7,0.7051282051282052,0.9277389277389277,0.9195804195804196,False,False,False,False
7,1060,6,7,0.7715617715617715,0.34032634032634035,0.7668997668997669,False,False,False,False
7,1061,6,7,0.7913752913752914,0.1993006993006993,0.5367132867132867,False,False,False,False
7,1062,6,7,0.8263403263403264,0.8601398601398601,0.9411421911421911,False,False,False,False
7,1063,6,7,0.8024475524475524,0.9242424242424242,0.9685314685314685,False,False,False,False
7,1064,6,7,0.7092074592074592,0.4423076923076923,0.7191142191142191,False,False,False,False
7,1065,6,7,0.8857808857808858,0.6212121212121212,0.9026806526806527,False,False,False,False
7,1066,6,7,0.9726107226107226,0.5821678321678322,0.9090909090909091,False,False,False,False
7,1067,6,7,0.9213286713286714,0.7435897435897436,0.9662004662004662,False,False,False,False
7,1068,6,7,0.9417249417249417,0.6847319347319347,0.9178321678321678,False,False,False,False
7,1069,6,7,0.9458041958041958,0.5506993006993007,0.9236596736596736,False,False,False,False
7,1070,6,7,0.9737762237762237,0.07575757575757576,0.3968531468531469,False,False,False,False
7,1071,6,7,0.9842657342657343,0.022727272727272728,0.14627039627039626,False,False,True,True
7,1072,6,7,0.958041958041958,0.6048951048951049,0.8234265734265734,False,False,False,False
7,1073,6,7,0.9533799533799534,0.49067599067599066,0.8869463869463869,False,False,False,False
7,1074,6,7,0.8642191142191142,0.06934731934731934,0.3269230769230769,False,False,False,False
7,1075,6,7,0.9271561771561772,0.9254079254079254,0.9831002331002331,False,False,False,False
7,1076,6,7,0.932983682983683,0.7365967365967366,0.9743589743589743,False,False,False,False
7,1077,6,7,0.9691142191142191,0.6637529137529138,0.9341491841491841,False,False,False,False
7,1078,6,7,0.8636363636363636,0.5984848484848485,0.8980186480186481,False,False,False,False
7,1079,6,7,0.8752913752913752,0.8106060606060606,0.9667832167832168,False,False,False,False
7,1080,6,7,0.7296037296037297,0.7686480186480187,0.8624708624708625,False,False,False,False
7,1081,6,7,0.578088578088578,0.7488344988344988,0.6177156177156177,False,False,False,False
7,1082,6,7,0.6043123543123543,0.6136363636363636,0.7552447552447552,False,False,False,False
7,1083,6,7,0.36480186480186483,0.04487179487179487,0.19230769230769232,False,False,False,True
7,1084,6,7,0.13694638694638694,0.5973193473193473,0.21037296037296038,False,False,False,False
7,1085,6,7,0.6701631701631702,0.9015151515151515,0.8962703962703963,False,False,False,False
7,1086,6,7,0.9254079254079254,0.8624708624708625,0.9761072261072261,False,False,False,False
7,1087,6,7,0.8595571095571095,0.9370629370629371,0.993006993006993,False,False,False,False
7,1088,6,7,0.9009324009324009,0.9428904428904429,0.946969696969697,False,False,False,False
7,1089,6,7,0.8519813519813519,0.8642191142191142,0.9621212121212122,False,False,False,False
7,1090,6,7,0.8986013986013986,0.3321678321678322,0.8141025641025641,False,False,False,False
7,1091,6,7,0.8805361305361306,0.11771561771561771,0.40734265734265734,False,False,False,False
7,1092,6,7,0.9475524475524476,0.8479020979020979,0.9737762237762237,False,False,False,False
7,1093,6,7,0.9178321678321678,0.8327505827505828,0.9749417249417249,False,False,False,False
7,1094,6,7,0.8525641025641025,0.31934731934731936,0.6783216783216783,False,False,False,False
7,1095,6,7,0.914918414918415,0.8193473193473193,0.9504662004662005,False,False,False,False
7,1096,6,7,0.9324009324009324,0.7634032634032634,0.9865967365967366,False,False,False,False
7,1097,6,7,0.9341491841491841,0.6934731934731935,0.884032634032634,False,False,False,False
7,1098,6,7,0.6235431235431236,0.331002331002331,0.6911421911421911,False,False,False,False
7,1099,6,7,0.6287878787878788,0.5804195804195804,0.7587412587412588,False,False,False,False
7,1100,6,7,0.5629370629370629,0.6590909090909091,0.6870629370629371,False,False,False,False
7,1101,6,7,0.5285547785547785,0.784965034965035,0.6486013986013986,False,False,False,False
7,1102,6,7,0.4731934731934732,0.6631701631701632,0.6573426573426573,False,False,False,False
7,1103,6,7,0.32634032634032634,0.13111888111888112,0.30303030303030304,False,False,False,False
7,1104,6,7,0.10606060606060606,0.4289044289044289,0.15384615384615385,False,False,False,False
7,1105,6,7,0.953962703962704,0.7348484848484849,0.9801864801864801,False,False,False,False
7,1106,6,7,0.9924242424242424,0.46678321678321677,0.9184149184149184,False,False,False,False
7,1107,6,7,0.9446386946386947,0.22261072261072262,0.5932400932400932,False,False,False,False
7,1108,6,7,0.9125874125874126,0.4988344988344988,0.8857808857808858,False,False,False,False
7,1109,6,7,0.835081585081585,0.5827505827505828,0.9044289044289044,False,False,False,False
7,1110,6,7,0.817016317016317,0.42365967365967366,0.756993006993007,False,False,False,False
7,1111,6,7,0.6911421911421911,0.3968531468531469,0.4772727272727273,False,False,False,False
7,1112,6,7,0.6742424242424242,0.1684149184149184,0.5151515151515151,False,False,False,False
7,1113,6,7,0.4085081585081585,0.016317016317016316,0.1182983682983683,False,False,True,True
7,1114,6,7,0.16783216783216784,0.2913752913752914,0.20337995337995338,False,False,False,False
7,1115,6,7,0.5955710955710956,0.3677156177156177,0.546037296037296,False,False,False,False
7,1116,6,7,0.546037296037296,0.3344988344988345,0.6037296037296037,False,False,False,False
7,1117,6,7,0.3525641025641026,0.19405594405594406,0.3298368298368298,False,False,False,False
7,1118,6,7,0.12878787878787878,0.18473193473193472,0.14044289044289043,False,False,False,False
7,1119,6,7,0.06118881118881119,0.13752913752913754,0.06585081585081586,False,False,False,False
7,1120,6,7,0.3385780885780886,0.15093240093240093,0.30477855477855476,False,False,False,False
7,1121,6,7,0.9236596736596736,0.0337995337995338,0.15151515151515152,False,False,False,True
7,1122,6,7,0.9755244755244755,0.28088578088578087,0.6678321678321678,False,False,False,False
7,1123,6,7,0.9761072261072261,0.16258741258741258,0.5623543123543123,False,False,False,False
7,1124,6,7,0.8292540792540792,0.10314685314685315,0.43356643356643354,False,False,False,False
7,1125,6,7,0.9207459207459208,0.06643356643356643,0.2948717948717949,False,False,False,False
7,1126,6,7,0.9440559440559441,0.014568764568764568,0.1357808857808858,False,False,True,True
7,1127,6,7,0.9906759906759907,0.1998834498834499,0.5262237762237763,False,False,False,False
7,1128,6,7,0.9947552447552448,0.08857808857808858,0.4731934731934732,False,False,False,False
7,1129,6,7,0.9428904428904429,0.04603729603729604,0.20745920745920746,False,False,False,True
7,1130,6,7,0.8327505827505828,0.7307692307692307,0.9020979020979021,False,False,False,False
7,1131,6,7,0.9376456876456877,0.9452214452214452,0.9912587412587412,False,False,False,False
7,1132,6,7,0.9516317016317016,0.796037296037296,0.9895104895104895,False,False,False,False
7,1133,6,7,0.9796037296037297,0.8782051282051282,0.9708624708624709,False,False,False,False
7,1134,6,7,0.9836829836829837,0.9248251748251748,1.0,False,False,False,False
7,1135,6,7,0.9155011655011654,0.9965034965034965,0.9941724941724942,False,False,False,False
7,1136,6,7,0.5990675990675991,0.9382284382284383,0.6742424242424242,False,False,False,False
7,1137,6,7,0.6223776223776224,0.7185314685314685,0.8100233100233101,False,False,False,False
7,1138,6,7,0.36247086247086246,0.22785547785547786,0.40559440559440557,False,False,False,False
7,1139,6,7,0.18414918414918416,0.9708624708624709,0.30594405594405594,False,False,False,False
7,1140,6,7,0.8980186480186481,0.4364801864801865,0.8414918414918415,False,False,False,False
7,1141,6,7,0.993006993006993,0.6520979020979021,0.958041958041958,False,False,False,False
7,1142,6,7,0.9900932400932401,0.2692307692307692,0.8228438228438228,False,False,False,False
7,1143,6,7,0.9230769230769231,0.7733100233100233,0.8881118881118881,False,False,False,False
7,1144,6,7,0.9358974358974359,0.553030303030303,0.9481351981351981,False,False,False,False
7,1145,6,7,0.8828671328671329,0.6462703962703963,0.8764568764568764,False,False,False,False
7,1146,6,7,0.6631701631701632,0.49009324009324007,0.4353146853146853,False,False,False,False
7,1147,6,7,0.6736596736596736,0.1794871794871795,0.5064102564102564,False,False,False,False
7,1148,6,7,0.40792540792540793,0.03263403263403263,0.13403263403263405,False,False,False,True
7,1149,6,7,0.1893939393939394,0.45454545454545453,0.20221445221445222,False,False,False,False
7,1150,6,7,0.4761072261072261,0.8560606060606061,0.5454545454545454,False,False,False,False
7,1151,6,7,0.4982517482517482,0.824009324009324,0.7062937062937062,False,False,False,False
7,1152,6,7,0.31002331002331,0.6608391608391608,0.4527972027972028,False,False,False,False
7,1153,6,7,0.14801864801864803,0.9137529137529138,0.22727272727272727,False,False,False,False
7,1154,6,7,0.05827505827505827,0.6678321678321678,0.07925407925407925,False,False,False,False
7,1155,6,7,0.7278554778554779,0.7127039627039627,0.8642191142191142,False,False,False,False
7,1156,6,7,0.8898601398601399,0.9423076923076923,0.9842657342657343,False,False,False,False
7,1157,6,7,0.8682983682983683,0.5710955710955711,0.8607226107226107,False,False,False,False
7,1158,6,7,0.9772727272727273,0.9545454545454546,0.9900932400932401,False,False,False,False
7,1159,6,7,0.9667832167832168,0.8502331002331003,0.9976689976689976,False,False,False,False
7,1160,6,7,0.9067599067599068,0.9807692307692307,0.9906759906759907,False,False,False,False
7,1161,6,7,0.6182983682983683,0.9178321678321678,0.6410256410256411,False,False,False,False
7,1162,6,7,0.6078088578088578,0.47785547785547783,0.708041958041958,False,False,False,False
7,1163,6,7,0.34032634032634035,0.15326340326340326,0.3123543123543124,False,False,False,False
7,1164,6,7,0.17307692307692307,0.9364801864801865,0.2692307692307692,False,False,False,False
7,1165,6,7,0.5606060606060606,0.7389277389277389,0.5792540792540792,False,False,False,False
7,1166,6,7,0.5553613053613053,0.6789044289044289,0.7156177156177156,False,False,False,False
7,1167,6,7,0.32517482517482516,0.6946386946386947,0.4586247086247086,False,False,False,False
7,1168,6,7,0.1357808857808858,0.6998834498834499,0.19055944055944055,False,False,False,False
7,1169,6,7,0.06643356643356643,0.7651515151515151,0.087995337995338,False,False,False,False
7,1170,6,7,0.2540792540792541,0.7872960372960373,0.2972027972027972,False,False,False,False
7,1171,6,7,0.23193473193473194,0.4527972027972028,0.32634032634032634,False,False,False,False
7,1172,6,7,0.1445221445221445,0.23892773892773891,0.17657342657342656,False,False,False,False
7,1173,6,7,0.049533799533799536,0.7668997668997669,0.0641025641025641,True,False,False,True
7,1174,6,7,0.014568764568764568,0.19755244755244755,0.015734265734265736,True,True,True,True
7,1175,6,7,0.013403263403263404,0.49184149184149184,0.0168997668997669,True,True,True,True
7,1176,6,7,0.5466200466200466,0.19463869463869463,0.3986013986013986,False,False,False,False
7,1177,6,7,0.6346153846153846,0.08508158508158509,0.3210955710955711,False,False,False,False
7,1178,6,7,0.763986013986014,0.034382284382284384,0.14102564102564102,False,False,False,True
7,1179,6,7,0.7057109557109557,0.2523310023310023,0.5203962703962703,False,False,False,False
7,1180,6,7,0.7167832167832168,0.08041958041958042,0.3181818181818182,False,False,False,False
7,1181,6,7,0.7476689976689976,0.8432400932400932,0.9271561771561772,False,False,False,False
7,1182,6,7,0.8863636363636364,0.8414918414918415,0.9586247086247086,False,False,False,False
7,1183,6,7,0.708041958041958,0.993006993006993,0.9656177156177156,False,False,False,False
7,1184,6,7,0.8444055944055944,0.9778554778554779,0.9702797202797203,False,False,False,False
7,1185,6,7,0.7668997668997669,0.8426573426573427,0.9382284382284383,False,False,False,False
7,1186,6,7,0.7365967365967366,0.752913752913753,0.9114219114219114,False,False,False,False
7,1187,6,7,0.8269230769230769,0.2803030303030303,0.6456876456876457,False,False,False,False
7,1188,6,7,0.4988344988344988,0.9731934731934732,0.7086247086247086,False,False,False,False
7,1189,6,7,0.48543123543123545,0.8910256410256411,0.7604895104895105,False,False,False,False
7,1190,6,7,0.36363636363636365,0.7715617715617715,0.5955710955710956,False,False,False,False
7,1191,6,7,0.8414918414918415,0.4522144522144522,0.8001165501165501,False,False,False,False
7,1192,6,7,0.754079254079254,0.6252913752913752,0.789044289044289,False,False,False,False
7,1193,6,7,0.7214452214452215,0.9434731934731935,0.9108391608391608,False,False,False,False
7,1194,6,7,0.7196969696969697,0.5547785547785548,0.7162004662004662,False,False,False,False
7,1195,6,7,0.7412587412587412,0.432983682983683,0.7465034965034965,False,False,False,False
7,1196,6,7,0.8135198135198135,0.05827505827505827,0.27564102564102566,False,False,False,False
7,1197,6,7,0.8036130536130536,0.01282051282051282,0.09382284382284382,False,False,True,True
7,1198,6,7,0.38461538461538464,0.6812354312354313,0.493006993006993,False,False,False,False
7,1199,6,7,0.3548951048951049,0.3508158508158508,0.44755244755244755,False,False,False,False
7,1200,6,7,0.28146853146853146,0.05652680652680653,0.16958041958041958,False,False,False,False
7,1201,6,7,0.791958041958042,0.9522144522144522,0.9533799533799534,False,False,False,False
7,1202,6,7,0.8304195804195804,0.8409090909090909,0.9475524475524476,False,False,False,False
7,1203,6,7,0.8374125874125874,0.502913752913753,0.7692307692307693,False,False,False,False
7,1204,6,7,0.28321678321678323,0.8298368298368298,0.4364801864801865,False,False,False,False
7,1205,6,7,0.2733100233100233,0.9341491841491841,0.506993006993007,False,False,False,False
7,1206,6,7,0.21503496503496503,0.8513986013986014,0.3787878787878788,False,False,False,False
7,1207,6,7,0.2872960372960373,0.8269230769230769,0.4458041958041958,False,False,False,False
7,1208,6,7,0.2878787878787879,0.42132867132867136,0.4347319347319347,False,False,False,False
7,1209,6,7,0.20862470862470864,0.03671328671328671,0.10897435897435898,False,False,False,True
7,1210,6,7,0.0775058275058275,0.6410256410256411,0.12762237762237763,False,False,False,False
7,1211,6,7,0.7773892773892774,0.7284382284382285,0.8986013986013986,False,False,False,False
7,1212,6,7,0.8776223776223776,0.8980186480186481,0.9790209790209791,False,False,False,False
7,1213,6,7,0.8245920745920746,0.9976689976689976,0.9988344988344988,False,False,False,False
7,1214,6,7,0.8117715617715617,0.8059440559440559,0.8735431235431236,False,False,False,False
7,1215,6,7,0.872960372960373,0.7599067599067599,0.9399766899766899,False,False,False,False
7,1216,6,7,0.905011655011655,0.3006993006993007,0.7616550116550117,False,False,False,False
7,1217,6,7,0.9090909090909091,0.09207459207459208,0.36538461538461536,False,False,False,False
7,1218,6,7,0.8315850815850816,0.9557109557109557,0.9574592074592074,False,False,False,False
7,1219,6,7,0.7884615384615384,0.668997668997669,0.8712121212121212,False,False,False,False
7,1220,6,7,0.6993006993006993,0.27214452214452217,0.5909090909090909,False,False,False,False
7,1221,6,7,0.9545454545454546,0.8956876456876457,0.9918414918414918,False,False,False,False
7,1222,6,7,0.9656177156177156,0.7447552447552448,0.9883449883449883,False,False,False,False
7,1223,6,7,0.9708624708624709,0.5431235431235432,0.8432400932400932,False,False,False,False
7,1224,6,7,0.8234265734265734,0.6800699300699301,0.9038461538461539,False,False,False,False
7,1225,6,7,0.8041958041958042,0.8752913752913752,0.9370629370629371,False,False,False,False
7,1226,6,7,0.6946386946386947,0.7744755244755245,0.8648018648018648,False,False,False,False
7,1227,6,7,0.6054778554778555,0.8135198135198135,0.7331002331002331,False,False,False,False
7,1228,6,7,0.6060606060606061,0.5407925407925408,0.7051282051282052,False,False,False,False
7,1229,6,7,0.4131701631701632,0.12762237762237763,0.32284382284382285,False,False,False,False
7,1230,6,7,0.14277389277389277,0.6794871794871795,0.23776223776223776,False,False,False,False
7,1231,6,7,0.8851981351981352,0.5442890442890443,0.8787878787878788,False,False,False,False
7,1232,6,7,0.9300699300699301,0.34324009324009325,0.7488344988344988,False,False,False,False
7,1233,6,7,0.9044289044289044,0.10606060606060606,0.3682983682983683,False,False,False,False
7,1234,6,7,0.6252913752913752,0.24708624708624707,0.5868298368298368,False,False,False,False
7,1235,6,7,0.6433566433566433,0.25990675990675993,0.6054778554778555,False,False,False,False
7,1236,6,7,0.5477855477855478,0.21736596736596736,0.4592074592074592,False,False,False,False
7,1237,6,7,0.460955710955711,0.3111888111888112,0.4143356643356643,False,False,False,False
7,1238,6,7,0.43065268065268064,0.08682983682983683,0.3129370629370629,False,False,False,False
7,1239,6,7,0.30477855477855476,0.011072261072261072,0.07517482517482517,False,False,True,True
7,1240,6,7,0.11130536130536131,0.09324009324009325,0.11305361305361306,False,False,False,False
7,1241,6,7,0.49533799533799533,0.21153846153846154,0.44988344988344986,False,False,False,False
7,1242,6,7,0.48776223776223776,0.17773892773892774,0.4568764568764569,False,False,False,False
7,1243,6,7,0.3414918414918415,0.12354312354312354,0.25466200466200467,False,False,False,False
7,1244,6,7,0.08508158508158509,0.15792540792540793,0.0979020979020979,False,False,False,False
7,1245,6,7,0.050699300699300696,0.060023310023310024,0.05419580419580419,False,False,False,False
7,1246,6,7,0.7808857808857809,0.10081585081585082,0.40442890442890445,False,False,False,False
7,1247,6,7,0.916083916083916,0.029137529137529136,0.13986013986013987,False,False,False,True
7,1248,6,7,0.9347319347319347,0.25524475524475526,0.6369463869463869,False,False,False,False
7,1249,6,7,0.9364801864801865,0.1258741258741259,0.4935897435897436,False,False,False,False
7,1250,6,7,0.8939393939393939,0.07226107226107226,0.3688811188811189,False,False,False,False
7,1251,6,7,0.9702797202797203,0.06177156177156177,0.2867132867132867,False,False,False,False
7,1252,6,7,0.9819347319347319,0.018648018648018648,0.1590909090909091,False,False,True,True
7,1253,6,7,0.9714452214452215,0.17482517482517482,0.4766899766899767,False,False,False,False
7,1254,6,7,0.9784382284382285,0.06818181818181818,0.3782051282051282,False,False,False,False
7,1255,6,7,0.9184149184149184,0.04895104895104895,0.21328671328671328,False,False,False,True
7,1256,6,7,0.9504662004662005,0.6567599067599068,0.9364801864801865,False,False,False,False
7,1257,6,7,0.9935897435897436,0.8245920745920746,0.995920745920746,False,False,False,False
7,1258,6,7,0.9982517482517482,0.5629370629370629,0.9493006993006993,False,False,False,False
7,1259,6,7,0.9801864801864801,0.9440559440559441,0.986013986013986,False,False,False,False
7,1260,6,7,0.9877622377622378,0.8846153846153846,0.9994172494172494,False,False,False,False
7,1261,6,7,0.9370629370629371,0.9702797202797203,0.9965034965034965,False,False,False,False
7,1262,6,7,0.715034965034965,0.7954545454545454,0.7027972027972028,False,False,False,False
7,1263,6,7,0.7575757575757576,0.4254079254079254,0.7628205128205128,False,False,False,False
7,1264,6,7,0.513986013986014,0.36946386946386944,0.5541958041958042,False,False,False,False
7,1265,6,7,0.23251748251748253,0.8951048951048951,0.3921911421911422,False,False,False,False
7,1266,6,7,0.7931235431235432,0.3997668997668998,0.7208624708624709,False,False,False,False
7,1267,6,7,0.8782051282051282,0.5192307692307693,0.8181818181818182,False,False,False,False
7,1268,6,7,0.9032634032634033,0.17249417249417248,0.6002331002331003,False,False,False,False
7,1269,6,7,0.6934731934731935,0.8181818181818182,0.7447552447552448,False,False,False,False
7,1270,6,7,0.736013986013986,0.5303030303030303,0.8129370629370629,False,False,False,False
7,1271,6,7,0.6707459207459208,0.5955710955710956,0.6993006993006993,False,False,False,False
7,1272,6,7,0.3479020979020979,0.42074592074592077,0.3141025641025641,False,False,False,False
7,1273,6,7,0.34382284382284384,0.11421911421911422,0.32167832167832167,False,False,False,False
7,1274,6,7,0.2196969696969697,0.013986013986013986,0.07342657342657342,False,False,True,True
7,1275,6,7,0.1346153846153846,0.3945221445221445,0.1386946386946387,False,False,False,False
7,1276,6,7,0.5168997668997669,0.8898601398601399,0.5938228438228438,False,False,False,False
7,1277,6,7,0.5512820512820513,0.7237762237762237,0.710955710955711,False,False,False,False
7,1278,6,7,0.38053613053613056,0.5844988344988346,0.486013986013986,False,False,False,False
7,1279,6,7,0.1386946386946387,0.9790209790209791,0.23484848484848486,False,False,False,False
7,1280,6,7,0.04195804195804196,0.5745920745920746,0.05303030303030303,True,False,False,True
7,1281,6,7,0.8886946386946387,0.6445221445221445,0.9137529137529138,False,False,False,False
7,1282,6,7,0.9883449883449883,0.7972027972027972,0.9924242424242424,False,False,False,False
7,1283,6,7,0.9766899766899767,0.3682983682983683,0.8106060606060606,False,False,False,False
7,1284,6,7,0.9335664335664335,0.9755244755244755,0.9825174825174825,False,False,False,False
7,1285,6,7,0.9283216783216783,0.8088578088578089,0.9848484848484849,False,False,False,False
7,1286,6,7,0.877039627039627,0.8467365967365967,0.953962703962704,False,False,False,False
7,1287,6,7,0.701048951048951,0.7832167832167832,0.6637529137529138,False,False,False,False
7,1288,6,7,0.6783216783216783,0.2972027972027972,0.62995337995338,False,False,False,False
7,1289,6,7,0.47785547785547783,0.10372960372960373,0.291958041958042,False,False,False,False
7,1290,6,7,0.23076923076923078,0.7709790209790209,0.3304195804195804,False,False,False,False
7,1291,6,7,0.7237762237762237,0.7843822843822844,0.7266899766899767,False,False,False,False
7,1292,6,7,0.7144522144522144,0.6311188811188811,0.7966200466200466,False,False,False,False
7,1293,6,7,0.5145687645687645,0.4965034965034965,0.5588578088578089,False,False,False,False
7,1294,6,7,0.23426573426573427,0.9230769230769231,0.3881118881118881,False,False,False,False
7,1295,6,7,0.10664335664335664,0.6247086247086248,0.15792540792540793,False,False,False,False
7,1296,6,7,0.34615384615384615,0.539044289044289,0.3409090909090909,False,False,False,False
7,1297,6,7,0.3210955710955711,0.22843822843822845,0.34032634032634035,False,False,False,False
7,1298,6,7,0.22261072261072262,0.09673659673659674,0.17016317016317017,False,False,False,False
7,1299,6,7,0.09498834498834499,0.42482517482517484,0.11188811188811189,False,False,False,False
7,1300,6,7,0.022727272727272728,0.10780885780885781,0.02505827505827506,True,True,True,True
7,1301,6,7,0.041375291375291376,0.30536130536130535,0.05011655011655012,True,False,False,True
7,1302,6,7,0.7494172494172494,0.6707459207459208,0.8653846153846154,False,False,False,False
7,1303,6,7,0.8694638694638694,0.5775058275058275,0.8467365967365967,False,False,False,False
7,1304,6,7,0.8473193473193473,0.9644522144522144,0.9819347319347319,False,False,False,False
7,1305,6,7,0.8881118881118881,0.5909090909090909,0.8496503496503497,False,False,False,False
7,1306,6,7,0.39335664335664333,0.5868298368298368,0.5996503496503497,False,False,False,False
7,1307,6,7,0.4755244755244755,0.07051282051282051,0.25932400932400934,False,False,False,False
7,1308,6,7,0.5,0.02156177156177156,0.11072261072261072,False,False,True,True
7,1309,6,7,0.5064102564102564,0.7534965034965035,0.6334498834498834,False,False,False,False
7,1310,6,7,0.5244755244755245,0.38636363636363635,0.5693473193473193,False,False,False,False
7,1311,6,7,0.47086247086247085,0.05710955710955711,0.2092074592074592,False,False,False,False
7,1312,6,7,0.7453379953379954,0.9889277389277389,0.9423076923076923,False,False,False,False
7,1313,6,7,0.7948717948717948,0.8916083916083916,0.960955710955711,False,False,False,False
7,1314,6,7,0.8723776223776224,0.6072261072261073,0.8385780885780886,False,False,False,False
7,1315,6,7,0.7896270396270396,0.6614219114219114,0.8846153846153846,False,False,False,False
7,1316,6,7,0.8432400932400932,0.7867132867132867,0.9254079254079254,False,False,False,False
7,1317,6,7,0.7488344988344988,0.7214452214452215,0.865967365967366,False,False,False,False
7,1318,6,7,0.2966200466200466,0.9207459207459208,0.4825174825174825,False,False,False,False
7,1319,6,7,0.3129370629370629,0.5967365967365967,0.46911421911421913,False,False,False,False
7,1320,6,7,0.2301864801864802,0.04195804195804196,0.12937062937062938,False,False,False,True
7,1321,6,7,0.11771561771561771,0.546037296037296,0.18123543123543123,False,False,False,False
7,1322,6,7,0.8479020979020979,0.8473193473193473,0.972027972027972,False,False,False,False
7,1323,6,7,0.87995337995338,0.36538461538461536,0.782051282051282,False,False,False,False
7,1324,6,7,0.9003496503496503,0.11946386946386946,0.43006993006993005,False,False,False,False
7,1325,6,7,0.5798368298368298,0.6334498834498834,0.7121212121212122,False,False,False,False
7,1326,6,7,0.6089743589743589,0.5576923076923077,0.752913752913753,False,False,False,False
7,1327,6,7,0.5203962703962703,0.243006993006993,0.4533799533799534,False,False,False,False
7,1328,6,7,0.35664335664335667,0.3298368298368298,0.3339160839160839,False,False,False,False
7,1329,6,7,0.36072261072261075,0.09615384615384616,0.27505827505827507,False,False,False,False
7,1330,6,7,0.25757575757575757,0.008741258741258742,0.06934731934731934,False,False,True,True
7,1331,6,7,0.10780885780885781,0.18764568764568765,0.11946386946386946,False,False,False,False
7,1332,6,7,0.38519813519813517,0.49533799533799533,0.4865967365967366,False,False,False,False
7,1333,6,7,0.40675990675990675,0.4201631701631702,0.5052447552447552,False,False,False,False
7,1334,6,7,0.27913752913752915,0.13053613053613053,0.2406759906759907,False,False,False,False
7,1335,6,7,0.08682983682983683,0.27972027972027974,0.11247086247086246,False,False,False,False
7,1336,6,7,0.047785547785547784,0.10198135198135198,0.053613053613053616,True,False,False,True
7,1337,6,7,0.8974358974358975,0.9475524475524476,0.9935897435897436,False,False,False,False
7,1338,6,7,0.9574592074592074,0.6602564102564102,0.965034965034965,False,False,False,False
7,1339,6,7,0.967948717948718,0.32167832167832167,0.7045454545454546,False,False,False,False
7,1340,6,7,0.8817016317016317,0.7092074592074592,0.9632867132867133,False,False,False,False
7,1341,6,7,0.9015151515151515,0.7086247086247086,0.9498834498834499,False,False,False,False
7,1342,6,7,0.8129370629370629,0.4836829836829837,0.7913752913752914,False,False,False,False
7,1343,6,7,0.4114219114219114,0.6357808857808858,0.49417249417249415,False,False,False,False
7,1344,6,7,0.40501165501165504,0.28263403263403264,0.4493006993006993,False,False,False,False
7,1345,6,7,0.2931235431235431,0.026223776223776224,0.11130536130536131,False,False,False,True
7,1346,6,7,0.16317016317016317,0.35955710955710957,0.21853146853146854,False,False,False,False
7,1347,6,7,0.5547785547785548,0.5023310023310024,0.6165501165501166,False,False,False,False
7,1348,6,7,0.5675990675990676,0.4696969696969697,0.6212121212121212,False,False,False,False
7,1349,6,7,0.38752913752913754,0.23251748251748253,0.36946386946386944,False,False,False,False
7,1350,6,7,0.1486013986013986,0.16375291375291376,0.1684149184149184,False,False,False,False
7,1351,6,7,0.06934731934731934,0.1893939393939394,0.08100233100233101,False,False,False,False
7,1352,6,7,0.3333333333333333,0.15675990675990675,0.2663170163170163,False,False,False,False
7,1353,6,7,0.32867132867132864,0.11188811188811189,0.26456876456876455,False,False,False,False
7,1354,6,7,0.21736596736596736,0.06585081585081586,0.13286713286713286,False,False,False,False
7,1355,6,7,0.08333333333333333,0.11130536130536131,0.07867132867132867,False,False,False,False
7,1356,6,7,0.03496503496503497,0.04312354312354312,0.02564102564102564,True,True,False,True
7,1357,6,7,0.0337995337995338,0.05303030303030303,0.026806526806526808,True,True,False,True
7,1358,6,7,0.8006993006993007,0.6060606060606061,0.8688811188811189,False,False,False,False
7,1359,6,7,0.9294871794871795,0.7051282051282052,0.9405594405594405,False,False,False,False
7,1360,6,7,0.9597902097902098,0.263986013986014,0.7622377622377622,False,False,False,False
7,1361,6,7,0.8688811188811189,0.837995337995338,0.8834498834498834,False,False,False,False
7,1362,6,7,0.9224941724941725,0.5681818181818182,0.9155011655011654,False,False,False,False
7,1363,6,7,0.8356643356643356,0.6078088578088578,0.8222610722610723,False,False,False,False
7,1364,6,7,0.41083916083916083,0.5582750582750583,0.38519813519813517,False,False,False,False
7,1365,6,7,0.4178321678321678,0.1754079254079254,0.37004662004662003,False,False,False,False
7,1366,6,7,0.29895104895104896,0.02564102564102564,0.10256410256410256,False,False,False,True
7,1367,6,7,0.17773892773892774,0.3986013986013986,0.18473193473193472,False,False,False,False
7,1368,6,7,0.4737762237762238,0.9796037296037297,0.6305361305361306,False,False,False,False
7,1369,6,7,0.5093240093240093,0.803030303030303,0.6789044289044289,False,False,False,False
7,1370,6,7,0.3513986013986014,0.6427738927738927,0.48426573426573427,False,False,False,False
7,1371,6,7,0.18822843822843824,0.9038461538461539,0.28146853146853146,False,False,False,False
7,1372,6,7,0.07109557109557109,0.7162004662004662,0.09965034965034965,False,False,False,False
7,1373,6,7,0.2925407925407925,0.8787878787878788,0.38927738927738925,False,False,False,False
7,1374,6,7,0.3082750582750583,0.4597902097902098,0.40501165501165504,False,False,False,False
7,1375,6,7,0.2062937062937063,0.12878787878787878,0.18181818181818182,False,False,False,False
7,1376,6,7,0.09382284382284382,0.7156177156177156,0.12296037296037296,False,False,False,False
7,1377,6,7,0.023310023310023312,0.12237762237762238,0.02156177156177156,True,True,True,True
7,1378,6,7,0.034382284382284384,0.5,0.041375291375291376,True,True,False,True
7,1379,6,7,0.14044289044289043,0.9533799533799534,0.1993006993006993,False,False,False,False
7,1380,6,7,0.14160839160839161,0.6293706293706294,0.20104895104895104,False,False,False,False
7,1381,6,7,0.07867132867132867,0.30652680652680653,0.0944055944055944,False,False,False,False
7,1382,6,7,0.030885780885780884,0.8595571095571095,0.03613053613053613,True,True,False,True
7,1383,6,7,0.005244755244755245,0.32867132867132864,0.004079254079254079,True,True,True,True
7,1384,6,7,0.004662004662004662,0.5658508158508159,0.004662004662004662,True,True,True,True
7,1385,6,7,0.002913752913752914,0.16083916083916083,0.002913752913752914,True,True,True,True
7,1386,6,7,0.40093240093240096,0.10431235431235432,0.23368298368298368,False,False,False,False
7,1387,6,7,0.8420745920745921,0.12062937062937062,0.4382284382284382,False,False,False,False
7,1388,6,7,0.9912587412587412,0.01048951048951049,0.09090909090909091,False,False,True,True
7,1389,6,7,0.946969696969697,0.1351981351981352,0.49184149184149184,False,False,False,False
7,1390,6,7,0.9865967365967366,0.0780885780885781,0.42482517482517484,False,False,False,False
7,1391,6,7,0.6858974358974359,0.7354312354312355,0.8682983682983683,False,False,False,False
7,1392,6,7,0.8205128205128205,0.2261072261072261,0.6019813519813519,False,False,False,False
7,1393,6,7,0.5378787878787878,0.7441724941724942,0.8036130536130536,False,False,False,False
7,1394,6,7,0.7243589743589743,0.8385780885780886,0.8473193473193473,False,False,False,False
7,1395,6,7,0.9277389277389277,0.6480186480186481,0.9166666666666666,False,False,False,False
7,1396,6,7,0.912004662004662,0.7121212121212122,0.9726107226107226,False,False,False,False
7,1397,6,7,0.9731934731934732,0.5641025641025641,0.9592074592074592,False,False,False,False
7,1398,6,7,0.9423076923076923,0.6031468531468531,0.9248251748251748,False,False,False,False
7,1399,6,7,0.9463869463869464,0.6917249417249417,0.9796037296037297,False,False,False,False
7,1400,6,7,0.7983682983682984,0.715034965034965,0.9032634032634033,False,False,False,False
7,1401,6,7,0.46445221445221446,0.5472027972027972,0.5664335664335665,False,False,False,False
7,1402,6,7,0.3473193473193473,0.2674825174825175,0.3041958041958042,False,False,False,False
7,1403,6,7,0.5005827505827506,0.5233100233100233,0.5786713286713286,False,False,False,False
7,1404,6,7,0.2902097902097902,0.4627039627039627,0.2977855477855478,False,False,False,False
7,1405,6,7,0.9889277389277389,0.47086247086247085,0.8886946386946387,False,False,False,False
7,1406,6,7,0.9994172494172494,0.24417249417249418,0.6736596736596736,False,False,False,False
7,1407,6,7,0.9918414918414918,0.08158508158508158,0.4224941724941725,False,False,False,False
7,1408,6,7,0.9685314685314685,0.40734265734265734,0.7371794871794872,False,False,False,False
7,1409,6,7,0.9055944055944056,0.3758741258741259,0.8257575757575758,False,False,False,False
7,1410,6,7,0.8787878787878788,0.17132867132867133,0.5186480186480187,False,False,False,False
7,1411,6,7,0.6818181818181818,0.4935897435897436,0.666083916083916,False,False,False,False
7,1412,6,7,0.7202797202797203,0.7698135198135199,0.8537296037296037,False,False,False,False
7,1413,6,7,0.5314685314685315,0.7902097902097902,0.6171328671328671,False,False,False,False
7,1414,6,7,0.6083916083916084,0.2948717948717949,0.5646853146853147,False,False,False,False
7,1415,6,7,0.31934731934731936,0.43006993006993005,0.4015151515151515,False,False,False,False
7,1416,6,7,0.43997668997669,0.7062937062937062,0.62004662004662,False,False,False,False
7,1417,6,7,0.671911421911422,0.7418414918414918,0.6695804195804196,False,False,False,False
7,1418,6,7,0.6561771561771562,0.7331002331002331,0.8245920745920746,False,False,False,False
7,1419,6,7,0.4819347319347319,0.1958041958041958,0.42365967365967366,False,False,False,False
7,1420,6,7,0.1993006993006993,0.5099067599067599,0.28205128205128205,False,False,False,False
7,1421,6,7,0.40384615384615385,0.7377622377622378,0.6439393939393939,False,False,False,False
7,1422,6,7,0.44871794871794873,0.3152680652680653,0.47027972027972026,False,False,False,False
7,1423,6,7,0.4726107226107226,0.7406759906759907,0.6905594405594405,False,False,False,False
7,1424,6,7,0.28613053613053613,0.7523310023310024,0.3776223776223776,False,False,False,False
7,1425,6,7,0.9790209790209791,0.6742424242424242,0.9300699300699301,False,False,False,False
7,1426,6,7,0.9854312354312355,0.62004662004662,0.9615384615384616,False,False,False,False
7,1427,6,7,0.9662004662004662,0.3717948717948718,0.784965034965035,False,False,False,False
7,1428,6,7,0.9965034965034965,0.6124708624708625,0.9265734265734266,False,False,False,False
7,1429,6,7,0.9627039627039627,0.62995337995338,0.9376456876456877,False,False,False,False
7,1430,6,7,0.9201631701631702,0.5501165501165501,0.8595571095571095,False,False,False,False
7,1431,6,7,0.7826340326340326,0.19114219114219114,0.5093240093240093,False,False,False,False
7,1432,6,7,0.7657342657342657,0.5157342657342657,0.8315850815850816,False,False,False,False
7,1433,6,7,0.6451048951048951,0.5437062937062938,0.6031468531468531,False,False,False,False
7,1434,6,7,0.7045454545454546,0.16666666666666666,0.5291375291375291,False,False,False,False
7,1435,6,7,0.47144522144522144,0.19055944055944055,0.38752913752913754,False,False,False,False
7,1436,6,7,0.548951048951049,0.5075757575757576,0.6538461538461539,False,False,False,False
7,1437,6,7,0.7692307692307693,0.5611888111888111,0.7074592074592074,False,False,False,False
7,1438,6,7,0.7424242424242424,0.5180652680652681,0.7837995337995338,False,False,False,False
7,1439,6,7,0.5437062937062938,0.3350815850815851,0.5524475524475524,False,False,False,False
7,1440,6,7,0.22435897435897437,0.38986013986013984,0.3152680652680653,False,False,False,False
7,1441,6,7,0.09557109557109557,0.3793706293706294,0.12354312354312354,False,False,False,False
7,1442,6,7,0.5576923076923077,0.7272727272727273,0.6975524475524476,False,False,False,False
7,1443,6,7,0.07692307692307693,0.6381118881118881,0.07575757575757576,False,False,False,False
7,1444,6,7,0.31585081585081587,0.27505827505827507,0.3321678321678322,False,False,False,False
7,1445,6,7,0.06293706293706294,0.34965034965034963,0.07109557109557109,False,False,False,False
7,1446,6,7,0.2092074592074592,0.6386946386946387,0.2925407925407925,False,False,False,False
7,1447,6,7,0.7406759906759907,0.6421911421911422,0.6585081585081585,False,False,False,False
7,1448,6,7,0.3962703962703963,0.5378787878787878,0.5501165501165501,False,False,False,False
7,1449,6,7,0.5215617715617715,0.14160839160839161,0.3473193473193473,False,False,False,False
7,1450,6,7,0.2202797202797203,0.4557109557109557,0.3111888111888112,False,False,False,False
7,1451,6,7,0.3717948717948718,0.21794871794871795,0.2966200466200466,False,False,False,False
7,1452,6,7,0.0780885780885781,0.2494172494172494,0.08624708624708624,False,False,False,False
7,1453,6,7,0.21853146853146854,0.36480186480186483,0.2698135198135198,False,False,False,False
7,1454,6,7,0.09673659673659674,0.1561771561771562,0.11596736596736597,False,False,False,False
7,1455,6,7,0.07634032634032634,0.28554778554778554,0.09731934731934731,False,False,False,False
7,1456,6,7,0.2127039627039627,0.08916083916083917,0.18006993006993008,False,False,False,False
7,1457,6,7,0.4527972027972028,0.00641025641025641,0.05128205128205128,False,False,True,True
7,1458,6,7,0.4603729603729604,0.14219114219114218,0.2744755244755245,False,False,False,False
7,1459,6,7,0.27505827505827507,0.07284382284382285,0.15034965034965034,False,False,False,False
7,1460,6,7,0.8578088578088578,0.06468531468531469,0.32925407925407923,False,False,False,False
7,1461,6,7,0.9638694638694638,0.045454545454545456,0.21153846153846154,False,False,False,True
7,1462,6,7,0.951048951048951,0.015151515151515152,0.15967365967365968,False,False,True,True
7,1463,6,7,0.9895104895104895,0.08216783216783216,0.3513986013986014,False,False,False,False
7,1464,6,7,0.986013986013986,0.05011655011655012,0.3082750582750583,False,False,False,False
7,1465,6,7,0.9586247086247086,0.028554778554778556,0.16200466200466201,False,False,False,True
7,1466,6,7,0.5588578088578089,0.013403263403263404,0.09207459207459208,False,False,True,True
7,1467,6,7,0.627039627039627,0.6596736596736597,0.7249417249417249,False,False,False,False
7,1468,6,7,0.6381118881118881,0.20104895104895104,0.5233100233100233,False,False,False,False
7,1469,6,7,0.6276223776223776,0.2196969696969697,0.4324009324009324,False,False,False,False
7,1470,6,7,0.6322843822843823,0.022144522144522144,0.14160839160839161,False,False,True,True
7,1471,6,7,0.5238927738927739,0.798951048951049,0.7127039627039627,False,False,False,False
7,1472,6,7,0.6130536130536131,0.6258741258741258,0.5641025641025641,False,False,False,False
7,1473,6,7,0.6258741258741258,0.18123543123543123,0.553030303030303,False,False,False,False
7,1474,6,7,0.44522144522144524,0.6287878787878788,0.6124708624708625,False,False,False,False
7,1475,6,7,0.28205128205128205,0.6975524475524476,0.42599067599067597,False,False,False,False
7,1476,6,7,0.36013986013986016,0.24592074592074592,0.3484848484848485,False,False,False,False
7,1477,6,7,0.3951048951048951,0.4592074592074592,0.42832167832167833,False,False,False,False
7,1478,6,7,0.23543123543123542,0.22144522144522144,0.22494172494172493,False,False,False,False
7,1479,6,7,0.289044289044289,0.42832167832167833,0.29953379953379955,False,False,False,False
7,1480,6,7,0.11946386946386946,0.22377622377622378,0.13752913752913754,False,False,False,False
7,1481,6,7,0.1864801864801865,0.38053613053613056,0.20279720279720279,False,False,False,False
7,1482,6,7,0.5734265734265734,0.42599067599067597,0.42773892773892774,False,False,False,False
7,1483,6,7,0.527972027972028,0.19172494172494173,0.541958041958042,False,False,False,False
7,1484,6,7,0.4364801864801865,0.09557109557109557,0.2680652680652681,False,False,False,False
7,1485,6,7,0.23717948717948717,0.34207459207459207,0.24125874125874125,False,False,False,False
7,1486,6,7,0.24184149184149184,0.44813519813519814,0.23135198135198135,False,False,False,False
7,1487,6,7,0.2365967365967366,0.1555944055944056,0.30244755244755245,False,False,False,False
7,1488,6,7,0.19696969696969696,0.7925407925407926,0.30128205128205127,False,False,False,False
7,1489,6,7,0.12354312354312354,0.513986013986014,0.1888111888111888,False,False,False,False
7,1490,6,7,0.07051282051282051,0.8531468531468531,0.10780885780885781,False,False,False,False
7,1491,6,7,0.3572261072261072,0.13344988344988346,0.28088578088578087,False,False,False,False
7,1492,6,7,0.4493006993006993,0.7115384615384616,0.6375291375291375,False,False,False,False
7,1493,6,7,0.270979020979021,0.27564102564102566,0.29895104895104896,False,False,False,False
7,1494,6,7,0.42948717948717946,0.4405594405594406,0.47435897435897434,False,False,False,False
7,1495,6,7,0.1963869463869464,0.1520979020979021,0.21095571095571095,False,False,False,False
7,1496,6,7,0.27564102564102566,0.7476689976689976,0.4254079254079254,False,False,False,False
7,1497,6,7,0.6876456876456877,0.6771561771561772,0.6282051282051282,False,False,False,False
7,1498,6,7,0.6177156177156177,0.256993006993007,0.6491841491841492,False,False,False,False
7,1499,6,7,0.4825174825174825,0.4015151515151515,0.5576923076923077,False,False,False,False
7,1500,6,7,0.2773892773892774,0.6748251748251748,0.4114219114219114,False,False,False,False
7,1501,6,7,0.351981351981352,0.16200466200466201,0.20454545454545456,False,False,False,False
7,1502,6,7,0.3245920745920746,0.12004662004662005,0.3315850815850816,False,False,False,False
7,1503,6,7,0.256993006993007,0.5017482517482518,0.34673659673659674,False,False,False,False
7,1504,6,7,0.16142191142191142,0.20804195804195805,0.19755244755244755,False,False,False,False
7,1505,6,7,0.11888111888111888,0.6013986013986014,0.19522144522144522,False,False,False,False
7,1506,6,7,0.15384615384615385,0.47435897435897434,0.17773892773892774,False,False,False,False
7,1507,6,7,0.015734265734265736,0.2733100233100233,0.018648018648018648,True,True,True,True
7,1508,6,7,0.09207459207459208,0.6433566433566433,0.13927738927738928,False,False,False,False
7,1509,6,7,0.039627039627039624,0.5163170163170163,0.057692307692307696,True,False,False,True
7,1510,6,7,0.06235431235431235,0.6824009324009324,0.09032634032634032,False,False,False,False
7,1511,6,7,0.03613053613053613,0.372960372960373,0.0472027972027972,True,True,False,True
7,1512,6,7,0.5134032634032634,0.6666666666666666,0.7214452214452215,False,False,False,False
7,1513,6,7,0.972027972027972,0.28438228438228436,0.6847319347319347,False,False,False,False
7,1514,6,7,0.9265734265734266,0.5903263403263403,0.8776223776223776,False,False,False,False
7,1515,6,7,0.9632867132867133,0.4737762237762238,0.7884615384615384,False,False,False,False
7,1516,6,7,0.8671328671328671,0.5337995337995338,0.8438228438228438,False,False,False,False
7,1517,6,7,0.8933566433566433,0.22727272727272727,0.6328671328671329,False,False,False,False
7,1518,6,7,0.9195804195804196,0.06701631701631702,0.337995337995338,False,False,False,False
7,1519,6,7,0.9813519813519813,0.418997668997669,0.7773892773892774,False,False,False,False
7,1520,6,7,0.9825174825174825,0.3513986013986014,0.8216783216783217,False,False,False,False
7,1521,6,7,0.8962703962703963,0.14918414918414918,0.4662004662004662,False,False,False,False
7,1522,6,7,0.3269230769230769,0.8041958041958042,0.46678321678321677,False,False,False,False
7,1523,6,7,0.4219114219114219,0.8776223776223776,0.6386946386946387,False,False,False,False
7,1524,6,7,0.4551282051282051,0.8636363636363636,0.6666666666666666,False,False,False,False
7,1525,6,7,0.4784382284382284,0.24358974358974358,0.48484848484848486,False,False,False,False
7,1526,6,7,0.47202797202797203,0.4621212121212121,0.5804195804195804,False,False,False,False
7,1527,6,7,0.37995337995337997,0.6130536130536131,0.5326340326340326,False,False,False,False
7,1528,6,7,0.18123543123543123,0.8082750582750583,0.24533799533799533,False,False,False,False
7,1529,6,7,0.20163170163170163,0.7773892773892774,0.351981351981352,False,False,False,False
7,1530,6,7,0.14393939393939395,0.18706293706293706,0.18240093240093241,False,False,False,False
7,1531,6,7,0.1148018648018648,0.38752913752913754,0.14976689976689977,False,False,False,False
7,1532,6,7,0.8997668997668997,0.7738927738927739,0.9458041958041958,False,False,False,False
7,1533,6,7,0.9388111888111889,0.7045454545454546,0.967948717948718,False,False,False,False
7,1534,6,7,0.9248251748251748,0.43065268065268064,0.8251748251748252,False,False,False,False
7,1535,6,7,0.7791375291375291,0.3618881118881119,0.7097902097902098,False,False,False,False
7,1536,6,7,0.7721445221445221,0.486013986013986,0.8292540792540792,False,False,False,False
7,1537,6,7,0.6940559440559441,0.4388111888111888,0.6614219114219114,False,False,False,False
7,1538,6,7,0.6684149184149184,0.6818181818181818,0.5979020979020979,False,False,False,False
7,1539,6,7,0.6602564102564102,0.4172494172494173,0.6928904428904429,False,False,False,False
7,1540,6,7,0.4627039627039627,0.030885780885780884,0.13694638694638694,False,False,False,True
7,1541,6,7,0.24358974358974358,0.3333333333333333,0.27972027972027974,False,False,False,False
7,1542,6,7,0.16025641025641027,0.31643356643356646,0.18065268065268064,False,False,False,False
7,1543,6,7,0.17074592074592074,0.4551282051282051,0.26048951048951047,False,False,False,False
7,1544,6,7,0.12703962703962704,0.398018648018648,0.16142191142191142,False,False,False,False
7,1545,6,7,0.087995337995338,0.19289044289044288,0.10023310023310024,False,False,False,False
7,1546,6,7,0.030303030303030304,0.28846153846153844,0.038461538461538464,True,True,False,True
7,1547,6,7,0.8764568764568764,0.8216783216783217,0.9551282051282052,False,False,False,False
7,1548,6,7,0.7546620046620046,0.8793706293706294,0.9522144522144522,False,False,False,False
7,1549,6,7,0.7698135198135199,0.7412587412587412,0.7896270396270396,False,False,False,False
7,1550,6,7,0.9312354312354313,0.3537296037296037,0.8589743589743589,False,False,False,False
7,1551,6,7,0.8910256410256411,0.5454545454545454,0.8898601398601399,False,False,False,False
7,1552,6,7,0.7272727272727273,0.627039627039627,0.7907925407925408,False,False,False,False
7,1553,6,7,0.662004662004662,0.8065268065268065,0.6876456876456877,False,False,False,False
7,1554,6,7,0.6491841491841492,0.6497668997668997,0.7756410256410257,False,False,False,False
7,1555,6,7,0.3968531468531469,0.13286713286713286,0.3135198135198135,False,False,False,False
7,1556,6,7,0.2692307692307692,0.42773892773892774,0.36072261072261075,False,False,False,False
7,1557,6,7,0.25582750582750585,0.24533799533799533,0.24766899766899766,False,False,False,False
7,1558,6,7,0.2663170163170163,0.32517482517482516,0.3578088578088578,False,False,False,False
7,1559,6,7,0.175990675990676,0.32634032634032634,0.2127039627039627,False,False,False,False
7,1560,6,7,0.12645687645687645,0.050699300699300696,0.08916083916083917,False,False,False,False
7,1561,6,7,0.04603729603729604,0.2680652680652681,0.05652680652680653,True,False,False,True
7,1562,6,7,0.40034965034965037,0.29953379953379955,0.3741258741258741,False,False,False,False
7,1563,6,7,0.2564102564102564,0.3525641025641026,0.36596736596736595,False,False,False,False
7,1564,6,7,0.25,0.18181818181818182,0.2529137529137529,False,False,False,False
7,1565,6,7,0.12004662004662005,0.20512820512820512,0.14685314685314685,False,False,False,False
7,1566,6,7,0.06818181818181818,0.12703962703962704,0.06993006993006994,False,False,False,False
7,1567,6,7,0.028554778554778556,0.1148018648018648,0.029137529137529136,True,True,False,True
7,1568,6,7,0.30594405594405594,0.43356643356643354,0.42657342657342656,False,False,False,False
7,1569,6,7,0.46503496503496505,0.5116550116550117,0.5606060606060606,False,False,False,False
7,1570,6,7,0.4533799533799534,0.24125874125874125,0.4557109557109557,False,False,False,False
7,1571,6,7,0.7954545454545454,0.4796037296037296,0.671911421911422,False,False,False,False
7,1572,6,7,0.8344988344988346,0.34615384615384615,0.7995337995337995,False,False,False,False
7,1573,6,7,0.722027972027972,0.37004662004662003,0.6048951048951049,False,False,False,False
7,1574,6,7,0.5122377622377622,0.45104895104895104,0.38403263403263405,False,False,False,False
7,1575,6,7,0.5186480186480187,0.19230769230769232,0.4621212121212121,False,False,False,False
7,1576,6,7,0.3502331002331002,0.07634032634032634,0.22319347319347319,False,False,False,False
7,1577,6,7,0.2331002331002331,0.29895104895104896,0.2191142191142191,False,False,False,False
7,1578,6,7,0.13053613053613053,0.7837995337995338,0.1660839160839161,False,False,False,False
7,1579,6,7,0.1381118881118881,0.3141025641025641,0.25524475524475526,False,False,False,False
7,1580,6,7,0.10256410256410256,0.8921911421911422,0.1754079254079254,False,False,False,False
7,1581,6,7,0.08100233100233101,0.6008158508158508,0.1258741258741259,False,False,False,False
7,1582,6,7,0.027972027972027972,0.9061771561771562,0.04195804195804196,True,True,False,True
7,1583,6,7,0.27214452214452217,0.8047785547785548,0.31002331002331,False,False,False,False
7,1584,6,7,0.27855477855477856,0.49125874125874125,0.44696969696969696,False,False,False,False
7,1585,6,7,0.21095571095571095,0.39044289044289043,0.25582750582750585,False,False,False,False
7,1586,6,7,0.11421911421911422,0.6054778554778555,0.16317016317016317,False,False,False,False
7,1587,6,7,0.05419580419580419,0.4813519813519814,0.06643356643356643,False,False,False,False
7,1588,6,7,0.0168997668997669,0.5856643356643356,0.022727272727272728,True,True,True,True
7,1589,6,7,0.18997668997668998,0.8566433566433567,0.2395104895104895,False,False,False,False
7,1590,6,7,0.18181818181818182,0.42948717948717946,0.2878787878787879,False,False,False,False
7,1591,6,7,0.0979020979020979,0.7558275058275058,0.155011655011655,False,False,False,False
7,1592,6,7,0.06351981351981352,0.6864801864801865,0.0844988344988345,False,False,False,False
7,1593,6,7,0.02564102564102564,0.7727272727272727,0.033216783216783216,True,True,False,True
7,1594,6,7,0.012237762237762238,0.4026806526806527,0.017482517482517484,True,True,True,True
7,1595,6,7,0.005827505827505828,0.44988344988344986,0.00641025641025641,True,True,True,True
7,1596,6,7,0.8543123543123543,0.6095571095571095,0.8811188811188811,False,False,False,False
7,1597,6,7,0.965034965034965,0.3315850815850816,0.7144522144522144,False,False,False,False
7,1598,6,7,0.9096736596736597,0.6893939393939394,0.9096736596736597,False,False,False,False
7,1599,6,7,0.960955710955711,0.4370629370629371,0.7954545454545454,False,False,False,False
7,1600,6,7,0.9020979020979021,0.5262237762237763,0.8572261072261073,False,False,False,False
7,1601,6,7,0.9405594405594405,0.3811188811188811,0.7814685314685315,False,False,False,False
7,1602,6,7,0.9592074592074592,0.1247086247086247,0.4796037296037296,False,False,False,False
7,1603,6,7,0.9382284382284383,0.5343822843822844,0.8111888111888111,False,False,False,False
7,1604,6,7,0.9411421911421911,0.33974358974358976,0.7727272727272727,False,False,False,False
7,1605,6,7,0.8630536130536131,0.2057109557109557,0.5402097902097902,False,False,False,False
7,1606,6,7,0.8566433566433567,0.8857808857808858,0.9324009324009324,False,False,False,False
7,1607,6,7,0.8846153846153846,0.8933566433566433,0.9877622377622378,False,False,False,False
7,1608,6,7,0.9318181818181818,0.754079254079254,0.9283216783216783,False,False,False,False
7,1609,6,7,0.8648018648018648,0.4178321678321678,0.798951048951049,False,False,False,False
7,1610,6,7,0.8875291375291375,0.6544289044289044,0.8997668997668997,False,False,False,False
7,1611,6,7,0.7622377622377622,0.6835664335664335,0.8490675990675991,False,False,False,False
7,1612,6,7,0.5600233100233101,0.8548951048951049,0.6841491841491841,False,False,False,False
7,1613,6,7,0.6025641025641025,0.7167832167832168,0.7558275058275058,False,False,False,False
7,1614,6,7,0.4155011655011655,0.391025641025641,0.5104895104895105,False,False,False,False
7,1615,6,7,0.17715617715617715,0.5005827505827506,0.2703962703962704,False,False,False,False
7,1616,6,7,0.752913752913753,0.8397435897435898,0.8461538461538461,False,False,False,False
7,1617,6,7,0.7604895104895105,0.777972027972028,0.8904428904428905,False,False,False,False
7,1618,6,7,0.803030303030303,0.3991841491841492,0.7022144522144522,False,False,False,False
7,1619,6,7,0.5087412587412588,0.6002331002331003,0.5920745920745921,False,False,False,False
7,1620,6,7,0.6095571095571095,0.6241258741258742,0.7231934731934732,False,False,False,False
7,1621,6,7,0.48484848484848486,0.4819347319347319,0.5337995337995338,False,False,False,False
7,1622,6,7,0.48717948717948717,0.701048951048951,0.5512820512820513,False,False,False,False
7,1623,6,7,0.4796037296037296,0.3531468531468531,0.5477855477855478,False,False,False,False
7,1624,6,7,0.377039627039627,0.024475524475524476,0.11013986013986014,False,False,True,True
7,1625,6,7,0.13286713286713286,0.3409090909090909,0.17482517482517482,False,False,False,False
7,1626,6,7,0.34906759906759904,0.48892773892773894,0.40617715617715616,False,False,False,False
7,1627,6,7,0.36655011655011654,0.587995337995338,0.504079254079254,False,False,False,False
7,1628,6,7,0.2768065268065268,0.42715617715617715,0.3414918414918415,False,False,False,False
7,1629,6,7,0.09090909090909091,0.3041958041958042,0.12062937062937062,False,False,False,False
7,1630,6,7,0.0675990675990676,0.30186480186480186,0.08741258741258741,False,False,False,False
7,1631,6,7,0.9143356643356644,0.8805361305361306,0.9731934731934732,False,False,False,False
7,1632,6,7,0.9749417249417249,0.8706293706293706,0.9982517482517482,False,False,False,False
7,1633,6,7,0.9353146853146853,0.6369463869463869,0.8741258741258742,False,False,False,False
7,1634,6,7,0.8677156177156177,0.5914918414918415,0.8892773892773893,False,False,False,False
7,1635,6,7,0.8548951048951049,0.696969696969697,0.8945221445221445,False,False,False,False
7,1636,6,7,0.7803030303030303,0.6561771561771562,0.8479020979020979,False,False,False,False
7,1637,6,7,0.7115384615384616,0.8076923076923077,0.7610722610722611,False,False,False,False
7,1638,6,7,0.6882284382284383,0.5635198135198135,0.743006993006993,False,False,False,False
7,1639,6,7,0.5174825174825175,0.1456876456876457,0.34382284382284384,False,False,False,False
7,1640,6,7,0.24417249417249418,0.5087412587412588,0.3583916083916084,False,False,False,False
7,1641,6,7,0.6171328671328671,0.3706293706293706,0.5617715617715617,False,False,False,False
7,1642,6,7,0.5996503496503497,0.40442890442890445,0.594988344988345,False,False,False,False
7,1643,6,7,0.4388111888111888,0.31002331002331,0.4370629370629371,False,False,False,False
7,1644,6,7,0.2097902097902098,0.1346153846153846,0.2057109557109557,False,False,False,False
7,1645,6,7,0.11363636363636363,0.30128205128205127,0.15442890442890442,False,False,False,False
7,1646,6,7,0.32226107226107226,0.2092074592074592,0.3175990675990676,False,False,False,False
7,1647,6,7,0.24825174825174826,0.2127039627039627,0.31585081585081587,False,False,False,False
7,1648,6,7,0.24125874125874125,0.14102564102564102,0.2062937062937063,False,False,False,False
7,1649,6,7,0.10139860139860139,0.1252913752913753,0.10955710955710955,False,False,False,False
7,1650,6,7,0.053613053613053616,0.06235431235431235,0.054778554778554776,False,False,False,False
7,1651,6,7,0.04836829836829837,0.06993006993006994,0.04603729603729604,True,True,False,True
7,1652,6,7,0.668997668997669,0.45396270396270394,0.6882284382284383,False,False,False,False
7,1653,6,7,0.7942890442890443,0.5168997668997669,0.7715617715617715,False,False,False,False
7,1654,6,7,0.8298368298368298,0.20163170163170163,0.6363636363636364,False,False,False,False
7,1655,6,7,0.7261072261072261,0.5798368298368298,0.6567599067599068,False,False,False,False
7,1656,6,7,0.7907925407925408,0.36421911421911424,0.7698135198135199,False,False,False,False
7,1657,6,7,0.7033799533799534,0.34673659673659674,0.5745920745920746,False,False,False,False
7,1658,6,7,0.5705128205128205,0.44755244755244755,0.42424242424242425,False,False,False,False
7,1659,6,7,0.5821678321678322,0.1649184149184149,0.44871794871794873,False,False,False,False
7,1660,6,7,0.43123543123543123,0.15442890442890442,0.29603729603729606,False,False,False,False
7,1661,6,7,0.24242424242424243,0.28321678321678323,0.2196969696969697,False,False,False,False
7,1662,6,7,0.40559440559440557,0.8648018648018648,0.5134032634032634,False,False,False,False
7,1663,6,7,0.42074592074592077,0.29836829836829837,0.5238927738927739,False,False,False,False
7,1664,6,7,0.3275058275058275,0.8152680652680653,0.48951048951048953,False,False,False,False
7,1665,6,7,0.19172494172494173,0.7692307692307693,0.31643356643356646,False,False,False,False
7,1666,6,7,0.09848484848484848,0.8496503496503497,0.168997668997669,False,False,False,False
7,1667,6,7,0.07575757575757576,0.8869463869463869,0.10372960372960373,False,False,False,False
7,1668,6,7,0.10081585081585082,0.5052447552447552,0.16666666666666666,False,False,False,False
7,1669,6,7,0.07459207459207459,0.43123543123543123,0.09557109557109557,False,False,False,False
7,1670,6,7,0.033216783216783216,0.7278554778554779,0.04428904428904429,True,True,False,True
7,1671,6,7,0.019813519813519812,0.46794871794871795,0.024475524475524476,True,True,True,True
7,1672,6,7,0.02097902097902098,0.6876456876456877,0.028554778554778556,True,True,True,True
7,1673,6,7,0.2057109557109557,0.9195804195804196,0.2768065268065268,False,False,False,False
7,1674,6,7,0.20512820512820512,0.42657342657342656,0.2907925407925408,False,False,False,False
7,1675,6,7,0.13752913752913754,0.6858974358974359,0.21212121212121213,False,False,False,False
7,1676,6,7,0.06585081585081586,0.8321678321678322,0.09673659673659674,False,False,False,False
7,1677,6,7,0.026806526806526808,0.6911421911421911,0.03671328671328671,True,True,False,True
7,1678,6,7,0.022144522144522144,0.46736596736596736,0.034382284382284384,True,True,True,True
7,1679,6,7,0.008741258741258742,0.3374125874125874,0.013403263403263404,True,True,True,True
7,1680,6,7,0.7768065268065268,0.8712121212121212,0.916083916083916,False,False,False,False
7,1681,6,7,0.8624708624708625,0.7231934731934732,0.9393939393939394,False,False,False,False
7,1682,6,7,0.8822843822843823,0.38344988344988346,0.7942890442890443,False,False,False,False
7,1683,6,7,0.7441724941724942,0.36596736596736595,0.6864801864801865,False,False,False,False
7,1684,6,7,0.7855477855477856,0.40384615384615385,0.7511655011655012,False,False,False,False
7,1685,6,7,0.6812354312354313,0.3385780885780886,0.5903263403263403,False,False,False,False
7,1686,6,7,0.3298368298368298,0.6940559440559441,0.4125874125874126,False,False,False,False
7,1687,6,7,0.3409090909090909,0.3741258741258741,0.4172494172494173,False,False,False,False
7,1688,6,7,0.2680652680652681,0.03205128205128205,0.10314685314685315,False,False,False,True
7,1689,6,7,0.1655011655011655,0.25815850815850816,0.1958041958041958,False,False,False,False
7,1690,6,7,0.14743589743589744,0.377039627039627,0.1963869463869464,False,False,False,False
7,1691,6,7,0.1555944055944056,0.3886946386946387,0.21736596736596736,False,False,False,False
7,1692,6,7,0.1182983682983683,0.317016317016317,0.14335664335664336,False,False,False,False
7,1693,6,7,0.08624708624708624,0.0844988344988345,0.0780885780885781,False,False,False,False
7,1694,6,7,0.026223776223776224,0.25757575757575757,0.03263403263403263,True,True,False,True
7,1695,6,7,0.24475524475524477,0.3817016317016317,0.2902097902097902,False,False,False,False
7,1696,6,7,0.2534965034965035,0.32051282051282054,0.31876456876456877,False,False,False,False
7,1697,6,7,0.19347319347319347,0.10664335664335664,0.16083916083916083,False,False,False,False
7,1698,6,7,0.09032634032634032,0.16958041958041958,0.09324009324009325,False,False,False,False
7,1699,6,7,0.04487179487179487,0.07400932400932402,0.042540792540792544,True,True,False,True
7,1700,6,7,0.015151515151515152,0.087995337995338,0.016317016317016316,True,True,True,True
7,1701,6,7,0.20104895104895104,0.3752913752913753,0.23193473193473194,False,False,False,False
7,1702,6,7,0.19813519813519814,0.3560606060606061,0.23426573426573427,False,False,False,False
7,1703,6,7,0.1317016317016317,0.21386946386946387,0.14219114219114218,False,False,False,False
7,1704,6,7,0.06060606060606061,0.11013986013986014,0.05944055944055944,False,False,False,False
7,1705,6,7,0.02156177156177156,0.16317016317016317,0.023310023310023312,True,True,True,True
7,1706,6,7,0.01282051282051282,0.06351981351981352,0.008158508158508158,True,True,True,True
7,1707,6,7,0.016317016317016316,0.05128205128205128,0.012237762237762238,True,True,True,True
7,1708,6,7,0.15093240093240093,0.9213286713286714,0.20687645687645687,False,False,False,False
7,1709,6,7,0.1561771561771562,0.46853146853146854,0.2162004662004662,False,False,False,False
7,1710,6,7,0.10955710955710955,0.40093240093240096,0.13111888111888112,False,False,False,False
7,1711,6,7,0.05128205128205128,0.5308857808857809,0.06526806526806526,False,False,False,False
7,1712,6,7,0.019230769230769232,0.47202797202797203,0.019813519813519812,True,True,True,True
7,1713,6,7,0.006993006993006993,0.4603729603729604,0.007575757575757576,True,True,True,True
7,1714,6,7,0.004079254079254079,0.40034965034965037,0.005244755244755245,True,True,True,True
7,1715,6,7,0.009324009324009324,0.4586247086247086,0.01048951048951049,True,True,True,True
