view,res,method,query_site,held_out_ref,novelty_median,novelty_p90
all_sites,518,balanced,4ih2ggld,0grcilhi,17.18259189903647,20.45841850346151
all_sites,518,balanced,5n1q8atc,0grcilhi,17.34166366423987,20.567166378928324
all_sites,518,balanced,f1vzngrs,0grcilhi,16.797535576475806,19.817054809502473
all_sites,518,balanced,ffwubibz,0grcilhi,15.516313001809362,17.329683028426103
all_sites,518,balanced,fzrt2k6r,0grcilhi,15.827471534055597,18.063933489304354
all_sites,518,balanced,iv6g2oq0,0grcilhi,15.426664378152761,18.979760772728216
all_sites,518,balanced,uhdslk0o,0grcilhi,15.7598254390961,18.59262587457876
all_sites,518,balanced,3806gxp0,0grcilhi,15.563068419688525,19.796702870403976
all_sites,518,balanced,avn74qx1,0grcilhi,16.238528448518466,18.458834432996394
all_sites,518,balanced,b3esycq1,0grcilhi,15.874361182577132,18.788428604644103
all_sites,518,balanced,epqdaau9,0grcilhi,15.716592242967467,19.452796614297682
all_sites,518,balanced,i9jiqjwl,0grcilhi,15.598235918401087,18.61397663820477
all_sites,518,balanced,r17byphk,0grcilhi,14.883007304964888,17.46137916390682
all_sites,518,balanced,rxax5ozo,0grcilhi,14.988869534479779,17.171306052030765
all_sites,518,balanced,4ih2ggld,71vgq3fw,17.04549002080332,20.45450033288692
all_sites,518,balanced,5n1q8atc,71vgq3fw,17.347907913203745,20.754836717903448
all_sites,518,balanced,f1vzngrs,71vgq3fw,16.949062230923136,19.71834967321326
all_sites,518,balanced,ffwubibz,71vgq3fw,15.546845827983613,17.39138079956958
all_sites,518,balanced,fzrt2k6r,71vgq3fw,15.7475925465505,18.078525264647215
all_sites,518,balanced,iv6g2oq0,71vgq3fw,15.278258669817697,19.081864160861194
all_sites,518,balanced,uhdslk0o,71vgq3fw,15.582006577381145,18.312402671883156
all_sites,518,balanced,3806gxp0,71vgq3fw,15.812137957154048,19.637770629834396
all_sites,518,balanced,avn74qx1,71vgq3fw,16.474930770200956,18.686594514818914
all_sites,518,balanced,b3esycq1,71vgq3fw,15.836149930887654,18.651535684409364
all_sites,518,balanced,epqdaau9,71vgq3fw,15.673621975586173,19.470898833551303
all_sites,518,balanced,i9jiqjwl,71vgq3fw,15.490876395647934,18.522913449215753
all_sites,518,balanced,r17byphk,71vgq3fw,14.925562846792797,17.413377880189767
all_sites,518,balanced,rxax5ozo,71vgq3fw,14.998146237768834,17.414857119559294
all_sites,518,balanced,4ih2ggld,9luzk4jm,16.97584610072458,20.593893612089136
all_sites,518,balanced,5n1q8atc,9luzk4jm,17.284057097673603,20.53675708056069
all_sites,518,balanced,f1vzngrs,9luzk4jm,16.81053504579699,19.716802200343356
all_sites,518,balanced,ffwubibz,9luzk4jm,15.586023921731154,17.70065798359338
all_sites,518,balanced,fzrt2k6r,9luzk4jm,15.775919466571139,17.958001865586656
all_sites,518,balanced,iv6g2oq0,9luzk4jm,15.3976567212212,19.108806649387102
all_sites,518,balanced,uhdslk0o,9luzk4jm,15.60056915217578,18.366334667981445
all_sites,518,balanced,3806gxp0,9luzk4jm,15.621860167570539,19.603649262043845
all_sites,518,balanced,avn74qx1,9luzk4jm,16.220709137524096,18.433569151485013
all_sites,518,balanced,b3esycq1,9luzk4jm,15.708950943178873,18.723204978455666
all_sites,518,balanced,epqdaau9,9luzk4jm,15.653165707751459,19.531812650551885
all_sites,518,balanced,i9jiqjwl,9luzk4jm,15.702095234438346,18.566671401465875
all_sites,518,balanced,r17byphk,9luzk4jm,14.950011617210091,17.42325725798204
all_sites,518,balanced,rxax5ozo,9luzk4jm,15.015226448056573,17.26766750944379
all_sites,518,balanced,4ih2ggld,cfe5vt7s,17.213586680886806,20.365681754994792
all_sites,518,balanced,5n1q8atc,cfe5vt7s,17.264016716217114,20.524200213495387
all_sites,518,balanced,f1vzngrs,cfe5vt7s,17.358493753241994,20.03470123348332
all_sites,518,balanced,ffwubibz,cfe5vt7s,15.619143429693558,17.462324418296433
all_sites,518,balanced,fzrt2k6r,cfe5vt7s,15.864874124557291,18.0198039462699
all_sites,518,balanced,iv6g2oq0,cfe5vt7s,15.656197749933597,19.32272800748776
all_sites,518,balanced,uhdslk0o,cfe5vt7s,15.665907317998407,18.593335531273187
all_sites,518,balanced,3806gxp0,cfe5vt7s,15.633113692079927,19.571703884799007
all_sites,518,balanced,avn74qx1,cfe5vt7s,16.234693125469065,18.444192154122536
all_sites,518,balanced,b3esycq1,cfe5vt7s,15.872979323773361,18.785180600442647
all_sites,518,balanced,epqdaau9,cfe5vt7s,15.619853602394123,19.733023046834106
all_sites,518,balanced,i9jiqjwl,cfe5vt7s,15.752980509974872,18.24732237988049
all_sites,518,balanced,r17byphk,cfe5vt7s,15.123391862679448,17.56141374689357
all_sites,518,balanced,rxax5ozo,cfe5vt7s,14.940790585145775,17.606767975337135
all_sites,518,balanced,4ih2ggld,hawkfj64,17.03079174320236,20.58860709189654
all_sites,518,balanced,5n1q8atc,hawkfj64,17.3743946221119,20.307144526634023
all_sites,518,balanced,f1vzngrs,hawkfj64,17.010410672282184,19.821407036131003
all_sites,518,balanced,ffwubibz,hawkfj64,15.473921373031644,17.37988131192875
all_sites,518,balanced,fzrt2k6r,hawkfj64,15.775530641159147,17.89646113167596
all_sites,518,balanced,iv6g2oq0,hawkfj64,15.401211094100713,19.321139892985784
all_sites,518,balanced,uhdslk0o,hawkfj64,15.566749154128654,18.323428905438103
all_sites,518,balanced,3806gxp0,hawkfj64,15.616468765446488,19.449583097486695
all_sites,518,balanced,avn74qx1,hawkfj64,16.31010231512448,18.387799150010988
all_sites,518,balanced,b3esycq1,hawkfj64,15.817352411122751,18.720815149420456
all_sites,518,balanced,epqdaau9,hawkfj64,15.824428677856922,19.466717661414634
all_sites,518,balanced,i9jiqjwl,hawkfj64,15.691318084854199,18.564795781883777
all_sites,518,balanced,r17byphk,hawkfj64,14.999274518643253,17.340851736728425
all_sites,518,balanced,rxax5ozo,hawkfj64,14.971495227043235,17.152606959379554
all_sites,518,balanced,4ih2ggld,hzumfsms,17.16893818382794,20.536619229192006
all_sites,518,balanced,5n1q8atc,hzumfsms,17.459242379470943,20.854954113560186
all_sites,518,balanced,f1vzngrs,hzumfsms,16.99815074885946,19.764178411086338
all_sites,518,balanced,ffwubibz,hzumfsms,15.575646864672681,17.350209891303557
all_sites,518,balanced,fzrt2k6r,hzumfsms,15.900627165144536,17.921294882164837
all_sites,518,balanced,iv6g2oq0,hzumfsms,15.230182560543557,19.360807617996805
all_sites,518,balanced,uhdslk0o,hzumfsms,15.680705613898471,18.29805739111684
all_sites,518,balanced,3806gxp0,hzumfsms,15.748046671646824,19.6061583385121
all_sites,518,balanced,avn74qx1,hzumfsms,16.275445183515828,18.55558606691411
all_sites,518,balanced,b3esycq1,hzumfsms,15.861612596738393,18.8816821834669
all_sites,518,balanced,epqdaau9,hzumfsms,15.658948567452535,19.441656484845236
all_sites,518,balanced,i9jiqjwl,hzumfsms,15.646501816009092,18.495420259015674
all_sites,518,balanced,r17byphk,hzumfsms,15.000754034261295,17.410522074343724
all_sites,518,balanced,rxax5ozo,hzumfsms,14.924917019321054,17.209201578240076
all_sites,518,balanced,4ih2ggld,kbdh4tri,16.94866802326618,20.545830632538646
all_sites,518,balanced,5n1q8atc,kbdh4tri,17.500101630611688,20.5659601285788
all_sites,518,balanced,f1vzngrs,kbdh4tri,16.854844494418085,19.555079685763005
all_sites,518,balanced,ffwubibz,kbdh4tri,15.47179474989169,17.33652046804262
all_sites,518,balanced,fzrt2k6r,kbdh4tri,15.77973110203362,18.063666198114365
all_sites,518,balanced,iv6g2oq0,kbdh4tri,15.272847827183293,19.04946317617135
all_sites,518,balanced,uhdslk0o,kbdh4tri,15.610382317226444,18.39373825687484
all_sites,518,balanced,3806gxp0,kbdh4tri,15.69082590450035,19.50774792050591
all_sites,518,balanced,avn74qx1,kbdh4tri,16.37231690741421,18.405706447579675
all_sites,518,balanced,b3esycq1,kbdh4tri,15.841190052943855,18.7260844677587
all_sites,518,balanced,epqdaau9,kbdh4tri,15.811705172799975,19.454202626750707
all_sites,518,balanced,i9jiqjwl,kbdh4tri,15.676594821177304,18.463017162811877
all_sites,518,balanced,r17byphk,kbdh4tri,14.987199263487973,17.25357605715411
all_sites,518,balanced,rxax5ozo,kbdh4tri,14.926479827165256,17.27728909415264
all_sites,518,balanced,4ih2ggld,mgxahqnk,17.0797865559779,20.486500822689226
all_sites,518,balanced,5n1q8atc,mgxahqnk,17.505612141316973,20.58974209695078
all_sites,518,balanced,f1vzngrs,mgxahqnk,16.95821000067461,19.938066868548407
all_sites,518,balanced,ffwubibz,mgxahqnk,15.410042682901718,17.349439827466707
all_sites,518,balanced,fzrt2k6r,mgxahqnk,15.850945782113616,17.946466740196644
all_sites,518,balanced,iv6g2oq0,mgxahqnk,15.3151063268126,19.029772034195243
all_sites,518,balanced,uhdslk0o,mgxahqnk,15.559290039301544,18.367382410705176
all_sites,518,balanced,3806gxp0,mgxahqnk,15.788415186135914,19.530474981740788
all_sites,518,balanced,avn74qx1,mgxahqnk,16.299218325960556,18.450866470926996
all_sites,518,balanced,b3esycq1,mgxahqnk,15.81519935412585,18.704086663262586
all_sites,518,balanced,epqdaau9,mgxahqnk,15.69229953882546,19.383303893756395
all_sites,518,balanced,i9jiqjwl,mgxahqnk,15.632322631725298,18.581246705365572
all_sites,518,balanced,r17byphk,mgxahqnk,14.881477426904251,17.33486740988683
all_sites,518,balanced,rxax5ozo,mgxahqnk,14.968728383736911,17.63324316184596
all_sites,518,balanced,4ih2ggld,pl8uabbv,17.12499705293613,20.66785491091537
all_sites,518,balanced,5n1q8atc,pl8uabbv,17.264718692435025,20.949871137088465
all_sites,518,balanced,f1vzngrs,pl8uabbv,17.00661691148475,20.000683709548746
all_sites,518,balanced,ffwubibz,pl8uabbv,15.47528629561743,17.516962872069673
all_sites,518,balanced,fzrt2k6r,pl8uabbv,15.906139474270846,18.09649621645893
all_sites,518,balanced,iv6g2oq0,pl8uabbv,15.682937465809095,19.171263961481014
all_sites,518,balanced,uhdslk0o,pl8uabbv,15.664516193087797,18.49830009578721
all_sites,518,balanced,3806gxp0,pl8uabbv,15.762276281073817,19.473444880137546
all_sites,518,balanced,avn74qx1,pl8uabbv,16.397999416995702,18.609691827547902
all_sites,518,balanced,b3esycq1,pl8uabbv,15.823451408559553,18.82441381993618
all_sites,518,balanced,epqdaau9,pl8uabbv,15.848748074704815,19.56053396464741
all_sites,518,balanced,i9jiqjwl,pl8uabbv,15.753584743437132,18.681448866745463
all_sites,518,balanced,r17byphk,pl8uabbv,14.942037828561514,17.330508954830428
all_sites,518,balanced,rxax5ozo,pl8uabbv,15.051341014343347,17.64902309202027
all_sites,518,balanced,4ih2ggld,ptg8lmto,17.310460587336863,20.490693293337415
all_sites,518,balanced,5n1q8atc,ptg8lmto,17.503869901007576,20.65334273064498
all_sites,518,balanced,f1vzngrs,ptg8lmto,17.0830236986339,19.991662651409566
all_sites,518,balanced,ffwubibz,ptg8lmto,15.539415088433781,17.50429334812012
all_sites,518,balanced,fzrt2k6r,ptg8lmto,15.867512400565758,18.046127641823308
all_sites,518,balanced,iv6g2oq0,ptg8lmto,15.304050146270862,19.03923006834351
all_sites,518,balanced,uhdslk0o,ptg8lmto,15.69139776609335,18.514819001539607
all_sites,518,balanced,3806gxp0,ptg8lmto,15.615787319255404,19.384159408328447
all_sites,518,balanced,avn74qx1,ptg8lmto,16.308407589878236,18.56285100695911
all_sites,518,balanced,b3esycq1,ptg8lmto,15.875795199793956,18.71659485386911
all_sites,518,balanced,epqdaau9,ptg8lmto,15.962484691418775,19.51997752482382
all_sites,518,balanced,i9jiqjwl,ptg8lmto,15.615962122230759,18.455870832199057
all_sites,518,balanced,r17byphk,ptg8lmto,14.925005931373462,17.359838393817004
all_sites,518,balanced,rxax5ozo,ptg8lmto,14.890486017588657,17.70028499697674
all_sites,518,balanced,4ih2ggld,tuy3zymq,16.969578372445536,20.574625639990458
all_sites,518,balanced,5n1q8atc,tuy3zymq,17.642090521237655,20.79765554450693
all_sites,518,balanced,f1vzngrs,tuy3zymq,16.965367794976498,19.861189320408847
all_sites,518,balanced,ffwubibz,tuy3zymq,15.529623802558552,17.27307085414198
all_sites,518,balanced,fzrt2k6r,tuy3zymq,15.805057080013771,18.056767273310786
all_sites,518,balanced,iv6g2oq0,tuy3zymq,15.363949333882928,19.192189402498162
all_sites,518,balanced,uhdslk0o,tuy3zymq,15.67772395916306,18.199439927039816
all_sites,518,balanced,3806gxp0,tuy3zymq,15.678094941978758,19.426822613112957
all_sites,518,balanced,avn74qx1,tuy3zymq,16.205080999172075,18.588548237898586
all_sites,518,balanced,b3esycq1,tuy3zymq,15.851718152430276,18.75393096360305
all_sites,518,balanced,epqdaau9,tuy3zymq,15.753543037631882,19.509709039739125
all_sites,518,balanced,i9jiqjwl,tuy3zymq,15.586597509913176,18.233842772966486
all_sites,518,balanced,r17byphk,tuy3zymq,14.908560462082011,17.3249581353302
all_sites,518,balanced,rxax5ozo,tuy3zymq,14.944837404637429,17.1805821720578
all_sites,518,balanced,4ih2ggld,ufdvpb81,16.957815335353636,20.894542538297358
all_sites,518,balanced,5n1q8atc,ufdvpb81,17.487497597931135,20.861005419528738
all_sites,518,balanced,f1vzngrs,ufdvpb81,17.102852801166023,19.75086936844946
all_sites,518,balanced,ffwubibz,ufdvpb81,15.640471974547676,17.39965475617315
all_sites,518,balanced,fzrt2k6r,ufdvpb81,15.856910150061971,18.00242241116191
all_sites,518,balanced,iv6g2oq0,ufdvpb81,15.30313625379522,19.39104856679617
all_sites,518,balanced,uhdslk0o,ufdvpb81,15.747786411187679,18.30056997821508
all_sites,518,balanced,3806gxp0,ufdvpb81,15.652601387192824,19.59708791278066
all_sites,518,balanced,avn74qx1,ufdvpb81,16.196213711650408,18.576354335735655
all_sites,518,balanced,b3esycq1,ufdvpb81,15.936029464390522,18.790673478483193
all_sites,518,balanced,epqdaau9,ufdvpb81,15.864621817721396,19.56229239120219
all_sites,518,balanced,i9jiqjwl,ufdvpb81,15.60833207969437,18.603224580802962
all_sites,518,balanced,r17byphk,ufdvpb81,15.201502465206277,17.3227361048083
all_sites,518,balanced,rxax5ozo,ufdvpb81,15.079804890079338,17.27727394413129
all_sites,518,balanced,4ih2ggld,utfgcjfa,17.104619199396147,20.757555934403197
all_sites,518,balanced,5n1q8atc,utfgcjfa,17.419718049748226,21.049798491217597
all_sites,518,balanced,f1vzngrs,utfgcjfa,17.13968963618371,20.039644883143414
all_sites,518,balanced,ffwubibz,utfgcjfa,15.541804477307581,17.345641972143717
all_sites,518,balanced,fzrt2k6r,utfgcjfa,15.919418173585981,18.088157108557795
all_sites,518,balanced,iv6g2oq0,utfgcjfa,15.367902518132501,19.44005880517964
all_sites,518,balanced,uhdslk0o,utfgcjfa,15.705255573571307,18.251824733559683
all_sites,518,balanced,3806gxp0,utfgcjfa,15.765619334067273,19.581284356080797
all_sites,518,balanced,avn74qx1,utfgcjfa,16.301755480110963,18.685626576975487
all_sites,518,balanced,b3esycq1,utfgcjfa,15.940241579339574,18.8414107590393
all_sites,518,balanced,epqdaau9,utfgcjfa,15.775212046279158,20.766837792248353
all_sites,518,balanced,i9jiqjwl,utfgcjfa,15.681762180989553,18.37542791747546
all_sites,518,balanced,r17byphk,utfgcjfa,15.01868728186914,17.450141463633482
all_sites,518,balanced,rxax5ozo,utfgcjfa,15.110082498243527,17.184263889788124
all_sites,518,balanced,4ih2ggld,vc2whyaq,17.432056069333946,20.448696136961633
all_sites,518,balanced,5n1q8atc,vc2whyaq,17.380645401732608,20.441953792527606
all_sites,518,balanced,f1vzngrs,vc2whyaq,16.79707618242403,19.612220970438248
all_sites,518,balanced,ffwubibz,vc2whyaq,15.604096514244706,17.53618583005401
all_sites,518,balanced,fzrt2k6r,vc2whyaq,15.824962246627972,18.134519573387678
all_sites,518,balanced,iv6g2oq0,vc2whyaq,15.52487160250054,18.989565498604883
all_sites,518,balanced,uhdslk0o,vc2whyaq,15.586722791302842,18.55939715008279
all_sites,518,balanced,3806gxp0,vc2whyaq,15.671363064159125,19.39826678740206
all_sites,518,balanced,avn74qx1,vc2whyaq,16.331575221895548,18.606542482449246
all_sites,518,balanced,b3esycq1,vc2whyaq,15.978748230764722,18.710282250502427
all_sites,518,balanced,epqdaau9,vc2whyaq,15.6373851057985,19.31136341808971
all_sites,518,balanced,i9jiqjwl,vc2whyaq,15.768530597378174,18.413529034744343
all_sites,518,balanced,r17byphk,vc2whyaq,15.154965179914601,17.439614783451702
all_sites,518,balanced,rxax5ozo,vc2whyaq,15.016395757125682,17.545275429013063
all_sites,518,balanced,4ih2ggld,x77cy643,17.09358659004522,20.605458590399135
all_sites,518,balanced,5n1q8atc,x77cy643,17.250613023716028,20.787512157563324
all_sites,518,balanced,f1vzngrs,x77cy643,17.019320304971473,19.783480864955887
all_sites,518,balanced,ffwubibz,x77cy643,15.608240296052838,17.486345873376912
all_sites,518,balanced,fzrt2k6r,x77cy643,15.8365599024621,18.076155634098512
all_sites,518,balanced,iv6g2oq0,x77cy643,15.454659439575781,19.123325491647197
all_sites,518,balanced,uhdslk0o,x77cy643,15.641577739295684,18.372005486677686
all_sites,518,balanced,3806gxp0,x77cy643,15.649338786440028,19.34183604942574
all_sites,518,balanced,avn74qx1,x77cy643,16.26273015910914,18.580145697360035
all_sites,518,balanced,b3esycq1,x77cy643,15.930971431777175,18.887240153888587
all_sites,518,balanced,epqdaau9,x77cy643,15.71645416465429,19.625070335459093
all_sites,518,balanced,i9jiqjwl,x77cy643,15.743456559924086,18.586286903968553
all_sites,518,balanced,r17byphk,x77cy643,14.952359714360512,17.43764373642163
all_sites,518,balanced,rxax5ozo,x77cy643,15.03115255929534,17.422068652094413
all_sites,518,balanced,4ih2ggld,x7u69zsw,17.125341097918444,20.395238426841935
all_sites,518,balanced,5n1q8atc,x7u69zsw,17.343734673109722,20.59362912435126
all_sites,518,balanced,f1vzngrs,x7u69zsw,16.948007373992553,19.68724835321258
all_sites,518,balanced,ffwubibz,x7u69zsw,15.456451934526129,17.487288004697586
all_sites,518,balanced,fzrt2k6r,x7u69zsw,15.867143292988189,17.987600163979888
all_sites,518,balanced,iv6g2oq0,x7u69zsw,15.27532217245774,19.169106134701682
all_sites,518,balanced,uhdslk0o,x7u69zsw,15.68252077986549,18.283645488681515
all_sites,518,balanced,3806gxp0,x7u69zsw,15.737021932049576,19.500302010887758
all_sites,518,balanced,avn74qx1,x7u69zsw,16.220175557199134,18.731654483742393
all_sites,518,balanced,b3esycq1,x7u69zsw,15.87583680604138,18.892058626671318
all_sites,518,balanced,epqdaau9,x7u69zsw,15.737736246133686,19.28124054106007
all_sites,518,balanced,i9jiqjwl,x7u69zsw,15.636718492308777,18.20944673163831
all_sites,518,balanced,r17byphk,x7u69zsw,14.991024174036433,17.30862908305689
all_sites,518,balanced,rxax5ozo,x7u69zsw,14.845477719998042,17.139971992368757
all_sites,518,balanced,4ih2ggld,xgj4xftb,17.199797114788208,21.118401075748253
all_sites,518,balanced,5n1q8atc,xgj4xftb,17.563546453636476,21.03953321000865
all_sites,518,balanced,f1vzngrs,xgj4xftb,16.914006399055292,19.7420500704077
all_sites,518,balanced,ffwubibz,xgj4xftb,15.493483518380447,17.369804628946675
all_sites,518,balanced,fzrt2k6r,xgj4xftb,15.778253821869278,17.928235061319956
all_sites,518,balanced,iv6g2oq0,xgj4xftb,15.341704078847837,19.121390330606783
all_sites,518,balanced,uhdslk0o,xgj4xftb,15.59146288218228,18.270478835778118
all_sites,518,balanced,3806gxp0,xgj4xftb,15.637314449163366,19.437112113419285
all_sites,518,balanced,avn74qx1,xgj4xftb,16.213403064490514,18.70782765930553
all_sites,518,balanced,b3esycq1,xgj4xftb,15.760553509950135,18.731378738018403
all_sites,518,balanced,epqdaau9,xgj4xftb,15.714319114340007,19.488587333704793
all_sites,518,balanced,i9jiqjwl,xgj4xftb,15.645183872154284,18.45027291748058
all_sites,518,balanced,r17byphk,xgj4xftb,14.93910896614414,17.4553282397789
all_sites,518,balanced,rxax5ozo,xgj4xftb,14.817904485071024,17.347461459905183
all_sites,518,unbalanced,4ih2ggld,0grcilhi,17.107957722287743,20.29059711785421
all_sites,518,unbalanced,5n1q8atc,0grcilhi,17.024490666498565,20.038656341771702
all_sites,518,unbalanced,f1vzngrs,0grcilhi,16.68875873787895,18.88534859707272
all_sites,518,unbalanced,ffwubibz,0grcilhi,15.191946022662533,16.97371825826428
all_sites,518,unbalanced,fzrt2k6r,0grcilhi,15.638154852401513,17.249450840676662
all_sites,518,unbalanced,iv6g2oq0,0grcilhi,15.081284355187943,18.69406297810869
all_sites,518,unbalanced,uhdslk0o,0grcilhi,15.647361085102546,18.282668496710194
all_sites,518,unbalanced,3806gxp0,0grcilhi,15.451994693855921,19.300774426111857
all_sites,518,unbalanced,avn74qx1,0grcilhi,15.845517914709129,18.348932880478234
all_sites,518,unbalanced,b3esycq1,0grcilhi,15.854170272838601,18.3706129237213
all_sites,518,unbalanced,epqdaau9,0grcilhi,15.097162490295752,18.360291758579844
all_sites,518,unbalanced,i9jiqjwl,0grcilhi,15.20772859539841,18.03190444220022
all_sites,518,unbalanced,r17byphk,0grcilhi,14.479798566137909,16.902661549915162
all_sites,518,unbalanced,rxax5ozo,0grcilhi,14.622887606628547,16.588769261440316
all_sites,518,unbalanced,4ih2ggld,71vgq3fw,17.005878800852347,20.10459967493662
all_sites,518,unbalanced,5n1q8atc,71vgq3fw,16.88310332816645,19.978051212844097
all_sites,518,unbalanced,f1vzngrs,71vgq3fw,16.57253128541103,18.772276882533333
all_sites,518,unbalanced,ffwubibz,71vgq3fw,15.217330223003495,16.987877717378144
all_sites,518,unbalanced,fzrt2k6r,71vgq3fw,15.66349897090901,17.320041874528346
all_sites,518,unbalanced,iv6g2oq0,71vgq3fw,15.031227977894059,18.67759137559556
all_sites,518,unbalanced,uhdslk0o,71vgq3fw,15.595159439634077,18.001966423527552
all_sites,518,unbalanced,3806gxp0,71vgq3fw,15.55836664092315,19.202005477416414
all_sites,518,unbalanced,avn74qx1,71vgq3fw,16.092790842649805,18.370261119960013
all_sites,518,unbalanced,b3esycq1,71vgq3fw,15.758761708766652,18.500478746285488
all_sites,518,unbalanced,epqdaau9,71vgq3fw,15.151076080999474,19.17901790855571
all_sites,518,unbalanced,i9jiqjwl,71vgq3fw,15.203954200368791,18.12176889230317
all_sites,518,unbalanced,r17byphk,71vgq3fw,14.47975239814021,16.884592458936915
all_sites,518,unbalanced,rxax5ozo,71vgq3fw,14.732393182997608,16.72716354041318
all_sites,518,unbalanced,4ih2ggld,9luzk4jm,17.135071218775458,20.091811862436774
all_sites,518,unbalanced,5n1q8atc,9luzk4jm,16.862312457723153,19.98064624315692
all_sites,518,unbalanced,f1vzngrs,9luzk4jm,16.50359969349735,19.004321816232125
all_sites,518,unbalanced,ffwubibz,9luzk4jm,15.421527346793384,16.902682846673752
all_sites,518,unbalanced,fzrt2k6r,9luzk4jm,15.473130083599585,17.30445866210939
all_sites,518,unbalanced,iv6g2oq0,9luzk4jm,15.049143278740663,18.739468944723505
all_sites,518,unbalanced,uhdslk0o,9luzk4jm,15.685045886170508,18.08922171426093
all_sites,518,unbalanced,3806gxp0,9luzk4jm,15.459998996904705,19.30389746240333
all_sites,518,unbalanced,avn74qx1,9luzk4jm,15.952496244555771,18.21306777834488
all_sites,518,unbalanced,b3esycq1,9luzk4jm,15.783979835705278,18.381915701638697
all_sites,518,unbalanced,epqdaau9,9luzk4jm,15.051210535867288,18.316781526815152
all_sites,518,unbalanced,i9jiqjwl,9luzk4jm,15.231859318771253,17.98999685358301
all_sites,518,unbalanced,r17byphk,9luzk4jm,14.594695794788223,17.027084132759512
all_sites,518,unbalanced,rxax5ozo,9luzk4jm,14.66847662929833,16.737045151900613
all_sites,518,unbalanced,4ih2ggld,cfe5vt7s,17.02111227820658,19.984803152722247
all_sites,518,unbalanced,5n1q8atc,cfe5vt7s,17.01550681403461,20.081215572653925
all_sites,518,unbalanced,f1vzngrs,cfe5vt7s,16.605154165160812,18.98097231838916
all_sites,518,unbalanced,ffwubibz,cfe5vt7s,15.37714512426366,17.303381420883195
all_sites,518,unbalanced,fzrt2k6r,cfe5vt7s,15.495206380664053,17.417567372474046
all_sites,518,unbalanced,iv6g2oq0,cfe5vt7s,15.323404818983922,18.69452207747697
all_sites,518,unbalanced,uhdslk0o,cfe5vt7s,15.55787864425002,18.103515485220846
all_sites,518,unbalanced,3806gxp0,cfe5vt7s,15.466069194744136,19.23549584214248
all_sites,518,unbalanced,avn74qx1,cfe5vt7s,15.731438223479227,18.38014532936984
all_sites,518,unbalanced,b3esycq1,cfe5vt7s,15.856451334325609,18.62610275512147
all_sites,518,unbalanced,epqdaau9,cfe5vt7s,15.181204843896603,18.34190422767461
all_sites,518,unbalanced,i9jiqjwl,cfe5vt7s,15.41229567179439,18.056527327142238
all_sites,518,unbalanced,r17byphk,cfe5vt7s,14.545816255544835,17.337122632306272
all_sites,518,unbalanced,rxax5ozo,cfe5vt7s,14.705164128175921,16.596948004177136
all_sites,518,unbalanced,4ih2ggld,hawkfj64,17.068664496498627,20.219687342059913
all_sites,518,unbalanced,5n1q8atc,hawkfj64,16.997473434948137,20.0391852061965
all_sites,518,unbalanced,f1vzngrs,hawkfj64,16.580707017657495,18.8057973370295
all_sites,518,unbalanced,ffwubibz,hawkfj64,15.191129025661095,16.8747098697706
all_sites,518,unbalanced,fzrt2k6r,hawkfj64,15.592664127405977,17.19552555774399
all_sites,518,unbalanced,iv6g2oq0,hawkfj64,15.087277534020746,18.820839398634185
all_sites,518,unbalanced,uhdslk0o,hawkfj64,15.59338412992833,18.06628084226277
all_sites,518,unbalanced,3806gxp0,hawkfj64,15.419112724558971,19.22854104530958
all_sites,518,unbalanced,avn74qx1,hawkfj64,15.883786095458731,18.443965875432852
all_sites,518,unbalanced,b3esycq1,hawkfj64,15.794295317009594,18.486047949345775
all_sites,518,unbalanced,epqdaau9,hawkfj64,15.216911994386443,18.44630457230787
all_sites,518,unbalanced,i9jiqjwl,hawkfj64,15.23565255551517,18.28945907921113
all_sites,518,unbalanced,r17byphk,hawkfj64,14.496166821595986,16.879504041836306
all_sites,518,unbalanced,rxax5ozo,hawkfj64,14.66932734898314,16.57619010798435
all_sites,518,unbalanced,4ih2ggld,hzumfsms,17.092045821573993,20.058992673617823
all_sites,518,unbalanced,5n1q8atc,hzumfsms,17.148574991519265,20.1336053815588
all_sites,518,unbalanced,f1vzngrs,hzumfsms,16.620955136270545,18.89968849880065
all_sites,518,unbalanced,ffwubibz,hzumfsms,15.298645655466323,17.025808022221312
all_sites,518,unbalanced,fzrt2k6r,hzumfsms,15.50091620440529,17.31385515895249
all_sites,518,unbalanced,iv6g2oq0,hzumfsms,15.033575930005915,18.729446139787104
all_sites,518,unbalanced,uhdslk0o,hzumfsms,15.494301700537326,18.03473576086761
all_sites,518,unbalanced,3806gxp0,hzumfsms,15.422493569927418,19.223941533827592
all_sites,518,unbalanced,avn74qx1,hzumfsms,15.767632710180937,18.100700705582966
all_sites,518,unbalanced,b3esycq1,hzumfsms,15.781287659842626,18.445289404653515
all_sites,518,unbalanced,epqdaau9,hzumfsms,15.063578180226507,18.490339636632402
all_sites,518,unbalanced,i9jiqjwl,hzumfsms,15.260261499184367,18.014028141050954
all_sites,518,unbalanced,r17byphk,hzumfsms,14.479303528996663,16.98008461453423
all_sites,518,unbalanced,rxax5ozo,hzumfsms,14.660292409499597,16.645904718291046
all_sites,518,unbalanced,4ih2ggld,kbdh4tri,16.934863967540462,20.174702275264064
all_sites,518,unbalanced,5n1q8atc,kbdh4tri,17.13817331866145,20.10738421109934
all_sites,518,unbalanced,f1vzngrs,kbdh4tri,16.570260076662873,19.00168760790888
all_sites,518,unbalanced,ffwubibz,kbdh4tri,15.23663432741564,17.030048385055863
all_sites,518,unbalanced,fzrt2k6r,kbdh4tri,15.455498833291326,17.43131859050077
all_sites,518,unbalanced,iv6g2oq0,kbdh4tri,15.125488364076826,18.684428296271314
all_sites,518,unbalanced,uhdslk0o,kbdh4tri,15.577581402771079,18.0867308368399
all_sites,518,unbalanced,3806gxp0,kbdh4tri,15.434462308655085,19.22418846860163
all_sites,518,unbalanced,avn74qx1,kbdh4tri,15.869968465878241,18.14686874492554
all_sites,518,unbalanced,b3esycq1,kbdh4tri,15.693439513394914,18.37055431740402
all_sites,518,unbalanced,epqdaau9,kbdh4tri,15.23235284464354,18.44659983730929
all_sites,518,unbalanced,i9jiqjwl,kbdh4tri,15.250691228826025,17.966471915752706
all_sites,518,unbalanced,r17byphk,kbdh4tri,14.459591165888087,16.91636986503649
all_sites,518,unbalanced,rxax5ozo,kbdh4tri,14.671231928537441,16.690468466769424
all_sites,518,unbalanced,4ih2ggld,mgxahqnk,17.063589697167192,20.258556580664383
all_sites,518,unbalanced,5n1q8atc,mgxahqnk,17.05283007826246,20.097113115944524
all_sites,518,unbalanced,f1vzngrs,mgxahqnk,16.540881627318694,18.823354490702474
all_sites,518,unbalanced,ffwubibz,mgxahqnk,15.24438068506591,16.929802759095672
all_sites,518,unbalanced,fzrt2k6r,mgxahqnk,15.573468143433821,17.3016965116837
all_sites,518,unbalanced,iv6g2oq0,mgxahqnk,15.1322913844589,18.646179403448095
all_sites,518,unbalanced,uhdslk0o,mgxahqnk,15.546933165076393,18.027219543443763
all_sites,518,unbalanced,3806gxp0,mgxahqnk,15.72082078460352,19.35329298943594
all_sites,518,unbalanced,avn74qx1,mgxahqnk,15.771463376352784,18.19716227774637
all_sites,518,unbalanced,b3esycq1,mgxahqnk,15.75888490278617,18.27544159573393
all_sites,518,unbalanced,epqdaau9,mgxahqnk,15.226591473151355,18.448390498752733
all_sites,518,unbalanced,i9jiqjwl,mgxahqnk,15.255027225775748,18.03961008755094
all_sites,518,unbalanced,r17byphk,mgxahqnk,14.507285977152424,17.016334278950733
all_sites,518,unbalanced,rxax5ozo,mgxahqnk,14.739092745123868,16.606758465187053
all_sites,518,unbalanced,4ih2ggld,pl8uabbv,17.051652770261377,20.236736705608738
all_sites,518,unbalanced,5n1q8atc,pl8uabbv,17.014388818027605,20.914088892496544
all_sites,518,unbalanced,f1vzngrs,pl8uabbv,16.69895662282296,18.901340940184127
all_sites,518,unbalanced,ffwubibz,pl8uabbv,15.273908522232542,17.221633671139323
all_sites,518,unbalanced,fzrt2k6r,pl8uabbv,15.607198731084207,17.435130619578796
all_sites,518,unbalanced,iv6g2oq0,pl8uabbv,15.35029323111019,18.92601176632288
all_sites,518,unbalanced,uhdslk0o,pl8uabbv,15.559852781963405,18.280427847294376
all_sites,518,unbalanced,3806gxp0,pl8uabbv,15.545250156162691,19.32262799134449
all_sites,518,unbalanced,avn74qx1,pl8uabbv,15.950993202481495,18.407828613122707
all_sites,518,unbalanced,b3esycq1,pl8uabbv,15.884448668114704,18.272504704829547
all_sites,518,unbalanced,epqdaau9,pl8uabbv,15.29142902093055,18.770503228549018
all_sites,518,unbalanced,i9jiqjwl,pl8uabbv,15.347780563618858,18.073014230009363
all_sites,518,unbalanced,r17byphk,pl8uabbv,14.457851965447855,17.051684633155038
all_sites,518,unbalanced,rxax5ozo,pl8uabbv,14.756201525432926,16.86563352458742
all_sites,518,unbalanced,4ih2ggld,ptg8lmto,17.126003738478758,20.14683369869471
all_sites,518,unbalanced,5n1q8atc,ptg8lmto,17.033999459584457,20.08791940970656
all_sites,518,unbalanced,f1vzngrs,ptg8lmto,16.65869078683147,18.961463007009538
all_sites,518,unbalanced,ffwubibz,ptg8lmto,15.322255482199665,17.1232858238895
all_sites,518,unbalanced,fzrt2k6r,ptg8lmto,15.610227230547272,17.37090201317825
all_sites,518,unbalanced,iv6g2oq0,ptg8lmto,15.129302852642965,18.687844330368517
all_sites,518,unbalanced,uhdslk0o,ptg8lmto,15.534710540640258,18.164976529591613
all_sites,518,unbalanced,3806gxp0,ptg8lmto,15.52321287778806,19.293240322343355
all_sites,518,unbalanced,avn74qx1,ptg8lmto,15.892658407066714,17.99016966198302
all_sites,518,unbalanced,b3esycq1,ptg8lmto,15.841089583841374,18.50159618704578
all_sites,518,unbalanced,epqdaau9,ptg8lmto,15.16552413469154,18.43529592095421
all_sites,518,unbalanced,i9jiqjwl,ptg8lmto,15.430138709603366,18.072676157570022
all_sites,518,unbalanced,r17byphk,ptg8lmto,14.553590914124051,17.143062444509678
all_sites,518,unbalanced,rxax5ozo,ptg8lmto,14.653600175127302,16.921281093905026
all_sites,518,unbalanced,4ih2ggld,tuy3zymq,16.924208130080387,20.013403780037155
all_sites,518,unbalanced,5n1q8atc,tuy3zymq,17.324628075255102,20.140722865856187
all_sites,518,unbalanced,f1vzngrs,tuy3zymq,16.69692692418035,19.170001948420936
all_sites,518,unbalanced,ffwubibz,tuy3zymq,15.326084520749646,17.002384118378767
all_sites,518,unbalanced,fzrt2k6r,tuy3zymq,15.550204417190166,17.321218000067056
all_sites,518,unbalanced,iv6g2oq0,tuy3zymq,15.123289126020069,18.54899578840615
all_sites,518,unbalanced,uhdslk0o,tuy3zymq,15.599235356422662,18.029168471826107
all_sites,518,unbalanced,3806gxp0,tuy3zymq,15.537847516634512,19.22997142377422
all_sites,518,unbalanced,avn74qx1,tuy3zymq,15.753540128209648,18.101682162009364
all_sites,518,unbalanced,b3esycq1,tuy3zymq,15.728386716365584,18.451942969252944
all_sites,518,unbalanced,epqdaau9,tuy3zymq,15.108673274868874,18.404334821441584
all_sites,518,unbalanced,i9jiqjwl,tuy3zymq,15.239326896305084,17.97315601973308
all_sites,518,unbalanced,r17byphk,tuy3zymq,14.508471727891695,16.863270665733953
all_sites,518,unbalanced,rxax5ozo,tuy3zymq,14.662582709521498,16.594300374126483
all_sites,518,unbalanced,4ih2ggld,ufdvpb81,16.803652103523554,20.225175355157855
all_sites,518,unbalanced,5n1q8atc,ufdvpb81,16.942073826856536,20.17791253134351
all_sites,518,unbalanced,f1vzngrs,ufdvpb81,16.755507179623244,19.33093447826815
all_sites,518,unbalanced,ffwubibz,ufdvpb81,15.403528091499076,17.043511373921856
all_sites,518,unbalanced,fzrt2k6r,ufdvpb81,15.562639496525126,17.421370062770148
all_sites,518,unbalanced,iv6g2oq0,ufdvpb81,15.030671113591936,18.813781147808214
all_sites,518,unbalanced,uhdslk0o,ufdvpb81,15.442597353609221,17.985219790166397
all_sites,518,unbalanced,3806gxp0,ufdvpb81,15.428131890481163,19.233855239009706
all_sites,518,unbalanced,avn74qx1,ufdvpb81,15.781964833929713,18.147115170364973
all_sites,518,unbalanced,b3esycq1,ufdvpb81,15.755426601808644,18.462486370178613
all_sites,518,unbalanced,epqdaau9,ufdvpb81,15.234847263025951,18.29124317974247
all_sites,518,unbalanced,i9jiqjwl,ufdvpb81,15.19020279394256,18.300146044038634
all_sites,518,unbalanced,r17byphk,ufdvpb81,14.55049630140169,16.938715211049438
all_sites,518,unbalanced,rxax5ozo,ufdvpb81,14.74388197619992,16.630667075331836
all_sites,518,unbalanced,4ih2ggld,utfgcjfa,17.12283508134446,20.358056808323514
all_sites,518,unbalanced,5n1q8atc,utfgcjfa,17.004803748019274,20.448836291464843
all_sites,518,unbalanced,f1vzngrs,utfgcjfa,16.71275050769529,19.174711623404885
all_sites,518,unbalanced,ffwubibz,utfgcjfa,15.40253905193895,16.96445618774904
all_sites,518,unbalanced,fzrt2k6r,utfgcjfa,15.574227672077711,17.32675973678335
all_sites,518,unbalanced,iv6g2oq0,utfgcjfa,15.226867799037379,18.705775236082516
all_sites,518,unbalanced,uhdslk0o,utfgcjfa,15.522948577406902,18.08756154519346
all_sites,518,unbalanced,3806gxp0,utfgcjfa,15.606901182760318,19.257981386816535
all_sites,518,unbalanced,avn74qx1,utfgcjfa,15.80145341687831,18.400081178673936
all_sites,518,unbalanced,b3esycq1,utfgcjfa,15.867412368771616,18.597539447553814
all_sites,518,unbalanced,epqdaau9,utfgcjfa,15.423225877129502,19.328259748680146
all_sites,518,unbalanced,i9jiqjwl,utfgcjfa,15.405076575256615,18.328787432053787
all_sites,518,unbalanced,r17byphk,utfgcjfa,14.56419003110476,17.12237239075562
all_sites,518,unbalanced,rxax5ozo,utfgcjfa,14.803618073597747,16.807283390805587
all_sites,518,unbalanced,4ih2ggld,vc2whyaq,17.25902737807528,20.12522534760146
all_sites,518,unbalanced,5n1q8atc,vc2whyaq,17.044886318817245,20.389857762939837
all_sites,518,unbalanced,f1vzngrs,vc2whyaq,16.61021182411558,18.86071456555462
all_sites,518,unbalanced,ffwubibz,vc2whyaq,15.328618044283756,16.988616426363315
all_sites,518,unbalanced,fzrt2k6r,vc2whyaq,15.675098501125346,17.43329736829985
all_sites,518,unbalanced,iv6g2oq0,vc2whyaq,15.13646051296197,18.394490430221403
all_sites,518,unbalanced,uhdslk0o,vc2whyaq,15.682096256352315,18.265329837276035
all_sites,518,unbalanced,3806gxp0,vc2whyaq,15.398214267169019,19.199066858193827
all_sites,518,unbalanced,avn74qx1,vc2whyaq,15.930278094226537,18.098403328825565
all_sites,518,unbalanced,b3esycq1,vc2whyaq,15.82581251245258,18.306602419640537
all_sites,518,unbalanced,epqdaau9,vc2whyaq,15.096391576798144,18.35667034373991
all_sites,518,unbalanced,i9jiqjwl,vc2whyaq,15.398827775545946,17.973894790730405
all_sites,518,unbalanced,r17byphk,vc2whyaq,14.599923468729772,17.095168912646777
all_sites,518,unbalanced,rxax5ozo,vc2whyaq,14.771839679196699,16.837193454513738
all_sites,518,unbalanced,4ih2ggld,x77cy643,17.17051148631372,20.603200933333696
all_sites,518,unbalanced,5n1q8atc,x77cy643,17.022540034446976,20.143155528361582
all_sites,518,unbalanced,f1vzngrs,x77cy643,16.709849421596516,18.887960161255126
all_sites,518,unbalanced,ffwubibz,x77cy643,15.373425002488084,17.226349872688914
all_sites,518,unbalanced,fzrt2k6r,x77cy643,15.67756431099841,17.328915093227177
all_sites,518,unbalanced,iv6g2oq0,x77cy643,15.127390349665532,18.61070045215646
all_sites,518,unbalanced,uhdslk0o,x77cy643,15.609608518482428,18.213394528578554
all_sites,518,unbalanced,3806gxp0,x77cy643,15.468791681923008,19.25097193826651
all_sites,518,unbalanced,avn74qx1,x77cy643,15.843402848700643,18.106215560949966
all_sites,518,unbalanced,b3esycq1,x77cy643,15.695143176292344,18.606608080774098
all_sites,518,unbalanced,epqdaau9,x77cy643,15.286394139882766,18.944077579006763
all_sites,518,unbalanced,i9jiqjwl,x77cy643,15.361211696247178,18.243255419500006
all_sites,518,unbalanced,r17byphk,x77cy643,14.53390458037375,16.9515907814445
all_sites,518,unbalanced,rxax5ozo,x77cy643,14.769667656403605,16.726791942538647
all_sites,518,unbalanced,4ih2ggld,x7u69zsw,17.017096163878392,20.192775348138255
all_sites,518,unbalanced,5n1q8atc,x7u69zsw,17.205691475869294,20.0892247617333
all_sites,518,unbalanced,f1vzngrs,x7u69zsw,16.621201460128702,18.81703060103411
all_sites,518,unbalanced,ffwubibz,x7u69zsw,15.211127983355784,16.865150295543373
all_sites,518,unbalanced,fzrt2k6r,x7u69zsw,15.663397619945425,17.366476952512137
all_sites,518,unbalanced,iv6g2oq0,x7u69zsw,15.083355277626328,18.71939210501053
all_sites,518,unbalanced,uhdslk0o,x7u69zsw,15.548221537245036,18.002846880440057
all_sites,518,unbalanced,3806gxp0,x7u69zsw,15.634118273089133,19.19899455304389
all_sites,518,unbalanced,avn74qx1,x7u69zsw,15.799916872594142,18.357420923522614
all_sites,518,unbalanced,b3esycq1,x7u69zsw,15.740844773929055,18.47374801221281
all_sites,518,unbalanced,epqdaau9,x7u69zsw,15.114757878542063,18.58603850119681
all_sites,518,unbalanced,i9jiqjwl,x7u69zsw,15.23393974333268,18.182898627920164
all_sites,518,unbalanced,r17byphk,x7u69zsw,14.534333575672605,16.894311847868057
all_sites,518,unbalanced,rxax5ozo,x7u69zsw,14.713818227298235,16.660452668653537
all_sites,518,unbalanced,4ih2ggld,xgj4xftb,17.029635931072356,20.868048514441853
all_sites,518,unbalanced,5n1q8atc,xgj4xftb,17.036856493757206,20.15269647057379
all_sites,518,unbalanced,f1vzngrs,xgj4xftb,16.658801923024,18.861572017725617
all_sites,518,unbalanced,ffwubibz,xgj4xftb,15.166993890415458,17.004695410104404
all_sites,518,unbalanced,fzrt2k6r,xgj4xftb,15.45472878648612,17.32762903638775
all_sites,518,unbalanced,iv6g2oq0,xgj4xftb,15.159901843022956,18.565409438059206
all_sites,518,unbalanced,uhdslk0o,xgj4xftb,15.641271480022201,18.04266501680769
all_sites,518,unbalanced,3806gxp0,xgj4xftb,15.438522685337485,19.265160447131233
all_sites,518,unbalanced,avn74qx1,xgj4xftb,15.7665174014239,18.35714759951521
all_sites,518,unbalanced,b3esycq1,xgj4xftb,15.743244939231976,18.22709038157119
all_sites,518,unbalanced,epqdaau9,xgj4xftb,15.059274039628454,18.53248770193452
all_sites,518,unbalanced,i9jiqjwl,xgj4xftb,15.229058735678539,18.06405194147097
all_sites,518,unbalanced,r17byphk,xgj4xftb,14.543973005649846,16.96701605479195
all_sites,518,unbalanced,rxax5ozo,xgj4xftb,14.670495146031133,16.636668182719607
all_sites,224,balanced,4ih2ggld,0grcilhi,18.807715043955838,21.850185873044225
all_sites,224,balanced,5n1q8atc,0grcilhi,18.601526579640772,21.606873796407857
all_sites,224,balanced,f1vzngrs,0grcilhi,17.28700784999687,19.34990764671322
all_sites,224,balanced,ffwubibz,0grcilhi,16.884663225326047,19.030269103563747
all_sites,224,balanced,fzrt2k6r,0grcilhi,16.86885275992436,19.259780196776397
all_sites,224,balanced,iv6g2oq0,0grcilhi,16.902024411851162,19.423640179231054
all_sites,224,balanced,uhdslk0o,0grcilhi,17.127259461819353,20.352788320830534
all_sites,224,balanced,3806gxp0,0grcilhi,16.63845800130371,18.930003699386724
all_sites,224,balanced,avn74qx1,0grcilhi,17.14465337609585,19.6372597714788
all_sites,224,balanced,b3esycq1,0grcilhi,17.358771960090067,19.53519276913964
all_sites,224,balanced,epqdaau9,0grcilhi,17.03215305494746,19.52904094566324
all_sites,224,balanced,i9jiqjwl,0grcilhi,17.0835027435434,20.07277205295389
all_sites,224,balanced,r17byphk,0grcilhi,16.728494805652833,19.403860148398742
all_sites,224,balanced,rxax5ozo,0grcilhi,16.773155826837076,18.640180440338156
all_sites,224,balanced,4ih2ggld,71vgq3fw,18.73123913914607,21.67215246565024
all_sites,224,balanced,5n1q8atc,71vgq3fw,18.393239464962903,21.776650180048406
all_sites,224,balanced,f1vzngrs,71vgq3fw,17.32773880061665,19.411199103942373
all_sites,224,balanced,ffwubibz,71vgq3fw,16.821346583572637,18.94441267496285
all_sites,224,balanced,fzrt2k6r,71vgq3fw,16.85715937648233,19.352265875516462
all_sites,224,balanced,iv6g2oq0,71vgq3fw,16.673714064806184,19.648531898600844
all_sites,224,balanced,uhdslk0o,71vgq3fw,17.111568682675518,20.252189040726797
all_sites,224,balanced,3806gxp0,71vgq3fw,16.688829520446923,18.73278137971934
all_sites,224,balanced,avn74qx1,71vgq3fw,17.176169670882544,19.54641588105182
all_sites,224,balanced,b3esycq1,71vgq3fw,17.23247954542081,19.40732869967359
all_sites,224,balanced,epqdaau9,71vgq3fw,17.141840786529315,19.411098987719676
all_sites,224,balanced,i9jiqjwl,71vgq3fw,17.114330479301856,20.340845927887674
all_sites,224,balanced,r17byphk,71vgq3fw,16.63997329348451,19.227699778072093
all_sites,224,balanced,rxax5ozo,71vgq3fw,16.701307283635998,18.6431129262353
all_sites,224,balanced,4ih2ggld,9luzk4jm,18.818054605630017,21.3372962766224
all_sites,224,balanced,5n1q8atc,9luzk4jm,18.284592952688545,21.828318841596936
all_sites,224,balanced,f1vzngrs,9luzk4jm,17.35960222648402,19.331327580352326
all_sites,224,balanced,ffwubibz,9luzk4jm,16.72700017358099,19.002927815072102
all_sites,224,balanced,fzrt2k6r,9luzk4jm,16.837843510119328,19.15867103516996
all_sites,224,balanced,iv6g2oq0,9luzk4jm,16.712765547253873,19.611448290723985
all_sites,224,balanced,uhdslk0o,9luzk4jm,16.959756861959175,20.239659976524866
all_sites,224,balanced,3806gxp0,9luzk4jm,16.63604451749527,18.687781454685357
all_sites,224,balanced,avn74qx1,9luzk4jm,16.991666799682683,19.611211943066397
all_sites,224,balanced,b3esycq1,9luzk4jm,17.213334051175877,19.421883648333186
all_sites,224,balanced,epqdaau9,9luzk4jm,17.067348595810934,19.56246752392765
all_sites,224,balanced,i9jiqjwl,9luzk4jm,17.018726322607215,20.183605153014323
all_sites,224,balanced,r17byphk,9luzk4jm,16.889764628684112,19.185952502007236
all_sites,224,balanced,rxax5ozo,9luzk4jm,16.784499245319846,18.578438705014403
all_sites,224,balanced,4ih2ggld,cfe5vt7s,18.881070070583803,21.772187253904526
all_sites,224,balanced,5n1q8atc,cfe5vt7s,18.42416647136516,21.76626983083557
all_sites,224,balanced,f1vzngrs,cfe5vt7s,17.18800033464928,19.32564923843858
all_sites,224,balanced,ffwubibz,cfe5vt7s,16.8518112495385,18.939735208769267
all_sites,224,balanced,fzrt2k6r,cfe5vt7s,16.99828850994615,19.416245253376506
all_sites,224,balanced,iv6g2oq0,cfe5vt7s,16.86317136076917,19.581957138951402
all_sites,224,balanced,uhdslk0o,cfe5vt7s,17.16359924314919,20.15478912978678
all_sites,224,balanced,3806gxp0,cfe5vt7s,16.690579610779952,18.794670273343662
all_sites,224,balanced,avn74qx1,cfe5vt7s,17.29802688862914,19.677269710730844
all_sites,224,balanced,b3esycq1,cfe5vt7s,17.29654754074771,19.60981073640609
all_sites,224,balanced,epqdaau9,cfe5vt7s,17.100094241688,19.65316986468318
all_sites,224,balanced,i9jiqjwl,cfe5vt7s,17.172405460588415,20.427644817833784
all_sites,224,balanced,r17byphk,cfe5vt7s,16.92330803365163,19.33618672008678
all_sites,224,balanced,rxax5ozo,cfe5vt7s,16.85498022918685,18.68270393967003
all_sites,224,balanced,4ih2ggld,hawkfj64,18.87298910478225,21.495662810966937
all_sites,224,balanced,5n1q8atc,hawkfj64,18.273778351478796,21.578151081298685
all_sites,224,balanced,f1vzngrs,hawkfj64,17.26066350274536,19.359946505931426
all_sites,224,balanced,ffwubibz,hawkfj64,16.81410702467017,18.922597129596376
all_sites,224,balanced,fzrt2k6r,hawkfj64,16.799142965419655,19.41639430336167
all_sites,224,balanced,iv6g2oq0,hawkfj64,16.844274061358732,19.78980094747763
all_sites,224,balanced,uhdslk0o,hawkfj64,17.13284134152281,20.26744570469409
all_sites,224,balanced,3806gxp0,hawkfj64,16.716266078317393,18.565920467743876
all_sites,224,balanced,avn74qx1,hawkfj64,17.078118675830993,19.4522411887824
all_sites,224,balanced,b3esycq1,hawkfj64,17.05161880015131,19.252551987550714
all_sites,224,balanced,epqdaau9,hawkfj64,17.008298672075817,19.440972404041716
all_sites,224,balanced,i9jiqjwl,hawkfj64,17.02311659915367,20.381249969236592
all_sites,224,balanced,r17byphk,hawkfj64,16.81360090472547,19.68425238244174
all_sites,224,balanced,rxax5ozo,hawkfj64,16.596890238396,18.77244329109799
all_sites,224,balanced,4ih2ggld,hzumfsms,18.73846259733817,21.47261982339721
all_sites,224,balanced,5n1q8atc,hzumfsms,18.229093648963815,21.572061581968768
all_sites,224,balanced,f1vzngrs,hzumfsms,17.323602109009336,19.379851810398574
all_sites,224,balanced,ffwubibz,hzumfsms,16.866458603386057,19.044087334344972
all_sites,224,balanced,fzrt2k6r,hzumfsms,16.90910992240534,19.13927558811998
all_sites,224,balanced,iv6g2oq0,hzumfsms,16.75343101453576,19.58569770592385
all_sites,224,balanced,uhdslk0o,hzumfsms,17.114876087909416,20.098463099443848
all_sites,224,balanced,3806gxp0,hzumfsms,16.640761727693736,18.70410594503826
all_sites,224,balanced,avn74qx1,hzumfsms,17.102778378924434,19.739629704345063
all_sites,224,balanced,b3esycq1,hzumfsms,17.232889087074728,19.787559618563954
all_sites,224,balanced,epqdaau9,hzumfsms,17.090997609175467,19.700232350778418
all_sites,224,balanced,i9jiqjwl,hzumfsms,17.244877310247396,20.097647672250915
all_sites,224,balanced,r17byphk,hzumfsms,16.709067885607556,19.439361428188004
all_sites,224,balanced,rxax5ozo,hzumfsms,16.881743446499414,18.62522936153275
all_sites,224,balanced,4ih2ggld,kbdh4tri,18.825701948931357,21.54428151274404
all_sites,224,balanced,5n1q8atc,kbdh4tri,18.293213149629963,21.636114864768913
all_sites,224,balanced,f1vzngrs,kbdh4tri,17.32383708787023,19.300976583106312
all_sites,224,balanced,ffwubibz,kbdh4tri,16.679907604455572,19.04802365175629
all_sites,224,balanced,fzrt2k6r,kbdh4tri,16.962569398568853,19.02021412092263
all_sites,224,balanced,iv6g2oq0,kbdh4tri,17.0030834175566,19.513063938292472
all_sites,224,balanced,uhdslk0o,kbdh4tri,17.06999040981871,20.291534829187825
all_sites,224,balanced,3806gxp0,kbdh4tri,16.7356369461732,18.688372863047082
all_sites,224,balanced,avn74qx1,kbdh4tri,17.112298746330413,19.361798594643176
all_sites,224,balanced,b3esycq1,kbdh4tri,17.425044481942116,19.6836530956894
all_sites,224,balanced,epqdaau9,kbdh4tri,17.21597300726522,19.65530649950791
all_sites,224,balanced,i9jiqjwl,kbdh4tri,17.193107809243827,20.13512231720833
all_sites,224,balanced,r17byphk,kbdh4tri,16.7191997291075,19.36922359064928
all_sites,224,balanced,rxax5ozo,kbdh4tri,16.772771923531458,18.601187849443637
all_sites,224,balanced,4ih2ggld,mgxahqnk,18.764406513830355,21.498833340225858
all_sites,224,balanced,5n1q8atc,mgxahqnk,18.348874554323565,21.61555174588211
all_sites,224,balanced,f1vzngrs,mgxahqnk,17.217831706743283,19.23496833210062
all_sites,224,balanced,ffwubibz,mgxahqnk,16.791546782488012,18.983726248463515
all_sites,224,balanced,fzrt2k6r,mgxahqnk,16.88664208874401,19.465239406145614
all_sites,224,balanced,iv6g2oq0,mgxahqnk,16.80813515599209,19.60346864173351
all_sites,224,balanced,uhdslk0o,mgxahqnk,17.15927215055752,20.399970119818597
all_sites,224,balanced,3806gxp0,mgxahqnk,16.75295537824541,18.588926288728164
all_sites,224,balanced,avn74qx1,mgxahqnk,17.110051161824778,19.55192799834607
all_sites,224,balanced,b3esycq1,mgxahqnk,17.163733215317684,19.56754714735965
all_sites,224,balanced,epqdaau9,mgxahqnk,17.065039937417996,19.541507038361445
all_sites,224,balanced,i9jiqjwl,mgxahqnk,17.14358356669127,20.106252463882523
all_sites,224,balanced,r17byphk,mgxahqnk,16.76091378668608,19.129314577990336
all_sites,224,balanced,rxax5ozo,mgxahqnk,16.71926784493931,18.613718637456653
all_sites,224,balanced,4ih2ggld,pl8uabbv,18.80815975076715,21.96279203737658
all_sites,224,balanced,5n1q8atc,pl8uabbv,18.47526852381743,21.81270136814692
all_sites,224,balanced,f1vzngrs,pl8uabbv,17.53239063597872,19.430538420108817
all_sites,224,balanced,ffwubibz,pl8uabbv,16.830270032965736,18.922977069700387
all_sites,224,balanced,fzrt2k6r,pl8uabbv,17.010319817928078,19.298502823647134
all_sites,224,balanced,iv6g2oq0,pl8uabbv,16.761673336132485,19.916402658983085
all_sites,224,balanced,uhdslk0o,pl8uabbv,17.083666910940774,20.2410392096219
all_sites,224,balanced,3806gxp0,pl8uabbv,16.883250134028607,18.69773854025801
all_sites,224,balanced,avn74qx1,pl8uabbv,17.341201525896636,19.859402831268575
all_sites,224,balanced,b3esycq1,pl8uabbv,17.3269021828078,19.588990206039878
all_sites,224,balanced,epqdaau9,pl8uabbv,17.349007012330382,19.646746314293182
all_sites,224,balanced,i9jiqjwl,pl8uabbv,17.177430815585556,20.22157459188107
all_sites,224,balanced,r17byphk,pl8uabbv,16.791061102492325,19.440864871230655
all_sites,224,balanced,rxax5ozo,pl8uabbv,16.773922124158247,18.778635052535982
all_sites,224,balanced,4ih2ggld,ptg8lmto,18.598710868501737,21.713546332060712
all_sites,224,balanced,5n1q8atc,ptg8lmto,18.45919139698311,21.53082941646922
all_sites,224,balanced,f1vzngrs,ptg8lmto,17.12628635484191,19.441915041504583
all_sites,224,balanced,ffwubibz,ptg8lmto,16.78955965536158,18.993957983316626
all_sites,224,balanced,fzrt2k6r,ptg8lmto,16.88764405933447,19.36159793978268
all_sites,224,balanced,iv6g2oq0,ptg8lmto,16.865405462343983,20.002860541649778
all_sites,224,balanced,uhdslk0o,ptg8lmto,17.048990928628374,20.262772541174613
all_sites,224,balanced,3806gxp0,ptg8lmto,16.72235835885376,18.611617700156536
all_sites,224,balanced,avn74qx1,ptg8lmto,17.03851928382207,19.311971547134746
all_sites,224,balanced,b3esycq1,ptg8lmto,17.239786417354104,19.443368472132608
all_sites,224,balanced,epqdaau9,ptg8lmto,17.1938470369712,19.39745607228908
all_sites,224,balanced,i9jiqjwl,ptg8lmto,17.12207150935232,20.211209993128268
all_sites,224,balanced,r17byphk,ptg8lmto,16.662592110293865,19.491228503685086
all_sites,224,balanced,rxax5ozo,ptg8lmto,16.814375007445403,18.93443803267502
all_sites,224,balanced,4ih2ggld,tuy3zymq,18.72897451207889,21.30956065042521
all_sites,224,balanced,5n1q8atc,tuy3zymq,18.239086321814245,21.79700444213764
all_sites,224,balanced,f1vzngrs,tuy3zymq,17.180642641751227,19.322855081107633
all_sites,224,balanced,ffwubibz,tuy3zymq,16.75083214338823,18.955377765177314
all_sites,224,balanced,fzrt2k6r,tuy3zymq,16.888264761922386,19.32091380552135
all_sites,224,balanced,iv6g2oq0,tuy3zymq,16.889156473244675,19.760255203335994
all_sites,224,balanced,uhdslk0o,tuy3zymq,17.239986688875238,20.24273382612255
all_sites,224,balanced,3806gxp0,tuy3zymq,16.83265240259186,18.54936758928903
all_sites,224,balanced,avn74qx1,tuy3zymq,16.980336609827525,19.446227998931267
all_sites,224,balanced,b3esycq1,tuy3zymq,17.202103774142763,19.249748441287668
all_sites,224,balanced,epqdaau9,tuy3zymq,17.177280126533645,19.614326629445973
all_sites,224,balanced,i9jiqjwl,tuy3zymq,17.21533152299456,20.060031782204994
all_sites,224,balanced,r17byphk,tuy3zymq,16.628969653131428,19.603579661640342
all_sites,224,balanced,rxax5ozo,tuy3zymq,16.784417792923843,18.709605591468573
all_sites,224,balanced,4ih2ggld,ufdvpb81,18.89055572841351,21.59942882906873
all_sites,224,balanced,5n1q8atc,ufdvpb81,18.358444839625427,21.900932135986977
all_sites,224,balanced,f1vzngrs,ufdvpb81,17.227727990841082,19.162211599038123
all_sites,224,balanced,ffwubibz,ufdvpb81,16.95113963749944,19.020861673185028
all_sites,224,balanced,fzrt2k6r,ufdvpb81,16.793854708433873,19.803106922331484
all_sites,224,balanced,iv6g2oq0,ufdvpb81,16.9407160566175,19.855843672911227
all_sites,224,balanced,uhdslk0o,ufdvpb81,17.0179563577083,20.336892576926747
all_sites,224,balanced,3806gxp0,ufdvpb81,16.909281863358373,18.591128440558343
all_sites,224,balanced,avn74qx1,ufdvpb81,17.31693127083063,19.32749485129413
all_sites,224,balanced,b3esycq1,ufdvpb81,17.148445184195197,19.547114838944587
all_sites,224,balanced,epqdaau9,ufdvpb81,17.177062683903927,19.71790205795818
all_sites,224,balanced,i9jiqjwl,ufdvpb81,17.061641103566195,20.234813572266624
all_sites,224,balanced,r17byphk,ufdvpb81,16.64091508595552,19.356847340984935
all_sites,224,balanced,rxax5ozo,ufdvpb81,16.666790232994718,18.728530010258694
all_sites,224,balanced,4ih2ggld,utfgcjfa,18.933104704153244,21.5473689768791
all_sites,224,balanced,5n1q8atc,utfgcjfa,18.628347939195763,21.614443880836223
all_sites,224,balanced,f1vzngrs,utfgcjfa,17.499271148171218,19.413912567901594
all_sites,224,balanced,ffwubibz,utfgcjfa,16.747573715201355,18.93911732089502
all_sites,224,balanced,fzrt2k6r,utfgcjfa,16.94038182951428,19.34386221834998
all_sites,224,balanced,iv6g2oq0,utfgcjfa,16.82961748215841,19.831994899968773
all_sites,224,balanced,uhdslk0o,utfgcjfa,17.211800678198138,20.04093211656757
all_sites,224,balanced,3806gxp0,utfgcjfa,16.713928805256668,18.777770573951166
all_sites,224,balanced,avn74qx1,utfgcjfa,17.30841502251846,19.493428628165475
all_sites,224,balanced,b3esycq1,utfgcjfa,17.149950079339817,19.715026410699394
all_sites,224,balanced,epqdaau9,utfgcjfa,17.169555625048588,19.584101807348517
all_sites,224,balanced,i9jiqjwl,utfgcjfa,17.12942820972541,20.193735885355263
all_sites,224,balanced,r17byphk,utfgcjfa,16.699730550679398,19.417735371533244
all_sites,224,balanced,rxax5ozo,utfgcjfa,16.796325649364206,18.74002891083425
all_sites,224,balanced,4ih2ggld,vc2whyaq,18.798632957758137,21.625366382851382
all_sites,224,balanced,5n1q8atc,vc2whyaq,18.62936941960369,21.568433573019366
all_sites,224,balanced,f1vzngrs,vc2whyaq,17.24766390331463,19.645766064021192
all_sites,224,balanced,ffwubibz,vc2whyaq,16.868984251564342,18.90839815041785
all_sites,224,balanced,fzrt2k6r,vc2whyaq,16.970029989129884,19.301084825660265
all_sites,224,balanced,iv6g2oq0,vc2whyaq,16.661045779905365,19.723237656707852
all_sites,224,balanced,uhdslk0o,vc2whyaq,17.241435264013887,20.150709234635876
all_sites,224,balanced,3806gxp0,vc2whyaq,16.779200804717274,18.682870938066163
all_sites,224,balanced,avn74qx1,vc2whyaq,17.32458578452814,19.777905861248094
all_sites,224,balanced,b3esycq1,vc2whyaq,17.37280771890886,19.571075273306626
all_sites,224,balanced,epqdaau9,vc2whyaq,17.34581230591547,19.822415634594638
all_sites,224,balanced,i9jiqjwl,vc2whyaq,17.15085073309813,20.144768317886154
all_sites,224,balanced,r17byphk,vc2whyaq,16.78234099713993,19.239585200512806
all_sites,224,balanced,rxax5ozo,vc2whyaq,16.82086406741645,18.7944475584682
all_sites,224,balanced,4ih2ggld,x77cy643,18.86228182105244,21.700198659941787
all_sites,224,balanced,5n1q8atc,x77cy643,18.54905522586168,21.72089604291791
all_sites,224,balanced,f1vzngrs,x77cy643,17.3119757596281,19.438451312967487
all_sites,224,balanced,ffwubibz,x77cy643,16.764055439655124,18.904054716322367
all_sites,224,balanced,fzrt2k6r,x77cy643,16.97789205378414,19.327004116241305
all_sites,224,balanced,iv6g2oq0,x77cy643,16.734867384597514,19.651344666186162
all_sites,224,balanced,uhdslk0o,x77cy643,17.203904078364662,20.087186559095077
all_sites,224,balanced,3806gxp0,x77cy643,16.710385434750847,18.818968919856033
all_sites,224,balanced,avn74qx1,x77cy643,17.294878894490928,19.58120031997919
all_sites,224,balanced,b3esycq1,x77cy643,17.377570169111436,19.210525714527463
all_sites,224,balanced,epqdaau9,x77cy643,17.30671807671353,19.54068210381727
all_sites,224,balanced,i9jiqjwl,x77cy643,17.124906536603184,20.224641674395667
all_sites,224,balanced,r17byphk,x77cy643,16.82294944177641,19.382332613401047
all_sites,224,balanced,rxax5ozo,x77cy643,16.77373235070149,18.76881371007331
all_sites,224,balanced,4ih2ggld,x7u69zsw,18.952286841789668,21.696497879801242
all_sites,224,balanced,5n1q8atc,x7u69zsw,18.355339893890946,21.69136326452708
all_sites,224,balanced,f1vzngrs,x7u69zsw,17.38063955482673,19.480069126735746
all_sites,224,balanced,ffwubibz,x7u69zsw,16.797679838343008,19.116510222232467
all_sites,224,balanced,fzrt2k6r,x7u69zsw,16.939539677766362,19.44093363173293
all_sites,224,balanced,iv6g2oq0,x7u69zsw,16.775342964320224,19.658165593454434
all_sites,224,balanced,uhdslk0o,x7u69zsw,17.13818405574798,20.239267678668025
all_sites,224,balanced,3806gxp0,x7u69zsw,16.700396054415723,18.504951849573832
all_sites,224,balanced,avn74qx1,x7u69zsw,17.014502808929453,19.551868970164453
all_sites,224,balanced,b3esycq1,x7u69zsw,17.322036337165695,19.248808497511927
all_sites,224,balanced,epqdaau9,x7u69zsw,17.2158859958793,19.650227648566478
all_sites,224,balanced,i9jiqjwl,x7u69zsw,17.255811249366154,20.064892263218532
all_sites,224,balanced,r17byphk,x7u69zsw,16.789155436199724,19.289609409929117
all_sites,224,balanced,rxax5ozo,x7u69zsw,16.727158970446645,18.56815947719186
all_sites,224,balanced,4ih2ggld,xgj4xftb,18.877497796595662,21.5855220637188
all_sites,224,balanced,5n1q8atc,xgj4xftb,18.369940702678456,21.341419826091645
all_sites,224,balanced,f1vzngrs,xgj4xftb,17.282699489571495,19.226992684221486
all_sites,224,balanced,ffwubibz,xgj4xftb,16.686487156536657,19.00874247838519
all_sites,224,balanced,fzrt2k6r,xgj4xftb,16.876835627318616,19.270798285067208
all_sites,224,balanced,iv6g2oq0,xgj4xftb,16.82879911683519,19.5973304784991
all_sites,224,balanced,uhdslk0o,xgj4xftb,17.240892251125636,20.131103331495492
all_sites,224,balanced,3806gxp0,xgj4xftb,16.733300840671347,18.74125215567531
all_sites,224,balanced,avn74qx1,xgj4xftb,17.278119712951117,19.434569269921376
all_sites,224,balanced,b3esycq1,xgj4xftb,17.435735127781196,19.360372290768762
all_sites,224,balanced,epqdaau9,xgj4xftb,17.02837448184212,19.629895362206447
all_sites,224,balanced,i9jiqjwl,xgj4xftb,17.106865115472964,20.43488336036557
all_sites,224,balanced,r17byphk,xgj4xftb,16.7340255345454,19.399184836878977
all_sites,224,balanced,rxax5ozo,xgj4xftb,16.82639850478283,18.62546768827566
all_sites,224,unbalanced,4ih2ggld,0grcilhi,18.225842078540055,21.25782836943263
all_sites,224,unbalanced,5n1q8atc,0grcilhi,17.95638307539584,21.160102589174457
all_sites,224,unbalanced,f1vzngrs,0grcilhi,16.995301649668882,19.17411655451213
all_sites,224,unbalanced,ffwubibz,0grcilhi,16.59402653714063,18.67313959947377
all_sites,224,unbalanced,fzrt2k6r,0grcilhi,16.396677196606788,18.85240811814502
all_sites,224,unbalanced,iv6g2oq0,0grcilhi,16.60962687982999,19.271539405241935
all_sites,224,unbalanced,uhdslk0o,0grcilhi,16.686640288969933,20.046708203092173
all_sites,224,unbalanced,3806gxp0,0grcilhi,16.25613604250629,18.803013838715334
all_sites,224,unbalanced,avn74qx1,0grcilhi,16.92989107366044,19.425332886759488
all_sites,224,unbalanced,b3esycq1,0grcilhi,16.60258940147325,19.17250157424945
all_sites,224,unbalanced,epqdaau9,0grcilhi,16.36564353056245,19.35415185495179
all_sites,224,unbalanced,i9jiqjwl,0grcilhi,16.428701329041473,20.002174904934254
all_sites,224,unbalanced,r17byphk,0grcilhi,16.342499051914764,18.524955228257564
all_sites,224,unbalanced,rxax5ozo,0grcilhi,16.397858311389914,18.01433086280944
all_sites,224,unbalanced,4ih2ggld,71vgq3fw,18.597690495650586,20.931368587373942
all_sites,224,unbalanced,5n1q8atc,71vgq3fw,18.018533090601245,21.594587408588943
all_sites,224,unbalanced,f1vzngrs,71vgq3fw,17.041580508323847,18.970539770034854
all_sites,224,unbalanced,ffwubibz,71vgq3fw,16.5142092102341,18.644867409233157
all_sites,224,unbalanced,fzrt2k6r,71vgq3fw,16.47908717980336,18.803435787345677
all_sites,224,unbalanced,iv6g2oq0,71vgq3fw,16.491464575552243,19.234693337375887
all_sites,224,unbalanced,uhdslk0o,71vgq3fw,16.92494239842037,20.456046627467497
all_sites,224,unbalanced,3806gxp0,71vgq3fw,16.332922995046072,18.267386428650674
all_sites,224,unbalanced,avn74qx1,71vgq3fw,16.828340046012954,19.2079917564626
all_sites,224,unbalanced,b3esycq1,71vgq3fw,16.677071897400268,19.354980523230108
all_sites,224,unbalanced,epqdaau9,71vgq3fw,16.485779656076915,19.30960939565965
all_sites,224,unbalanced,i9jiqjwl,71vgq3fw,16.526540110835473,20.073179155620355
all_sites,224,unbalanced,r17byphk,71vgq3fw,16.301030335880004,18.618577890509016
all_sites,224,unbalanced,rxax5ozo,71vgq3fw,16.29704268697723,18.10508545476983
all_sites,224,unbalanced,4ih2ggld,9luzk4jm,18.295479632817738,21.11686195123371
all_sites,224,unbalanced,5n1q8atc,9luzk4jm,17.973080940217276,20.90225244621206
all_sites,224,unbalanced,f1vzngrs,9luzk4jm,16.993516994444658,19.047710205417804
all_sites,224,unbalanced,ffwubibz,9luzk4jm,16.47252615629507,18.655596703046406
all_sites,224,unbalanced,fzrt2k6r,9luzk4jm,16.40857423836305,18.774310657794466
all_sites,224,unbalanced,iv6g2oq0,9luzk4jm,16.6017754788355,19.1453459756885
all_sites,224,unbalanced,uhdslk0o,9luzk4jm,16.755230335250673,20.28674402913501
all_sites,224,unbalanced,3806gxp0,9luzk4jm,16.347088697904987,18.221338418722777
all_sites,224,unbalanced,avn74qx1,9luzk4jm,17.112907429004864,19.43449080886563
all_sites,224,unbalanced,b3esycq1,9luzk4jm,16.81946809276319,19.145190526090097
all_sites,224,unbalanced,epqdaau9,9luzk4jm,16.38100427240162,19.34662863338314
all_sites,224,unbalanced,i9jiqjwl,9luzk4jm,16.72461394544773,20.09145242643931
all_sites,224,unbalanced,r17byphk,9luzk4jm,16.48986533694646,18.54246166194525
all_sites,224,unbalanced,rxax5ozo,9luzk4jm,16.371022958336912,18.012059456994006
all_sites,224,unbalanced,4ih2ggld,cfe5vt7s,18.30120075752516,21.25642205868013
all_sites,224,unbalanced,5n1q8atc,cfe5vt7s,17.91172484439732,20.95031040873775
all_sites,224,unbalanced,f1vzngrs,cfe5vt7s,16.99195087278471,19.021647574723932
all_sites,224,unbalanced,ffwubibz,cfe5vt7s,16.522360036994257,18.35072841552397
all_sites,224,unbalanced,fzrt2k6r,cfe5vt7s,16.394142303487335,18.872205355389003
all_sites,224,unbalanced,iv6g2oq0,cfe5vt7s,16.69471989206321,19.148604061938105
all_sites,224,unbalanced,uhdslk0o,cfe5vt7s,16.928933311917348,19.89596028420276
all_sites,224,unbalanced,3806gxp0,cfe5vt7s,16.391529653610633,18.513164124504744
all_sites,224,unbalanced,avn74qx1,cfe5vt7s,16.780849159730348,19.0644572851369
all_sites,224,unbalanced,b3esycq1,cfe5vt7s,16.627178211435634,19.026911604388072
all_sites,224,unbalanced,epqdaau9,cfe5vt7s,16.514723867108707,19.184565955642167
all_sites,224,unbalanced,i9jiqjwl,cfe5vt7s,16.89316106877257,20.062586910281233
all_sites,224,unbalanced,r17byphk,cfe5vt7s,16.437435732451355,18.879052744663294
all_sites,224,unbalanced,rxax5ozo,cfe5vt7s,16.430521915521688,17.73435056364024
all_sites,224,unbalanced,4ih2ggld,hawkfj64,18.51895023549065,20.996537866806698
all_sites,224,unbalanced,5n1q8atc,hawkfj64,18.00568651095518,21.160009969633872
all_sites,224,unbalanced,f1vzngrs,hawkfj64,16.96073859175419,18.98927671355153
all_sites,224,unbalanced,ffwubibz,hawkfj64,16.458463701665735,18.559531333747817
all_sites,224,unbalanced,fzrt2k6r,hawkfj64,16.376630805228316,18.880164144161085
all_sites,224,unbalanced,iv6g2oq0,hawkfj64,16.658154272405366,19.207148756504743
all_sites,224,unbalanced,uhdslk0o,hawkfj64,16.94039725848139,20.32777006179798
all_sites,224,unbalanced,3806gxp0,hawkfj64,16.351651023976927,18.20861558929439
all_sites,224,unbalanced,avn74qx1,hawkfj64,16.891248249667527,19.239182672424214
all_sites,224,unbalanced,b3esycq1,hawkfj64,16.6300711455771,19.31302290598831
all_sites,224,unbalanced,epqdaau9,hawkfj64,16.521483559367308,19.299311064607032
all_sites,224,unbalanced,i9jiqjwl,hawkfj64,16.5756978682155,20.090465002789816
all_sites,224,unbalanced,r17byphk,hawkfj64,16.384668566339677,18.577545549098627
all_sites,224,unbalanced,rxax5ozo,hawkfj64,16.457288876219742,18.049561082828625
all_sites,224,unbalanced,4ih2ggld,hzumfsms,18.3488197248838,21.177261455643208
all_sites,224,unbalanced,5n1q8atc,hzumfsms,17.93480217302626,21.15551774333466
all_sites,224,unbalanced,f1vzngrs,hzumfsms,17.028595284362716,19.120545760581845
all_sites,224,unbalanced,ffwubibz,hzumfsms,16.577583424722363,18.73485958399346
all_sites,224,unbalanced,fzrt2k6r,hzumfsms,16.524599941143183,18.845738988321674
all_sites,224,unbalanced,iv6g2oq0,hzumfsms,16.461718110567848,19.30218630720869
all_sites,224,unbalanced,uhdslk0o,hzumfsms,16.826523658567073,20.123465167227426
all_sites,224,unbalanced,3806gxp0,hzumfsms,16.29619876736748,18.170915126041198
all_sites,224,unbalanced,avn74qx1,hzumfsms,17.006306206561696,19.36321381380768
all_sites,224,unbalanced,b3esycq1,hzumfsms,16.700517030377604,19.381479592057353
all_sites,224,unbalanced,epqdaau9,hzumfsms,16.492141313734766,19.249930885365668
all_sites,224,unbalanced,i9jiqjwl,hzumfsms,16.717566942456315,20.035393050304165
all_sites,224,unbalanced,r17byphk,hzumfsms,16.383978725969115,19.046295809393342
all_sites,224,unbalanced,rxax5ozo,hzumfsms,16.337714310936473,18.048722304084194
all_sites,224,unbalanced,4ih2ggld,kbdh4tri,18.252192763708738,21.218634214594513
all_sites,224,unbalanced,5n1q8atc,kbdh4tri,17.954710193374915,21.088648244968613
all_sites,224,unbalanced,f1vzngrs,kbdh4tri,17.242922637063963,19.163009668837194
all_sites,224,unbalanced,ffwubibz,kbdh4tri,16.473204026911947,18.540520166945615
all_sites,224,unbalanced,fzrt2k6r,kbdh4tri,16.44629609712411,18.893728579578482
all_sites,224,unbalanced,iv6g2oq0,kbdh4tri,16.669640485112854,19.13394543926375
all_sites,224,unbalanced,uhdslk0o,kbdh4tri,16.801733348031835,20.02587114373842
all_sites,224,unbalanced,3806gxp0,kbdh4tri,16.391131110177,18.03844846697938
all_sites,224,unbalanced,avn74qx1,kbdh4tri,16.962375194018854,19.142771055336393
all_sites,224,unbalanced,b3esycq1,kbdh4tri,16.749208996586702,19.26125883916851
all_sites,224,unbalanced,epqdaau9,kbdh4tri,16.66070195111007,19.18291100067698
all_sites,224,unbalanced,i9jiqjwl,kbdh4tri,16.51223690223545,19.88703272890966
all_sites,224,unbalanced,r17byphk,kbdh4tri,16.44098628294076,18.705909036130965
all_sites,224,unbalanced,rxax5ozo,kbdh4tri,16.287218377418696,18.17184352690017
all_sites,224,unbalanced,4ih2ggld,mgxahqnk,18.42613392541817,21.269930655972786
all_sites,224,unbalanced,5n1q8atc,mgxahqnk,17.92928754620181,21.266349337033155
all_sites,224,unbalanced,f1vzngrs,mgxahqnk,16.946788492488736,18.998923602654532
all_sites,224,unbalanced,ffwubibz,mgxahqnk,16.52605968871257,18.45924722748794
all_sites,224,unbalanced,fzrt2k6r,mgxahqnk,16.457798837458277,18.95319429810031
all_sites,224,unbalanced,iv6g2oq0,mgxahqnk,16.713952287198296,19.111267752935472
all_sites,224,unbalanced,uhdslk0o,mgxahqnk,16.82775106458842,20.102200466788453
all_sites,224,unbalanced,3806gxp0,mgxahqnk,16.29019279189923,18.254500349832842
all_sites,224,unbalanced,avn74qx1,mgxahqnk,16.863554161960543,19.23303612911122
all_sites,224,unbalanced,b3esycq1,mgxahqnk,16.670021008243204,19.27599514671331
all_sites,224,unbalanced,epqdaau9,mgxahqnk,16.350255816673425,19.280621970650408
all_sites,224,unbalanced,i9jiqjwl,mgxahqnk,16.550867397100575,19.8918824213507
all_sites,224,unbalanced,r17byphk,mgxahqnk,16.25051302359255,18.384036887208907
all_sites,224,unbalanced,rxax5ozo,mgxahqnk,16.30548761493597,18.005587002693833
all_sites,224,unbalanced,4ih2ggld,pl8uabbv,18.530624987507913,21.17414462885407
all_sites,224,unbalanced,5n1q8atc,pl8uabbv,18.083588376210766,21.15996941428807
all_sites,224,unbalanced,f1vzngrs,pl8uabbv,17.513271119562063,19.11277435128943
all_sites,224,unbalanced,ffwubibz,pl8uabbv,16.490157391488474,18.87832958809909
all_sites,224,unbalanced,fzrt2k6r,pl8uabbv,16.465888601547235,18.977533070631033
all_sites,224,unbalanced,iv6g2oq0,pl8uabbv,16.57083040062367,19.908739517559145
all_sites,224,unbalanced,uhdslk0o,pl8uabbv,16.63760842417289,20.221778069285666
all_sites,224,unbalanced,3806gxp0,pl8uabbv,16.48492333339636,18.1541477594396
all_sites,224,unbalanced,avn74qx1,pl8uabbv,17.235250267086702,19.569996662502756
all_sites,224,unbalanced,b3esycq1,pl8uabbv,16.789902434492777,19.415818758841457
all_sites,224,unbalanced,epqdaau9,pl8uabbv,16.65481544912656,19.26186961243228
all_sites,224,unbalanced,i9jiqjwl,pl8uabbv,16.969574896740646,20.1110735318694
all_sites,224,unbalanced,r17byphk,pl8uabbv,16.29961898988719,18.815367743596724
all_sites,224,unbalanced,rxax5ozo,pl8uabbv,16.48386770344544,17.992260955312915
all_sites,224,unbalanced,4ih2ggld,ptg8lmto,18.40852588633512,21.357610626542634
all_sites,224,unbalanced,5n1q8atc,ptg8lmto,17.949644175436738,21.229440242897866
all_sites,224,unbalanced,f1vzngrs,ptg8lmto,16.814575208312043,18.930475091572276
all_sites,224,unbalanced,ffwubibz,ptg8lmto,16.4698280010565,18.60406156165147
all_sites,224,unbalanced,fzrt2k6r,ptg8lmto,16.383205555612996,18.98980466885916
all_sites,224,unbalanced,iv6g2oq0,ptg8lmto,16.501361553593295,19.371014490150266
all_sites,224,unbalanced,uhdslk0o,ptg8lmto,16.868742438918428,20.20860370250041
all_sites,224,unbalanced,3806gxp0,ptg8lmto,16.42888341255255,18.420610061977996
all_sites,224,unbalanced,avn74qx1,ptg8lmto,16.834138727262754,19.278611794051404
all_sites,224,unbalanced,b3esycq1,ptg8lmto,16.619084406764767,19.076777668182903
all_sites,224,unbalanced,epqdaau9,ptg8lmto,16.447656767083075,19.577130320435273
all_sites,224,unbalanced,i9jiqjwl,ptg8lmto,16.615733222172054,20.001020861440978
all_sites,224,unbalanced,r17byphk,ptg8lmto,16.39752924101525,18.584425089849347
all_sites,224,unbalanced,rxax5ozo,ptg8lmto,16.43241595642881,18.3534497399851
all_sites,224,unbalanced,4ih2ggld,tuy3zymq,18.329428245570952,21.19499157226105
all_sites,224,unbalanced,5n1q8atc,tuy3zymq,17.94112565299633,21.265783272224432
all_sites,224,unbalanced,f1vzngrs,tuy3zymq,16.915232675478308,19.080370491589825
all_sites,224,unbalanced,ffwubibz,tuy3zymq,16.444000096042032,18.557987641615224
all_sites,224,unbalanced,fzrt2k6r,tuy3zymq,16.453847525308475,18.81554247691498
all_sites,224,unbalanced,iv6g2oq0,tuy3zymq,16.31221933363138,19.219198466133456
all_sites,224,unbalanced,uhdslk0o,tuy3zymq,16.88554956912909,20.071876787552576
all_sites,224,unbalanced,3806gxp0,tuy3zymq,16.37608746247109,18.238901755153424
all_sites,224,unbalanced,avn74qx1,tuy3zymq,16.997145437644022,19.22370030595668
all_sites,224,unbalanced,b3esycq1,tuy3zymq,16.755534382979647,19.393168596873146
all_sites,224,unbalanced,epqdaau9,tuy3zymq,16.408770267360005,19.341637574586237
all_sites,224,unbalanced,i9jiqjwl,tuy3zymq,16.53824965214779,19.924008926254423
all_sites,224,unbalanced,r17byphk,tuy3zymq,16.34946559865621,18.46437932395205
all_sites,224,unbalanced,rxax5ozo,tuy3zymq,16.366138857641893,18.08719711343455
all_sites,224,unbalanced,4ih2ggld,ufdvpb81,18.476973091494116,21.413947458792272
all_sites,224,unbalanced,5n1q8atc,ufdvpb81,17.990353169114492,21.259525956046094
all_sites,224,unbalanced,f1vzngrs,ufdvpb81,17.139844709876296,18.991276687389533
all_sites,224,unbalanced,ffwubibz,ufdvpb81,16.5285550061146,18.497158710505342
all_sites,224,unbalanced,fzrt2k6r,ufdvpb81,16.557077699715933,19.306021909894444
all_sites,224,unbalanced,iv6g2oq0,ufdvpb81,16.36618186068285,19.49869394239733
all_sites,224,unbalanced,uhdslk0o,ufdvpb81,16.812558009456062,20.25344185742765
all_sites,224,unbalanced,3806gxp0,ufdvpb81,16.496391246410447,18.354209605520538
all_sites,224,unbalanced,avn74qx1,ufdvpb81,17.033459643917368,19.169761321202436
all_sites,224,unbalanced,b3esycq1,ufdvpb81,16.624378277855634,19.385158147878407
all_sites,224,unbalanced,epqdaau9,ufdvpb81,16.435358148766433,19.338053853647654
all_sites,224,unbalanced,i9jiqjwl,ufdvpb81,16.685409124965936,19.920393989383804
all_sites,224,unbalanced,r17byphk,ufdvpb81,16.309255944334033,18.45253944029865
all_sites,224,unbalanced,rxax5ozo,ufdvpb81,16.22215129974915,17.861627683029454
all_sites,224,unbalanced,4ih2ggld,utfgcjfa,18.57158377729057,21.269192840533492
all_sites,224,unbalanced,5n1q8atc,utfgcjfa,18.1397700492862,21.19554512649279
all_sites,224,unbalanced,f1vzngrs,utfgcjfa,17.136825478241533,19.475014171003092
all_sites,224,unbalanced,ffwubibz,utfgcjfa,16.566425479901547,18.329950289469405
all_sites,224,unbalanced,fzrt2k6r,utfgcjfa,16.489389019926975,18.99984996424395
all_sites,224,unbalanced,iv6g2oq0,utfgcjfa,16.505317689652568,19.143495051460103
all_sites,224,unbalanced,uhdslk0o,utfgcjfa,16.75388859576491,20.249752903562456
all_sites,224,unbalanced,3806gxp0,utfgcjfa,16.483000571944636,18.07390870016183
all_sites,224,unbalanced,avn74qx1,utfgcjfa,16.953119306056855,19.23685661438094
all_sites,224,unbalanced,b3esycq1,utfgcjfa,16.737545141237977,19.38268311283429
all_sites,224,unbalanced,epqdaau9,utfgcjfa,16.555675937600313,19.20440130643061
all_sites,224,unbalanced,i9jiqjwl,utfgcjfa,16.912807998933495,20.320891979471988
all_sites,224,unbalanced,r17byphk,utfgcjfa,16.43000820071525,19.03409908978938
all_sites,224,unbalanced,rxax5ozo,utfgcjfa,16.475750393468196,17.79255357152982
all_sites,224,unbalanced,4ih2ggld,vc2whyaq,18.212805238385712,21.348295468853717
all_sites,224,unbalanced,5n1q8atc,vc2whyaq,18.110358218229898,21.039148006597017
all_sites,224,unbalanced,f1vzngrs,vc2whyaq,17.082278851229752,19.064090862779267
all_sites,224,unbalanced,ffwubibz,vc2whyaq,16.61479818741705,18.67646023711088
all_sites,224,unbalanced,fzrt2k6r,vc2whyaq,16.40720149362417,18.99461015834805
all_sites,224,unbalanced,iv6g2oq0,vc2whyaq,16.67411292990632,19.306539895454627
all_sites,224,unbalanced,uhdslk0o,vc2whyaq,16.788802284927158,19.892281035782215
all_sites,224,unbalanced,3806gxp0,vc2whyaq,16.590811014255785,18.24555657797765
all_sites,224,unbalanced,avn74qx1,vc2whyaq,16.994985654218397,19.36788176285265
all_sites,224,unbalanced,b3esycq1,vc2whyaq,16.667084506022988,19.1715500018289
all_sites,224,unbalanced,epqdaau9,vc2whyaq,16.580574743716426,19.323395107368615
all_sites,224,unbalanced,i9jiqjwl,vc2whyaq,16.884986328698023,20.04718273589493
all_sites,224,unbalanced,r17byphk,vc2whyaq,16.502999628834736,18.933584617987357
all_sites,224,unbalanced,rxax5ozo,vc2whyaq,16.436642032756858,18.159513609395965
all_sites,224,unbalanced,4ih2ggld,x77cy643,18.390325916987084,21.142191497659883
all_sites,224,unbalanced,5n1q8atc,x77cy643,18.185483431727263,21.386854514431707
all_sites,224,unbalanced,f1vzngrs,x77cy643,17.090302033350895,19.251053513378764
all_sites,224,unbalanced,ffwubibz,x77cy643,16.612836533221262,18.527273253368215
all_sites,224,unbalanced,fzrt2k6r,x77cy643,16.597388061103324,18.857372866562233
all_sites,224,unbalanced,iv6g2oq0,x77cy643,16.56663780174055,19.304852325164493
all_sites,224,unbalanced,uhdslk0o,x77cy643,16.892343397182945,20.12429635762746
all_sites,224,unbalanced,3806gxp0,x77cy643,16.337805513466776,18.41772363735344
all_sites,224,unbalanced,avn74qx1,x77cy643,16.91051305654964,19.377456017973945
all_sites,224,unbalanced,b3esycq1,x77cy643,16.715482605261542,19.17287916241262
all_sites,224,unbalanced,epqdaau9,x77cy643,16.485585185687746,19.315032615369248
all_sites,224,unbalanced,i9jiqjwl,x77cy643,16.51235325820779,19.894510430929074
all_sites,224,unbalanced,r17byphk,x77cy643,16.458145348181944,18.458407641986785
all_sites,224,unbalanced,rxax5ozo,x77cy643,16.444778479681162,18.39824113830939
all_sites,224,unbalanced,4ih2ggld,x7u69zsw,18.625764289490924,21.554927998667797
all_sites,224,unbalanced,5n1q8atc,x7u69zsw,18.162684646288845,21.58548644845812
all_sites,224,unbalanced,f1vzngrs,x7u69zsw,16.994957113917664,19.186113749666898
all_sites,224,unbalanced,ffwubibz,x7u69zsw,16.45840093652452,18.62886447909443
all_sites,224,unbalanced,fzrt2k6r,x7u69zsw,16.472609556128607,18.890705119468134
all_sites,224,unbalanced,iv6g2oq0,x7u69zsw,16.520758178637962,19.17470815505171
all_sites,224,unbalanced,uhdslk0o,x7u69zsw,16.93702037297778,20.18288408416836
all_sites,224,unbalanced,3806gxp0,x7u69zsw,16.35288004763507,18.331908485996447
all_sites,224,unbalanced,avn74qx1,x7u69zsw,16.903866603853537,19.24385399258457
all_sites,224,unbalanced,b3esycq1,x7u69zsw,16.73014116489893,19.165377955585672
all_sites,224,unbalanced,epqdaau9,x7u69zsw,16.489365070683245,19.38243690909231
all_sites,224,unbalanced,i9jiqjwl,x7u69zsw,16.663203583357326,19.977166564677475
all_sites,224,unbalanced,r17byphk,x7u69zsw,16.380663417869314,18.595178186041142
all_sites,224,unbalanced,rxax5ozo,x7u69zsw,16.385379320336337,18.072740262967123
all_sites,224,unbalanced,4ih2ggld,xgj4xftb,18.269622001716655,21.322240124258872
all_sites,224,unbalanced,5n1q8atc,xgj4xftb,17.94962559057799,21.062253515390253
all_sites,224,unbalanced,f1vzngrs,xgj4xftb,17.09199063680124,19.086112207241285
all_sites,224,unbalanced,ffwubibz,xgj4xftb,16.52221099366472,18.738375535813333
all_sites,224,unbalanced,fzrt2k6r,xgj4xftb,16.5276570667889,18.861364566228477
all_sites,224,unbalanced,iv6g2oq0,xgj4xftb,16.519030601402125,19.213483208751526
all_sites,224,unbalanced,uhdslk0o,xgj4xftb,16.969845552377524,20.045786063666164
all_sites,224,unbalanced,3806gxp0,xgj4xftb,16.41363543530187,18.415887102693173
all_sites,224,unbalanced,avn74qx1,xgj4xftb,16.958247642841933,19.324469254033247
all_sites,224,unbalanced,b3esycq1,xgj4xftb,16.823082266739853,19.13966494308578
all_sites,224,unbalanced,epqdaau9,xgj4xftb,16.372656022804954,19.55798477455185
all_sites,224,unbalanced,i9jiqjwl,xgj4xftb,16.70033415113018,20.108060125181495
all_sites,224,unbalanced,r17byphk,xgj4xftb,16.277231477581047,18.60392946875249
all_sites,224,unbalanced,rxax5ozo,xgj4xftb,16.405541724954404,17.968172320521624
quality_matched,518,balanced,f1vzngrs,9luzk4jm,17.585356418279005,20.32364665411985
quality_matched,518,balanced,ffwubibz,9luzk4jm,15.887914098009809,17.685598078170866
quality_matched,518,balanced,fzrt2k6r,9luzk4jm,16.0536295375176,18.16020638593783
quality_matched,518,balanced,iv6g2oq0,9luzk4jm,15.691664356839135,19.027195928951617
quality_matched,518,balanced,uhdslk0o,9luzk4jm,16.181355880053633,18.697162803128208
quality_matched,518,balanced,3806gxp0,9luzk4jm,16.331125162915626,19.705112521992657
quality_matched,518,balanced,avn74qx1,9luzk4jm,16.72017422480249,19.099393797876488
quality_matched,518,balanced,b3esycq1,9luzk4jm,15.855257825598862,18.968798648159133
quality_matched,518,balanced,epqdaau9,9luzk4jm,15.935904664914538,20.210795399576984
quality_matched,518,balanced,i9jiqjwl,9luzk4jm,15.708114707056922,18.659151555948124
quality_matched,518,balanced,r17byphk,9luzk4jm,15.542131673894634,17.47699268831623
quality_matched,518,balanced,rxax5ozo,9luzk4jm,14.943361554075553,17.596773175542562
quality_matched,518,balanced,f1vzngrs,cfe5vt7s,18.114960246053798,20.55964888636394
quality_matched,518,balanced,ffwubibz,cfe5vt7s,15.94934246542907,17.47191702845348
quality_matched,518,balanced,fzrt2k6r,cfe5vt7s,16.09589685345458,18.32919450350154
quality_matched,518,balanced,iv6g2oq0,cfe5vt7s,15.99703626121256,19.712708501082556
quality_matched,518,balanced,uhdslk0o,cfe5vt7s,16.34830576720034,19.2750238906831
quality_matched,518,balanced,3806gxp0,cfe5vt7s,16.633328857384654,19.57472384205987
quality_matched,518,balanced,avn74qx1,cfe5vt7s,16.742097557720545,19.080654240836935
quality_matched,518,balanced,b3esycq1,cfe5vt7s,16.12192133653087,18.965657187073113
quality_matched,518,balanced,epqdaau9,cfe5vt7s,16.11896972722777,20.316833778153807
quality_matched,518,balanced,i9jiqjwl,cfe5vt7s,15.694022202954741,19.06718053789674
quality_matched,518,balanced,r17byphk,cfe5vt7s,15.611624309526768,17.704793602547955
quality_matched,518,balanced,rxax5ozo,cfe5vt7s,15.139127308839646,17.758164858074835
quality_matched,518,balanced,f1vzngrs,hawkfj64,17.77833611393163,20.30269124112966
quality_matched,518,balanced,ffwubibz,hawkfj64,15.836061672467174,17.382115938354453
quality_matched,518,balanced,fzrt2k6r,hawkfj64,16.133114790444964,18.163997190618407
quality_matched,518,balanced,iv6g2oq0,hawkfj64,15.374773591265342,19.19167444031834
quality_matched,518,balanced,uhdslk0o,hawkfj64,16.285290047124114,18.72906318613237
quality_matched,518,balanced,3806gxp0,hawkfj64,16.42988522452237,19.720595733928988
quality_matched,518,balanced,avn74qx1,hawkfj64,16.745676702675986,19.11022327282045
quality_matched,518,balanced,b3esycq1,hawkfj64,16.035709272725953,19.233715132477634
quality_matched,518,balanced,epqdaau9,hawkfj64,16.104840421587575,20.41710066640932
quality_matched,518,balanced,i9jiqjwl,hawkfj64,15.782623641890034,18.995003719908414
quality_matched,518,balanced,r17byphk,hawkfj64,15.712601364570947,17.6131591880668
quality_matched,518,balanced,rxax5ozo,hawkfj64,15.143470416100918,17.375304772206217
quality_matched,518,balanced,f1vzngrs,mgxahqnk,17.72666111515776,20.467955999282406
quality_matched,518,balanced,ffwubibz,mgxahqnk,15.865584635361145,17.405559274217186
quality_matched,518,balanced,fzrt2k6r,mgxahqnk,15.997106895588024,18.20894358497145
quality_matched,518,balanced,iv6g2oq0,mgxahqnk,15.534474629819806,19.085093902112668
quality_matched,518,balanced,uhdslk0o,mgxahqnk,16.39599367857459,18.66379695334329
quality_matched,518,balanced,3806gxp0,mgxahqnk,16.569100191880246,19.750138595612245
quality_matched,518,balanced,avn74qx1,mgxahqnk,16.787691883033997,19.04324835021409
quality_matched,518,balanced,b3esycq1,mgxahqnk,15.980859914892864,18.829100029555384
quality_matched,518,balanced,epqdaau9,mgxahqnk,16.011375081769366,20.381604928454674
quality_matched,518,balanced,i9jiqjwl,mgxahqnk,15.801221221356231,18.814292411010193
quality_matched,518,balanced,r17byphk,mgxahqnk,15.49938732693218,17.55291895022475
quality_matched,518,balanced,rxax5ozo,mgxahqnk,15.106496358866423,17.74088178247787
quality_matched,518,balanced,f1vzngrs,pl8uabbv,17.750594186533064,20.456003869566807
quality_matched,518,balanced,ffwubibz,pl8uabbv,16.024344766774384,17.588988156150215
quality_matched,518,balanced,fzrt2k6r,pl8uabbv,16.39854736204537,18.18891881476942
quality_matched,518,balanced,iv6g2oq0,pl8uabbv,15.513898641874935,19.07831038101392
quality_matched,518,balanced,uhdslk0o,pl8uabbv,16.450967425936486,18.70783212080628
quality_matched,518,balanced,3806gxp0,pl8uabbv,16.492623966921926,20.020936193616883
quality_matched,518,balanced,avn74qx1,pl8uabbv,16.914138728264213,19.091837821796435
quality_matched,518,balanced,b3esycq1,pl8uabbv,16.067772110518508,18.87083344639336
quality_matched,518,balanced,epqdaau9,pl8uabbv,16.272569441780625,20.21594750072115
quality_matched,518,balanced,i9jiqjwl,pl8uabbv,15.853150027409075,18.888503706435902
quality_matched,518,balanced,r17byphk,pl8uabbv,15.725933767090815,17.500307709908178
quality_matched,518,balanced,rxax5ozo,pl8uabbv,15.193103307851363,17.798665478389495
quality_matched,518,balanced,f1vzngrs,ptg8lmto,17.554177836786444,20.880393188744446
quality_matched,518,balanced,ffwubibz,ptg8lmto,15.779602472053906,17.915256224328026
quality_matched,518,balanced,fzrt2k6r,ptg8lmto,16.21208597594611,18.210053549083582
quality_matched,518,balanced,iv6g2oq0,ptg8lmto,15.747992220607467,19.122441827133102
quality_matched,518,balanced,uhdslk0o,ptg8lmto,16.567312745367776,18.95605619268705
quality_matched,518,balanced,3806gxp0,ptg8lmto,16.536178223461224,20.036189300708934
quality_matched,518,balanced,avn74qx1,ptg8lmto,16.93799324652283,19.173508546691167
quality_matched,518,balanced,b3esycq1,ptg8lmto,16.390065152345365,18.908058840874247
quality_matched,518,balanced,epqdaau9,ptg8lmto,16.157709759444792,20.834846428293552
quality_matched,518,balanced,i9jiqjwl,ptg8lmto,15.66714523438802,19.227447587847074
quality_matched,518,balanced,r17byphk,ptg8lmto,15.552087628432998,17.3389231857638
quality_matched,518,balanced,rxax5ozo,ptg8lmto,15.209071342244474,17.889956204558334
quality_matched,518,balanced,f1vzngrs,utfgcjfa,17.844828883187702,20.335105566911544
quality_matched,518,balanced,ffwubibz,utfgcjfa,15.907385134889378,17.517590701439506
quality_matched,518,balanced,fzrt2k6r,utfgcjfa,16.206788974126646,18.49832595107848
quality_matched,518,balanced,iv6g2oq0,utfgcjfa,15.612090973708998,19.45361240252271
quality_matched,518,balanced,uhdslk0o,utfgcjfa,16.57981152715788,18.88496222833926
quality_matched,518,balanced,3806gxp0,utfgcjfa,16.48560939439752,19.60345701904269
quality_matched,518,balanced,avn74qx1,utfgcjfa,16.65151170153124,19.520567377829597
quality_matched,518,balanced,b3esycq1,utfgcjfa,16.237408277506574,18.890987099824745
quality_matched,518,balanced,epqdaau9,utfgcjfa,16.32700173151197,20.905612793648764
quality_matched,518,balanced,i9jiqjwl,utfgcjfa,15.9033405022736,19.300105953145493
quality_matched,518,balanced,r17byphk,utfgcjfa,15.600190954210913,17.600583379777675
quality_matched,518,balanced,rxax5ozo,utfgcjfa,15.146217023815876,17.702648643836906
quality_matched,518,balanced,f1vzngrs,vc2whyaq,17.63939790536311,20.25886540048259
quality_matched,518,balanced,ffwubibz,vc2whyaq,15.988439153086912,18.353235696990104
quality_matched,518,balanced,fzrt2k6r,vc2whyaq,16.113608896430907,18.333459396562834
quality_matched,518,balanced,iv6g2oq0,vc2whyaq,15.68900578306297,19.00696336913559
quality_matched,518,balanced,uhdslk0o,vc2whyaq,16.465457083044882,18.699292228205195
quality_matched,518,balanced,3806gxp0,vc2whyaq,16.586255521658018,20.096609019089907
quality_matched,518,balanced,avn74qx1,vc2whyaq,16.84998530099916,19.25152498363324
quality_matched,518,balanced,b3esycq1,vc2whyaq,16.31973070666553,18.943675756464064
quality_matched,518,balanced,epqdaau9,vc2whyaq,16.050002972376106,20.326243039448215
quality_matched,518,balanced,i9jiqjwl,vc2whyaq,15.858174081659055,18.615230092006517
quality_matched,518,balanced,r17byphk,vc2whyaq,15.713022490023569,17.721030022593034
quality_matched,518,balanced,rxax5ozo,vc2whyaq,15.260321629307299,17.831423717101362
quality_matched,518,balanced,f1vzngrs,x77cy643,17.468209600873756,20.39310703984392
quality_matched,518,balanced,ffwubibz,x77cy643,15.968952472502995,17.57736005790556
quality_matched,518,balanced,fzrt2k6r,x77cy643,16.183748510203692,18.258873787709668
quality_matched,518,balanced,iv6g2oq0,x77cy643,15.736923795774342,19.139184091351716
quality_matched,518,balanced,uhdslk0o,x77cy643,16.36616589257951,18.828129090481752
quality_matched,518,balanced,3806gxp0,x77cy643,16.408427480111484,20.003683497678594
quality_matched,518,balanced,avn74qx1,x77cy643,16.762291421277347,19.251307798452146
quality_matched,518,balanced,b3esycq1,x77cy643,16.16247560354055,18.930832428070424
quality_matched,518,balanced,epqdaau9,x77cy643,16.17920565712857,20.21141378125513
quality_matched,518,balanced,i9jiqjwl,x77cy643,15.999964797530101,18.952716567927215
quality_matched,518,balanced,r17byphk,x77cy643,15.684673695224173,17.3870129861834
quality_matched,518,balanced,rxax5ozo,x77cy643,15.20708856891082,17.744964163058306
quality_matched,518,balanced,f1vzngrs,xgj4xftb,17.759794714392314,20.40253262163189
quality_matched,518,balanced,ffwubibz,xgj4xftb,15.790453762791191,17.58982906823172
quality_matched,518,balanced,fzrt2k6r,xgj4xftb,16.0947912668193,18.21010095538631
quality_matched,518,balanced,iv6g2oq0,xgj4xftb,15.616545051455597,19.24594394295471
quality_matched,518,balanced,uhdslk0o,xgj4xftb,16.297591755548726,18.66787538546875
quality_matched,518,balanced,3806gxp0,xgj4xftb,16.34426924249969,19.94145165714076
quality_matched,518,balanced,avn74qx1,xgj4xftb,16.65217831093887,18.948504386071125
quality_matched,518,balanced,b3esycq1,xgj4xftb,16.01705715556267,18.849146677252527
quality_matched,518,balanced,epqdaau9,xgj4xftb,16.139264041424095,20.550578889919414
quality_matched,518,balanced,i9jiqjwl,xgj4xftb,15.847789235263747,18.66896551699157
quality_matched,518,balanced,r17byphk,xgj4xftb,15.557923410008831,17.380666909932096
quality_matched,518,balanced,rxax5ozo,xgj4xftb,15.130565498694441,17.626712088099094
quality_matched,518,unbalanced,f1vzngrs,9luzk4jm,16.867494726928932,19.89144124321357
quality_matched,518,unbalanced,ffwubibz,9luzk4jm,15.48443509592278,17.492014500171422
quality_matched,518,unbalanced,fzrt2k6r,9luzk4jm,15.806631012721937,17.730453939252023
quality_matched,518,unbalanced,iv6g2oq0,9luzk4jm,15.042896657260002,18.78231936114552
quality_matched,518,unbalanced,uhdslk0o,9luzk4jm,16.15445132016307,18.382167270061746
quality_matched,518,unbalanced,3806gxp0,9luzk4jm,16.165024348598212,19.236526304870935
quality_matched,518,unbalanced,avn74qx1,9luzk4jm,16.350871599888826,18.598040962066772
quality_matched,518,unbalanced,b3esycq1,9luzk4jm,16.057525439673753,19.170760184752456
quality_matched,518,unbalanced,epqdaau9,9luzk4jm,15.65511923247568,19.940356790591757
quality_matched,518,unbalanced,i9jiqjwl,9luzk4jm,15.428656047095163,18.146280605594704
quality_matched,518,unbalanced,r17byphk,9luzk4jm,15.359731217987267,17.37875446009661
quality_matched,518,unbalanced,rxax5ozo,9luzk4jm,14.81184207690644,17.362486740760414
quality_matched,518,unbalanced,f1vzngrs,cfe5vt7s,17.21146682352525,20.22246752339247
quality_matched,518,unbalanced,ffwubibz,cfe5vt7s,15.629956234539417,17.367960553166625
quality_matched,518,unbalanced,fzrt2k6r,cfe5vt7s,15.79298882161271,18.07023368675052
quality_matched,518,unbalanced,iv6g2oq0,cfe5vt7s,15.522848090537332,18.779146457189785
quality_matched,518,unbalanced,uhdslk0o,cfe5vt7s,15.950842931443628,18.76082643551815
quality_matched,518,unbalanced,3806gxp0,cfe5vt7s,16.354493158709026,19.11802831787875
quality_matched,518,unbalanced,avn74qx1,cfe5vt7s,16.3594287282069,18.7252040632091
quality_matched,518,unbalanced,b3esycq1,cfe5vt7s,16.213494125762992,18.903505787552405
quality_matched,518,unbalanced,epqdaau9,cfe5vt7s,15.817633499361097,19.932580999075928
quality_matched,518,unbalanced,i9jiqjwl,cfe5vt7s,15.49178558853626,18.18971306411999
quality_matched,518,unbalanced,r17byphk,cfe5vt7s,15.192910639751032,17.437666034199083
quality_matched,518,unbalanced,rxax5ozo,cfe5vt7s,14.819414888960004,17.25930966862861
quality_matched,518,unbalanced,f1vzngrs,hawkfj64,16.98713997699279,19.83227510392079
quality_matched,518,unbalanced,ffwubibz,hawkfj64,15.468376702257908,17.340398329911988
quality_matched,518,unbalanced,fzrt2k6r,hawkfj64,16.05369634276106,17.77826107133276
quality_matched,518,unbalanced,iv6g2oq0,hawkfj64,15.295728402096648,18.999587588735725
quality_matched,518,unbalanced,uhdslk0o,hawkfj64,15.90776981304307,18.38523302219179
quality_matched,518,unbalanced,3806gxp0,hawkfj64,16.14140791089465,19.23374519497689
quality_matched,518,unbalanced,avn74qx1,hawkfj64,16.37933439547789,18.840928787586893
quality_matched,518,unbalanced,b3esycq1,hawkfj64,16.200200447407617,18.889360544857347
quality_matched,518,unbalanced,epqdaau9,hawkfj64,15.835333778082267,19.712114903625746
quality_matched,518,unbalanced,i9jiqjwl,hawkfj64,15.340622280969761,18.015924283156995
quality_matched,518,unbalanced,r17byphk,hawkfj64,15.022967185095855,17.301004728808348
quality_matched,518,unbalanced,rxax5ozo,hawkfj64,14.887122050554085,17.030907821652395
quality_matched,518,unbalanced,f1vzngrs,mgxahqnk,16.992375076893346,19.96547320344891
quality_matched,518,unbalanced,ffwubibz,mgxahqnk,15.468456489837397,17.609556451136644
quality_matched,518,unbalanced,fzrt2k6r,mgxahqnk,15.955603347789502,17.737809701684558
quality_matched,518,unbalanced,iv6g2oq0,mgxahqnk,15.517435117356053,18.715598020446556
quality_matched,518,unbalanced,uhdslk0o,mgxahqnk,15.77316532539658,18.595068188078777
quality_matched,518,unbalanced,3806gxp0,mgxahqnk,16.107992602563833,19.301066683243366
quality_matched,518,unbalanced,avn74qx1,mgxahqnk,16.37361704882767,18.75535079398338
quality_matched,518,unbalanced,b3esycq1,mgxahqnk,16.024547823089875,19.013797786755607
quality_matched,518,unbalanced,epqdaau9,mgxahqnk,15.74622163389715,19.555578596371433
quality_matched,518,unbalanced,i9jiqjwl,mgxahqnk,15.380968628173308,17.964678158335243
quality_matched,518,unbalanced,r17byphk,mgxahqnk,14.953683986778362,17.229665973502755
quality_matched,518,unbalanced,rxax5ozo,mgxahqnk,14.975069965265332,17.232405411344132
quality_matched,518,unbalanced,f1vzngrs,pl8uabbv,17.25815292258804,19.922920542953293
quality_matched,518,unbalanced,ffwubibz,pl8uabbv,15.660206196380425,17.478459708615873
quality_matched,518,unbalanced,fzrt2k6r,pl8uabbv,16.066915754764473,17.84149011851258
quality_matched,518,unbalanced,iv6g2oq0,pl8uabbv,15.635818924465877,19.112850783850664
quality_matched,518,unbalanced,uhdslk0o,pl8uabbv,16.038927398301524,18.615401976415285
quality_matched,518,unbalanced,3806gxp0,pl8uabbv,16.2638313180433,19.222916928954458
quality_matched,518,unbalanced,avn74qx1,pl8uabbv,16.29924221673906,18.8322592076592
quality_matched,518,unbalanced,b3esycq1,pl8uabbv,16.215331436572267,18.87156842770765
quality_matched,518,unbalanced,epqdaau9,pl8uabbv,16.0554268121736,19.762401407855062
quality_matched,518,unbalanced,i9jiqjwl,pl8uabbv,15.861761938032199,18.341719329441283
quality_matched,518,unbalanced,r17byphk,pl8uabbv,14.963189489417221,17.280146986676485
quality_matched,518,unbalanced,rxax5ozo,pl8uabbv,14.926601077489725,17.171772599546095
quality_matched,518,unbalanced,f1vzngrs,ptg8lmto,16.910889830804216,19.614397311386124
quality_matched,518,unbalanced,ffwubibz,ptg8lmto,15.498771075493954,17.45354759344198
quality_matched,518,unbalanced,fzrt2k6r,ptg8lmto,15.975290900631766,17.72939812063223
quality_matched,518,unbalanced,iv6g2oq0,ptg8lmto,15.0169389134733,18.753816971645648
quality_matched,518,unbalanced,uhdslk0o,ptg8lmto,16.08405918524091,18.584937936450824
quality_matched,518,unbalanced,3806gxp0,ptg8lmto,16.178090324009766,19.23600228935388
quality_matched,518,unbalanced,avn74qx1,ptg8lmto,16.502020868687982,18.666748931001646
quality_matched,518,unbalanced,b3esycq1,ptg8lmto,16.07062247848753,18.788717307855684
quality_matched,518,unbalanced,epqdaau9,ptg8lmto,15.909401133975337,19.758356278751435
quality_matched,518,unbalanced,i9jiqjwl,ptg8lmto,15.528190556792392,18.053878975473335
quality_matched,518,unbalanced,r17byphk,ptg8lmto,15.029954190577175,17.048793986464858
quality_matched,518,unbalanced,rxax5ozo,ptg8lmto,14.935140579846031,17.19381696047336
quality_matched,518,unbalanced,f1vzngrs,utfgcjfa,16.93197790208295,20.205939208830564
quality_matched,518,unbalanced,ffwubibz,utfgcjfa,15.510152106834699,17.428264927355254
quality_matched,518,unbalanced,fzrt2k6r,utfgcjfa,15.966067288040477,18.155445213364253
quality_matched,518,unbalanced,iv6g2oq0,utfgcjfa,15.19731712209086,18.732839758782294
quality_matched,518,unbalanced,uhdslk0o,utfgcjfa,15.887277376899808,18.320619407048582
quality_matched,518,unbalanced,3806gxp0,utfgcjfa,16.28554247046824,19.26116577517149
quality_matched,518,unbalanced,avn74qx1,utfgcjfa,16.297617002588105,18.861744914772213
quality_matched,518,unbalanced,b3esycq1,utfgcjfa,16.23981414074003,18.932696031688245
quality_matched,518,unbalanced,epqdaau9,utfgcjfa,16.086135811325608,19.68322039482554
quality_matched,518,unbalanced,i9jiqjwl,utfgcjfa,15.573451617001151,18.36689044380104
quality_matched,518,unbalanced,r17byphk,utfgcjfa,15.126420982957317,17.096151383450064
quality_matched,518,unbalanced,rxax5ozo,utfgcjfa,15.051272813674897,17.047722756897723
quality_matched,518,unbalanced,f1vzngrs,vc2whyaq,16.904862844016044,19.89075801900289
quality_matched,518,unbalanced,ffwubibz,vc2whyaq,15.547378754087068,17.603399422646426
quality_matched,518,unbalanced,fzrt2k6r,vc2whyaq,15.940896100668953,17.868831298358685
quality_matched,518,unbalanced,iv6g2oq0,vc2whyaq,15.455593499426204,18.52282978745446
quality_matched,518,unbalanced,uhdslk0o,vc2whyaq,15.966531215038714,18.518078370512786
quality_matched,518,unbalanced,3806gxp0,vc2whyaq,16.237904567103843,19.243757821892654
quality_matched,518,unbalanced,avn74qx1,vc2whyaq,16.48351139378525,18.73042218477713
quality_matched,518,unbalanced,b3esycq1,vc2whyaq,16.179338526793863,18.876234170167212
quality_matched,518,unbalanced,epqdaau9,vc2whyaq,15.754938810482997,19.724552192872597
quality_matched,518,unbalanced,i9jiqjwl,vc2whyaq,15.626993479100921,18.048633056163347
quality_matched,518,unbalanced,r17byphk,vc2whyaq,15.022219194299671,17.30052891167553
quality_matched,518,unbalanced,rxax5ozo,vc2whyaq,15.152994159634346,17.578980112021704
quality_matched,518,unbalanced,f1vzngrs,x77cy643,17.084515190600456,19.983626500303004
quality_matched,518,unbalanced,ffwubibz,x77cy643,15.697212352196782,17.572867789746425
quality_matched,518,unbalanced,fzrt2k6r,x77cy643,15.892893570298718,17.9146152269472
quality_matched,518,unbalanced,iv6g2oq0,x77cy643,15.351938957316928,18.656872145659026
quality_matched,518,unbalanced,uhdslk0o,x77cy643,16.02048694327663,18.686718774369577
quality_matched,518,unbalanced,3806gxp0,x77cy643,16.332634128705976,19.26533774053245
quality_matched,518,unbalanced,avn74qx1,x77cy643,16.55711756760623,18.62620158035101
quality_matched,518,unbalanced,b3esycq1,x77cy643,16.11872710968912,19.088983072957788
quality_matched,518,unbalanced,epqdaau9,x77cy643,16.007085265939466,19.673179403954713
quality_matched,518,unbalanced,i9jiqjwl,x77cy643,15.598987307799163,18.342863723293842
quality_matched,518,unbalanced,r17byphk,x77cy643,15.254242746305215,17.309152239252896
quality_matched,518,unbalanced,rxax5ozo,x77cy643,15.0437528921643,17.371598719859506
quality_matched,518,unbalanced,f1vzngrs,xgj4xftb,17.061327937801934,19.714517206887145
quality_matched,518,unbalanced,ffwubibz,xgj4xftb,15.417508505486767,17.529186254883502
quality_matched,518,unbalanced,fzrt2k6r,xgj4xftb,15.775663175122837,17.961452427656045
quality_matched,518,unbalanced,iv6g2oq0,xgj4xftb,15.215991074206945,18.78877703661615
quality_matched,518,unbalanced,uhdslk0o,xgj4xftb,16.11747370020685,18.55176922886961
quality_matched,518,unbalanced,3806gxp0,xgj4xftb,16.131269156430015,19.0723424697758
quality_matched,518,unbalanced,avn74qx1,xgj4xftb,16.284059402892538,18.59747249963967
quality_matched,518,unbalanced,b3esycq1,xgj4xftb,16.123972341592413,18.9980990235033
quality_matched,518,unbalanced,epqdaau9,xgj4xftb,15.889558209573934,19.6073822741416
quality_matched,518,unbalanced,i9jiqjwl,xgj4xftb,15.514015135621973,18.04012087216409
quality_matched,518,unbalanced,r17byphk,xgj4xftb,15.112099600761425,17.121530463354866
quality_matched,518,unbalanced,rxax5ozo,xgj4xftb,14.973266978713394,17.043429969215243
quality_matched,224,balanced,f1vzngrs,9luzk4jm,17.787247494393302,19.709408457604418
quality_matched,224,balanced,ffwubibz,9luzk4jm,17.090325882052237,19.62153250914741
quality_matched,224,balanced,fzrt2k6r,9luzk4jm,17.353262100595416,19.640701650290424
quality_matched,224,balanced,iv6g2oq0,9luzk4jm,16.872945134216813,19.685044426153425
quality_matched,224,balanced,uhdslk0o,9luzk4jm,17.45907299112223,20.704291532841346
quality_matched,224,balanced,3806gxp0,9luzk4jm,16.767390841267762,19.78251188106746
quality_matched,224,balanced,avn74qx1,9luzk4jm,17.55729549994833,19.57410771453481
quality_matched,224,balanced,b3esycq1,9luzk4jm,17.8059817883467,20.086079630465864
quality_matched,224,balanced,epqdaau9,9luzk4jm,17.62219635170556,19.61895278961892
quality_matched,224,balanced,i9jiqjwl,9luzk4jm,17.702613820432703,20.168270285330106
quality_matched,224,balanced,r17byphk,9luzk4jm,16.953183365436217,19.261440941208452
quality_matched,224,balanced,rxax5ozo,9luzk4jm,17.086007672636125,18.611723360603165
quality_matched,224,balanced,f1vzngrs,cfe5vt7s,17.776216903545585,19.7253709472804
quality_matched,224,balanced,ffwubibz,cfe5vt7s,17.161649820792825,19.7485221556112
quality_matched,224,balanced,fzrt2k6r,cfe5vt7s,17.492419175596353,19.849542522597005
quality_matched,224,balanced,iv6g2oq0,cfe5vt7s,17.091474073754476,19.704111462641063
quality_matched,224,balanced,uhdslk0o,cfe5vt7s,17.312305843350437,20.773844278566003
quality_matched,224,balanced,3806gxp0,cfe5vt7s,16.99009399160647,19.057091683095443
quality_matched,224,balanced,avn74qx1,cfe5vt7s,17.838109663976915,19.68699828634033
quality_matched,224,balanced,b3esycq1,cfe5vt7s,17.481733932410748,20.142518961717165
quality_matched,224,balanced,epqdaau9,cfe5vt7s,17.602330839434686,19.72915874403448
quality_matched,224,balanced,i9jiqjwl,cfe5vt7s,17.76623186170457,20.163862958627973
quality_matched,224,balanced,r17byphk,cfe5vt7s,16.9614774910851,19.62754644382812
quality_matched,224,balanced,rxax5ozo,cfe5vt7s,17.122231600770014,18.607201115794428
quality_matched,224,balanced,f1vzngrs,hawkfj64,17.747687182183626,19.5142895032284
quality_matched,224,balanced,ffwubibz,hawkfj64,17.175482769112655,19.637040300929275
quality_matched,224,balanced,fzrt2k6r,hawkfj64,17.14279597898036,19.40528786697393
quality_matched,224,balanced,iv6g2oq0,hawkfj64,16.79053149024003,19.480201607355315
quality_matched,224,balanced,uhdslk0o,hawkfj64,17.478034667132523,20.568287215688436
quality_matched,224,balanced,3806gxp0,hawkfj64,16.74626083261807,19.26723873756973
quality_matched,224,balanced,avn74qx1,hawkfj64,17.42688222466237,19.627668172325105
quality_matched,224,balanced,b3esycq1,hawkfj64,17.551212157944114,19.794744536735408
quality_matched,224,balanced,epqdaau9,hawkfj64,17.61763283425752,19.544105580994366
quality_matched,224,balanced,i9jiqjwl,hawkfj64,17.694092033583928,20.49355142612383
quality_matched,224,balanced,r17byphk,hawkfj64,16.736375290524492,19.850221540828585
quality_matched,224,balanced,rxax5ozo,hawkfj64,17.122484019127974,18.645487453464973
quality_matched,224,balanced,f1vzngrs,mgxahqnk,17.751961872494302,19.65004481375043
quality_matched,224,balanced,ffwubibz,mgxahqnk,17.128100806814544,19.665796563141438
quality_matched,224,balanced,fzrt2k6r,mgxahqnk,17.199700152794932,19.699453696864673
quality_matched,224,balanced,iv6g2oq0,mgxahqnk,16.830160160846393,19.451980504052408
quality_matched,224,balanced,uhdslk0o,mgxahqnk,17.317102645816487,20.65416797803538
quality_matched,224,balanced,3806gxp0,mgxahqnk,16.756248787112785,19.45875266080819
quality_matched,224,balanced,avn74qx1,mgxahqnk,17.391667121481554,19.580606281249956
quality_matched,224,balanced,b3esycq1,mgxahqnk,17.62340887346648,20.73230309231389
quality_matched,224,balanced,epqdaau9,mgxahqnk,17.55337704704848,19.941842165932258
quality_matched,224,balanced,i9jiqjwl,mgxahqnk,17.64155962730304,20.31082715919119
quality_matched,224,balanced,r17byphk,mgxahqnk,16.804675106897403,19.408713579798604
quality_matched,224,balanced,rxax5ozo,mgxahqnk,16.994221547469092,18.58133194182256
quality_matched,224,balanced,f1vzngrs,pl8uabbv,18.22043109041975,19.811559694777568
quality_matched,224,balanced,ffwubibz,pl8uabbv,17.219889148399993,19.592344003797837
quality_matched,224,balanced,fzrt2k6r,pl8uabbv,17.190136919485887,19.535688859371692
quality_matched,224,balanced,iv6g2oq0,pl8uabbv,16.82243638521171,19.90910116173739
quality_matched,224,balanced,uhdslk0o,pl8uabbv,17.5258810000591,20.677985368612052
quality_matched,224,balanced,3806gxp0,pl8uabbv,17.01970856701487,19.137010862067527
quality_matched,224,balanced,avn74qx1,pl8uabbv,17.523207286329672,19.960608772029968
quality_matched,224,balanced,b3esycq1,pl8uabbv,17.744393727823535,20.526721990289357
quality_matched,224,balanced,epqdaau9,pl8uabbv,17.916926149262608,19.889931251567177
quality_matched,224,balanced,i9jiqjwl,pl8uabbv,17.98469662979629,20.696188162825596
quality_matched,224,balanced,r17byphk,pl8uabbv,16.859639917598727,19.371014517082326
quality_matched,224,balanced,rxax5ozo,pl8uabbv,17.113030125416298,18.684603346715818
quality_matched,224,balanced,f1vzngrs,ptg8lmto,18.05413718591984,19.83244597001085
quality_matched,224,balanced,ffwubibz,ptg8lmto,17.179543631620074,19.88033367263461
quality_matched,224,balanced,fzrt2k6r,ptg8lmto,17.339354203027284,19.55393572832859
quality_matched,224,balanced,iv6g2oq0,ptg8lmto,16.761443092668923,19.66658270889819
quality_matched,224,balanced,uhdslk0o,ptg8lmto,17.07041807579364,20.727758051624548
quality_matched,224,balanced,3806gxp0,ptg8lmto,16.923668208981507,19.20414410872891
quality_matched,224,balanced,avn74qx1,ptg8lmto,17.404554404873977,19.55097981307841
quality_matched,224,balanced,b3esycq1,ptg8lmto,17.690814021792328,20.185707581849492
quality_matched,224,balanced,epqdaau9,ptg8lmto,17.547693525565364,19.642558550271886
quality_matched,224,balanced,i9jiqjwl,ptg8lmto,17.59627689587873,20.26378738885758
quality_matched,224,balanced,r17byphk,ptg8lmto,16.73549899379075,19.50524933724357
quality_matched,224,balanced,rxax5ozo,ptg8lmto,17.051883944755087,18.841382826299693
quality_matched,224,balanced,f1vzngrs,utfgcjfa,18.005506350992924,19.600179277495744
quality_matched,224,balanced,ffwubibz,utfgcjfa,17.391354428607308,19.514529205362713
quality_matched,224,balanced,fzrt2k6r,utfgcjfa,17.38375864250041,19.514168872996706
quality_matched,224,balanced,iv6g2oq0,utfgcjfa,16.58897718975512,19.559275253491517
quality_matched,224,balanced,uhdslk0o,utfgcjfa,17.410094707745355,20.554986878783335
quality_matched,224,balanced,3806gxp0,utfgcjfa,16.892553935656792,19.098889558203496
quality_matched,224,balanced,avn74qx1,utfgcjfa,17.74706663088131,19.741032056847263
quality_matched,224,balanced,b3esycq1,utfgcjfa,17.533719941853093,20.278752878538924
quality_matched,224,balanced,epqdaau9,utfgcjfa,17.47616076934588,20.052836034374504
quality_matched,224,balanced,i9jiqjwl,utfgcjfa,17.522069561376764,20.387299276806417
quality_matched,224,balanced,r17byphk,utfgcjfa,16.85612132707606,19.37170776656616
quality_matched,224,balanced,rxax5ozo,utfgcjfa,17.106862495147006,18.89468783826858
quality_matched,224,balanced,f1vzngrs,vc2whyaq,17.898165873261753,19.75811619681152
quality_matched,224,balanced,ffwubibz,vc2whyaq,17.333369346436864,19.76725850829883
quality_matched,224,balanced,fzrt2k6r,vc2whyaq,17.41924527307944,19.57701348054807
quality_matched,224,balanced,iv6g2oq0,vc2whyaq,16.83609972466204,19.553647545268067
quality_matched,224,balanced,uhdslk0o,vc2whyaq,17.595654941340207,20.65865887320435
quality_matched,224,balanced,3806gxp0,vc2whyaq,17.04968402535634,19.486284034851135
quality_matched,224,balanced,avn74qx1,vc2whyaq,17.831553470994685,19.564861919204784
quality_matched,224,balanced,b3esycq1,vc2whyaq,17.58000437325571,20.594363821300547
quality_matched,224,balanced,epqdaau9,vc2whyaq,17.74404957767019,19.747451664434887
quality_matched,224,balanced,i9jiqjwl,vc2whyaq,17.975673343017718,20.59966848151879
quality_matched,224,balanced,r17byphk,vc2whyaq,16.939900572506446,19.285521055313776
quality_matched,224,balanced,rxax5ozo,vc2whyaq,17.372843444862827,18.742556302116228
quality_matched,224,balanced,f1vzngrs,x77cy643,18.103912859752864,20.061149157531666
quality_matched,224,balanced,ffwubibz,x77cy643,17.11256283324436,19.343766354404547
quality_matched,224,balanced,fzrt2k6r,x77cy643,17.30956669487896,19.73184998245968
quality_matched,224,balanced,iv6g2oq0,x77cy643,16.674150264846837,19.555318438063072
quality_matched,224,balanced,uhdslk0o,x77cy643,17.32755567799676,20.668239608590945
quality_matched,224,balanced,3806gxp0,x77cy643,16.81442270323818,19.80871691535209
quality_matched,224,balanced,avn74qx1,x77cy643,17.618480818281203,19.785684034273704
quality_matched,224,balanced,b3esycq1,x77cy643,17.51291939140298,20.02297613007804
quality_matched,224,balanced,epqdaau9,x77cy643,17.525364474623572,19.698762317774694
quality_matched,224,balanced,i9jiqjwl,x77cy643,17.787170036195793,20.0904267719285
quality_matched,224,balanced,r17byphk,x77cy643,16.876301505451146,19.41980519605519
quality_matched,224,balanced,rxax5ozo,x77cy643,17.115348474384064,18.68910222241987
quality_matched,224,balanced,f1vzngrs,xgj4xftb,17.7731179368554,19.80131306842947
quality_matched,224,balanced,ffwubibz,xgj4xftb,17.159560964239645,19.643293214389388
quality_matched,224,balanced,fzrt2k6r,xgj4xftb,17.46729857557644,19.747733340990905
quality_matched,224,balanced,iv6g2oq0,xgj4xftb,16.68984915443145,19.345349769608948
quality_matched,224,balanced,uhdslk0o,xgj4xftb,17.55228421193383,20.893733202739575
quality_matched,224,balanced,3806gxp0,xgj4xftb,16.909828424239393,19.337439605447244
quality_matched,224,balanced,avn74qx1,xgj4xftb,17.507294227996326,19.537176107666017
quality_matched,224,balanced,b3esycq1,xgj4xftb,17.901672858508988,19.941144251734233
quality_matched,224,balanced,epqdaau9,xgj4xftb,17.491854430999133,19.84569762734258
quality_matched,224,balanced,i9jiqjwl,xgj4xftb,17.809387722603567,20.63213586887712
quality_matched,224,balanced,r17byphk,xgj4xftb,16.942812401284318,19.442366497358016
quality_matched,224,balanced,rxax5ozo,xgj4xftb,17.00481254201339,19.04855000667176
quality_matched,224,unbalanced,f1vzngrs,9luzk4jm,17.646265045531557,19.893018160128452
quality_matched,224,unbalanced,ffwubibz,9luzk4jm,16.926484195052204,19.143031028052995
quality_matched,224,unbalanced,fzrt2k6r,9luzk4jm,17.03085173342376,19.37406425526289
quality_matched,224,unbalanced,iv6g2oq0,9luzk4jm,16.423076575533166,19.479294620732446
quality_matched,224,unbalanced,uhdslk0o,9luzk4jm,17.052406856590483,20.29748157400243
quality_matched,224,unbalanced,3806gxp0,9luzk4jm,16.529552329625062,19.381853124931222
quality_matched,224,unbalanced,avn74qx1,9luzk4jm,17.042151374859372,19.592412295366454
quality_matched,224,unbalanced,b3esycq1,9luzk4jm,17.278976120815607,20.07355550161153
quality_matched,224,unbalanced,epqdaau9,9luzk4jm,17.175901782866987,19.508890789987756
quality_matched,224,unbalanced,i9jiqjwl,9luzk4jm,16.99823236880726,20.096774767758927
quality_matched,224,unbalanced,r17byphk,9luzk4jm,16.61070672167304,19.16163317589209
quality_matched,224,unbalanced,rxax5ozo,9luzk4jm,16.577061196775585,18.884332881744854
quality_matched,224,unbalanced,f1vzngrs,cfe5vt7s,17.494597750479222,19.750802709633344
quality_matched,224,unbalanced,ffwubibz,cfe5vt7s,16.97230238913901,19.40854667416243
quality_matched,224,unbalanced,fzrt2k6r,cfe5vt7s,17.144331344707233,19.9578935610088
quality_matched,224,unbalanced,iv6g2oq0,cfe5vt7s,16.59249243409235,19.42548496218094
quality_matched,224,unbalanced,uhdslk0o,cfe5vt7s,17.23505698838302,20.508809488557578
quality_matched,224,unbalanced,3806gxp0,cfe5vt7s,16.690359472243216,19.052929884107392
quality_matched,224,unbalanced,avn74qx1,cfe5vt7s,17.17333209203538,19.436679023057515
quality_matched,224,unbalanced,b3esycq1,cfe5vt7s,17.218935965139348,19.852807251221478
quality_matched,224,unbalanced,epqdaau9,cfe5vt7s,17.081406711347732,19.61388647646947
quality_matched,224,unbalanced,i9jiqjwl,cfe5vt7s,17.353356249618237,19.86638042254772
quality_matched,224,unbalanced,r17byphk,cfe5vt7s,16.697971195553166,19.335334569370136
quality_matched,224,unbalanced,rxax5ozo,cfe5vt7s,16.696304461194387,18.494367162663778
quality_matched,224,unbalanced,f1vzngrs,hawkfj64,17.596939980738505,19.611910311025866
quality_matched,224,unbalanced,ffwubibz,hawkfj64,16.806064633789557,19.02232405432213
quality_matched,224,unbalanced,fzrt2k6r,hawkfj64,16.85232505203517,19.34224846760197
quality_matched,224,unbalanced,iv6g2oq0,hawkfj64,16.73154084930541,19.291286301694175
quality_matched,224,unbalanced,uhdslk0o,hawkfj64,17.0028860060493,20.513142220475984
quality_matched,224,unbalanced,3806gxp0,hawkfj64,16.54190827115267,19.055750711303517
quality_matched,224,unbalanced,avn74qx1,hawkfj64,17.058100177153825,19.395746002088917
quality_matched,224,unbalanced,b3esycq1,hawkfj64,17.011050534801498,19.96537327673308
quality_matched,224,unbalanced,epqdaau9,hawkfj64,17.09809752499452,19.508955526600086
quality_matched,224,unbalanced,i9jiqjwl,hawkfj64,17.20127866530212,19.916748352465802
quality_matched,224,unbalanced,r17byphk,hawkfj64,16.419026994425934,19.533611797048273
quality_matched,224,unbalanced,rxax5ozo,hawkfj64,16.46853877971104,18.655640130047445
quality_matched,224,unbalanced,f1vzngrs,mgxahqnk,17.512402841692555,19.64648765437776
quality_matched,224,unbalanced,ffwubibz,mgxahqnk,16.93279679467888,18.876795092219957
quality_matched,224,unbalanced,fzrt2k6r,mgxahqnk,16.9844670650344,19.363673299030047
quality_matched,224,unbalanced,iv6g2oq0,mgxahqnk,16.508329193643,19.292985590020493
quality_matched,224,unbalanced,uhdslk0o,mgxahqnk,16.986092159324578,20.430368704765744
quality_matched,224,unbalanced,3806gxp0,mgxahqnk,16.45851400060953,19.24333294182748
quality_matched,224,unbalanced,avn74qx1,mgxahqnk,17.21707910298109,19.415344139889655
quality_matched,224,unbalanced,b3esycq1,mgxahqnk,17.08852945772736,20.072893748819883
quality_matched,224,unbalanced,epqdaau9,mgxahqnk,17.100649377907626,19.65053108254563
quality_matched,224,unbalanced,i9jiqjwl,mgxahqnk,17.17437652435082,20.032362063404925
quality_matched,224,unbalanced,r17byphk,mgxahqnk,16.507742149858924,19.28516066808585
quality_matched,224,unbalanced,rxax5ozo,mgxahqnk,16.60531290397507,18.37380467550298
quality_matched,224,unbalanced,f1vzngrs,pl8uabbv,17.891490539366874,19.802076502474574
quality_matched,224,unbalanced,ffwubibz,pl8uabbv,16.945064771646376,19.25294267141216
quality_matched,224,unbalanced,fzrt2k6r,pl8uabbv,17.04801303115432,19.392768504078965
quality_matched,224,unbalanced,iv6g2oq0,pl8uabbv,16.893049435907066,19.59777423446916
quality_matched,224,unbalanced,uhdslk0o,pl8uabbv,17.158204456817767,20.403048567104925
quality_matched,224,unbalanced,3806gxp0,pl8uabbv,16.68108234756285,19.214468940092832
quality_matched,224,unbalanced,avn74qx1,pl8uabbv,17.403980257231087,19.803664150470034
quality_matched,224,unbalanced,b3esycq1,pl8uabbv,17.21307332868809,20.309676683503348
quality_matched,224,unbalanced,epqdaau9,pl8uabbv,17.317659772499074,19.67176839569449
quality_matched,224,unbalanced,i9jiqjwl,pl8uabbv,17.310003330784163,20.46705111544751
quality_matched,224,unbalanced,r17byphk,pl8uabbv,16.488644512814854,19.168689589774296
quality_matched,224,unbalanced,rxax5ozo,pl8uabbv,16.794111218242577,18.3509077743468
quality_matched,224,unbalanced,f1vzngrs,ptg8lmto,17.67844729301338,19.637320397578982
quality_matched,224,unbalanced,ffwubibz,ptg8lmto,16.95164843390642,19.111744361330736
quality_matched,224,unbalanced,fzrt2k6r,ptg8lmto,16.976856247327312,19.714315126159367
quality_matched,224,unbalanced,iv6g2oq0,ptg8lmto,16.483196528615903,19.531193899324634
quality_matched,224,unbalanced,uhdslk0o,ptg8lmto,17.103337200163466,20.613298813691944
quality_matched,224,unbalanced,3806gxp0,ptg8lmto,16.467103763381374,19.258719355727667
quality_matched,224,unbalanced,avn74qx1,ptg8lmto,17.022256516938793,19.39753273576582
quality_matched,224,unbalanced,b3esycq1,ptg8lmto,17.009204411801004,19.896629225445924
quality_matched,224,unbalanced,epqdaau9,ptg8lmto,17.019058940968716,20.012592661070297
quality_matched,224,unbalanced,i9jiqjwl,ptg8lmto,17.06458210165354,20.19882260126371
quality_matched,224,unbalanced,r17byphk,ptg8lmto,16.565183109478838,19.321539707129382
quality_matched,224,unbalanced,rxax5ozo,ptg8lmto,16.658730451907633,18.85175159751031
quality_matched,224,unbalanced,f1vzngrs,utfgcjfa,17.778329607438604,19.71171952940582
quality_matched,224,unbalanced,ffwubibz,utfgcjfa,16.87780159645653,18.974130882102674
quality_matched,224,unbalanced,fzrt2k6r,utfgcjfa,17.184739417503497,19.32095619500908
quality_matched,224,unbalanced,iv6g2oq0,utfgcjfa,16.611436148470617,19.426617267823065
quality_matched,224,unbalanced,uhdslk0o,utfgcjfa,17.156984327664723,20.450568563284826
quality_matched,224,unbalanced,3806gxp0,utfgcjfa,16.72692651406495,19.003591976853404
quality_matched,224,unbalanced,avn74qx1,utfgcjfa,17.1444421836375,19.351051749319915
quality_matched,224,unbalanced,b3esycq1,utfgcjfa,17.136868195170308,20.020192915616647
quality_matched,224,unbalanced,epqdaau9,utfgcjfa,17.11776691322846,20.0384310548194
quality_matched,224,unbalanced,i9jiqjwl,utfgcjfa,17.15555523093214,20.462101947748632
quality_matched,224,unbalanced,r17byphk,utfgcjfa,16.59139593128755,19.316018814314397
quality_matched,224,unbalanced,rxax5ozo,utfgcjfa,16.74537767408144,18.185305815908322
quality_matched,224,unbalanced,f1vzngrs,vc2whyaq,17.471322299105758,19.78023003660097
quality_matched,224,unbalanced,ffwubibz,vc2whyaq,17.081886659816362,19.34465590477157
quality_matched,224,unbalanced,fzrt2k6r,vc2whyaq,17.178200375734487,19.538910814749126
quality_matched,224,unbalanced,iv6g2oq0,vc2whyaq,16.672688638841844,19.277300917671997
quality_matched,224,unbalanced,uhdslk0o,vc2whyaq,17.426088886923402,20.437749618442844
quality_matched,224,unbalanced,3806gxp0,vc2whyaq,16.770758337704827,19.539070266120454
quality_matched,224,unbalanced,avn74qx1,vc2whyaq,17.604550329166273,19.52394702966003
quality_matched,224,unbalanced,b3esycq1,vc2whyaq,17.226300090064846,20.097925764661394
quality_matched,224,unbalanced,epqdaau9,vc2whyaq,17.33649887188409,19.883851186366982
quality_matched,224,unbalanced,i9jiqjwl,vc2whyaq,17.431117483385634,20.377772625344203
quality_matched,224,unbalanced,r17byphk,vc2whyaq,16.569137016346954,19.023798663076192
quality_matched,224,unbalanced,rxax5ozo,vc2whyaq,16.93541068715337,18.518725155668875
quality_matched,224,unbalanced,f1vzngrs,x77cy643,17.718622294863984,19.779809264945463
quality_matched,224,unbalanced,ffwubibz,x77cy643,16.990350029050852,19.03563911039301
quality_matched,224,unbalanced,fzrt2k6r,x77cy643,17.09111129568914,19.632427924274555
quality_matched,224,unbalanced,iv6g2oq0,x77cy643,16.550785096114716,19.161237255102936
quality_matched,224,unbalanced,uhdslk0o,x77cy643,17.073688190679768,20.413477059512235
quality_matched,224,unbalanced,3806gxp0,x77cy643,16.608506846294866,19.729813820046896
quality_matched,224,unbalanced,avn74qx1,x77cy643,17.18675535634977,19.40046036602007
quality_matched,224,unbalanced,b3esycq1,x77cy643,17.143951077039972,19.71711119718853
quality_matched,224,unbalanced,epqdaau9,x77cy643,17.15923398638899,19.61860186558367
quality_matched,224,unbalanced,i9jiqjwl,x77cy643,17.47137973036857,19.912120928201894
quality_matched,224,unbalanced,r17byphk,x77cy643,16.626741249244937,19.111221314281856
quality_matched,224,unbalanced,rxax5ozo,x77cy643,16.695159527447714,18.48941825718311
quality_matched,224,unbalanced,f1vzngrs,xgj4xftb,17.791951405067948,19.518991171669885
quality_matched,224,unbalanced,ffwubibz,xgj4xftb,16.80483464019448,19.052406399626282
quality_matched,224,unbalanced,fzrt2k6r,xgj4xftb,17.03614646428594,19.71783629102895
quality_matched,224,unbalanced,iv6g2oq0,xgj4xftb,16.690119196393855,19.08811628004716
quality_matched,224,unbalanced,uhdslk0o,xgj4xftb,16.977986104041626,20.779899797430094
quality_matched,224,unbalanced,3806gxp0,xgj4xftb,16.53398943409954,19.39801161622712
quality_matched,224,unbalanced,avn74qx1,xgj4xftb,17.094060423103848,19.455535620359505
quality_matched,224,unbalanced,b3esycq1,xgj4xftb,17.07356537983969,19.79981433349969
quality_matched,224,unbalanced,epqdaau9,xgj4xftb,16.870844528576843,19.981663890148408
quality_matched,224,unbalanced,i9jiqjwl,xgj4xftb,17.027200424881528,20.26559021184341
quality_matched,224,unbalanced,r17byphk,xgj4xftb,16.575162444401684,19.401071742814896
quality_matched,224,unbalanced,rxax5ozo,xgj4xftb,16.517488841949355,18.46406912094562
ordinary_reference,518,balanced,4ih2ggld,9luzk4jm,17.092580562410618,21.14695192695232
ordinary_reference,518,balanced,5n1q8atc,9luzk4jm,17.626372964886315,21.270096026757795
ordinary_reference,518,balanced,f1vzngrs,9luzk4jm,17.585356418279005,20.32364665411985
ordinary_reference,518,balanced,ffwubibz,9luzk4jm,15.887914098009809,17.685598078170866
ordinary_reference,518,balanced,fzrt2k6r,9luzk4jm,16.0536295375176,18.16020638593783
ordinary_reference,518,balanced,iv6g2oq0,9luzk4jm,15.691664356839135,19.027195928951617
ordinary_reference,518,balanced,uhdslk0o,9luzk4jm,16.181355880053633,18.697162803128208
ordinary_reference,518,balanced,3806gxp0,9luzk4jm,16.331125162915626,19.705112521992657
ordinary_reference,518,balanced,avn74qx1,9luzk4jm,16.72017422480249,19.099393797876488
ordinary_reference,518,balanced,b3esycq1,9luzk4jm,15.855257825598862,18.968798648159133
ordinary_reference,518,balanced,epqdaau9,9luzk4jm,15.935904664914538,20.210795399576984
ordinary_reference,518,balanced,i9jiqjwl,9luzk4jm,15.708114707056922,18.659151555948124
ordinary_reference,518,balanced,r17byphk,9luzk4jm,15.542131673894634,17.47699268831623
ordinary_reference,518,balanced,rxax5ozo,9luzk4jm,14.943361554075553,17.596773175542562
ordinary_reference,518,balanced,4ih2ggld,cfe5vt7s,17.251910043988623,21.09307958708902
ordinary_reference,518,balanced,5n1q8atc,cfe5vt7s,18.20057598173441,21.57064128387146
ordinary_reference,518,balanced,f1vzngrs,cfe5vt7s,18.114960246053798,20.55964888636394
ordinary_reference,518,balanced,ffwubibz,cfe5vt7s,15.94934246542907,17.47191702845348
ordinary_reference,518,balanced,fzrt2k6r,cfe5vt7s,16.09589685345458,18.32919450350154
ordinary_reference,518,balanced,iv6g2oq0,cfe5vt7s,15.99703626121256,19.712708501082556
ordinary_reference,518,balanced,uhdslk0o,cfe5vt7s,16.34830576720034,19.2750238906831
ordinary_reference,518,balanced,3806gxp0,cfe5vt7s,16.633328857384654,19.57472384205987
ordinary_reference,518,balanced,avn74qx1,cfe5vt7s,16.742097557720545,19.080654240836935
ordinary_reference,518,balanced,b3esycq1,cfe5vt7s,16.12192133653087,18.965657187073113
ordinary_reference,518,balanced,epqdaau9,cfe5vt7s,16.11896972722777,20.316833778153807
ordinary_reference,518,balanced,i9jiqjwl,cfe5vt7s,15.694022202954741,19.06718053789674
ordinary_reference,518,balanced,r17byphk,cfe5vt7s,15.611624309526768,17.704793602547955
ordinary_reference,518,balanced,rxax5ozo,cfe5vt7s,15.139127308839646,17.758164858074835
ordinary_reference,518,balanced,4ih2ggld,hawkfj64,17.390519281183728,21.034188393517507
ordinary_reference,518,balanced,5n1q8atc,hawkfj64,17.661360121621954,21.524057733374914
ordinary_reference,518,balanced,f1vzngrs,hawkfj64,17.77833611393163,20.30269124112966
ordinary_reference,518,balanced,ffwubibz,hawkfj64,15.836061672467174,17.382115938354453
ordinary_reference,518,balanced,fzrt2k6r,hawkfj64,16.133114790444964,18.163997190618407
ordinary_reference,518,balanced,iv6g2oq0,hawkfj64,15.374773591265342,19.19167444031834
ordinary_reference,518,balanced,uhdslk0o,hawkfj64,16.285290047124114,18.72906318613237
ordinary_reference,518,balanced,3806gxp0,hawkfj64,16.42988522452237,19.720595733928988
ordinary_reference,518,balanced,avn74qx1,hawkfj64,16.745676702675986,19.11022327282045
ordinary_reference,518,balanced,b3esycq1,hawkfj64,16.035709272725953,19.233715132477634
ordinary_reference,518,balanced,epqdaau9,hawkfj64,16.104840421587575,20.41710066640932
ordinary_reference,518,balanced,i9jiqjwl,hawkfj64,15.782623641890034,18.995003719908414
ordinary_reference,518,balanced,r17byphk,hawkfj64,15.712601364570947,17.6131591880668
ordinary_reference,518,balanced,rxax5ozo,hawkfj64,15.143470416100918,17.375304772206217
ordinary_reference,518,balanced,4ih2ggld,mgxahqnk,17.453228881137306,21.192761865520556
ordinary_reference,518,balanced,5n1q8atc,mgxahqnk,17.90058387782493,21.47977739461507
ordinary_reference,518,balanced,f1vzngrs,mgxahqnk,17.72666111515776,20.467955999282406
ordinary_reference,518,balanced,ffwubibz,mgxahqnk,15.865584635361145,17.405559274217186
ordinary_reference,518,balanced,fzrt2k6r,mgxahqnk,15.997106895588024,18.20894358497145
ordinary_reference,518,balanced,iv6g2oq0,mgxahqnk,15.534474629819806,19.085093902112668
ordinary_reference,518,balanced,uhdslk0o,mgxahqnk,16.39599367857459,18.66379695334329
ordinary_reference,518,balanced,3806gxp0,mgxahqnk,16.569100191880246,19.750138595612245
ordinary_reference,518,balanced,avn74qx1,mgxahqnk,16.787691883033997,19.04324835021409
ordinary_reference,518,balanced,b3esycq1,mgxahqnk,15.980859914892864,18.829100029555384
ordinary_reference,518,balanced,epqdaau9,mgxahqnk,16.011375081769366,20.381604928454674
ordinary_reference,518,balanced,i9jiqjwl,mgxahqnk,15.801221221356231,18.814292411010193
ordinary_reference,518,balanced,r17byphk,mgxahqnk,15.49938732693218,17.55291895022475
ordinary_reference,518,balanced,rxax5ozo,mgxahqnk,15.106496358866423,17.74088178247787
ordinary_reference,518,balanced,4ih2ggld,pl8uabbv,17.407112363674635,20.99798681732987
ordinary_reference,518,balanced,5n1q8atc,pl8uabbv,18.038363920398183,21.88619986342601
ordinary_reference,518,balanced,f1vzngrs,pl8uabbv,17.750594186533064,20.456003869566807
ordinary_reference,518,balanced,ffwubibz,pl8uabbv,16.024344766774384,17.588988156150215
ordinary_reference,518,balanced,fzrt2k6r,pl8uabbv,16.39854736204537,18.18891881476942
ordinary_reference,518,balanced,iv6g2oq0,pl8uabbv,15.513898641874935,19.07831038101392
ordinary_reference,518,balanced,uhdslk0o,pl8uabbv,16.450967425936486,18.70783212080628
ordinary_reference,518,balanced,3806gxp0,pl8uabbv,16.492623966921926,20.020936193616883
ordinary_reference,518,balanced,avn74qx1,pl8uabbv,16.914138728264213,19.091837821796435
ordinary_reference,518,balanced,b3esycq1,pl8uabbv,16.067772110518508,18.87083344639336
ordinary_reference,518,balanced,epqdaau9,pl8uabbv,16.272569441780625,20.21594750072115
ordinary_reference,518,balanced,i9jiqjwl,pl8uabbv,15.853150027409075,18.888503706435902
ordinary_reference,518,balanced,r17byphk,pl8uabbv,15.725933767090815,17.500307709908178
ordinary_reference,518,balanced,rxax5ozo,pl8uabbv,15.193103307851363,17.798665478389495
ordinary_reference,518,balanced,4ih2ggld,ptg8lmto,17.388473192011364,20.977392457080786
ordinary_reference,518,balanced,5n1q8atc,ptg8lmto,17.936334711567582,21.31613289005122
ordinary_reference,518,balanced,f1vzngrs,ptg8lmto,17.554177836786444,20.880393188744446
ordinary_reference,518,balanced,ffwubibz,ptg8lmto,15.779602472053906,17.915256224328026
ordinary_reference,518,balanced,fzrt2k6r,ptg8lmto,16.21208597594611,18.210053549083582
ordinary_reference,518,balanced,iv6g2oq0,ptg8lmto,15.747992220607467,19.122441827133102
ordinary_reference,518,balanced,uhdslk0o,ptg8lmto,16.567312745367776,18.95605619268705
ordinary_reference,518,balanced,3806gxp0,ptg8lmto,16.536178223461224,20.036189300708934
ordinary_reference,518,balanced,avn74qx1,ptg8lmto,16.93799324652283,19.173508546691167
ordinary_reference,518,balanced,b3esycq1,ptg8lmto,16.390065152345365,18.908058840874247
ordinary_reference,518,balanced,epqdaau9,ptg8lmto,16.157709759444792,20.834846428293552
ordinary_reference,518,balanced,i9jiqjwl,ptg8lmto,15.66714523438802,19.227447587847074
ordinary_reference,518,balanced,r17byphk,ptg8lmto,15.552087628432998,17.3389231857638
ordinary_reference,518,balanced,rxax5ozo,ptg8lmto,15.209071342244474,17.889956204558334
ordinary_reference,518,balanced,4ih2ggld,utfgcjfa,17.348496323858253,21.365577441711864
ordinary_reference,518,balanced,5n1q8atc,utfgcjfa,18.18766873959899,21.792579568541797
ordinary_reference,518,balanced,f1vzngrs,utfgcjfa,17.844828883187702,20.335105566911544
ordinary_reference,518,balanced,ffwubibz,utfgcjfa,15.907385134889378,17.517590701439506
ordinary_reference,518,balanced,fzrt2k6r,utfgcjfa,16.206788974126646,18.49832595107848
ordinary_reference,518,balanced,iv6g2oq0,utfgcjfa,15.612090973708998,19.45361240252271
ordinary_reference,518,balanced,uhdslk0o,utfgcjfa,16.57981152715788,18.88496222833926
ordinary_reference,518,balanced,3806gxp0,utfgcjfa,16.48560939439752,19.60345701904269
ordinary_reference,518,balanced,avn74qx1,utfgcjfa,16.65151170153124,19.520567377829597
ordinary_reference,518,balanced,b3esycq1,utfgcjfa,16.237408277506574,18.890987099824745
ordinary_reference,518,balanced,epqdaau9,utfgcjfa,16.32700173151197,20.905612793648764
ordinary_reference,518,balanced,i9jiqjwl,utfgcjfa,15.9033405022736,19.300105953145493
ordinary_reference,518,balanced,r17byphk,utfgcjfa,15.600190954210913,17.600583379777675
ordinary_reference,518,balanced,rxax5ozo,utfgcjfa,15.146217023815876,17.702648643836906
ordinary_reference,518,balanced,4ih2ggld,vc2whyaq,17.961162239111935,20.85953004396247
ordinary_reference,518,balanced,5n1q8atc,vc2whyaq,17.956624943020103,22.084879543343767
ordinary_reference,518,balanced,f1vzngrs,vc2whyaq,17.63939790536311,20.25886540048259
ordinary_reference,518,balanced,ffwubibz,vc2whyaq,15.988439153086912,18.353235696990104
ordinary_reference,518,balanced,fzrt2k6r,vc2whyaq,16.113608896430907,18.333459396562834
ordinary_reference,518,balanced,iv6g2oq0,vc2whyaq,15.68900578306297,19.00696336913559
ordinary_reference,518,balanced,uhdslk0o,vc2whyaq,16.465457083044882,18.699292228205195
ordinary_reference,518,balanced,3806gxp0,vc2whyaq,16.586255521658018,20.096609019089907
ordinary_reference,518,balanced,avn74qx1,vc2whyaq,16.84998530099916,19.25152498363324
ordinary_reference,518,balanced,b3esycq1,vc2whyaq,16.31973070666553,18.943675756464064
ordinary_reference,518,balanced,epqdaau9,vc2whyaq,16.050002972376106,20.326243039448215
ordinary_reference,518,balanced,i9jiqjwl,vc2whyaq,15.858174081659055,18.615230092006517
ordinary_reference,518,balanced,r17byphk,vc2whyaq,15.713022490023569,17.721030022593034
ordinary_reference,518,balanced,rxax5ozo,vc2whyaq,15.260321629307299,17.831423717101362
ordinary_reference,518,balanced,4ih2ggld,x77cy643,17.546214950030773,21.09111003170651
ordinary_reference,518,balanced,5n1q8atc,x77cy643,17.911523508567676,21.10891561401989
ordinary_reference,518,balanced,f1vzngrs,x77cy643,17.468209600873756,20.39310703984392
ordinary_reference,518,balanced,ffwubibz,x77cy643,15.968952472502995,17.57736005790556
ordinary_reference,518,balanced,fzrt2k6r,x77cy643,16.183748510203692,18.258873787709668
ordinary_reference,518,balanced,iv6g2oq0,x77cy643,15.736923795774342,19.139184091351716
ordinary_reference,518,balanced,uhdslk0o,x77cy643,16.36616589257951,18.828129090481752
ordinary_reference,518,balanced,3806gxp0,x77cy643,16.408427480111484,20.003683497678594
ordinary_reference,518,balanced,avn74qx1,x77cy643,16.762291421277347,19.251307798452146
ordinary_reference,518,balanced,b3esycq1,x77cy643,16.16247560354055,18.930832428070424
ordinary_reference,518,balanced,epqdaau9,x77cy643,16.17920565712857,20.21141378125513
ordinary_reference,518,balanced,i9jiqjwl,x77cy643,15.999964797530101,18.952716567927215
ordinary_reference,518,balanced,r17byphk,x77cy643,15.684673695224173,17.3870129861834
ordinary_reference,518,balanced,rxax5ozo,x77cy643,15.20708856891082,17.744964163058306
ordinary_reference,518,balanced,4ih2ggld,xgj4xftb,17.232825903286844,21.463533854252454
ordinary_reference,518,balanced,5n1q8atc,xgj4xftb,18.010377243207287,21.99945553849694
ordinary_reference,518,balanced,f1vzngrs,xgj4xftb,17.759794714392314,20.40253262163189
ordinary_reference,518,balanced,ffwubibz,xgj4xftb,15.790453762791191,17.58982906823172
ordinary_reference,518,balanced,fzrt2k6r,xgj4xftb,16.0947912668193,18.21010095538631
ordinary_reference,518,balanced,iv6g2oq0,xgj4xftb,15.616545051455597,19.24594394295471
ordinary_reference,518,balanced,uhdslk0o,xgj4xftb,16.297591755548726,18.66787538546875
ordinary_reference,518,balanced,3806gxp0,xgj4xftb,16.34426924249969,19.94145165714076
ordinary_reference,518,balanced,avn74qx1,xgj4xftb,16.65217831093887,18.948504386071125
ordinary_reference,518,balanced,b3esycq1,xgj4xftb,16.01705715556267,18.849146677252527
ordinary_reference,518,balanced,epqdaau9,xgj4xftb,16.139264041424095,20.550578889919414
ordinary_reference,518,balanced,i9jiqjwl,xgj4xftb,15.847789235263747,18.66896551699157
ordinary_reference,518,balanced,r17byphk,xgj4xftb,15.557923410008831,17.380666909932096
ordinary_reference,518,balanced,rxax5ozo,xgj4xftb,15.130565498694441,17.626712088099094
ordinary_reference,518,unbalanced,4ih2ggld,9luzk4jm,17.193538607295004,20.509580734728406
ordinary_reference,518,unbalanced,5n1q8atc,9luzk4jm,17.405782782095017,20.923038963952187
ordinary_reference,518,unbalanced,f1vzngrs,9luzk4jm,16.867494726928932,19.89144124321357
ordinary_reference,518,unbalanced,ffwubibz,9luzk4jm,15.48443509592278,17.492014500171422
ordinary_reference,518,unbalanced,fzrt2k6r,9luzk4jm,15.806631012721937,17.730453939252023
ordinary_reference,518,unbalanced,iv6g2oq0,9luzk4jm,15.042896657260002,18.78231936114552
ordinary_reference,518,unbalanced,uhdslk0o,9luzk4jm,16.15445132016307,18.382167270061746
ordinary_reference,518,unbalanced,3806gxp0,9luzk4jm,16.165024348598212,19.236526304870935
ordinary_reference,518,unbalanced,avn74qx1,9luzk4jm,16.350871599888826,18.598040962066772
ordinary_reference,518,unbalanced,b3esycq1,9luzk4jm,16.057525439673753,19.170760184752456
ordinary_reference,518,unbalanced,epqdaau9,9luzk4jm,15.65511923247568,19.940356790591757
ordinary_reference,518,unbalanced,i9jiqjwl,9luzk4jm,15.428656047095163,18.146280605594704
ordinary_reference,518,unbalanced,r17byphk,9luzk4jm,15.359731217987267,17.37875446009661
ordinary_reference,518,unbalanced,rxax5ozo,9luzk4jm,14.81184207690644,17.362486740760414
ordinary_reference,518,unbalanced,4ih2ggld,cfe5vt7s,17.192144296829316,20.201480180732407
ordinary_reference,518,unbalanced,5n1q8atc,cfe5vt7s,17.592856508672124,20.948733307317024
ordinary_reference,518,unbalanced,f1vzngrs,cfe5vt7s,17.21146682352525,20.22246752339247
ordinary_reference,518,unbalanced,ffwubibz,cfe5vt7s,15.629956234539417,17.367960553166625
ordinary_reference,518,unbalanced,fzrt2k6r,cfe5vt7s,15.79298882161271,18.07023368675052
ordinary_reference,518,unbalanced,iv6g2oq0,cfe5vt7s,15.522848090537332,18.779146457189785
ordinary_reference,518,unbalanced,uhdslk0o,cfe5vt7s,15.950842931443628,18.76082643551815
ordinary_reference,518,unbalanced,3806gxp0,cfe5vt7s,16.354493158709026,19.11802831787875
ordinary_reference,518,unbalanced,avn74qx1,cfe5vt7s,16.3594287282069,18.7252040632091
ordinary_reference,518,unbalanced,b3esycq1,cfe5vt7s,16.213494125762992,18.903505787552405
ordinary_reference,518,unbalanced,epqdaau9,cfe5vt7s,15.817633499361097,19.932580999075928
ordinary_reference,518,unbalanced,i9jiqjwl,cfe5vt7s,15.49178558853626,18.18971306411999
ordinary_reference,518,unbalanced,r17byphk,cfe5vt7s,15.192910639751032,17.437666034199083
ordinary_reference,518,unbalanced,rxax5ozo,cfe5vt7s,14.819414888960004,17.25930966862861
ordinary_reference,518,unbalanced,4ih2ggld,hawkfj64,17.29871660573329,20.520543776870277
ordinary_reference,518,unbalanced,5n1q8atc,hawkfj64,17.469571950985657,20.745829809023636
ordinary_reference,518,unbalanced,f1vzngrs,hawkfj64,16.98713997699279,19.83227510392079
ordinary_reference,518,unbalanced,ffwubibz,hawkfj64,15.468376702257908,17.340398329911988
ordinary_reference,518,unbalanced,fzrt2k6r,hawkfj64,16.05369634276106,17.77826107133276
ordinary_reference,518,unbalanced,iv6g2oq0,hawkfj64,15.295728402096648,18.999587588735725
ordinary_reference,518,unbalanced,uhdslk0o,hawkfj64,15.90776981304307,18.38523302219179
ordinary_reference,518,unbalanced,3806gxp0,hawkfj64,16.14140791089465,19.23374519497689
ordinary_reference,518,unbalanced,avn74qx1,hawkfj64,16.37933439547789,18.840928787586893
ordinary_reference,518,unbalanced,b3esycq1,hawkfj64,16.200200447407617,18.889360544857347
ordinary_reference,518,unbalanced,epqdaau9,hawkfj64,15.835333778082267,19.712114903625746
ordinary_reference,518,unbalanced,i9jiqjwl,hawkfj64,15.340622280969761,18.015924283156995
ordinary_reference,518,unbalanced,r17byphk,hawkfj64,15.022967185095855,17.301004728808348
ordinary_reference,518,unbalanced,rxax5ozo,hawkfj64,14.887122050554085,17.030907821652395
ordinary_reference,518,unbalanced,4ih2ggld,mgxahqnk,17.282355791477336,20.608306222326682
ordinary_reference,518,unbalanced,5n1q8atc,mgxahqnk,17.58403104018715,20.518752544990804
ordinary_reference,518,unbalanced,f1vzngrs,mgxahqnk,16.992375076893346,19.96547320344891
ordinary_reference,518,unbalanced,ffwubibz,mgxahqnk,15.468456489837397,17.609556451136644
ordinary_reference,518,unbalanced,fzrt2k6r,mgxahqnk,15.955603347789502,17.737809701684558
ordinary_reference,518,unbalanced,iv6g2oq0,mgxahqnk,15.517435117356053,18.715598020446556
ordinary_reference,518,unbalanced,uhdslk0o,mgxahqnk,15.77316532539658,18.595068188078777
ordinary_reference,518,unbalanced,3806gxp0,mgxahqnk,16.107992602563833,19.301066683243366
ordinary_reference,518,unbalanced,avn74qx1,mgxahqnk,16.37361704882767,18.75535079398338
ordinary_reference,518,unbalanced,b3esycq1,mgxahqnk,16.024547823089875,19.013797786755607
ordinary_reference,518,unbalanced,epqdaau9,mgxahqnk,15.74622163389715,19.555578596371433
ordinary_reference,518,unbalanced,i9jiqjwl,mgxahqnk,15.380968628173308,17.964678158335243
ordinary_reference,518,unbalanced,r17byphk,mgxahqnk,14.953683986778362,17.229665973502755
ordinary_reference,518,unbalanced,rxax5ozo,mgxahqnk,14.975069965265332,17.232405411344132
ordinary_reference,518,unbalanced,4ih2ggld,pl8uabbv,17.40389086861766,20.492721854277093
ordinary_reference,518,unbalanced,5n1q8atc,pl8uabbv,17.559976303604017,21.63361805335355
ordinary_reference,518,unbalanced,f1vzngrs,pl8uabbv,17.25815292258804,19.922920542953293
ordinary_reference,518,unbalanced,ffwubibz,pl8uabbv,15.660206196380425,17.478459708615873
ordinary_reference,518,unbalanced,fzrt2k6r,pl8uabbv,16.066915754764473,17.84149011851258
ordinary_reference,518,unbalanced,iv6g2oq0,pl8uabbv,15.635818924465877,19.112850783850664
ordinary_reference,518,unbalanced,uhdslk0o,pl8uabbv,16.038927398301524,18.615401976415285
ordinary_reference,518,unbalanced,3806gxp0,pl8uabbv,16.2638313180433,19.222916928954458
ordinary_reference,518,unbalanced,avn74qx1,pl8uabbv,16.29924221673906,18.8322592076592
ordinary_reference,518,unbalanced,b3esycq1,pl8uabbv,16.215331436572267,18.87156842770765
ordinary_reference,518,unbalanced,epqdaau9,pl8uabbv,16.0554268121736,19.762401407855062
ordinary_reference,518,unbalanced,i9jiqjwl,pl8uabbv,15.861761938032199,18.341719329441283
ordinary_reference,518,unbalanced,r17byphk,pl8uabbv,14.963189489417221,17.280146986676485
ordinary_reference,518,unbalanced,rxax5ozo,pl8uabbv,14.926601077489725,17.171772599546095
ordinary_reference,518,unbalanced,4ih2ggld,ptg8lmto,17.287654590561868,20.496049594581404
ordinary_reference,518,unbalanced,5n1q8atc,ptg8lmto,17.43799195034292,20.75393373092375
ordinary_reference,518,unbalanced,f1vzngrs,ptg8lmto,16.910889830804216,19.614397311386124
ordinary_reference,518,unbalanced,ffwubibz,ptg8lmto,15.498771075493954,17.45354759344198
ordinary_reference,518,unbalanced,fzrt2k6r,ptg8lmto,15.975290900631766,17.72939812063223
ordinary_reference,518,unbalanced,iv6g2oq0,ptg8lmto,15.0169389134733,18.753816971645648
ordinary_reference,518,unbalanced,uhdslk0o,ptg8lmto,16.08405918524091,18.584937936450824
ordinary_reference,518,unbalanced,3806gxp0,ptg8lmto,16.178090324009766,19.23600228935388
ordinary_reference,518,unbalanced,avn74qx1,ptg8lmto,16.502020868687982,18.666748931001646
ordinary_reference,518,unbalanced,b3esycq1,ptg8lmto,16.07062247848753,18.788717307855684
ordinary_reference,518,unbalanced,epqdaau9,ptg8lmto,15.909401133975337,19.758356278751435
ordinary_reference,518,unbalanced,i9jiqjwl,ptg8lmto,15.528190556792392,18.053878975473335
ordinary_reference,518,unbalanced,r17byphk,ptg8lmto,15.029954190577175,17.048793986464858
ordinary_reference,518,unbalanced,rxax5ozo,ptg8lmto,14.935140579846031,17.19381696047336
ordinary_reference,518,unbalanced,4ih2ggld,utfgcjfa,17.12382045348457,20.345516703070405
ordinary_reference,518,unbalanced,5n1q8atc,utfgcjfa,17.65504827440375,20.929831610906
ordinary_reference,518,unbalanced,f1vzngrs,utfgcjfa,16.93197790208295,20.205939208830564
ordinary_reference,518,unbalanced,ffwubibz,utfgcjfa,15.510152106834699,17.428264927355254
ordinary_reference,518,unbalanced,fzrt2k6r,utfgcjfa,15.966067288040477,18.155445213364253
ordinary_reference,518,unbalanced,iv6g2oq0,utfgcjfa,15.19731712209086,18.732839758782294
ordinary_reference,518,unbalanced,uhdslk0o,utfgcjfa,15.887277376899808,18.320619407048582
ordinary_reference,518,unbalanced,3806gxp0,utfgcjfa,16.28554247046824,19.26116577517149
ordinary_reference,518,unbalanced,avn74qx1,utfgcjfa,16.297617002588105,18.861744914772213
ordinary_reference,518,unbalanced,b3esycq1,utfgcjfa,16.23981414074003,18.932696031688245
ordinary_reference,518,unbalanced,epqdaau9,utfgcjfa,16.086135811325608,19.68322039482554
ordinary_reference,518,unbalanced,i9jiqjwl,utfgcjfa,15.573451617001151,18.36689044380104
ordinary_reference,518,unbalanced,r17byphk,utfgcjfa,15.126420982957317,17.096151383450064
ordinary_reference,518,unbalanced,rxax5ozo,utfgcjfa,15.051272813674897,17.047722756897723
ordinary_reference,518,unbalanced,4ih2ggld,vc2whyaq,17.574546888739953,20.277040723923964
ordinary_reference,518,unbalanced,5n1q8atc,vc2whyaq,17.71185621174922,20.976790730626735
ordinary_reference,518,unbalanced,f1vzngrs,vc2whyaq,16.904862844016044,19.89075801900289
ordinary_reference,518,unbalanced,ffwubibz,vc2whyaq,15.547378754087068,17.603399422646426
ordinary_reference,518,unbalanced,fzrt2k6r,vc2whyaq,15.940896100668953,17.868831298358685
ordinary_reference,518,unbalanced,iv6g2oq0,vc2whyaq,15.455593499426204,18.52282978745446
ordinary_reference,518,unbalanced,uhdslk0o,vc2whyaq,15.966531215038714,18.518078370512786
ordinary_reference,518,unbalanced,3806gxp0,vc2whyaq,16.237904567103843,19.243757821892654
ordinary_reference,518,unbalanced,avn74qx1,vc2whyaq,16.48351139378525,18.73042218477713
ordinary_reference,518,unbalanced,b3esycq1,vc2whyaq,16.179338526793863,18.876234170167212
ordinary_reference,518,unbalanced,epqdaau9,vc2whyaq,15.754938810482997,19.724552192872597
ordinary_reference,518,unbalanced,i9jiqjwl,vc2whyaq,15.626993479100921,18.048633056163347
ordinary_reference,518,unbalanced,r17byphk,vc2whyaq,15.022219194299671,17.30052891167553
ordinary_reference,518,unbalanced,rxax5ozo,vc2whyaq,15.152994159634346,17.578980112021704
ordinary_reference,518,unbalanced,4ih2ggld,x77cy643,17.393447577151676,20.902706902709923
ordinary_reference,518,unbalanced,5n1q8atc,x77cy643,17.67712023600214,20.892925696811865
ordinary_reference,518,unbalanced,f1vzngrs,x77cy643,17.084515190600456,19.983626500303004
ordinary_reference,518,unbalanced,ffwubibz,x77cy643,15.697212352196782,17.572867789746425
ordinary_reference,518,unbalanced,fzrt2k6r,x77cy643,15.892893570298718,17.9146152269472
ordinary_reference,518,unbalanced,iv6g2oq0,x77cy643,15.351938957316928,18.656872145659026
ordinary_reference,518,unbalanced,uhdslk0o,x77cy643,16.02048694327663,18.686718774369577
ordinary_reference,518,unbalanced,3806gxp0,x77cy643,16.332634128705976,19.26533774053245
ordinary_reference,518,unbalanced,avn74qx1,x77cy643,16.55711756760623,18.62620158035101
ordinary_reference,518,unbalanced,b3esycq1,x77cy643,16.11872710968912,19.088983072957788
ordinary_reference,518,unbalanced,epqdaau9,x77cy643,16.007085265939466,19.673179403954713
ordinary_reference,518,unbalanced,i9jiqjwl,x77cy643,15.598987307799163,18.342863723293842
ordinary_reference,518,unbalanced,r17byphk,x77cy643,15.254242746305215,17.309152239252896
ordinary_reference,518,unbalanced,rxax5ozo,x77cy643,15.0437528921643,17.371598719859506
ordinary_reference,518,unbalanced,4ih2ggld,xgj4xftb,17.471691806967304,20.71108403924166
ordinary_reference,518,unbalanced,5n1q8atc,xgj4xftb,17.77818473485631,21.20911163176598
ordinary_reference,518,unbalanced,f1vzngrs,xgj4xftb,17.061327937801934,19.714517206887145
ordinary_reference,518,unbalanced,ffwubibz,xgj4xftb,15.417508505486767,17.529186254883502
ordinary_reference,518,unbalanced,fzrt2k6r,xgj4xftb,15.775663175122837,17.961452427656045
ordinary_reference,518,unbalanced,iv6g2oq0,xgj4xftb,15.215991074206945,18.78877703661615
ordinary_reference,518,unbalanced,uhdslk0o,xgj4xftb,16.11747370020685,18.55176922886961
ordinary_reference,518,unbalanced,3806gxp0,xgj4xftb,16.131269156430015,19.0723424697758
ordinary_reference,518,unbalanced,avn74qx1,xgj4xftb,16.284059402892538,18.59747249963967
ordinary_reference,518,unbalanced,b3esycq1,xgj4xftb,16.123972341592413,18.9980990235033
ordinary_reference,518,unbalanced,epqdaau9,xgj4xftb,15.889558209573934,19.6073822741416
ordinary_reference,518,unbalanced,i9jiqjwl,xgj4xftb,15.514015135621973,18.04012087216409
ordinary_reference,518,unbalanced,r17byphk,xgj4xftb,15.112099600761425,17.121530463354866
ordinary_reference,518,unbalanced,rxax5ozo,xgj4xftb,14.973266978713394,17.043429969215243
ordinary_reference,224,balanced,4ih2ggld,9luzk4jm,18.868939675398227,21.602096564183284
ordinary_reference,224,balanced,5n1q8atc,9luzk4jm,18.542168056204382,21.999684381911457
ordinary_reference,224,balanced,f1vzngrs,9luzk4jm,17.787247494393302,19.709408457604418
ordinary_reference,224,balanced,ffwubibz,9luzk4jm,17.090325882052237,19.62153250914741
ordinary_reference,224,balanced,fzrt2k6r,9luzk4jm,17.353262100595416,19.640701650290424
ordinary_reference,224,balanced,iv6g2oq0,9luzk4jm,16.872945134216813,19.685044426153425
ordinary_reference,224,balanced,uhdslk0o,9luzk4jm,17.45907299112223,20.704291532841346
ordinary_reference,224,balanced,3806gxp0,9luzk4jm,16.767390841267762,19.78251188106746
ordinary_reference,224,balanced,avn74qx1,9luzk4jm,17.55729549994833,19.57410771453481
ordinary_reference,224,balanced,b3esycq1,9luzk4jm,17.8059817883467,20.086079630465864
ordinary_reference,224,balanced,epqdaau9,9luzk4jm,17.62219635170556,19.61895278961892
ordinary_reference,224,balanced,i9jiqjwl,9luzk4jm,17.702613820432703,20.168270285330106
ordinary_reference,224,balanced,r17byphk,9luzk4jm,16.953183365436217,19.261440941208452
ordinary_reference,224,balanced,rxax5ozo,9luzk4jm,17.086007672636125,18.611723360603165
ordinary_reference,224,balanced,4ih2ggld,cfe5vt7s,18.73430384835237,21.962221087727386
ordinary_reference,224,balanced,5n1q8atc,cfe5vt7s,18.672743200463565,22.10588728358585
ordinary_reference,224,balanced,f1vzngrs,cfe5vt7s,17.776216903545585,19.7253709472804
ordinary_reference,224,balanced,ffwubibz,cfe5vt7s,17.161649820792825,19.7485221556112
ordinary_reference,224,balanced,fzrt2k6r,cfe5vt7s,17.492419175596353,19.849542522597005
ordinary_reference,224,balanced,iv6g2oq0,cfe5vt7s,17.091474073754476,19.704111462641063
ordinary_reference,224,balanced,uhdslk0o,cfe5vt7s,17.312305843350437,20.773844278566003
ordinary_reference,224,balanced,3806gxp0,cfe5vt7s,16.99009399160647,19.057091683095443
ordinary_reference,224,balanced,avn74qx1,cfe5vt7s,17.838109663976915,19.68699828634033
ordinary_reference,224,balanced,b3esycq1,cfe5vt7s,17.481733932410748,20.142518961717165
ordinary_reference,224,balanced,epqdaau9,cfe5vt7s,17.602330839434686,19.72915874403448
ordinary_reference,224,balanced,i9jiqjwl,cfe5vt7s,17.76623186170457,20.163862958627973
ordinary_reference,224,balanced,r17byphk,cfe5vt7s,16.9614774910851,19.62754644382812
ordinary_reference,224,balanced,rxax5ozo,cfe5vt7s,17.122231600770014,18.607201115794428
ordinary_reference,224,balanced,4ih2ggld,hawkfj64,18.686396014136477,21.407837983814826
ordinary_reference,224,balanced,5n1q8atc,hawkfj64,18.438179686737648,21.98852494260454
ordinary_reference,224,balanced,f1vzngrs,hawkfj64,17.747687182183626,19.5142895032284
ordinary_reference,224,balanced,ffwubibz,hawkfj64,17.175482769112655,19.637040300929275
ordinary_reference,224,balanced,fzrt2k6r,hawkfj64,17.14279597898036,19.40528786697393
ordinary_reference,224,balanced,iv6g2oq0,hawkfj64,16.79053149024003,19.480201607355315
ordinary_reference,224,balanced,uhdslk0o,hawkfj64,17.478034667132523,20.568287215688436
ordinary_reference,224,balanced,3806gxp0,hawkfj64,16.74626083261807,19.26723873756973
ordinary_reference,224,balanced,avn74qx1,hawkfj64,17.42688222466237,19.627668172325105
ordinary_reference,224,balanced,b3esycq1,hawkfj64,17.551212157944114,19.794744536735408
ordinary_reference,224,balanced,epqdaau9,hawkfj64,17.61763283425752,19.544105580994366
ordinary_reference,224,balanced,i9jiqjwl,hawkfj64,17.694092033583928,20.49355142612383
ordinary_reference,224,balanced,r17byphk,hawkfj64,16.736375290524492,19.850221540828585
ordinary_reference,224,balanced,rxax5ozo,hawkfj64,17.122484019127974,18.645487453464973
ordinary_reference,224,balanced,4ih2ggld,mgxahqnk,18.94400744316944,21.67172676208744
ordinary_reference,224,balanced,5n1q8atc,mgxahqnk,18.4810447838171,21.764344036842385
ordinary_reference,224,balanced,f1vzngrs,mgxahqnk,17.751961872494302,19.65004481375043
ordinary_reference,224,balanced,ffwubibz,mgxahqnk,17.128100806814544,19.665796563141438
ordinary_reference,224,balanced,fzrt2k6r,mgxahqnk,17.199700152794932,19.699453696864673
ordinary_reference,224,balanced,iv6g2oq0,mgxahqnk,16.830160160846393,19.451980504052408
ordinary_reference,224,balanced,uhdslk0o,mgxahqnk,17.317102645816487,20.65416797803538
ordinary_reference,224,balanced,3806gxp0,mgxahqnk,16.756248787112785,19.45875266080819
ordinary_reference,224,balanced,avn74qx1,mgxahqnk,17.391667121481554,19.580606281249956
ordinary_reference,224,balanced,b3esycq1,mgxahqnk,17.62340887346648,20.73230309231389
ordinary_reference,224,balanced,epqdaau9,mgxahqnk,17.55337704704848,19.941842165932258
ordinary_reference,224,balanced,i9jiqjwl,mgxahqnk,17.64155962730304,20.31082715919119
ordinary_reference,224,balanced,r17byphk,mgxahqnk,16.804675106897403,19.408713579798604
ordinary_reference,224,balanced,rxax5ozo,mgxahqnk,16.994221547469092,18.58133194182256
ordinary_reference,224,balanced,4ih2ggld,pl8uabbv,18.725933559408762,21.715328930353735
ordinary_reference,224,balanced,5n1q8atc,pl8uabbv,18.537043786286198,22.011019162710788
ordinary_reference,224,balanced,f1vzngrs,pl8uabbv,18.22043109041975,19.811559694777568
ordinary_reference,224,balanced,ffwubibz,pl8uabbv,17.219889148399993,19.592344003797837
ordinary_reference,224,balanced,fzrt2k6r,pl8uabbv,17.190136919485887,19.535688859371692
ordinary_reference,224,balanced,iv6g2oq0,pl8uabbv,16.82243638521171,19.90910116173739
ordinary_reference,224,balanced,uhdslk0o,pl8uabbv,17.5258810000591,20.677985368612052
ordinary_reference,224,balanced,3806gxp0,pl8uabbv,17.01970856701487,19.137010862067527
ordinary_reference,224,balanced,avn74qx1,pl8uabbv,17.523207286329672,19.960608772029968
ordinary_reference,224,balanced,b3esycq1,pl8uabbv,17.744393727823535,20.526721990289357
ordinary_reference,224,balanced,epqdaau9,pl8uabbv,17.916926149262608,19.889931251567177
ordinary_reference,224,balanced,i9jiqjwl,pl8uabbv,17.98469662979629,20.696188162825596
ordinary_reference,224,balanced,r17byphk,pl8uabbv,16.859639917598727,19.371014517082326
ordinary_reference,224,balanced,rxax5ozo,pl8uabbv,17.113030125416298,18.684603346715818
ordinary_reference,224,balanced,4ih2ggld,ptg8lmto,18.64747438500281,21.70359329077945
ordinary_reference,224,balanced,5n1q8atc,ptg8lmto,18.473261783353728,22.084908509917334
ordinary_reference,224,balanced,f1vzngrs,ptg8lmto,18.05413718591984,19.83244597001085
ordinary_reference,224,balanced,ffwubibz,ptg8lmto,17.179543631620074,19.88033367263461
ordinary_reference,224,balanced,fzrt2k6r,ptg8lmto,17.339354203027284,19.55393572832859
ordinary_reference,224,balanced,iv6g2oq0,ptg8lmto,16.761443092668923,19.66658270889819
ordinary_reference,224,balanced,uhdslk0o,ptg8lmto,17.07041807579364,20.727758051624548
ordinary_reference,224,balanced,3806gxp0,ptg8lmto,16.923668208981507,19.20414410872891
ordinary_reference,224,balanced,avn74qx1,ptg8lmto,17.404554404873977,19.55097981307841
ordinary_reference,224,balanced,b3esycq1,ptg8lmto,17.690814021792328,20.185707581849492
ordinary_reference,224,balanced,epqdaau9,ptg8lmto,17.547693525565364,19.642558550271886
ordinary_reference,224,balanced,i9jiqjwl,ptg8lmto,17.59627689587873,20.26378738885758
ordinary_reference,224,balanced,r17byphk,ptg8lmto,16.73549899379075,19.50524933724357
ordinary_reference,224,balanced,rxax5ozo,ptg8lmto,17.051883944755087,18.841382826299693
ordinary_reference,224,balanced,4ih2ggld,utfgcjfa,18.769597171210776,21.399959308070777
ordinary_reference,224,balanced,5n1q8atc,utfgcjfa,18.66468942687328,21.908903411302898
ordinary_reference,224,balanced,f1vzngrs,utfgcjfa,18.005506350992924,19.600179277495744
ordinary_reference,224,balanced,ffwubibz,utfgcjfa,17.391354428607308,19.514529205362713
ordinary_reference,224,balanced,fzrt2k6r,utfgcjfa,17.38375864250041,19.514168872996706
ordinary_reference,224,balanced,iv6g2oq0,utfgcjfa,16.58897718975512,19.559275253491517
ordinary_reference,224,balanced,uhdslk0o,utfgcjfa,17.410094707745355,20.554986878783335
ordinary_reference,224,balanced,3806gxp0,utfgcjfa,16.892553935656792,19.098889558203496
ordinary_reference,224,balanced,avn74qx1,utfgcjfa,17.74706663088131,19.741032056847263
ordinary_reference,224,balanced,b3esycq1,utfgcjfa,17.533719941853093,20.278752878538924
ordinary_reference,224,balanced,epqdaau9,utfgcjfa,17.47616076934588,20.052836034374504
ordinary_reference,224,balanced,i9jiqjwl,utfgcjfa,17.522069561376764,20.387299276806417
ordinary_reference,224,balanced,r17byphk,utfgcjfa,16.85612132707606,19.37170776656616
ordinary_reference,224,balanced,rxax5ozo,utfgcjfa,17.106862495147006,18.89468783826858
ordinary_reference,224,balanced,4ih2ggld,vc2whyaq,18.96125234534187,21.66492809806579
ordinary_reference,224,balanced,5n1q8atc,vc2whyaq,18.71504938517176,22.22443064117101
ordinary_reference,224,balanced,f1vzngrs,vc2whyaq,17.898165873261753,19.75811619681152
ordinary_reference,224,balanced,ffwubibz,vc2whyaq,17.333369346436864,19.76725850829883
ordinary_reference,224,balanced,fzrt2k6r,vc2whyaq,17.41924527307944,19.57701348054807
ordinary_reference,224,balanced,iv6g2oq0,vc2whyaq,16.83609972466204,19.553647545268067
ordinary_reference,224,balanced,uhdslk0o,vc2whyaq,17.595654941340207,20.65865887320435
ordinary_reference,224,balanced,3806gxp0,vc2whyaq,17.04968402535634,19.486284034851135
ordinary_reference,224,balanced,avn74qx1,vc2whyaq,17.831553470994685,19.564861919204784
ordinary_reference,224,balanced,b3esycq1,vc2whyaq,17.58000437325571,20.594363821300547
ordinary_reference,224,balanced,epqdaau9,vc2whyaq,17.74404957767019,19.747451664434887
ordinary_reference,224,balanced,i9jiqjwl,vc2whyaq,17.975673343017718,20.59966848151879
ordinary_reference,224,balanced,r17byphk,vc2whyaq,16.939900572506446,19.285521055313776
ordinary_reference,224,balanced,rxax5ozo,vc2whyaq,17.372843444862827,18.742556302116228
ordinary_reference,224,balanced,4ih2ggld,x77cy643,18.70813054543352,21.8041116441593
ordinary_reference,224,balanced,5n1q8atc,x77cy643,18.46295274681447,22.095212886762432
ordinary_reference,224,balanced,f1vzngrs,x77cy643,18.103912859752864,20.061149157531666
ordinary_reference,224,balanced,ffwubibz,x77cy643,17.11256283324436,19.343766354404547
ordinary_reference,224,balanced,fzrt2k6r,x77cy643,17.30956669487896,19.73184998245968
ordinary_reference,224,balanced,iv6g2oq0,x77cy643,16.674150264846837,19.555318438063072
ordinary_reference,224,balanced,uhdslk0o,x77cy643,17.32755567799676,20.668239608590945
ordinary_reference,224,balanced,3806gxp0,x77cy643,16.81442270323818,19.80871691535209
ordinary_reference,224,balanced,avn74qx1,x77cy643,17.618480818281203,19.785684034273704
ordinary_reference,224,balanced,b3esycq1,x77cy643,17.51291939140298,20.02297613007804
ordinary_reference,224,balanced,epqdaau9,x77cy643,17.525364474623572,19.698762317774694
ordinary_reference,224,balanced,i9jiqjwl,x77cy643,17.787170036195793,20.0904267719285
ordinary_reference,224,balanced,r17byphk,x77cy643,16.876301505451146,19.41980519605519
ordinary_reference,224,balanced,rxax5ozo,x77cy643,17.115348474384064,18.68910222241987
ordinary_reference,224,balanced,4ih2ggld,xgj4xftb,18.871334055120997,21.707029427547646
ordinary_reference,224,balanced,5n1q8atc,xgj4xftb,18.500520885824614,22.103059234903743
ordinary_reference,224,balanced,f1vzngrs,xgj4xftb,17.7731179368554,19.80131306842947
ordinary_reference,224,balanced,ffwubibz,xgj4xftb,17.159560964239645,19.643293214389388
ordinary_reference,224,balanced,fzrt2k6r,xgj4xftb,17.46729857557644,19.747733340990905
ordinary_reference,224,balanced,iv6g2oq0,xgj4xftb,16.68984915443145,19.345349769608948
ordinary_reference,224,balanced,uhdslk0o,xgj4xftb,17.55228421193383,20.893733202739575
ordinary_reference,224,balanced,3806gxp0,xgj4xftb,16.909828424239393,19.337439605447244
ordinary_reference,224,balanced,avn74qx1,xgj4xftb,17.507294227996326,19.537176107666017
ordinary_reference,224,balanced,b3esycq1,xgj4xftb,17.901672858508988,19.941144251734233
ordinary_reference,224,balanced,epqdaau9,xgj4xftb,17.491854430999133,19.84569762734258
ordinary_reference,224,balanced,i9jiqjwl,xgj4xftb,17.809387722603567,20.63213586887712
ordinary_reference,224,balanced,r17byphk,xgj4xftb,16.942812401284318,19.442366497358016
ordinary_reference,224,balanced,rxax5ozo,xgj4xftb,17.00481254201339,19.04855000667176
ordinary_reference,224,unbalanced,4ih2ggld,9luzk4jm,18.874604037407757,21.287244986409704
ordinary_reference,224,unbalanced,5n1q8atc,9luzk4jm,18.120436101874482,22.06242416904132
ordinary_reference,224,unbalanced,f1vzngrs,9luzk4jm,17.646265045531557,19.893018160128452
ordinary_reference,224,unbalanced,ffwubibz,9luzk4jm,16.926484195052204,19.143031028052995
ordinary_reference,224,unbalanced,fzrt2k6r,9luzk4jm,17.03085173342376,19.37406425526289
ordinary_reference,224,unbalanced,iv6g2oq0,9luzk4jm,16.423076575533166,19.479294620732446
ordinary_reference,224,unbalanced,uhdslk0o,9luzk4jm,17.052406856590483,20.29748157400243
ordinary_reference,224,unbalanced,3806gxp0,9luzk4jm,16.529552329625062,19.381853124931222
ordinary_reference,224,unbalanced,avn74qx1,9luzk4jm,17.042151374859372,19.592412295366454
ordinary_reference,224,unbalanced,b3esycq1,9luzk4jm,17.278976120815607,20.07355550161153
ordinary_reference,224,unbalanced,epqdaau9,9luzk4jm,17.175901782866987,19.508890789987756
ordinary_reference,224,unbalanced,i9jiqjwl,9luzk4jm,16.99823236880726,20.096774767758927
ordinary_reference,224,unbalanced,r17byphk,9luzk4jm,16.61070672167304,19.16163317589209
ordinary_reference,224,unbalanced,rxax5ozo,9luzk4jm,16.577061196775585,18.884332881744854
ordinary_reference,224,unbalanced,4ih2ggld,cfe5vt7s,19.0449562828937,21.419037260984872
ordinary_reference,224,unbalanced,5n1q8atc,cfe5vt7s,18.34332047953999,22.030170402658165
ordinary_reference,224,unbalanced,f1vzngrs,cfe5vt7s,17.494597750479222,19.750802709633344
ordinary_reference,224,unbalanced,ffwubibz,cfe5vt7s,16.97230238913901,19.40854667416243
ordinary_reference,224,unbalanced,fzrt2k6r,cfe5vt7s,17.144331344707233,19.9578935610088
ordinary_reference,224,unbalanced,iv6g2oq0,cfe5vt7s,16.59249243409235,19.42548496218094
ordinary_reference,224,unbalanced,uhdslk0o,cfe5vt7s,17.23505698838302,20.508809488557578
ordinary_reference,224,unbalanced,3806gxp0,cfe5vt7s,16.690359472243216,19.052929884107392
ordinary_reference,224,unbalanced,avn74qx1,cfe5vt7s,17.17333209203538,19.436679023057515
ordinary_reference,224,unbalanced,b3esycq1,cfe5vt7s,17.218935965139348,19.852807251221478
ordinary_reference,224,unbalanced,epqdaau9,cfe5vt7s,17.081406711347732,19.61388647646947
ordinary_reference,224,unbalanced,i9jiqjwl,cfe5vt7s,17.353356249618237,19.86638042254772
ordinary_reference,224,unbalanced,r17byphk,cfe5vt7s,16.697971195553166,19.335334569370136
ordinary_reference,224,unbalanced,rxax5ozo,cfe5vt7s,16.696304461194387,18.494367162663778
ordinary_reference,224,unbalanced,4ih2ggld,hawkfj64,18.792930991786783,21.339956276545077
ordinary_reference,224,unbalanced,5n1q8atc,hawkfj64,18.18518400925086,22.031188067004415
ordinary_reference,224,unbalanced,f1vzngrs,hawkfj64,17.596939980738505,19.611910311025866
ordinary_reference,224,unbalanced,ffwubibz,hawkfj64,16.806064633789557,19.02232405432213
ordinary_reference,224,unbalanced,fzrt2k6r,hawkfj64,16.85232505203517,19.34224846760197
ordinary_reference,224,unbalanced,iv6g2oq0,hawkfj64,16.73154084930541,19.291286301694175
ordinary_reference,224,unbalanced,uhdslk0o,hawkfj64,17.0028860060493,20.513142220475984
ordinary_reference,224,unbalanced,3806gxp0,hawkfj64,16.54190827115267,19.055750711303517
ordinary_reference,224,unbalanced,avn74qx1,hawkfj64,17.058100177153825,19.395746002088917
ordinary_reference,224,unbalanced,b3esycq1,hawkfj64,17.011050534801498,19.96537327673308
ordinary_reference,224,unbalanced,epqdaau9,hawkfj64,17.09809752499452,19.508955526600086
ordinary_reference,224,unbalanced,i9jiqjwl,hawkfj64,17.20127866530212,19.916748352465802
ordinary_reference,224,unbalanced,r17byphk,hawkfj64,16.419026994425934,19.533611797048273
ordinary_reference,224,unbalanced,rxax5ozo,hawkfj64,16.46853877971104,18.655640130047445
ordinary_reference,224,unbalanced,4ih2ggld,mgxahqnk,18.741583937947752,21.374050203329833
ordinary_reference,224,unbalanced,5n1q8atc,mgxahqnk,18.248904436252072,22.02468603748738
ordinary_reference,224,unbalanced,f1vzngrs,mgxahqnk,17.512402841692555,19.64648765437776
ordinary_reference,224,unbalanced,ffwubibz,mgxahqnk,16.93279679467888,18.876795092219957
ordinary_reference,224,unbalanced,fzrt2k6r,mgxahqnk,16.9844670650344,19.363673299030047
ordinary_reference,224,unbalanced,iv6g2oq0,mgxahqnk,16.508329193643,19.292985590020493
ordinary_reference,224,unbalanced,uhdslk0o,mgxahqnk,16.986092159324578,20.430368704765744
ordinary_reference,224,unbalanced,3806gxp0,mgxahqnk,16.45851400060953,19.24333294182748
ordinary_reference,224,unbalanced,avn74qx1,mgxahqnk,17.21707910298109,19.415344139889655
ordinary_reference,224,unbalanced,b3esycq1,mgxahqnk,17.08852945772736,20.072893748819883
ordinary_reference,224,unbalanced,epqdaau9,mgxahqnk,17.100649377907626,19.65053108254563
ordinary_reference,224,unbalanced,i9jiqjwl,mgxahqnk,17.17437652435082,20.032362063404925
ordinary_reference,224,unbalanced,r17byphk,mgxahqnk,16.507742149858924,19.28516066808585
ordinary_reference,224,unbalanced,rxax5ozo,mgxahqnk,16.60531290397507,18.37380467550298
ordinary_reference,224,unbalanced,4ih2ggld,pl8uabbv,18.693639254316523,21.408217241164106
ordinary_reference,224,unbalanced,5n1q8atc,pl8uabbv,18.322756686641068,22.201061895405427
ordinary_reference,224,unbalanced,f1vzngrs,pl8uabbv,17.891490539366874,19.802076502474574
ordinary_reference,224,unbalanced,ffwubibz,pl8uabbv,16.945064771646376,19.25294267141216
ordinary_reference,224,unbalanced,fzrt2k6r,pl8uabbv,17.04801303115432,19.392768504078965
ordinary_reference,224,unbalanced,iv6g2oq0,pl8uabbv,16.893049435907066,19.59777423446916
ordinary_reference,224,unbalanced,uhdslk0o,pl8uabbv,17.158204456817767,20.403048567104925
ordinary_reference,224,unbalanced,3806gxp0,pl8uabbv,16.68108234756285,19.214468940092832
ordinary_reference,224,unbalanced,avn74qx1,pl8uabbv,17.403980257231087,19.803664150470034
ordinary_reference,224,unbalanced,b3esycq1,pl8uabbv,17.21307332868809,20.309676683503348
ordinary_reference,224,unbalanced,epqdaau9,pl8uabbv,17.317659772499074,19.67176839569449
ordinary_reference,224,unbalanced,i9jiqjwl,pl8uabbv,17.310003330784163,20.46705111544751
ordinary_reference,224,unbalanced,r17byphk,pl8uabbv,16.488644512814854,19.168689589774296
ordinary_reference,224,unbalanced,rxax5ozo,pl8uabbv,16.794111218242577,18.3509077743468
ordinary_reference,224,unbalanced,4ih2ggld,ptg8lmto,18.92330062657851,21.581918937743797
ordinary_reference,224,unbalanced,5n1q8atc,ptg8lmto,18.306005560565456,22.300294700359917
ordinary_reference,224,unbalanced,f1vzngrs,ptg8lmto,17.67844729301338,19.637320397578982
ordinary_reference,224,unbalanced,ffwubibz,ptg8lmto,16.95164843390642,19.111744361330736
ordinary_reference,224,unbalanced,fzrt2k6r,ptg8lmto,16.976856247327312,19.714315126159367
ordinary_reference,224,unbalanced,iv6g2oq0,ptg8lmto,16.483196528615903,19.531193899324634
ordinary_reference,224,unbalanced,uhdslk0o,ptg8lmto,17.103337200163466,20.613298813691944
ordinary_reference,224,unbalanced,3806gxp0,ptg8lmto,16.467103763381374,19.258719355727667
ordinary_reference,224,unbalanced,avn74qx1,ptg8lmto,17.022256516938793,19.39753273576582
ordinary_reference,224,unbalanced,b3esycq1,ptg8lmto,17.009204411801004,19.896629225445924
ordinary_reference,224,unbalanced,epqdaau9,ptg8lmto,17.019058940968716,20.012592661070297
ordinary_reference,224,unbalanced,i9jiqjwl,ptg8lmto,17.06458210165354,20.19882260126371
ordinary_reference,224,unbalanced,r17byphk,ptg8lmto,16.565183109478838,19.321539707129382
ordinary_reference,224,unbalanced,rxax5ozo,ptg8lmto,16.658730451907633,18.85175159751031
ordinary_reference,224,unbalanced,4ih2ggld,utfgcjfa,18.814371667776207,21.5022011869747
ordinary_reference,224,unbalanced,5n1q8atc,utfgcjfa,18.54156336376999,21.98285660176465
ordinary_reference,224,unbalanced,f1vzngrs,utfgcjfa,17.778329607438604,19.71171952940582
ordinary_reference,224,unbalanced,ffwubibz,utfgcjfa,16.87780159645653,18.974130882102674
ordinary_reference,224,unbalanced,fzrt2k6r,utfgcjfa,17.184739417503497,19.32095619500908
ordinary_reference,224,unbalanced,iv6g2oq0,utfgcjfa,16.611436148470617,19.426617267823065
ordinary_reference,224,unbalanced,uhdslk0o,utfgcjfa,17.156984327664723,20.450568563284826
ordinary_reference,224,unbalanced,3806gxp0,utfgcjfa,16.72692651406495,19.003591976853404
ordinary_reference,224,unbalanced,avn74qx1,utfgcjfa,17.1444421836375,19.351051749319915
ordinary_reference,224,unbalanced,b3esycq1,utfgcjfa,17.136868195170308,20.020192915616647
ordinary_reference,224,unbalanced,epqdaau9,utfgcjfa,17.11776691322846,20.0384310548194
ordinary_reference,224,unbalanced,i9jiqjwl,utfgcjfa,17.15555523093214,20.462101947748632
ordinary_reference,224,unbalanced,r17byphk,utfgcjfa,16.59139593128755,19.316018814314397
ordinary_reference,224,unbalanced,rxax5ozo,utfgcjfa,16.74537767408144,18.185305815908322
ordinary_reference,224,unbalanced,4ih2ggld,vc2whyaq,19.002536916849337,21.652543559590278
ordinary_reference,224,unbalanced,5n1q8atc,vc2whyaq,18.558615404076676,22.030799303672406
ordinary_reference,224,unbalanced,f1vzngrs,vc2whyaq,17.471322299105758,19.78023003660097
ordinary_reference,224,unbalanced,ffwubibz,vc2whyaq,17.081886659816362,19.34465590477157
ordinary_reference,224,unbalanced,fzrt2k6r,vc2whyaq,17.178200375734487,19.538910814749126
ordinary_reference,224,unbalanced,iv6g2oq0,vc2whyaq,16.672688638841844,19.277300917671997
ordinary_reference,224,unbalanced,uhdslk0o,vc2whyaq,17.426088886923402,20.437749618442844
ordinary_reference,224,unbalanced,3806gxp0,vc2whyaq,16.770758337704827,19.539070266120454
ordinary_reference,224,unbalanced,avn74qx1,vc2whyaq,17.604550329166273,19.52394702966003
ordinary_reference,224,unbalanced,b3esycq1,vc2whyaq,17.226300090064846,20.097925764661394
ordinary_reference,224,unbalanced,epqdaau9,vc2whyaq,17.33649887188409,19.883851186366982
ordinary_reference,224,unbalanced,i9jiqjwl,vc2whyaq,17.431117483385634,20.377772625344203
ordinary_reference,224,unbalanced,r17byphk,vc2whyaq,16.569137016346954,19.023798663076192
ordinary_reference,224,unbalanced,rxax5ozo,vc2whyaq,16.93541068715337,18.518725155668875
ordinary_reference,224,unbalanced,4ih2ggld,x77cy643,18.705741274869954,21.438032519911445
ordinary_reference,224,unbalanced,5n1q8atc,x77cy643,18.545870733135416,22.31202295638076
ordinary_reference,224,unbalanced,f1vzngrs,x77cy643,17.718622294863984,19.779809264945463
ordinary_reference,224,unbalanced,ffwubibz,x77cy643,16.990350029050852,19.03563911039301
ordinary_reference,224,unbalanced,fzrt2k6r,x77cy643,17.09111129568914,19.632427924274555
ordinary_reference,224,unbalanced,iv6g2oq0,x77cy643,16.550785096114716,19.161237255102936
ordinary_reference,224,unbalanced,uhdslk0o,x77cy643,17.073688190679768,20.413477059512235
ordinary_reference,224,unbalanced,3806gxp0,x77cy643,16.608506846294866,19.729813820046896
ordinary_reference,224,unbalanced,avn74qx1,x77cy643,17.18675535634977,19.40046036602007
ordinary_reference,224,unbalanced,b3esycq1,x77cy643,17.143951077039972,19.71711119718853
ordinary_reference,224,unbalanced,epqdaau9,x77cy643,17.15923398638899,19.61860186558367
ordinary_reference,224,unbalanced,i9jiqjwl,x77cy643,17.47137973036857,19.912120928201894
ordinary_reference,224,unbalanced,r17byphk,x77cy643,16.626741249244937,19.111221314281856
ordinary_reference,224,unbalanced,rxax5ozo,x77cy643,16.695159527447714,18.48941825718311
ordinary_reference,224,unbalanced,4ih2ggld,xgj4xftb,18.773272079125903,21.72331094470988
ordinary_reference,224,unbalanced,5n1q8atc,xgj4xftb,18.24584665498982,22.00846616985351
ordinary_reference,224,unbalanced,f1vzngrs,xgj4xftb,17.791951405067948,19.518991171669885
ordinary_reference,224,unbalanced,ffwubibz,xgj4xftb,16.80483464019448,19.052406399626282
ordinary_reference,224,unbalanced,fzrt2k6r,xgj4xftb,17.03614646428594,19.71783629102895
ordinary_reference,224,unbalanced,iv6g2oq0,xgj4xftb,16.690119196393855,19.08811628004716
ordinary_reference,224,unbalanced,uhdslk0o,xgj4xftb,16.977986104041626,20.779899797430094
ordinary_reference,224,unbalanced,3806gxp0,xgj4xftb,16.53398943409954,19.39801161622712
ordinary_reference,224,unbalanced,avn74qx1,xgj4xftb,17.094060423103848,19.455535620359505
ordinary_reference,224,unbalanced,b3esycq1,xgj4xftb,17.07356537983969,19.79981433349969
ordinary_reference,224,unbalanced,epqdaau9,xgj4xftb,16.870844528576843,19.981663890148408
ordinary_reference,224,unbalanced,i9jiqjwl,xgj4xftb,17.027200424881528,20.26559021184341
ordinary_reference,224,unbalanced,r17byphk,xgj4xftb,16.575162444401684,19.401071742814896
ordinary_reference,224,unbalanced,rxax5ozo,xgj4xftb,16.517488841949355,18.46406912094562
