site,patch_id,rank,ref_site,ref_patch_id,ref_y0,ref_x0,distance
4ih2ggld,0,0,cfe5vt7s,22,512,4608,14.697939515764581
4ih2ggld,0,1,ptg8lmto,3,0,1536,16.03551052956258
4ih2ggld,0,2,vc2whyaq,26,1024,0,16.116232435780194
4ih2ggld,0,3,vc2whyaq,20,512,3584,16.148369652144034
4ih2ggld,0,4,hzumfsms,40,1536,512,16.597079217706398
4ih2ggld,1,0,vc2whyaq,21,512,4096,14.785520693249357
4ih2ggld,1,1,vc2whyaq,2,0,1024,15.57452014200048
4ih2ggld,1,2,utfgcjfa,31,1024,2560,16.567097286953267
4ih2ggld,1,3,ufdvpb81,20,512,3584,17.037807875796222
4ih2ggld,1,4,x77cy643,12,0,6144,17.417954786559235
4ih2ggld,2,0,ufdvpb81,23,512,5120,17.081373576904607
4ih2ggld,2,1,0grcilhi,7,0,3584,18.370726550181242
4ih2ggld,2,2,vc2whyaq,16,512,1536,18.390912154828207
4ih2ggld,2,3,cfe5vt7s,22,512,4608,18.453969104406138
4ih2ggld,2,4,pl8uabbv,39,1536,0,18.558314328870907
4ih2ggld,3,0,vc2whyaq,24,512,5632,16.041754316904576
4ih2ggld,3,1,vc2whyaq,2,0,1024,16.35939236580764
4ih2ggld,3,2,utfgcjfa,8,0,4096,16.625816891704094
4ih2ggld,3,3,ufdvpb81,10,0,5120,16.789599686182054
4ih2ggld,3,4,vc2whyaq,21,512,4096,17.059282951241084
4ih2ggld,4,0,utfgcjfa,31,1024,2560,13.642946640506695
4ih2ggld,4,1,vc2whyaq,21,512,4096,14.464822677149908
4ih2ggld,4,2,x77cy643,5,0,2560,15.320023456642918
4ih2ggld,4,3,utfgcjfa,1,0,512,15.703921849405173
4ih2ggld,4,4,vc2whyaq,2,0,1024,16.64296509729534
4ih2ggld,5,0,vc2whyaq,12,0,6144,16.765628994521357
4ih2ggld,5,1,tuy3zymq,41,1536,1024,17.08270453630108
4ih2ggld,5,2,pl8uabbv,27,1024,512,18.37632469017528
4ih2ggld,5,3,kbdh4tri,12,0,6144,18.379423299848394
4ih2ggld,5,4,x7u69zsw,13,512,0,18.450789319960883
4ih2ggld,6,0,utfgcjfa,9,0,4608,19.601204243537865
4ih2ggld,6,1,xgj4xftb,35,1024,4608,20.040817206247265
4ih2ggld,6,2,pl8uabbv,3,0,1536,20.555180833714793
4ih2ggld,6,3,xgj4xftb,4,0,2048,20.909142626282133
4ih2ggld,6,4,ufdvpb81,10,0,5120,21.247863653363385
4ih2ggld,7,0,ufdvpb81,10,0,5120,17.33544367250283
4ih2ggld,7,1,xgj4xftb,4,0,2048,17.923696378407303
4ih2ggld,7,2,71vgq3fw,25,512,6144,18.719176020487527
4ih2ggld,7,3,pl8uabbv,40,1536,512,19.061833843135304
4ih2ggld,7,4,x7u69zsw,1,0,512,19.222967947822443
4ih2ggld,8,0,kbdh4tri,48,1536,4608,13.528392343618492
4ih2ggld,8,1,hzumfsms,5,0,2560,15.10994408875143
4ih2ggld,8,2,kbdh4tri,45,1536,3072,15.142978774750409
4ih2ggld,8,3,hzumfsms,10,0,5120,15.35519769423455
4ih2ggld,8,4,x77cy643,10,0,5120,15.425851683006229
4ih2ggld,9,0,utfgcjfa,31,1024,2560,16.125150665992603
4ih2ggld,9,1,cfe5vt7s,45,1536,3072,16.838317297523986
4ih2ggld,9,2,vc2whyaq,19,512,3072,17.098657296518425
4ih2ggld,9,3,cfe5vt7s,21,512,4096,17.332535112190257
4ih2ggld,9,4,9luzk4jm,50,1536,5632,17.37293877494744
4ih2ggld,10,0,ptg8lmto,21,512,4096,13.255691712663902
4ih2ggld,10,1,kbdh4tri,48,1536,4608,13.582863559088448
4ih2ggld,10,2,kbdh4tri,24,512,5632,14.452485162508625
4ih2ggld,10,3,vc2whyaq,19,512,3072,14.69070557143641
4ih2ggld,10,4,x77cy643,10,0,5120,14.767127706821464
4ih2ggld,11,0,xgj4xftb,4,0,2048,17.87247546836948
4ih2ggld,11,1,71vgq3fw,25,512,6144,18.3718414013402
4ih2ggld,11,2,cfe5vt7s,0,0,0,18.481315556222594
4ih2ggld,11,3,ufdvpb81,10,0,5120,19.478425920757843
4ih2ggld,11,4,pl8uabbv,3,0,1536,19.99140686265035
4ih2ggld,12,0,x7u69zsw,13,512,0,15.284219592844224
4ih2ggld,12,1,0grcilhi,5,0,2560,15.89443463548823
4ih2ggld,12,2,cfe5vt7s,22,512,4608,16.001315872067018
4ih2ggld,12,3,ptg8lmto,28,1024,1024,16.456657090401766
4ih2ggld,12,4,x77cy643,5,0,2560,16.50923161100006
4ih2ggld,13,0,0grcilhi,5,0,2560,16.749687445734896
4ih2ggld,13,1,0grcilhi,20,512,3584,18.070181408920305
4ih2ggld,13,2,vc2whyaq,20,512,3584,18.403426557858626
4ih2ggld,13,3,vc2whyaq,47,1536,4096,18.518452094511723
4ih2ggld,13,4,pl8uabbv,25,512,6144,18.59435184210287
4ih2ggld,14,0,utfgcjfa,31,1024,2560,13.685598926873649
4ih2ggld,14,1,x77cy643,12,0,6144,13.871111095493935
4ih2ggld,14,2,utfgcjfa,1,0,512,15.802954023085293
4ih2ggld,14,3,ufdvpb81,20,512,3584,16.60134571507485
4ih2ggld,14,4,ufdvpb81,10,0,5120,16.898291282127385
4ih2ggld,15,0,x77cy643,5,0,2560,17.124777800438103
4ih2ggld,15,1,0grcilhi,20,512,3584,17.700038732998657
4ih2ggld,15,2,tuy3zymq,16,512,1536,17.712947684171482
4ih2ggld,15,3,vc2whyaq,21,512,4096,18.267771088583945
4ih2ggld,15,4,hzumfsms,1,0,512,18.623358588164443
4ih2ggld,16,0,ptg8lmto,0,0,0,15.760621462034367
4ih2ggld,16,1,xgj4xftb,4,0,2048,16.069998837749797
4ih2ggld,16,2,x7u69zsw,1,0,512,17.393781219133384
4ih2ggld,16,3,pl8uabbv,40,1536,512,17.57681079544865
4ih2ggld,16,4,71vgq3fw,25,512,6144,17.609870372214264
4ih2ggld,17,0,utfgcjfa,31,1024,2560,14.974355417377005
4ih2ggld,17,1,x77cy643,12,0,6144,15.874852278753183
4ih2ggld,17,2,x77cy643,16,512,1536,16.536618556849067
4ih2ggld,17,3,vc2whyaq,0,0,0,16.98512738994317
4ih2ggld,17,4,x7u69zsw,16,512,1536,17.462473872462578
4ih2ggld,18,0,cfe5vt7s,20,512,3584,16.07243996991569
4ih2ggld,18,1,xgj4xftb,7,0,3584,16.3910318141936
4ih2ggld,18,2,pl8uabbv,28,1024,1024,16.6451053445864
4ih2ggld,18,3,x77cy643,33,1024,3584,16.90631090253933
4ih2ggld,18,4,utfgcjfa,35,1024,4608,17.427242167954255
4ih2ggld,19,0,vc2whyaq,46,1536,3584,14.857898069484808
4ih2ggld,19,1,0grcilhi,37,1024,5632,15.703865213846505
4ih2ggld,19,2,vc2whyaq,43,1536,2048,16.860086462994726
4ih2ggld,19,3,xgj4xftb,19,512,3072,17.716754589876736
4ih2ggld,19,4,pl8uabbv,40,1536,512,18.533673583598755
4ih2ggld,20,0,ptg8lmto,33,1024,3584,16.125899768837048
4ih2ggld,20,1,ptg8lmto,9,0,4608,17.05245696954824
4ih2ggld,20,2,tuy3zymq,30,1024,2048,17.517191699170688
4ih2ggld,20,3,pl8uabbv,4,0,2048,18.71010522332914
4ih2ggld,20,4,tuy3zymq,25,512,6144,19.07603296532269
4ih2ggld,21,0,9luzk4jm,10,0,5120,17.96954078730583
4ih2ggld,21,1,vc2whyaq,2,0,1024,17.976766328488846
4ih2ggld,21,2,0grcilhi,24,512,5632,18.206593849328392
4ih2ggld,21,3,cfe5vt7s,13,512,0,18.29859974275066
4ih2ggld,21,4,x7u69zsw,13,512,0,18.48967329369653
4ih2ggld,22,0,x77cy643,48,1536,4608,14.249681818108687
4ih2ggld,22,1,utfgcjfa,31,1024,2560,14.80956948195033
4ih2ggld,22,2,pl8uabbv,4,0,2048,16.0959934396475
4ih2ggld,22,3,ptg8lmto,9,0,4608,16.46593926237175
4ih2ggld,22,4,x77cy643,12,0,6144,17.059910683763444
4ih2ggld,23,0,vc2whyaq,21,512,4096,12.939344182070503
4ih2ggld,23,1,pl8uabbv,4,0,2048,13.542693815217776
4ih2ggld,23,2,utfgcjfa,31,1024,2560,13.93413830025145
4ih2ggld,23,3,pl8uabbv,47,1536,4096,14.712962416270514
4ih2ggld,23,4,pl8uabbv,43,1536,2048,14.778092422170507
4ih2ggld,24,0,utfgcjfa,31,1024,2560,15.96029554370571
4ih2ggld,24,1,vc2whyaq,21,512,4096,16.57039110953773
4ih2ggld,24,2,utfgcjfa,15,512,1024,16.93965034262825
4ih2ggld,24,3,x77cy643,33,1024,3584,17.193712959615564
4ih2ggld,24,4,cfe5vt7s,45,1536,3072,17.394553974191094
4ih2ggld,25,0,utfgcjfa,35,1024,4608,17.56866918772008
4ih2ggld,25,1,ufdvpb81,10,0,5120,17.77397626016737
4ih2ggld,25,2,vc2whyaq,24,512,5632,18.19730935345123
4ih2ggld,25,3,vc2whyaq,21,512,4096,18.961435925358533
4ih2ggld,25,4,cfe5vt7s,20,512,3584,19.012534032344057
4ih2ggld,26,0,x77cy643,42,1536,1536,17.11293649498624
4ih2ggld,26,1,kbdh4tri,31,1024,2560,17.84893255549315
4ih2ggld,26,2,vc2whyaq,38,1024,6144,17.942604826486157
4ih2ggld,26,3,tuy3zymq,29,1024,1536,17.97540272050572
4ih2ggld,26,4,x7u69zsw,17,512,2048,18.40675919807204
4ih2ggld,27,0,utfgcjfa,31,1024,2560,14.695122751278415
4ih2ggld,27,1,vc2whyaq,21,512,4096,15.177252629631546
4ih2ggld,27,2,x7u69zsw,17,512,2048,16.038016307435218
4ih2ggld,27,3,x77cy643,12,0,6144,17.297654054718485
4ih2ggld,27,4,cfe5vt7s,45,1536,3072,17.513608521121988
4ih2ggld,28,0,x7u69zsw,17,512,2048,15.906579827090967
4ih2ggld,28,1,hzumfsms,40,1536,512,17.0285595320721
4ih2ggld,28,2,cfe5vt7s,21,512,4096,17.588871888970704
4ih2ggld,28,3,utfgcjfa,31,1024,2560,17.834085811797483
4ih2ggld,28,4,x77cy643,12,0,6144,17.854493188425728
4ih2ggld,29,0,vc2whyaq,21,512,4096,17.390605226944558
4ih2ggld,29,1,ufdvpb81,10,0,5120,17.480449141232917
4ih2ggld,29,2,pl8uabbv,4,0,2048,17.68567183614028
4ih2ggld,29,3,x77cy643,27,1024,512,17.728640452171
4ih2ggld,29,4,utfgcjfa,31,1024,2560,17.735138754537562
4ih2ggld,30,0,cfe5vt7s,20,512,3584,15.266681978643811
4ih2ggld,30,1,pl8uabbv,51,1536,6144,15.300178168575982
4ih2ggld,30,2,pl8uabbv,28,1024,1024,15.67157004978574
4ih2ggld,30,3,xgj4xftb,26,1024,0,15.813392550700907
4ih2ggld,30,4,mgxahqnk,28,1024,1024,15.878821786058353
4ih2ggld,31,0,pl8uabbv,16,512,1536,19.606073906823127
4ih2ggld,31,1,pl8uabbv,17,512,2048,20.332001841114927
4ih2ggld,31,2,ufdvpb81,10,0,5120,20.428785846701498
4ih2ggld,31,3,utfgcjfa,2,0,1024,20.4346862184194
4ih2ggld,31,4,vc2whyaq,21,512,4096,20.746093414104127
4ih2ggld,32,0,tuy3zymq,30,1024,2048,13.955643007486612
4ih2ggld,32,1,9luzk4jm,32,1024,3072,14.765856645276871
4ih2ggld,32,2,pl8uabbv,51,1536,6144,14.888156253393996
4ih2ggld,32,3,hzumfsms,5,0,2560,14.97047028993929
4ih2ggld,32,4,9luzk4jm,33,1024,3584,15.11405430737176
4ih2ggld,33,0,ptg8lmto,33,1024,3584,17.03738870765323
4ih2ggld,33,1,vc2whyaq,1,0,512,17.374998648519053
4ih2ggld,33,2,vc2whyaq,39,1536,0,18.191116370962682
4ih2ggld,33,3,0grcilhi,18,512,2560,18.55658726980653
4ih2ggld,33,4,9luzk4jm,5,0,2560,18.579491953722698
4ih2ggld,34,0,utfgcjfa,43,1536,2048,19.08759452367096
4ih2ggld,34,1,mgxahqnk,17,512,2048,20.558476651244867
4ih2ggld,34,2,cfe5vt7s,0,0,0,21.108852629476534
4ih2ggld,34,3,ufdvpb81,10,0,5120,22.072377891777425
4ih2ggld,34,4,utfgcjfa,9,0,4608,22.161521855957634
4ih2ggld,35,0,ufdvpb81,42,1536,1536,16.03358225927296
4ih2ggld,35,1,71vgq3fw,3,0,1536,16.201766237720925
4ih2ggld,35,2,x77cy643,33,1024,3584,16.44310262340648
4ih2ggld,35,3,pl8uabbv,51,1536,6144,16.53929680571495
4ih2ggld,35,4,x7u69zsw,48,1536,4608,16.862449218849285
4ih2ggld,36,0,x77cy643,26,1024,0,18.52696602129136
4ih2ggld,36,1,cfe5vt7s,43,1536,2048,18.976381692763773
4ih2ggld,36,2,vc2whyaq,21,512,4096,19.126997617537633
4ih2ggld,36,3,x7u69zsw,13,512,0,19.14960426596489
4ih2ggld,36,4,kbdh4tri,12,0,6144,19.56016662856774
4ih2ggld,37,0,cfe5vt7s,22,512,4608,15.68223603317107
4ih2ggld,37,1,x77cy643,42,1536,1536,16.848251912780142
4ih2ggld,37,2,vc2whyaq,20,512,3584,17.132232627692073
4ih2ggld,37,3,9luzk4jm,51,1536,6144,17.24607080124729
4ih2ggld,37,4,vc2whyaq,38,1024,6144,17.44448910621972
4ih2ggld,38,0,xgj4xftb,26,1024,0,17.318822596177167
4ih2ggld,38,1,xgj4xftb,7,0,3584,17.429647842394097
4ih2ggld,38,2,x7u69zsw,7,0,3584,17.875951900164097
4ih2ggld,38,3,kbdh4tri,25,512,6144,18.506311364689395
4ih2ggld,38,4,xgj4xftb,29,1024,1536,18.952864622147693
4ih2ggld,39,0,xgj4xftb,4,0,2048,19.8886767694403
4ih2ggld,39,1,71vgq3fw,25,512,6144,20.286300050134187
4ih2ggld,39,2,utfgcjfa,2,0,1024,21.645398015348015
4ih2ggld,39,3,x7u69zsw,26,1024,0,22.17379879964227
4ih2ggld,39,4,ptg8lmto,5,0,2560,22.2291604989678
4ih2ggld,40,0,ufdvpb81,10,0,5120,12.516987246887934
4ih2ggld,40,1,xgj4xftb,4,0,2048,13.371157270028005
4ih2ggld,40,2,x77cy643,27,1024,512,17.301677359025554
4ih2ggld,40,3,tuy3zymq,23,512,5120,17.8811750250214
4ih2ggld,40,4,vc2whyaq,24,512,5632,17.891541233142895
4ih2ggld,41,0,xgj4xftb,4,0,2048,20.44163480533125
4ih2ggld,41,1,ufdvpb81,10,0,5120,21.213922506942026
4ih2ggld,41,2,71vgq3fw,25,512,6144,21.50991122808181
4ih2ggld,41,3,71vgq3fw,7,0,3584,21.522308353583337
4ih2ggld,41,4,pl8uabbv,3,0,1536,23.67756049169502
4ih2ggld,42,0,pl8uabbv,3,0,1536,15.83995022122379
4ih2ggld,42,1,xgj4xftb,4,0,2048,22.505804952177733
4ih2ggld,42,2,utfgcjfa,43,1536,2048,22.97290775447649
4ih2ggld,42,3,71vgq3fw,25,512,6144,24.448837042979356
4ih2ggld,42,4,cfe5vt7s,0,0,0,24.461188956972002
4ih2ggld,43,0,xgj4xftb,35,1024,4608,19.287185682853163
4ih2ggld,43,1,pl8uabbv,40,1536,512,19.7108502800149
4ih2ggld,43,2,71vgq3fw,30,1024,2048,20.752177642616978
4ih2ggld,43,3,ufdvpb81,10,0,5120,20.761787638315447
4ih2ggld,43,4,ptg8lmto,27,1024,512,20.96151954869437
4ih2ggld,44,0,xgj4xftb,6,0,3072,19.80210665017301
4ih2ggld,44,1,xgj4xftb,36,1024,5120,20.719760378249525
4ih2ggld,44,2,pl8uabbv,48,1536,4608,21.858328349361756
4ih2ggld,44,3,x7u69zsw,38,1024,6144,21.940021164617388
4ih2ggld,44,4,utfgcjfa,38,1024,6144,21.96322817072996
4ih2ggld,45,0,vc2whyaq,21,512,4096,14.980303716914003
4ih2ggld,45,1,x7u69zsw,13,512,0,15.80831471736925
4ih2ggld,45,2,vc2whyaq,12,0,6144,16.07212410045373
4ih2ggld,45,3,x77cy643,12,0,6144,17.8181804740172
4ih2ggld,45,4,utfgcjfa,31,1024,2560,17.888937889981438
4ih2ggld,46,0,ptg8lmto,33,1024,3584,16.39263016465787
4ih2ggld,46,1,pl8uabbv,4,0,2048,16.963670890353374
4ih2ggld,46,2,pl8uabbv,33,1024,3584,17.313472880385806
4ih2ggld,46,3,vc2whyaq,2,0,1024,17.360402666129563
4ih2ggld,46,4,utfgcjfa,31,1024,2560,17.40681308968858
4ih2ggld,47,0,pl8uabbv,4,0,2048,14.86259509856431
4ih2ggld,47,1,vc2whyaq,21,512,4096,15.683172789084834
4ih2ggld,47,2,x7u69zsw,13,512,0,16.277787152376025
4ih2ggld,47,3,0grcilhi,24,512,5632,16.307735688341783
4ih2ggld,47,4,ptg8lmto,9,0,4608,16.345850232127432
4ih2ggld,48,0,ptg8lmto,9,0,4608,18.467555617562073
4ih2ggld,48,1,vc2whyaq,21,512,4096,18.51413697493949
4ih2ggld,48,2,xgj4xftb,32,1024,3072,18.653494809578984
4ih2ggld,48,3,utfgcjfa,49,1536,5120,19.24009850192647
4ih2ggld,48,4,utfgcjfa,35,1024,4608,19.61493664696271
4ih2ggld,49,0,ptg8lmto,9,0,4608,15.600940512293981
4ih2ggld,49,1,ptg8lmto,33,1024,3584,16.482959617787177
4ih2ggld,49,2,hzumfsms,5,0,2560,16.565175354130464
4ih2ggld,49,3,pl8uabbv,4,0,2048,17.112976677312577
4ih2ggld,49,4,hzumfsms,7,0,3584,17.8931291164129
4ih2ggld,50,0,xgj4xftb,4,0,2048,17.754945850798066
4ih2ggld,50,1,ufdvpb81,10,0,5120,19.254242396651684
4ih2ggld,50,2,utfgcjfa,9,0,4608,21.0663944977923
4ih2ggld,50,3,x77cy643,27,1024,512,21.691867791240405
4ih2ggld,50,4,71vgq3fw,25,512,6144,22.15212802202158
4ih2ggld,51,0,cfe5vt7s,20,512,3584,13.679886591717297
4ih2ggld,51,1,9luzk4jm,32,1024,3072,14.478008180866832
4ih2ggld,51,2,x77cy643,5,0,2560,16.377305640501437
4ih2ggld,51,3,utfgcjfa,35,1024,4608,16.61239207232708
4ih2ggld,51,4,hzumfsms,42,1536,1536,16.82223935530265
5n1q8atc,0,0,x77cy643,27,1024,512,20.927334832230652
5n1q8atc,0,1,hzumfsms,5,0,2560,21.2907346421761
5n1q8atc,0,2,pl8uabbv,4,0,2048,21.411970058220803
5n1q8atc,0,3,utfgcjfa,31,1024,2560,21.480282697208295
5n1q8atc,0,4,ufdvpb81,10,0,5120,21.621658560682892
5n1q8atc,1,0,utfgcjfa,35,1024,4608,17.523424339791465
5n1q8atc,1,1,ufdvpb81,10,0,5120,17.558847178727312
5n1q8atc,1,2,vc2whyaq,21,512,4096,17.570101551081947
5n1q8atc,1,3,x77cy643,27,1024,512,17.759997336624668
5n1q8atc,1,4,ptg8lmto,16,512,1536,17.95898841735383
5n1q8atc,2,0,utfgcjfa,1,0,512,11.841353794953775
5n1q8atc,2,1,cfe5vt7s,20,512,3584,13.693477951563787
5n1q8atc,2,2,9luzk4jm,32,1024,3072,15.450544507358275
5n1q8atc,2,3,utfgcjfa,31,1024,2560,15.586774399741506
5n1q8atc,2,4,pl8uabbv,47,1536,4096,15.856191510194733
5n1q8atc,3,0,ufdvpb81,10,0,5120,13.903535057365474
5n1q8atc,3,1,xgj4xftb,4,0,2048,14.045539036853576
5n1q8atc,3,2,utfgcjfa,35,1024,4608,14.947045453097525
5n1q8atc,3,3,vc2whyaq,12,0,6144,15.517755795121426
5n1q8atc,3,4,vc2whyaq,24,512,5632,16.184796446777533
5n1q8atc,4,0,vc2whyaq,26,1024,0,13.890086201940536
5n1q8atc,4,1,vc2whyaq,38,1024,6144,14.698331215678623
5n1q8atc,4,2,utfgcjfa,31,1024,2560,14.855225012410681
5n1q8atc,4,3,vc2whyaq,47,1536,4096,15.359016294946535
5n1q8atc,4,4,vc2whyaq,21,512,4096,15.637069151557215
5n1q8atc,5,0,xgj4xftb,4,0,2048,18.97966379590032
5n1q8atc,5,1,71vgq3fw,7,0,3584,19.66750450644875
5n1q8atc,5,2,ptg8lmto,0,0,0,19.833823549533903
5n1q8atc,5,3,71vgq3fw,25,512,6144,20.159277442879976
5n1q8atc,5,4,x7u69zsw,1,0,512,21.355104052645654
5n1q8atc,6,0,ptg8lmto,2,0,1024,16.02461499179342
5n1q8atc,6,1,kbdh4tri,45,1536,3072,17.149662329002474
5n1q8atc,6,2,vc2whyaq,16,512,1536,17.465659749641176
5n1q8atc,6,3,hzumfsms,5,0,2560,17.490140291784595
5n1q8atc,6,4,hzumfsms,7,0,3584,17.566903049264376
5n1q8atc,7,0,tuy3zymq,40,1536,512,16.092852822053228
5n1q8atc,7,1,ptg8lmto,16,512,1536,16.496654127223316
5n1q8atc,7,2,xgj4xftb,8,0,4096,17.28225600451234
5n1q8atc,7,3,pl8uabbv,4,0,2048,17.699610548198176
5n1q8atc,7,4,x7u69zsw,38,1024,6144,18.085685863019652
5n1q8atc,8,0,vc2whyaq,21,512,4096,16.241704249722673
5n1q8atc,8,1,x7u69zsw,13,512,0,16.469426457321475
5n1q8atc,8,2,pl8uabbv,43,1536,2048,16.72015183155125
5n1q8atc,8,3,utfgcjfa,21,512,4096,16.80294232093541
5n1q8atc,8,4,x77cy643,5,0,2560,17.32581643889401
5n1q8atc,9,0,vc2whyaq,12,0,6144,19.131990455948273
5n1q8atc,9,1,71vgq3fw,25,512,6144,22.244559342000635
5n1q8atc,9,2,x7u69zsw,13,512,0,22.59615093510777
5n1q8atc,9,3,ufdvpb81,20,512,3584,22.981129712748732
5n1q8atc,9,4,xgj4xftb,4,0,2048,22.991138744420287
5n1q8atc,10,0,pl8uabbv,3,0,1536,20.699112850276332
5n1q8atc,10,1,xgj4xftb,4,0,2048,22.881640991947712
5n1q8atc,10,2,utfgcjfa,43,1536,2048,24.569562570296267
5n1q8atc,10,3,cfe5vt7s,0,0,0,25.100790352855643
5n1q8atc,10,4,ufdvpb81,10,0,5120,25.377548610475433
5n1q8atc,11,0,x77cy643,19,512,3072,18.00198150928827
5n1q8atc,11,1,utfgcjfa,2,0,1024,18.114290980411123
5n1q8atc,11,2,pl8uabbv,4,0,2048,18.503628545556737
5n1q8atc,11,3,ptg8lmto,5,0,2560,19.154277562716445
5n1q8atc,11,4,hzumfsms,7,0,3584,19.222178968580977
5n1q8atc,12,0,pl8uabbv,3,0,1536,17.699600397784035
5n1q8atc,12,1,pl8uabbv,40,1536,512,17.92946524023358
5n1q8atc,12,2,71vgq3fw,30,1024,2048,17.997817313694
5n1q8atc,12,3,71vgq3fw,25,512,6144,18.46988935341919
5n1q8atc,12,4,ptg8lmto,0,0,0,18.485492659854568
5n1q8atc,13,0,utfgcjfa,9,0,4608,18.505242268678725
5n1q8atc,13,1,pl8uabbv,16,512,1536,18.819716279887423
5n1q8atc,13,2,ufdvpb81,43,1536,2048,18.939504076267667
5n1q8atc,13,3,utfgcjfa,38,1024,6144,18.951552780862887
5n1q8atc,13,4,vc2whyaq,21,512,4096,19.240010695124504
5n1q8atc,14,0,utfgcjfa,35,1024,4608,12.907610600082831
5n1q8atc,14,1,vc2whyaq,12,0,6144,12.967018390564421
5n1q8atc,14,2,vc2whyaq,21,512,4096,14.214348496252592
5n1q8atc,14,3,kbdh4tri,42,1536,1536,15.359237453166894
5n1q8atc,14,4,ufdvpb81,20,512,3584,15.50163700490696
5n1q8atc,15,0,ufdvpb81,20,512,3584,18.9623071875429
5n1q8atc,15,1,ufdvpb81,10,0,5120,19.258163795431166
5n1q8atc,15,2,vc2whyaq,12,0,6144,19.826408175785687
5n1q8atc,15,3,x77cy643,4,0,2048,20.567428752044478
5n1q8atc,15,4,vc2whyaq,45,1536,3072,20.776812201796314
5n1q8atc,16,0,utfgcjfa,35,1024,4608,13.126008956965046
5n1q8atc,16,1,utfgcjfa,1,0,512,13.22825054566311
5n1q8atc,16,2,utfgcjfa,31,1024,2560,13.564208799968188
5n1q8atc,16,3,pl8uabbv,47,1536,4096,14.209690767277483
5n1q8atc,16,4,ptg8lmto,33,1024,3584,14.408910122060767
5n1q8atc,17,0,vc2whyaq,21,512,4096,14.446652019383665
5n1q8atc,17,1,pl8uabbv,43,1536,2048,16.06140308684284
5n1q8atc,17,2,utfgcjfa,35,1024,4608,16.323793324305157
5n1q8atc,17,3,utfgcjfa,31,1024,2560,16.338852376886692
5n1q8atc,17,4,cfe5vt7s,20,512,3584,16.343329322636762
5n1q8atc,18,0,vc2whyaq,21,512,4096,17.28215353619175
5n1q8atc,18,1,hzumfsms,5,0,2560,17.60100690552178
5n1q8atc,18,2,cfe5vt7s,45,1536,3072,18.46454626712038
5n1q8atc,18,3,utfgcjfa,31,1024,2560,18.767513419568555
5n1q8atc,18,4,pl8uabbv,16,512,1536,19.225285065563575
5n1q8atc,19,0,xgj4xftb,19,512,3072,16.740514765534872
5n1q8atc,19,1,71vgq3fw,25,512,6144,18.50563887984223
5n1q8atc,19,2,tuy3zymq,23,512,5120,18.53985539960488
5n1q8atc,19,3,vc2whyaq,12,0,6144,18.6736128653038
5n1q8atc,19,4,cfe5vt7s,0,0,0,19.331596686889025
5n1q8atc,20,0,vc2whyaq,21,512,4096,17.83527334454554
5n1q8atc,20,1,vc2whyaq,1,0,512,18.280234477184152
5n1q8atc,20,2,vc2whyaq,50,1536,5632,18.301264984797825
5n1q8atc,20,3,cfe5vt7s,43,1536,2048,18.953863890478516
5n1q8atc,20,4,utfgcjfa,31,1024,2560,19.16869503645406
5n1q8atc,21,0,cfe5vt7s,0,0,0,15.950465712722709
5n1q8atc,21,1,tuy3zymq,40,1536,512,16.534147680251696
5n1q8atc,21,2,utfgcjfa,35,1024,4608,18.10579320996255
5n1q8atc,21,3,utfgcjfa,9,0,4608,18.403748517598558
5n1q8atc,21,4,xgj4xftb,8,0,4096,18.480651643619407
5n1q8atc,22,0,pl8uabbv,3,0,1536,18.77066131199254
5n1q8atc,22,1,ufdvpb81,10,0,5120,18.970144615803626
5n1q8atc,22,2,xgj4xftb,4,0,2048,20.14256953490417
5n1q8atc,22,3,71vgq3fw,44,1536,2560,20.437961717859878
5n1q8atc,22,4,71vgq3fw,25,512,6144,21.330313907962033
5n1q8atc,23,0,pl8uabbv,3,0,1536,16.41661605394919
5n1q8atc,23,1,mgxahqnk,35,1024,4608,16.57793816046286
5n1q8atc,23,2,cfe5vt7s,0,0,0,18.602241329803483
5n1q8atc,23,3,xgj4xftb,4,0,2048,20.01943371935464
5n1q8atc,23,4,ptg8lmto,0,0,0,20.335164193994807
5n1q8atc,24,0,ufdvpb81,10,0,5120,12.786870035553344
5n1q8atc,24,1,x77cy643,27,1024,512,14.462683476164518
5n1q8atc,24,2,pl8uabbv,17,512,2048,16.046130218403746
5n1q8atc,24,3,utfgcjfa,31,1024,2560,17.08545374947175
5n1q8atc,24,4,utfgcjfa,2,0,1024,17.264817870600474
5n1q8atc,25,0,pl8uabbv,4,0,2048,15.462774929963608
5n1q8atc,25,1,utfgcjfa,31,1024,2560,15.978817264941041
5n1q8atc,25,2,utfgcjfa,48,1536,4608,17.01036201925845
5n1q8atc,25,3,vc2whyaq,21,512,4096,17.013315786513612
5n1q8atc,25,4,x77cy643,27,1024,512,17.16811324225011
5n1q8atc,26,0,71vgq3fw,25,512,6144,16.156506235869603
5n1q8atc,26,1,cfe5vt7s,0,0,0,16.181799965002483
5n1q8atc,26,2,xgj4xftb,4,0,2048,17.061043009134355
5n1q8atc,26,3,kbdh4tri,51,1536,6144,17.173864588406285
5n1q8atc,26,4,x7u69zsw,26,1024,0,17.349814591463506
5n1q8atc,27,0,vc2whyaq,21,512,4096,15.484550390595405
5n1q8atc,27,1,ufdvpb81,10,0,5120,16.151925228342762
5n1q8atc,27,2,utfgcjfa,31,1024,2560,16.566101801967392
5n1q8atc,27,3,pl8uabbv,27,1024,512,17.153597364254072
5n1q8atc,27,4,x77cy643,27,1024,512,17.550089009883326
5n1q8atc,28,0,ufdvpb81,20,512,3584,17.826811311310713
5n1q8atc,28,1,vc2whyaq,12,0,6144,18.197320953060608
5n1q8atc,28,2,ptg8lmto,16,512,1536,18.761219140498714
5n1q8atc,28,3,ufdvpb81,10,0,5120,18.82286348113102
5n1q8atc,28,4,xgj4xftb,4,0,2048,19.002182800997986
5n1q8atc,29,0,tuy3zymq,23,512,5120,14.130581412974212
5n1q8atc,29,1,hzumfsms,42,1536,1536,14.95404755808682
5n1q8atc,29,2,ufdvpb81,10,0,5120,15.102546916747299
5n1q8atc,29,3,xgj4xftb,4,0,2048,15.392690623045658
5n1q8atc,29,4,vc2whyaq,0,0,0,16.277783934213936
5n1q8atc,30,0,vc2whyaq,12,0,6144,18.754648783969625
5n1q8atc,30,1,9luzk4jm,32,1024,3072,19.233111054789248
5n1q8atc,30,2,x7u69zsw,13,512,0,19.31706172688085
5n1q8atc,30,3,ptg8lmto,9,0,4608,19.346665054780598
5n1q8atc,30,4,x7u69zsw,17,512,2048,19.533224969063138
5n1q8atc,31,0,utfgcjfa,49,1536,5120,13.706913565742232
5n1q8atc,31,1,x77cy643,48,1536,4608,13.929530494152885
5n1q8atc,31,2,utfgcjfa,8,0,4096,14.544297708332698
5n1q8atc,31,3,ptg8lmto,33,1024,3584,14.735522716267699
5n1q8atc,31,4,pl8uabbv,33,1024,3584,14.911071547455196
5n1q8atc,32,0,ufdvpb81,10,0,5120,14.242421161567199
5n1q8atc,32,1,xgj4xftb,4,0,2048,15.882031384370267
5n1q8atc,32,2,71vgq3fw,25,512,6144,16.95456461982059
5n1q8atc,32,3,71vgq3fw,44,1536,2560,17.604949343086695
5n1q8atc,32,4,vc2whyaq,24,512,5632,18.46326840977186
5n1q8atc,33,0,xgj4xftb,4,0,2048,23.323213275551435
5n1q8atc,33,1,hzumfsms,42,1536,1536,23.945423495148376
5n1q8atc,33,2,utfgcjfa,42,1536,1536,24.092409358705762
5n1q8atc,33,3,xgj4xftb,30,1024,2048,24.17634965870195
5n1q8atc,33,4,ufdvpb81,10,0,5120,24.252448416368967
5n1q8atc,34,0,utfgcjfa,9,0,4608,16.869275412338265
5n1q8atc,34,1,cfe5vt7s,0,0,0,17.153897638216957
5n1q8atc,34,2,tuy3zymq,40,1536,512,17.62395679135506
5n1q8atc,34,3,utfgcjfa,2,0,1024,17.652851317275367
5n1q8atc,34,4,71vgq3fw,25,512,6144,17.953976630174893
5n1q8atc,35,0,71vgq3fw,44,1536,2560,18.38569909754546
5n1q8atc,35,1,ufdvpb81,10,0,5120,19.28705786012098
5n1q8atc,35,2,pl8uabbv,3,0,1536,20.22090561536423
5n1q8atc,35,3,xgj4xftb,4,0,2048,20.67144926277773
5n1q8atc,35,4,cfe5vt7s,0,0,0,20.747362186081887
5n1q8atc,36,0,pl8uabbv,3,0,1536,13.733482959178462
5n1q8atc,36,1,utfgcjfa,43,1536,2048,19.612376630313957
5n1q8atc,36,2,mgxahqnk,35,1024,4608,22.887891818276128
5n1q8atc,36,3,xgj4xftb,4,0,2048,23.21127752979195
5n1q8atc,36,4,ufdvpb81,25,512,6144,23.844927171533485
5n1q8atc,37,0,ufdvpb81,10,0,5120,14.006894373528699
5n1q8atc,37,1,x77cy643,12,0,6144,15.459061778023218
5n1q8atc,37,2,utfgcjfa,31,1024,2560,15.90794723941639
5n1q8atc,37,3,vc2whyaq,0,0,0,16.130372550978574
5n1q8atc,37,4,tuy3zymq,23,512,5120,16.568060572244704
5n1q8atc,38,0,tuy3zymq,23,512,5120,15.993277094321803
5n1q8atc,38,1,xgj4xftb,4,0,2048,16.60956564010382
5n1q8atc,38,2,71vgq3fw,25,512,6144,17.09055956799427
5n1q8atc,38,3,ufdvpb81,20,512,3584,18.145377085889763
5n1q8atc,38,4,ufdvpb81,10,0,5120,18.19933828892715
5n1q8atc,39,0,mgxahqnk,8,0,4096,15.819332180954776
5n1q8atc,39,1,cfe5vt7s,44,1536,2560,16.216988010039753
5n1q8atc,39,2,ptg8lmto,1,0,512,16.2745327703776
5n1q8atc,39,3,x7u69zsw,8,0,4096,16.636654474229466
5n1q8atc,39,4,cfe5vt7s,43,1536,2048,16.80967748870725
5n1q8atc,40,0,cfe5vt7s,20,512,3584,14.885215380504324
5n1q8atc,40,1,vc2whyaq,24,512,5632,15.479185410918168
5n1q8atc,40,2,x77cy643,33,1024,3584,16.26517593127958
5n1q8atc,40,3,x7u69zsw,49,1536,5120,17.08442788759526
5n1q8atc,40,4,ufdvpb81,10,0,5120,17.64684868236647
5n1q8atc,41,0,utfgcjfa,31,1024,2560,15.522276404600042
5n1q8atc,41,1,ufdvpb81,10,0,5120,15.654196817597127
5n1q8atc,41,2,x77cy643,27,1024,512,16.12782236365436
5n1q8atc,41,3,x77cy643,12,0,6144,16.222467985240023
5n1q8atc,41,4,vc2whyaq,2,0,1024,16.554504661273246
5n1q8atc,42,0,tuy3zymq,30,1024,2048,16.008706409100323
5n1q8atc,42,1,pl8uabbv,47,1536,4096,16.992207787099293
5n1q8atc,42,2,x77cy643,33,1024,3584,17.040511265870062
5n1q8atc,42,3,vc2whyaq,26,1024,0,17.48851582906908
5n1q8atc,42,4,hzumfsms,40,1536,512,17.62579540322592
5n1q8atc,43,0,71vgq3fw,44,1536,2560,20.282125243245527
5n1q8atc,43,1,vc2whyaq,12,0,6144,20.657433043921543
5n1q8atc,43,2,utfgcjfa,35,1024,4608,20.891555093089277
5n1q8atc,43,3,71vgq3fw,25,512,6144,21.67656573613453
5n1q8atc,43,4,x7u69zsw,41,1536,1024,21.735786521033408
5n1q8atc,44,0,x7u69zsw,26,1024,0,13.40298718312765
5n1q8atc,44,1,pl8uabbv,40,1536,512,13.725138437501386
5n1q8atc,44,2,ptg8lmto,7,0,3584,14.203734287408876
5n1q8atc,44,3,kbdh4tri,18,512,2560,14.314781297962254
5n1q8atc,44,4,tuy3zymq,40,1536,512,14.864380697402199
5n1q8atc,45,0,utfgcjfa,43,1536,2048,16.554998104218974
5n1q8atc,45,1,pl8uabbv,3,0,1536,18.09514340975046
5n1q8atc,45,2,mgxahqnk,35,1024,4608,19.67654864995256
5n1q8atc,45,3,cfe5vt7s,50,1536,5632,21.230349827034132
5n1q8atc,45,4,cfe5vt7s,0,0,0,21.76469433699308
5n1q8atc,46,0,71vgq3fw,25,512,6144,17.051240934691666
5n1q8atc,46,1,ufdvpb81,10,0,5120,17.204347406319606
5n1q8atc,46,2,xgj4xftb,4,0,2048,18.283466109584825
5n1q8atc,46,3,ufdvpb81,20,512,3584,18.636710048660323
5n1q8atc,46,4,utfgcjfa,35,1024,4608,18.708296300592274
5n1q8atc,47,0,71vgq3fw,30,1024,2048,17.932689690330687
5n1q8atc,47,1,71vgq3fw,7,0,3584,18.045903292746186
5n1q8atc,47,2,ptg8lmto,0,0,0,18.073483178944752
5n1q8atc,47,3,ptg8lmto,16,512,1536,18.37676491559392
5n1q8atc,47,4,xgj4xftb,4,0,2048,18.704793592876108
5n1q8atc,48,0,vc2whyaq,38,1024,6144,14.361701601926562
5n1q8atc,48,1,vc2whyaq,20,512,3584,14.849570866514373
5n1q8atc,48,2,utfgcjfa,45,1536,3072,15.366493482476109
5n1q8atc,48,3,tuy3zymq,29,1024,1536,15.503274878879388
5n1q8atc,48,4,hzumfsms,40,1536,512,16.067292435539656
5n1q8atc,49,0,cfe5vt7s,22,512,4608,13.543532751198319
5n1q8atc,49,1,vc2whyaq,21,512,4096,13.559839220313638
5n1q8atc,49,2,ufdvpb81,23,512,5120,14.001700891609932
5n1q8atc,49,3,utfgcjfa,31,1024,2560,14.404278727667014
5n1q8atc,49,4,x77cy643,33,1024,3584,14.658199552084149
5n1q8atc,50,0,0grcilhi,37,1024,5632,15.32674104259596
5n1q8atc,50,1,x7u69zsw,13,512,0,17.113505769515942
5n1q8atc,50,2,9luzk4jm,46,1536,3584,17.362960950574603
5n1q8atc,50,3,vc2whyaq,2,0,1024,17.42145595398361
5n1q8atc,50,4,9luzk4jm,12,0,6144,17.54468135374712
5n1q8atc,51,0,vc2whyaq,12,0,6144,18.472789493819125
5n1q8atc,51,1,ufdvpb81,10,0,5120,18.83404810541183
5n1q8atc,51,2,xgj4xftb,4,0,2048,18.898185323151964
5n1q8atc,51,3,x77cy643,27,1024,512,19.479452301790335
5n1q8atc,51,4,utfgcjfa,35,1024,4608,20.112565855848842
f1vzngrs,0,0,utfgcjfa,43,1536,2048,20.51769291193789
f1vzngrs,0,1,vc2whyaq,5,0,2560,20.562554281618493
f1vzngrs,0,2,hawkfj64,16,512,1536,21.264565823075923
f1vzngrs,0,3,hawkfj64,26,1024,0,22.590947276550505
f1vzngrs,0,4,ptg8lmto,27,1024,512,22.606288431424144
f1vzngrs,1,0,ufdvpb81,25,512,6144,15.027378290383462
f1vzngrs,1,1,utfgcjfa,43,1536,2048,17.988496488371037
f1vzngrs,1,2,mgxahqnk,35,1024,4608,19.22090910474341
f1vzngrs,1,3,cfe5vt7s,50,1536,5632,20.110668908831613
f1vzngrs,1,4,hawkfj64,26,1024,0,21.21365223811266
f1vzngrs,2,0,utfgcjfa,43,1536,2048,14.14714408360571
f1vzngrs,2,1,pl8uabbv,3,0,1536,20.37000741098236
f1vzngrs,2,2,mgxahqnk,35,1024,4608,20.94380961489988
f1vzngrs,2,3,cfe5vt7s,50,1536,5632,20.94615834737395
f1vzngrs,2,4,hawkfj64,26,1024,0,21.427320002335627
f1vzngrs,3,0,utfgcjfa,2,0,1024,16.503577134257675
f1vzngrs,3,1,ufdvpb81,10,0,5120,16.79628492773318
f1vzngrs,3,2,vc2whyaq,12,0,6144,17.022297157936787
f1vzngrs,3,3,71vgq3fw,25,512,6144,17.072330825863993
f1vzngrs,3,4,utfgcjfa,8,0,4096,18.332959685431103
f1vzngrs,4,0,hzumfsms,45,1536,3072,14.31502669513819
f1vzngrs,4,1,cfe5vt7s,50,1536,5632,15.176899402208134
f1vzngrs,4,2,pl8uabbv,40,1536,512,15.246742172194933
f1vzngrs,4,3,pl8uabbv,23,512,5120,15.868040263983437
f1vzngrs,4,4,utfgcjfa,2,0,1024,16.34026009389311
f1vzngrs,5,0,utfgcjfa,43,1536,2048,15.886963198333572
f1vzngrs,5,1,xgj4xftb,25,512,6144,18.12080838763383
f1vzngrs,5,2,hawkfj64,26,1024,0,18.43804724379974
f1vzngrs,5,3,ptg8lmto,27,1024,512,19.912121080954744
f1vzngrs,5,4,hawkfj64,16,512,1536,20.203019709718394
f1vzngrs,6,0,0grcilhi,32,1024,3072,18.401068659330026
f1vzngrs,6,1,utfgcjfa,43,1536,2048,19.509843578297485
f1vzngrs,6,2,mgxahqnk,18,512,2560,20.618058174548494
f1vzngrs,6,3,x7u69zsw,42,1536,1536,22.307413174242264
f1vzngrs,6,4,hawkfj64,26,1024,0,23.061238369976845
f1vzngrs,7,0,pl8uabbv,40,1536,512,12.157507024332713
f1vzngrs,7,1,pl8uabbv,30,1024,2048,13.255689802824046
f1vzngrs,7,2,pl8uabbv,23,512,5120,14.792429116979985
f1vzngrs,7,3,ptg8lmto,7,0,3584,14.914833249972672
f1vzngrs,7,4,cfe5vt7s,40,1536,512,15.31750170164053
f1vzngrs,8,0,mgxahqnk,35,1024,4608,14.949872561252123
f1vzngrs,8,1,cfe5vt7s,0,0,0,17.58882363835468
f1vzngrs,8,2,71vgq3fw,25,512,6144,18.127652511261314
f1vzngrs,8,3,cfe5vt7s,50,1536,5632,18.397724769632887
f1vzngrs,8,4,pl8uabbv,3,0,1536,18.537404800045916
f1vzngrs,9,0,71vgq3fw,25,512,6144,13.951876060432186
f1vzngrs,9,1,x7u69zsw,28,1024,1024,14.373564989945706
f1vzngrs,9,2,pl8uabbv,7,0,3584,15.689897446079595
f1vzngrs,9,3,vc2whyaq,0,0,0,15.83384719420184
f1vzngrs,9,4,xgj4xftb,4,0,2048,15.949122785431458
f1vzngrs,10,0,cfe5vt7s,50,1536,5632,15.558342350452653
f1vzngrs,10,1,mgxahqnk,35,1024,4608,16.185952770138915
f1vzngrs,10,2,71vgq3fw,25,512,6144,17.114000503903274
f1vzngrs,10,3,pl8uabbv,3,0,1536,17.323557008491374
f1vzngrs,10,4,cfe5vt7s,0,0,0,17.370107365753412
f1vzngrs,11,0,utfgcjfa,43,1536,2048,17.83924984613107
f1vzngrs,11,1,hawkfj64,26,1024,0,19.541362456275607
f1vzngrs,11,2,cfe5vt7s,50,1536,5632,20.891962968835347
f1vzngrs,11,3,hawkfj64,16,512,1536,21.91793863385186
f1vzngrs,11,4,ptg8lmto,27,1024,512,22.09701567853546
f1vzngrs,12,0,vc2whyaq,38,1024,6144,15.118937500130302
f1vzngrs,12,1,utfgcjfa,29,1024,1536,15.55508938846767
f1vzngrs,12,2,tuy3zymq,39,1536,0,16.04538635834181
f1vzngrs,12,3,ufdvpb81,50,1536,5632,17.10610556153851
f1vzngrs,12,4,x77cy643,43,1536,2048,17.22321898141491
f1vzngrs,13,0,71vgq3fw,25,512,6144,19.175372218915836
f1vzngrs,13,1,x7u69zsw,26,1024,0,19.228620247176494
f1vzngrs,13,2,pl8uabbv,40,1536,512,20.271378734808355
f1vzngrs,13,3,pl8uabbv,7,0,3584,20.845494169025255
f1vzngrs,13,4,hzumfsms,48,1536,4608,20.895050417756593
f1vzngrs,14,0,pl8uabbv,40,1536,512,15.713353153872127
f1vzngrs,14,1,cfe5vt7s,50,1536,5632,16.183486352235345
f1vzngrs,14,2,ptg8lmto,27,1024,512,16.846006229032376
f1vzngrs,14,3,vc2whyaq,5,0,2560,17.440853065392478
f1vzngrs,14,4,hawkfj64,16,512,1536,17.530760261551375
f1vzngrs,15,0,hzumfsms,13,512,0,11.338937664181628
f1vzngrs,15,1,ptg8lmto,23,512,5120,12.784689306530419
f1vzngrs,15,2,utfgcjfa,8,0,4096,12.803569157946866
f1vzngrs,15,3,utfgcjfa,49,1536,5120,13.70397962262233
f1vzngrs,15,4,kbdh4tri,42,1536,1536,13.795060955659089
f1vzngrs,16,0,cfe5vt7s,50,1536,5632,14.871475133841722
f1vzngrs,16,1,cfe5vt7s,0,0,0,15.481368909531895
f1vzngrs,16,2,pl8uabbv,3,0,1536,17.046366156891075
f1vzngrs,16,3,utfgcjfa,43,1536,2048,17.26480559853217
f1vzngrs,16,4,71vgq3fw,25,512,6144,17.306826755752404
f1vzngrs,17,0,71vgq3fw,25,512,6144,16.996734763058008
f1vzngrs,17,1,cfe5vt7s,0,0,0,17.107425654435204
f1vzngrs,17,2,mgxahqnk,35,1024,4608,18.1001007278738
f1vzngrs,17,3,cfe5vt7s,50,1536,5632,18.22963545028977
f1vzngrs,17,4,hawkfj64,16,512,1536,18.50994032374924
f1vzngrs,18,0,x7u69zsw,26,1024,0,16.170114168908366
f1vzngrs,18,1,pl8uabbv,30,1024,2048,16.68086643113895
f1vzngrs,18,2,71vgq3fw,25,512,6144,17.493215497870843
f1vzngrs,18,3,pl8uabbv,40,1536,512,17.523323387911113
f1vzngrs,18,4,cfe5vt7s,50,1536,5632,17.90760587562259
f1vzngrs,19,0,utfgcjfa,43,1536,2048,14.239663793366137
f1vzngrs,19,1,ufdvpb81,25,512,6144,16.998929375700442
f1vzngrs,19,2,ptg8lmto,27,1024,512,17.40899997774109
f1vzngrs,19,3,cfe5vt7s,50,1536,5632,17.919330998108446
f1vzngrs,19,4,hawkfj64,16,512,1536,18.342001660678655
f1vzngrs,20,0,ptg8lmto,30,1024,2048,18.364796671097054
f1vzngrs,20,1,kbdh4tri,28,1024,1024,20.3464111429052
f1vzngrs,20,2,71vgq3fw,25,512,6144,20.649659767347906
f1vzngrs,20,3,kbdh4tri,18,512,2560,20.759893087898067
f1vzngrs,20,4,ptg8lmto,29,1024,1536,21.192629050715933
f1vzngrs,21,0,71vgq3fw,17,512,2048,15.400127281247478
f1vzngrs,21,1,x77cy643,9,0,4608,15.583160212869391
f1vzngrs,21,2,utfgcjfa,3,0,1536,15.655376073499571
f1vzngrs,21,3,71vgq3fw,25,512,6144,15.985191268346936
f1vzngrs,21,4,hzumfsms,45,1536,3072,16.326339508973852
f1vzngrs,22,0,ufdvpb81,25,512,6144,15.833667120495617
f1vzngrs,22,1,cfe5vt7s,50,1536,5632,18.369650516397346
f1vzngrs,22,2,71vgq3fw,25,512,6144,19.464583918276052
f1vzngrs,22,3,mgxahqnk,35,1024,4608,19.604091361116634
f1vzngrs,22,4,pl8uabbv,7,0,3584,19.63212835103093
f1vzngrs,23,0,vc2whyaq,0,0,0,13.469846973718727
f1vzngrs,23,1,vc2whyaq,12,0,6144,13.912253672605734
f1vzngrs,23,2,kbdh4tri,27,1024,512,14.402694691278585
f1vzngrs,23,3,x77cy643,19,512,3072,14.582582846096857
f1vzngrs,23,4,ufdvpb81,20,512,3584,14.884786519977805
f1vzngrs,24,0,71vgq3fw,25,512,6144,13.098717466093207
f1vzngrs,24,1,utfgcjfa,2,0,1024,15.02670995006908
f1vzngrs,24,2,ufdvpb81,10,0,5120,15.102032653230212
f1vzngrs,24,3,hzumfsms,45,1536,3072,15.967498771036519
f1vzngrs,24,4,utfgcjfa,8,0,4096,16.004619712209138
f1vzngrs,25,0,pl8uabbv,40,1536,512,17.386183574643923
f1vzngrs,25,1,hawkfj64,16,512,1536,17.44996921326785
f1vzngrs,25,2,ptg8lmto,27,1024,512,17.965833947163816
f1vzngrs,25,3,pl8uabbv,30,1024,2048,18.346868361638595
f1vzngrs,25,4,cfe5vt7s,40,1536,512,18.847685342080254
f1vzngrs,26,0,utfgcjfa,43,1536,2048,14.724389485374022
f1vzngrs,26,1,cfe5vt7s,50,1536,5632,17.825816467424055
f1vzngrs,26,2,mgxahqnk,35,1024,4608,17.934582071034285
f1vzngrs,26,3,ptg8lmto,27,1024,512,19.347008741036987
f1vzngrs,26,4,hawkfj64,26,1024,0,19.425509950220313
f1vzngrs,27,0,vc2whyaq,5,0,2560,15.994148989714338
f1vzngrs,27,1,cfe5vt7s,40,1536,512,17.726022298283503
f1vzngrs,27,2,pl8uabbv,40,1536,512,17.905893721934415
f1vzngrs,27,3,tuy3zymq,40,1536,512,19.048375516470838
f1vzngrs,27,4,hawkfj64,16,512,1536,19.064944970195445
f1vzngrs,28,0,hawkfj64,16,512,1536,13.657189063402726
f1vzngrs,28,1,cfe5vt7s,50,1536,5632,15.178685614898885
f1vzngrs,28,2,cfe5vt7s,40,1536,512,17.172964340504887
f1vzngrs,28,3,ptg8lmto,27,1024,512,17.263961581701814
f1vzngrs,28,4,hawkfj64,26,1024,0,17.391517630251855
f1vzngrs,29,0,71vgq3fw,1,0,512,13.868971633871634
f1vzngrs,29,1,cfe5vt7s,40,1536,512,14.439476247053564
f1vzngrs,29,2,xgj4xftb,36,1024,5120,14.575249411234111
f1vzngrs,29,3,71vgq3fw,30,1024,2048,15.083418373845758
f1vzngrs,29,4,xgj4xftb,33,1024,3584,15.213264082143937
f1vzngrs,30,0,ptg8lmto,27,1024,512,19.484175135869183
f1vzngrs,30,1,cfe5vt7s,40,1536,512,19.622341402343668
f1vzngrs,30,2,hawkfj64,16,512,1536,19.65379970703545
f1vzngrs,30,3,hawkfj64,26,1024,0,20.038943456125423
f1vzngrs,30,4,pl8uabbv,30,1024,2048,20.093723473849433
f1vzngrs,31,0,cfe5vt7s,50,1536,5632,12.424525482742084
f1vzngrs,31,1,hawkfj64,16,512,1536,14.88238001596994
f1vzngrs,31,2,utfgcjfa,9,0,4608,16.885568217577557
f1vzngrs,31,3,hawkfj64,26,1024,0,18.365041106873257
f1vzngrs,31,4,71vgq3fw,30,1024,2048,18.423984530394232
f1vzngrs,32,0,kbdh4tri,19,512,3072,14.07068573976223
f1vzngrs,32,1,ptg8lmto,7,0,3584,14.080712097571785
f1vzngrs,32,2,hzumfsms,45,1536,3072,14.636075941431352
f1vzngrs,32,3,pl8uabbv,50,1536,5632,14.747277722953353
f1vzngrs,32,4,71vgq3fw,21,512,4096,15.658451830660729
f1vzngrs,33,0,x77cy643,0,0,0,16.042300903061072
f1vzngrs,33,1,pl8uabbv,22,512,4608,17.156667494701438
f1vzngrs,33,2,0grcilhi,37,1024,5632,17.243449976940138
f1vzngrs,33,3,vc2whyaq,41,1536,1024,17.65596582850983
f1vzngrs,33,4,71vgq3fw,21,512,4096,17.808143130468792
f1vzngrs,34,0,utfgcjfa,2,0,1024,14.997318055069988
f1vzngrs,34,1,ufdvpb81,10,0,5120,15.559134095050931
f1vzngrs,34,2,pl8uabbv,17,512,2048,17.173434902880533
f1vzngrs,34,3,utfgcjfa,8,0,4096,17.27173758165274
f1vzngrs,34,4,71vgq3fw,25,512,6144,17.999085415247794
f1vzngrs,35,0,71vgq3fw,25,512,6144,15.405610667299664
f1vzngrs,35,1,kbdh4tri,51,1536,6144,15.444617061770737
f1vzngrs,35,2,cfe5vt7s,0,0,0,16.399701955504906
f1vzngrs,35,3,tuy3zymq,40,1536,512,16.44363037204647
f1vzngrs,35,4,kbdh4tri,13,512,0,16.46295458658413
f1vzngrs,36,0,ufdvpb81,1,0,512,14.697061445213706
f1vzngrs,36,1,0grcilhi,14,512,512,15.076437908912721
f1vzngrs,36,2,9luzk4jm,12,0,6144,15.663493439107093
f1vzngrs,36,3,0grcilhi,37,1024,5632,15.812474660161518
f1vzngrs,36,4,9luzk4jm,1,0,512,15.900566751538951
f1vzngrs,37,0,ptg8lmto,27,1024,512,16.41741584711335
f1vzngrs,37,1,cfe5vt7s,50,1536,5632,17.263955364502234
f1vzngrs,37,2,utfgcjfa,43,1536,2048,17.969780495991717
f1vzngrs,37,3,hawkfj64,16,512,1536,18.62516782023462
f1vzngrs,37,4,utfgcjfa,2,0,1024,19.17440094731866
f1vzngrs,38,0,71vgq3fw,25,512,6144,10.9388018390545
f1vzngrs,38,1,ptg8lmto,5,0,2560,14.152372097725497
f1vzngrs,38,2,vc2whyaq,12,0,6144,14.885426336966
f1vzngrs,38,3,kbdh4tri,27,1024,512,15.046485767125851
f1vzngrs,38,4,kbdh4tri,42,1536,1536,15.069757177539605
f1vzngrs,39,0,x7u69zsw,28,1024,1024,18.387723089933928
f1vzngrs,39,1,kbdh4tri,28,1024,1024,18.852595004737108
f1vzngrs,39,2,71vgq3fw,21,512,4096,19.344844251373935
f1vzngrs,39,3,ufdvpb81,1,0,512,19.716662473667864
f1vzngrs,39,4,vc2whyaq,35,1024,4608,19.934856987519368
f1vzngrs,40,0,cfe5vt7s,39,1536,0,17.088710924355937
f1vzngrs,40,1,x7u69zsw,44,1536,2560,17.29255064147656
f1vzngrs,40,2,ptg8lmto,0,0,0,18.011224510520666
f1vzngrs,40,3,pl8uabbv,50,1536,5632,18.27190959666172
f1vzngrs,40,4,ptg8lmto,34,1024,4096,18.655888732717543
f1vzngrs,41,0,vc2whyaq,39,1536,0,14.94470292217467
f1vzngrs,41,1,cfe5vt7s,41,1536,1024,15.37218431955941
f1vzngrs,41,2,utfgcjfa,3,0,1536,15.417370477134407
f1vzngrs,41,3,ptg8lmto,23,512,5120,15.60623663784796
f1vzngrs,41,4,ptg8lmto,33,1024,3584,15.792628033916989
f1vzngrs,42,0,x7u69zsw,38,1024,6144,15.0123323264243
f1vzngrs,42,1,hawkfj64,0,0,0,15.648744011199728
f1vzngrs,42,2,hawkfj64,14,512,512,15.786649000879226
f1vzngrs,42,3,71vgq3fw,1,0,512,16.684669969283906
f1vzngrs,42,4,tuy3zymq,40,1536,512,17.095750275411103
f1vzngrs,43,0,tuy3zymq,40,1536,512,17.07707178245413
f1vzngrs,43,1,hzumfsms,51,1536,6144,17.40870740464853
f1vzngrs,43,2,71vgq3fw,25,512,6144,18.083702301269934
f1vzngrs,43,3,pl8uabbv,27,1024,512,18.640952671440733
f1vzngrs,43,4,x7u69zsw,41,1536,1024,18.659311680825237
f1vzngrs,44,0,x7u69zsw,26,1024,0,12.88113122186938
f1vzngrs,44,1,71vgq3fw,25,512,6144,13.692800604022873
f1vzngrs,44,2,tuy3zymq,40,1536,512,13.780964803318648
f1vzngrs,44,3,pl8uabbv,40,1536,512,14.992986786060447
f1vzngrs,44,4,ufdvpb81,10,0,5120,15.311441263434846
f1vzngrs,45,0,cfe5vt7s,50,1536,5632,13.867578492182218
f1vzngrs,45,1,ptg8lmto,27,1024,512,14.059955561917443
f1vzngrs,45,2,cfe5vt7s,40,1536,512,15.860566356780387
f1vzngrs,45,3,ufdvpb81,25,512,6144,17.69459801554588
f1vzngrs,45,4,hawkfj64,16,512,1536,18.409243127740552
f1vzngrs,46,0,9luzk4jm,47,1536,4096,13.104138382542303
f1vzngrs,46,1,0grcilhi,37,1024,5632,13.869299224366879
f1vzngrs,46,2,x7u69zsw,44,1536,2560,14.562312529272587
f1vzngrs,46,3,xgj4xftb,8,0,4096,14.657113206228438
f1vzngrs,46,4,ptg8lmto,23,512,5120,14.852736066513868
f1vzngrs,47,0,hzumfsms,13,512,0,13.201856464085745
f1vzngrs,47,1,9luzk4jm,1,0,512,13.708984272211262
f1vzngrs,47,2,x77cy643,48,1536,4608,14.26612464905353
f1vzngrs,47,3,ptg8lmto,11,0,5632,14.27716368959505
f1vzngrs,47,4,utfgcjfa,31,1024,2560,15.106229152607181
f1vzngrs,48,0,vc2whyaq,26,1024,0,18.37623158749596
f1vzngrs,48,1,tuy3zymq,13,512,0,18.7537401998643
f1vzngrs,48,2,pl8uabbv,11,0,5632,18.85646920746948
f1vzngrs,48,3,x77cy643,48,1536,4608,18.868736095257404
f1vzngrs,48,4,mgxahqnk,13,512,0,19.065393179176915
f1vzngrs,49,0,tuy3zymq,40,1536,512,14.12551930248354
f1vzngrs,49,1,x7u69zsw,26,1024,0,15.13937023384692
f1vzngrs,49,2,pl8uabbv,40,1536,512,15.605855649833952
f1vzngrs,49,3,x7u69zsw,44,1536,2560,15.86828682488388
f1vzngrs,49,4,x7u69zsw,9,0,4608,16.36170898904601
f1vzngrs,50,0,mgxahqnk,0,0,0,14.356485814329254
f1vzngrs,50,1,ufdvpb81,25,512,6144,18.717897787876673
f1vzngrs,50,2,pl8uabbv,40,1536,512,18.946252589469395
f1vzngrs,50,3,ptg8lmto,0,0,0,18.969040903748372
f1vzngrs,50,4,71vgq3fw,7,0,3584,19.07179081144181
f1vzngrs,51,0,vc2whyaq,5,0,2560,14.71878551350974
f1vzngrs,51,1,pl8uabbv,40,1536,512,17.85127530450856
f1vzngrs,51,2,cfe5vt7s,50,1536,5632,18.08394504777554
f1vzngrs,51,3,pl8uabbv,3,0,1536,18.536170939380412
f1vzngrs,51,4,ptg8lmto,27,1024,512,19.0671720418719
ffwubibz,0,0,kbdh4tri,19,512,3072,16.860966031619466
ffwubibz,0,1,tuy3zymq,40,1536,512,17.047648602266243
ffwubibz,0,2,ptg8lmto,34,1024,4096,17.28944080584375
ffwubibz,0,3,x77cy643,47,1536,4096,17.479653615408946
ffwubibz,0,4,ptg8lmto,7,0,3584,17.53031216816907
ffwubibz,1,0,x77cy643,36,1024,5120,16.27789969867384
ffwubibz,1,1,vc2whyaq,24,512,5632,16.399564822975027
ffwubibz,1,2,x77cy643,14,512,512,17.09358310724939
ffwubibz,1,3,utfgcjfa,48,1536,4608,17.28522734450027
ffwubibz,1,4,utfgcjfa,27,1024,512,17.487371783411653
ffwubibz,2,0,vc2whyaq,41,1536,1024,10.710784271962922
ffwubibz,2,1,x77cy643,0,0,0,15.888574416664122
ffwubibz,2,2,9luzk4jm,19,512,3072,16.434289145880808
ffwubibz,2,3,vc2whyaq,43,1536,2048,16.437351895448007
ffwubibz,2,4,vc2whyaq,46,1536,3584,16.522352280615053
ffwubibz,3,0,ptg8lmto,33,1024,3584,11.59131826013642
ffwubibz,3,1,utfgcjfa,49,1536,5120,12.067105632287756
ffwubibz,3,2,x77cy643,48,1536,4608,12.584831415515406
ffwubibz,3,3,kbdh4tri,27,1024,512,12.716137013641418
ffwubibz,3,4,utfgcjfa,3,0,1536,13.129699897253607
ffwubibz,4,0,pl8uabbv,6,0,3072,15.110104355887513
ffwubibz,4,1,x77cy643,15,512,1024,15.39798760949958
ffwubibz,4,2,hawkfj64,25,512,6144,16.04083415095568
ffwubibz,4,3,ptg8lmto,36,1024,5120,16.627145012918067
ffwubibz,4,4,cfe5vt7s,30,1024,2048,16.890297420111363
ffwubibz,5,0,vc2whyaq,41,1536,1024,14.750972039416778
ffwubibz,5,1,ufdvpb81,13,512,0,15.156972702278054
ffwubibz,5,2,ufdvpb81,14,512,512,16.099510671342205
ffwubibz,5,3,xgj4xftb,8,0,4096,16.46798179980891
ffwubibz,5,4,x7u69zsw,20,512,3584,16.712985557662893
ffwubibz,6,0,cfe5vt7s,43,1536,2048,12.961374669679929
ffwubibz,6,1,ufdvpb81,14,512,512,14.366753177584439
ffwubibz,6,2,cfe5vt7s,44,1536,2560,14.718192354510089
ffwubibz,6,3,hzumfsms,10,0,5120,14.97025843922162
ffwubibz,6,4,cfe5vt7s,41,1536,1024,15.594925028114226
ffwubibz,7,0,hzumfsms,13,512,0,14.138122417522226
ffwubibz,7,1,vc2whyaq,6,0,3072,14.872751888245697
ffwubibz,7,2,ptg8lmto,23,512,5120,15.05444285526145
ffwubibz,7,3,pl8uabbv,29,1024,1536,15.07739494364021
ffwubibz,7,4,utfgcjfa,2,0,1024,15.133602580394616
ffwubibz,8,0,pl8uabbv,44,1536,2560,15.648875293702707
ffwubibz,8,1,cfe5vt7s,30,1024,2048,16.257774820826878
ffwubibz,8,2,x77cy643,15,512,1024,17.06360607132787
ffwubibz,8,3,vc2whyaq,41,1536,1024,17.892981275850296
ffwubibz,8,4,cfe5vt7s,41,1536,1024,18.553694285177027
ffwubibz,9,0,cfe5vt7s,23,512,5120,14.004366373529344
ffwubibz,9,1,0grcilhi,3,0,1536,14.516573645902758
ffwubibz,9,2,cfe5vt7s,16,512,1536,14.945735076389683
ffwubibz,9,3,cfe5vt7s,30,1024,2048,15.47866910823879
ffwubibz,9,4,9luzk4jm,20,512,3584,15.511391240135087
ffwubibz,10,0,9luzk4jm,16,512,1536,13.938166416823728
ffwubibz,10,1,vc2whyaq,39,1536,0,14.59440676666509
ffwubibz,10,2,hzumfsms,50,1536,5632,14.720137975321586
ffwubibz,10,3,pl8uabbv,22,512,4608,14.893724330603074
ffwubibz,10,4,tuy3zymq,38,1024,6144,16.822822520745618
ffwubibz,11,0,ufdvpb81,10,0,5120,14.939635484279655
ffwubibz,11,1,ufdvpb81,20,512,3584,15.796828194298339
ffwubibz,11,2,x7u69zsw,16,512,1536,16.03508087636182
ffwubibz,11,3,vc2whyaq,12,0,6144,16.37175256381538
ffwubibz,11,4,vc2whyaq,45,1536,3072,16.767249884092404
ffwubibz,12,0,0grcilhi,13,512,0,12.93157797457561
ffwubibz,12,1,hawkfj64,14,512,512,15.098290061054898
ffwubibz,12,2,vc2whyaq,41,1536,1024,15.316651438359159
ffwubibz,12,3,x77cy643,47,1536,4096,15.526373328428265
ffwubibz,12,4,pl8uabbv,23,512,5120,16.020707750478287
ffwubibz,13,0,hzumfsms,29,1024,1536,12.214824285474526
ffwubibz,13,1,hzumfsms,30,1024,2048,12.28231546278716
ffwubibz,13,2,vc2whyaq,39,1536,0,12.4020181268507
ffwubibz,13,3,9luzk4jm,33,1024,3584,13.918863786555148
ffwubibz,13,4,ptg8lmto,33,1024,3584,14.256836361491072
ffwubibz,14,0,ptg8lmto,16,512,1536,16.710777120606842
ffwubibz,14,1,ptg8lmto,19,512,3072,17.26999481731146
ffwubibz,14,2,vc2whyaq,50,1536,5632,17.463630472481956
ffwubibz,14,3,x77cy643,47,1536,4096,17.475474594732013
ffwubibz,14,4,mgxahqnk,3,0,1536,17.557817975817272
ffwubibz,15,0,ufdvpb81,27,1024,512,14.373551688290812
ffwubibz,15,1,9luzk4jm,35,1024,4608,17.67157927809067
ffwubibz,15,2,cfe5vt7s,37,1024,5632,18.043678557877644
ffwubibz,15,3,ufdvpb81,15,512,1024,18.261060188280265
ffwubibz,15,4,vc2whyaq,28,1024,1024,19.086130770671463
ffwubibz,16,0,vc2whyaq,16,512,1536,14.015426469071254
ffwubibz,16,1,ufdvpb81,32,1024,3072,14.527562911248086
ffwubibz,16,2,pl8uabbv,33,1024,3584,14.739025956862605
ffwubibz,16,3,hzumfsms,13,512,0,15.08908869910104
ffwubibz,16,4,x77cy643,33,1024,3584,16.033259939502045
ffwubibz,17,0,ufdvpb81,32,1024,3072,14.754076916018274
ffwubibz,17,1,cfe5vt7s,13,512,0,14.798726887923348
ffwubibz,17,2,pl8uabbv,43,1536,2048,15.283465391028438
ffwubibz,17,3,pl8uabbv,33,1024,3584,15.408591789943557
ffwubibz,17,4,utfgcjfa,31,1024,2560,15.507307896540063
ffwubibz,18,0,9luzk4jm,51,1536,6144,14.967042515976738
ffwubibz,18,1,x77cy643,24,512,5632,16.246472191396002
ffwubibz,18,2,cfe5vt7s,30,1024,2048,16.373131685012638
ffwubibz,18,3,ufdvpb81,27,1024,512,16.514246562975877
ffwubibz,18,4,x77cy643,28,1024,1024,17.123005756362605
ffwubibz,19,0,vc2whyaq,41,1536,1024,18.2734919104312
ffwubibz,19,1,x77cy643,47,1536,4096,18.399578022524228
ffwubibz,19,2,9luzk4jm,20,512,3584,18.792050092076718
ffwubibz,19,3,cfe5vt7s,46,1536,3584,18.952092200288753
ffwubibz,19,4,cfe5vt7s,16,512,1536,19.303324792430306
ffwubibz,20,0,cfe5vt7s,46,1536,3584,13.93966600991258
ffwubibz,20,1,cfe5vt7s,16,512,1536,16.32788603676776
ffwubibz,20,2,pl8uabbv,49,1536,5120,16.753023266714596
ffwubibz,20,3,9luzk4jm,20,512,3584,17.548641766769624
ffwubibz,20,4,cfe5vt7s,30,1024,2048,17.555107711343332
ffwubibz,21,0,71vgq3fw,42,1536,1536,14.059059661204163
ffwubibz,21,1,9luzk4jm,1,0,512,14.875706739967727
ffwubibz,21,2,71vgq3fw,21,512,4096,14.889527114405922
ffwubibz,21,3,vc2whyaq,39,1536,0,15.087132160708766
ffwubibz,21,4,ufdvpb81,1,0,512,15.23663641144718
ffwubibz,22,0,hzumfsms,10,0,5120,15.25124299095016
ffwubibz,22,1,cfe5vt7s,33,1024,3584,15.3274601677255
ffwubibz,22,2,ufdvpb81,14,512,512,15.784785562170322
ffwubibz,22,3,cfe5vt7s,43,1536,2048,16.014804729946157
ffwubibz,22,4,utfgcjfa,18,512,2560,16.075657558978225
ffwubibz,23,0,pl8uabbv,30,1024,2048,14.289786961811636
ffwubibz,23,1,pl8uabbv,40,1536,512,16.948082022248816
ffwubibz,23,2,hawkfj64,16,512,1536,16.97759453909745
ffwubibz,23,3,pl8uabbv,23,512,5120,17.40815937203066
ffwubibz,23,4,9luzk4jm,27,1024,512,17.52661365515426
ffwubibz,24,0,pl8uabbv,29,1024,1536,12.018304948278573
ffwubibz,24,1,pl8uabbv,47,1536,4096,13.60450476608735
ffwubibz,24,2,hzumfsms,13,512,0,13.972913837390777
ffwubibz,24,3,pl8uabbv,4,0,2048,14.591522713069628
ffwubibz,24,4,71vgq3fw,25,512,6144,14.731465616290967
ffwubibz,25,0,ufdvpb81,32,1024,3072,14.853411733313392
ffwubibz,25,1,ufdvpb81,23,512,5120,16.064227818266744
ffwubibz,25,2,9luzk4jm,12,0,6144,16.074687826928226
ffwubibz,25,3,ufdvpb81,26,1024,0,16.145874161026754
ffwubibz,25,4,vc2whyaq,47,1536,4096,16.417023498294444
ffwubibz,26,0,cfe5vt7s,1,0,512,14.184678997689426
ffwubibz,26,1,pl8uabbv,33,1024,3584,14.49924266232596
ffwubibz,26,2,vc2whyaq,39,1536,0,14.839832961132723
ffwubibz,26,3,ptg8lmto,23,512,5120,14.997622194157556
ffwubibz,26,4,cfe5vt7s,16,512,1536,15.31654711886182
ffwubibz,27,0,hzumfsms,5,0,2560,12.072288056216198
ffwubibz,27,1,utfgcjfa,21,512,4096,14.811951431154428
ffwubibz,27,2,cfe5vt7s,22,512,4608,15.044095480051629
ffwubibz,27,3,0grcilhi,24,512,5632,15.188102416459671
ffwubibz,27,4,pl8uabbv,47,1536,4096,15.44604139113666
ffwubibz,28,0,ufdvpb81,15,512,1024,13.992386052934664
ffwubibz,28,1,vc2whyaq,19,512,3072,15.119355361817913
ffwubibz,28,2,vc2whyaq,26,1024,0,15.636393744723664
ffwubibz,28,3,hzumfsms,41,1536,1024,15.775671805665011
ffwubibz,28,4,utfgcjfa,48,1536,4608,16.98189674099472
ffwubibz,29,0,vc2whyaq,16,512,1536,16.26053942079378
ffwubibz,29,1,9luzk4jm,51,1536,6144,17.21100203989509
ffwubibz,29,2,utfgcjfa,15,512,1024,17.326822754675856
ffwubibz,29,3,vc2whyaq,40,1536,512,17.608063547313467
ffwubibz,29,4,ufdvpb81,28,1024,1024,18.502585933419844
ffwubibz,30,0,ufdvpb81,32,1024,3072,14.185894503854913
ffwubibz,30,1,utfgcjfa,48,1536,4608,14.74495480932283
ffwubibz,30,2,pl8uabbv,33,1024,3584,14.927377045694248
ffwubibz,30,3,pl8uabbv,29,1024,1536,14.966979583803804
ffwubibz,30,4,x77cy643,33,1024,3584,15.05665576552562
ffwubibz,31,0,x7u69zsw,20,512,3584,15.210783475614164
ffwubibz,31,1,9luzk4jm,7,0,3584,15.402743953793625
ffwubibz,31,2,mgxahqnk,5,0,2560,15.607711585313691
ffwubibz,31,3,cfe5vt7s,39,1536,0,15.67706747152537
ffwubibz,31,4,ptg8lmto,7,0,3584,15.833603436141129
ffwubibz,32,0,x77cy643,26,1024,0,13.415432100581182
ffwubibz,32,1,ptg8lmto,16,512,1536,14.849014876816069
ffwubibz,32,2,ptg8lmto,26,1024,0,16.001815368352336
ffwubibz,32,3,utfgcjfa,8,0,4096,17.64887011533153
ffwubibz,32,4,x77cy643,12,0,6144,17.71822980247419
ffwubibz,33,0,9luzk4jm,1,0,512,13.697179960021888
ffwubibz,33,1,ufdvpb81,1,0,512,14.05040069832482
ffwubibz,33,2,vc2whyaq,51,1536,6144,14.45561531317492
ffwubibz,33,3,cfe5vt7s,16,512,1536,14.692759960457861
ffwubibz,33,4,0grcilhi,22,512,4608,14.70200696635206
ffwubibz,34,0,ptg8lmto,15,512,1024,15.297343587967596
ffwubibz,34,1,hzumfsms,14,512,512,18.1600934060789
ffwubibz,34,2,vc2whyaq,39,1536,0,18.310741202230478
ffwubibz,34,3,9luzk4jm,12,0,6144,18.334154811139086
ffwubibz,34,4,0grcilhi,14,512,512,18.35648037320381
ffwubibz,35,0,vc2whyaq,45,1536,3072,13.020056069558006
ffwubibz,35,1,ufdvpb81,7,0,3584,14.783714367807743
ffwubibz,35,2,vc2whyaq,51,1536,6144,15.360217642387639
ffwubibz,35,3,x7u69zsw,28,1024,1024,15.478828496608948
ffwubibz,35,4,9luzk4jm,12,0,6144,15.822084941323894
ffwubibz,36,0,vc2whyaq,51,1536,6144,16.076737239332044
ffwubibz,36,1,utfgcjfa,31,1024,2560,16.350329475813183
ffwubibz,36,2,ufdvpb81,39,1536,0,17.06302843060763
ffwubibz,36,3,vc2whyaq,39,1536,0,17.109798158007944
ffwubibz,36,4,vc2whyaq,16,512,1536,17.151145096435698
ffwubibz,37,0,ufdvpb81,27,1024,512,13.438911741652218
ffwubibz,37,1,utfgcjfa,15,512,1024,15.124530879432934
ffwubibz,37,2,x77cy643,33,1024,3584,15.481044032865633
ffwubibz,37,3,ufdvpb81,15,512,1024,16.574220353706647
ffwubibz,37,4,pl8uabbv,28,1024,1024,16.59305625015493
ffwubibz,38,0,ufdvpb81,43,1536,2048,13.24639061954198
ffwubibz,38,1,0grcilhi,37,1024,5632,14.016703420505669
ffwubibz,38,2,pl8uabbv,27,1024,512,14.433763533328253
ffwubibz,38,3,ufdvpb81,26,1024,0,14.56974523472233
ffwubibz,38,4,cfe5vt7s,43,1536,2048,14.969834840854663
ffwubibz,39,0,utfgcjfa,19,512,3072,11.762955811672562
ffwubibz,39,1,x7u69zsw,13,512,0,13.976435841746433
ffwubibz,39,2,vc2whyaq,39,1536,0,14.144306583702788
ffwubibz,39,3,pl8uabbv,33,1024,3584,14.775619098603505
ffwubibz,39,4,vc2whyaq,2,0,1024,15.144151062559112
ffwubibz,40,0,ufdvpb81,36,1024,5120,14.066847283194221
ffwubibz,40,1,hzumfsms,16,512,1536,15.327835743074692
ffwubibz,40,2,71vgq3fw,46,1536,3584,15.383290827879618
ffwubibz,40,3,cfe5vt7s,16,512,1536,15.559925415952835
ffwubibz,40,4,vc2whyaq,39,1536,0,15.67960063709075
ffwubibz,41,0,utfgcjfa,15,512,1024,15.731461387325503
ffwubibz,41,1,vc2whyaq,16,512,1536,16.077156085025784
ffwubibz,41,2,vc2whyaq,21,512,4096,17.099629563918455
ffwubibz,41,3,vc2whyaq,51,1536,6144,17.351912616757033
ffwubibz,41,4,9luzk4jm,1,0,512,17.534005492654725
ffwubibz,42,0,hzumfsms,30,1024,2048,12.790245706500421
ffwubibz,42,1,x77cy643,2,0,1024,14.273758882159958
ffwubibz,42,2,vc2whyaq,39,1536,0,14.681311367666355
ffwubibz,42,3,utfgcjfa,7,0,3584,15.104175182224159
ffwubibz,42,4,0grcilhi,22,512,4608,15.349001182293371
ffwubibz,43,0,9luzk4jm,27,1024,512,12.637985005800513
ffwubibz,43,1,cfe5vt7s,40,1536,512,15.023366973366919
ffwubibz,43,2,pl8uabbv,48,1536,4608,15.243446795243264
ffwubibz,43,3,pl8uabbv,40,1536,512,15.757365775587267
ffwubibz,43,4,ptg8lmto,27,1024,512,16.08365387479326
ffwubibz,44,0,utfgcjfa,15,512,1024,12.146090591608553
ffwubibz,44,1,pl8uabbv,47,1536,4096,13.07565079864861
ffwubibz,44,2,vc2whyaq,16,512,1536,14.01383280770989
ffwubibz,44,3,pl8uabbv,49,1536,5120,14.245704902181354
ffwubibz,44,4,utfgcjfa,39,1536,0,14.45802750284172
ffwubibz,45,0,ufdvpb81,50,1536,5632,15.476632762144604
ffwubibz,45,1,ufdvpb81,15,512,1024,15.610339232759836
ffwubibz,45,2,cfe5vt7s,13,512,0,15.801277865726084
ffwubibz,45,3,cfe5vt7s,14,512,512,15.8581902541334
ffwubibz,45,4,utfgcjfa,15,512,1024,15.99331192830494
ffwubibz,46,0,ufdvpb81,45,1536,3072,12.852519738674772
ffwubibz,46,1,vc2whyaq,44,1536,2560,14.167522341977419
ffwubibz,46,2,hzumfsms,10,0,5120,14.916343660831192
ffwubibz,46,3,kbdh4tri,24,512,5632,15.113949030215965
ffwubibz,46,4,9luzk4jm,50,1536,5632,15.67426852144934
ffwubibz,47,0,x77cy643,33,1024,3584,15.352541871000877
ffwubibz,47,1,ufdvpb81,27,1024,512,15.522826640081234
ffwubibz,47,2,vc2whyaq,47,1536,4096,15.608698603653783
ffwubibz,47,3,cfe5vt7s,19,512,3072,15.918120984533651
ffwubibz,47,4,9luzk4jm,33,1024,3584,16.42831561351224
ffwubibz,48,0,pl8uabbv,4,0,2048,15.989401116322899
ffwubibz,48,1,ptg8lmto,11,0,5632,16.28228338631077
ffwubibz,48,2,xgj4xftb,8,0,4096,16.66356829416591
ffwubibz,48,3,pl8uabbv,16,512,1536,17.052941691111194
ffwubibz,48,4,hzumfsms,13,512,0,17.299683725410944
ffwubibz,49,0,cfe5vt7s,46,1536,3584,19.292713150716324
ffwubibz,49,1,pl8uabbv,42,1536,1536,20.233856869102393
ffwubibz,49,2,9luzk4jm,20,512,3584,20.64082336627658
ffwubibz,49,3,ptg8lmto,36,1024,5120,20.77116413231547
ffwubibz,49,4,x77cy643,47,1536,4096,20.907492539754287
ffwubibz,50,0,71vgq3fw,3,0,1536,18.689093660961255
ffwubibz,50,1,hawkfj64,28,1024,1024,19.435750027973334
ffwubibz,50,2,ptg8lmto,16,512,1536,19.492719064412636
ffwubibz,50,3,cfe5vt7s,2,0,1024,19.661323147688183
ffwubibz,50,4,ufdvpb81,39,1536,0,20.276536299942286
ffwubibz,51,0,ptg8lmto,10,0,5120,14.874575007929764
ffwubibz,51,1,ufdvpb81,0,0,0,15.099266871311343
ffwubibz,51,2,x77cy643,47,1536,4096,15.348628475484304
ffwubibz,51,3,pl8uabbv,22,512,4608,15.951491314156229
ffwubibz,51,4,x77cy643,0,0,0,16.023490578982678
fzrt2k6r,0,0,hzumfsms,13,512,0,12.554797374111285
fzrt2k6r,0,1,ptg8lmto,11,0,5632,12.840670862853687
fzrt2k6r,0,2,ptg8lmto,33,1024,3584,13.20578450552115
fzrt2k6r,0,3,9luzk4jm,1,0,512,13.283430983101756
fzrt2k6r,0,4,utfgcjfa,31,1024,2560,13.820457406312492
fzrt2k6r,1,0,utfgcjfa,2,0,1024,14.3655703946831
fzrt2k6r,1,1,pl8uabbv,17,512,2048,15.849269385849746
fzrt2k6r,1,2,utfgcjfa,35,1024,4608,16.24674598980223
fzrt2k6r,1,3,pl8uabbv,44,1536,2560,16.30517905303162
fzrt2k6r,1,4,tuy3zymq,31,1024,2560,16.56622241660032
fzrt2k6r,2,0,vc2whyaq,26,1024,0,11.964295059848904
fzrt2k6r,2,1,cfe5vt7s,43,1536,2048,15.085151085132422
fzrt2k6r,2,2,x7u69zsw,13,512,0,15.53624224409045
fzrt2k6r,2,3,cfe5vt7s,44,1536,2560,15.844708915419178
fzrt2k6r,2,4,hzumfsms,41,1536,1024,16.073612966546268
fzrt2k6r,3,0,ptg8lmto,33,1024,3584,12.152637342638155
fzrt2k6r,3,1,hzumfsms,29,1024,1536,12.783918568804125
fzrt2k6r,3,2,0grcilhi,22,512,4608,13.080835835005749
fzrt2k6r,3,3,cfe5vt7s,16,512,1536,13.762293877491164
fzrt2k6r,3,4,vc2whyaq,39,1536,0,14.015161332582345
fzrt2k6r,4,0,x77cy643,48,1536,4608,10.508984898390723
fzrt2k6r,4,1,tuy3zymq,13,512,0,13.641954289233537
fzrt2k6r,4,2,hzumfsms,13,512,0,13.887765277536754
fzrt2k6r,4,3,kbdh4tri,31,1024,2560,14.195282187509392
fzrt2k6r,4,4,xgj4xftb,34,1024,4096,14.448139737886521
fzrt2k6r,5,0,x77cy643,48,1536,4608,11.995385461929889
fzrt2k6r,5,1,xgj4xftb,8,0,4096,13.430648530796306
fzrt2k6r,5,2,tuy3zymq,13,512,0,13.535443143326901
fzrt2k6r,5,3,9luzk4jm,1,0,512,13.65363567343313
fzrt2k6r,5,4,0grcilhi,37,1024,5632,13.779002285111575
fzrt2k6r,6,0,utfgcjfa,31,1024,2560,16.65193273939359
fzrt2k6r,6,1,ptg8lmto,13,512,0,16.89595402267591
fzrt2k6r,6,2,ptg8lmto,11,0,5632,17.22126352519289
fzrt2k6r,6,3,ptg8lmto,16,512,1536,17.30571005589237
fzrt2k6r,6,4,utfgcjfa,8,0,4096,17.475891483055175
fzrt2k6r,7,0,hzumfsms,45,1536,3072,13.64044516744631
fzrt2k6r,7,1,pl8uabbv,40,1536,512,13.873582834814524
fzrt2k6r,7,2,vc2whyaq,41,1536,1024,13.949616875313856
fzrt2k6r,7,3,tuy3zymq,40,1536,512,13.951441853967319
fzrt2k6r,7,4,71vgq3fw,25,512,6144,14.127848608523383
fzrt2k6r,8,0,ptg8lmto,23,512,5120,13.402210073610101
fzrt2k6r,8,1,hzumfsms,45,1536,3072,13.829511325161013
fzrt2k6r,8,2,kbdh4tri,19,512,3072,14.240393438145938
fzrt2k6r,8,3,kbdh4tri,27,1024,512,14.66196404111278
fzrt2k6r,8,4,pl8uabbv,44,1536,2560,14.728419183511393
fzrt2k6r,9,0,x77cy643,47,1536,4096,14.654856902509252
fzrt2k6r,9,1,ptg8lmto,35,1024,4608,15.561099306233018
fzrt2k6r,9,2,9luzk4jm,11,0,5632,16.543745482438624
fzrt2k6r,9,3,pl8uabbv,35,1024,4608,16.913297573872384
fzrt2k6r,9,4,mgxahqnk,26,1024,0,17.372179279122914
fzrt2k6r,10,0,ptg8lmto,35,1024,4608,14.889276272952456
fzrt2k6r,10,1,mgxahqnk,26,1024,0,15.346290078754361
fzrt2k6r,10,2,cfe5vt7s,50,1536,5632,15.968118793756783
fzrt2k6r,10,3,71vgq3fw,30,1024,2048,16.309020895726448
fzrt2k6r,10,4,mgxahqnk,31,1024,2560,16.37651368216021
fzrt2k6r,11,0,vc2whyaq,12,0,6144,12.433151867810771
fzrt2k6r,11,1,utfgcjfa,0,0,0,12.811762762598752
fzrt2k6r,11,2,x7u69zsw,13,512,0,14.445816690469268
fzrt2k6r,11,3,vc2whyaq,45,1536,3072,14.82240577423189
fzrt2k6r,11,4,kbdh4tri,27,1024,512,14.951043656154383
fzrt2k6r,12,0,vc2whyaq,23,512,5120,13.26090741261096
fzrt2k6r,12,1,vc2whyaq,45,1536,3072,14.314507894469607
fzrt2k6r,12,2,vc2whyaq,24,512,5632,14.616913656076502
fzrt2k6r,12,3,ufdvpb81,50,1536,5632,14.620149133685748
fzrt2k6r,12,4,pl8uabbv,43,1536,2048,15.215757745794825
fzrt2k6r,13,0,ptg8lmto,0,0,0,16.427904197614932
fzrt2k6r,13,1,ptg8lmto,16,512,1536,16.434471375039877
fzrt2k6r,13,2,ufdvpb81,1,0,512,17.393570334712095
fzrt2k6r,13,3,ptg8lmto,26,1024,0,17.522921614183083
fzrt2k6r,13,4,utfgcjfa,35,1024,4608,17.602196026576983
fzrt2k6r,14,0,71vgq3fw,12,0,6144,13.96650746188402
fzrt2k6r,14,1,vc2whyaq,41,1536,1024,14.092280987862393
fzrt2k6r,14,2,pl8uabbv,40,1536,512,14.559634041865959
fzrt2k6r,14,3,71vgq3fw,25,512,6144,15.181189159761523
fzrt2k6r,14,4,ptg8lmto,35,1024,4608,15.579860996546573
fzrt2k6r,15,0,tuy3zymq,23,512,5120,14.478693605470434
fzrt2k6r,15,1,0grcilhi,14,512,512,14.760429516118803
fzrt2k6r,15,2,x7u69zsw,41,1536,1024,14.773781594320143
fzrt2k6r,15,3,x7u69zsw,28,1024,1024,15.046962948645362
fzrt2k6r,15,4,ufdvpb81,20,512,3584,15.365439466160833
fzrt2k6r,16,0,pl8uabbv,49,1536,5120,14.1475963417996
fzrt2k6r,16,1,utfgcjfa,31,1024,2560,14.907556190957457
fzrt2k6r,16,2,utfgcjfa,39,1536,0,15.42159898298322
fzrt2k6r,16,3,pl8uabbv,29,1024,1536,15.766010868304708
fzrt2k6r,16,4,pl8uabbv,47,1536,4096,15.924278215050162
fzrt2k6r,17,0,utfgcjfa,31,1024,2560,12.111833497687721
fzrt2k6r,17,1,vc2whyaq,16,512,1536,12.500264673332078
fzrt2k6r,17,2,x77cy643,12,0,6144,13.847441519160823
fzrt2k6r,17,3,pl8uabbv,29,1024,1536,14.118585883826432
fzrt2k6r,17,4,pl8uabbv,33,1024,3584,14.137548020240835
fzrt2k6r,18,0,9luzk4jm,51,1536,6144,17.180727342078583
fzrt2k6r,18,1,vc2whyaq,26,1024,0,18.406279582456314
fzrt2k6r,18,2,ufdvpb81,47,1536,4096,18.849583426199317
fzrt2k6r,18,3,utfgcjfa,48,1536,4608,18.93756596402871
fzrt2k6r,18,4,pl8uabbv,16,512,1536,18.984453177591305
fzrt2k6r,19,0,x77cy643,43,1536,2048,15.302992371283084
fzrt2k6r,19,1,ufdvpb81,39,1536,0,16.064717546213306
fzrt2k6r,19,2,vc2whyaq,38,1024,6144,17.659029601488744
fzrt2k6r,19,3,vc2whyaq,47,1536,4096,18.423655846743497
fzrt2k6r,19,4,71vgq3fw,28,1024,1024,18.520524486253038
fzrt2k6r,20,0,vc2whyaq,20,512,3584,17.18428042100715
fzrt2k6r,20,1,vc2whyaq,26,1024,0,18.048381021555013
fzrt2k6r,20,2,hzumfsms,41,1536,1024,18.19757061175038
fzrt2k6r,20,3,pl8uabbv,28,1024,1024,18.468553566173675
fzrt2k6r,20,4,hawkfj64,20,512,3584,18.79403465447817
fzrt2k6r,21,0,vc2whyaq,12,0,6144,14.155722375702114
fzrt2k6r,21,1,vc2whyaq,2,0,1024,14.798003709997326
fzrt2k6r,21,2,utfgcjfa,31,1024,2560,14.809225303655232
fzrt2k6r,21,3,kbdh4tri,27,1024,512,15.206508186994169
fzrt2k6r,21,4,x7u69zsw,13,512,0,15.26715364400531
fzrt2k6r,22,0,cfe5vt7s,47,1536,4096,13.798244289834884
fzrt2k6r,22,1,9luzk4jm,32,1024,3072,14.985067858661482
fzrt2k6r,22,2,xgj4xftb,2,0,1024,15.978233742599329
fzrt2k6r,22,3,utfgcjfa,17,512,2048,16.303555319016326
fzrt2k6r,22,4,vc2whyaq,19,512,3072,16.362335085267123
fzrt2k6r,23,0,ufdvpb81,50,1536,5632,15.90744094587739
fzrt2k6r,23,1,ufdvpb81,15,512,1024,16.037244035065147
fzrt2k6r,23,2,cfe5vt7s,47,1536,4096,16.08742460287473
fzrt2k6r,23,3,cfe5vt7s,19,512,3072,16.710783746529316
fzrt2k6r,23,4,utfgcjfa,27,1024,512,17.46565128292507
fzrt2k6r,24,0,vc2whyaq,21,512,4096,16.338150222838685
fzrt2k6r,24,1,cfe5vt7s,43,1536,2048,16.887526435629386
fzrt2k6r,24,2,x77cy643,16,512,1536,16.90863340301462
fzrt2k6r,24,3,vc2whyaq,24,512,5632,17.18360770772733
fzrt2k6r,24,4,vc2whyaq,2,0,1024,17.58001202478847
fzrt2k6r,25,0,utfgcjfa,35,1024,4608,16.548361686011532
fzrt2k6r,25,1,x77cy643,33,1024,3584,17.24299043077927
fzrt2k6r,25,2,cfe5vt7s,13,512,0,17.479683110246746
fzrt2k6r,25,3,ufdvpb81,15,512,1024,18.00425625315849
fzrt2k6r,25,4,cfe5vt7s,2,0,1024,18.834158712275556
fzrt2k6r,26,0,cfe5vt7s,22,512,4608,14.607383583024102
fzrt2k6r,26,1,0grcilhi,20,512,3584,15.474145412132852
fzrt2k6r,26,2,vc2whyaq,20,512,3584,15.790210344117142
fzrt2k6r,26,3,ufdvpb81,40,1536,512,15.942411242160793
fzrt2k6r,26,4,utfgcjfa,15,512,1024,16.793825508538447
fzrt2k6r,27,0,vc2whyaq,26,1024,0,20.4515831915397
fzrt2k6r,27,1,vc2whyaq,20,512,3584,21.09268408222507
fzrt2k6r,27,2,hzumfsms,42,1536,1536,21.427581380378953
fzrt2k6r,27,3,pl8uabbv,39,1536,0,21.963781174118818
fzrt2k6r,27,4,vc2whyaq,21,512,4096,22.187213780976805
fzrt2k6r,28,0,xgj4xftb,8,0,4096,11.960278679266894
fzrt2k6r,28,1,ptg8lmto,33,1024,3584,12.602897240410261
fzrt2k6r,28,2,kbdh4tri,38,1024,6144,13.639494082841505
fzrt2k6r,28,3,pl8uabbv,4,0,2048,13.750091850414298
fzrt2k6r,28,4,vc2whyaq,21,512,4096,13.932471212909489
fzrt2k6r,29,0,x77cy643,35,1024,4608,14.826254886831915
fzrt2k6r,29,1,ufdvpb81,15,512,1024,15.108067813023103
fzrt2k6r,29,2,cfe5vt7s,37,1024,5632,16.253730392017783
fzrt2k6r,29,3,ufdvpb81,27,1024,512,16.357541295974826
fzrt2k6r,29,4,hzumfsms,41,1536,1024,16.50296074873213
fzrt2k6r,30,0,ufdvpb81,50,1536,5632,16.38411901529294
fzrt2k6r,30,1,kbdh4tri,40,1536,512,17.586362647392768
fzrt2k6r,30,2,cfe5vt7s,47,1536,4096,17.72289567530047
fzrt2k6r,30,3,pl8uabbv,43,1536,2048,18.03733034655673
fzrt2k6r,30,4,71vgq3fw,11,0,5632,18.46396675787615
fzrt2k6r,31,0,ptg8lmto,33,1024,3584,13.231006596875174
fzrt2k6r,31,1,vc2whyaq,21,512,4096,14.071095910642082
fzrt2k6r,31,2,utfgcjfa,31,1024,2560,14.236234681143323
fzrt2k6r,31,3,pl8uabbv,16,512,1536,14.284124707504802
fzrt2k6r,31,4,hzumfsms,5,0,2560,15.470014774655812
fzrt2k6r,32,0,utfgcjfa,9,0,4608,16.910853596933354
fzrt2k6r,32,1,vc2whyaq,9,0,4608,17.97258412607127
fzrt2k6r,32,2,pl8uabbv,17,512,2048,18.300441256233643
fzrt2k6r,32,3,tuy3zymq,40,1536,512,18.56287846921699
fzrt2k6r,32,4,71vgq3fw,25,512,6144,18.60821356978569
fzrt2k6r,33,0,xgj4xftb,8,0,4096,16.405442804954653
fzrt2k6r,33,1,cfe5vt7s,43,1536,2048,16.975164059910806
fzrt2k6r,33,2,utfgcjfa,19,512,3072,17.02353493083952
fzrt2k6r,33,3,x77cy643,9,0,4608,17.217172103166362
fzrt2k6r,33,4,ptg8lmto,23,512,5120,17.348300501183182
fzrt2k6r,34,0,x7u69zsw,26,1024,0,14.61237362688756
fzrt2k6r,34,1,71vgq3fw,25,512,6144,15.112212959676114
fzrt2k6r,34,2,pl8uabbv,7,0,3584,15.487652046873068
fzrt2k6r,34,3,0grcilhi,37,1024,5632,15.887248879867657
fzrt2k6r,34,4,pl8uabbv,40,1536,512,16.189164670682032
fzrt2k6r,35,0,vc2whyaq,20,512,3584,14.547553611822972
fzrt2k6r,35,1,utfgcjfa,29,1024,1536,15.182380981915573
fzrt2k6r,35,2,vc2whyaq,38,1024,6144,16.101120905170745
fzrt2k6r,35,3,tuy3zymq,29,1024,1536,16.363076586355266
fzrt2k6r,35,4,vc2whyaq,26,1024,0,16.387449466080202
fzrt2k6r,36,0,vc2whyaq,26,1024,0,13.870933447306141
fzrt2k6r,36,1,x77cy643,12,0,6144,14.20798514177787
fzrt2k6r,36,2,ptg8lmto,37,1024,5632,15.637151702544564
fzrt2k6r,36,3,vc2whyaq,45,1536,3072,16.143385008265994
fzrt2k6r,36,4,cfe5vt7s,42,1536,1536,16.261359368022628
fzrt2k6r,37,0,utfgcjfa,31,1024,2560,13.741578739123465
fzrt2k6r,37,1,9luzk4jm,32,1024,3072,14.340777421264274
fzrt2k6r,37,2,cfe5vt7s,43,1536,2048,14.710836573322327
fzrt2k6r,37,3,vc2whyaq,21,512,4096,14.89049447363533
fzrt2k6r,37,4,cfe5vt7s,21,512,4096,14.930535264270778
fzrt2k6r,38,0,0grcilhi,20,512,3584,16.551529148830014
fzrt2k6r,38,1,0grcilhi,5,0,2560,16.60350880150993
fzrt2k6r,38,2,hzumfsms,41,1536,1024,16.933911277414673
fzrt2k6r,38,3,cfe5vt7s,22,512,4608,17.276613612180316
fzrt2k6r,38,4,cfe5vt7s,19,512,3072,17.593525106331725
fzrt2k6r,39,0,ptg8lmto,26,1024,0,17.049658279070197
fzrt2k6r,39,1,vc2whyaq,46,1536,3584,19.520598642213187
fzrt2k6r,39,2,vc2whyaq,12,0,6144,19.668683920011002
fzrt2k6r,39,3,ptg8lmto,5,0,2560,19.68568920628957
fzrt2k6r,39,4,ptg8lmto,0,0,0,19.709555162960424
fzrt2k6r,40,0,hawkfj64,28,1024,1024,14.133945832914346
fzrt2k6r,40,1,utfgcjfa,42,1536,1536,15.679864545563658
fzrt2k6r,40,2,pl8uabbv,27,1024,512,16.48804883374127
fzrt2k6r,40,3,71vgq3fw,50,1536,5632,16.90768966225989
fzrt2k6r,40,4,x7u69zsw,17,512,2048,16.92145709366436
fzrt2k6r,41,0,x7u69zsw,18,512,2560,16.048567465861517
fzrt2k6r,41,1,x7u69zsw,44,1536,2560,16.18989107421987
fzrt2k6r,41,2,kbdh4tri,27,1024,512,16.235628763890766
fzrt2k6r,41,3,xgj4xftb,19,512,3072,16.965718804154477
fzrt2k6r,41,4,kbdh4tri,13,512,0,17.58595623688344
fzrt2k6r,42,0,utfgcjfa,35,1024,4608,14.99385552495927
fzrt2k6r,42,1,utfgcjfa,2,0,1024,15.68875656645958
fzrt2k6r,42,2,pl8uabbv,17,512,2048,15.826968223436639
fzrt2k6r,42,3,pl8uabbv,46,1536,3584,15.980166987100302
fzrt2k6r,42,4,hzumfsms,46,1536,3584,16.817718057762768
fzrt2k6r,43,0,pl8uabbv,28,1024,1024,15.083395116368882
fzrt2k6r,43,1,pl8uabbv,27,1024,512,15.875513539582059
fzrt2k6r,43,2,cfe5vt7s,20,512,3584,16.02468369750869
fzrt2k6r,43,3,0grcilhi,5,0,2560,16.52449799457548
fzrt2k6r,43,4,9luzk4jm,8,0,4096,16.602640826058224
fzrt2k6r,44,0,ufdvpb81,43,1536,2048,14.721642674478133
fzrt2k6r,44,1,9luzk4jm,51,1536,6144,16.48891689836022
fzrt2k6r,44,2,cfe5vt7s,45,1536,3072,16.679534706994914
fzrt2k6r,44,3,utfgcjfa,27,1024,512,17.198910952092493
fzrt2k6r,44,4,x77cy643,24,512,5632,17.32959780890867
fzrt2k6r,45,0,mgxahqnk,18,512,2560,18.87617690768923
fzrt2k6r,45,1,mgxahqnk,17,512,2048,19.270750352691994
fzrt2k6r,45,2,x7u69zsw,42,1536,1536,19.535904756718125
fzrt2k6r,45,3,0grcilhi,32,1024,3072,19.539422916119626
fzrt2k6r,45,4,xgj4xftb,5,0,2560,21.329414485857207
fzrt2k6r,46,0,tuy3zymq,31,1024,2560,14.001186384384425
fzrt2k6r,46,1,vc2whyaq,41,1536,1024,15.00544618091794
fzrt2k6r,46,2,pl8uabbv,48,1536,4608,15.232308231234766
fzrt2k6r,46,3,x77cy643,47,1536,4096,15.75143816808733
fzrt2k6r,46,4,0grcilhi,13,512,0,15.949168144998517
fzrt2k6r,47,0,utfgcjfa,15,512,1024,15.974618775006373
fzrt2k6r,47,1,ufdvpb81,8,0,4096,16.3387744992911
fzrt2k6r,47,2,utfgcjfa,39,1536,0,17.35414089705904
fzrt2k6r,47,3,hzumfsms,30,1024,2048,17.4412393110723
fzrt2k6r,47,4,vc2whyaq,47,1536,4096,17.90474318888457
fzrt2k6r,48,0,9luzk4jm,40,1536,512,12.09133846237508
fzrt2k6r,48,1,vc2whyaq,44,1536,2560,12.514143261611169
fzrt2k6r,48,2,ufdvpb81,2,0,1024,12.795635037523887
fzrt2k6r,48,3,vc2whyaq,39,1536,0,12.814632915539274
fzrt2k6r,48,4,x77cy643,10,0,5120,13.823979909024013
fzrt2k6r,49,0,9luzk4jm,32,1024,3072,12.070530871658024
fzrt2k6r,49,1,x77cy643,24,512,5632,14.120495811291919
fzrt2k6r,49,2,cfe5vt7s,20,512,3584,14.327597434215168
fzrt2k6r,49,3,pl8uabbv,28,1024,1024,14.875701601055702
fzrt2k6r,49,4,71vgq3fw,11,0,5632,14.927107528287891
fzrt2k6r,50,0,pl8uabbv,43,1536,2048,12.345500184698215
fzrt2k6r,50,1,cfe5vt7s,20,512,3584,17.180971567190436
fzrt2k6r,50,2,utfgcjfa,3,0,1536,17.19693323295523
fzrt2k6r,50,3,ufdvpb81,50,1536,5632,17.410599481601842
fzrt2k6r,50,4,tuy3zymq,23,512,5120,17.67849617224935
fzrt2k6r,51,0,vc2whyaq,1,0,512,14.98584446720852
fzrt2k6r,51,1,ptg8lmto,33,1024,3584,16.1030323810447
fzrt2k6r,51,2,utfgcjfa,7,0,3584,16.639044872564188
fzrt2k6r,51,3,tuy3zymq,46,1536,3584,16.810516730457906
fzrt2k6r,51,4,pl8uabbv,4,0,2048,16.991111644494055
iv6g2oq0,0,0,9luzk4jm,29,1024,1536,14.36099118278899
iv6g2oq0,0,1,kbdh4tri,48,1536,4608,14.631643212320476
iv6g2oq0,0,2,vc2whyaq,47,1536,4096,14.646074770461999
iv6g2oq0,0,3,vc2whyaq,19,512,3072,14.668905319814172
iv6g2oq0,0,4,cfe5vt7s,47,1536,4096,14.679272666954866
iv6g2oq0,1,0,tuy3zymq,40,1536,512,15.352984837228458
iv6g2oq0,1,1,xgj4xftb,8,0,4096,15.379684803098465
iv6g2oq0,1,2,xgj4xftb,36,1024,5120,16.296066324411942
iv6g2oq0,1,3,ptg8lmto,23,512,5120,16.460994498042698
iv6g2oq0,1,4,x7u69zsw,1,0,512,16.666388884723162
iv6g2oq0,2,0,x77cy643,47,1536,4096,17.11631605561777
iv6g2oq0,2,1,cfe5vt7s,46,1536,3584,17.667483620568014
iv6g2oq0,2,2,cfe5vt7s,30,1024,2048,17.898547053006876
iv6g2oq0,2,3,pl8uabbv,42,1536,1536,18.161397949002275
iv6g2oq0,2,4,ptg8lmto,36,1024,5120,18.303325595061384
iv6g2oq0,3,0,x77cy643,47,1536,4096,11.94858181504943
iv6g2oq0,3,1,pl8uabbv,46,1536,3584,14.64643357131542
iv6g2oq0,3,2,vc2whyaq,41,1536,1024,14.930551300080701
iv6g2oq0,3,3,cfe5vt7s,15,512,1024,15.122381982074911
iv6g2oq0,3,4,xgj4xftb,8,0,4096,15.14565429246949
iv6g2oq0,4,0,x77cy643,5,0,2560,16.413690134940605
iv6g2oq0,4,1,71vgq3fw,25,512,6144,16.575847208487087
iv6g2oq0,4,2,ufdvpb81,10,0,5120,16.790937674086223
iv6g2oq0,4,3,vc2whyaq,45,1536,3072,16.816161937326594
iv6g2oq0,4,4,vc2whyaq,12,0,6144,16.935902223816374
iv6g2oq0,5,0,x77cy643,35,1024,4608,11.797304987115448
iv6g2oq0,5,1,vc2whyaq,44,1536,2560,13.498533490523895
iv6g2oq0,5,2,ptg8lmto,1,0,512,13.89426419621857
iv6g2oq0,5,3,cfe5vt7s,47,1536,4096,14.776066286268167
iv6g2oq0,5,4,utfgcjfa,17,512,2048,14.877833302379942
iv6g2oq0,6,0,ptg8lmto,23,512,5120,13.074739806022809
iv6g2oq0,6,1,vc2whyaq,39,1536,0,13.112413258431092
iv6g2oq0,6,2,xgj4xftb,3,0,1536,13.895058069403635
iv6g2oq0,6,3,utfgcjfa,21,512,4096,14.24785115815255
iv6g2oq0,6,4,71vgq3fw,42,1536,1536,14.250139310737017
iv6g2oq0,7,0,hzumfsms,14,512,512,12.352645100767225
iv6g2oq0,7,1,vc2whyaq,45,1536,3072,13.145034992525916
iv6g2oq0,7,2,cfe5vt7s,42,1536,1536,13.732645757297922
iv6g2oq0,7,3,x7u69zsw,49,1536,5120,14.467074259669522
iv6g2oq0,7,4,utfgcjfa,0,0,0,15.946432438114797
iv6g2oq0,8,0,ptg8lmto,3,0,1536,12.902740851084252
iv6g2oq0,8,1,vc2whyaq,47,1536,4096,13.013303347109868
iv6g2oq0,8,2,pl8uabbv,33,1024,3584,13.873495735687063
iv6g2oq0,8,3,vc2whyaq,26,1024,0,13.976813970332074
iv6g2oq0,8,4,vc2whyaq,2,0,1024,14.112387661963078
iv6g2oq0,9,0,cfe5vt7s,14,512,512,13.723955885307863
iv6g2oq0,9,1,cfe5vt7s,1,0,512,14.675931973715135
iv6g2oq0,9,2,x77cy643,5,0,2560,14.74408259732405
iv6g2oq0,9,3,cfe5vt7s,42,1536,1536,15.81494275952414
iv6g2oq0,9,4,utfgcjfa,35,1024,4608,16.610019838111516
iv6g2oq0,10,0,pl8uabbv,25,512,6144,13.471326479551868
iv6g2oq0,10,1,vc2whyaq,47,1536,4096,13.84937437724076
iv6g2oq0,10,2,cfe5vt7s,37,1024,5632,14.841838054711122
iv6g2oq0,10,3,71vgq3fw,28,1024,1024,15.464008099820653
iv6g2oq0,10,4,hzumfsms,41,1536,1024,15.756456823670643
iv6g2oq0,11,0,cfe5vt7s,20,512,3584,12.960119079160057
iv6g2oq0,11,1,utfgcjfa,35,1024,4608,14.903086900735712
iv6g2oq0,11,2,pl8uabbv,46,1536,3584,15.058678104339768
iv6g2oq0,11,3,pl8uabbv,43,1536,2048,15.175255699247902
iv6g2oq0,11,4,ufdvpb81,50,1536,5632,15.477023283296383
iv6g2oq0,12,0,71vgq3fw,25,512,6144,14.46027493171649
iv6g2oq0,12,1,kbdh4tri,27,1024,512,14.633897088728395
iv6g2oq0,12,2,hzumfsms,13,512,0,14.730666693910587
iv6g2oq0,12,3,pl8uabbv,27,1024,512,15.040756592095399
iv6g2oq0,12,4,ptg8lmto,5,0,2560,15.141784472579166
iv6g2oq0,13,0,pl8uabbv,11,0,5632,14.948535388680972
iv6g2oq0,13,1,pl8uabbv,16,512,1536,15.134880691109068
iv6g2oq0,13,2,pl8uabbv,17,512,2048,15.437466975273221
iv6g2oq0,13,3,vc2whyaq,21,512,4096,15.571739970191167
iv6g2oq0,13,4,vc2whyaq,45,1536,3072,15.587051551512895
iv6g2oq0,14,0,utfgcjfa,19,512,3072,17.87574697853486
iv6g2oq0,14,1,x77cy643,5,0,2560,19.710172585868104
iv6g2oq0,14,2,vc2whyaq,6,0,3072,19.791065938441008
iv6g2oq0,14,3,tuy3zymq,34,1024,4096,19.992096380274802
iv6g2oq0,14,4,mgxahqnk,3,0,1536,20.080234293793914
iv6g2oq0,15,0,pl8uabbv,12,0,6144,15.083082302085543
iv6g2oq0,15,1,cfe5vt7s,37,1024,5632,15.109019224550337
iv6g2oq0,15,2,x7u69zsw,32,1024,3072,15.68880528704566
iv6g2oq0,15,3,mgxahqnk,36,1024,5120,15.978388022010563
iv6g2oq0,15,4,x77cy643,35,1024,4608,16.570463396308394
iv6g2oq0,16,0,ufdvpb81,7,0,3584,13.132132577682533
iv6g2oq0,16,1,vc2whyaq,44,1536,2560,13.574987027952773
iv6g2oq0,16,2,9luzk4jm,32,1024,3072,14.094062604536182
iv6g2oq0,16,3,cfe5vt7s,47,1536,4096,15.008087171221868
iv6g2oq0,16,4,vc2whyaq,45,1536,3072,15.301768281876315
iv6g2oq0,17,0,hzumfsms,19,512,3072,17.023347204369685
iv6g2oq0,17,1,x77cy643,5,0,2560,17.549667469733233
iv6g2oq0,17,2,0grcilhi,9,0,4608,18.16284791846544
iv6g2oq0,17,3,cfe5vt7s,20,512,3584,18.383007097873367
iv6g2oq0,17,4,vc2whyaq,47,1536,4096,19.061015672114454
iv6g2oq0,18,0,9luzk4jm,51,1536,6144,14.033047070255831
iv6g2oq0,18,1,vc2whyaq,19,512,3072,14.445492989972498
iv6g2oq0,18,2,vc2whyaq,47,1536,4096,15.360381633574221
iv6g2oq0,18,3,hzumfsms,33,1024,3584,15.424979942056307
iv6g2oq0,18,4,utfgcjfa,29,1024,1536,15.437594230137295
iv6g2oq0,19,0,pl8uabbv,51,1536,6144,18.71090120090437
iv6g2oq0,19,1,cfe5vt7s,20,512,3584,19.313074318182696
iv6g2oq0,19,2,x77cy643,33,1024,3584,19.768919969252167
iv6g2oq0,19,3,ufdvpb81,43,1536,2048,20.087244450170566
iv6g2oq0,19,4,71vgq3fw,3,0,1536,20.138787654970507
iv6g2oq0,20,0,x77cy643,19,512,3072,10.46659579985072
iv6g2oq0,20,1,utfgcjfa,15,512,1024,12.335939217827217
iv6g2oq0,20,2,cfe5vt7s,47,1536,4096,12.62516725295572
iv6g2oq0,20,3,vc2whyaq,2,0,1024,12.795247029379079
iv6g2oq0,20,4,utfgcjfa,31,1024,2560,13.830554850080812
iv6g2oq0,21,0,71vgq3fw,25,512,6144,13.027123089695351
iv6g2oq0,21,1,pl8uabbv,17,512,2048,13.222788119268007
iv6g2oq0,21,2,hzumfsms,13,512,0,13.397432912399406
iv6g2oq0,21,3,utfgcjfa,2,0,1024,13.702521430589472
iv6g2oq0,21,4,utfgcjfa,31,1024,2560,13.871899709695606
iv6g2oq0,22,0,pl8uabbv,33,1024,3584,13.389927520633066
iv6g2oq0,22,1,cfe5vt7s,1,0,512,15.129362464231427
iv6g2oq0,22,2,vc2whyaq,16,512,1536,15.42435331008296
iv6g2oq0,22,3,vc2whyaq,24,512,5632,15.580491785382538
iv6g2oq0,22,4,cfe5vt7s,14,512,512,15.613933588086867
iv6g2oq0,23,0,vc2whyaq,26,1024,0,16.29692320866856
iv6g2oq0,23,1,cfe5vt7s,44,1536,2560,16.76144326760891
iv6g2oq0,23,2,ufdvpb81,32,1024,3072,21.172397441348775
iv6g2oq0,23,3,ufdvpb81,40,1536,512,21.25981229989539
iv6g2oq0,23,4,cfe5vt7s,43,1536,2048,21.702278908597386
iv6g2oq0,24,0,hzumfsms,51,1536,6144,13.587800921867876
iv6g2oq0,24,1,vc2whyaq,45,1536,3072,15.65131979677179
iv6g2oq0,24,2,ufdvpb81,20,512,3584,15.65729333821036
iv6g2oq0,24,3,x7u69zsw,41,1536,1024,16.84471748754617
iv6g2oq0,24,4,vc2whyaq,12,0,6144,17.365737821408157
iv6g2oq0,25,0,cfe5vt7s,44,1536,2560,15.29392292737663
iv6g2oq0,25,1,vc2whyaq,26,1024,0,16.613291112227106
iv6g2oq0,25,2,ufdvpb81,23,512,5120,17.07640878899656
iv6g2oq0,25,3,x77cy643,40,1536,512,17.36456975108713
iv6g2oq0,25,4,ufdvpb81,40,1536,512,17.592927414141275
iv6g2oq0,26,0,pl8uabbv,47,1536,4096,14.5882056757469
iv6g2oq0,26,1,pl8uabbv,16,512,1536,14.933725894088104
iv6g2oq0,26,2,ufdvpb81,50,1536,5632,15.008292304270347
iv6g2oq0,26,3,pl8uabbv,33,1024,3584,15.111471078846145
iv6g2oq0,26,4,pl8uabbv,42,1536,1536,15.26800925051176
iv6g2oq0,27,0,x7u69zsw,42,1536,1536,17.549957248498078
iv6g2oq0,27,1,mgxahqnk,18,512,2560,19.506222211216688
iv6g2oq0,27,2,utfgcjfa,43,1536,2048,19.78454423929079
iv6g2oq0,27,3,xgj4xftb,25,512,6144,19.946615456155918
iv6g2oq0,27,4,hawkfj64,16,512,1536,20.233991198320336
iv6g2oq0,28,0,ptg8lmto,26,1024,0,16.558613648322684
iv6g2oq0,28,1,ptg8lmto,30,1024,2048,17.51633194838562
iv6g2oq0,28,2,vc2whyaq,43,1536,2048,17.61102139022624
iv6g2oq0,28,3,ptg8lmto,7,0,3584,17.771423891395447
iv6g2oq0,28,4,x77cy643,26,1024,0,19.050340517850497
iv6g2oq0,29,0,utfgcjfa,3,0,1536,12.759477515374925
iv6g2oq0,29,1,pl8uabbv,33,1024,3584,14.15192547139447
iv6g2oq0,29,2,utfgcjfa,35,1024,4608,14.63576911101464
iv6g2oq0,29,3,9luzk4jm,47,1536,4096,14.907826566511407
iv6g2oq0,29,4,71vgq3fw,17,512,2048,15.014845022946707
iv6g2oq0,30,0,ufdvpb81,27,1024,512,15.444924520063264
iv6g2oq0,30,1,pl8uabbv,28,1024,1024,15.519290238294646
iv6g2oq0,30,2,x77cy643,33,1024,3584,15.671120322588475
iv6g2oq0,30,3,cfe5vt7s,20,512,3584,16.036682166056124
iv6g2oq0,30,4,ufdvpb81,15,512,1024,16.378236542791704
iv6g2oq0,31,0,cfe5vt7s,30,1024,2048,16.904341562095528
iv6g2oq0,31,1,x77cy643,28,1024,1024,17.4029754326183
iv6g2oq0,31,2,pl8uabbv,47,1536,4096,17.50970967558515
iv6g2oq0,31,3,x77cy643,15,512,1024,18.07192262979862
iv6g2oq0,31,4,utfgcjfa,27,1024,512,18.901998219500427
iv6g2oq0,32,0,x77cy643,47,1536,4096,15.20566109592756
iv6g2oq0,32,1,0grcilhi,13,512,0,15.331884485854038
iv6g2oq0,32,2,xgj4xftb,8,0,4096,15.372472791823439
iv6g2oq0,32,3,ptg8lmto,23,512,5120,15.814123438381301
iv6g2oq0,32,4,cfe5vt7s,15,512,1024,16.169978552065
iv6g2oq0,33,0,cfe5vt7s,37,1024,5632,16.77982323439075
iv6g2oq0,33,1,vc2whyaq,26,1024,0,18.085524098448737
iv6g2oq0,33,2,cfe5vt7s,47,1536,4096,18.23025964244286
iv6g2oq0,33,3,mgxahqnk,8,0,4096,18.23957736842513
iv6g2oq0,33,4,ufdvpb81,15,512,1024,18.33709103974257
iv6g2oq0,34,0,x7u69zsw,28,1024,1024,13.898305771205676
iv6g2oq0,34,1,kbdh4tri,18,512,2560,14.79570127146296
iv6g2oq0,34,2,xgj4xftb,34,1024,4096,14.878032820201668
iv6g2oq0,34,3,71vgq3fw,25,512,6144,15.123794319405006
iv6g2oq0,34,4,pl8uabbv,7,0,3584,15.320010961577585
iv6g2oq0,35,0,vc2whyaq,47,1536,4096,12.430630436039426
iv6g2oq0,35,1,ptg8lmto,21,512,4096,14.125572174545095
iv6g2oq0,35,2,ufdvpb81,40,1536,512,15.277046428655312
iv6g2oq0,35,3,ufdvpb81,23,512,5120,15.345219404459154
iv6g2oq0,35,4,vc2whyaq,26,1024,0,15.411087114709153
iv6g2oq0,36,0,ufdvpb81,43,1536,2048,13.938125741671021
iv6g2oq0,36,1,cfe5vt7s,45,1536,3072,15.768721020241673
iv6g2oq0,36,2,utfgcjfa,48,1536,4608,18.324580410125773
iv6g2oq0,36,3,ufdvpb81,32,1024,3072,18.61535732631712
iv6g2oq0,36,4,pl8uabbv,16,512,1536,19.19043059404234
iv6g2oq0,37,0,cfe5vt7s,45,1536,3072,18.14456894577371
iv6g2oq0,37,1,ufdvpb81,15,512,1024,18.570702996642634
iv6g2oq0,37,2,ufdvpb81,43,1536,2048,19.12523912700296
iv6g2oq0,37,3,ufdvpb81,50,1536,5632,19.242442604220514
iv6g2oq0,37,4,ufdvpb81,27,1024,512,19.250057155751332
iv6g2oq0,38,0,utfgcjfa,15,512,1024,16.68493732076233
iv6g2oq0,38,1,hzumfsms,30,1024,2048,19.316992103261875
iv6g2oq0,38,2,pl8uabbv,6,0,3072,19.70148014792314
iv6g2oq0,38,3,pl8uabbv,37,1024,5632,19.70768050833012
iv6g2oq0,38,4,ufdvpb81,15,512,1024,19.804811327833303
uhdslk0o,0,0,71vgq3fw,30,1024,2048,17.957152702356165
uhdslk0o,0,1,mgxahqnk,0,0,0,18.208779588342836
uhdslk0o,0,2,mgxahqnk,32,1024,3072,18.846044132454658
uhdslk0o,0,3,x7u69zsw,1,0,512,18.89173386857317
uhdslk0o,0,4,71vgq3fw,1,0,512,18.94977762253856
uhdslk0o,1,0,utfgcjfa,2,0,1024,12.266820850781304
uhdslk0o,1,1,pl8uabbv,17,512,2048,13.508173289180347
uhdslk0o,1,2,utfgcjfa,9,0,4608,14.935951100296736
uhdslk0o,1,3,cfe5vt7s,0,0,0,15.930417277964004
uhdslk0o,1,4,71vgq3fw,25,512,6144,16.041218973852573
uhdslk0o,2,0,xgj4xftb,6,0,3072,17.904524094274283
uhdslk0o,2,1,9luzk4jm,27,1024,512,18.995899539524615
uhdslk0o,2,2,cfe5vt7s,15,512,1024,19.489618924019116
uhdslk0o,2,3,hawkfj64,31,1024,2560,19.52791131412759
uhdslk0o,2,4,kbdh4tri,3,0,1536,19.81701903049905
uhdslk0o,3,0,ptg8lmto,10,0,5120,14.0279688083657
uhdslk0o,3,1,xgj4xftb,33,1024,3584,14.378270546869034
uhdslk0o,3,2,ptg8lmto,34,1024,4096,14.741653468478491
uhdslk0o,3,3,0grcilhi,11,0,5632,14.909239310665757
uhdslk0o,3,4,ptg8lmto,7,0,3584,15.212060753040356
uhdslk0o,4,0,mgxahqnk,0,0,0,14.301581316199705
uhdslk0o,4,1,ptg8lmto,7,0,3584,15.328175057531734
uhdslk0o,4,2,xgj4xftb,33,1024,3584,16.150283307104516
uhdslk0o,4,3,ptg8lmto,0,0,0,16.625689992655296
uhdslk0o,4,4,ptg8lmto,34,1024,4096,17.252292182076282
uhdslk0o,5,0,71vgq3fw,17,512,2048,13.369591391246626
uhdslk0o,5,1,9luzk4jm,5,0,2560,13.797594360509306
uhdslk0o,5,2,71vgq3fw,43,1536,2048,15.001142246003772
uhdslk0o,5,3,kbdh4tri,27,1024,512,15.41637042084432
uhdslk0o,5,4,x77cy643,9,0,4608,15.885750621035264
uhdslk0o,6,0,utfgcjfa,49,1536,5120,15.347535785019497
uhdslk0o,6,1,pl8uabbv,4,0,2048,15.41848812327417
uhdslk0o,6,2,pl8uabbv,40,1536,512,15.57516889814121
uhdslk0o,6,3,ptg8lmto,7,0,3584,15.741935508212405
uhdslk0o,6,4,ptg8lmto,10,0,5120,15.85897106217197
uhdslk0o,7,0,x77cy643,48,1536,4608,13.231217326439785
uhdslk0o,7,1,vc2whyaq,51,1536,6144,13.546846609741472
uhdslk0o,7,2,xgj4xftb,19,512,3072,13.805163518194167
uhdslk0o,7,3,utfgcjfa,1,0,512,13.951554690452646
uhdslk0o,7,4,tuy3zymq,13,512,0,14.041201408577802
uhdslk0o,8,0,cfe5vt7s,1,0,512,13.696504173116873
uhdslk0o,8,1,pl8uabbv,47,1536,4096,15.560929470319943
uhdslk0o,8,2,pl8uabbv,49,1536,5120,15.742989016622257
uhdslk0o,8,3,hzumfsms,5,0,2560,15.9125419685723
uhdslk0o,8,4,pl8uabbv,42,1536,1536,16.054145092301223
uhdslk0o,9,0,0grcilhi,9,0,4608,16.57168223217805
uhdslk0o,9,1,cfe5vt7s,14,512,512,18.09158554054799
uhdslk0o,9,2,0grcilhi,20,512,3584,18.245578540833353
uhdslk0o,9,3,x77cy643,5,0,2560,18.34332245660154
uhdslk0o,9,4,x7u69zsw,51,1536,6144,18.6182216507532
uhdslk0o,10,0,ptg8lmto,33,1024,3584,13.575384604683391
uhdslk0o,10,1,utfgcjfa,31,1024,2560,13.93444947289624
uhdslk0o,10,2,utfgcjfa,1,0,512,14.198707922212446
uhdslk0o,10,3,hzumfsms,7,0,3584,14.275881256495742
uhdslk0o,10,4,pl8uabbv,29,1024,1536,14.320669672484254
uhdslk0o,11,0,ufdvpb81,28,1024,1024,14.0482805501866
uhdslk0o,11,1,9luzk4jm,35,1024,4608,15.743208993920492
uhdslk0o,11,2,vc2whyaq,47,1536,4096,15.803687400872885
uhdslk0o,11,3,ufdvpb81,40,1536,512,15.859242203539328
uhdslk0o,11,4,cfe5vt7s,45,1536,3072,15.92984328816044
uhdslk0o,12,0,vc2whyaq,12,0,6144,13.854230355810794
uhdslk0o,12,1,hzumfsms,45,1536,3072,14.29919281617461
uhdslk0o,12,2,vc2whyaq,45,1536,3072,14.368524674836275
uhdslk0o,12,3,ptg8lmto,26,1024,0,14.427690796719114
uhdslk0o,12,4,x77cy643,0,0,0,14.65242247305044
uhdslk0o,13,0,hzumfsms,14,512,512,12.988650896429435
uhdslk0o,13,1,vc2whyaq,45,1536,3072,13.260096373443867
uhdslk0o,13,2,cfe5vt7s,42,1536,1536,13.733842622147337
uhdslk0o,13,3,cfe5vt7s,14,512,512,14.409493114218318
uhdslk0o,13,4,hzumfsms,51,1536,6144,14.500041083338159
uhdslk0o,14,0,utfgcjfa,27,1024,512,15.792520506562767
uhdslk0o,14,1,utfgcjfa,29,1024,1536,15.891839237665327
uhdslk0o,14,2,utfgcjfa,45,1536,3072,15.94822308165438
uhdslk0o,14,3,pl8uabbv,16,512,1536,17.639600304060732
uhdslk0o,14,4,hzumfsms,5,0,2560,17.995860811198572
uhdslk0o,15,0,pl8uabbv,42,1536,1536,15.517871383733501
uhdslk0o,15,1,hzumfsms,7,0,3584,17.39707519473018
uhdslk0o,15,2,pl8uabbv,4,0,2048,18.09047057906689
uhdslk0o,15,3,ptg8lmto,33,1024,3584,18.13915414779659
uhdslk0o,15,4,cfe5vt7s,15,512,1024,18.58834536841806
uhdslk0o,16,0,pl8uabbv,42,1536,1536,18.305307848792623
uhdslk0o,16,1,ptg8lmto,36,1024,5120,20.332342863617306
uhdslk0o,16,2,x77cy643,33,1024,3584,21.142214303505916
uhdslk0o,16,3,pl8uabbv,47,1536,4096,21.256981882442872
uhdslk0o,16,4,0grcilhi,10,0,5120,21.649055306351762
uhdslk0o,17,0,9luzk4jm,10,0,5120,16.048271376166895
uhdslk0o,17,1,pl8uabbv,33,1024,3584,17.32853721945228
uhdslk0o,17,2,hzumfsms,9,0,4608,17.43788948924108
uhdslk0o,17,3,utfgcjfa,19,512,3072,17.958539751724178
uhdslk0o,17,4,9luzk4jm,33,1024,3584,18.34367941345
uhdslk0o,18,0,9luzk4jm,32,1024,3072,12.438459064306286
uhdslk0o,18,1,9luzk4jm,46,1536,3584,13.688446978007297
uhdslk0o,18,2,hzumfsms,5,0,2560,13.916863600506133
uhdslk0o,18,3,x7u69zsw,13,512,0,14.03358558086596
uhdslk0o,18,4,vc2whyaq,39,1536,0,14.614954329299088
uhdslk0o,19,0,x7u69zsw,13,512,0,14.818109482494098
uhdslk0o,19,1,hzumfsms,5,0,2560,15.135528895967175
uhdslk0o,19,2,ptg8lmto,33,1024,3584,15.834398569936678
uhdslk0o,19,3,hzumfsms,42,1536,1536,16.213484922080223
uhdslk0o,19,4,pl8uabbv,4,0,2048,16.22260030067378
uhdslk0o,20,0,utfgcjfa,31,1024,2560,13.950380732470453
uhdslk0o,20,1,pl8uabbv,4,0,2048,15.01134871558412
uhdslk0o,20,2,vc2whyaq,1,0,512,15.568379101997463
uhdslk0o,20,3,hzumfsms,9,0,4608,16.006843028234798
uhdslk0o,20,4,ptg8lmto,33,1024,3584,16.20341894009454
uhdslk0o,21,0,kbdh4tri,18,512,2560,14.958588923975306
uhdslk0o,21,1,x7u69zsw,26,1024,0,15.360351417093506
uhdslk0o,21,2,pl8uabbv,40,1536,512,15.889263230118804
uhdslk0o,21,3,ptg8lmto,30,1024,2048,15.981539101413432
uhdslk0o,21,4,pl8uabbv,30,1024,2048,16.40662256399913
uhdslk0o,22,0,utfgcjfa,35,1024,4608,15.495386982967462
uhdslk0o,22,1,x77cy643,9,0,4608,16.53771943542912
uhdslk0o,22,2,71vgq3fw,12,0,6144,16.810901579486437
uhdslk0o,22,3,x7u69zsw,11,0,5632,17.25216271755149
uhdslk0o,22,4,71vgq3fw,30,1024,2048,17.33290798660489
uhdslk0o,23,0,vc2whyaq,47,1536,4096,17.677392656095368
uhdslk0o,23,1,vc2whyaq,26,1024,0,17.76316670952057
uhdslk0o,23,2,71vgq3fw,32,1024,3072,17.85718563683924
uhdslk0o,23,3,hzumfsms,41,1536,1024,18.177364928829064
uhdslk0o,23,4,hzumfsms,14,512,512,18.715388851007763
uhdslk0o,24,0,cfe5vt7s,45,1536,3072,16.700542645228637
uhdslk0o,24,1,cfe5vt7s,20,512,3584,16.74342515718136
uhdslk0o,24,2,cfe5vt7s,14,512,512,16.78944128397251
uhdslk0o,24,3,9luzk4jm,32,1024,3072,17.41840165398391
uhdslk0o,24,4,vc2whyaq,21,512,4096,17.70377473870084
uhdslk0o,25,0,ufdvpb81,10,0,5120,14.525709019800065
uhdslk0o,25,1,vc2whyaq,24,512,5632,16.302833555707323
uhdslk0o,25,2,x77cy643,27,1024,512,17.06528317803849
uhdslk0o,25,3,pl8uabbv,17,512,2048,18.040729609290803
uhdslk0o,25,4,xgj4xftb,4,0,2048,18.452196647145268
uhdslk0o,26,0,x77cy643,35,1024,4608,13.937259715009489
uhdslk0o,26,1,hzumfsms,21,512,4096,15.178707939879684
uhdslk0o,26,2,x77cy643,31,1024,2560,15.414362855133913
uhdslk0o,26,3,mgxahqnk,8,0,4096,15.485487236082013
uhdslk0o,26,4,cfe5vt7s,37,1024,5632,15.684045368874472
uhdslk0o,27,0,cfe5vt7s,20,512,3584,16.672166420640618
uhdslk0o,27,1,pl8uabbv,28,1024,1024,16.734008104233286
uhdslk0o,27,2,71vgq3fw,11,0,5632,16.9075383820573
uhdslk0o,27,3,x77cy643,33,1024,3584,17.817093240595643
uhdslk0o,27,4,xgj4xftb,26,1024,0,18.02211428829484
uhdslk0o,28,0,x7u69zsw,13,512,0,14.253772834038859
uhdslk0o,28,1,vc2whyaq,26,1024,0,14.570127449147781
uhdslk0o,28,2,x7u69zsw,17,512,2048,14.692172133369555
uhdslk0o,28,3,utfgcjfa,31,1024,2560,14.925969834272825
uhdslk0o,28,4,hzumfsms,5,0,2560,15.541302340631468
uhdslk0o,29,0,pl8uabbv,42,1536,1536,16.83038563775447
uhdslk0o,29,1,x77cy643,15,512,1024,17.5087141581043
uhdslk0o,29,2,cfe5vt7s,30,1024,2048,19.12389462111385
uhdslk0o,29,3,0grcilhi,10,0,5120,19.568952604355882
uhdslk0o,29,4,cfe5vt7s,46,1536,3584,20.000677436947527
uhdslk0o,30,0,hzumfsms,7,0,3584,13.28780779013145
uhdslk0o,30,1,tuy3zymq,30,1024,2048,15.086754909137229
uhdslk0o,30,2,kbdh4tri,45,1536,3072,15.868048387393998
uhdslk0o,30,3,ptg8lmto,33,1024,3584,17.461082050099595
uhdslk0o,30,4,hzumfsms,5,0,2560,17.480435847038404
uhdslk0o,31,0,utfgcjfa,31,1024,2560,12.447940566230523
uhdslk0o,31,1,x77cy643,12,0,6144,13.258287488582946
uhdslk0o,31,2,utfgcjfa,1,0,512,13.608114703266006
uhdslk0o,31,3,vc2whyaq,47,1536,4096,13.612302289449936
uhdslk0o,31,4,ufdvpb81,20,512,3584,13.68954707691969
uhdslk0o,32,0,0grcilhi,18,512,2560,13.841498255358962
uhdslk0o,32,1,tuy3zymq,38,1024,6144,14.656890530229523
uhdslk0o,32,2,0grcilhi,22,512,4608,15.60611122460208
uhdslk0o,32,3,x77cy643,48,1536,4608,16.30271606839704
uhdslk0o,32,4,x77cy643,0,0,0,16.948410141115588
uhdslk0o,33,0,utfgcjfa,31,1024,2560,12.838075085501435
uhdslk0o,33,1,cfe5vt7s,21,512,4096,14.95470831453478
uhdslk0o,33,2,vc2whyaq,19,512,3072,15.37281099536534
uhdslk0o,33,3,x77cy643,12,0,6144,15.427667208661385
uhdslk0o,33,4,vc2whyaq,16,512,1536,15.540106110019371
uhdslk0o,34,0,utfgcjfa,15,512,1024,14.513331898687964
uhdslk0o,34,1,x77cy643,33,1024,3584,15.11460303573762
uhdslk0o,34,2,vc2whyaq,47,1536,4096,15.212229079877085
uhdslk0o,34,3,x77cy643,48,1536,4608,15.281671230254862
uhdslk0o,34,4,hawkfj64,28,1024,1024,15.383503485454774
uhdslk0o,35,0,pl8uabbv,17,512,2048,15.425055677555866
uhdslk0o,35,1,ufdvpb81,10,0,5120,15.591561738075221
uhdslk0o,35,2,pl8uabbv,33,1024,3584,15.598773755039625
uhdslk0o,35,3,utfgcjfa,19,512,3072,15.617130371929177
uhdslk0o,35,4,cfe5vt7s,1,0,512,16.012287403173417
uhdslk0o,36,0,vc2whyaq,45,1536,3072,11.047956750171082
uhdslk0o,36,1,xgj4xftb,8,0,4096,11.1583170514873
uhdslk0o,36,2,vc2whyaq,23,512,5120,12.820017080313368
uhdslk0o,36,3,tuy3zymq,23,512,5120,12.980612975204668
uhdslk0o,36,4,kbdh4tri,38,1024,6144,13.015552789965879
uhdslk0o,37,0,kbdh4tri,42,1536,1536,14.951014182055912
uhdslk0o,37,1,71vgq3fw,25,512,6144,15.639421795373643
uhdslk0o,37,2,vc2whyaq,41,1536,1024,16.16098688464609
uhdslk0o,37,3,utfgcjfa,2,0,1024,16.173806395952926
uhdslk0o,37,4,x77cy643,0,0,0,16.272336737306393
uhdslk0o,38,0,ptg8lmto,27,1024,512,15.998171530967557
uhdslk0o,38,1,cfe5vt7s,50,1536,5632,17.158033216925617
uhdslk0o,38,2,cfe5vt7s,40,1536,512,18.527815727485905
uhdslk0o,38,3,vc2whyaq,5,0,2560,19.551926844640548
uhdslk0o,38,4,pl8uabbv,40,1536,512,19.706847823395737
3806gxp0,0,0,vc2whyaq,12,0,6144,10.930085202720322
3806gxp0,0,1,kbdh4tri,12,0,6144,11.427325939771787
3806gxp0,0,2,utfgcjfa,35,1024,4608,13.143490305373783
3806gxp0,0,3,ptg8lmto,16,512,1536,13.346714697615926
3806gxp0,0,4,x77cy643,9,0,4608,13.845001229669709
3806gxp0,1,0,cfe5vt7s,16,512,1536,10.735571780146346
3806gxp0,1,1,0grcilhi,10,0,5120,11.796264532472255
3806gxp0,1,2,ptg8lmto,23,512,5120,13.200988436494297
3806gxp0,1,3,cfe5vt7s,15,512,1024,13.262384590850113
3806gxp0,1,4,9luzk4jm,47,1536,4096,13.956572034716586
3806gxp0,2,0,ufdvpb81,10,0,5120,12.559118396734718
3806gxp0,2,1,cfe5vt7s,0,0,0,13.74292497994195
3806gxp0,2,2,ufdvpb81,20,512,3584,14.478242821934606
3806gxp0,2,3,vc2whyaq,24,512,5632,14.979783530486774
3806gxp0,2,4,pl8uabbv,17,512,2048,15.57197862266091
3806gxp0,3,0,hawkfj64,6,0,3072,16.491223940185204
3806gxp0,3,1,xgj4xftb,38,1024,6144,17.550628875571046
3806gxp0,3,2,hawkfj64,9,0,4608,17.605400774231498
3806gxp0,3,3,0grcilhi,0,0,0,18.088918442741946
3806gxp0,3,4,mgxahqnk,10,0,5120,18.35831261322346
3806gxp0,4,0,kbdh4tri,27,1024,512,14.733839000074724
3806gxp0,4,1,utfgcjfa,19,512,3072,15.312129336671713
3806gxp0,4,2,ptg8lmto,23,512,5120,15.855942365108984
3806gxp0,4,3,cfe5vt7s,42,1536,1536,15.920222428786138
3806gxp0,4,4,hzumfsms,14,512,512,16.06281641505759
3806gxp0,5,0,x7u69zsw,44,1536,2560,14.245853928562536
3806gxp0,5,1,vc2whyaq,43,1536,2048,14.53251806157803
3806gxp0,5,2,ptg8lmto,7,0,3584,14.70147225733261
3806gxp0,5,3,cfe5vt7s,39,1536,0,14.981035969647598
3806gxp0,5,4,71vgq3fw,21,512,4096,15.831695774835783
3806gxp0,6,0,pl8uabbv,28,1024,1024,16.63606354599367
3806gxp0,6,1,0grcilhi,30,1024,2048,16.871102473689024
3806gxp0,6,2,hawkfj64,15,512,1024,17.425692999135254
3806gxp0,6,3,x7u69zsw,5,0,2560,17.561799317190047
3806gxp0,6,4,mgxahqnk,21,512,4096,17.771284311534366
3806gxp0,7,0,9luzk4jm,38,1024,6144,19.035958852493415
3806gxp0,7,1,ptg8lmto,32,1024,3072,19.257143751195986
3806gxp0,7,2,0grcilhi,30,1024,2048,19.36192008085323
3806gxp0,7,3,x77cy643,35,1024,4608,20.272990797916332
3806gxp0,7,4,vc2whyaq,18,512,2560,20.457136329052666
3806gxp0,8,0,mgxahqnk,6,0,3072,15.873476075584541
3806gxp0,8,1,kbdh4tri,27,1024,512,16.101464607818006
3806gxp0,8,2,ufdvpb81,50,1536,5632,16.34736819549214
3806gxp0,8,3,x7u69zsw,48,1536,4608,16.73736839116278
3806gxp0,8,4,tuy3zymq,34,1024,4096,16.83456761667408
3806gxp0,9,0,mgxahqnk,3,0,1536,16.837072643464058
3806gxp0,9,1,tuy3zymq,46,1536,3584,17.137593975252045
3806gxp0,9,2,0grcilhi,22,512,4608,17.214237754439928
3806gxp0,9,3,pl8uabbv,6,0,3072,17.449608200782073
3806gxp0,9,4,9luzk4jm,45,1536,3072,17.537155413267268
3806gxp0,10,0,x77cy643,48,1536,4608,14.708815771851384
3806gxp0,10,1,x77cy643,5,0,2560,15.016429328991636
3806gxp0,10,2,vc2whyaq,32,1024,3072,15.56162781691795
3806gxp0,10,3,utfgcjfa,21,512,4096,16.0701146791571
3806gxp0,10,4,tuy3zymq,13,512,0,16.123443038497978
3806gxp0,11,0,71vgq3fw,30,1024,2048,16.970036460950407
3806gxp0,11,1,pl8uabbv,40,1536,512,17.12785594489001
3806gxp0,11,2,tuy3zymq,40,1536,512,17.145125675073214
3806gxp0,11,3,x7u69zsw,1,0,512,17.412524271045132
3806gxp0,11,4,x7u69zsw,26,1024,0,17.41950024314961
3806gxp0,12,0,mgxahqnk,28,1024,1024,15.887380312382405
3806gxp0,12,1,pl8uabbv,51,1536,6144,16.758725120130784
3806gxp0,12,2,xgj4xftb,30,1024,2048,16.77738890734163
3806gxp0,12,3,x7u69zsw,48,1536,4608,16.961499798622903
3806gxp0,12,4,9luzk4jm,33,1024,3584,17.03217837000304
3806gxp0,13,0,pl8uabbv,29,1024,1536,14.390929476662203
3806gxp0,13,1,hzumfsms,13,512,0,14.774140014754195
3806gxp0,13,2,hzumfsms,46,1536,3584,15.603528842593354
3806gxp0,13,3,ufdvpb81,26,1024,0,16.082058706813584
3806gxp0,13,4,utfgcjfa,8,0,4096,16.166340696462278
3806gxp0,14,0,pl8uabbv,29,1024,1536,15.633591418731918
3806gxp0,14,1,71vgq3fw,25,512,6144,15.64545551486182
3806gxp0,14,2,pl8uabbv,32,1024,3072,15.943579422466025
3806gxp0,14,3,hzumfsms,46,1536,3584,16.6773270603028
3806gxp0,14,4,mgxahqnk,28,1024,1024,16.86023991561475
3806gxp0,15,0,ptg8lmto,28,1024,1024,18.291416612020356
3806gxp0,15,1,mgxahqnk,28,1024,1024,18.72492342658526
3806gxp0,15,2,0grcilhi,20,512,3584,18.84185452669963
3806gxp0,15,3,pl8uabbv,28,1024,1024,19.477490638021788
3806gxp0,15,4,utfgcjfa,42,1536,1536,19.499581225363666
3806gxp0,16,0,71vgq3fw,25,512,6144,12.681926175560013
3806gxp0,16,1,x7u69zsw,28,1024,1024,13.77219686831405
3806gxp0,16,2,hzumfsms,46,1536,3584,14.164159720530119
3806gxp0,16,3,pl8uabbv,29,1024,1536,15.217330010446373
3806gxp0,16,4,utfgcjfa,2,0,1024,15.341016180950614
3806gxp0,17,0,pl8uabbv,40,1536,512,13.672181318176534
3806gxp0,17,1,cfe5vt7s,39,1536,0,14.203001582342596
3806gxp0,17,2,71vgq3fw,25,512,6144,14.421170911173759
3806gxp0,17,3,ptg8lmto,10,0,5120,14.74972733177024
3806gxp0,17,4,ptg8lmto,30,1024,2048,15.79373150326561
3806gxp0,18,0,0grcilhi,13,512,0,15.118546715216516
3806gxp0,18,1,vc2whyaq,41,1536,1024,15.697355697375498
3806gxp0,18,2,x77cy643,47,1536,4096,16.313013662951164
3806gxp0,18,3,hawkfj64,14,512,512,17.194269395402703
3806gxp0,18,4,tuy3zymq,31,1024,2560,17.342294510886468
3806gxp0,19,0,mgxahqnk,8,0,4096,13.144035499668986
3806gxp0,19,1,utfgcjfa,20,512,3584,14.633045435569722
3806gxp0,19,2,71vgq3fw,33,1024,3584,16.16123592225111
3806gxp0,19,3,x77cy643,31,1024,2560,16.239284781194815
3806gxp0,19,4,vc2whyaq,20,512,3584,16.786648051467015
3806gxp0,20,0,vc2whyaq,28,1024,1024,20.611910356281715
3806gxp0,20,1,vc2whyaq,20,512,3584,22.178577449539763
3806gxp0,20,2,ufdvpb81,27,1024,512,22.24313665767659
3806gxp0,20,3,mgxahqnk,38,1024,6144,22.938482555122597
3806gxp0,20,4,0grcilhi,20,512,3584,23.402410182375935
3806gxp0,21,0,mgxahqnk,3,0,1536,17.703449128605715
3806gxp0,21,1,x7u69zsw,38,1024,6144,19.05976110382527
3806gxp0,21,2,ufdvpb81,0,0,0,19.186428910079293
3806gxp0,21,3,kbdh4tri,50,1536,5632,19.30809880712845
3806gxp0,21,4,kbdh4tri,1,0,512,19.422854023296907
3806gxp0,22,0,vc2whyaq,20,512,3584,15.27851388788419
3806gxp0,22,1,mgxahqnk,37,1024,5632,15.312541882670816
3806gxp0,22,2,vc2whyaq,47,1536,4096,15.901544343480092
3806gxp0,22,3,9luzk4jm,35,1024,4608,16.70142851720754
3806gxp0,22,4,cfe5vt7s,22,512,4608,16.87757725430393
3806gxp0,23,0,ptg8lmto,7,0,3584,13.408693957271291
3806gxp0,23,1,pl8uabbv,50,1536,5632,14.55984257597911
3806gxp0,23,2,ptg8lmto,34,1024,4096,14.589183523370833
3806gxp0,23,3,ptg8lmto,10,0,5120,16.403754838504458
3806gxp0,23,4,xgj4xftb,33,1024,3584,16.511287455037255
3806gxp0,24,0,pl8uabbv,25,512,6144,16.225029375439846
3806gxp0,24,1,x77cy643,33,1024,3584,16.36301663619524
3806gxp0,24,2,cfe5vt7s,19,512,3072,16.508414911622605
3806gxp0,24,3,mgxahqnk,38,1024,6144,18.489155000598114
3806gxp0,24,4,9luzk4jm,33,1024,3584,18.54696456845281
3806gxp0,25,0,71vgq3fw,50,1536,5632,17.93321898575768
3806gxp0,25,1,ufdvpb81,27,1024,512,19.381394955682865
3806gxp0,25,2,0grcilhi,30,1024,2048,19.939227415984142
3806gxp0,25,3,mgxahqnk,38,1024,6144,20.148584253425316
3806gxp0,25,4,pl8uabbv,37,1024,5632,20.3248851514186
3806gxp0,26,0,utfgcjfa,4,0,2048,19.447805357297142
3806gxp0,26,1,mgxahqnk,36,1024,5120,19.953504704566733
3806gxp0,26,2,ufdvpb81,27,1024,512,20.117283157952944
3806gxp0,26,3,hawkfj64,20,512,3584,20.875529110803704
3806gxp0,26,4,x7u69zsw,49,1536,5120,21.278118205670268
3806gxp0,27,0,utfgcjfa,19,512,3072,14.089230883867529
3806gxp0,27,1,hzumfsms,14,512,512,15.0983959296748
3806gxp0,27,2,cfe5vt7s,33,1024,3584,15.179884517866446
3806gxp0,27,3,cfe5vt7s,14,512,512,15.690890453408459
3806gxp0,27,4,ufdvpb81,2,0,1024,15.694067513348202
3806gxp0,28,0,utfgcjfa,32,1024,3072,13.774286403786386
3806gxp0,28,1,vc2whyaq,32,1024,3072,14.513316218910953
3806gxp0,28,2,x77cy643,48,1536,4608,14.874268164691289
3806gxp0,28,3,vc2whyaq,51,1536,6144,15.460888501550928
3806gxp0,28,4,vc2whyaq,47,1536,4096,15.863608786043347
3806gxp0,29,0,vc2whyaq,19,512,3072,13.682510573706551
3806gxp0,29,1,x77cy643,24,512,5632,14.112144401099442
3806gxp0,29,2,9luzk4jm,51,1536,6144,14.228412020993702
3806gxp0,29,3,0grcilhi,7,0,3584,14.700846924575576
3806gxp0,29,4,9luzk4jm,32,1024,3072,14.883231316093758
3806gxp0,30,0,mgxahqnk,35,1024,4608,13.991495353899849
3806gxp0,30,1,x7u69zsw,28,1024,1024,14.011539114318705
3806gxp0,30,2,71vgq3fw,25,512,6144,15.874212781665186
3806gxp0,30,3,x7u69zsw,41,1536,1024,16.996900480084694
3806gxp0,30,4,cfe5vt7s,0,0,0,17.18383728916611
3806gxp0,31,0,x7u69zsw,11,0,5632,12.620740833978738
3806gxp0,31,1,71vgq3fw,12,0,6144,14.343203793597462
3806gxp0,31,2,mgxahqnk,26,1024,0,14.767472238296389
3806gxp0,31,3,tuy3zymq,40,1536,512,14.873881480031873
3806gxp0,31,4,71vgq3fw,1,0,512,15.109651464906978
3806gxp0,32,0,cfe5vt7s,13,512,0,21.028229651708724
3806gxp0,32,1,hzumfsms,19,512,3072,21.79218398003955
3806gxp0,32,2,mgxahqnk,3,0,1536,22.09275451816595
3806gxp0,32,3,0grcilhi,9,0,4608,22.391395257955946
3806gxp0,32,4,mgxahqnk,23,512,5120,22.592676963276297
3806gxp0,33,0,ufdvpb81,32,1024,3072,14.548622039288588
3806gxp0,33,1,ufdvpb81,20,512,3584,15.071969281303407
3806gxp0,33,2,vc2whyaq,24,512,5632,15.42257227506246
3806gxp0,33,3,ufdvpb81,10,0,5120,15.612183776497433
3806gxp0,33,4,cfe5vt7s,13,512,0,15.79178386754177
3806gxp0,34,0,utfgcjfa,31,1024,2560,13.341488450320208
3806gxp0,34,1,x7u69zsw,17,512,2048,14.226517802483977
3806gxp0,34,2,utfgcjfa,39,1536,0,14.376895063356951
3806gxp0,34,3,vc2whyaq,21,512,4096,15.527240372668683
3806gxp0,34,4,x7u69zsw,22,512,4608,15.679559518284275
3806gxp0,35,0,pl8uabbv,47,1536,4096,13.700665376764944
3806gxp0,35,1,utfgcjfa,1,0,512,14.411725919702965
3806gxp0,35,2,utfgcjfa,21,512,4096,14.497992902676843
3806gxp0,35,3,cfe5vt7s,14,512,512,14.546455518785303
3806gxp0,35,4,cfe5vt7s,42,1536,1536,14.75913610057364
3806gxp0,36,0,cfe5vt7s,20,512,3584,14.826575678071334
3806gxp0,36,1,mgxahqnk,28,1024,1024,15.62006907999333
3806gxp0,36,2,9luzk4jm,8,0,4096,16.263589794107798
3806gxp0,36,3,xgj4xftb,4,0,2048,17.233675945709702
3806gxp0,36,4,x77cy643,33,1024,3584,17.733381797141885
3806gxp0,37,0,utfgcjfa,2,0,1024,12.139329420226742
3806gxp0,37,1,71vgq3fw,25,512,6144,15.233206490537652
3806gxp0,37,2,pl8uabbv,40,1536,512,15.321503190980897
3806gxp0,37,3,pl8uabbv,17,512,2048,16.204298177119806
3806gxp0,37,4,x7u69zsw,26,1024,0,16.402195405867428
3806gxp0,38,0,hzumfsms,40,1536,512,16.154572212358637
3806gxp0,38,1,x77cy643,33,1024,3584,16.447769175961785
3806gxp0,38,2,utfgcjfa,29,1024,1536,17.189436603946824
3806gxp0,38,3,9luzk4jm,51,1536,6144,17.445392948534906
3806gxp0,38,4,vc2whyaq,28,1024,1024,17.466848052344996
3806gxp0,39,0,ptg8lmto,33,1024,3584,13.695399294660534
3806gxp0,39,1,vc2whyaq,0,0,0,14.206276529151522
3806gxp0,39,2,ptg8lmto,9,0,4608,14.368938881312552
3806gxp0,39,3,x77cy643,50,1536,5632,14.42008434429105
3806gxp0,39,4,x77cy643,16,512,1536,15.753019112986298
3806gxp0,40,0,9luzk4jm,23,512,5120,17.139370033503244
3806gxp0,40,1,x7u69zsw,33,1024,3584,18.62781649285303
3806gxp0,40,2,71vgq3fw,42,1536,1536,18.79943579795906
3806gxp0,40,3,hawkfj64,36,1024,5120,18.959963801830863
3806gxp0,40,4,hawkfj64,9,0,4608,18.962352906903945
3806gxp0,41,0,71vgq3fw,25,512,6144,14.917545996187767
3806gxp0,41,1,ufdvpb81,10,0,5120,14.956646444493014
3806gxp0,41,2,utfgcjfa,9,0,4608,16.17327066865658
3806gxp0,41,3,x77cy643,9,0,4608,16.174926092918263
3806gxp0,41,4,kbdh4tri,27,1024,512,16.641226868870184
3806gxp0,42,0,cfe5vt7s,50,1536,5632,14.808335611557107
3806gxp0,42,1,ptg8lmto,27,1024,512,16.561543358860085
3806gxp0,42,2,ufdvpb81,25,512,6144,16.98944288049879
3806gxp0,42,3,hawkfj64,16,512,1536,16.993563928258943
3806gxp0,42,4,vc2whyaq,5,0,2560,17.3484231291861
3806gxp0,43,0,ptg8lmto,16,512,1536,19.864450982184728
3806gxp0,43,1,vc2whyaq,26,1024,0,20.08259227436264
3806gxp0,43,2,x7u69zsw,13,512,0,20.250306475386417
3806gxp0,43,3,utfgcjfa,31,1024,2560,20.303915872355287
3806gxp0,43,4,ptg8lmto,15,512,1024,20.351873510181225
3806gxp0,44,0,ufdvpb81,2,0,1024,14.793644436067844
3806gxp0,44,1,pl8uabbv,28,1024,1024,14.853410526665165
3806gxp0,44,2,pl8uabbv,12,0,6144,15.076922912171707
3806gxp0,44,3,71vgq3fw,11,0,5632,15.544884543270083
3806gxp0,44,4,x77cy643,33,1024,3584,15.960094414002649
3806gxp0,45,0,x7u69zsw,33,1024,3584,14.491865120840338
3806gxp0,45,1,hzumfsms,30,1024,2048,15.586179660372425
3806gxp0,45,2,vc2whyaq,39,1536,0,15.685388896369622
3806gxp0,45,3,kbdh4tri,43,1536,2048,16.000905194208414
3806gxp0,45,4,hzumfsms,50,1536,5632,16.268075302234294
3806gxp0,46,0,71vgq3fw,28,1024,1024,13.826030796909372
3806gxp0,46,1,tuy3zymq,29,1024,1536,14.83576226126282
3806gxp0,46,2,vc2whyaq,20,512,3584,16.013897492349983
3806gxp0,46,3,x77cy643,43,1536,2048,16.47072824972107
3806gxp0,46,4,hzumfsms,41,1536,1024,16.487512465557945
3806gxp0,47,0,x77cy643,2,0,1024,13.383182072558046
3806gxp0,47,1,cfe5vt7s,33,1024,3584,13.831651440802384
3806gxp0,47,2,9luzk4jm,33,1024,3584,15.621832644779115
3806gxp0,47,3,x77cy643,31,1024,2560,15.662017442559858
3806gxp0,47,4,mgxahqnk,8,0,4096,15.874641599271012
3806gxp0,48,0,vc2whyaq,41,1536,1024,13.521378672145373
3806gxp0,48,1,9luzk4jm,5,0,2560,13.701554969409555
3806gxp0,48,2,x77cy643,0,0,0,15.471604924499847
3806gxp0,48,3,ptg8lmto,35,1024,4608,15.560109519262568
3806gxp0,48,4,kbdh4tri,19,512,3072,15.662776939887692
3806gxp0,49,0,pl8uabbv,17,512,2048,12.715030126104597
3806gxp0,49,1,utfgcjfa,35,1024,4608,14.096761817355267
3806gxp0,49,2,pl8uabbv,47,1536,4096,14.498316785128825
3806gxp0,49,3,utfgcjfa,9,0,4608,15.935136728424538
3806gxp0,49,4,mgxahqnk,28,1024,1024,16.004598073440587
3806gxp0,50,0,vc2whyaq,41,1536,1024,13.975820290099975
3806gxp0,50,1,ptg8lmto,23,512,5120,14.85726366836146
3806gxp0,50,2,9luzk4jm,47,1536,4096,15.004895605653031
3806gxp0,50,3,x77cy643,0,0,0,15.515423602717949
3806gxp0,50,4,hzumfsms,45,1536,3072,16.26610193221675
3806gxp0,51,0,utfgcjfa,9,0,4608,16.505029848324728
3806gxp0,51,1,utfgcjfa,2,0,1024,16.69854506415357
3806gxp0,51,2,71vgq3fw,25,512,6144,16.94550911673607
3806gxp0,51,3,pl8uabbv,40,1536,512,17.599352172252857
3806gxp0,51,4,tuy3zymq,40,1536,512,17.607864363539772
avn74qx1,0,0,9luzk4jm,27,1024,512,14.413907465961639
avn74qx1,0,1,pl8uabbv,30,1024,2048,14.889203789417353
avn74qx1,0,2,cfe5vt7s,40,1536,512,15.401525645746661
avn74qx1,0,3,pl8uabbv,40,1536,512,15.568820049133327
avn74qx1,0,4,xgj4xftb,36,1024,5120,15.645147306034835
avn74qx1,1,0,hawkfj64,16,512,1536,12.774721027282038
avn74qx1,1,1,71vgq3fw,30,1024,2048,16.169349380575248
avn74qx1,1,2,71vgq3fw,1,0,512,16.36776570321947
avn74qx1,1,3,x7u69zsw,26,1024,0,16.37235222159779
avn74qx1,1,4,cfe5vt7s,50,1536,5632,16.95699236592489
avn74qx1,2,0,tuy3zymq,23,512,5120,15.156989902945469
avn74qx1,2,1,pl8uabbv,27,1024,512,15.345823183787088
avn74qx1,2,2,71vgq3fw,25,512,6144,15.516056682144974
avn74qx1,2,3,x7u69zsw,25,512,6144,15.637201664172439
avn74qx1,2,4,kbdh4tri,27,1024,512,15.708641687651786
avn74qx1,3,0,vc2whyaq,51,1536,6144,12.854652110226276
avn74qx1,3,1,vc2whyaq,39,1536,0,13.306162607214793
avn74qx1,3,2,ptg8lmto,25,512,6144,14.285320686372264
avn74qx1,3,3,9luzk4jm,12,0,6144,15.002373655054685
avn74qx1,3,4,ufdvpb81,36,1024,5120,15.100120938619908
avn74qx1,4,0,x7u69zsw,41,1536,1024,17.488436249202493
avn74qx1,4,1,ufdvpb81,10,0,5120,18.031091567449806
avn74qx1,4,2,x7u69zsw,49,1536,5120,18.53236248889383
avn74qx1,4,3,pl8uabbv,17,512,2048,18.738191436115876
avn74qx1,4,4,vc2whyaq,45,1536,3072,19.22389145122525
avn74qx1,5,0,ptg8lmto,7,0,3584,11.281078981961839
avn74qx1,5,1,ptg8lmto,10,0,5120,15.080175661396579
avn74qx1,5,2,ptg8lmto,34,1024,4096,15.885190414898824
avn74qx1,5,3,x7u69zsw,44,1536,2560,16.65696123272429
avn74qx1,5,4,xgj4xftb,33,1024,3584,17.09899714880923
avn74qx1,6,0,0grcilhi,20,512,3584,14.201329793948078
avn74qx1,6,1,hzumfsms,32,1024,3072,15.694232503591511
avn74qx1,6,2,x77cy643,35,1024,4608,15.967472892162572
avn74qx1,6,3,mgxahqnk,38,1024,6144,16.155894720858406
avn74qx1,6,4,ptg8lmto,28,1024,1024,16.158909060965986
avn74qx1,7,0,hzumfsms,16,512,1536,15.356428973661833
avn74qx1,7,1,tuy3zymq,38,1024,6144,15.95000463175351
avn74qx1,7,2,71vgq3fw,21,512,4096,16.09317010638593
avn74qx1,7,3,71vgq3fw,42,1536,1536,16.43291970412733
avn74qx1,7,4,hzumfsms,35,1024,4608,17.067397934110776
avn74qx1,8,0,x7u69zsw,33,1024,3584,15.68382351895909
avn74qx1,8,1,9luzk4jm,33,1024,3584,16.03385607320619
avn74qx1,8,2,x77cy643,24,512,5632,16.602658449544695
avn74qx1,8,3,vc2whyaq,47,1536,4096,16.63934088920995
avn74qx1,8,4,x7u69zsw,25,512,6144,17.050185753042772
avn74qx1,9,0,ptg8lmto,0,0,0,14.337066116816503
avn74qx1,9,1,mgxahqnk,35,1024,4608,14.895429473274548
avn74qx1,9,2,ufdvpb81,25,512,6144,15.681179574803572
avn74qx1,9,3,ptg8lmto,27,1024,512,15.99157556132804
avn74qx1,9,4,cfe5vt7s,50,1536,5632,16.608847301434185
avn74qx1,10,0,utfgcjfa,2,0,1024,18.983181147137902
avn74qx1,10,1,hawkfj64,17,512,2048,19.069764751234764
avn74qx1,10,2,mgxahqnk,17,512,2048,19.45186594245597
avn74qx1,10,3,kbdh4tri,51,1536,6144,19.75944696244233
avn74qx1,10,4,hawkfj64,14,512,512,19.897965806703915
avn74qx1,11,0,ptg8lmto,23,512,5120,13.665555769556214
avn74qx1,11,1,xgj4xftb,8,0,4096,14.17472481430179
avn74qx1,11,2,kbdh4tri,13,512,0,14.900479553981574
avn74qx1,11,3,tuy3zymq,13,512,0,15.254058813487658
avn74qx1,11,4,hzumfsms,45,1536,3072,15.501194442194805
avn74qx1,12,0,pl8uabbv,28,1024,1024,15.209866111403468
avn74qx1,12,1,x7u69zsw,22,512,4608,15.719845046593464
avn74qx1,12,2,9luzk4jm,32,1024,3072,16.331853677370283
avn74qx1,12,3,tuy3zymq,41,1536,1024,16.58014339154919
avn74qx1,12,4,x7u69zsw,17,512,2048,16.608966530756692
avn74qx1,13,0,hawkfj64,26,1024,0,19.64976188969535
avn74qx1,13,1,utfgcjfa,43,1536,2048,20.944389038939548
avn74qx1,13,2,0grcilhi,32,1024,3072,21.497716336212356
avn74qx1,13,3,hawkfj64,16,512,1536,21.634558677022888
avn74qx1,13,4,ptg8lmto,27,1024,512,21.99998792813818
avn74qx1,14,0,xgj4xftb,25,512,6144,17.501242399030087
avn74qx1,14,1,hawkfj64,0,0,0,17.758984438697826
avn74qx1,14,2,hawkfj64,26,1024,0,18.898747154273543
avn74qx1,14,3,mgxahqnk,18,512,2560,19.775642606450674
avn74qx1,14,4,x7u69zsw,42,1536,1536,19.893326552407935
avn74qx1,15,0,hzumfsms,50,1536,5632,12.822184925806939
avn74qx1,15,1,cfe5vt7s,33,1024,3584,13.570590028837438
avn74qx1,15,2,vc2whyaq,39,1536,0,13.92084836074317
avn74qx1,15,3,x77cy643,2,0,1024,15.329515459540222
avn74qx1,15,4,cfe5vt7s,41,1536,1024,15.413188347264429
avn74qx1,16,0,0grcilhi,0,0,0,17.35557624269747
avn74qx1,16,1,9luzk4jm,45,1536,3072,17.39691668870691
avn74qx1,16,2,kbdh4tri,43,1536,2048,17.748796272724345
avn74qx1,16,3,hzumfsms,50,1536,5632,17.76644105351943
avn74qx1,16,4,9luzk4jm,37,1024,5632,17.995538802381144
avn74qx1,17,0,hawkfj64,2,0,1024,15.97972735985214
avn74qx1,17,1,x7u69zsw,43,1536,2048,16.226726171537862
avn74qx1,17,2,mgxahqnk,26,1024,0,16.72712285292513
avn74qx1,17,3,mgxahqnk,31,1024,2560,17.57424009134802
avn74qx1,17,4,hawkfj64,27,1024,512,17.93374504702134
avn74qx1,18,0,ufdvpb81,13,512,0,14.730625859414992
avn74qx1,18,1,mgxahqnk,26,1024,0,14.974722879159765
avn74qx1,18,2,vc2whyaq,41,1536,1024,15.11001940505802
avn74qx1,18,3,cfe5vt7s,16,512,1536,15.1446187160698
avn74qx1,18,4,71vgq3fw,43,1536,2048,15.229260097889977
avn74qx1,19,0,vc2whyaq,51,1536,6144,14.755751286870737
avn74qx1,19,1,9luzk4jm,16,512,1536,14.827584120407224
avn74qx1,19,2,cfe5vt7s,33,1024,3584,16.17138746786591
avn74qx1,19,3,kbdh4tri,43,1536,2048,16.280888654181016
avn74qx1,19,4,hzumfsms,50,1536,5632,16.382177444285446
avn74qx1,20,0,utfgcjfa,7,0,3584,22.702612496968893
avn74qx1,20,1,vc2whyaq,16,512,1536,23.106491560188985
avn74qx1,20,2,kbdh4tri,50,1536,5632,23.297179961865087
avn74qx1,20,3,mgxahqnk,3,0,1536,23.800104898456375
avn74qx1,20,4,pl8uabbv,23,512,5120,23.899247350042206
avn74qx1,21,0,71vgq3fw,25,512,6144,15.6856838077666
avn74qx1,21,1,utfgcjfa,8,0,4096,16.335262837561118
avn74qx1,21,2,utfgcjfa,2,0,1024,16.666039104255788
avn74qx1,21,3,pl8uabbv,29,1024,1536,16.712249052054208
avn74qx1,21,4,pl8uabbv,40,1536,512,16.859493167387487
avn74qx1,22,0,cfe5vt7s,13,512,0,15.921228877590073
avn74qx1,22,1,mgxahqnk,37,1024,5632,16.663512165652207
avn74qx1,22,2,vc2whyaq,2,0,1024,17.404360092982657
avn74qx1,22,3,x77cy643,5,0,2560,17.514200257845662
avn74qx1,22,4,utfgcjfa,31,1024,2560,18.72358262650507
avn74qx1,23,0,utfgcjfa,19,512,3072,16.007603730548926
avn74qx1,23,1,pl8uabbv,33,1024,3584,16.20585402005486
avn74qx1,23,2,utfgcjfa,48,1536,4608,16.56876747003236
avn74qx1,23,3,utfgcjfa,8,0,4096,17.06291374553576
avn74qx1,23,4,vc2whyaq,2,0,1024,17.084599216779587
avn74qx1,24,0,x77cy643,35,1024,4608,15.038261689536597
avn74qx1,24,1,x77cy643,24,512,5632,15.628152497974607
avn74qx1,24,2,0grcilhi,5,0,2560,16.943798065315484
avn74qx1,24,3,mgxahqnk,8,0,4096,16.97076319980255
avn74qx1,24,4,cfe5vt7s,37,1024,5632,17.250478282525297
avn74qx1,25,0,utfgcjfa,0,0,0,12.249235165867239
avn74qx1,25,1,vc2whyaq,24,512,5632,15.502587798764791
avn74qx1,25,2,vc2whyaq,45,1536,3072,16.786781922977735
avn74qx1,25,3,x7u69zsw,16,512,1536,16.944564617218237
avn74qx1,25,4,x7u69zsw,13,512,0,17.10029533037694
avn74qx1,26,0,mgxahqnk,37,1024,5632,14.692292136890151
avn74qx1,26,1,utfgcjfa,31,1024,2560,15.389509150878315
avn74qx1,26,2,vc2whyaq,47,1536,4096,15.469032679701508
avn74qx1,26,3,pl8uabbv,4,0,2048,15.53150982955562
avn74qx1,26,4,x77cy643,24,512,5632,15.708269383332006
avn74qx1,27,0,vc2whyaq,47,1536,4096,15.114187949197849
avn74qx1,27,1,0grcilhi,30,1024,2048,15.209787820565785
avn74qx1,27,2,x77cy643,24,512,5632,15.615303772147636
avn74qx1,27,3,pl8uabbv,28,1024,1024,16.50622292437984
avn74qx1,27,4,vc2whyaq,19,512,3072,16.730113104162857
avn74qx1,28,0,0grcilhi,5,0,2560,15.81222419475361
avn74qx1,28,1,0grcilhi,20,512,3584,15.99435456835642
avn74qx1,28,2,pl8uabbv,28,1024,1024,16.152422490338303
avn74qx1,28,3,ufdvpb81,27,1024,512,17.178589087577695
avn74qx1,28,4,xgj4xftb,15,512,1024,17.254678374713905
avn74qx1,29,0,cfe5vt7s,47,1536,4096,14.09309728549273
avn74qx1,29,1,hzumfsms,40,1536,512,14.246508128591325
avn74qx1,29,2,mgxahqnk,8,0,4096,14.5434454936272
avn74qx1,29,3,x77cy643,31,1024,2560,14.742863260622032
avn74qx1,29,4,vc2whyaq,19,512,3072,14.85556474010283
avn74qx1,30,0,9luzk4jm,30,1024,2048,12.717322805024944
avn74qx1,30,1,cfe5vt7s,33,1024,3584,13.990983083669615
avn74qx1,30,2,cfe5vt7s,47,1536,4096,13.99436462423004
avn74qx1,30,3,vc2whyaq,44,1536,2560,14.531375977879183
avn74qx1,30,4,hzumfsms,10,0,5120,14.597015205864682
avn74qx1,31,0,utfgcjfa,8,0,4096,13.256130960359215
avn74qx1,31,1,hzumfsms,13,512,0,13.874351701809578
avn74qx1,31,2,ufdvpb81,26,1024,0,15.683166256790274
avn74qx1,31,3,utfgcjfa,31,1024,2560,15.758901010299484
avn74qx1,31,4,ptg8lmto,11,0,5632,15.8916049537222
avn74qx1,32,0,ufdvpb81,10,0,5120,16.59167525008199
avn74qx1,32,1,x77cy643,27,1024,512,16.895719595961975
avn74qx1,32,2,utfgcjfa,2,0,1024,17.58725885375954
avn74qx1,32,3,utfgcjfa,8,0,4096,18.351551415962433
avn74qx1,32,4,ufdvpb81,32,1024,3072,18.423801530465813
avn74qx1,33,0,kbdh4tri,42,1536,1536,16.730316611569037
avn74qx1,33,1,ptg8lmto,30,1024,2048,16.90303868948962
avn74qx1,33,2,ptg8lmto,16,512,1536,17.999789899111146
avn74qx1,33,3,71vgq3fw,25,512,6144,18.063914273865116
avn74qx1,33,4,ptg8lmto,10,0,5120,18.169692296042452
avn74qx1,34,0,71vgq3fw,50,1536,5632,15.565118889968003
avn74qx1,34,1,ufdvpb81,27,1024,512,16.360978450833425
avn74qx1,34,2,pl8uabbv,37,1024,5632,17.87247206019489
avn74qx1,34,3,mgxahqnk,38,1024,6144,17.94945842954045
avn74qx1,34,4,9luzk4jm,38,1024,6144,19.427201634611688
avn74qx1,35,0,pl8uabbv,40,1536,512,15.280128532058525
avn74qx1,35,1,vc2whyaq,5,0,2560,15.388456406258694
avn74qx1,35,2,71vgq3fw,30,1024,2048,15.4120716271683
avn74qx1,35,3,x7u69zsw,26,1024,0,17.37302008047207
avn74qx1,35,4,cfe5vt7s,50,1536,5632,17.9248595034427
avn74qx1,36,0,xgj4xftb,4,0,2048,16.470328974028856
avn74qx1,36,1,ufdvpb81,10,0,5120,17.15012547314344
avn74qx1,36,2,ufdvpb81,20,512,3584,17.460584851513737
avn74qx1,36,3,utfgcjfa,9,0,4608,17.70058332918113
avn74qx1,36,4,pl8uabbv,17,512,2048,18.33896866787631
avn74qx1,37,0,71vgq3fw,25,512,6144,14.7683659866393
avn74qx1,37,1,kbdh4tri,27,1024,512,15.257476975246451
avn74qx1,37,2,pl8uabbv,27,1024,512,16.363453965024245
avn74qx1,37,3,vc2whyaq,12,0,6144,16.711958219450615
avn74qx1,37,4,vc2whyaq,39,1536,0,16.94683174734297
avn74qx1,38,0,ufdvpb81,20,512,3584,18.595064969551434
avn74qx1,38,1,71vgq3fw,25,512,6144,18.92927001982778
avn74qx1,38,2,71vgq3fw,44,1536,2560,19.0197853259062
avn74qx1,38,3,x7u69zsw,49,1536,5120,19.30542700390165
avn74qx1,38,4,ufdvpb81,10,0,5120,19.833521441710012
avn74qx1,39,0,pl8uabbv,30,1024,2048,14.39232311182645
avn74qx1,39,1,pl8uabbv,40,1536,512,15.785786817928718
avn74qx1,39,2,pl8uabbv,50,1536,5632,16.402697304640956
avn74qx1,39,3,ptg8lmto,7,0,3584,16.515743457156322
avn74qx1,39,4,ptg8lmto,10,0,5120,16.686131992896595
avn74qx1,40,0,ufdvpb81,10,0,5120,14.42614706373279
avn74qx1,40,1,71vgq3fw,25,512,6144,16.807404630993744
avn74qx1,40,2,x77cy643,27,1024,512,17.056091945138185
avn74qx1,40,3,vc2whyaq,2,0,1024,17.97164022874189
avn74qx1,40,4,utfgcjfa,2,0,1024,17.99772788814855
avn74qx1,41,0,x7u69zsw,51,1536,6144,16.783172733373664
avn74qx1,41,1,x77cy643,43,1536,2048,18.267957308830912
avn74qx1,41,2,vc2whyaq,26,1024,0,18.30365675815088
avn74qx1,41,3,xgj4xftb,22,512,4608,18.58226889779412
avn74qx1,41,4,vc2whyaq,20,512,3584,19.19117247852982
avn74qx1,42,0,vc2whyaq,32,1024,3072,18.31447600985368
avn74qx1,42,1,utfgcjfa,19,512,3072,18.387748566143383
avn74qx1,42,2,x7u69zsw,13,512,0,18.4101971727713
avn74qx1,42,3,vc2whyaq,2,0,1024,18.51423856644852
avn74qx1,42,4,x77cy643,36,1024,5120,18.872707605496206
avn74qx1,43,0,kbdh4tri,27,1024,512,14.954241419114242
avn74qx1,43,1,x77cy643,50,1536,5632,15.810897240138244
avn74qx1,43,2,kbdh4tri,12,0,6144,16.309804040348517
avn74qx1,43,3,kbdh4tri,1,0,512,16.34620740397693
avn74qx1,43,4,hzumfsms,13,512,0,16.638561292330653
avn74qx1,44,0,pl8uabbv,40,1536,512,16.129024896021203
avn74qx1,44,1,ptg8lmto,27,1024,512,16.385570199326807
avn74qx1,44,2,71vgq3fw,30,1024,2048,16.73367034760716
avn74qx1,44,3,xgj4xftb,33,1024,3584,16.813391621417242
avn74qx1,44,4,cfe5vt7s,40,1536,512,17.00477941870603
avn74qx1,45,0,utfgcjfa,2,0,1024,15.138342541970552
avn74qx1,45,1,71vgq3fw,25,512,6144,18.392910777165042
avn74qx1,45,2,pl8uabbv,17,512,2048,18.832176206183306
avn74qx1,45,3,utfgcjfa,35,1024,4608,19.201762600503766
avn74qx1,45,4,utfgcjfa,9,0,4608,19.440109732327905
avn74qx1,46,0,pl8uabbv,29,1024,1536,12.530608540188679
avn74qx1,46,1,pl8uabbv,47,1536,4096,14.085571820023958
avn74qx1,46,2,utfgcjfa,1,0,512,14.272005336890325
avn74qx1,46,3,pl8uabbv,27,1024,512,14.538671590674621
avn74qx1,46,4,hzumfsms,13,512,0,14.769774859191292
avn74qx1,47,0,utfgcjfa,8,0,4096,11.303835464458322
avn74qx1,47,1,x77cy643,48,1536,4608,12.532062354458471
avn74qx1,47,2,hzumfsms,13,512,0,13.098074146063977
avn74qx1,47,3,71vgq3fw,25,512,6144,13.208857049571368
avn74qx1,47,4,utfgcjfa,49,1536,5120,13.529061040613787
avn74qx1,48,0,ufdvpb81,10,0,5120,15.958026785770084
avn74qx1,48,1,xgj4xftb,4,0,2048,16.48702543351519
avn74qx1,48,2,utfgcjfa,9,0,4608,16.53478572577206
avn74qx1,48,3,71vgq3fw,25,512,6144,17.195219469800126
avn74qx1,48,4,vc2whyaq,12,0,6144,17.21513833132114
avn74qx1,49,0,pl8uabbv,40,1536,512,12.94935526440528
avn74qx1,49,1,vc2whyaq,43,1536,2048,14.246888436725717
avn74qx1,49,2,ptg8lmto,13,512,0,14.99851775747563
avn74qx1,49,3,ptg8lmto,30,1024,2048,15.00154568289824
avn74qx1,49,4,ptg8lmto,26,1024,0,15.398939037087322
avn74qx1,50,0,utfgcjfa,31,1024,2560,14.219313131513525
avn74qx1,50,1,x7u69zsw,25,512,6144,14.466917347686882
avn74qx1,50,2,vc2whyaq,47,1536,4096,14.56667891361152
avn74qx1,50,3,x77cy643,24,512,5632,14.833220359265892
avn74qx1,50,4,mgxahqnk,37,1024,5632,15.286613429925191
avn74qx1,51,0,mgxahqnk,28,1024,1024,17.11736054412803
avn74qx1,51,1,pl8uabbv,28,1024,1024,18.030957188055652
avn74qx1,51,2,mgxahqnk,37,1024,5632,18.105963783428095
avn74qx1,51,3,cfe5vt7s,13,512,0,18.58618483232501
avn74qx1,51,4,0grcilhi,5,0,2560,19.479586869358307
b3esycq1,0,0,hzumfsms,14,512,512,13.93470769935592
b3esycq1,0,1,vc2whyaq,45,1536,3072,15.00064489365578
b3esycq1,0,2,cfe5vt7s,42,1536,1536,15.057346693848812
b3esycq1,0,3,vc2whyaq,26,1024,0,16.168945077435968
b3esycq1,0,4,kbdh4tri,40,1536,512,16.366611664379953
b3esycq1,1,0,9luzk4jm,33,1024,3584,13.631383431433282
b3esycq1,1,1,x77cy643,24,512,5632,14.000666005002394
b3esycq1,1,2,ufdvpb81,38,1024,6144,14.49836671762415
b3esycq1,1,3,9luzk4jm,51,1536,6144,15.268314291933974
b3esycq1,1,4,vc2whyaq,6,0,3072,15.433451790209702
b3esycq1,2,0,vc2whyaq,39,1536,0,14.168067461287057
b3esycq1,2,1,0grcilhi,22,512,4608,15.192768814428593
b3esycq1,2,2,tuy3zymq,38,1024,6144,15.877235162899746
b3esycq1,2,3,9luzk4jm,47,1536,4096,16.528428881836884
b3esycq1,2,4,hawkfj64,21,512,4096,16.780953849294193
b3esycq1,3,0,hawkfj64,12,0,6144,17.90379255771822
b3esycq1,3,1,cfe5vt7s,16,512,1536,18.484101318540166
b3esycq1,3,2,vc2whyaq,39,1536,0,19.335104551083763
b3esycq1,3,3,pl8uabbv,6,0,3072,19.35389832686061
b3esycq1,3,4,mgxahqnk,11,0,5632,19.388747377973313
b3esycq1,4,0,x7u69zsw,8,0,4096,16.06617588228568
b3esycq1,4,1,utfgcjfa,47,1536,4096,18.184747333492354
b3esycq1,4,2,71vgq3fw,32,1024,3072,19.70259060957642
b3esycq1,4,3,ufdvpb81,4,0,2048,20.10934928830826
b3esycq1,4,4,xgj4xftb,38,1024,6144,20.177188242385228
b3esycq1,5,0,71vgq3fw,11,0,5632,16.347506241576607
b3esycq1,5,1,kbdh4tri,32,1024,3072,17.2237840981194
b3esycq1,5,2,cfe5vt7s,20,512,3584,17.407065330485615
b3esycq1,5,3,71vgq3fw,28,1024,1024,17.71899296532155
b3esycq1,5,4,x77cy643,36,1024,5120,17.75395212523495
b3esycq1,6,0,9luzk4jm,16,512,1536,16.301247585376494
b3esycq1,6,1,utfgcjfa,47,1536,4096,17.55288671111124
b3esycq1,6,2,hawkfj64,36,1024,5120,17.758619830006683
b3esycq1,6,3,tuy3zymq,11,0,5632,18.225307175895157
b3esycq1,6,4,71vgq3fw,42,1536,1536,18.434973422477178
b3esycq1,7,0,ufdvpb81,38,1024,6144,14.74227133289972
b3esycq1,7,1,71vgq3fw,28,1024,1024,16.12389659997608
b3esycq1,7,2,hawkfj64,20,512,3584,17.47978146574813
b3esycq1,7,3,hzumfsms,41,1536,1024,17.926295708387464
b3esycq1,7,4,pl8uabbv,28,1024,1024,18.07215337280866
b3esycq1,8,0,xgj4xftb,4,0,2048,15.930157878289618
b3esycq1,8,1,vc2whyaq,45,1536,3072,16.42085453900108
b3esycq1,8,2,x7u69zsw,28,1024,1024,16.927189191454996
b3esycq1,8,3,vc2whyaq,23,512,5120,17.422623415699363
b3esycq1,8,4,vc2whyaq,12,0,6144,17.501518941797745
b3esycq1,9,0,hawkfj64,27,1024,512,19.925923722810037
b3esycq1,9,1,hawkfj64,2,0,1024,20.255235645041044
b3esycq1,9,2,x77cy643,46,1536,3584,20.287737777160547
b3esycq1,9,3,x7u69zsw,37,1024,5632,20.301652737752157
b3esycq1,9,4,mgxahqnk,3,0,1536,20.528608526576768
b3esycq1,10,0,pl8uabbv,29,1024,1536,16.435042724054828
b3esycq1,10,1,vc2whyaq,6,0,3072,17.9004714236837
b3esycq1,10,2,x7u69zsw,48,1536,4608,18.169482034031006
b3esycq1,10,3,tuy3zymq,31,1024,2560,18.234482929208628
b3esycq1,10,4,utfgcjfa,9,0,4608,18.268338372669472
b3esycq1,11,0,mgxahqnk,8,0,4096,14.432886441724335
b3esycq1,11,1,vc2whyaq,40,1536,512,14.96689153274221
b3esycq1,11,2,kbdh4tri,49,1536,5120,15.24929044273686
b3esycq1,11,3,utfgcjfa,17,512,2048,15.893692711079382
b3esycq1,11,4,0grcilhi,12,0,6144,15.938418739903113
b3esycq1,12,0,9luzk4jm,33,1024,3584,18.626362294711345
b3esycq1,12,1,x77cy643,33,1024,3584,18.727543119387626
b3esycq1,12,2,vc2whyaq,40,1536,512,19.635949257932907
b3esycq1,12,3,hzumfsms,41,1536,1024,19.884211814105917
b3esycq1,12,4,cfe5vt7s,22,512,4608,19.927705239067542
b3esycq1,13,0,9luzk4jm,38,1024,6144,17.848634664836123
b3esycq1,13,1,hzumfsms,41,1536,1024,18.42950026844539
b3esycq1,13,2,xgj4xftb,22,512,4608,18.76860296281913
b3esycq1,13,3,71vgq3fw,24,512,5632,18.830972692342037
b3esycq1,13,4,hzumfsms,32,1024,3072,18.97542857693911
b3esycq1,14,0,pl8uabbv,51,1536,6144,13.320259079496942
b3esycq1,14,1,x77cy643,33,1024,3584,14.951547643866652
b3esycq1,14,2,utfgcjfa,31,1024,2560,15.269623205029879
b3esycq1,14,3,cfe5vt7s,45,1536,3072,15.522489366293948
b3esycq1,14,4,x77cy643,24,512,5632,15.649134073666438
b3esycq1,15,0,tuy3zymq,13,512,0,14.816796145851105
b3esycq1,15,1,pl8uabbv,47,1536,4096,15.073732858926764
b3esycq1,15,2,utfgcjfa,15,512,1024,15.212728608468645
b3esycq1,15,3,pl8uabbv,27,1024,512,15.403810618005094
b3esycq1,15,4,pl8uabbv,29,1024,1536,15.676128757382942
b3esycq1,16,0,vc2whyaq,9,0,4608,18.523286601180367
b3esycq1,16,1,tuy3zymq,40,1536,512,19.098187921841667
b3esycq1,16,2,utfgcjfa,9,0,4608,19.1040396145977
b3esycq1,16,3,hawkfj64,17,512,2048,19.2504817058516
b3esycq1,16,4,pl8uabbv,35,1024,4608,20.59525866992065
b3esycq1,17,0,ptg8lmto,19,512,3072,14.37127608797622
b3esycq1,17,1,pl8uabbv,46,1536,3584,14.435071176393208
b3esycq1,17,2,xgj4xftb,8,0,4096,14.839001543105454
b3esycq1,17,3,pl8uabbv,16,512,1536,15.500650720018967
b3esycq1,17,4,pl8uabbv,47,1536,4096,15.54737247878633
b3esycq1,18,0,cfe5vt7s,13,512,0,17.61785212066971
b3esycq1,18,1,cfe5vt7s,20,512,3584,20.642909140456833
b3esycq1,18,2,x77cy643,33,1024,3584,21.18360575681354
b3esycq1,18,3,x77cy643,27,1024,512,21.282378812873766
b3esycq1,18,4,ufdvpb81,28,1024,1024,21.349634326570502
b3esycq1,19,0,cfe5vt7s,43,1536,2048,15.199310678365668
b3esycq1,19,1,xgj4xftb,8,0,4096,16.072730382696342
b3esycq1,19,2,ptg8lmto,19,512,3072,16.936007956405156
b3esycq1,19,3,utfgcjfa,19,512,3072,17.123602043765963
b3esycq1,19,4,kbdh4tri,38,1024,6144,17.817389319682867
b3esycq1,20,0,mgxahqnk,8,0,4096,14.096244070686508
b3esycq1,20,1,pl8uabbv,25,512,6144,14.757381913780542
b3esycq1,20,2,x77cy643,35,1024,4608,15.027638860995634
b3esycq1,20,3,cfe5vt7s,37,1024,5632,15.444299326511564
b3esycq1,20,4,hzumfsms,32,1024,3072,15.454392005677375
b3esycq1,21,0,71vgq3fw,13,512,0,15.85144680264817
b3esycq1,21,1,hzumfsms,30,1024,2048,16.31407180791588
b3esycq1,21,2,x77cy643,2,0,1024,16.50391618805032
b3esycq1,21,3,utfgcjfa,15,512,1024,16.85317170681455
b3esycq1,21,4,vc2whyaq,16,512,1536,16.92463034664201
b3esycq1,22,0,vc2whyaq,26,1024,0,14.813328152356876
b3esycq1,22,1,ufdvpb81,50,1536,5632,15.52122862552494
b3esycq1,22,2,hzumfsms,42,1536,1536,15.827479753113137
b3esycq1,22,3,ptg8lmto,4,0,2048,15.916495253394041
b3esycq1,22,4,kbdh4tri,25,512,6144,16.262484817988405
b3esycq1,23,0,xgj4xftb,8,0,4096,11.928834461146275
b3esycq1,23,1,cfe5vt7s,0,0,0,13.856454816752501
b3esycq1,23,2,hzumfsms,51,1536,6144,13.877850042426918
b3esycq1,23,3,vc2whyaq,23,512,5120,14.591684499074862
b3esycq1,23,4,vc2whyaq,45,1536,3072,14.65380149187192
b3esycq1,24,0,cfe5vt7s,43,1536,2048,15.988837021875131
b3esycq1,24,1,0grcilhi,37,1024,5632,16.68093019270027
b3esycq1,24,2,hzumfsms,40,1536,512,16.893627193174083
b3esycq1,24,3,tuy3zymq,30,1024,2048,16.919930466609763
b3esycq1,24,4,xgj4xftb,8,0,4096,17.59689758828799
b3esycq1,25,0,tuy3zymq,36,1024,5120,17.699417290643378
b3esycq1,25,1,x77cy643,27,1024,512,18.01854643816022
b3esycq1,25,2,utfgcjfa,38,1024,6144,18.2365335208531
b3esycq1,25,3,cfe5vt7s,45,1536,3072,18.499639625251195
b3esycq1,25,4,pl8uabbv,16,512,1536,18.77564326508709
b3esycq1,26,0,ptg8lmto,7,0,3584,10.993326513785778
b3esycq1,26,1,ptg8lmto,34,1024,4096,12.305697106353323
b3esycq1,26,2,xgj4xftb,33,1024,3584,12.805969543105931
b3esycq1,26,3,xgj4xftb,13,512,0,13.627976603005678
b3esycq1,26,4,kbdh4tri,51,1536,6144,14.119953713681523
b3esycq1,27,0,hzumfsms,9,0,4608,16.24124513042372
b3esycq1,27,1,utfgcjfa,8,0,4096,16.33192951357816
b3esycq1,27,2,ptg8lmto,0,0,0,16.703354232324898
b3esycq1,27,3,ptg8lmto,26,1024,0,16.726121621109723
b3esycq1,27,4,vc2whyaq,46,1536,3584,17.15415266993947
b3esycq1,28,0,x7u69zsw,22,512,4608,11.200022262464998
b3esycq1,28,1,utfgcjfa,42,1536,1536,14.290740572217638
b3esycq1,28,2,pl8uabbv,28,1024,1024,14.920577488082428
b3esycq1,28,3,ptg8lmto,28,1024,1024,15.007217239681545
b3esycq1,28,4,x7u69zsw,29,1024,1536,15.087062945270235
b3esycq1,29,0,x7u69zsw,13,512,0,12.829508470931001
b3esycq1,29,1,vc2whyaq,21,512,4096,13.168715026996557
b3esycq1,29,2,utfgcjfa,31,1024,2560,13.258868042894843
b3esycq1,29,3,x77cy643,5,0,2560,13.983816678411257
b3esycq1,29,4,vc2whyaq,2,0,1024,14.306371666066244
b3esycq1,30,0,vc2whyaq,21,512,4096,16.326133055681108
b3esycq1,30,1,tuy3zymq,31,1024,2560,16.903375875631568
b3esycq1,30,2,utfgcjfa,31,1024,2560,16.99506191517676
b3esycq1,30,3,pl8uabbv,49,1536,5120,17.120579541879785
b3esycq1,30,4,utfgcjfa,35,1024,4608,17.249245917158596
b3esycq1,31,0,ptg8lmto,26,1024,0,15.344161782649532
b3esycq1,31,1,x77cy643,26,1024,0,15.42131042454818
b3esycq1,31,2,ufdvpb81,32,1024,3072,15.623321966836324
b3esycq1,31,3,utfgcjfa,31,1024,2560,16.01504727028214
b3esycq1,31,4,utfgcjfa,8,0,4096,16.326625090525976
b3esycq1,32,0,ufdvpb81,1,0,512,13.600860840424268
b3esycq1,32,1,x77cy643,47,1536,4096,13.833894972346574
b3esycq1,32,2,utfgcjfa,49,1536,5120,14.47982807823212
b3esycq1,32,3,x7u69zsw,20,512,3584,14.495632846007542
b3esycq1,32,4,ptg8lmto,10,0,5120,15.071518693184826
b3esycq1,33,0,cfe5vt7s,20,512,3584,14.422188345211657
b3esycq1,33,1,x7u69zsw,17,512,2048,16.141711208076238
b3esycq1,33,2,cfe5vt7s,45,1536,3072,16.39985784610683
b3esycq1,33,3,utfgcjfa,35,1024,4608,16.483062542706534
b3esycq1,33,4,utfgcjfa,42,1536,1536,16.503841450100698
b3esycq1,34,0,ptg8lmto,5,0,2560,17.066836996287133
b3esycq1,34,1,utfgcjfa,2,0,1024,17.12270829784085
b3esycq1,34,2,cfe5vt7s,50,1536,5632,17.59161692026476
b3esycq1,34,3,hawkfj64,16,512,1536,17.740204788522952
b3esycq1,34,4,xgj4xftb,4,0,2048,17.81354180363313
b3esycq1,35,0,pl8uabbv,27,1024,512,14.645328576247348
b3esycq1,35,1,tuy3zymq,23,512,5120,14.728925926206827
b3esycq1,35,2,x77cy643,5,0,2560,15.649171670290942
b3esycq1,35,3,71vgq3fw,25,512,6144,15.701928995102824
b3esycq1,35,4,cfe5vt7s,20,512,3584,15.753341412853516
b3esycq1,36,0,71vgq3fw,25,512,6144,15.189197062562968
b3esycq1,36,1,71vgq3fw,44,1536,2560,15.674340164599379
b3esycq1,36,2,x7u69zsw,28,1024,1024,16.18047297750193
b3esycq1,36,3,ufdvpb81,20,512,3584,16.21473597492092
b3esycq1,36,4,xgj4xftb,4,0,2048,16.272219486907847
b3esycq1,37,0,x77cy643,35,1024,4608,11.77418500208357
b3esycq1,37,1,71vgq3fw,33,1024,3584,13.965989979093319
b3esycq1,37,2,vc2whyaq,20,512,3584,14.021361779761818
b3esycq1,37,3,cfe5vt7s,33,1024,3584,14.29947671629074
b3esycq1,37,4,mgxahqnk,8,0,4096,15.09472785146488
b3esycq1,38,0,pl8uabbv,16,512,1536,17.36310563115492
b3esycq1,38,1,pl8uabbv,4,0,2048,18.76467184508615
b3esycq1,38,2,cfe5vt7s,1,0,512,18.80039671633978
b3esycq1,38,3,utfgcjfa,38,1024,6144,18.841610351284146
b3esycq1,38,4,xgj4xftb,32,1024,3072,18.94907205107621
b3esycq1,39,0,vc2whyaq,26,1024,0,15.962548601536197
b3esycq1,39,1,mgxahqnk,13,512,0,16.141206223229933
b3esycq1,39,2,hzumfsms,14,512,512,16.79102575412863
b3esycq1,39,3,x7u69zsw,13,512,0,16.879284315720074
b3esycq1,39,4,vc2whyaq,12,0,6144,17.310000253635565
b3esycq1,40,0,vc2whyaq,12,0,6144,14.670402035595687
b3esycq1,40,1,kbdh4tri,26,1024,0,14.889494845343007
b3esycq1,40,2,cfe5vt7s,20,512,3584,15.283970726023018
b3esycq1,40,3,ufdvpb81,50,1536,5632,15.51835036099506
b3esycq1,40,4,utfgcjfa,35,1024,4608,15.592354123715571
b3esycq1,41,0,utfgcjfa,35,1024,4608,13.47881503398098
b3esycq1,41,1,utfgcjfa,9,0,4608,14.302662647120417
b3esycq1,41,2,utfgcjfa,2,0,1024,14.488650725073075
b3esycq1,41,3,pl8uabbv,17,512,2048,15.235023578097312
b3esycq1,41,4,71vgq3fw,25,512,6144,16.150886303356966
b3esycq1,42,0,pl8uabbv,27,1024,512,12.872584865479736
b3esycq1,42,1,xgj4xftb,19,512,3072,14.088243025019649
b3esycq1,42,2,tuy3zymq,13,512,0,14.920775672977326
b3esycq1,42,3,tuy3zymq,46,1536,3584,15.207619330469234
b3esycq1,42,4,xgj4xftb,8,0,4096,15.244257291172538
b3esycq1,43,0,vc2whyaq,12,0,6144,14.823169773598762
b3esycq1,43,1,71vgq3fw,25,512,6144,15.80303967604581
b3esycq1,43,2,ufdvpb81,10,0,5120,16.089655052547116
b3esycq1,43,3,ufdvpb81,20,512,3584,16.114451397621607
b3esycq1,43,4,tuy3zymq,23,512,5120,16.197174407304487
b3esycq1,44,0,x7u69zsw,13,512,0,13.930880440390606
b3esycq1,44,1,utfgcjfa,31,1024,2560,14.108702776059232
b3esycq1,44,2,vc2whyaq,2,0,1024,14.970159206635055
b3esycq1,44,3,cfe5vt7s,13,512,0,15.416319989966238
b3esycq1,44,4,utfgcjfa,48,1536,4608,15.605413201105746
b3esycq1,45,0,ptg8lmto,9,0,4608,13.688580622211504
b3esycq1,45,1,vc2whyaq,0,0,0,14.899388475261654
b3esycq1,45,2,x7u69zsw,13,512,0,14.993086928662807
b3esycq1,45,3,utfgcjfa,31,1024,2560,15.032263847658236
b3esycq1,45,4,vc2whyaq,21,512,4096,15.068926522673317
b3esycq1,46,0,kbdh4tri,45,1536,3072,14.097257473187685
b3esycq1,46,1,kbdh4tri,48,1536,4608,14.693442759114156
b3esycq1,46,2,vc2whyaq,44,1536,2560,14.718605604691275
b3esycq1,46,3,x7u69zsw,8,0,4096,15.668210084957325
b3esycq1,46,4,utfgcjfa,47,1536,4096,16.31163040633957
b3esycq1,47,0,9luzk4jm,12,0,6144,12.996244867122881
b3esycq1,47,1,71vgq3fw,46,1536,3584,13.060378116625692
b3esycq1,47,2,vc2whyaq,39,1536,0,13.17804189393972
b3esycq1,47,3,ufdvpb81,36,1024,5120,13.469943918223633
b3esycq1,47,4,utfgcjfa,18,512,2560,13.825289579627992
b3esycq1,48,0,x7u69zsw,5,0,2560,14.48153681101813
b3esycq1,48,1,pl8uabbv,27,1024,512,14.831196496438197
b3esycq1,48,2,x77cy643,24,512,5632,15.451683291940384
b3esycq1,48,3,mgxahqnk,28,1024,1024,15.523500335762831
b3esycq1,48,4,vc2whyaq,47,1536,4096,15.990576377545134
b3esycq1,49,0,pl8uabbv,11,0,5632,14.129978657450193
b3esycq1,49,1,cfe5vt7s,42,1536,1536,15.541464300126687
b3esycq1,49,2,vc2whyaq,45,1536,3072,16.40249338121911
b3esycq1,49,3,vc2whyaq,40,1536,512,16.92667362616233
b3esycq1,49,4,utfgcjfa,21,512,4096,17.33010887129782
b3esycq1,50,0,xgj4xftb,30,1024,2048,16.574278945262236
b3esycq1,50,1,xgj4xftb,19,512,3072,17.706517305708687
b3esycq1,50,2,x7u69zsw,43,1536,2048,18.116015358887218
b3esycq1,50,3,mgxahqnk,1,0,512,18.350979549581016
b3esycq1,50,4,tuy3zymq,46,1536,3584,18.410015713893454
b3esycq1,51,0,hzumfsms,13,512,0,12.13094003842906
b3esycq1,51,1,pl8uabbv,33,1024,3584,12.737472701464288
b3esycq1,51,2,vc2whyaq,16,512,1536,12.987860213488757
b3esycq1,51,3,ptg8lmto,11,0,5632,13.745735998858349
b3esycq1,51,4,x77cy643,48,1536,4608,14.107290811874442
epqdaau9,0,0,vc2whyaq,45,1536,3072,13.69209571570065
epqdaau9,0,1,71vgq3fw,25,512,6144,14.958760998715785
epqdaau9,0,2,ufdvpb81,10,0,5120,15.027514060018815
epqdaau9,0,3,x77cy643,4,0,2048,15.081354176308261
epqdaau9,0,4,tuy3zymq,13,512,0,15.412730567149092
epqdaau9,1,0,71vgq3fw,25,512,6144,15.812272784404584
epqdaau9,1,1,ufdvpb81,10,0,5120,18.651675344365895
epqdaau9,1,2,71vgq3fw,44,1536,2560,18.76944978817164
epqdaau9,1,3,utfgcjfa,2,0,1024,18.895310425047196
epqdaau9,1,4,pl8uabbv,40,1536,512,19.07195097466684
epqdaau9,2,0,vc2whyaq,45,1536,3072,12.210755047017201
epqdaau9,2,1,xgj4xftb,8,0,4096,13.19360034208545
epqdaau9,2,2,x7u69zsw,41,1536,1024,14.113927053283492
epqdaau9,2,3,hzumfsms,51,1536,6144,14.8651946925467
epqdaau9,2,4,ptg8lmto,23,512,5120,15.181466877084805
epqdaau9,3,0,pl8uabbv,40,1536,512,20.1568330115639
epqdaau9,3,1,ptg8lmto,13,512,0,20.22373511046155
epqdaau9,3,2,vc2whyaq,46,1536,3584,21.32174508601724
epqdaau9,3,3,ptg8lmto,6,0,3072,21.430930034879164
epqdaau9,3,4,vc2whyaq,5,0,2560,21.43835009114458
epqdaau9,4,0,utfgcjfa,2,0,1024,15.314054265848386
epqdaau9,4,1,cfe5vt7s,50,1536,5632,15.620740319951624
epqdaau9,4,2,hzumfsms,45,1536,3072,17.00395838787546
epqdaau9,4,3,cfe5vt7s,0,0,0,17.103388435408636
epqdaau9,4,4,hawkfj64,16,512,1536,17.248674877270762
epqdaau9,5,0,x77cy643,12,0,6144,12.841319542186136
epqdaau9,5,1,utfgcjfa,31,1024,2560,12.980560602254775
epqdaau9,5,2,x77cy643,16,512,1536,13.2811227010339
epqdaau9,5,3,x77cy643,50,1536,5632,14.170502315475582
epqdaau9,5,4,vc2whyaq,24,512,5632,14.239203058653219
epqdaau9,6,0,71vgq3fw,25,512,6144,12.60563229955809
epqdaau9,6,1,pl8uabbv,40,1536,512,14.065041652885773
epqdaau9,6,2,tuy3zymq,40,1536,512,14.306785696918453
epqdaau9,6,3,x7u69zsw,26,1024,0,15.3457785709233
epqdaau9,6,4,utfgcjfa,2,0,1024,15.445337661849221
epqdaau9,7,0,ufdvpb81,10,0,5120,13.244161241153577
epqdaau9,7,1,71vgq3fw,44,1536,2560,13.69700686461262
epqdaau9,7,2,71vgq3fw,25,512,6144,14.256414001938111
epqdaau9,7,3,vc2whyaq,45,1536,3072,14.93472190740592
epqdaau9,7,4,xgj4xftb,4,0,2048,15.339957683471114
epqdaau9,8,0,xgj4xftb,4,0,2048,13.888340416821936
epqdaau9,8,1,tuy3zymq,23,512,5120,14.088133349585233
epqdaau9,8,2,71vgq3fw,25,512,6144,14.554886992076492
epqdaau9,8,3,kbdh4tri,27,1024,512,14.64586329708847
epqdaau9,8,4,x77cy643,9,0,4608,14.657620251582571
epqdaau9,9,0,71vgq3fw,44,1536,2560,16.839565522363444
epqdaau9,9,1,71vgq3fw,25,512,6144,17.379378404786944
epqdaau9,9,2,x7u69zsw,41,1536,1024,18.527484779097747
epqdaau9,9,3,x7u69zsw,28,1024,1024,18.57347290398512
epqdaau9,9,4,ptg8lmto,29,1024,1536,18.776975837379304
epqdaau9,10,0,vc2whyaq,5,0,2560,20.221908917588564
epqdaau9,10,1,hawkfj64,16,512,1536,20.415851594087222
epqdaau9,10,2,cfe5vt7s,50,1536,5632,21.116979347287895
epqdaau9,10,3,utfgcjfa,43,1536,2048,21.335670925105607
epqdaau9,10,4,pl8uabbv,40,1536,512,22.111940374215663
epqdaau9,11,0,71vgq3fw,25,512,6144,15.600712454311397
epqdaau9,11,1,x7u69zsw,28,1024,1024,15.724368106506171
epqdaau9,11,2,x7u69zsw,26,1024,0,17.25587964428212
epqdaau9,11,3,kbdh4tri,13,512,0,18.047359915407345
epqdaau9,11,4,x77cy643,0,0,0,18.21579444237585
epqdaau9,12,0,utfgcjfa,43,1536,2048,17.5147047877251
epqdaau9,12,1,hawkfj64,26,1024,0,24.067543449581624
epqdaau9,12,2,mgxahqnk,18,512,2560,24.541405055657098
epqdaau9,12,3,x7u69zsw,42,1536,1536,25.435517970328718
epqdaau9,12,4,mgxahqnk,35,1024,4608,25.787461400458184
epqdaau9,13,0,71vgq3fw,25,512,6144,15.829528328046305
epqdaau9,13,1,utfgcjfa,2,0,1024,17.22334951295003
epqdaau9,13,2,x7u69zsw,26,1024,0,18.11263122658987
epqdaau9,13,3,pl8uabbv,40,1536,512,18.934088844689107
epqdaau9,13,4,utfgcjfa,9,0,4608,19.175027129915993
epqdaau9,14,0,ptg8lmto,6,0,3072,12.968943091941911
epqdaau9,14,1,ptg8lmto,30,1024,2048,13.363306408834134
epqdaau9,14,2,hzumfsms,13,512,0,13.440427200489529
epqdaau9,14,3,ptg8lmto,11,0,5632,13.691242288054143
epqdaau9,14,4,vc2whyaq,46,1536,3584,14.491140972836202
epqdaau9,15,0,xgj4xftb,4,0,2048,15.025386028003075
epqdaau9,15,1,vc2whyaq,24,512,5632,16.424002636396096
epqdaau9,15,2,ufdvpb81,10,0,5120,16.887423882546376
epqdaau9,15,3,x7u69zsw,49,1536,5120,17.179586904556412
epqdaau9,15,4,ufdvpb81,20,512,3584,17.494820871407406
epqdaau9,16,0,vc2whyaq,47,1536,4096,12.59875118347238
epqdaau9,16,1,0grcilhi,20,512,3584,14.110662076084465
epqdaau9,16,2,cfe5vt7s,42,1536,1536,14.671651161208912
epqdaau9,16,3,0grcilhi,5,0,2560,14.816296406185222
epqdaau9,16,4,vc2whyaq,26,1024,0,15.101032226687533
epqdaau9,17,0,pl8uabbv,4,0,2048,15.143622776879154
epqdaau9,17,1,ptg8lmto,11,0,5632,15.40069569283159
epqdaau9,17,2,ufdvpb81,43,1536,2048,15.523967114349997
epqdaau9,17,3,kbdh4tri,38,1024,6144,16.00167210436817
epqdaau9,17,4,pl8uabbv,33,1024,3584,16.669625504652284
epqdaau9,18,0,utfgcjfa,35,1024,4608,15.13344033022615
epqdaau9,18,1,ufdvpb81,1,0,512,15.705571117464784
epqdaau9,18,2,ptg8lmto,26,1024,0,15.764700230651524
epqdaau9,18,3,x77cy643,26,1024,0,15.799993895402721
epqdaau9,18,4,xgj4xftb,8,0,4096,15.885589704315827
epqdaau9,19,0,x77cy643,12,0,6144,12.620719440949081
epqdaau9,19,1,utfgcjfa,31,1024,2560,13.457150923920647
epqdaau9,19,2,cfe5vt7s,21,512,4096,14.541447431491296
epqdaau9,19,3,9luzk4jm,46,1536,3584,15.821777551589044
epqdaau9,19,4,x7u69zsw,13,512,0,16.641530466210583
epqdaau9,20,0,x77cy643,48,1536,4608,12.09260936557909
epqdaau9,20,1,utfgcjfa,31,1024,2560,13.491784535940408
epqdaau9,20,2,ptg8lmto,11,0,5632,13.638649444379793
epqdaau9,20,3,kbdh4tri,1,0,512,13.639460902816342
epqdaau9,20,4,pl8uabbv,4,0,2048,13.770794930438779
epqdaau9,21,0,x7u69zsw,26,1024,0,13.813948804418924
epqdaau9,21,1,71vgq3fw,25,512,6144,14.007339019441739
epqdaau9,21,2,pl8uabbv,40,1536,512,14.6215950472232
epqdaau9,21,3,71vgq3fw,30,1024,2048,14.832555289050564
epqdaau9,21,4,tuy3zymq,40,1536,512,15.102356768812088
epqdaau9,22,0,utfgcjfa,2,0,1024,13.430656850587498
epqdaau9,22,1,hzumfsms,45,1536,3072,15.277989561728123
epqdaau9,22,2,x7u69zsw,26,1024,0,15.311072923730766
epqdaau9,22,3,71vgq3fw,25,512,6144,15.427537725647293
epqdaau9,22,4,pl8uabbv,40,1536,512,15.583380497168639
epqdaau9,23,0,utfgcjfa,35,1024,4608,13.903178847641204
epqdaau9,23,1,mgxahqnk,3,0,1536,16.6587834372774
epqdaau9,23,2,71vgq3fw,17,512,2048,17.42382000069315
epqdaau9,23,3,pl8uabbv,46,1536,3584,17.621356987783425
epqdaau9,23,4,x77cy643,9,0,4608,18.502951492528183
epqdaau9,24,0,x77cy643,9,0,4608,12.794212737495828
epqdaau9,24,1,utfgcjfa,35,1024,4608,13.593728925774174
epqdaau9,24,2,utfgcjfa,3,0,1536,14.965650693279722
epqdaau9,24,3,vc2whyaq,12,0,6144,15.600809281598128
epqdaau9,24,4,vc2whyaq,21,512,4096,15.933398872669372
epqdaau9,25,0,xgj4xftb,4,0,2048,12.992669065954455
epqdaau9,25,1,ufdvpb81,10,0,5120,13.067103086261843
epqdaau9,25,2,vc2whyaq,45,1536,3072,13.855844279875502
epqdaau9,25,3,vc2whyaq,12,0,6144,14.219838400000569
epqdaau9,25,4,x77cy643,9,0,4608,14.424148055820064
epqdaau9,26,0,vc2whyaq,46,1536,3584,14.31504645014536
epqdaau9,26,1,ptg8lmto,0,0,0,16.46246212634194
epqdaau9,26,2,ptg8lmto,16,512,1536,16.870039733947877
epqdaau9,26,3,vc2whyaq,21,512,4096,16.931899142575478
epqdaau9,26,4,utfgcjfa,8,0,4096,16.93575664282667
epqdaau9,27,0,ufdvpb81,10,0,5120,16.085928086061518
epqdaau9,27,1,xgj4xftb,4,0,2048,16.270746047031217
epqdaau9,27,2,71vgq3fw,25,512,6144,16.488854160550076
epqdaau9,27,3,pl8uabbv,40,1536,512,16.49253145547217
epqdaau9,27,4,x7u69zsw,26,1024,0,16.562835648233726
epqdaau9,28,0,vc2whyaq,41,1536,1024,13.226389660233368
epqdaau9,28,1,ptg8lmto,30,1024,2048,14.13667981825297
epqdaau9,28,2,71vgq3fw,21,512,4096,14.548235407110115
epqdaau9,28,3,x77cy643,0,0,0,14.659611561598282
epqdaau9,28,4,71vgq3fw,25,512,6144,14.734134970261032
epqdaau9,29,0,utfgcjfa,3,0,1536,14.358758696038672
epqdaau9,29,1,kbdh4tri,27,1024,512,14.384975614054111
epqdaau9,29,2,x7u69zsw,24,512,5632,15.495828832524912
epqdaau9,29,3,utfgcjfa,39,1536,0,15.862158718606988
epqdaau9,29,4,ptg8lmto,33,1024,3584,15.92771427211741
epqdaau9,30,0,kbdh4tri,42,1536,1536,11.830556756227558
epqdaau9,30,1,hzumfsms,13,512,0,12.222076407649219
epqdaau9,30,2,ptg8lmto,33,1024,3584,12.234128729502451
epqdaau9,30,3,ptg8lmto,11,0,5632,12.712457051056994
epqdaau9,30,4,pl8uabbv,33,1024,3584,12.85455817905018
epqdaau9,31,0,xgj4xftb,8,0,4096,14.253935302377473
epqdaau9,31,1,ptg8lmto,10,0,5120,16.346764769908976
epqdaau9,31,2,utfgcjfa,49,1536,5120,16.43692810133704
epqdaau9,31,3,ufdvpb81,1,0,512,16.44260663455248
epqdaau9,31,4,0grcilhi,11,0,5632,16.468079494092354
epqdaau9,32,0,x77cy643,12,0,6144,13.841077185898232
epqdaau9,32,1,ufdvpb81,23,512,5120,14.407084656743727
epqdaau9,32,2,vc2whyaq,26,1024,0,14.857854566877842
epqdaau9,32,3,vc2whyaq,21,512,4096,14.968360604188824
epqdaau9,32,4,ptg8lmto,4,0,2048,15.772681968765262
epqdaau9,33,0,hzumfsms,9,0,4608,23.78831214078852
epqdaau9,33,1,ufdvpb81,32,1024,3072,23.9574801634395
epqdaau9,33,2,utfgcjfa,8,0,4096,24.24518739969302
epqdaau9,33,3,x77cy643,27,1024,512,24.449017875661088
epqdaau9,33,4,cfe5vt7s,21,512,4096,24.558843561863245
epqdaau9,34,0,ptg8lmto,7,0,3584,11.33648467903087
epqdaau9,34,1,pl8uabbv,50,1536,5632,14.268859994849835
epqdaau9,34,2,kbdh4tri,19,512,3072,14.601466103503217
epqdaau9,34,3,x7u69zsw,44,1536,2560,14.611526349573417
epqdaau9,34,4,hzumfsms,45,1536,3072,14.637564856502435
epqdaau9,35,0,utfgcjfa,43,1536,2048,15.702756851625528
epqdaau9,35,1,cfe5vt7s,50,1536,5632,17.295268859385956
epqdaau9,35,2,hawkfj64,26,1024,0,18.085047229407092
epqdaau9,35,3,ptg8lmto,27,1024,512,19.016953284603165
epqdaau9,35,4,hawkfj64,16,512,1536,20.456119315169285
epqdaau9,36,0,pl8uabbv,27,1024,512,16.08017005238347
epqdaau9,36,1,utfgcjfa,31,1024,2560,16.490229519387984
epqdaau9,36,2,71vgq3fw,44,1536,2560,16.68671094586417
epqdaau9,36,3,tuy3zymq,13,512,0,16.764505913322967
epqdaau9,36,4,ptg8lmto,5,0,2560,17.173786831043564
epqdaau9,37,0,pl8uabbv,33,1024,3584,13.174882894209903
epqdaau9,37,1,utfgcjfa,48,1536,4608,14.698781050468728
epqdaau9,37,2,vc2whyaq,47,1536,4096,15.107282107801558
epqdaau9,37,3,x77cy643,48,1536,4608,15.258713700319507
epqdaau9,37,4,utfgcjfa,31,1024,2560,15.442583211244143
epqdaau9,38,0,vc2whyaq,2,0,1024,14.5645835181972
epqdaau9,38,1,utfgcjfa,19,512,3072,14.74716500179142
epqdaau9,38,2,x7u69zsw,13,512,0,14.772915592326036
epqdaau9,38,3,vc2whyaq,21,512,4096,14.802853847723688
epqdaau9,38,4,pl8uabbv,47,1536,4096,15.009712419027782
epqdaau9,39,0,mgxahqnk,35,1024,4608,16.106070467342608
epqdaau9,39,1,cfe5vt7s,0,0,0,16.661759832660703
epqdaau9,39,2,xgj4xftb,4,0,2048,18.466116878352764
epqdaau9,39,3,utfgcjfa,0,0,0,18.54830509145418
epqdaau9,39,4,71vgq3fw,25,512,6144,19.324839731332407
epqdaau9,40,0,xgj4xftb,34,1024,4096,14.540852765516522
epqdaau9,40,1,kbdh4tri,18,512,2560,14.864647847754002
epqdaau9,40,2,ptg8lmto,7,0,3584,14.928051196904462
epqdaau9,40,3,71vgq3fw,21,512,4096,14.988813374454724
epqdaau9,40,4,ufdvpb81,13,512,0,14.992806014686703
epqdaau9,41,0,pl8uabbv,22,512,4608,16.3641780302811
epqdaau9,41,1,hzumfsms,50,1536,5632,17.306982639958974
epqdaau9,41,2,ufdvpb81,7,0,3584,17.529712318375175
epqdaau9,41,3,9luzk4jm,16,512,1536,17.662287779331926
epqdaau9,41,4,utfgcjfa,3,0,1536,18.69791584600406
epqdaau9,42,0,cfe5vt7s,50,1536,5632,17.314118776108092
epqdaau9,42,1,hawkfj64,16,512,1536,18.434422384074974
epqdaau9,42,2,utfgcjfa,43,1536,2048,18.470964760014688
epqdaau9,42,3,ptg8lmto,27,1024,512,18.950193123670324
epqdaau9,42,4,hawkfj64,26,1024,0,19.186922528106418
epqdaau9,43,0,ufdvpb81,25,512,6144,15.257169785292007
epqdaau9,43,1,ptg8lmto,27,1024,512,17.803141182287415
epqdaau9,43,2,cfe5vt7s,50,1536,5632,19.38678062003067
epqdaau9,43,3,cfe5vt7s,40,1536,512,20.08215729406266
epqdaau9,43,4,9luzk4jm,27,1024,512,20.363651040714533
epqdaau9,44,0,ptg8lmto,27,1024,512,15.427725314869877
epqdaau9,44,1,cfe5vt7s,50,1536,5632,15.46293518767921
epqdaau9,44,2,x7u69zsw,1,0,512,16.658014443947145
epqdaau9,44,3,utfgcjfa,9,0,4608,17.227805475745214
epqdaau9,44,4,kbdh4tri,51,1536,6144,17.408305737897194
epqdaau9,45,0,71vgq3fw,25,512,6144,13.076485303972868
epqdaau9,45,1,tuy3zymq,13,512,0,13.351380183237888
epqdaau9,45,2,hzumfsms,13,512,0,13.514032420838996
epqdaau9,45,3,utfgcjfa,2,0,1024,14.2426461284655
epqdaau9,45,4,vc2whyaq,2,0,1024,14.249951514205048
epqdaau9,46,0,utfgcjfa,43,1536,2048,16.801615356263436
epqdaau9,46,1,mgxahqnk,18,512,2560,20.375902714235565
epqdaau9,46,2,x7u69zsw,42,1536,1536,22.195101307930813
epqdaau9,46,3,0grcilhi,32,1024,3072,22.91473612374601
epqdaau9,46,4,hawkfj64,26,1024,0,24.398452643382157
epqdaau9,47,0,ufdvpb81,10,0,5120,15.181971497907103
epqdaau9,47,1,71vgq3fw,25,512,6144,15.457813509470748
epqdaau9,47,2,xgj4xftb,4,0,2048,15.652636861942106
epqdaau9,47,3,utfgcjfa,8,0,4096,16.24501561491467
epqdaau9,47,4,ptg8lmto,6,0,3072,17.110752112488562
epqdaau9,48,0,utfgcjfa,43,1536,2048,15.357873837272715
epqdaau9,48,1,utfgcjfa,2,0,1024,19.518491280528153
epqdaau9,48,2,cfe5vt7s,50,1536,5632,20.247003941608302
epqdaau9,48,3,pl8uabbv,3,0,1536,20.96835650670904
epqdaau9,48,4,hawkfj64,16,512,1536,21.633552778767122
epqdaau9,49,0,71vgq3fw,17,512,2048,13.545027720922821
epqdaau9,49,1,kbdh4tri,27,1024,512,13.994662844519393
epqdaau9,49,2,kbdh4tri,38,1024,6144,14.164636111675133
epqdaau9,49,3,ptg8lmto,33,1024,3584,14.455821965369909
epqdaau9,49,4,xgj4xftb,8,0,4096,14.637460491730748
epqdaau9,50,0,utfgcjfa,9,0,4608,17.099686489996422
epqdaau9,50,1,vc2whyaq,21,512,4096,17.119087880100167
epqdaau9,50,2,vc2whyaq,2,0,1024,17.635879115738422
epqdaau9,50,3,utfgcjfa,38,1024,6144,17.856926578031796
epqdaau9,50,4,pl8uabbv,47,1536,4096,18.002419807415603
epqdaau9,51,0,pl8uabbv,40,1536,512,13.067646806671245
epqdaau9,51,1,pl8uabbv,23,512,5120,13.801903755478639
epqdaau9,51,2,0grcilhi,13,512,0,14.071212307746046
epqdaau9,51,3,cfe5vt7s,40,1536,512,14.654537154666395
epqdaau9,51,4,utfgcjfa,49,1536,5120,15.116643928682407
i9jiqjwl,0,0,vc2whyaq,16,512,1536,11.929937485740945
i9jiqjwl,0,1,pl8uabbv,33,1024,3584,13.427317513498874
i9jiqjwl,0,2,pl8uabbv,49,1536,5120,14.868612590903762
i9jiqjwl,0,3,pl8uabbv,4,0,2048,15.052353651325758
i9jiqjwl,0,4,pl8uabbv,47,1536,4096,15.1513287572785
i9jiqjwl,1,0,cfe5vt7s,45,1536,3072,12.704227218789013
i9jiqjwl,1,1,pl8uabbv,16,512,1536,14.54088939837061
i9jiqjwl,1,2,pl8uabbv,47,1536,4096,14.943691459741704
i9jiqjwl,1,3,ufdvpb81,23,512,5120,15.616298352051034
i9jiqjwl,1,4,vc2whyaq,16,512,1536,16.09171204804558
i9jiqjwl,2,0,x77cy643,14,512,512,15.786643393148085
i9jiqjwl,2,1,pl8uabbv,11,0,5632,16.201831975022053
i9jiqjwl,2,2,utfgcjfa,17,512,2048,16.50703840374892
i9jiqjwl,2,3,cfe5vt7s,7,0,3584,16.830763686293544
i9jiqjwl,2,4,ufdvpb81,50,1536,5632,17.248711946449088
i9jiqjwl,3,0,vc2whyaq,2,0,1024,14.3388774997071
i9jiqjwl,3,1,x77cy643,19,512,3072,14.700822689178947
i9jiqjwl,3,2,ptg8lmto,9,0,4608,14.98405516462617
i9jiqjwl,3,3,x7u69zsw,13,512,0,15.370622276904133
i9jiqjwl,3,4,x77cy643,16,512,1536,15.806514348030467
i9jiqjwl,4,0,pl8uabbv,40,1536,512,15.70946016453576
i9jiqjwl,4,1,tuy3zymq,40,1536,512,15.831124115378792
i9jiqjwl,4,2,tuy3zymq,36,1024,5120,16.922100729215014
i9jiqjwl,4,3,utfgcjfa,9,0,4608,17.01882616689083
i9jiqjwl,4,4,utfgcjfa,2,0,1024,17.20257681577602
i9jiqjwl,5,0,utfgcjfa,9,0,4608,16.459177590698065
i9jiqjwl,5,1,tuy3zymq,40,1536,512,16.89167251498107
i9jiqjwl,5,2,utfgcjfa,35,1024,4608,17.398763593583645
i9jiqjwl,5,3,71vgq3fw,25,512,6144,17.67354293445779
i9jiqjwl,5,4,cfe5vt7s,0,0,0,17.722918463851233
i9jiqjwl,6,0,x7u69zsw,25,512,6144,13.790573761911876
i9jiqjwl,6,1,mgxahqnk,37,1024,5632,14.292058681629644
i9jiqjwl,6,2,utfgcjfa,39,1536,0,14.721030059922022
i9jiqjwl,6,3,utfgcjfa,31,1024,2560,15.276047144973415
i9jiqjwl,6,4,x77cy643,19,512,3072,15.321859337673805
i9jiqjwl,7,0,kbdh4tri,27,1024,512,14.37987079345164
i9jiqjwl,7,1,cfe5vt7s,4,0,2048,16.53103962212587
i9jiqjwl,7,2,71vgq3fw,43,1536,2048,17.06476342977946
i9jiqjwl,7,3,hawkfj64,10,0,5120,17.196631548843754
i9jiqjwl,7,4,x77cy643,0,0,0,17.274790021620714
i9jiqjwl,8,0,cfe5vt7s,6,0,3072,19.94658321148893
i9jiqjwl,8,1,vc2whyaq,2,0,1024,20.529092819896213
i9jiqjwl,8,2,utfgcjfa,2,0,1024,20.838578719510885
i9jiqjwl,8,3,tuy3zymq,36,1024,5120,20.84345974257476
i9jiqjwl,8,4,pl8uabbv,4,0,2048,20.95798063315294
i9jiqjwl,9,0,cfe5vt7s,7,0,3584,18.033664195427857
i9jiqjwl,9,1,pl8uabbv,51,1536,6144,18.113381590364174
i9jiqjwl,9,2,9luzk4jm,51,1536,6144,18.281176514176234
i9jiqjwl,9,3,vc2whyaq,40,1536,512,18.88054688475135
i9jiqjwl,9,4,pl8uabbv,37,1024,5632,19.12631999876705
i9jiqjwl,10,0,x77cy643,24,512,5632,17.473904220112786
i9jiqjwl,10,1,cfe5vt7s,5,0,2560,17.537502665282844
i9jiqjwl,10,2,cfe5vt7s,30,1024,2048,18.215126005465446
i9jiqjwl,10,3,xgj4xftb,21,512,4096,18.273654433198
i9jiqjwl,10,4,0grcilhi,7,0,3584,18.381073161732083
i9jiqjwl,11,0,pl8uabbv,4,0,2048,20.185514536247634
i9jiqjwl,11,1,cfe5vt7s,6,0,3072,20.41267805328664
i9jiqjwl,11,2,pl8uabbv,11,0,5632,21.209642624667257
i9jiqjwl,11,3,vc2whyaq,32,1024,3072,21.65036926599208
i9jiqjwl,11,4,cfe5vt7s,5,0,2560,21.81230954644375
i9jiqjwl,12,0,mgxahqnk,8,0,4096,14.531042815305046
i9jiqjwl,12,1,hzumfsms,32,1024,3072,14.758735609075755
i9jiqjwl,12,2,0grcilhi,5,0,2560,14.77437649983414
i9jiqjwl,12,3,0grcilhi,20,512,3584,15.216886811373255
i9jiqjwl,12,4,utfgcjfa,17,512,2048,15.831417298950218
i9jiqjwl,13,0,ptg8lmto,16,512,1536,13.578934414556695
i9jiqjwl,13,1,utfgcjfa,8,0,4096,13.890568391207774
i9jiqjwl,13,2,utfgcjfa,31,1024,2560,14.78705320107269
i9jiqjwl,13,3,cfe5vt7s,13,512,0,15.53293297905049
i9jiqjwl,13,4,ptg8lmto,26,1024,0,15.644090043399027
i9jiqjwl,14,0,ptg8lmto,16,512,1536,17.386439759562602
i9jiqjwl,14,1,utfgcjfa,8,0,4096,17.55742349707063
i9jiqjwl,14,2,cfe5vt7s,13,512,0,18.013059958945814
i9jiqjwl,14,3,x77cy643,27,1024,512,20.065625175366637
i9jiqjwl,14,4,ufdvpb81,10,0,5120,20.344070714930243
i9jiqjwl,15,0,pl8uabbv,27,1024,512,17.470377713753063
i9jiqjwl,15,1,71vgq3fw,25,512,6144,17.525609285437167
i9jiqjwl,15,2,vc2whyaq,12,0,6144,17.617927312934743
i9jiqjwl,15,3,ptg8lmto,16,512,1536,17.876585245849437
i9jiqjwl,15,4,0grcilhi,14,512,512,18.144598913609673
i9jiqjwl,16,0,utfgcjfa,35,1024,4608,14.138144619912008
i9jiqjwl,16,1,pl8uabbv,44,1536,2560,14.511411275041636
i9jiqjwl,16,2,vc2whyaq,12,0,6144,14.995944576570272
i9jiqjwl,16,3,pl8uabbv,17,512,2048,15.286222641977226
i9jiqjwl,16,4,pl8uabbv,43,1536,2048,15.835984645455982
i9jiqjwl,17,0,vc2whyaq,26,1024,0,18.694733350089464
i9jiqjwl,17,1,x77cy643,33,1024,3584,19.64612501525363
i9jiqjwl,17,2,ufdvpb81,15,512,1024,19.810374180006256
i9jiqjwl,17,3,vc2whyaq,24,512,5632,20.140376484765486
i9jiqjwl,17,4,ufdvpb81,32,1024,3072,20.767453330346623
i9jiqjwl,18,0,utfgcjfa,15,512,1024,11.282653555886995
i9jiqjwl,18,1,vc2whyaq,51,1536,6144,14.073540753621698
i9jiqjwl,18,2,ufdvpb81,40,1536,512,14.37948990875171
i9jiqjwl,18,3,cfe5vt7s,43,1536,2048,14.39888421496266
i9jiqjwl,18,4,vc2whyaq,40,1536,512,14.417452023668679
i9jiqjwl,19,0,pl8uabbv,33,1024,3584,13.11524952188914
i9jiqjwl,19,1,x77cy643,12,0,6144,13.654612340272331
i9jiqjwl,19,2,ufdvpb81,32,1024,3072,13.819112085668852
i9jiqjwl,19,3,utfgcjfa,31,1024,2560,14.191562828831506
i9jiqjwl,19,4,vc2whyaq,21,512,4096,14.600133941037395
i9jiqjwl,20,0,vc2whyaq,19,512,3072,14.254569314228021
i9jiqjwl,20,1,cfe5vt7s,43,1536,2048,15.200515635434948
i9jiqjwl,20,2,ufdvpb81,23,512,5120,15.795048619181996
i9jiqjwl,20,3,cfe5vt7s,47,1536,4096,16.066877024979014
i9jiqjwl,20,4,ufdvpb81,43,1536,2048,16.183539377317825
i9jiqjwl,21,0,utfgcjfa,2,0,1024,12.759950866273122
i9jiqjwl,21,1,hzumfsms,45,1536,3072,13.854996335577201
i9jiqjwl,21,2,71vgq3fw,25,512,6144,14.118191978054854
i9jiqjwl,21,3,kbdh4tri,51,1536,6144,14.235288475020488
i9jiqjwl,21,4,pl8uabbv,40,1536,512,14.444228697507532
i9jiqjwl,22,0,cfe5vt7s,22,512,4608,14.88870264628957
i9jiqjwl,22,1,x77cy643,5,0,2560,15.565361414607045
i9jiqjwl,22,2,cfe5vt7s,14,512,512,16.011867280527515
i9jiqjwl,22,3,vc2whyaq,20,512,3584,16.545960040749506
i9jiqjwl,22,4,hzumfsms,1,0,512,17.016698267175382
i9jiqjwl,23,0,ufdvpb81,20,512,3584,14.486674626237921
i9jiqjwl,23,1,x77cy643,12,0,6144,15.661242652595027
i9jiqjwl,23,2,vc2whyaq,24,512,5632,16.048919240624
i9jiqjwl,23,3,x77cy643,16,512,1536,16.512774813930864
i9jiqjwl,23,4,9luzk4jm,32,1024,3072,16.557689626328923
i9jiqjwl,24,0,cfe5vt7s,21,512,4096,14.153057856193081
i9jiqjwl,24,1,utfgcjfa,31,1024,2560,14.576771542363376
i9jiqjwl,24,2,cfe5vt7s,45,1536,3072,14.864639823619108
i9jiqjwl,24,3,utfgcjfa,29,1024,1536,15.640705629980879
i9jiqjwl,24,4,utfgcjfa,45,1536,3072,15.958198985591206
i9jiqjwl,25,0,pl8uabbv,43,1536,2048,13.220364529544206
i9jiqjwl,25,1,cfe5vt7s,41,1536,1024,14.788349358951859
i9jiqjwl,25,2,ufdvpb81,50,1536,5632,14.927731119104992
i9jiqjwl,25,3,pl8uabbv,33,1024,3584,15.027050818558983
i9jiqjwl,25,4,vc2whyaq,41,1536,1024,15.17046222093543
i9jiqjwl,26,0,pl8uabbv,40,1536,512,11.667518513646854
i9jiqjwl,26,1,71vgq3fw,25,512,6144,14.141736907967802
i9jiqjwl,26,2,hzumfsms,46,1536,3584,14.693892887319288
i9jiqjwl,26,3,hzumfsms,45,1536,3072,15.75869628406651
i9jiqjwl,26,4,kbdh4tri,19,512,3072,15.86028296270802
i9jiqjwl,27,0,hzumfsms,45,1536,3072,14.966207517587907
i9jiqjwl,27,1,cfe5vt7s,0,0,0,15.446349885663798
i9jiqjwl,27,2,xgj4xftb,8,0,4096,15.73262125823421
i9jiqjwl,27,3,x7u69zsw,28,1024,1024,15.833542167484715
i9jiqjwl,27,4,vc2whyaq,45,1536,3072,16.18331901072825
i9jiqjwl,28,0,ufdvpb81,32,1024,3072,11.78068527133189
i9jiqjwl,28,1,cfe5vt7s,45,1536,3072,14.325646349219044
i9jiqjwl,28,2,x77cy643,27,1024,512,14.710793420633836
i9jiqjwl,28,3,utfgcjfa,31,1024,2560,14.87022373052213
i9jiqjwl,28,4,ufdvpb81,10,0,5120,14.972474623539185
i9jiqjwl,29,0,x77cy643,48,1536,4608,13.231967864215594
i9jiqjwl,29,1,x77cy643,26,1024,0,14.003180910485808
i9jiqjwl,29,2,9luzk4jm,1,0,512,14.766145613945334
i9jiqjwl,29,3,ptg8lmto,26,1024,0,15.02263396822162
i9jiqjwl,29,4,kbdh4tri,12,0,6144,15.193446900112033
i9jiqjwl,30,0,ptg8lmto,7,0,3584,14.184308288994961
i9jiqjwl,30,1,xgj4xftb,13,512,0,16.20715207319771
i9jiqjwl,30,2,ptg8lmto,10,0,5120,16.48349348093569
i9jiqjwl,30,3,ptg8lmto,34,1024,4096,16.95598745924683
i9jiqjwl,30,4,9luzk4jm,27,1024,512,17.00600093518855
i9jiqjwl,31,0,xgj4xftb,8,0,4096,16.563995099490675
i9jiqjwl,31,1,ufdvpb81,23,512,5120,16.761774216245165
i9jiqjwl,31,2,pl8uabbv,47,1536,4096,17.24020244383363
i9jiqjwl,31,3,9luzk4jm,12,0,6144,17.476507000599636
i9jiqjwl,31,4,9luzk4jm,1,0,512,17.484950991592964
i9jiqjwl,32,0,x77cy643,47,1536,4096,14.159159884980866
i9jiqjwl,32,1,ufdvpb81,1,0,512,15.59223636777641
i9jiqjwl,32,2,9luzk4jm,11,0,5632,15.826480166579094
i9jiqjwl,32,3,utfgcjfa,35,1024,4608,16.252668503634546
i9jiqjwl,32,4,mgxahqnk,26,1024,0,16.534317972340226
i9jiqjwl,33,0,vc2whyaq,21,512,4096,13.51722849022151
i9jiqjwl,33,1,vc2whyaq,16,512,1536,13.604815516349689
i9jiqjwl,33,2,pl8uabbv,47,1536,4096,14.872823495136076
i9jiqjwl,33,3,utfgcjfa,31,1024,2560,15.002952005992416
i9jiqjwl,33,4,utfgcjfa,15,512,1024,15.591346991305056
i9jiqjwl,34,0,cfe5vt7s,42,1536,1536,14.415430366606959
i9jiqjwl,34,1,cfe5vt7s,14,512,512,14.632906465377719
i9jiqjwl,34,2,utfgcjfa,19,512,3072,14.714841755988308
i9jiqjwl,34,3,x7u69zsw,13,512,0,15.004478287207156
i9jiqjwl,34,4,cfe5vt7s,33,1024,3584,15.300593753886137
i9jiqjwl,35,0,utfgcjfa,35,1024,4608,14.613666349189844
i9jiqjwl,35,1,ufdvpb81,20,512,3584,14.728585594474328
i9jiqjwl,35,2,ufdvpb81,10,0,5120,14.931008432109596
i9jiqjwl,35,3,vc2whyaq,45,1536,3072,15.068955375035507
i9jiqjwl,35,4,vc2whyaq,21,512,4096,15.323447338434308
i9jiqjwl,36,0,vc2whyaq,19,512,3072,14.181238982216605
i9jiqjwl,36,1,utfgcjfa,15,512,1024,15.431245503917173
i9jiqjwl,36,2,ufdvpb81,2,0,1024,16.12790769185563
i9jiqjwl,36,3,cfe5vt7s,30,1024,2048,16.469387999839515
i9jiqjwl,36,4,x77cy643,28,1024,1024,16.75396016020914
i9jiqjwl,37,0,vc2whyaq,20,512,3584,14.901854807256939
i9jiqjwl,37,1,x77cy643,35,1024,4608,15.655977570052434
i9jiqjwl,37,2,71vgq3fw,32,1024,3072,15.991928855959621
i9jiqjwl,37,3,cfe5vt7s,42,1536,1536,16.060216091568908
i9jiqjwl,37,4,utfgcjfa,47,1536,4096,16.137880349638916
i9jiqjwl,38,0,utfgcjfa,15,512,1024,12.227609580199774
i9jiqjwl,38,1,vc2whyaq,21,512,4096,14.362381776164867
i9jiqjwl,38,2,x77cy643,33,1024,3584,14.82950480718499
i9jiqjwl,38,3,pl8uabbv,47,1536,4096,14.990401680306968
i9jiqjwl,38,4,pl8uabbv,33,1024,3584,15.607854301788503
i9jiqjwl,39,0,cfe5vt7s,50,1536,5632,15.279861519964516
i9jiqjwl,39,1,71vgq3fw,30,1024,2048,16.533796401367272
i9jiqjwl,39,2,utfgcjfa,9,0,4608,16.672445671557828
i9jiqjwl,39,3,x7u69zsw,26,1024,0,17.195799312611946
i9jiqjwl,39,4,hawkfj64,16,512,1536,17.50704711663225
i9jiqjwl,40,0,x77cy643,43,1536,2048,17.40364308864636
i9jiqjwl,40,1,hzumfsms,41,1536,1024,19.038964695073595
i9jiqjwl,40,2,ufdvpb81,48,1536,4608,19.21321678316418
i9jiqjwl,40,3,ufdvpb81,39,1536,0,19.535377176535526
i9jiqjwl,40,4,vc2whyaq,38,1024,6144,20.462668368570142
i9jiqjwl,41,0,ufdvpb81,15,512,1024,16.27267784908733
i9jiqjwl,41,1,vc2whyaq,26,1024,0,16.89344941027625
i9jiqjwl,41,2,utfgcjfa,15,512,1024,17.568570317287538
i9jiqjwl,41,3,utfgcjfa,48,1536,4608,17.790464072075906
i9jiqjwl,41,4,pl8uabbv,12,0,6144,17.907192618163506
i9jiqjwl,42,0,vc2whyaq,24,512,5632,12.165644672195054
i9jiqjwl,42,1,vc2whyaq,26,1024,0,15.430730090841005
i9jiqjwl,42,2,utfgcjfa,0,0,0,15.66430926323138
i9jiqjwl,42,3,vc2whyaq,23,512,5120,15.926409480303326
i9jiqjwl,42,4,ufdvpb81,10,0,5120,16.164528055827347
i9jiqjwl,43,0,ufdvpb81,7,0,3584,13.885267161462032
i9jiqjwl,43,1,hzumfsms,51,1536,6144,14.075396235600419
i9jiqjwl,43,2,xgj4xftb,8,0,4096,15.0377422372966
i9jiqjwl,43,3,vc2whyaq,45,1536,3072,15.053642294256937
i9jiqjwl,43,4,0grcilhi,14,512,512,15.635656084577713
i9jiqjwl,44,0,pl8uabbv,16,512,1536,16.126885176512037
i9jiqjwl,44,1,pl8uabbv,33,1024,3584,16.623728588466992
i9jiqjwl,44,2,vc2whyaq,21,512,4096,17.016391041907013
i9jiqjwl,44,3,utfgcjfa,35,1024,4608,17.199297000406744
i9jiqjwl,44,4,utfgcjfa,48,1536,4608,17.654797377058888
i9jiqjwl,45,0,ufdvpb81,10,0,5120,16.908969115416667
i9jiqjwl,45,1,71vgq3fw,44,1536,2560,17.149210190332024
i9jiqjwl,45,2,xgj4xftb,4,0,2048,18.407592673487883
i9jiqjwl,45,3,tuy3zymq,23,512,5120,19.02355164152019
i9jiqjwl,45,4,utfgcjfa,35,1024,4608,19.219835577544355
i9jiqjwl,46,0,utfgcjfa,2,0,1024,14.2716424585215
i9jiqjwl,46,1,pl8uabbv,40,1536,512,14.753381026543119
i9jiqjwl,46,2,pl8uabbv,17,512,2048,15.007905128274746
i9jiqjwl,46,3,ufdvpb81,10,0,5120,15.969668262764706
i9jiqjwl,46,4,71vgq3fw,25,512,6144,16.082041901012673
i9jiqjwl,47,0,x77cy643,33,1024,3584,14.607538195196474
i9jiqjwl,47,1,utfgcjfa,15,512,1024,15.55863766385491
i9jiqjwl,47,2,ufdvpb81,50,1536,5632,15.63488221279245
i9jiqjwl,47,3,pl8uabbv,43,1536,2048,15.924303076789869
i9jiqjwl,47,4,pl8uabbv,47,1536,4096,16.16754693883199
i9jiqjwl,48,0,x77cy643,33,1024,3584,16.613873827626
i9jiqjwl,48,1,ufdvpb81,32,1024,3072,17.137578303600577
i9jiqjwl,48,2,cfe5vt7s,45,1536,3072,18.38257968672711
i9jiqjwl,48,3,pl8uabbv,17,512,2048,18.90553902319996
i9jiqjwl,48,4,cfe5vt7s,20,512,3584,19.032280143298777
i9jiqjwl,49,0,ptg8lmto,23,512,5120,14.609384979074473
i9jiqjwl,49,1,cfe5vt7s,15,512,1024,15.720905282564658
i9jiqjwl,49,2,x77cy643,47,1536,4096,15.764109744714899
i9jiqjwl,49,3,9luzk4jm,1,0,512,16.091377734205366
i9jiqjwl,49,4,kbdh4tri,50,1536,5632,16.133804186215748
i9jiqjwl,50,0,ptg8lmto,7,0,3584,12.590664935911096
i9jiqjwl,50,1,kbdh4tri,18,512,2560,13.657339223892562
i9jiqjwl,50,2,ptg8lmto,30,1024,2048,13.998480791821661
i9jiqjwl,50,3,9luzk4jm,7,0,3584,14.217982341367883
i9jiqjwl,50,4,kbdh4tri,19,512,3072,14.290310671179489
i9jiqjwl,51,0,utfgcjfa,35,1024,4608,14.838840048662396
i9jiqjwl,51,1,utfgcjfa,1,0,512,15.464116684590799
i9jiqjwl,51,2,pl8uabbv,29,1024,1536,15.68921148744379
i9jiqjwl,51,3,pl8uabbv,47,1536,4096,16.351473117898472
i9jiqjwl,51,4,71vgq3fw,17,512,2048,16.78504025325221
r17byphk,0,0,cfe5vt7s,47,1536,4096,11.96969716883066
r17byphk,0,1,utfgcjfa,21,512,4096,13.009254045860649
r17byphk,0,2,hzumfsms,5,0,2560,13.641081246162244
r17byphk,0,3,x77cy643,14,512,512,13.716566359876216
r17byphk,0,4,xgj4xftb,2,0,1024,13.737659898384495
r17byphk,1,0,pl8uabbv,46,1536,3584,16.235415004208136
r17byphk,1,1,utfgcjfa,9,0,4608,16.306239934196377
r17byphk,1,2,pl8uabbv,17,512,2048,16.39490461550467
r17byphk,1,3,utfgcjfa,35,1024,4608,16.678240299658153
r17byphk,1,4,x77cy643,5,0,2560,17.0014252699011
r17byphk,2,0,xgj4xftb,2,0,1024,13.54019313854659
r17byphk,2,1,hawkfj64,7,0,3584,15.075382595706497
r17byphk,2,2,ufdvpb81,38,1024,6144,15.109573119533797
r17byphk,2,3,kbdh4tri,48,1536,4608,15.293042246834496
r17byphk,2,4,utfgcjfa,17,512,2048,15.808858829086056
r17byphk,3,0,71vgq3fw,44,1536,2560,12.79057909391246
r17byphk,3,1,vc2whyaq,12,0,6144,13.98328144681988
r17byphk,3,2,x7u69zsw,41,1536,1024,15.398415721627023
r17byphk,3,3,x77cy643,5,0,2560,15.76125690572485
r17byphk,3,4,71vgq3fw,25,512,6144,15.801457257512608
r17byphk,4,0,utfgcjfa,17,512,2048,15.41934061906905
r17byphk,4,1,xgj4xftb,2,0,1024,16.01108045592065
r17byphk,4,2,0grcilhi,12,0,6144,16.676765332894355
r17byphk,4,3,kbdh4tri,48,1536,4608,16.83868475815134
r17byphk,4,4,x77cy643,14,512,512,17.965351066897345
r17byphk,5,0,ptg8lmto,10,0,5120,11.383539770748296
r17byphk,5,1,ptg8lmto,30,1024,2048,13.289500123953127
r17byphk,5,2,xgj4xftb,34,1024,4096,13.353081904772619
r17byphk,5,3,utfgcjfa,49,1536,5120,13.616332228438637
r17byphk,5,4,ptg8lmto,7,0,3584,13.690496938652403
r17byphk,6,0,x7u69zsw,48,1536,4608,12.773436365567962
r17byphk,6,1,x7u69zsw,5,0,2560,13.823820904967755
r17byphk,6,2,tuy3zymq,34,1024,4096,14.233921913844156
r17byphk,6,3,ufdvpb81,50,1536,5632,14.641452586107743
r17byphk,6,4,cfe5vt7s,20,512,3584,14.852736834732244
r17byphk,7,0,pl8uabbv,40,1536,512,10.388042626115636
r17byphk,7,1,xgj4xftb,33,1024,3584,12.709969675775795
r17byphk,7,2,x7u69zsw,26,1024,0,12.829542133426912
r17byphk,7,3,tuy3zymq,40,1536,512,13.302609642671595
r17byphk,7,4,71vgq3fw,1,0,512,13.432851136068436
r17byphk,8,0,ufdvpb81,10,0,5120,10.902726763608094
r17byphk,8,1,utfgcjfa,8,0,4096,14.775028998377012
r17byphk,8,2,vc2whyaq,24,512,5632,15.20988115118491
r17byphk,8,3,ufdvpb81,20,512,3584,15.479404672517033
r17byphk,8,4,x77cy643,27,1024,512,15.578211089986686
r17byphk,9,0,xgj4xftb,2,0,1024,11.712734446106928
r17byphk,9,1,kbdh4tri,48,1536,4608,12.337537518270562
r17byphk,9,2,utfgcjfa,17,512,2048,14.089031616080558
r17byphk,9,3,ptg8lmto,21,512,4096,14.403513958668748
r17byphk,9,4,x7u69zsw,5,0,2560,14.954326776601828
r17byphk,10,0,x7u69zsw,16,512,1536,12.485831889927862
r17byphk,10,1,utfgcjfa,0,0,0,13.998745635607342
r17byphk,10,2,vc2whyaq,45,1536,3072,14.580099816585063
r17byphk,10,3,xgj4xftb,4,0,2048,15.098835174464027
r17byphk,10,4,vc2whyaq,24,512,5632,15.798297793853356
r17byphk,11,0,vc2whyaq,47,1536,4096,12.423520545266662
r17byphk,11,1,cfe5vt7s,47,1536,4096,12.648028731825404
r17byphk,11,2,9luzk4jm,32,1024,3072,12.857148180945897
r17byphk,11,3,utfgcjfa,31,1024,2560,13.248484061514853
r17byphk,11,4,vc2whyaq,19,512,3072,13.631823137915474
r17byphk,12,0,ptg8lmto,23,512,5120,10.699855888773593
r17byphk,12,1,9luzk4jm,47,1536,4096,12.875020278331915
r17byphk,12,2,kbdh4tri,27,1024,512,13.11289781579393
r17byphk,12,3,71vgq3fw,42,1536,1536,13.742446211703447
r17byphk,12,4,xgj4xftb,23,512,5120,13.789362452608547
r17byphk,13,0,ptg8lmto,33,1024,3584,15.154025782975102
r17byphk,13,1,utfgcjfa,49,1536,5120,16.10942885798323
r17byphk,13,2,pl8uabbv,4,0,2048,16.279792511001116
r17byphk,13,3,vc2whyaq,1,0,512,16.28147769033383
r17byphk,13,4,x77cy643,48,1536,4608,17.15444245338021
r17byphk,14,0,cfe5vt7s,46,1536,3584,17.051865955627925
r17byphk,14,1,hzumfsms,31,1024,2560,19.42343574791172
r17byphk,14,2,ufdvpb81,47,1536,4096,19.640758999143863
r17byphk,14,3,pl8uabbv,16,512,1536,19.919793184821984
r17byphk,14,4,ptg8lmto,19,512,3072,21.01396456643382
r17byphk,15,0,cfe5vt7s,1,0,512,18.41359171882041
r17byphk,15,1,cfe5vt7s,30,1024,2048,18.48356250784289
r17byphk,15,2,cfe5vt7s,18,512,2560,18.67630849595516
r17byphk,15,3,x77cy643,36,1024,5120,18.79665844468673
r17byphk,15,4,x77cy643,15,512,1024,18.878128651689963
r17byphk,16,0,vc2whyaq,40,1536,512,15.061091329976227
r17byphk,16,1,cfe5vt7s,22,512,4608,15.429311179892274
r17byphk,16,2,x77cy643,46,1536,3584,15.707260262479807
r17byphk,16,3,x7u69zsw,33,1024,3584,15.953296108824631
r17byphk,16,4,0grcilhi,23,512,5120,16.00778674065314
r17byphk,17,0,pl8uabbv,28,1024,1024,14.805340142562027
r17byphk,17,1,utfgcjfa,29,1024,1536,15.113174606048903
r17byphk,17,2,pl8uabbv,47,1536,4096,15.148988994730216
r17byphk,17,3,cfe5vt7s,20,512,3584,15.556420666950315
r17byphk,17,4,vc2whyaq,28,1024,1024,15.576107580800484
r17byphk,18,0,x77cy643,5,0,2560,14.216152480997813
r17byphk,18,1,mgxahqnk,28,1024,1024,14.855891956890568
r17byphk,18,2,pl8uabbv,28,1024,1024,15.17560376250133
r17byphk,18,3,tuy3zymq,16,512,1536,15.583756514042287
r17byphk,18,4,cfe5vt7s,20,512,3584,15.78670539266456
r17byphk,19,0,x77cy643,33,1024,3584,13.637734173032312
r17byphk,19,1,pl8uabbv,33,1024,3584,14.192444304849557
r17byphk,19,2,hzumfsms,5,0,2560,14.890639928270815
r17byphk,19,3,kbdh4tri,23,512,5120,14.907619872021607
r17byphk,19,4,tuy3zymq,29,1024,1536,15.407092969439892
r17byphk,20,0,cfe5vt7s,22,512,4608,13.190856831547677
r17byphk,20,1,9luzk4jm,51,1536,6144,13.273736082088048
r17byphk,20,2,hzumfsms,41,1536,1024,13.958031460573242
r17byphk,20,3,vc2whyaq,20,512,3584,14.552460150451713
r17byphk,20,4,vc2whyaq,28,1024,1024,14.769406284123402
r17byphk,21,0,9luzk4jm,41,1536,1024,16.771652757550754
r17byphk,21,1,cfe5vt7s,23,512,5120,16.82448269497375
r17byphk,21,2,cfe5vt7s,22,512,4608,17.371014204128393
r17byphk,21,3,cfe5vt7s,1,0,512,17.473734553648434
r17byphk,21,4,cfe5vt7s,30,1024,2048,17.493212343224485
r17byphk,22,0,pl8uabbv,42,1536,1536,16.592725213670537
r17byphk,22,1,0grcilhi,36,1024,5120,17.120891971795764
r17byphk,22,2,pl8uabbv,47,1536,4096,17.42588094411557
r17byphk,22,3,vc2whyaq,50,1536,5632,18.150000049676105
r17byphk,22,4,kbdh4tri,35,1024,4608,18.399953043183597
r17byphk,23,0,mgxahqnk,23,512,5120,12.926351166320874
r17byphk,23,1,ufdvpb81,27,1024,512,15.811925629985694
r17byphk,23,2,mgxahqnk,38,1024,6144,16.584249236265897
r17byphk,23,3,9luzk4jm,33,1024,3584,16.991422882091758
r17byphk,23,4,9luzk4jm,35,1024,4608,17.125892870299936
r17byphk,24,0,cfe5vt7s,37,1024,5632,15.883275004102472
r17byphk,24,1,ufdvpb81,38,1024,6144,16.376930875843883
r17byphk,24,2,vc2whyaq,20,512,3584,16.43481868010443
r17byphk,24,3,x77cy643,35,1024,4608,16.48491304576682
r17byphk,24,4,cfe5vt7s,14,512,512,17.32501202395726
r17byphk,25,0,vc2whyaq,45,1536,3072,14.412987807358995
r17byphk,25,1,hzumfsms,14,512,512,14.514856392852764
r17byphk,25,2,cfe5vt7s,42,1536,1536,14.749077481638766
r17byphk,25,3,9luzk4jm,12,0,6144,15.086325054692432
r17byphk,25,4,9luzk4jm,16,512,1536,15.61019329222337
r17byphk,26,0,cfe5vt7s,30,1024,2048,13.396836728482835
r17byphk,26,1,x77cy643,28,1024,1024,15.83909059474975
r17byphk,26,2,cfe5vt7s,19,512,3072,16.916717548925146
r17byphk,26,3,9luzk4jm,51,1536,6144,17.46556008187539
r17byphk,26,4,x77cy643,24,512,5632,17.520400598582853
r17byphk,27,0,ptg8lmto,10,0,5120,16.79124969655878
r17byphk,27,1,utfgcjfa,38,1024,6144,16.907915750371956
r17byphk,27,2,pl8uabbv,48,1536,4608,16.944658509070784
r17byphk,27,3,x77cy643,47,1536,4096,17.356141851418904
r17byphk,27,4,cfe5vt7s,39,1536,0,18.83005390089214
r17byphk,28,0,9luzk4jm,27,1024,512,12.793470683840683
r17byphk,28,1,pl8uabbv,48,1536,4608,13.69923717764404
r17byphk,28,2,mgxahqnk,26,1024,0,14.344846939248788
r17byphk,28,3,ptg8lmto,34,1024,4096,14.941657025719445
r17byphk,28,4,x7u69zsw,20,512,3584,15.609777360269428
r17byphk,29,0,cfe5vt7s,23,512,5120,12.388568168954874
r17byphk,29,1,cfe5vt7s,30,1024,2048,14.499228433646985
r17byphk,29,2,hzumfsms,10,0,5120,14.593932996420842
r17byphk,29,3,vc2whyaq,44,1536,2560,15.769878310065396
r17byphk,29,4,ufdvpb81,2,0,1024,16.02141258967234
r17byphk,30,0,utfgcjfa,15,512,1024,12.841924211316808
r17byphk,30,1,hzumfsms,33,1024,3584,13.611095761283893
r17byphk,30,2,ufdvpb81,23,512,5120,14.028504664427013
r17byphk,30,3,9luzk4jm,33,1024,3584,14.471382440824698
r17byphk,30,4,x77cy643,10,0,5120,14.873514257109285
r17byphk,31,0,vc2whyaq,44,1536,2560,14.62383261726144
r17byphk,31,1,x77cy643,10,0,5120,15.31026130930447
r17byphk,31,2,cfe5vt7s,30,1024,2048,15.845542695328186
r17byphk,31,3,hzumfsms,21,512,4096,16.375780743421384
r17byphk,31,4,kbdh4tri,24,512,5632,16.590100227518004
r17byphk,32,0,pl8uabbv,39,1536,0,14.892837125277572
r17byphk,32,1,vc2whyaq,47,1536,4096,15.029135341731799
r17byphk,32,2,cfe5vt7s,21,512,4096,15.21124971059322
r17byphk,32,3,ufdvpb81,39,1536,0,15.70542092427393
r17byphk,32,4,ufdvpb81,40,1536,512,15.871574526043961
r17byphk,33,0,vc2whyaq,51,1536,6144,12.680364711124875
r17byphk,33,1,vc2whyaq,16,512,1536,13.217710994852116
r17byphk,33,2,utfgcjfa,15,512,1024,13.761599280306704
r17byphk,33,3,9luzk4jm,12,0,6144,15.281742357433846
r17byphk,33,4,vc2whyaq,40,1536,512,15.449449864519542
r17byphk,34,0,hzumfsms,13,512,0,12.220749368925835
r17byphk,34,1,pl8uabbv,29,1024,1536,12.883928437362398
r17byphk,34,2,vc2whyaq,41,1536,1024,14.03389028125791
r17byphk,34,3,ptg8lmto,33,1024,3584,14.393210721775334
r17byphk,34,4,ptg8lmto,23,512,5120,15.029025590939042
r17byphk,35,0,cfe5vt7s,16,512,1536,12.288593178725572
r17byphk,35,1,ufdvpb81,0,0,0,13.99155449784571
r17byphk,35,2,vc2whyaq,39,1536,0,14.281650290353188
r17byphk,35,3,x77cy643,47,1536,4096,14.428976548350311
r17byphk,35,4,cfe5vt7s,15,512,1024,14.809123864047939
r17byphk,36,0,cfe5vt7s,30,1024,2048,20.558342750769928
r17byphk,36,1,utfgcjfa,38,1024,6144,20.662422730778914
r17byphk,36,2,vc2whyaq,1,0,512,20.78860920575458
r17byphk,36,3,hzumfsms,7,0,3584,20.872637551756046
r17byphk,36,4,ufdvpb81,40,1536,512,21.00427789727386
r17byphk,37,0,hzumfsms,10,0,5120,16.530426040114037
r17byphk,37,1,ufdvpb81,14,512,512,17.181207245697696
r17byphk,37,2,cfe5vt7s,33,1024,3584,17.363646762869177
r17byphk,37,3,9luzk4jm,12,0,6144,17.36524800926209
r17byphk,37,4,x7u69zsw,8,0,4096,17.502218996790482
r17byphk,38,0,utfgcjfa,32,1024,3072,15.164677285883961
r17byphk,38,1,9luzk4jm,51,1536,6144,15.353251931185222
r17byphk,38,2,x77cy643,28,1024,1024,16.540626713388132
r17byphk,38,3,x77cy643,31,1024,2560,16.862800516506557
r17byphk,38,4,vc2whyaq,16,512,1536,16.91262709256868
r17byphk,39,0,cfe5vt7s,30,1024,2048,13.418954626093168
r17byphk,39,1,pl8uabbv,47,1536,4096,13.449582285363475
r17byphk,39,2,utfgcjfa,15,512,1024,14.161290774478017
r17byphk,39,3,x77cy643,33,1024,3584,14.95762628181226
r17byphk,39,4,mgxahqnk,3,0,1536,15.03328746464566
r17byphk,40,0,cfe5vt7s,45,1536,3072,14.71322208140413
r17byphk,40,1,cfe5vt7s,20,512,3584,17.374297575152546
r17byphk,40,2,9luzk4jm,32,1024,3072,18.1299797504327
r17byphk,40,3,cfe5vt7s,13,512,0,18.480941862978746
r17byphk,40,4,utfgcjfa,1,0,512,18.628071317862613
r17byphk,41,0,hzumfsms,45,1536,3072,12.401600000465905
r17byphk,41,1,hzumfsms,13,512,0,13.158598823044004
r17byphk,41,2,xgj4xftb,8,0,4096,14.051965177290116
r17byphk,41,3,x7u69zsw,28,1024,1024,14.195181372248557
r17byphk,41,4,vc2whyaq,0,0,0,14.502002579184257
r17byphk,42,0,ufdvpb81,0,0,0,13.601163253498719
r17byphk,42,1,hzumfsms,48,1536,4608,13.686061847162607
r17byphk,42,2,x77cy643,50,1536,5632,14.392978903812159
r17byphk,42,3,vc2whyaq,39,1536,0,14.645427007145932
r17byphk,42,4,71vgq3fw,21,512,4096,15.205226831121278
r17byphk,43,0,ptg8lmto,1,0,512,16.60541377224989
r17byphk,43,1,ufdvpb81,4,0,2048,17.044840336823913
r17byphk,43,2,cfe5vt7s,42,1536,1536,17.17249947726364
r17byphk,43,3,cfe5vt7s,43,1536,2048,17.331767014379338
r17byphk,43,4,x77cy643,30,1024,2048,17.729024237644566
r17byphk,44,0,vc2whyaq,50,1536,5632,13.006314049374655
r17byphk,44,1,vc2whyaq,39,1536,0,15.41177417015706
r17byphk,44,2,0grcilhi,29,1024,1536,16.302123181512638
r17byphk,44,3,cfe5vt7s,33,1024,3584,17.376642240935894
r17byphk,44,4,vc2whyaq,51,1536,6144,17.971695656204115
r17byphk,45,0,cfe5vt7s,37,1024,5632,13.858891731838884
r17byphk,45,1,mgxahqnk,8,0,4096,14.293821518961375
r17byphk,45,2,vc2whyaq,19,512,3072,14.731946526850592
r17byphk,45,3,x77cy643,28,1024,1024,14.8456323739958
r17byphk,45,4,9luzk4jm,51,1536,6144,15.103491184265778
r17byphk,46,0,mgxahqnk,8,0,4096,15.035435608582551
r17byphk,46,1,x77cy643,35,1024,4608,16.115216011114114
r17byphk,46,2,cfe5vt7s,19,512,3072,16.74488970748805
r17byphk,46,3,ufdvpb81,38,1024,6144,16.92887137181425
r17byphk,46,4,hzumfsms,41,1536,1024,16.963681092314747
r17byphk,47,0,utfgcjfa,18,512,2560,15.252136082803812
r17byphk,47,1,71vgq3fw,46,1536,3584,15.42719714625637
r17byphk,47,2,vc2whyaq,39,1536,0,15.583072569242853
r17byphk,47,3,ufdvpb81,11,0,5632,15.816955859668798
r17byphk,47,4,utfgcjfa,7,0,3584,16.010156892200865
r17byphk,48,0,x77cy643,33,1024,3584,13.304409027313456
r17byphk,48,1,cfe5vt7s,37,1024,5632,13.342214504226344
r17byphk,48,2,pl8uabbv,47,1536,4096,13.461102189672737
r17byphk,48,3,vc2whyaq,47,1536,4096,13.979061200317854
r17byphk,48,4,utfgcjfa,29,1024,1536,14.663810460739088
r17byphk,49,0,cfe5vt7s,16,512,1536,14.989025098469618
r17byphk,49,1,ufdvpb81,2,0,1024,15.786428502880945
r17byphk,49,2,vc2whyaq,39,1536,0,16.031733013513406
r17byphk,49,3,x77cy643,33,1024,3584,16.07182816336728
r17byphk,49,4,vc2whyaq,6,0,3072,16.20883727914313
r17byphk,50,0,vc2whyaq,20,512,3584,13.003714669721793
r17byphk,50,1,tuy3zymq,29,1024,1536,14.504610815363353
r17byphk,50,2,9luzk4jm,51,1536,6144,14.559701079255952
r17byphk,50,3,utfgcjfa,17,512,2048,14.58959616714054
r17byphk,50,4,ufdvpb81,38,1024,6144,14.678843880862251
r17byphk,51,0,cfe5vt7s,43,1536,2048,14.495777603386184
r17byphk,51,1,vc2whyaq,16,512,1536,14.626689068534242
r17byphk,51,2,pl8uabbv,33,1024,3584,14.64871379141658
r17byphk,51,3,vc2whyaq,39,1536,0,15.086936705938607
r17byphk,51,4,ufdvpb81,26,1024,0,15.162582276520538
rxax5ozo,0,0,9luzk4jm,1,0,512,14.80982982822645
rxax5ozo,0,1,9luzk4jm,16,512,1536,15.032441247437253
rxax5ozo,0,2,x77cy643,48,1536,4608,15.199229647196091
rxax5ozo,0,3,vc2whyaq,39,1536,0,15.427987849032414
rxax5ozo,0,4,x7u69zsw,33,1024,3584,15.619192405472727
rxax5ozo,1,0,x77cy643,26,1024,0,13.039224303525508
rxax5ozo,1,1,ufdvpb81,1,0,512,14.053251883516708
rxax5ozo,1,2,pl8uabbv,33,1024,3584,15.151971249336494
rxax5ozo,1,3,utfgcjfa,49,1536,5120,16.25080198046
rxax5ozo,1,4,ptg8lmto,16,512,1536,16.331598448273578
rxax5ozo,2,0,ufdvpb81,10,0,5120,15.822786361497329
rxax5ozo,2,1,xgj4xftb,4,0,2048,16.0815411754831
rxax5ozo,2,2,ufdvpb81,20,512,3584,16.461359091668793
rxax5ozo,2,3,71vgq3fw,25,512,6144,16.943404072591978
rxax5ozo,2,4,cfe5vt7s,20,512,3584,17.101173997083624
rxax5ozo,3,0,utfgcjfa,17,512,2048,12.558894575091893
rxax5ozo,3,1,utfgcjfa,47,1536,4096,13.558910037087394
rxax5ozo,3,2,cfe5vt7s,42,1536,1536,14.685013634659667
rxax5ozo,3,3,cfe5vt7s,47,1536,4096,14.891751236201532
rxax5ozo,3,4,x77cy643,35,1024,4608,15.109093669309546
rxax5ozo,4,0,utfgcjfa,35,1024,4608,14.263931148185565
rxax5ozo,4,1,pl8uabbv,17,512,2048,14.318262120653241
rxax5ozo,4,2,tuy3zymq,31,1024,2560,14.550898560603878
rxax5ozo,4,3,kbdh4tri,27,1024,512,15.261737580800986
rxax5ozo,4,4,pl8uabbv,44,1536,2560,15.356076417073448
rxax5ozo,5,0,pl8uabbv,40,1536,512,13.267123151526445
rxax5ozo,5,1,ptg8lmto,10,0,5120,14.265077275551244
rxax5ozo,5,2,hzumfsms,45,1536,3072,14.42492257502276
rxax5ozo,5,3,utfgcjfa,49,1536,5120,14.450718509251036
rxax5ozo,5,4,vc2whyaq,41,1536,1024,14.623378059266756
rxax5ozo,6,0,utfgcjfa,7,0,3584,11.450656908655818
rxax5ozo,6,1,ptg8lmto,10,0,5120,12.555160600710117
rxax5ozo,6,2,71vgq3fw,21,512,4096,14.321753036926339
rxax5ozo,6,3,ufdvpb81,13,512,0,14.502729526623309
rxax5ozo,6,4,ptg8lmto,30,1024,2048,14.999559270418697
rxax5ozo,7,0,hzumfsms,5,0,2560,11.88266002099286
rxax5ozo,7,1,utfgcjfa,45,1536,3072,13.423645961434973
rxax5ozo,7,2,utfgcjfa,21,512,4096,13.711824948895726
rxax5ozo,7,3,ufdvpb81,50,1536,5632,14.099547694993479
rxax5ozo,7,4,utfgcjfa,29,1024,1536,14.129145919368272
rxax5ozo,8,0,71vgq3fw,24,512,5632,15.75783754569834
rxax5ozo,8,1,mgxahqnk,8,0,4096,16.181213130991537
rxax5ozo,8,2,x77cy643,40,1536,512,16.59648223054504
rxax5ozo,8,3,x77cy643,31,1024,2560,16.88000280938284
rxax5ozo,8,4,x77cy643,28,1024,1024,17.542748265132374
rxax5ozo,9,0,9luzk4jm,32,1024,3072,14.074130271737323
rxax5ozo,9,1,utfgcjfa,31,1024,2560,14.579804523529667
rxax5ozo,9,2,ptg8lmto,4,0,2048,15.125212022886597
rxax5ozo,9,3,utfgcjfa,29,1024,1536,15.457409008594677
rxax5ozo,9,4,cfe5vt7s,45,1536,3072,15.782401384407084
rxax5ozo,10,0,cfe5vt7s,13,512,0,16.212748936189723
rxax5ozo,10,1,kbdh4tri,31,1024,2560,16.2835186032554
rxax5ozo,10,2,utfgcjfa,15,512,1024,16.34888331669081
rxax5ozo,10,3,x77cy643,48,1536,4608,16.41308107292315
rxax5ozo,10,4,cfe5vt7s,47,1536,4096,16.413755275110685
rxax5ozo,11,0,cfe5vt7s,33,1024,3584,12.302020497303717
rxax5ozo,11,1,utfgcjfa,15,512,1024,12.824690816417561
rxax5ozo,11,2,vc2whyaq,39,1536,0,12.837117761782988
rxax5ozo,11,3,vc2whyaq,40,1536,512,13.102871932963485
rxax5ozo,11,4,ufdvpb81,2,0,1024,13.346299805565998
rxax5ozo,12,0,71vgq3fw,3,0,1536,12.361185116850242
rxax5ozo,12,1,x7u69zsw,24,512,5632,14.07890037575514
rxax5ozo,12,2,9luzk4jm,10,0,5120,14.928462348029514
rxax5ozo,12,3,pl8uabbv,28,1024,1024,15.344538999270952
rxax5ozo,12,4,cfe5vt7s,20,512,3584,15.741554867503424
rxax5ozo,13,0,utfgcjfa,18,512,2560,12.071113548167501
rxax5ozo,13,1,cfe5vt7s,41,1536,1024,12.517143647990594
rxax5ozo,13,2,cfe5vt7s,33,1024,3584,12.820268055219408
rxax5ozo,13,3,cfe5vt7s,23,512,5120,14.050015327673252
rxax5ozo,13,4,vc2whyaq,44,1536,2560,14.06657432690892
rxax5ozo,14,0,vc2whyaq,45,1536,3072,11.848982207658171
rxax5ozo,14,1,hzumfsms,14,512,512,12.776055458842803
rxax5ozo,14,2,cfe5vt7s,14,512,512,13.425274630807555
rxax5ozo,14,3,cfe5vt7s,42,1536,1536,13.462937644431435
rxax5ozo,14,4,utfgcjfa,19,512,3072,14.364239305656616
rxax5ozo,15,0,vc2whyaq,26,1024,0,13.220659700651561
rxax5ozo,15,1,ptg8lmto,1,0,512,16.06238287304972
rxax5ozo,15,2,cfe5vt7s,44,1536,2560,17.04552518009864
rxax5ozo,15,3,hzumfsms,28,1024,1024,17.734204109036128
rxax5ozo,15,4,x77cy643,42,1536,1536,18.271620498851586
rxax5ozo,16,0,9luzk4jm,51,1536,6144,13.476514486889004
rxax5ozo,16,1,utfgcjfa,17,512,2048,13.690989323231832
rxax5ozo,16,2,cfe5vt7s,47,1536,4096,15.110801392806366
rxax5ozo,16,3,cfe5vt7s,22,512,4608,15.50460063188055
rxax5ozo,16,4,xgj4xftb,2,0,1024,15.51872204067769
rxax5ozo,17,0,hzumfsms,13,512,0,10.460385461550079
rxax5ozo,17,1,ptg8lmto,33,1024,3584,12.211060659279553
rxax5ozo,17,2,utfgcjfa,31,1024,2560,13.64379477829456
rxax5ozo,17,3,x77cy643,50,1536,5632,13.692940278196009
rxax5ozo,17,4,x7u69zsw,25,512,6144,13.787741406024564
rxax5ozo,18,0,ptg8lmto,23,512,5120,12.965373987129361
rxax5ozo,18,1,x77cy643,0,0,0,13.205498844753638
rxax5ozo,18,2,xgj4xftb,8,0,4096,14.297875859986725
rxax5ozo,18,3,utfgcjfa,3,0,1536,14.479642648889328
rxax5ozo,18,4,pl8uabbv,4,0,2048,14.522153033388532
rxax5ozo,19,0,utfgcjfa,31,1024,2560,15.698789294900966
rxax5ozo,19,1,cfe5vt7s,45,1536,3072,16.0873195160469
rxax5ozo,19,2,utfgcjfa,39,1536,0,16.636054414338886
rxax5ozo,19,3,hzumfsms,13,512,0,16.693466233882635
rxax5ozo,19,4,tuy3zymq,25,512,6144,16.828612579840367
rxax5ozo,20,0,x7u69zsw,19,512,3072,17.89065171892666
rxax5ozo,20,1,pl8uabbv,4,0,2048,19.30324498268807
rxax5ozo,20,2,0grcilhi,18,512,2560,19.53836787065378
rxax5ozo,20,3,hzumfsms,9,0,4608,19.86354280019376
rxax5ozo,20,4,pl8uabbv,16,512,1536,20.390886002096398
rxax5ozo,21,0,utfgcjfa,0,0,0,14.790180608705382
rxax5ozo,21,1,vc2whyaq,44,1536,2560,15.539902100496496
rxax5ozo,21,2,ufdvpb81,2,0,1024,16.130187188614272
rxax5ozo,21,3,ufdvpb81,50,1536,5632,16.219575665300667
rxax5ozo,21,4,ptg8lmto,23,512,5120,16.361563470803354
rxax5ozo,22,0,pl8uabbv,40,1536,512,14.423878531978369
rxax5ozo,22,1,vc2whyaq,5,0,2560,16.201004130610837
rxax5ozo,22,2,ptg8lmto,27,1024,512,16.87486286707121
rxax5ozo,22,3,cfe5vt7s,40,1536,512,18.46294912205469
rxax5ozo,22,4,ptg8lmto,6,0,3072,18.547686509192914
rxax5ozo,23,0,utfgcjfa,27,1024,512,15.883657427849895
rxax5ozo,23,1,pl8uabbv,14,512,512,16.376009398416635
rxax5ozo,23,2,9luzk4jm,50,1536,5632,16.55610664335435
rxax5ozo,23,3,utfgcjfa,29,1024,1536,17.05435746706581
rxax5ozo,23,4,cfe5vt7s,45,1536,3072,17.098959867657737
rxax5ozo,24,0,pl8uabbv,33,1024,3584,13.247072140159114
rxax5ozo,24,1,ptg8lmto,33,1024,3584,13.758395319452367
rxax5ozo,24,2,utfgcjfa,48,1536,4608,13.936517962379662
rxax5ozo,24,3,x77cy643,33,1024,3584,14.599893814044728
rxax5ozo,24,4,utfgcjfa,31,1024,2560,15.388592576101486
rxax5ozo,25,0,vc2whyaq,16,512,1536,13.321289511783924
rxax5ozo,25,1,utfgcjfa,31,1024,2560,13.850774717877798
rxax5ozo,25,2,x77cy643,33,1024,3584,14.203511665923305
rxax5ozo,25,3,vc2whyaq,21,512,4096,14.43921431791138
rxax5ozo,25,4,vc2whyaq,19,512,3072,14.573332044429911
rxax5ozo,26,0,ptg8lmto,10,0,5120,12.646822748475259
rxax5ozo,26,1,71vgq3fw,25,512,6144,14.422569219402336
rxax5ozo,26,2,ptg8lmto,16,512,1536,14.47091939129298
rxax5ozo,26,3,pl8uabbv,40,1536,512,14.874985025789915
rxax5ozo,26,4,kbdh4tri,42,1536,1536,14.887662203149098
rxax5ozo,27,0,vc2whyaq,39,1536,0,12.751258016689196
rxax5ozo,27,1,hzumfsms,50,1536,5632,14.444886684225347
rxax5ozo,27,2,71vgq3fw,32,1024,3072,14.797362978171249
rxax5ozo,27,3,pl8uabbv,33,1024,3584,15.099166692578361
rxax5ozo,27,4,cfe5vt7s,41,1536,1024,15.76708531569715
rxax5ozo,28,0,mgxahqnk,8,0,4096,14.18349230672706
rxax5ozo,28,1,tuy3zymq,29,1024,1536,15.185757686059603
rxax5ozo,28,2,71vgq3fw,33,1024,3584,15.335541100030627
rxax5ozo,28,3,x77cy643,43,1536,2048,15.433917420136517
rxax5ozo,28,4,vc2whyaq,20,512,3584,15.874157403686432
rxax5ozo,29,0,71vgq3fw,15,512,1024,15.997841816391336
rxax5ozo,29,1,x77cy643,5,0,2560,17.063063797212337
rxax5ozo,29,2,cfe5vt7s,22,512,4608,17.192974425960198
rxax5ozo,29,3,hzumfsms,1,0,512,17.866285650616106
rxax5ozo,29,4,vc2whyaq,20,512,3584,17.875279806584956
rxax5ozo,30,0,mgxahqnk,0,0,0,16.05697313141719
rxax5ozo,30,1,ptg8lmto,0,0,0,16.078083095052104
rxax5ozo,30,2,cfe5vt7s,0,0,0,16.959720651934308
rxax5ozo,30,3,ufdvpb81,25,512,6144,17.96883663904995
rxax5ozo,30,4,ptg8lmto,7,0,3584,18.59139890353195
rxax5ozo,31,0,vc2whyaq,47,1536,4096,14.155041759894276
rxax5ozo,31,1,utfgcjfa,31,1024,2560,15.391222369324886
rxax5ozo,31,2,vc2whyaq,20,512,3584,15.446961986143773
rxax5ozo,31,3,utfgcjfa,29,1024,1536,15.461547665427874
rxax5ozo,31,4,vc2whyaq,38,1024,6144,15.573357019549958
rxax5ozo,32,0,utfgcjfa,24,512,5632,18.805814134750367
rxax5ozo,32,1,pl8uabbv,17,512,2048,19.16862473323958
rxax5ozo,32,2,cfe5vt7s,45,1536,3072,19.6916326495153
rxax5ozo,32,3,vc2whyaq,24,512,5632,19.7618853587922
rxax5ozo,32,4,ufdvpb81,32,1024,3072,19.861751980997614
rxax5ozo,33,0,ufdvpb81,14,512,512,12.635351272901271
rxax5ozo,33,1,x77cy643,16,512,1536,15.15030143510826
rxax5ozo,33,2,hzumfsms,10,0,5120,15.426538180693802
rxax5ozo,33,3,kbdh4tri,45,1536,3072,15.515073436220414
rxax5ozo,33,4,9luzk4jm,1,0,512,15.665607324786833
rxax5ozo,34,0,utfgcjfa,48,1536,4608,14.800074264103582
rxax5ozo,34,1,vc2whyaq,2,0,1024,14.82226711038368
rxax5ozo,34,2,vc2whyaq,21,512,4096,15.232647771964102
rxax5ozo,34,3,pl8uabbv,33,1024,3584,15.326120708146943
rxax5ozo,34,4,utfgcjfa,31,1024,2560,15.495823358071332
rxax5ozo,35,0,pl8uabbv,42,1536,1536,20.32822496620017
rxax5ozo,35,1,0grcilhi,36,1024,5120,20.607541872185966
rxax5ozo,35,2,pl8uabbv,16,512,1536,20.975267337856344
rxax5ozo,35,3,vc2whyaq,50,1536,5632,20.98845976031287
rxax5ozo,35,4,vc2whyaq,21,512,4096,22.103066383941187
rxax5ozo,36,0,utfgcjfa,35,1024,4608,17.14710530047661
rxax5ozo,36,1,xgj4xftb,32,1024,3072,17.667267518794432
rxax5ozo,36,2,pl8uabbv,42,1536,1536,17.79852482893208
rxax5ozo,36,3,pl8uabbv,16,512,1536,18.008605271269996
rxax5ozo,36,4,utfgcjfa,49,1536,5120,18.2266895509721
rxax5ozo,37,0,pl8uabbv,33,1024,3584,12.982973441387191
rxax5ozo,37,1,vc2whyaq,39,1536,0,13.144080746336465
rxax5ozo,37,2,utfgcjfa,3,0,1536,13.976363669522653
rxax5ozo,37,3,utfgcjfa,19,512,3072,14.023501851304921
rxax5ozo,37,4,vc2whyaq,6,0,3072,14.189038210642792
rxax5ozo,38,0,utfgcjfa,49,1536,5120,13.220417648672344
rxax5ozo,38,1,ptg8lmto,33,1024,3584,13.397976589712167
rxax5ozo,38,2,vc2whyaq,2,0,1024,14.452441151944386
rxax5ozo,38,3,pl8uabbv,33,1024,3584,14.458751320008002
rxax5ozo,38,4,utfgcjfa,19,512,3072,14.878758110726968
rxax5ozo,39,0,vc2whyaq,40,1536,512,12.80083238354097
rxax5ozo,39,1,kbdh4tri,0,0,0,14.2783427735651
rxax5ozo,39,2,cfe5vt7s,22,512,4608,14.707961279465794
rxax5ozo,39,3,9luzk4jm,33,1024,3584,14.758674489996475
rxax5ozo,39,4,vc2whyaq,47,1536,4096,15.256331441604084
rxax5ozo,40,0,xgj4xftb,14,512,512,14.760296480607641
rxax5ozo,40,1,71vgq3fw,42,1536,1536,15.299276777188712
rxax5ozo,40,2,tuy3zymq,4,0,2048,15.50865268661342
rxax5ozo,40,3,kbdh4tri,38,1024,6144,15.629236853930438
rxax5ozo,40,4,ptg8lmto,23,512,5120,16.11491155157349
rxax5ozo,41,0,ufdvpb81,10,0,5120,14.335448353925592
rxax5ozo,41,1,utfgcjfa,31,1024,2560,14.378280961774635
rxax5ozo,41,2,vc2whyaq,24,512,5632,14.870244414187587
rxax5ozo,41,3,x77cy643,48,1536,4608,15.090525206785955
rxax5ozo,41,4,vc2whyaq,2,0,1024,15.171737569360264
rxax5ozo,42,0,vc2whyaq,40,1536,512,13.870765253980856
rxax5ozo,42,1,cfe5vt7s,42,1536,1536,13.932847950364378
rxax5ozo,42,2,vc2whyaq,25,512,6144,14.520184893941927
rxax5ozo,42,3,cfe5vt7s,33,1024,3584,14.593311794439082
rxax5ozo,42,4,utfgcjfa,17,512,2048,14.735284535300787
rxax5ozo,43,0,mgxahqnk,11,0,5632,15.903846804405305
rxax5ozo,43,1,xgj4xftb,23,512,5120,15.914722785536675
rxax5ozo,43,2,x77cy643,49,1536,5120,16.06141129828371
rxax5ozo,43,3,kbdh4tri,38,1024,6144,17.293442708427456
rxax5ozo,43,4,kbdh4tri,27,1024,512,17.358736498855702
rxax5ozo,44,0,ufdvpb81,20,512,3584,12.642380350567592
rxax5ozo,44,1,vc2whyaq,0,0,0,14.45144933224707
rxax5ozo,44,2,vc2whyaq,12,0,6144,14.98934703932657
rxax5ozo,44,3,utfgcjfa,0,0,0,15.023456553876333
rxax5ozo,44,4,xgj4xftb,4,0,2048,15.058576332812473
rxax5ozo,45,0,cfe5vt7s,42,1536,1536,10.946453078069556
rxax5ozo,45,1,x77cy643,9,0,4608,12.434922865911147
rxax5ozo,45,2,vc2whyaq,45,1536,3072,13.010573667299868
rxax5ozo,45,3,vc2whyaq,12,0,6144,13.579472693474315
rxax5ozo,45,4,x77cy643,48,1536,4608,13.822747641960992
rxax5ozo,46,0,vc2whyaq,20,512,3584,14.148690706161554
rxax5ozo,46,1,x77cy643,43,1536,2048,15.256407336458615
rxax5ozo,46,2,ufdvpb81,48,1536,4608,16.096567192064978
rxax5ozo,46,3,mgxahqnk,8,0,4096,16.62327033507814
rxax5ozo,46,4,9luzk4jm,51,1536,6144,17.1320786809313
rxax5ozo,47,0,vc2whyaq,18,512,2560,14.363485619580677
rxax5ozo,47,1,tuy3zymq,20,512,3584,15.822823153679392
rxax5ozo,47,2,x7u69zsw,32,1024,3072,16.152054784381967
rxax5ozo,47,3,kbdh4tri,36,1024,5120,16.465154915992308
rxax5ozo,47,4,0grcilhi,23,512,5120,16.47081405843388
rxax5ozo,48,0,pl8uabbv,22,512,4608,18.581082714399738
rxax5ozo,48,1,x77cy643,44,1536,2560,18.914449216059385
rxax5ozo,48,2,71vgq3fw,9,0,4608,19.278544321836236
rxax5ozo,48,3,vc2whyaq,25,512,6144,19.96952836841904
rxax5ozo,48,4,9luzk4jm,16,512,1536,20.410800091438645
rxax5ozo,49,0,utfgcjfa,15,512,1024,13.402290615610877
rxax5ozo,49,1,cfe5vt7s,42,1536,1536,13.727839378081772
rxax5ozo,49,2,vc2whyaq,26,1024,0,14.490799958359476
rxax5ozo,49,3,x7u69zsw,13,512,0,15.218865685684907
rxax5ozo,49,4,x77cy643,35,1024,4608,15.37073245467097
rxax5ozo,50,0,ptg8lmto,21,512,4096,13.54051915946822
rxax5ozo,50,1,9luzk4jm,33,1024,3584,13.726174288685089
rxax5ozo,50,2,x77cy643,24,512,5632,14.008628695034794
rxax5ozo,50,3,xgj4xftb,18,512,2560,14.202559448290932
rxax5ozo,50,4,vc2whyaq,47,1536,4096,14.250174237349677
rxax5ozo,51,0,x77cy643,43,1536,2048,15.260114070907008
rxax5ozo,51,1,vc2whyaq,47,1536,4096,16.030743871789543
rxax5ozo,51,2,vc2whyaq,20,512,3584,16.068119049311942
rxax5ozo,51,3,cfe5vt7s,22,512,4608,16.51595951514516
rxax5ozo,51,4,ptg8lmto,21,512,4096,16.700794273880582
