site,patch_id,rank,ref_site,ref_patch_id,ref_y0,ref_x0,distance
4ih2ggld,0,0,hawkfj64,36,1024,5120,18.279000888089975
4ih2ggld,0,1,utfgcjfa,31,1024,2560,18.986039063926864
4ih2ggld,0,2,xgj4xftb,8,0,4096,19.880566142763147
4ih2ggld,0,3,vc2whyaq,39,1536,0,20.319881918946038
4ih2ggld,0,4,tuy3zymq,19,512,3072,20.756081970514632
4ih2ggld,1,0,utfgcjfa,31,1024,2560,17.260937461711237
4ih2ggld,1,1,xgj4xftb,8,0,4096,18.92670193129266
4ih2ggld,1,2,cfe5vt7s,22,512,4608,19.02098466216691
4ih2ggld,1,3,x77cy643,16,512,1536,19.09980478052513
4ih2ggld,1,4,cfe5vt7s,13,512,0,19.35672165315361
4ih2ggld,2,0,cfe5vt7s,21,512,4096,19.450787196289717
4ih2ggld,2,1,cfe5vt7s,22,512,4608,19.590172593558307
4ih2ggld,2,2,vc2whyaq,21,512,4096,21.370934123063357
4ih2ggld,2,3,ufdvpb81,23,512,5120,21.426674820260185
4ih2ggld,2,4,0grcilhi,3,0,1536,21.65203383144721
4ih2ggld,3,0,x77cy643,48,1536,4608,17.887885201537415
4ih2ggld,3,1,utfgcjfa,31,1024,2560,18.131516120291348
4ih2ggld,3,2,hawkfj64,12,0,6144,18.657749378994062
4ih2ggld,3,3,hawkfj64,36,1024,5120,18.770415431151633
4ih2ggld,3,4,utfgcjfa,8,0,4096,19.418077599839066
4ih2ggld,4,0,utfgcjfa,31,1024,2560,14.975071942241442
4ih2ggld,4,1,vc2whyaq,21,512,4096,18.3454546066224
4ih2ggld,4,2,x77cy643,16,512,1536,18.79656300492229
4ih2ggld,4,3,pl8uabbv,47,1536,4096,19.053987395949846
4ih2ggld,4,4,pl8uabbv,33,1024,3584,19.584082005506197
4ih2ggld,5,0,ptg8lmto,9,0,4608,16.413923313843924
4ih2ggld,5,1,kbdh4tri,3,0,1536,17.26319249418476
4ih2ggld,5,2,mgxahqnk,0,0,0,17.875784279879266
4ih2ggld,5,3,hzumfsms,51,1536,6144,17.99241325332376
4ih2ggld,5,4,x77cy643,19,512,3072,18.88390157667263
4ih2ggld,6,0,x7u69zsw,1,0,512,16.42868943545456
4ih2ggld,6,1,pl8uabbv,3,0,1536,18.234778915225238
4ih2ggld,6,2,utfgcjfa,51,1536,6144,19.713342517995045
4ih2ggld,6,3,ufdvpb81,25,512,6144,20.04801945635097
4ih2ggld,6,4,pl8uabbv,40,1536,512,20.388244378290143
4ih2ggld,7,0,utfgcjfa,31,1024,2560,16.69470718551668
4ih2ggld,7,1,0grcilhi,37,1024,5632,17.4240896640519
4ih2ggld,7,2,9luzk4jm,10,0,5120,17.966474288214922
4ih2ggld,7,3,x77cy643,16,512,1536,18.533811940164753
4ih2ggld,7,4,cfe5vt7s,13,512,0,18.758212033709874
4ih2ggld,8,0,pl8uabbv,43,1536,2048,14.063897983936569
4ih2ggld,8,1,vc2whyaq,21,512,4096,16.425787012679674
4ih2ggld,8,2,cfe5vt7s,21,512,4096,17.55019000212228
4ih2ggld,8,3,tuy3zymq,29,1024,1536,17.614358567006427
4ih2ggld,8,4,x77cy643,16,512,1536,17.624912286374663
4ih2ggld,9,0,hzumfsms,5,0,2560,17.861381583785544
4ih2ggld,9,1,0grcilhi,24,512,5632,19.491247148657234
4ih2ggld,9,2,x77cy643,43,1536,2048,19.960375089099504
4ih2ggld,9,3,x77cy643,15,512,1024,20.000664318529505
4ih2ggld,9,4,utfgcjfa,32,1024,3072,20.064751451350237
4ih2ggld,10,0,9luzk4jm,46,1536,3584,15.27921878794601
4ih2ggld,10,1,0grcilhi,5,0,2560,16.520138655581462
4ih2ggld,10,2,hawkfj64,36,1024,5120,16.616338957496883
4ih2ggld,10,3,tuy3zymq,19,512,3072,16.786032088567488
4ih2ggld,10,4,0grcilhi,7,0,3584,16.930773152517073
4ih2ggld,11,0,cfe5vt7s,0,0,0,18.453864050062393
4ih2ggld,11,1,ptg8lmto,5,0,2560,19.213439969346815
4ih2ggld,11,2,x77cy643,19,512,3072,19.28070546600723
4ih2ggld,11,3,pl8uabbv,40,1536,512,19.320008963538214
4ih2ggld,11,4,tuy3zymq,50,1536,5632,19.376828511741536
4ih2ggld,12,0,tuy3zymq,19,512,3072,18.075229582693062
4ih2ggld,12,1,0grcilhi,20,512,3584,19.4732030578958
4ih2ggld,12,2,utfgcjfa,49,1536,5120,19.513426508096284
4ih2ggld,12,3,hzumfsms,1,0,512,20.014311443455682
4ih2ggld,12,4,0grcilhi,23,512,5120,20.12515715669608
4ih2ggld,13,0,0grcilhi,20,512,3584,20.121212489344167
4ih2ggld,13,1,pl8uabbv,28,1024,1024,20.962809390767482
4ih2ggld,13,2,x7u69zsw,5,0,2560,21.537539272078952
4ih2ggld,13,3,cfe5vt7s,20,512,3584,21.904325296833317
4ih2ggld,13,4,xgj4xftb,30,1024,2048,22.159881338719646
4ih2ggld,14,0,utfgcjfa,31,1024,2560,17.948782459429772
4ih2ggld,14,1,cfe5vt7s,13,512,0,18.13519467349913
4ih2ggld,14,2,pl8uabbv,39,1536,0,19.09945626871781
4ih2ggld,14,3,utfgcjfa,49,1536,5120,19.235663738019863
4ih2ggld,14,4,x7u69zsw,17,512,2048,19.36038874923014
4ih2ggld,15,0,x77cy643,5,0,2560,17.845824674418513
4ih2ggld,15,1,hawkfj64,2,0,1024,18.99512232248703
4ih2ggld,15,2,pl8uabbv,43,1536,2048,19.24480268057989
4ih2ggld,15,3,hawkfj64,36,1024,5120,19.35827745840771
4ih2ggld,15,4,tuy3zymq,19,512,3072,19.45387875085254
4ih2ggld,16,0,ptg8lmto,9,0,4608,16.842880534096388
4ih2ggld,16,1,kbdh4tri,27,1024,512,17.74481035850746
4ih2ggld,16,2,xgj4xftb,19,512,3072,17.78018442215003
4ih2ggld,16,3,kbdh4tri,3,0,1536,18.034881827910137
4ih2ggld,16,4,mgxahqnk,0,0,0,18.194859043042356
4ih2ggld,17,0,utfgcjfa,31,1024,2560,16.22124222096496
4ih2ggld,17,1,x77cy643,16,512,1536,16.29761316844355
4ih2ggld,17,2,x77cy643,48,1536,4608,16.78791409896059
4ih2ggld,17,3,hzumfsms,7,0,3584,17.095339123801146
4ih2ggld,17,4,cfe5vt7s,13,512,0,17.123558012600366
4ih2ggld,18,0,x7u69zsw,17,512,2048,15.828291120786519
4ih2ggld,18,1,xgj4xftb,7,0,3584,17.031842178492013
4ih2ggld,18,2,vc2whyaq,21,512,4096,17.77324289954841
4ih2ggld,18,3,utfgcjfa,49,1536,5120,18.231402912212587
4ih2ggld,18,4,xgj4xftb,8,0,4096,18.343825278650105
4ih2ggld,19,0,ptg8lmto,9,0,4608,17.705447078256164
4ih2ggld,19,1,tuy3zymq,40,1536,512,19.61606079080623
4ih2ggld,19,2,vc2whyaq,46,1536,3584,20.13550894378255
4ih2ggld,19,3,xgj4xftb,35,1024,4608,20.633538874892967
4ih2ggld,19,4,kbdh4tri,3,0,1536,20.895107186471456
4ih2ggld,20,0,utfgcjfa,31,1024,2560,18.33001648245458
4ih2ggld,20,1,x7u69zsw,37,1024,5632,18.631447131993564
4ih2ggld,20,2,vc2whyaq,39,1536,0,18.71312360207728
4ih2ggld,20,3,x77cy643,48,1536,4608,20.01645176467582
4ih2ggld,20,4,xgj4xftb,35,1024,4608,20.280902359179404
4ih2ggld,21,0,pl8uabbv,43,1536,2048,17.703866617711917
4ih2ggld,21,1,71vgq3fw,3,0,1536,18.570821350925296
4ih2ggld,21,2,vc2whyaq,21,512,4096,19.81113674693741
4ih2ggld,21,3,cfe5vt7s,13,512,0,19.882046922266486
4ih2ggld,21,4,xgj4xftb,22,512,4608,19.96561616818619
4ih2ggld,22,0,utfgcjfa,31,1024,2560,12.763069147161188
4ih2ggld,22,1,cfe5vt7s,13,512,0,14.856931029031022
4ih2ggld,22,2,hawkfj64,12,0,6144,16.24170027239162
4ih2ggld,22,3,utfgcjfa,15,512,1024,16.398293676861137
4ih2ggld,22,4,pl8uabbv,51,1536,6144,16.578879988048083
4ih2ggld,23,0,utfgcjfa,31,1024,2560,15.033409855654707
4ih2ggld,23,1,hzumfsms,40,1536,512,16.44410501167051
4ih2ggld,23,2,x77cy643,48,1536,4608,17.442562275786695
4ih2ggld,23,3,vc2whyaq,21,512,4096,17.667311132512882
4ih2ggld,23,4,utfgcjfa,15,512,1024,17.945249975236322
4ih2ggld,24,0,vc2whyaq,21,512,4096,14.427888969745709
4ih2ggld,24,1,utfgcjfa,15,512,1024,15.651437086374957
4ih2ggld,24,2,utfgcjfa,31,1024,2560,15.769399253631823
4ih2ggld,24,3,cfe5vt7s,1,0,512,16.796297235791485
4ih2ggld,24,4,xgj4xftb,7,0,3584,17.96971064867021
4ih2ggld,25,0,vc2whyaq,21,512,4096,13.521082327422354
4ih2ggld,25,1,x7u69zsw,17,512,2048,15.747720847161236
4ih2ggld,25,2,0grcilhi,14,512,512,16.67791680926973
4ih2ggld,25,3,utfgcjfa,31,1024,2560,17.002718013776658
4ih2ggld,25,4,x77cy643,19,512,3072,17.17712237252486
4ih2ggld,26,0,cfe5vt7s,13,512,0,14.45524007386275
4ih2ggld,26,1,utfgcjfa,31,1024,2560,15.08709660266089
4ih2ggld,26,2,hawkfj64,12,0,6144,15.508564820183778
4ih2ggld,26,3,xgj4xftb,8,0,4096,15.522587369112136
4ih2ggld,26,4,x77cy643,48,1536,4608,16.61017176834512
4ih2ggld,27,0,utfgcjfa,31,1024,2560,13.643275454235292
4ih2ggld,27,1,x77cy643,42,1536,1536,15.372375647190415
4ih2ggld,27,2,ufdvpb81,10,0,5120,17.601989286127164
4ih2ggld,27,3,vc2whyaq,21,512,4096,18.04307667935646
4ih2ggld,27,4,x77cy643,16,512,1536,18.244854707755746
4ih2ggld,28,0,xgj4xftb,7,0,3584,18.10208312273719
4ih2ggld,28,1,x7u69zsw,17,512,2048,18.502906046468446
4ih2ggld,28,2,ptg8lmto,4,0,2048,18.68922134856156
4ih2ggld,28,3,utfgcjfa,31,1024,2560,19.331114917907552
4ih2ggld,28,4,vc2whyaq,21,512,4096,19.695363700319337
4ih2ggld,29,0,utfgcjfa,31,1024,2560,17.93398566326241
4ih2ggld,29,1,x77cy643,48,1536,4608,18.90438991560095
4ih2ggld,29,2,9luzk4jm,10,0,5120,20.235706881003253
4ih2ggld,29,3,x77cy643,16,512,1536,20.509922904607286
4ih2ggld,29,4,hzumfsms,7,0,3584,20.761801417713176
4ih2ggld,30,0,utfgcjfa,31,1024,2560,16.565606017792177
4ih2ggld,30,1,utfgcjfa,49,1536,5120,16.92168389994917
4ih2ggld,30,2,pl8uabbv,51,1536,6144,17.34802418268603
4ih2ggld,30,3,utfgcjfa,21,512,4096,18.256017389716284
4ih2ggld,30,4,hawkfj64,12,0,6144,18.36233670740439
4ih2ggld,31,0,0grcilhi,25,512,6144,20.25018623575344
4ih2ggld,31,1,ptg8lmto,26,1024,0,20.270313069056808
4ih2ggld,31,2,ptg8lmto,7,0,3584,20.965487926884713
4ih2ggld,31,3,x7u69zsw,13,512,0,21.27703950351703
4ih2ggld,31,4,mgxahqnk,17,512,2048,21.70033652915118
4ih2ggld,32,0,hzumfsms,38,1024,6144,15.744972062815929
4ih2ggld,32,1,vc2whyaq,39,1536,0,16.968378655993344
4ih2ggld,32,2,71vgq3fw,3,0,1536,17.987308686645182
4ih2ggld,32,3,0grcilhi,18,512,2560,18.133787003372912
4ih2ggld,32,4,pl8uabbv,43,1536,2048,18.43998361525311
4ih2ggld,33,0,xgj4xftb,35,1024,4608,21.19225725954709
4ih2ggld,33,1,0grcilhi,37,1024,5632,21.717307061190063
4ih2ggld,33,2,71vgq3fw,21,512,4096,22.32872428059813
4ih2ggld,33,3,mgxahqnk,0,0,0,22.383148468229756
4ih2ggld,33,4,x77cy643,19,512,3072,22.597956132961148
4ih2ggld,34,0,cfe5vt7s,0,0,0,17.666838090686117
4ih2ggld,34,1,x77cy643,19,512,3072,18.1371360951952
4ih2ggld,34,2,ptg8lmto,5,0,2560,19.12339809024661
4ih2ggld,34,3,pl8uabbv,3,0,1536,20.43305803198643
4ih2ggld,34,4,vc2whyaq,0,0,0,21.121258636258688
4ih2ggld,35,0,utfgcjfa,31,1024,2560,17.02218415465338
4ih2ggld,35,1,x77cy643,21,512,4096,17.525470799998285
4ih2ggld,35,2,pl8uabbv,51,1536,6144,18.2309654279338
4ih2ggld,35,3,71vgq3fw,30,1024,2048,18.402389573958317
4ih2ggld,35,4,pl8uabbv,47,1536,4096,18.483677574731907
4ih2ggld,36,0,0grcilhi,37,1024,5632,18.645969237588744
4ih2ggld,36,1,9luzk4jm,10,0,5120,18.908573399981435
4ih2ggld,36,2,x77cy643,26,1024,0,20.039068252055607
4ih2ggld,36,3,vc2whyaq,21,512,4096,20.07041381578119
4ih2ggld,36,4,cfe5vt7s,14,512,512,20.10587882907248
4ih2ggld,37,0,cfe5vt7s,22,512,4608,18.729572510764985
4ih2ggld,37,1,hzumfsms,40,1536,512,19.58045219256946
4ih2ggld,37,2,utfgcjfa,31,1024,2560,19.66558945188817
4ih2ggld,37,3,x77cy643,42,1536,1536,19.74981170952272
4ih2ggld,37,4,0grcilhi,36,1024,5120,20.121873419382172
4ih2ggld,38,0,x7u69zsw,17,512,2048,16.741222684179053
4ih2ggld,38,1,0grcilhi,23,512,5120,17.821616292317774
4ih2ggld,38,2,utfgcjfa,49,1536,5120,18.176866565934965
4ih2ggld,38,3,pl8uabbv,27,1024,512,18.6465899076534
4ih2ggld,38,4,x77cy643,14,512,512,18.994464757136207
4ih2ggld,39,0,ptg8lmto,5,0,2560,20.33408126311989
4ih2ggld,39,1,xgj4xftb,19,512,3072,20.360095025157435
4ih2ggld,39,2,ufdvpb81,25,512,6144,22.049373485632508
4ih2ggld,39,3,x77cy643,19,512,3072,22.32756798524336
4ih2ggld,39,4,kbdh4tri,3,0,1536,22.423102366929797
4ih2ggld,40,0,xgj4xftb,19,512,3072,17.44592173585081
4ih2ggld,40,1,xgj4xftb,33,1024,3584,18.898549066391574
4ih2ggld,40,2,kbdh4tri,19,512,3072,18.97268984252929
4ih2ggld,40,3,x77cy643,42,1536,1536,19.344494361418473
4ih2ggld,40,4,cfe5vt7s,42,1536,1536,19.34469293487947
4ih2ggld,41,0,vc2whyaq,0,0,0,22.569750219409038
4ih2ggld,41,1,ptg8lmto,5,0,2560,22.809188680170067
4ih2ggld,41,2,xgj4xftb,7,0,3584,23.14383333657446
4ih2ggld,41,3,ptg8lmto,9,0,4608,23.23774167003611
4ih2ggld,41,4,ufdvpb81,25,512,6144,23.386577340165342
4ih2ggld,42,0,pl8uabbv,3,0,1536,20.00056319961436
4ih2ggld,42,1,x7u69zsw,1,0,512,21.009011598826667
4ih2ggld,42,2,ufdvpb81,25,512,6144,24.54558445917023
4ih2ggld,42,3,ptg8lmto,5,0,2560,24.880379060085534
4ih2ggld,42,4,pl8uabbv,40,1536,512,25.59513276807778
4ih2ggld,43,0,tuy3zymq,27,1024,512,22.108484201602074
4ih2ggld,43,1,tuy3zymq,35,1024,4608,23.313016091273862
4ih2ggld,43,2,x7u69zsw,38,1024,6144,25.392340090186867
4ih2ggld,43,3,x7u69zsw,48,1536,4608,26.203579030943324
4ih2ggld,43,4,71vgq3fw,26,1024,0,26.73546928463859
4ih2ggld,44,0,tuy3zymq,35,1024,4608,22.475656149243544
4ih2ggld,44,1,utfgcjfa,38,1024,6144,24.212711562066872
4ih2ggld,44,2,9luzk4jm,27,1024,512,24.247213110163855
4ih2ggld,44,3,x7u69zsw,38,1024,6144,25.250066677595893
4ih2ggld,44,4,9luzk4jm,7,0,3584,25.317302125459292
4ih2ggld,45,0,x7u69zsw,22,512,4608,18.696270387155135
4ih2ggld,45,1,vc2whyaq,39,1536,0,18.700957039417315
4ih2ggld,45,2,utfgcjfa,49,1536,5120,18.7746182186236
4ih2ggld,45,3,utfgcjfa,31,1024,2560,18.90550210607276
4ih2ggld,45,4,xgj4xftb,8,0,4096,18.910819963100774
4ih2ggld,46,0,hzumfsms,7,0,3584,17.332553160500247
4ih2ggld,46,1,x77cy643,49,1536,5120,20.61496946511406
4ih2ggld,46,2,ptg8lmto,2,0,1024,20.922230952994468
4ih2ggld,46,3,0grcilhi,25,512,6144,21.228654433092302
4ih2ggld,46,4,vc2whyaq,21,512,4096,21.402277536335458
4ih2ggld,47,0,0grcilhi,37,1024,5632,16.96726655803323
4ih2ggld,47,1,cfe5vt7s,0,0,0,17.595324848711105
4ih2ggld,47,2,x7u69zsw,13,512,0,17.811060525047388
4ih2ggld,47,3,x77cy643,16,512,1536,19.241576664489376
4ih2ggld,47,4,tuy3zymq,41,1536,1024,19.303051677569048
4ih2ggld,48,0,ufdvpb81,25,512,6144,16.705910649057138
4ih2ggld,48,1,x7u69zsw,13,512,0,17.765055619180895
4ih2ggld,48,2,kbdh4tri,51,1536,6144,17.879203333983114
4ih2ggld,48,3,x7u69zsw,1,0,512,18.381189112328194
4ih2ggld,48,4,mgxahqnk,0,0,0,18.956935906275863
4ih2ggld,49,0,utfgcjfa,31,1024,2560,14.745276368844305
4ih2ggld,49,1,x77cy643,48,1536,4608,15.971056336676702
4ih2ggld,49,2,vc2whyaq,21,512,4096,16.689380310322576
4ih2ggld,49,3,hzumfsms,7,0,3584,17.290390080991756
4ih2ggld,49,4,cfe5vt7s,13,512,0,17.8380163878706
4ih2ggld,50,0,0grcilhi,37,1024,5632,19.40514292876463
4ih2ggld,50,1,x77cy643,19,512,3072,20.164950215969196
4ih2ggld,50,2,xgj4xftb,4,0,2048,20.95212210826675
4ih2ggld,50,3,ufdvpb81,10,0,5120,21.931202761560698
4ih2ggld,50,4,ptg8lmto,35,1024,4608,22.08315827088389
4ih2ggld,51,0,71vgq3fw,22,512,4608,17.34361694855277
4ih2ggld,51,1,kbdh4tri,26,1024,0,17.60637526164173
4ih2ggld,51,2,pl8uabbv,28,1024,1024,18.04448962801815
4ih2ggld,51,3,71vgq3fw,3,0,1536,19.222127981681236
4ih2ggld,51,4,cfe5vt7s,20,512,3584,19.37417386203623
5n1q8atc,0,0,utfgcjfa,31,1024,2560,21.233910536419202
5n1q8atc,0,1,0grcilhi,37,1024,5632,22.535175252779993
5n1q8atc,0,2,ptg8lmto,13,512,0,22.606943768819402
5n1q8atc,0,3,x77cy643,16,512,1536,22.777997982689424
5n1q8atc,0,4,hawkfj64,7,0,3584,22.7925030123709
5n1q8atc,1,0,pl8uabbv,40,1536,512,19.78010985969778
5n1q8atc,1,1,xgj4xftb,19,512,3072,19.90627926188348
5n1q8atc,1,2,0grcilhi,37,1024,5632,21.156018317642435
5n1q8atc,1,3,xgj4xftb,33,1024,3584,21.247274045274118
5n1q8atc,1,4,utfgcjfa,31,1024,2560,21.331173319844346
5n1q8atc,2,0,x77cy643,19,512,3072,16.081469828889862
5n1q8atc,2,1,utfgcjfa,31,1024,2560,17.16914562584745
5n1q8atc,2,2,0grcilhi,37,1024,5632,17.954455543700988
5n1q8atc,2,3,xgj4xftb,19,512,3072,17.970338514097982
5n1q8atc,2,4,utfgcjfa,35,1024,4608,18.548943577875583
5n1q8atc,3,0,x77cy643,9,0,4608,16.86989645171441
5n1q8atc,3,1,x77cy643,19,512,3072,17.003700090609694
5n1q8atc,3,2,pl8uabbv,17,512,2048,17.736924782368394
5n1q8atc,3,3,pl8uabbv,40,1536,512,18.16211142594674
5n1q8atc,3,4,pl8uabbv,44,1536,2560,18.19859856944089
5n1q8atc,4,0,vc2whyaq,47,1536,4096,15.968947817550127
5n1q8atc,4,1,utfgcjfa,31,1024,2560,16.485496386128073
5n1q8atc,4,2,utfgcjfa,15,512,1024,17.825912303424815
5n1q8atc,4,3,cfe5vt7s,13,512,0,17.93645985232555
5n1q8atc,4,4,x77cy643,43,1536,2048,18.11705687732645
5n1q8atc,5,0,x7u69zsw,1,0,512,20.698572532595293
5n1q8atc,5,1,ufdvpb81,25,512,6144,21.72438136967328
5n1q8atc,5,2,ptg8lmto,0,0,0,21.8246875849453
5n1q8atc,5,3,tuy3zymq,50,1536,5632,23.570181521894767
5n1q8atc,5,4,utfgcjfa,51,1536,6144,23.880305398029844
5n1q8atc,6,0,x77cy643,48,1536,4608,17.43994829699434
5n1q8atc,6,1,utfgcjfa,31,1024,2560,17.552965948420386
5n1q8atc,6,2,vc2whyaq,39,1536,0,17.893050221665163
5n1q8atc,6,3,ptg8lmto,2,0,1024,19.016498094847293
5n1q8atc,6,4,vc2whyaq,21,512,4096,19.175809613492685
5n1q8atc,7,0,71vgq3fw,23,512,5120,22.532142949721884
5n1q8atc,7,1,mgxahqnk,3,0,1536,22.830937580038395
5n1q8atc,7,2,x7u69zsw,43,1536,2048,22.842822212568812
5n1q8atc,7,3,0grcilhi,20,512,3584,23.058180737071986
5n1q8atc,7,4,ptg8lmto,16,512,1536,23.92408381248447
5n1q8atc,8,0,vc2whyaq,46,1536,3584,16.838757996622157
5n1q8atc,8,1,utfgcjfa,35,1024,4608,17.11696464151853
5n1q8atc,8,2,x77cy643,16,512,1536,17.15095468290898
5n1q8atc,8,3,71vgq3fw,44,1536,2560,17.271990568122146
5n1q8atc,8,4,utfgcjfa,47,1536,4096,17.3292043029326
5n1q8atc,9,0,ptg8lmto,9,0,4608,20.713319488080657
5n1q8atc,9,1,vc2whyaq,0,0,0,20.954904564927467
5n1q8atc,9,2,hzumfsms,51,1536,6144,21.02533669495727
5n1q8atc,9,3,x77cy643,4,0,2048,21.68592142194697
5n1q8atc,9,4,x77cy643,19,512,3072,21.784196999244326
5n1q8atc,10,0,x7u69zsw,1,0,512,17.211083094603666
5n1q8atc,10,1,pl8uabbv,3,0,1536,20.672100519473794
5n1q8atc,10,2,ufdvpb81,25,512,6144,20.912262901104445
5n1q8atc,10,3,ptg8lmto,0,0,0,24.628860069128933
5n1q8atc,10,4,vc2whyaq,0,0,0,24.963103997760996
5n1q8atc,11,0,utfgcjfa,31,1024,2560,16.91145697800385
5n1q8atc,11,1,9luzk4jm,10,0,5120,17.993930595674087
5n1q8atc,11,2,cfe5vt7s,13,512,0,18.06038679480322
5n1q8atc,11,3,x77cy643,19,512,3072,18.14673231778074
5n1q8atc,11,4,vc2whyaq,21,512,4096,18.539790669637245
5n1q8atc,12,0,pl8uabbv,3,0,1536,16.48209972709204
5n1q8atc,12,1,ufdvpb81,25,512,6144,17.44671011451878
5n1q8atc,12,2,x7u69zsw,1,0,512,19.576395116910277
5n1q8atc,12,3,mgxahqnk,0,0,0,20.268326950780846
5n1q8atc,12,4,utfgcjfa,2,0,1024,20.432925620181184
5n1q8atc,13,0,pl8uabbv,40,1536,512,17.48710941789101
5n1q8atc,13,1,xgj4xftb,35,1024,4608,18.562177518553337
5n1q8atc,13,2,utfgcjfa,31,1024,2560,18.99466601775412
5n1q8atc,13,3,71vgq3fw,22,512,4608,19.46887178474017
5n1q8atc,13,4,ptg8lmto,11,0,5632,20.128040512795586
5n1q8atc,14,0,x77cy643,16,512,1536,15.72731207434411
5n1q8atc,14,1,tuy3zymq,41,1536,1024,17.990324596513023
5n1q8atc,14,2,vc2whyaq,46,1536,3584,18.305605946831914
5n1q8atc,14,3,utfgcjfa,2,0,1024,18.442481565620394
5n1q8atc,14,4,cfe5vt7s,13,512,0,18.694288385810296
5n1q8atc,15,0,0grcilhi,14,512,512,18.15668689275882
5n1q8atc,15,1,x77cy643,12,0,6144,18.832664200818424
5n1q8atc,15,2,71vgq3fw,15,512,1024,19.448498271856142
5n1q8atc,15,3,x7u69zsw,49,1536,5120,19.758960324067136
5n1q8atc,15,4,x77cy643,4,0,2048,20.56622496185324
5n1q8atc,16,0,pl8uabbv,47,1536,4096,14.921442396311582
5n1q8atc,16,1,pl8uabbv,28,1024,1024,14.945230685237625
5n1q8atc,16,2,pl8uabbv,29,1024,1536,15.921781848141494
5n1q8atc,16,3,utfgcjfa,31,1024,2560,16.210886919043144
5n1q8atc,16,4,utfgcjfa,49,1536,5120,16.557060155384427
5n1q8atc,17,0,utfgcjfa,49,1536,5120,16.19662987746391
5n1q8atc,17,1,pl8uabbv,27,1024,512,18.324969201895005
5n1q8atc,17,2,0grcilhi,20,512,3584,18.771446740430306
5n1q8atc,17,3,vc2whyaq,21,512,4096,19.20751697224316
5n1q8atc,17,4,utfgcjfa,31,1024,2560,19.57247744380091
5n1q8atc,18,0,utfgcjfa,31,1024,2560,17.8394534706381
5n1q8atc,18,1,vc2whyaq,21,512,4096,18.150826123747766
5n1q8atc,18,2,cfe5vt7s,21,512,4096,18.949093256056354
5n1q8atc,18,3,0grcilhi,37,1024,5632,19.08893712129785
5n1q8atc,18,4,cfe5vt7s,30,1024,2048,19.319344103966937
5n1q8atc,19,0,utfgcjfa,49,1536,5120,16.639324150202977
5n1q8atc,19,1,vc2whyaq,12,0,6144,17.32982133974212
5n1q8atc,19,2,ptg8lmto,9,0,4608,18.323977174771695
5n1q8atc,19,3,x77cy643,19,512,3072,19.500147132024733
5n1q8atc,19,4,pl8uabbv,27,1024,512,19.672667607772805
5n1q8atc,20,0,utfgcjfa,31,1024,2560,16.45273993874106
5n1q8atc,20,1,vc2whyaq,21,512,4096,17.20264222106892
5n1q8atc,20,2,0grcilhi,37,1024,5632,17.266599573735437
5n1q8atc,20,3,x77cy643,48,1536,4608,18.519806056190916
5n1q8atc,20,4,x77cy643,19,512,3072,18.533036549873685
5n1q8atc,21,0,x77cy643,19,512,3072,16.100001775308385
5n1q8atc,21,1,ptg8lmto,9,0,4608,17.389964755409924
5n1q8atc,21,2,0grcilhi,37,1024,5632,17.77638536401603
5n1q8atc,21,3,cfe5vt7s,0,0,0,19.317517190663366
5n1q8atc,21,4,cfe5vt7s,23,512,5120,19.67287248965224
5n1q8atc,22,0,xgj4xftb,4,0,2048,18.990744367091523
5n1q8atc,22,1,x77cy643,12,0,6144,19.080809641867244
5n1q8atc,22,2,ptg8lmto,5,0,2560,19.09029857535535
5n1q8atc,22,3,cfe5vt7s,0,0,0,20.273297006935906
5n1q8atc,22,4,x77cy643,19,512,3072,20.369289305569755
5n1q8atc,23,0,ptg8lmto,5,0,2560,19.009117780870582
5n1q8atc,23,1,ufdvpb81,25,512,6144,20.051970610755223
5n1q8atc,23,2,x7u69zsw,1,0,512,20.67801892582495
5n1q8atc,23,3,vc2whyaq,0,0,0,21.229148944380995
5n1q8atc,23,4,vc2whyaq,24,512,5632,21.95461142281189
5n1q8atc,24,0,vc2whyaq,24,512,5632,17.071938998151158
5n1q8atc,24,1,x77cy643,19,512,3072,18.79279079023907
5n1q8atc,24,2,ufdvpb81,10,0,5120,18.92218315551852
5n1q8atc,24,3,x77cy643,12,0,6144,19.034769336954124
5n1q8atc,24,4,pl8uabbv,17,512,2048,19.31010605367609
5n1q8atc,25,0,pl8uabbv,16,512,1536,16.502075660523964
5n1q8atc,25,1,cfe5vt7s,22,512,4608,17.638371484824976
5n1q8atc,25,2,pl8uabbv,49,1536,5120,18.213519250997415
5n1q8atc,25,3,utfgcjfa,31,1024,2560,18.272946625468705
5n1q8atc,25,4,cfe5vt7s,13,512,0,18.477425126152507
5n1q8atc,26,0,utfgcjfa,2,0,1024,14.01115348966482
5n1q8atc,26,1,cfe5vt7s,0,0,0,15.654778586730808
5n1q8atc,26,2,x77cy643,19,512,3072,16.195812002590664
5n1q8atc,26,3,cfe5vt7s,23,512,5120,16.399805768648672
5n1q8atc,26,4,cfe5vt7s,42,1536,1536,17.076570399867798
5n1q8atc,27,0,x77cy643,12,0,6144,15.972785980822726
5n1q8atc,27,1,vc2whyaq,12,0,6144,16.13439246125358
5n1q8atc,27,2,utfgcjfa,31,1024,2560,16.207349634081876
5n1q8atc,27,3,x77cy643,19,512,3072,17.0166126436947
5n1q8atc,27,4,cfe5vt7s,42,1536,1536,17.121283214170955
5n1q8atc,28,0,x7u69zsw,13,512,0,17.436718363568097
5n1q8atc,28,1,x7u69zsw,16,512,1536,18.239891518914526
5n1q8atc,28,2,kbdh4tri,40,1536,512,18.29758055145124
5n1q8atc,28,3,ufdvpb81,20,512,3584,18.470621416214293
5n1q8atc,28,4,ufdvpb81,1,0,512,18.60088234698397
5n1q8atc,29,0,0grcilhi,37,1024,5632,16.973392770389708
5n1q8atc,29,1,kbdh4tri,1,0,512,17.938862810173816
5n1q8atc,29,2,hawkfj64,12,0,6144,18.116396296748924
5n1q8atc,29,3,xgj4xftb,4,0,2048,18.725984707793035
5n1q8atc,29,4,vc2whyaq,12,0,6144,18.731911248592922
5n1q8atc,30,0,vc2whyaq,46,1536,3584,15.920882446180961
5n1q8atc,30,1,x77cy643,16,512,1536,17.456820653361618
5n1q8atc,30,2,x77cy643,19,512,3072,17.87731092559629
5n1q8atc,30,3,x7u69zsw,16,512,1536,18.266866342070255
5n1q8atc,30,4,utfgcjfa,47,1536,4096,18.42914583466638
5n1q8atc,31,0,utfgcjfa,49,1536,5120,14.091358593300324
5n1q8atc,31,1,vc2whyaq,39,1536,0,14.698141126094754
5n1q8atc,31,2,pl8uabbv,43,1536,2048,16.1007290693832
5n1q8atc,31,3,utfgcjfa,31,1024,2560,16.482823441664983
5n1q8atc,31,4,0grcilhi,24,512,5632,16.48950293000978
5n1q8atc,32,0,cfe5vt7s,42,1536,1536,17.528378468777895
5n1q8atc,32,1,ptg8lmto,5,0,2560,18.623300247308197
5n1q8atc,32,2,vc2whyaq,0,0,0,19.13196281886986
5n1q8atc,32,3,cfe5vt7s,0,0,0,19.340167466195265
5n1q8atc,32,4,x77cy643,19,512,3072,19.38789645857482
5n1q8atc,33,0,x77cy643,19,512,3072,20.11480132895642
5n1q8atc,33,1,vc2whyaq,12,0,6144,21.66933242492247
5n1q8atc,33,2,x77cy643,12,0,6144,21.803967468053532
5n1q8atc,33,3,ptg8lmto,9,0,4608,22.30974215110852
5n1q8atc,33,4,0grcilhi,37,1024,5632,22.504631799792023
5n1q8atc,34,0,0grcilhi,37,1024,5632,17.85374111432586
5n1q8atc,34,1,pl8uabbv,40,1536,512,17.961757176176956
5n1q8atc,34,2,x7u69zsw,13,512,0,18.371028772515224
5n1q8atc,34,3,x77cy643,19,512,3072,18.474421833666526
5n1q8atc,34,4,cfe5vt7s,0,0,0,18.631373510637612
5n1q8atc,35,0,x77cy643,12,0,6144,17.1434839026127
5n1q8atc,35,1,vc2whyaq,12,0,6144,18.35699146020402
5n1q8atc,35,2,ptg8lmto,5,0,2560,18.760235647682258
5n1q8atc,35,3,xgj4xftb,7,0,3584,19.24412712604262
5n1q8atc,35,4,xgj4xftb,4,0,2048,19.470198013171984
5n1q8atc,36,0,ptg8lmto,5,0,2560,19.339753041022437
5n1q8atc,36,1,pl8uabbv,3,0,1536,20.252702500802382
5n1q8atc,36,2,ufdvpb81,25,512,6144,20.73481868823162
5n1q8atc,36,3,x7u69zsw,1,0,512,22.16464864965155
5n1q8atc,36,4,pl8uabbv,40,1536,512,22.425375949327787
5n1q8atc,37,0,utfgcjfa,31,1024,2560,15.346898631849283
5n1q8atc,37,1,ufdvpb81,10,0,5120,16.581830708513785
5n1q8atc,37,2,cfe5vt7s,13,512,0,16.65998514353448
5n1q8atc,37,3,utfgcjfa,8,0,4096,16.667667164112824
5n1q8atc,37,4,x77cy643,42,1536,1536,16.70404083478277
5n1q8atc,38,0,ptg8lmto,9,0,4608,15.583139063244476
5n1q8atc,38,1,0grcilhi,37,1024,5632,16.28178412727833
5n1q8atc,38,2,x77cy643,19,512,3072,16.71542441387708
5n1q8atc,38,3,xgj4xftb,19,512,3072,16.845883032958636
5n1q8atc,38,4,kbdh4tri,3,0,1536,17.19501693202832
5n1q8atc,39,0,vc2whyaq,20,512,3584,18.706780621338652
5n1q8atc,39,1,x77cy643,35,1024,4608,19.023289313478543
5n1q8atc,39,2,hzumfsms,38,1024,6144,19.202764137119548
5n1q8atc,39,3,x7u69zsw,22,512,4608,19.60932549413791
5n1q8atc,39,4,mgxahqnk,8,0,4096,20.077030489207853
5n1q8atc,40,0,utfgcjfa,39,1536,0,17.736321948546248
5n1q8atc,40,1,cfe5vt7s,20,512,3584,18.43093365220256
5n1q8atc,40,2,pl8uabbv,27,1024,512,18.557067024518577
5n1q8atc,40,3,ufdvpb81,15,512,1024,18.696460258772674
5n1q8atc,40,4,kbdh4tri,43,1536,2048,19.21786165219142
5n1q8atc,41,0,cfe5vt7s,13,512,0,13.06432663687562
5n1q8atc,41,1,utfgcjfa,31,1024,2560,13.366166746308611
5n1q8atc,41,2,utfgcjfa,35,1024,4608,15.68924079319283
5n1q8atc,41,3,ufdvpb81,10,0,5120,15.772981660034837
5n1q8atc,41,4,x77cy643,16,512,1536,15.94658262171841
5n1q8atc,42,0,cfe5vt7s,13,512,0,18.438442273045478
5n1q8atc,42,1,mgxahqnk,6,0,3072,18.962617212176923
5n1q8atc,42,2,vc2whyaq,21,512,4096,19.060417566893612
5n1q8atc,42,3,utfgcjfa,31,1024,2560,19.215176573004687
5n1q8atc,42,4,kbdh4tri,19,512,3072,20.059474541399954
5n1q8atc,43,0,mgxahqnk,29,1024,1536,20.364033028124734
5n1q8atc,43,1,vc2whyaq,12,0,6144,22.17037906382628
5n1q8atc,43,2,x77cy643,4,0,2048,22.740075364816384
5n1q8atc,43,3,x77cy643,12,0,6144,22.953136256626127
5n1q8atc,43,4,71vgq3fw,44,1536,2560,23.15579776728424
5n1q8atc,44,0,xgj4xftb,19,512,3072,14.561796200032468
5n1q8atc,44,1,tuy3zymq,40,1536,512,16.399670939891124
5n1q8atc,44,2,xgj4xftb,35,1024,4608,16.868828596677915
5n1q8atc,44,3,kbdh4tri,3,0,1536,17.37645797507136
5n1q8atc,44,4,kbdh4tri,19,512,3072,18.782241000191657
5n1q8atc,45,0,ufdvpb81,25,512,6144,15.573644135519027
5n1q8atc,45,1,x7u69zsw,1,0,512,18.735216073147487
5n1q8atc,45,2,ptg8lmto,5,0,2560,19.206588283876105
5n1q8atc,45,3,tuy3zymq,50,1536,5632,19.347131141279807
5n1q8atc,45,4,mgxahqnk,0,0,0,20.392607383521035
5n1q8atc,46,0,utfgcjfa,49,1536,5120,20.514798189103296
5n1q8atc,46,1,utfgcjfa,31,1024,2560,20.687297171022934
5n1q8atc,46,2,xgj4xftb,7,0,3584,20.853238094584157
5n1q8atc,46,3,hawkfj64,12,0,6144,21.143759896970693
5n1q8atc,46,4,cfe5vt7s,13,512,0,21.23965349321984
5n1q8atc,47,0,x7u69zsw,43,1536,2048,17.014653688028236
5n1q8atc,47,1,0grcilhi,37,1024,5632,17.125154039211314
5n1q8atc,47,2,x77cy643,19,512,3072,17.899817856803566
5n1q8atc,47,3,vc2whyaq,12,0,6144,18.877980272641683
5n1q8atc,47,4,utfgcjfa,35,1024,4608,19.240995189476383
5n1q8atc,48,0,vc2whyaq,38,1024,6144,14.888019210128222
5n1q8atc,48,1,71vgq3fw,28,1024,1024,16.147929752217944
5n1q8atc,48,2,vc2whyaq,20,512,3584,16.56354811322571
5n1q8atc,48,3,tuy3zymq,29,1024,1536,17.289591743739933
5n1q8atc,48,4,utfgcjfa,48,1536,4608,17.384343014378953
5n1q8atc,49,0,vc2whyaq,12,0,6144,15.070963389583332
5n1q8atc,49,1,x7u69zsw,13,512,0,15.249749472740056
5n1q8atc,49,2,x77cy643,19,512,3072,16.078079519551853
5n1q8atc,49,3,0grcilhi,37,1024,5632,16.33370969071978
5n1q8atc,49,4,x7u69zsw,43,1536,2048,16.349105540116238
5n1q8atc,50,0,0grcilhi,37,1024,5632,14.99145934286634
5n1q8atc,50,1,x77cy643,19,512,3072,15.933684769088703
5n1q8atc,50,2,x7u69zsw,13,512,0,17.48762458537447
5n1q8atc,50,3,ptg8lmto,11,0,5632,17.792049993744264
5n1q8atc,50,4,cfe5vt7s,0,0,0,18.241566280790032
5n1q8atc,51,0,ptg8lmto,0,0,0,18.54341261179762
5n1q8atc,51,1,x7u69zsw,41,1536,1024,19.708111446326907
5n1q8atc,51,2,utfgcjfa,51,1536,6144,20.065605930281404
5n1q8atc,51,3,x7u69zsw,13,512,0,20.088990233223985
5n1q8atc,51,4,mgxahqnk,1,0,512,20.20342879486576
f1vzngrs,0,0,0grcilhi,32,1024,3072,23.712685198188325
f1vzngrs,0,1,vc2whyaq,5,0,2560,23.75245651331643
f1vzngrs,0,2,utfgcjfa,43,1536,2048,24.346043443031288
f1vzngrs,0,3,ptg8lmto,27,1024,512,26.34406549753688
f1vzngrs,0,4,ptg8lmto,13,512,0,26.614854472647018
f1vzngrs,1,0,71vgq3fw,43,1536,2048,15.641878297914726
f1vzngrs,1,1,x7u69zsw,41,1536,1024,16.048299427491774
f1vzngrs,1,2,x77cy643,19,512,3072,16.600823980562204
f1vzngrs,1,3,hzumfsms,45,1536,3072,16.728982550839522
f1vzngrs,1,4,utfgcjfa,2,0,1024,16.78096347157552
f1vzngrs,2,0,vc2whyaq,45,1536,3072,17.58463522352651
f1vzngrs,2,1,ptg8lmto,5,0,2560,18.876708390026515
f1vzngrs,2,2,hzumfsms,51,1536,6144,19.262392457824827
f1vzngrs,2,3,ptg8lmto,23,512,5120,20.212842636247508
f1vzngrs,2,4,x77cy643,4,0,2048,20.488416120249397
f1vzngrs,3,0,x77cy643,12,0,6144,15.92907037526328
f1vzngrs,3,1,ufdvpb81,10,0,5120,16.760026076625877
f1vzngrs,3,2,utfgcjfa,31,1024,2560,16.8951714270616
f1vzngrs,3,3,cfe5vt7s,42,1536,1536,16.921723703712534
f1vzngrs,3,4,xgj4xftb,7,0,3584,17.409231380423712
f1vzngrs,4,0,utfgcjfa,2,0,1024,13.847278769072775
f1vzngrs,4,1,hzumfsms,45,1536,3072,15.184564460471867
f1vzngrs,4,2,ptg8lmto,23,512,5120,16.325037026036487
f1vzngrs,4,3,cfe5vt7s,0,0,0,16.491178855713436
f1vzngrs,4,4,kbdh4tri,19,512,3072,16.606857021029587
f1vzngrs,5,0,utfgcjfa,2,0,1024,15.310162883875428
f1vzngrs,5,1,kbdh4tri,13,512,0,15.660806160623187
f1vzngrs,5,2,pl8uabbv,40,1536,512,15.66179782242806
f1vzngrs,5,3,hzumfsms,45,1536,3072,16.687520190111886
f1vzngrs,5,4,kbdh4tri,3,0,1536,16.912258402200102
f1vzngrs,6,0,utfgcjfa,43,1536,2048,17.88006870009419
f1vzngrs,6,1,tuy3zymq,50,1536,5632,18.97790965046502
f1vzngrs,6,2,ptg8lmto,27,1024,512,20.158029277371085
f1vzngrs,6,3,x7u69zsw,1,0,512,20.652857639050612
f1vzngrs,6,4,xgj4xftb,20,512,3584,21.905520384057866
f1vzngrs,7,0,utfgcjfa,2,0,1024,17.137917345913742
f1vzngrs,7,1,9luzk4jm,47,1536,4096,17.439285563406766
f1vzngrs,7,2,ptg8lmto,11,0,5632,19.033243311632422
f1vzngrs,7,3,utfgcjfa,43,1536,2048,19.39732874166717
f1vzngrs,7,4,hzumfsms,45,1536,3072,20.06086372206945
f1vzngrs,8,0,pl8uabbv,44,1536,2560,16.217038807036655
f1vzngrs,8,1,ufdvpb81,25,512,6144,16.795996822305444
f1vzngrs,8,2,kbdh4tri,13,512,0,17.148969782828107
f1vzngrs,8,3,vc2whyaq,23,512,5120,17.24239012173522
f1vzngrs,8,4,ptg8lmto,5,0,2560,17.666717589635965
f1vzngrs,9,0,pl8uabbv,44,1536,2560,16.261976833353494
f1vzngrs,9,1,utfgcjfa,2,0,1024,17.390219329902333
f1vzngrs,9,2,cfe5vt7s,0,0,0,17.413343582356106
f1vzngrs,9,3,hzumfsms,45,1536,3072,17.859671523443076
f1vzngrs,9,4,x77cy643,19,512,3072,17.860961477788187
f1vzngrs,10,0,ptg8lmto,5,0,2560,16.731787438408535
f1vzngrs,10,1,pl8uabbv,44,1536,2560,17.198448186396675
f1vzngrs,10,2,x7u69zsw,28,1024,1024,17.32950330834289
f1vzngrs,10,3,x77cy643,9,0,4608,17.42574885861205
f1vzngrs,10,4,cfe5vt7s,42,1536,1536,17.83827416324538
f1vzngrs,11,0,cfe5vt7s,42,1536,1536,19.802498643306993
f1vzngrs,11,1,ptg8lmto,5,0,2560,20.253686458492325
f1vzngrs,11,2,x77cy643,9,0,4608,21.083779817964924
f1vzngrs,11,3,vc2whyaq,0,0,0,21.90148862695754
f1vzngrs,11,4,pl8uabbv,40,1536,512,21.956271180529765
f1vzngrs,12,0,ufdvpb81,50,1536,5632,16.523523267981194
f1vzngrs,12,1,ptg8lmto,4,0,2048,16.723331953974412
f1vzngrs,12,2,vc2whyaq,38,1024,6144,16.802292560493598
f1vzngrs,12,3,ufdvpb81,23,512,5120,17.345660730058114
f1vzngrs,12,4,hzumfsms,42,1536,1536,17.54658766532794
f1vzngrs,13,0,xgj4xftb,13,512,0,18.527627531443436
f1vzngrs,13,1,hzumfsms,45,1536,3072,19.132343615415895
f1vzngrs,13,2,utfgcjfa,9,0,4608,19.32103872269907
f1vzngrs,13,3,pl8uabbv,46,1536,3584,19.39526847466509
f1vzngrs,13,4,hawkfj64,16,512,1536,19.482177601676483
f1vzngrs,14,0,pl8uabbv,40,1536,512,13.783521166840979
f1vzngrs,14,1,pl8uabbv,44,1536,2560,14.150483054494824
f1vzngrs,14,2,ptg8lmto,5,0,2560,17.630794275324945
f1vzngrs,14,3,hzumfsms,45,1536,3072,17.686258438051873
f1vzngrs,14,4,x7u69zsw,26,1024,0,17.726899922441337
f1vzngrs,15,0,utfgcjfa,15,512,1024,15.331512349422312
f1vzngrs,15,1,pl8uabbv,47,1536,4096,15.506394672684184
f1vzngrs,15,2,utfgcjfa,8,0,4096,15.609037873844375
f1vzngrs,15,3,pl8uabbv,33,1024,3584,15.990769655740525
f1vzngrs,15,4,pl8uabbv,29,1024,1536,16.119745529802902
f1vzngrs,16,0,utfgcjfa,43,1536,2048,17.572195408551508
f1vzngrs,16,1,pl8uabbv,44,1536,2560,18.424008241297216
f1vzngrs,16,2,ptg8lmto,5,0,2560,18.579627108097412
f1vzngrs,16,3,pl8uabbv,17,512,2048,20.312033589921533
f1vzngrs,16,4,vc2whyaq,24,512,5632,20.433634515754232
f1vzngrs,17,0,x7u69zsw,13,512,0,15.554522243292118
f1vzngrs,17,1,cfe5vt7s,23,512,5120,16.894229119385038
f1vzngrs,17,2,pl8uabbv,46,1536,3584,17.13120218176057
f1vzngrs,17,3,hzumfsms,45,1536,3072,17.262033269410196
f1vzngrs,17,4,x7u69zsw,41,1536,1024,17.29044379278837
f1vzngrs,18,0,kbdh4tri,3,0,1536,15.93607224378238
f1vzngrs,18,1,hzumfsms,45,1536,3072,16.664405390991508
f1vzngrs,18,2,utfgcjfa,9,0,4608,18.671283981570635
f1vzngrs,18,3,mgxahqnk,5,0,2560,18.95085590364847
f1vzngrs,18,4,ptg8lmto,23,512,5120,18.96573215839628
f1vzngrs,19,0,x7u69zsw,13,512,0,17.90043320194751
f1vzngrs,19,1,pl8uabbv,33,1024,3584,18.90946153627178
f1vzngrs,19,2,cfe5vt7s,14,512,512,19.117756835703307
f1vzngrs,19,3,71vgq3fw,12,0,6144,19.26616336270214
f1vzngrs,19,4,vc2whyaq,46,1536,3584,19.286277286109343
f1vzngrs,20,0,cfe5vt7s,50,1536,5632,17.590927750174124
f1vzngrs,20,1,kbdh4tri,3,0,1536,18.33202521392165
f1vzngrs,20,2,utfgcjfa,2,0,1024,18.936756660674405
f1vzngrs,20,3,ufdvpb81,25,512,6144,18.995640812983655
f1vzngrs,20,4,hzumfsms,45,1536,3072,19.153467627332233
f1vzngrs,21,0,71vgq3fw,43,1536,2048,15.717066428016388
f1vzngrs,21,1,ptg8lmto,29,1024,1536,16.100966986963858
f1vzngrs,21,2,pl8uabbv,23,512,5120,16.22269970356317
f1vzngrs,21,3,x77cy643,47,1536,4096,16.473686138985787
f1vzngrs,21,4,ufdvpb81,0,0,0,16.79944435675971
f1vzngrs,22,0,ufdvpb81,25,512,6144,14.088097973341883
f1vzngrs,22,1,xgj4xftb,13,512,0,16.9477295254435
f1vzngrs,22,2,kbdh4tri,13,512,0,17.434999656480677
f1vzngrs,22,3,hzumfsms,45,1536,3072,17.605034938569524
f1vzngrs,22,4,kbdh4tri,3,0,1536,17.734967911985432
f1vzngrs,23,0,pl8uabbv,17,512,2048,14.200299533250266
f1vzngrs,23,1,utfgcjfa,0,0,0,16.231128753701423
f1vzngrs,23,2,xgj4xftb,4,0,2048,16.279070727425218
f1vzngrs,23,3,x77cy643,12,0,6144,16.33659317357046
f1vzngrs,23,4,kbdh4tri,19,512,3072,16.477379013764406
f1vzngrs,24,0,utfgcjfa,2,0,1024,13.135211854662241
f1vzngrs,24,1,cfe5vt7s,23,512,5120,14.43790255728728
f1vzngrs,24,2,71vgq3fw,43,1536,2048,14.728496999243298
f1vzngrs,24,3,x77cy643,16,512,1536,14.963200578657466
f1vzngrs,24,4,cfe5vt7s,0,0,0,15.003339126383135
f1vzngrs,25,0,utfgcjfa,2,0,1024,17.1995852292945
f1vzngrs,25,1,utfgcjfa,43,1536,2048,20.267837007276125
f1vzngrs,25,2,x7u69zsw,1,0,512,20.350343113199308
f1vzngrs,25,3,hzumfsms,45,1536,3072,20.701981122145856
f1vzngrs,25,4,ufdvpb81,25,512,6144,20.858515245986293
f1vzngrs,26,0,utfgcjfa,2,0,1024,16.087974261863096
f1vzngrs,26,1,hzumfsms,45,1536,3072,16.312417687835772
f1vzngrs,26,2,pl8uabbv,35,1024,4608,16.77704137148652
f1vzngrs,26,3,utfgcjfa,43,1536,2048,17.756299600895204
f1vzngrs,26,4,ufdvpb81,25,512,6144,18.01634139433815
f1vzngrs,27,0,pl8uabbv,40,1536,512,17.308249374588446
f1vzngrs,27,1,kbdh4tri,19,512,3072,19.03733744121078
f1vzngrs,27,2,pl8uabbv,17,512,2048,19.284737154516126
f1vzngrs,27,3,ptg8lmto,11,0,5632,19.334098815890776
f1vzngrs,27,4,utfgcjfa,25,512,6144,19.557403595943207
f1vzngrs,28,0,hawkfj64,16,512,1536,17.72798651647564
f1vzngrs,28,1,x7u69zsw,1,0,512,18.429224030567035
f1vzngrs,28,2,x7u69zsw,13,512,0,18.882885986259755
f1vzngrs,28,3,hzumfsms,45,1536,3072,19.020287049486903
f1vzngrs,28,4,utfgcjfa,43,1536,2048,19.082608600272327
f1vzngrs,29,0,kbdh4tri,50,1536,5632,14.672240430749346
f1vzngrs,29,1,kbdh4tri,3,0,1536,15.286785878853568
f1vzngrs,29,2,ptg8lmto,11,0,5632,15.38956065710362
f1vzngrs,29,3,mgxahqnk,31,1024,2560,15.81989464900118
f1vzngrs,29,4,cfe5vt7s,2,0,1024,15.947222821564951
f1vzngrs,30,0,ptg8lmto,26,1024,0,17.43387444187815
f1vzngrs,30,1,vc2whyaq,43,1536,2048,17.753784594215706
f1vzngrs,30,2,pl8uabbv,40,1536,512,17.880326742417093
f1vzngrs,30,3,utfgcjfa,43,1536,2048,18.19599669615045
f1vzngrs,30,4,hzumfsms,45,1536,3072,18.305151644797228
f1vzngrs,31,0,pl8uabbv,44,1536,2560,16.253237766756943
f1vzngrs,31,1,utfgcjfa,9,0,4608,16.35807523606738
f1vzngrs,31,2,hawkfj64,16,512,1536,16.924301419446223
f1vzngrs,31,3,x77cy643,9,0,4608,18.68570929897621
f1vzngrs,31,4,x7u69zsw,28,1024,1024,18.775100234411745
f1vzngrs,32,0,71vgq3fw,43,1536,2048,13.430004138369982
f1vzngrs,32,1,9luzk4jm,7,0,3584,14.818210373224153
f1vzngrs,32,2,kbdh4tri,50,1536,5632,15.315457154496231
f1vzngrs,32,3,pl8uabbv,50,1536,5632,15.50885893169329
f1vzngrs,32,4,kbdh4tri,3,0,1536,15.54067247554578
f1vzngrs,33,0,cfe5vt7s,23,512,5120,17.281453055467484
f1vzngrs,33,1,0grcilhi,37,1024,5632,17.68741112894541
f1vzngrs,33,2,x7u69zsw,13,512,0,18.154466323962552
f1vzngrs,33,3,utfgcjfa,47,1536,4096,18.17147621019726
f1vzngrs,33,4,utfgcjfa,3,0,1536,19.217246635142384
f1vzngrs,34,0,utfgcjfa,2,0,1024,15.001654225707998
f1vzngrs,34,1,pl8uabbv,17,512,2048,16.444800033247642
f1vzngrs,34,2,pl8uabbv,35,1024,4608,17.32307719583411
f1vzngrs,34,3,vc2whyaq,24,512,5632,18.858676758997273
f1vzngrs,34,4,vc2whyaq,45,1536,3072,19.53315199013715
f1vzngrs,35,0,kbdh4tri,19,512,3072,17.239862257092632
f1vzngrs,35,1,ptg8lmto,23,512,5120,17.36143507558282
f1vzngrs,35,2,ptg8lmto,5,0,2560,18.229670804977786
f1vzngrs,35,3,vc2whyaq,23,512,5120,18.595686942357833
f1vzngrs,35,4,pl8uabbv,17,512,2048,18.599353927926135
f1vzngrs,36,0,x7u69zsw,13,512,0,13.594028808376592
f1vzngrs,36,1,ptg8lmto,11,0,5632,14.657117526306148
f1vzngrs,36,2,kbdh4tri,13,512,0,14.843919090710305
f1vzngrs,36,3,hzumfsms,45,1536,3072,14.951456545438097
f1vzngrs,36,4,utfgcjfa,2,0,1024,15.229569261507526
f1vzngrs,37,0,cfe5vt7s,23,512,5120,18.073252547749
f1vzngrs,37,1,cfe5vt7s,16,512,1536,19.350110560277653
f1vzngrs,37,2,vc2whyaq,12,0,6144,19.508644264955105
f1vzngrs,37,3,x77cy643,9,0,4608,20.14241554160909
f1vzngrs,37,4,x77cy643,47,1536,4096,20.430455284173345
f1vzngrs,38,0,x7u69zsw,16,512,1536,15.105288248963353
f1vzngrs,38,1,kbdh4tri,3,0,1536,15.310767073073018
f1vzngrs,38,2,x7u69zsw,13,512,0,15.81541733258792
f1vzngrs,38,3,ptg8lmto,23,512,5120,15.848350119229309
f1vzngrs,38,4,cfe5vt7s,42,1536,1536,15.889028599739625
f1vzngrs,39,0,utfgcjfa,2,0,1024,15.698643189148587
f1vzngrs,39,1,pl8uabbv,35,1024,4608,17.442659794763028
f1vzngrs,39,2,vc2whyaq,0,0,0,17.83943758958395
f1vzngrs,39,3,vc2whyaq,23,512,5120,18.026874644620925
f1vzngrs,39,4,x7u69zsw,41,1536,1024,18.18706846961545
f1vzngrs,40,0,kbdh4tri,13,512,0,14.7860106160899
f1vzngrs,40,1,ufdvpb81,25,512,6144,15.472009943938165
f1vzngrs,40,2,ptg8lmto,26,1024,0,16.164908067935972
f1vzngrs,40,3,x7u69zsw,26,1024,0,17.367538107891086
f1vzngrs,40,4,kbdh4tri,18,512,2560,18.03292806481908
f1vzngrs,41,0,pl8uabbv,17,512,2048,13.58666879298995
f1vzngrs,41,1,pl8uabbv,47,1536,4096,14.899719817512356
f1vzngrs,41,2,pl8uabbv,11,0,5632,15.981947885656218
f1vzngrs,41,3,cfe5vt7s,30,1024,2048,16.102917869633778
f1vzngrs,41,4,hzumfsms,13,512,0,16.246884441712773
f1vzngrs,42,0,kbdh4tri,50,1536,5632,13.957198739902037
f1vzngrs,42,1,71vgq3fw,39,1536,0,15.324867833587875
f1vzngrs,42,2,71vgq3fw,1,0,512,16.529697416159426
f1vzngrs,42,3,tuy3zymq,40,1536,512,17.75628776091132
f1vzngrs,42,4,cfe5vt7s,2,0,1024,18.091702670874437
f1vzngrs,43,0,x77cy643,47,1536,4096,17.58142187868043
f1vzngrs,43,1,xgj4xftb,8,0,4096,18.309492896592925
f1vzngrs,43,2,tuy3zymq,40,1536,512,18.35321990197881
f1vzngrs,43,3,71vgq3fw,5,0,2560,18.41144867001166
f1vzngrs,43,4,0grcilhi,3,0,1536,18.562788931068994
f1vzngrs,44,0,0grcilhi,13,512,0,13.397665585717256
f1vzngrs,44,1,kbdh4tri,3,0,1536,13.918521627620033
f1vzngrs,44,2,x77cy643,47,1536,4096,14.117814878732831
f1vzngrs,44,3,kbdh4tri,19,512,3072,14.227315594449124
f1vzngrs,44,4,ptg8lmto,23,512,5120,14.363025394435613
f1vzngrs,45,0,kbdh4tri,13,512,0,14.191452248855214
f1vzngrs,45,1,ufdvpb81,25,512,6144,15.565338883242484
f1vzngrs,45,2,tuy3zymq,50,1536,5632,15.694481399541202
f1vzngrs,45,3,hzumfsms,45,1536,3072,15.731505575922846
f1vzngrs,45,4,cfe5vt7s,40,1536,512,16.196038659365207
f1vzngrs,46,0,xgj4xftb,19,512,3072,13.3713403540993
f1vzngrs,46,1,ptg8lmto,23,512,5120,13.964567151915697
f1vzngrs,46,2,hawkfj64,1,0,512,15.286728903452815
f1vzngrs,46,3,pl8uabbv,40,1536,512,15.748420057908339
f1vzngrs,46,4,kbdh4tri,3,0,1536,15.872917743145697
f1vzngrs,47,0,utfgcjfa,31,1024,2560,15.222653870478737
f1vzngrs,47,1,cfe5vt7s,47,1536,4096,15.583655310114946
f1vzngrs,47,2,x77cy643,48,1536,4608,15.813096455430593
f1vzngrs,47,3,x77cy643,47,1536,4096,16.1990215921688
f1vzngrs,47,4,x77cy643,16,512,1536,16.981746722478174
f1vzngrs,48,0,mgxahqnk,13,512,0,16.81938216247014
f1vzngrs,48,1,kbdh4tri,31,1024,2560,17.468128628491975
f1vzngrs,48,2,tuy3zymq,45,1536,3072,18.028498919461885
f1vzngrs,48,3,x77cy643,42,1536,1536,18.553129039596122
f1vzngrs,48,4,vc2whyaq,26,1024,0,19.50418849577578
f1vzngrs,49,0,71vgq3fw,1,0,512,16.672752189310145
f1vzngrs,49,1,kbdh4tri,3,0,1536,17.189451026146116
f1vzngrs,49,2,xgj4xftb,35,1024,4608,17.29464042679132
f1vzngrs,49,3,pl8uabbv,40,1536,512,18.161694742603398
f1vzngrs,49,4,ptg8lmto,11,0,5632,18.30665776291222
f1vzngrs,50,0,ptg8lmto,5,0,2560,18.275092163085617
f1vzngrs,50,1,pl8uabbv,40,1536,512,19.027885739434293
f1vzngrs,50,2,vc2whyaq,24,512,5632,19.046183473102676
f1vzngrs,50,3,pl8uabbv,44,1536,2560,19.323796133558293
f1vzngrs,50,4,cfe5vt7s,42,1536,1536,19.579643779737285
f1vzngrs,51,0,ufdvpb81,25,512,6144,16.88213290984309
f1vzngrs,51,1,utfgcjfa,43,1536,2048,18.22235214275674
f1vzngrs,51,2,x7u69zsw,1,0,512,18.507490952366457
f1vzngrs,51,3,tuy3zymq,50,1536,5632,18.57387243923307
f1vzngrs,51,4,xgj4xftb,20,512,3584,18.57699274169331
ffwubibz,0,0,cfe5vt7s,2,0,1024,18.404111644153147
ffwubibz,0,1,mgxahqnk,31,1024,2560,18.53072469093091
ffwubibz,0,2,kbdh4tri,7,0,3584,18.87978863871686
ffwubibz,0,3,9luzk4jm,47,1536,4096,19.60218127483341
ffwubibz,0,4,pl8uabbv,46,1536,3584,19.767429591867703
ffwubibz,1,0,pl8uabbv,17,512,2048,16.05156102766888
ffwubibz,1,1,utfgcjfa,31,1024,2560,16.681297046995866
ffwubibz,1,2,kbdh4tri,19,512,3072,16.849228182887796
ffwubibz,1,3,cfe5vt7s,13,512,0,17.20392992106217
ffwubibz,1,4,kbdh4tri,27,1024,512,17.228434791049306
ffwubibz,2,0,71vgq3fw,25,512,6144,15.73923631490308
ffwubibz,2,1,vc2whyaq,41,1536,1024,16.624658950302408
ffwubibz,2,2,x77cy643,16,512,1536,16.78069509069071
ffwubibz,2,3,vc2whyaq,44,1536,2560,17.086149016436465
ffwubibz,2,4,utfgcjfa,19,512,3072,17.112603954231286
ffwubibz,3,0,ptg8lmto,33,1024,3584,16.20213661061943
ffwubibz,3,1,cfe5vt7s,2,0,1024,16.215890685780614
ffwubibz,3,2,x77cy643,47,1536,4096,17.335984730423696
ffwubibz,3,3,hzumfsms,35,1024,4608,17.486001123328744
ffwubibz,3,4,utfgcjfa,18,512,2560,17.530028762472387
ffwubibz,4,0,hzumfsms,50,1536,5632,17.070226879849724
ffwubibz,4,1,hzumfsms,35,1024,4608,18.479199362257937
ffwubibz,4,2,x77cy643,49,1536,5120,19.336608777047193
ffwubibz,4,3,ptg8lmto,2,0,1024,19.90695495594406
ffwubibz,4,4,0grcilhi,1,0,512,20.03633719681433
ffwubibz,5,0,cfe5vt7s,14,512,512,14.780086253653959
ffwubibz,5,1,ufdvpb81,14,512,512,15.516893363781476
ffwubibz,5,2,vc2whyaq,41,1536,1024,17.332444142249525
ffwubibz,5,3,pl8uabbv,22,512,4608,17.422536699428605
ffwubibz,5,4,9luzk4jm,47,1536,4096,17.686779551406172
ffwubibz,6,0,x7u69zsw,16,512,1536,15.595728329838545
ffwubibz,6,1,ufdvpb81,14,512,512,15.623521281253247
ffwubibz,6,2,cfe5vt7s,23,512,5120,15.851730558761929
ffwubibz,6,3,0grcilhi,37,1024,5632,16.074594348135083
ffwubibz,6,4,cfe5vt7s,14,512,512,16.216458342948343
ffwubibz,7,0,utfgcjfa,31,1024,2560,15.108628784341528
ffwubibz,7,1,vc2whyaq,32,1024,3072,15.21114112907761
ffwubibz,7,2,vc2whyaq,39,1536,0,15.529929434126037
ffwubibz,7,3,cfe5vt7s,13,512,0,16.009142253002313
ffwubibz,7,4,x77cy643,24,512,5632,16.05700095048988
ffwubibz,8,0,utfgcjfa,2,0,1024,16.71184067066693
ffwubibz,8,1,ptg8lmto,33,1024,3584,17.350619132441196
ffwubibz,8,2,ufdvpb81,0,0,0,18.294099550841757
ffwubibz,8,3,9luzk4jm,47,1536,4096,18.358206959055007
ffwubibz,8,4,pl8uabbv,47,1536,4096,18.567680515801246
ffwubibz,9,0,0grcilhi,11,0,5632,15.126283815989442
ffwubibz,9,1,hawkfj64,2,0,1024,15.905405192709996
ffwubibz,9,2,tuy3zymq,37,1024,5632,16.011229986191598
ffwubibz,9,3,pl8uabbv,27,1024,512,17.000952706782186
ffwubibz,9,4,kbdh4tri,32,1024,3072,17.04301920159108
ffwubibz,10,0,vc2whyaq,39,1536,0,18.26431233681093
ffwubibz,10,1,kbdh4tri,27,1024,512,18.604097046870343
ffwubibz,10,2,ptg8lmto,28,1024,1024,19.166852634769484
ffwubibz,10,3,hzumfsms,29,1024,1536,19.682774444119715
ffwubibz,10,4,kbdh4tri,38,1024,6144,19.827834532411572
ffwubibz,11,0,x77cy643,19,512,3072,14.230647604787432
ffwubibz,11,1,cfe5vt7s,42,1536,1536,14.810380572301291
ffwubibz,11,2,0grcilhi,37,1024,5632,15.235966524131683
ffwubibz,11,3,vc2whyaq,12,0,6144,15.87603880402426
ffwubibz,11,4,x77cy643,12,0,6144,16.01945498657526
ffwubibz,12,0,hzumfsms,7,0,3584,15.662859485193255
ffwubibz,12,1,0grcilhi,13,512,0,16.557798713936734
ffwubibz,12,2,utfgcjfa,2,0,1024,16.888479083105754
ffwubibz,12,3,x77cy643,16,512,1536,17.07462894283645
ffwubibz,12,4,x77cy643,47,1536,4096,17.257430224039165
ffwubibz,13,0,0grcilhi,13,512,0,13.531254048955692
ffwubibz,13,1,71vgq3fw,3,0,1536,16.589358985430476
ffwubibz,13,2,ptg8lmto,33,1024,3584,17.02583206448585
ffwubibz,13,3,hawkfj64,21,512,4096,17.161499387533652
ffwubibz,13,4,cfe5vt7s,2,0,1024,17.17410877974365
ffwubibz,14,0,x7u69zsw,13,512,0,17.710948623483382
ffwubibz,14,1,71vgq3fw,9,0,4608,17.913552948884064
ffwubibz,14,2,ptg8lmto,7,0,3584,18.666902655094738
ffwubibz,14,3,kbdh4tri,7,0,3584,18.74105974451418
ffwubibz,14,4,pl8uabbv,46,1536,3584,18.92761787794596
ffwubibz,15,0,9luzk4jm,35,1024,4608,13.682351441637307
ffwubibz,15,1,vc2whyaq,20,512,3584,17.584798518172978
ffwubibz,15,2,utfgcjfa,39,1536,0,17.635144537202763
ffwubibz,15,3,ufdvpb81,27,1024,512,18.053990003938974
ffwubibz,15,4,cfe5vt7s,13,512,0,18.533547951563847
ffwubibz,16,0,cfe5vt7s,16,512,1536,14.060496362190225
ffwubibz,16,1,ufdvpb81,15,512,1024,14.632218573702719
ffwubibz,16,2,ufdvpb81,32,1024,3072,15.163738650512384
ffwubibz,16,3,mgxahqnk,26,1024,0,15.418182942110368
ffwubibz,16,4,cfe5vt7s,41,1536,1024,15.506981313800337
ffwubibz,17,0,cfe5vt7s,22,512,4608,14.410670201430833
ffwubibz,17,1,ufdvpb81,32,1024,3072,14.898534842100377
ffwubibz,17,2,x77cy643,5,0,2560,14.995307497585408
ffwubibz,17,3,vc2whyaq,21,512,4096,15.385429624128752
ffwubibz,17,4,cfe5vt7s,1,0,512,15.820989299157027
ffwubibz,18,0,9luzk4jm,33,1024,3584,14.35052584087821
ffwubibz,18,1,x77cy643,24,512,5632,15.234929180124894
ffwubibz,18,2,vc2whyaq,32,1024,3072,15.422118488478631
ffwubibz,18,3,cfe5vt7s,37,1024,5632,15.605339810488644
ffwubibz,18,4,9luzk4jm,20,512,3584,15.614455314922967
ffwubibz,19,0,ptg8lmto,20,512,3584,14.039399287545223
ffwubibz,19,1,cfe5vt7s,1,0,512,14.247786786805273
ffwubibz,19,2,ptg8lmto,33,1024,3584,14.638582978495005
ffwubibz,19,3,hzumfsms,13,512,0,14.954517247669305
ffwubibz,19,4,x77cy643,47,1536,4096,15.143318276472954
ffwubibz,20,0,9luzk4jm,20,512,3584,16.34009463932194
ffwubibz,20,1,pl8uabbv,49,1536,5120,17.400361052529185
ffwubibz,20,2,utfgcjfa,15,512,1024,17.4762323449768
ffwubibz,20,3,ufdvpb81,15,512,1024,18.147286009971175
ffwubibz,20,4,hawkfj64,22,512,4608,18.16728860998539
ffwubibz,21,0,vc2whyaq,46,1536,3584,14.73934274791702
ffwubibz,21,1,pl8uabbv,22,512,4608,16.310893280625653
ffwubibz,21,2,cfe5vt7s,14,512,512,17.754715789813087
ffwubibz,21,3,ufdvpb81,36,1024,5120,17.826480051116818
ffwubibz,21,4,utfgcjfa,7,0,3584,17.92166517181167
ffwubibz,22,0,9luzk4jm,12,0,6144,14.835166296787012
ffwubibz,22,1,9luzk4jm,1,0,512,15.061642128320557
ffwubibz,22,2,x77cy643,35,1024,4608,15.229595172923448
ffwubibz,22,3,9luzk4jm,46,1536,3584,16.092563523230424
ffwubibz,22,4,cfe5vt7s,1,0,512,16.664836758860993
ffwubibz,23,0,pl8uabbv,30,1024,2048,17.93422431935034
ffwubibz,23,1,9luzk4jm,7,0,3584,20.24699415782888
ffwubibz,23,2,kbdh4tri,50,1536,5632,20.59013328638068
ffwubibz,23,3,cfe5vt7s,50,1536,5632,20.737224277458832
ffwubibz,23,4,hawkfj64,16,512,1536,20.77183914857527
ffwubibz,24,0,utfgcjfa,31,1024,2560,13.21052896055218
ffwubibz,24,1,ufdvpb81,23,512,5120,13.92066140540794
ffwubibz,24,2,utfgcjfa,15,512,1024,14.0088766733324
ffwubibz,24,3,utfgcjfa,1,0,512,14.81665287486872
ffwubibz,24,4,utfgcjfa,39,1536,0,15.349054817750078
ffwubibz,25,0,9luzk4jm,1,0,512,14.50179937616339
ffwubibz,25,1,71vgq3fw,44,1536,2560,15.152093351631951
ffwubibz,25,2,xgj4xftb,8,0,4096,15.420212892119313
ffwubibz,25,3,ufdvpb81,32,1024,3072,15.803914908812082
ffwubibz,25,4,kbdh4tri,19,512,3072,16.058310950845808
ffwubibz,26,0,cfe5vt7s,2,0,1024,15.504251378626243
ffwubibz,26,1,pl8uabbv,33,1024,3584,15.765549617134898
ffwubibz,26,2,9luzk4jm,47,1536,4096,16.141201189803937
ffwubibz,26,3,ptg8lmto,11,0,5632,17.1685062853491
ffwubibz,26,4,xgj4xftb,33,1024,3584,17.239894765522656
ffwubibz,27,0,ptg8lmto,33,1024,3584,16.25410646499376
ffwubibz,27,1,utfgcjfa,18,512,2560,16.62055448101054
ffwubibz,27,2,vc2whyaq,50,1536,5632,17.759492429981226
ffwubibz,27,3,cfe5vt7s,21,512,4096,18.02305695077533
ffwubibz,27,4,kbdh4tri,48,1536,4608,18.05966388489922
ffwubibz,28,0,vc2whyaq,47,1536,4096,19.622610919804714
ffwubibz,28,1,vc2whyaq,26,1024,0,19.991296368355993
ffwubibz,28,2,mgxahqnk,13,512,0,20.114109423680507
ffwubibz,28,3,vc2whyaq,20,512,3584,20.128559311872074
ffwubibz,28,4,pl8uabbv,39,1536,0,20.316842777693353
ffwubibz,29,0,mgxahqnk,13,512,0,18.327297028685457
ffwubibz,29,1,ufdvpb81,39,1536,0,18.707461142390528
ffwubibz,29,2,vc2whyaq,16,512,1536,19.002669606259307
ffwubibz,29,3,vc2whyaq,47,1536,4096,19.198260754870077
ffwubibz,29,4,vc2whyaq,40,1536,512,19.537381300300233
ffwubibz,30,0,cfe5vt7s,47,1536,4096,16.75714726366722
ffwubibz,30,1,utfgcjfa,15,512,1024,17.039528181175623
ffwubibz,30,2,vc2whyaq,47,1536,4096,17.703200268053813
ffwubibz,30,3,cfe5vt7s,22,512,4608,17.98713630621629
ffwubibz,30,4,utfgcjfa,29,1024,1536,18.409382133737154
ffwubibz,31,0,vc2whyaq,41,1536,1024,15.462537211475686
ffwubibz,31,1,x77cy643,47,1536,4096,16.567695604895736
ffwubibz,31,2,hzumfsms,35,1024,4608,17.380343757024026
ffwubibz,31,3,x7u69zsw,4,0,2048,17.50334188761422
ffwubibz,31,4,pl8uabbv,22,512,4608,17.58518648225778
ffwubibz,32,0,vc2whyaq,20,512,3584,15.165074366509634
ffwubibz,32,1,utfgcjfa,31,1024,2560,17.183744256924584
ffwubibz,32,2,cfe5vt7s,22,512,4608,18.125116823698697
ffwubibz,32,3,x77cy643,27,1024,512,18.331592384529085
ffwubibz,32,4,vc2whyaq,21,512,4096,18.471710717168218
ffwubibz,33,0,9luzk4jm,1,0,512,10.394835618797904
ffwubibz,33,1,9luzk4jm,20,512,3584,13.780226635311106
ffwubibz,33,2,mgxahqnk,36,1024,5120,14.64875374860952
ffwubibz,33,3,utfgcjfa,15,512,1024,14.903464077577647
ffwubibz,33,4,cfe5vt7s,47,1536,4096,15.079558072548242
ffwubibz,34,0,x77cy643,35,1024,4608,15.158807980107067
ffwubibz,34,1,mgxahqnk,8,0,4096,16.270797731688802
ffwubibz,34,2,ufdvpb81,15,512,1024,17.56361220522696
ffwubibz,34,3,hzumfsms,14,512,512,17.59025788064722
ffwubibz,34,4,x77cy643,9,0,4608,17.64605449511268
ffwubibz,35,0,x77cy643,12,0,6144,15.791624172536732
ffwubibz,35,1,pl8uabbv,17,512,2048,16.323286422041786
ffwubibz,35,2,kbdh4tri,19,512,3072,16.502588600376896
ffwubibz,35,3,cfe5vt7s,13,512,0,16.572540370821947
ffwubibz,35,4,cfe5vt7s,42,1536,1536,16.97013862039289
ffwubibz,36,0,ufdvpb81,32,1024,3072,13.997103017645099
ffwubibz,36,1,utfgcjfa,15,512,1024,16.00809603401752
ffwubibz,36,2,ufdvpb81,23,512,5120,16.694642259227038
ffwubibz,36,3,vc2whyaq,21,512,4096,16.977336756337618
ffwubibz,36,4,cfe5vt7s,22,512,4608,17.147117293452453
ffwubibz,37,0,ufdvpb81,27,1024,512,15.692692033693628
ffwubibz,37,1,vc2whyaq,20,512,3584,17.126895802306212
ffwubibz,37,2,ufdvpb81,15,512,1024,17.353513390773937
ffwubibz,37,3,vc2whyaq,38,1024,6144,17.63215935032991
ffwubibz,37,4,vc2whyaq,47,1536,4096,18.6893003489601
ffwubibz,38,0,vc2whyaq,39,1536,0,15.74397592510361
ffwubibz,38,1,vc2whyaq,21,512,4096,16.056334969261513
ffwubibz,38,2,x77cy643,19,512,3072,16.41411708247425
ffwubibz,38,3,utfgcjfa,31,1024,2560,16.73657394438266
ffwubibz,38,4,cfe5vt7s,30,1024,2048,16.99483958635869
ffwubibz,39,0,pl8uabbv,22,512,4608,10.961272042247012
ffwubibz,39,1,x77cy643,26,1024,0,15.54803658699088
ffwubibz,39,2,pl8uabbv,33,1024,3584,15.738538715616594
ffwubibz,39,3,71vgq3fw,21,512,4096,15.739294628248611
ffwubibz,39,4,cfe5vt7s,23,512,5120,15.836341846555728
ffwubibz,40,0,hzumfsms,16,512,1536,14.68927776809439
ffwubibz,40,1,hzumfsms,29,1024,1536,15.465668893997492
ffwubibz,40,2,mgxahqnk,16,512,1536,16.629018168697847
ffwubibz,40,3,pl8uabbv,23,512,5120,16.782596857867336
ffwubibz,40,4,utfgcjfa,18,512,2560,16.788617597047104
ffwubibz,41,0,pl8uabbv,11,0,5632,17.142768734132936
ffwubibz,41,1,x77cy643,43,1536,2048,18.212595375642472
ffwubibz,41,2,pl8uabbv,6,0,3072,18.418365288901924
ffwubibz,41,3,utfgcjfa,24,512,5632,18.547223679455474
ffwubibz,41,4,utfgcjfa,15,512,1024,18.87647670386596
ffwubibz,42,0,vc2whyaq,39,1536,0,17.20315939696453
ffwubibz,42,1,9luzk4jm,9,0,4608,17.549351041427286
ffwubibz,42,2,ufdvpb81,45,1536,3072,17.842202509223966
ffwubibz,42,3,x77cy643,24,512,5632,18.40825316523838
ffwubibz,42,4,hzumfsms,30,1024,2048,18.412835395327633
ffwubibz,43,0,cfe5vt7s,0,0,0,17.972450570216203
ffwubibz,43,1,9luzk4jm,27,1024,512,18.64434760885497
ffwubibz,43,2,vc2whyaq,43,1536,2048,18.657816889607442
ffwubibz,43,3,71vgq3fw,1,0,512,18.68105355396764
ffwubibz,43,4,kbdh4tri,51,1536,6144,18.880675740787684
ffwubibz,44,0,vc2whyaq,20,512,3584,15.113527162499635
ffwubibz,44,1,71vgq3fw,33,1024,3584,16.4367124394817
ffwubibz,44,2,pl8uabbv,25,512,6144,16.641092934232933
ffwubibz,44,3,ufdvpb81,15,512,1024,17.033911844724162
ffwubibz,44,4,0grcilhi,11,0,5632,17.14805707078997
ffwubibz,45,0,cfe5vt7s,47,1536,4096,12.190702796006741
ffwubibz,45,1,utfgcjfa,45,1536,3072,14.86122748740319
ffwubibz,45,2,mgxahqnk,8,0,4096,14.864431467284247
ffwubibz,45,3,pl8uabbv,6,0,3072,14.970847724468934
ffwubibz,45,4,utfgcjfa,29,1024,1536,15.530696538303015
ffwubibz,46,0,cfe5vt7s,47,1536,4096,14.510853693032391
ffwubibz,46,1,utfgcjfa,31,1024,2560,14.705002317957103
ffwubibz,46,2,9luzk4jm,1,0,512,15.855542520817732
ffwubibz,46,3,cfe5vt7s,37,1024,5632,16.030193373579916
ffwubibz,46,4,9luzk4jm,46,1536,3584,16.080410259021015
ffwubibz,47,0,vc2whyaq,47,1536,4096,18.743107419622987
ffwubibz,47,1,0grcilhi,9,0,4608,19.76915947212839
ffwubibz,47,2,vc2whyaq,20,512,3584,19.961578302785284
ffwubibz,47,3,pl8uabbv,51,1536,6144,20.875947854229885
ffwubibz,47,4,cfe5vt7s,13,512,0,20.89009569534246
ffwubibz,48,0,pl8uabbv,6,0,3072,15.969751073376642
ffwubibz,48,1,hawkfj64,1,0,512,16.741977136635878
ffwubibz,48,2,utfgcjfa,15,512,1024,17.40653189090252
ffwubibz,48,3,cfe5vt7s,47,1536,4096,17.502704907433294
ffwubibz,48,4,utfgcjfa,31,1024,2560,17.52144220595081
ffwubibz,49,0,9luzk4jm,47,1536,4096,17.858124626408188
ffwubibz,49,1,0grcilhi,37,1024,5632,18.13033381050281
ffwubibz,49,2,x7u69zsw,13,512,0,19.04157798854184
ffwubibz,49,3,cfe5vt7s,23,512,5120,19.595669440425524
ffwubibz,49,4,cfe5vt7s,16,512,1536,19.927320457947935
ffwubibz,50,0,utfgcjfa,49,1536,5120,17.441564287671067
ffwubibz,50,1,utfgcjfa,8,0,4096,17.546810667332984
ffwubibz,50,2,vc2whyaq,47,1536,4096,17.55756885556983
ffwubibz,50,3,ptg8lmto,25,512,6144,17.70865273734226
ffwubibz,50,4,hawkfj64,27,1024,512,17.72504421140241
ffwubibz,51,0,vc2whyaq,39,1536,0,15.13026231486625
ffwubibz,51,1,mgxahqnk,12,0,6144,16.71576366941078
ffwubibz,51,2,x77cy643,46,1536,3584,16.796783638004733
ffwubibz,51,3,9luzk4jm,20,512,3584,16.946557458551784
ffwubibz,51,4,vc2whyaq,16,512,1536,17.004131141394502
fzrt2k6r,0,0,ufdvpb81,20,512,3584,14.891606684429775
fzrt2k6r,0,1,71vgq3fw,21,512,4096,14.96155745477748
fzrt2k6r,0,2,cfe5vt7s,14,512,512,15.300699229969773
fzrt2k6r,0,3,xgj4xftb,34,1024,4096,15.861163323725233
fzrt2k6r,0,4,utfgcjfa,3,0,1536,16.250119673666813
fzrt2k6r,1,0,cfe5vt7s,2,0,1024,15.9487307398115
fzrt2k6r,1,1,hawkfj64,21,512,4096,16.422585164644577
fzrt2k6r,1,2,utfgcjfa,35,1024,4608,16.463709083338458
fzrt2k6r,1,3,71vgq3fw,30,1024,2048,16.49500392678535
fzrt2k6r,1,4,hawkfj64,22,512,4608,16.744626730277854
fzrt2k6r,2,0,xgj4xftb,22,512,4608,15.262890301295565
fzrt2k6r,2,1,x7u69zsw,49,1536,5120,16.332167581538734
fzrt2k6r,2,2,x77cy643,12,0,6144,17.869153105256544
fzrt2k6r,2,3,hzumfsms,14,512,512,18.096050241819324
fzrt2k6r,2,4,xgj4xftb,8,0,4096,18.158596965342056
fzrt2k6r,3,0,vc2whyaq,39,1536,0,13.768287933019119
fzrt2k6r,3,1,pl8uabbv,27,1024,512,15.366237249293262
fzrt2k6r,3,2,x77cy643,24,512,5632,15.463437570660126
fzrt2k6r,3,3,utfgcjfa,49,1536,5120,15.551592371587338
fzrt2k6r,3,4,hzumfsms,29,1024,1536,15.65145220781457
fzrt2k6r,4,0,vc2whyaq,47,1536,4096,13.972748460440627
fzrt2k6r,4,1,hawkfj64,12,0,6144,16.13955631912454
fzrt2k6r,4,2,vc2whyaq,40,1536,512,16.85734190059285
fzrt2k6r,4,3,utfgcjfa,31,1024,2560,16.922597435439872
fzrt2k6r,4,4,vc2whyaq,51,1536,6144,17.096927652585748
fzrt2k6r,5,0,x77cy643,48,1536,4608,14.913195199065743
fzrt2k6r,5,1,cfe5vt7s,14,512,512,16.354217380131313
fzrt2k6r,5,2,vc2whyaq,46,1536,3584,16.443741990547867
fzrt2k6r,5,3,x77cy643,47,1536,4096,16.69667946239841
fzrt2k6r,5,4,kbdh4tri,3,0,1536,17.151793081471524
fzrt2k6r,6,0,utfgcjfa,31,1024,2560,14.116137579236767
fzrt2k6r,6,1,x77cy643,48,1536,4608,14.762781445897682
fzrt2k6r,6,2,pl8uabbv,51,1536,6144,18.435952657146416
fzrt2k6r,6,3,cfe5vt7s,13,512,0,18.73726860352343
fzrt2k6r,6,4,x77cy643,16,512,1536,18.73878310209911
fzrt2k6r,7,0,mgxahqnk,26,1024,0,14.500434158166366
fzrt2k6r,7,1,utfgcjfa,35,1024,4608,14.7805316114999
fzrt2k6r,7,2,x77cy643,47,1536,4096,15.653338728995093
fzrt2k6r,7,3,hzumfsms,13,512,0,15.82838897360946
fzrt2k6r,7,4,x77cy643,19,512,3072,16.08501883259047
fzrt2k6r,8,0,0grcilhi,0,0,0,16.459391043862755
fzrt2k6r,8,1,kbdh4tri,25,512,6144,16.8134067244469
fzrt2k6r,8,2,cfe5vt7s,41,1536,1024,16.993290278639375
fzrt2k6r,8,3,pl8uabbv,27,1024,512,17.17264580820727
fzrt2k6r,8,4,vc2whyaq,39,1536,0,17.390077061026044
fzrt2k6r,9,0,cfe5vt7s,16,512,1536,16.56259619875895
fzrt2k6r,9,1,cfe5vt7s,23,512,5120,16.9372802413673
fzrt2k6r,9,2,pl8uabbv,47,1536,4096,17.11290923134384
fzrt2k6r,9,3,0grcilhi,13,512,0,17.539031014450718
fzrt2k6r,9,4,9luzk4jm,47,1536,4096,17.738503493694864
fzrt2k6r,10,0,mgxahqnk,31,1024,2560,17.019692654474294
fzrt2k6r,10,1,ptg8lmto,35,1024,4608,17.09830986415153
fzrt2k6r,10,2,hawkfj64,26,1024,0,17.40172641531592
fzrt2k6r,10,3,hzumfsms,45,1536,3072,18.123165933702396
fzrt2k6r,10,4,hawkfj64,16,512,1536,18.42326299417333
fzrt2k6r,11,0,utfgcjfa,17,512,2048,16.154044641675792
fzrt2k6r,11,1,ufdvpb81,50,1536,5632,17.028617772527472
fzrt2k6r,11,2,xgj4xftb,2,0,1024,17.18595630194107
fzrt2k6r,11,3,hzumfsms,14,512,512,17.204225045489174
fzrt2k6r,11,4,hawkfj64,36,1024,5120,18.28657400857412
fzrt2k6r,12,0,cfe5vt7s,16,512,1536,16.028844083901163
fzrt2k6r,12,1,pl8uabbv,47,1536,4096,16.568045939648734
fzrt2k6r,12,2,cfe5vt7s,22,512,4608,16.5991199235786
fzrt2k6r,12,3,pl8uabbv,17,512,2048,17.045830656186663
fzrt2k6r,12,4,pl8uabbv,16,512,1536,17.244169000394148
fzrt2k6r,13,0,x7u69zsw,13,512,0,15.15135578439768
fzrt2k6r,13,1,utfgcjfa,3,0,1536,16.081091642116757
fzrt2k6r,13,2,71vgq3fw,12,0,6144,16.456471385352277
fzrt2k6r,13,3,kbdh4tri,13,512,0,17.305178605262746
fzrt2k6r,13,4,kbdh4tri,51,1536,6144,17.309075806730526
fzrt2k6r,14,0,71vgq3fw,12,0,6144,14.377190345631547
fzrt2k6r,14,1,tuy3zymq,31,1024,2560,16.59025858959039
fzrt2k6r,14,2,kbdh4tri,26,1024,0,17.63394402062169
fzrt2k6r,14,3,utfgcjfa,3,0,1536,18.09758415534118
fzrt2k6r,14,4,cfe5vt7s,2,0,1024,18.333516513271444
fzrt2k6r,15,0,hzumfsms,51,1536,6144,15.53048535310618
fzrt2k6r,15,1,utfgcjfa,47,1536,4096,16.127844675565235
fzrt2k6r,15,2,tuy3zymq,23,512,5120,16.18402273078908
fzrt2k6r,15,3,71vgq3fw,44,1536,2560,16.31409056937496
fzrt2k6r,15,4,utfgcjfa,35,1024,4608,17.693824883576276
fzrt2k6r,16,0,utfgcjfa,1,0,512,16.445531917477037
fzrt2k6r,16,1,0grcilhi,18,512,2560,16.597641306656854
fzrt2k6r,16,2,utfgcjfa,35,1024,4608,17.455441755919967
fzrt2k6r,16,3,cfe5vt7s,45,1536,3072,17.790370387748492
fzrt2k6r,16,4,ufdvpb81,26,1024,0,17.896012664392725
fzrt2k6r,17,0,utfgcjfa,35,1024,4608,15.655241296332369
fzrt2k6r,17,1,x77cy643,16,512,1536,16.00756622374556
fzrt2k6r,17,2,utfgcjfa,31,1024,2560,16.306613847102692
fzrt2k6r,17,3,x77cy643,19,512,3072,16.709162453094645
fzrt2k6r,17,4,0grcilhi,18,512,2560,16.794069585218036
fzrt2k6r,18,0,mgxahqnk,13,512,0,17.281315550821216
fzrt2k6r,18,1,ufdvpb81,39,1536,0,18.974398899404445
fzrt2k6r,18,2,x77cy643,43,1536,2048,19.149243485973127
fzrt2k6r,18,3,cfe5vt7s,22,512,4608,19.538223583214567
fzrt2k6r,18,4,utfgcjfa,15,512,1024,19.564151797189044
fzrt2k6r,19,0,ufdvpb81,39,1536,0,16.816419009168946
fzrt2k6r,19,1,x77cy643,43,1536,2048,19.266828926961924
fzrt2k6r,19,2,mgxahqnk,13,512,0,20.13093174749846
fzrt2k6r,19,3,cfe5vt7s,22,512,4608,20.346412537730227
fzrt2k6r,19,4,hzumfsms,42,1536,1536,20.531732411195957
fzrt2k6r,20,0,x7u69zsw,17,512,2048,15.039476038626633
fzrt2k6r,20,1,vc2whyaq,38,1024,6144,15.286727745756128
fzrt2k6r,20,2,vc2whyaq,20,512,3584,16.08660244631842
fzrt2k6r,20,3,pl8uabbv,39,1536,0,16.57913452403806
fzrt2k6r,20,4,71vgq3fw,28,1024,1024,16.628264720374304
fzrt2k6r,21,0,ptg8lmto,33,1024,3584,13.547084894540268
fzrt2k6r,21,1,utfgcjfa,18,512,2560,14.421679294349067
fzrt2k6r,21,2,hawkfj64,6,0,3072,14.818444000848457
fzrt2k6r,21,3,x77cy643,16,512,1536,15.399719693704645
fzrt2k6r,21,4,0grcilhi,1,0,512,15.91141257601306
fzrt2k6r,22,0,0grcilhi,37,1024,5632,16.00527938072087
fzrt2k6r,22,1,x77cy643,16,512,1536,16.924203036168056
fzrt2k6r,22,2,vc2whyaq,23,512,5120,17.067151573395538
fzrt2k6r,22,3,x77cy643,19,512,3072,17.17625592245331
fzrt2k6r,22,4,vc2whyaq,21,512,4096,17.180108892015745
fzrt2k6r,23,0,cfe5vt7s,47,1536,4096,13.552786774957019
fzrt2k6r,23,1,vc2whyaq,28,1024,1024,14.070123000831792
fzrt2k6r,23,2,ufdvpb81,32,1024,3072,15.21557780397322
fzrt2k6r,23,3,cfe5vt7s,22,512,4608,15.277124899168971
fzrt2k6r,23,4,ufdvpb81,23,512,5120,15.319231843544811
fzrt2k6r,24,0,x77cy643,16,512,1536,14.249391789796832
fzrt2k6r,24,1,cfe5vt7s,22,512,4608,14.990877747858097
fzrt2k6r,24,2,vc2whyaq,21,512,4096,15.83305934000976
fzrt2k6r,24,3,cfe5vt7s,47,1536,4096,16.387894601299884
fzrt2k6r,24,4,pl8uabbv,16,512,1536,16.592167112312907
fzrt2k6r,25,0,vc2whyaq,21,512,4096,18.112790575928592
fzrt2k6r,25,1,mgxahqnk,3,0,1536,18.909905586826753
fzrt2k6r,25,2,pl8uabbv,29,1024,1536,18.91951825774969
fzrt2k6r,25,3,x77cy643,19,512,3072,19.053296701623655
fzrt2k6r,25,4,vc2whyaq,20,512,3584,19.082651750356412
fzrt2k6r,26,0,pl8uabbv,39,1536,0,16.21399643876478
fzrt2k6r,26,1,vc2whyaq,47,1536,4096,16.594649866353365
fzrt2k6r,26,2,x7u69zsw,17,512,2048,17.887873729381575
fzrt2k6r,26,3,utfgcjfa,39,1536,0,18.35447325794407
fzrt2k6r,26,4,vc2whyaq,20,512,3584,18.694086327788728
fzrt2k6r,27,0,mgxahqnk,13,512,0,20.09846365555635
fzrt2k6r,27,1,ufdvpb81,39,1536,0,20.76923917503794
fzrt2k6r,27,2,pl8uabbv,39,1536,0,21.410666716488908
fzrt2k6r,27,3,tuy3zymq,45,1536,3072,21.693056510232466
fzrt2k6r,27,4,vc2whyaq,20,512,3584,21.99944155983218
fzrt2k6r,28,0,vc2whyaq,39,1536,0,12.5595504400794
fzrt2k6r,28,1,x77cy643,46,1536,3584,14.69077887237008
fzrt2k6r,28,2,vc2whyaq,16,512,1536,14.799890601327288
fzrt2k6r,28,3,71vgq3fw,39,1536,0,15.325209228922288
fzrt2k6r,28,4,kbdh4tri,38,1024,6144,15.512047798000577
fzrt2k6r,29,0,tuy3zymq,22,512,4608,15.293944858694932
fzrt2k6r,29,1,9luzk4jm,43,1536,2048,15.369480721970593
fzrt2k6r,29,2,kbdh4tri,45,1536,3072,16.13933398398395
fzrt2k6r,29,3,utfgcjfa,29,1024,1536,17.4558238677124
fzrt2k6r,29,4,ufdvpb81,15,512,1024,17.51076533223372
fzrt2k6r,30,0,ufdvpb81,43,1536,2048,17.841210656437486
fzrt2k6r,30,1,71vgq3fw,11,0,5632,19.11351054815408
fzrt2k6r,30,2,x77cy643,19,512,3072,19.64074319340735
fzrt2k6r,30,3,x77cy643,9,0,4608,19.792125147770218
fzrt2k6r,30,4,9luzk4jm,42,1536,1536,19.887448013900908
fzrt2k6r,31,0,utfgcjfa,31,1024,2560,12.614097342090695
fzrt2k6r,31,1,pl8uabbv,51,1536,6144,15.665292022200694
fzrt2k6r,31,2,cfe5vt7s,47,1536,4096,16.168824394784227
fzrt2k6r,31,3,hzumfsms,5,0,2560,16.531924007359947
fzrt2k6r,31,4,vc2whyaq,39,1536,0,16.565708915102647
fzrt2k6r,32,0,pl8uabbv,17,512,2048,15.437224505400465
fzrt2k6r,32,1,ufdvpb81,43,1536,2048,17.80458646130139
fzrt2k6r,32,2,pl8uabbv,47,1536,4096,18.458516457163288
fzrt2k6r,32,3,x7u69zsw,41,1536,1024,18.72188605218551
fzrt2k6r,32,4,x77cy643,19,512,3072,19.89681443934613
fzrt2k6r,33,0,x77cy643,9,0,4608,16.47649099582503
fzrt2k6r,33,1,x7u69zsw,13,512,0,17.404427919042163
fzrt2k6r,33,2,utfgcjfa,0,0,0,17.53940393390536
fzrt2k6r,33,3,kbdh4tri,19,512,3072,18.02359049472787
fzrt2k6r,33,4,ufdvpb81,15,512,1024,18.031406859566584
fzrt2k6r,34,0,x77cy643,19,512,3072,13.77746768321732
fzrt2k6r,34,1,x77cy643,9,0,4608,15.646130885329958
fzrt2k6r,34,2,x7u69zsw,28,1024,1024,15.860699367586074
fzrt2k6r,34,3,hzumfsms,51,1536,6144,15.930745109554323
fzrt2k6r,34,4,vc2whyaq,12,0,6144,16.026250688037486
fzrt2k6r,35,0,ptg8lmto,21,512,4096,16.02247843309637
fzrt2k6r,35,1,9luzk4jm,20,512,3584,16.52680837977136
fzrt2k6r,35,2,utfgcjfa,17,512,2048,16.926898423196818
fzrt2k6r,35,3,vc2whyaq,40,1536,512,17.13109531979323
fzrt2k6r,35,4,kbdh4tri,31,1024,2560,17.517308007612037
fzrt2k6r,36,0,x77cy643,12,0,6144,14.951539401280503
fzrt2k6r,36,1,x7u69zsw,49,1536,5120,16.33802707284607
fzrt2k6r,36,2,vc2whyaq,26,1024,0,17.144546875988503
fzrt2k6r,36,3,vc2whyaq,38,1024,6144,17.518591608523092
fzrt2k6r,36,4,71vgq3fw,15,512,1024,17.738227845341655
fzrt2k6r,37,0,utfgcjfa,31,1024,2560,14.103884222780025
fzrt2k6r,37,1,x77cy643,19,512,3072,14.3676436837182
fzrt2k6r,37,2,vc2whyaq,39,1536,0,14.413129102796088
fzrt2k6r,37,3,0grcilhi,37,1024,5632,14.621282756198694
fzrt2k6r,37,4,cfe5vt7s,47,1536,4096,14.652669475105494
fzrt2k6r,38,0,cfe5vt7s,20,512,3584,16.7765827177689
fzrt2k6r,38,1,0grcilhi,20,512,3584,17.463168551845065
fzrt2k6r,38,2,vc2whyaq,47,1536,4096,17.512032659697375
fzrt2k6r,38,3,vc2whyaq,20,512,3584,17.86106546277835
fzrt2k6r,38,4,pl8uabbv,27,1024,512,18.278274937724714
fzrt2k6r,39,0,ptg8lmto,5,0,2560,16.63698196852254
fzrt2k6r,39,1,ufdvpb81,25,512,6144,18.604764708411857
fzrt2k6r,39,2,x7u69zsw,1,0,512,20.00706690185091
fzrt2k6r,39,3,cfe5vt7s,0,0,0,20.034935474420923
fzrt2k6r,39,4,cfe5vt7s,42,1536,1536,20.77079177373177
fzrt2k6r,40,0,71vgq3fw,13,512,0,19.97934729174543
fzrt2k6r,40,1,hawkfj64,28,1024,1024,20.294621304721304
fzrt2k6r,40,2,utfgcjfa,49,1536,5120,20.51387050916598
fzrt2k6r,40,3,ptg8lmto,28,1024,1024,20.52457469859841
fzrt2k6r,40,4,mgxahqnk,13,512,0,20.556068229590604
fzrt2k6r,41,0,mgxahqnk,0,0,0,15.926606110529578
fzrt2k6r,41,1,hzumfsms,51,1536,6144,17.259671570407708
fzrt2k6r,41,2,kbdh4tri,3,0,1536,17.44885979441204
fzrt2k6r,41,3,cfe5vt7s,23,512,5120,17.658670745464388
fzrt2k6r,41,4,71vgq3fw,21,512,4096,17.728804388714998
fzrt2k6r,42,0,mgxahqnk,26,1024,0,15.618686600357178
fzrt2k6r,42,1,ufdvpb81,15,512,1024,16.014741485168248
fzrt2k6r,42,2,mgxahqnk,38,1024,6144,16.099221388574176
fzrt2k6r,42,3,cfe5vt7s,16,512,1536,16.322546043081196
fzrt2k6r,42,4,vc2whyaq,12,0,6144,16.82442192454857
fzrt2k6r,43,0,cfe5vt7s,45,1536,3072,16.972527202717878
fzrt2k6r,43,1,pl8uabbv,6,0,3072,17.46589739829457
fzrt2k6r,43,2,cfe5vt7s,30,1024,2048,18.3988800659536
fzrt2k6r,43,3,71vgq3fw,28,1024,1024,18.413020151212617
fzrt2k6r,43,4,pl8uabbv,29,1024,1536,18.890982500268766
fzrt2k6r,44,0,utfgcjfa,24,512,5632,15.464573712153529
fzrt2k6r,44,1,utfgcjfa,15,512,1024,17.575000086411517
fzrt2k6r,44,2,pl8uabbv,6,0,3072,19.018487277279117
fzrt2k6r,44,3,pl8uabbv,51,1536,6144,19.09681111103381
fzrt2k6r,44,4,ufdvpb81,22,512,4608,19.743079465271254
fzrt2k6r,45,0,ptg8lmto,27,1024,512,18.82566340282867
fzrt2k6r,45,1,x7u69zsw,42,1536,1536,19.40865346437969
fzrt2k6r,45,2,mgxahqnk,18,512,2560,20.77055901744745
fzrt2k6r,45,3,utfgcjfa,43,1536,2048,21.32608129213652
fzrt2k6r,45,4,tuy3zymq,50,1536,5632,21.44981937178144
fzrt2k6r,46,0,pl8uabbv,46,1536,3584,14.583274322427625
fzrt2k6r,46,1,hawkfj64,0,0,0,15.22475027179973
fzrt2k6r,46,2,tuy3zymq,31,1024,2560,15.912001501203282
fzrt2k6r,46,3,9luzk4jm,47,1536,4096,16.282767798106452
fzrt2k6r,46,4,ptg8lmto,7,0,3584,16.341612252114867
fzrt2k6r,47,0,utfgcjfa,31,1024,2560,15.375884498626377
fzrt2k6r,47,1,vc2whyaq,39,1536,0,15.632608223102544
fzrt2k6r,47,2,x7u69zsw,7,0,3584,15.699965354060224
fzrt2k6r,47,3,mgxahqnk,37,1024,5632,15.791107810184718
fzrt2k6r,47,4,9luzk4jm,20,512,3584,15.895130393753941
fzrt2k6r,48,0,x7u69zsw,41,1536,1024,16.217889367464306
fzrt2k6r,48,1,x77cy643,19,512,3072,17.19024338668992
fzrt2k6r,48,2,utfgcjfa,9,0,4608,17.328282327627875
fzrt2k6r,48,3,kbdh4tri,50,1536,5632,17.333979158159984
fzrt2k6r,48,4,cfe5vt7s,16,512,1536,17.50608297382345
fzrt2k6r,49,0,utfgcjfa,17,512,2048,13.479408859901518
fzrt2k6r,49,1,9luzk4jm,20,512,3584,13.659532515006166
fzrt2k6r,49,2,cfe5vt7s,47,1536,4096,13.754468872600539
fzrt2k6r,49,3,hzumfsms,14,512,512,13.916861098975124
fzrt2k6r,49,4,vc2whyaq,2,0,1024,15.170431285481557
fzrt2k6r,50,0,mgxahqnk,37,1024,5632,21.40055604419056
fzrt2k6r,50,1,cfe5vt7s,43,1536,2048,21.425011878738616
fzrt2k6r,50,2,x7u69zsw,41,1536,1024,21.700141957502193
fzrt2k6r,50,3,cfe5vt7s,19,512,3072,21.87122658942422
fzrt2k6r,50,4,cfe5vt7s,30,1024,2048,21.982371038508397
fzrt2k6r,51,0,vc2whyaq,39,1536,0,16.627823600867767
fzrt2k6r,51,1,hawkfj64,36,1024,5120,16.982144897800083
fzrt2k6r,51,2,utfgcjfa,18,512,2560,18.60193821066171
fzrt2k6r,51,3,hawkfj64,12,0,6144,18.718622565724523
fzrt2k6r,51,4,utfgcjfa,49,1536,5120,18.78538964064881
iv6g2oq0,0,0,x77cy643,33,1024,3584,12.293753748945567
iv6g2oq0,0,1,cfe5vt7s,37,1024,5632,13.982855408594503
iv6g2oq0,0,2,hzumfsms,5,0,2560,14.004896891559074
iv6g2oq0,0,3,cfe5vt7s,47,1536,4096,16.567203239679436
iv6g2oq0,0,4,hzumfsms,24,512,5632,16.760067919130353
iv6g2oq0,1,0,kbdh4tri,27,1024,512,14.89957867632888
iv6g2oq0,1,1,ptg8lmto,33,1024,3584,16.17199474302973
iv6g2oq0,1,2,tuy3zymq,40,1536,512,16.55639289689491
iv6g2oq0,1,3,hawkfj64,6,0,3072,16.89073190964513
iv6g2oq0,1,4,hawkfj64,1,0,512,17.053127676683296
iv6g2oq0,2,0,cfe5vt7s,16,512,1536,15.23101526167746
iv6g2oq0,2,1,pl8uabbv,47,1536,4096,15.905201374087921
iv6g2oq0,2,2,pl8uabbv,16,512,1536,17.899788989451213
iv6g2oq0,2,3,utfgcjfa,15,512,1024,18.231301439960234
iv6g2oq0,2,4,pl8uabbv,17,512,2048,18.41978279683026
iv6g2oq0,3,0,hawkfj64,1,0,512,15.509228837212838
iv6g2oq0,3,1,cfe5vt7s,23,512,5120,16.005542597050542
iv6g2oq0,3,2,mgxahqnk,31,1024,2560,16.844869896702516
iv6g2oq0,3,3,pl8uabbv,46,1536,3584,17.014359670249316
iv6g2oq0,3,4,ufdvpb81,1,0,512,17.60860705026093
iv6g2oq0,4,0,x77cy643,19,512,3072,14.69906859833445
iv6g2oq0,4,1,cfe5vt7s,23,512,5120,15.126150147319708
iv6g2oq0,4,2,pl8uabbv,33,1024,3584,15.13652935841112
iv6g2oq0,4,3,vc2whyaq,45,1536,3072,15.188195334758298
iv6g2oq0,4,4,mgxahqnk,26,1024,0,15.511633218972422
iv6g2oq0,5,0,xgj4xftb,8,0,4096,18.120285108757994
iv6g2oq0,5,1,cfe5vt7s,34,1024,4096,18.12948263568901
iv6g2oq0,5,2,ptg8lmto,4,0,2048,18.7291030443779
iv6g2oq0,5,3,x77cy643,5,0,2560,19.043433790871763
iv6g2oq0,5,4,71vgq3fw,15,512,1024,19.084552639209658
iv6g2oq0,6,0,xgj4xftb,8,0,4096,14.406250192927766
iv6g2oq0,6,1,vc2whyaq,47,1536,4096,15.483509191390638
iv6g2oq0,6,2,x77cy643,35,1024,4608,15.906769335783574
iv6g2oq0,6,3,hzumfsms,13,512,0,16.57805044603804
iv6g2oq0,6,4,vc2whyaq,39,1536,0,16.596210349534847
iv6g2oq0,7,0,hzumfsms,14,512,512,12.822561114754357
iv6g2oq0,7,1,xgj4xftb,8,0,4096,14.81108268235278
iv6g2oq0,7,2,x77cy643,35,1024,4608,15.353436120119097
iv6g2oq0,7,3,71vgq3fw,42,1536,1536,15.668227971374773
iv6g2oq0,7,4,mgxahqnk,35,1024,4608,16.118173779318575
iv6g2oq0,8,0,utfgcjfa,31,1024,2560,14.060459881721881
iv6g2oq0,8,1,x77cy643,42,1536,1536,15.914040851170645
iv6g2oq0,8,2,ufdvpb81,10,0,5120,15.976110230759781
iv6g2oq0,8,3,x77cy643,16,512,1536,16.56776159367239
iv6g2oq0,8,4,pl8uabbv,33,1024,3584,16.578597782146687
iv6g2oq0,9,0,0grcilhi,0,0,0,16.231406138921862
iv6g2oq0,9,1,hawkfj64,25,512,6144,18.624786192793554
iv6g2oq0,9,2,cfe5vt7s,15,512,1024,19.127055046309053
iv6g2oq0,9,3,9luzk4jm,20,512,3584,19.212576665197975
iv6g2oq0,9,4,x77cy643,46,1536,3584,19.41248613594742
iv6g2oq0,10,0,9luzk4jm,20,512,3584,16.015948661385234
iv6g2oq0,10,1,cfe5vt7s,22,512,4608,16.05957304692335
iv6g2oq0,10,2,pl8uabbv,25,512,6144,16.362031151872948
iv6g2oq0,10,3,ufdvpb81,23,512,5120,16.486816142318492
iv6g2oq0,10,4,cfe5vt7s,47,1536,4096,17.07359432788075
iv6g2oq0,11,0,mgxahqnk,26,1024,0,14.428022879839638
iv6g2oq0,11,1,ufdvpb81,32,1024,3072,14.677373557800106
iv6g2oq0,11,2,mgxahqnk,36,1024,5120,15.885481291371619
iv6g2oq0,11,3,pl8uabbv,33,1024,3584,16.136751583006966
iv6g2oq0,11,4,vc2whyaq,12,0,6144,16.395522544511145
iv6g2oq0,12,0,vc2whyaq,39,1536,0,13.082891144319
iv6g2oq0,12,1,hawkfj64,36,1024,5120,13.946757565934416
iv6g2oq0,12,2,x77cy643,35,1024,4608,14.416232278838912
iv6g2oq0,12,3,0grcilhi,1,0,512,14.431552433566424
iv6g2oq0,12,4,9luzk4jm,46,1536,3584,15.153316983485873
iv6g2oq0,13,0,pl8uabbv,17,512,2048,12.24781270187008
iv6g2oq0,13,1,pl8uabbv,47,1536,4096,14.330780679376893
iv6g2oq0,13,2,cfe5vt7s,30,1024,2048,15.52204387435503
iv6g2oq0,13,3,pl8uabbv,16,512,1536,15.786848576445157
iv6g2oq0,13,4,cfe5vt7s,22,512,4608,15.990727993683851
iv6g2oq0,14,0,ptg8lmto,36,1024,5120,18.956758705666097
iv6g2oq0,14,1,utfgcjfa,38,1024,6144,19.54451590554502
iv6g2oq0,14,2,vc2whyaq,2,0,1024,19.634806555147676
iv6g2oq0,14,3,0grcilhi,17,512,2048,20.00664693710125
iv6g2oq0,14,4,x77cy643,21,512,4096,20.25713027985413
iv6g2oq0,15,0,9luzk4jm,20,512,3584,14.598148642075383
iv6g2oq0,15,1,x77cy643,10,0,5120,14.642633084596131
iv6g2oq0,15,2,hzumfsms,41,1536,1024,15.305270052171718
iv6g2oq0,15,3,hzumfsms,14,512,512,15.987532730768791
iv6g2oq0,15,4,pl8uabbv,12,0,6144,16.836773830020086
iv6g2oq0,16,0,cfe5vt7s,47,1536,4096,14.132023080990287
iv6g2oq0,16,1,utfgcjfa,29,1024,1536,14.342789270822804
iv6g2oq0,16,2,cfe5vt7s,30,1024,2048,14.554113859643955
iv6g2oq0,16,3,mgxahqnk,36,1024,5120,14.78830407809196
iv6g2oq0,16,4,9luzk4jm,29,1024,1536,15.063953150326032
iv6g2oq0,17,0,0grcilhi,9,0,4608,16.982366904265163
iv6g2oq0,17,1,ufdvpb81,10,0,5120,17.43480689794255
iv6g2oq0,17,2,vc2whyaq,12,0,6144,18.309793574192344
iv6g2oq0,17,3,cfe5vt7s,20,512,3584,18.724786776746143
iv6g2oq0,17,4,0grcilhi,20,512,3584,18.90750011685214
iv6g2oq0,18,0,utfgcjfa,31,1024,2560,13.935894261115829
iv6g2oq0,18,1,cfe5vt7s,13,512,0,14.508226755502694
iv6g2oq0,18,2,cfe5vt7s,22,512,4608,14.670191105168323
iv6g2oq0,18,3,x77cy643,27,1024,512,15.805703856123172
iv6g2oq0,18,4,utfgcjfa,39,1536,0,16.276078238768097
iv6g2oq0,19,0,pl8uabbv,29,1024,1536,19.60767103509386
iv6g2oq0,19,1,pl8uabbv,51,1536,6144,19.66228082866468
iv6g2oq0,19,2,pl8uabbv,47,1536,4096,20.39839021205073
iv6g2oq0,19,3,hawkfj64,27,1024,512,20.559191646913447
iv6g2oq0,19,4,utfgcjfa,49,1536,5120,20.7009478862092
iv6g2oq0,20,0,vc2whyaq,2,0,1024,14.45215038374155
iv6g2oq0,20,1,utfgcjfa,31,1024,2560,15.182161841922346
iv6g2oq0,20,2,hzumfsms,13,512,0,15.207991854970025
iv6g2oq0,20,3,cfe5vt7s,47,1536,4096,15.213613944839576
iv6g2oq0,20,4,utfgcjfa,39,1536,0,15.251179495943411
iv6g2oq0,21,0,x77cy643,19,512,3072,12.367410984187575
iv6g2oq0,21,1,utfgcjfa,31,1024,2560,13.054263154374127
iv6g2oq0,21,2,pl8uabbv,17,512,2048,13.096669020453062
iv6g2oq0,21,3,ufdvpb81,10,0,5120,15.203655080002587
iv6g2oq0,21,4,x77cy643,16,512,1536,15.386670943941736
iv6g2oq0,22,0,kbdh4tri,19,512,3072,15.471326124501832
iv6g2oq0,22,1,pl8uabbv,17,512,2048,15.848589022036979
iv6g2oq0,22,2,pl8uabbv,47,1536,4096,17.463453012014572
iv6g2oq0,22,3,cfe5vt7s,47,1536,4096,17.652551783508525
iv6g2oq0,22,4,utfgcjfa,0,0,0,17.705944597637224
iv6g2oq0,23,0,kbdh4tri,6,0,3072,15.437873627253254
iv6g2oq0,23,1,kbdh4tri,49,1536,5120,16.89344349957945
iv6g2oq0,23,2,hzumfsms,38,1024,6144,17.87052138490504
iv6g2oq0,23,3,9luzk4jm,20,512,3584,18.22195566725383
iv6g2oq0,23,4,cfe5vt7s,44,1536,2560,18.306621126418136
iv6g2oq0,24,0,x77cy643,9,0,4608,15.7484568033991
iv6g2oq0,24,1,vc2whyaq,23,512,5120,17.013308118259243
iv6g2oq0,24,2,mgxahqnk,31,1024,2560,17.111552748634704
iv6g2oq0,24,3,x7u69zsw,13,512,0,17.259405982488058
iv6g2oq0,24,4,x77cy643,19,512,3072,17.512916438149684
iv6g2oq0,25,0,vc2whyaq,20,512,3584,15.672413802010405
iv6g2oq0,25,1,vc2whyaq,47,1536,4096,15.896463004985247
iv6g2oq0,25,2,vc2whyaq,39,1536,0,17.739082274818415
iv6g2oq0,25,3,cfe5vt7s,44,1536,2560,17.878101908338706
iv6g2oq0,25,4,71vgq3fw,28,1024,1024,17.979109056978192
iv6g2oq0,26,0,cfe5vt7s,47,1536,4096,13.337533771216188
iv6g2oq0,26,1,utfgcjfa,31,1024,2560,14.222602524657013
iv6g2oq0,26,2,pl8uabbv,47,1536,4096,14.91242087365997
iv6g2oq0,26,3,pl8uabbv,29,1024,1536,14.919500296985033
iv6g2oq0,26,4,vc2whyaq,47,1536,4096,14.946737178785213
iv6g2oq0,27,0,ptg8lmto,27,1024,512,18.604332942336303
iv6g2oq0,27,1,vc2whyaq,5,0,2560,19.165489955469912
iv6g2oq0,27,2,71vgq3fw,1,0,512,19.992977187783012
iv6g2oq0,27,3,pl8uabbv,40,1536,512,20.371982129407183
iv6g2oq0,27,4,utfgcjfa,43,1536,2048,20.378568518114356
iv6g2oq0,28,0,vc2whyaq,43,1536,2048,14.153092549463356
iv6g2oq0,28,1,xgj4xftb,33,1024,3584,17.613670390389633
iv6g2oq0,28,2,9luzk4jm,27,1024,512,18.75087584614515
iv6g2oq0,28,3,ptg8lmto,26,1024,0,19.729966601537317
iv6g2oq0,28,4,cfe5vt7s,39,1536,0,19.907745234743377
iv6g2oq0,29,0,pl8uabbv,33,1024,3584,16.40022753907484
iv6g2oq0,29,1,x77cy643,47,1536,4096,18.778558148133882
iv6g2oq0,29,2,9luzk4jm,47,1536,4096,19.057229164292938
iv6g2oq0,29,3,hawkfj64,21,512,4096,19.194874713602616
iv6g2oq0,29,4,cfe5vt7s,23,512,5120,19.25441562008755
iv6g2oq0,30,0,pl8uabbv,17,512,2048,16.31269519195219
iv6g2oq0,30,1,pl8uabbv,47,1536,4096,16.665089055677498
iv6g2oq0,30,2,cfe5vt7s,16,512,1536,17.478965443645013
iv6g2oq0,30,3,x77cy643,9,0,4608,17.51191751013773
iv6g2oq0,30,4,pl8uabbv,29,1024,1536,18.30266860839212
iv6g2oq0,31,0,x77cy643,15,512,1024,15.849613234719412
iv6g2oq0,31,1,x77cy643,33,1024,3584,17.213123911985797
iv6g2oq0,31,2,utfgcjfa,27,1024,512,17.62339313305024
iv6g2oq0,31,3,vc2whyaq,28,1024,1024,17.677764332052135
iv6g2oq0,31,4,0grcilhi,26,1024,0,18.700935553436807
iv6g2oq0,32,0,0grcilhi,10,0,5120,14.611008538482075
iv6g2oq0,32,1,hawkfj64,22,512,4608,14.71677129051815
iv6g2oq0,32,2,ptg8lmto,33,1024,3584,16.13461207911015
iv6g2oq0,32,3,cfe5vt7s,16,512,1536,16.312993564477335
iv6g2oq0,32,4,pl8uabbv,42,1536,1536,16.707460122725326
iv6g2oq0,33,0,x77cy643,39,1536,0,17.88020303879262
iv6g2oq0,33,1,vc2whyaq,26,1024,0,18.223790799992557
iv6g2oq0,33,2,hzumfsms,14,512,512,18.45744301648491
iv6g2oq0,33,3,x77cy643,35,1024,4608,18.497380069349195
iv6g2oq0,33,4,mgxahqnk,13,512,0,18.739379564444583
iv6g2oq0,34,0,x77cy643,9,0,4608,15.803276508472806
iv6g2oq0,34,1,kbdh4tri,19,512,3072,16.62215673583053
iv6g2oq0,34,2,tuy3zymq,23,512,5120,17.12051232744932
iv6g2oq0,34,3,kbdh4tri,27,1024,512,17.3406389882933
iv6g2oq0,34,4,utfgcjfa,0,0,0,17.59739537737282
iv6g2oq0,35,0,x77cy643,47,1536,4096,15.104351179242467
iv6g2oq0,35,1,9luzk4jm,1,0,512,15.960089708043292
iv6g2oq0,35,2,utfgcjfa,15,512,1024,16.116844053703915
iv6g2oq0,35,3,kbdh4tri,19,512,3072,16.16124566141688
iv6g2oq0,35,4,71vgq3fw,44,1536,2560,16.46707657830936
iv6g2oq0,36,0,pl8uabbv,6,0,3072,18.27558301655481
iv6g2oq0,36,1,ufdvpb81,43,1536,2048,18.3185616556531
iv6g2oq0,36,2,utfgcjfa,24,512,5632,19.706945470127557
iv6g2oq0,36,3,x77cy643,21,512,4096,19.96010513518199
iv6g2oq0,36,4,pl8uabbv,17,512,2048,20.52736043355407
iv6g2oq0,37,0,ufdvpb81,15,512,1024,19.591614296970086
iv6g2oq0,37,1,ufdvpb81,27,1024,512,21.114706266022026
iv6g2oq0,37,2,vc2whyaq,28,1024,1024,21.396705634585516
iv6g2oq0,37,3,utfgcjfa,39,1536,0,21.401775389187712
iv6g2oq0,37,4,ufdvpb81,40,1536,512,21.699019586668165
iv6g2oq0,38,0,ufdvpb81,15,512,1024,18.763255810360395
iv6g2oq0,38,1,pl8uabbv,6,0,3072,21.69834042651424
iv6g2oq0,38,2,9luzk4jm,20,512,3584,22.316971284612563
iv6g2oq0,38,3,x77cy643,21,512,4096,22.36476291433874
iv6g2oq0,38,4,x7u69zsw,17,512,2048,22.54191715779768
uhdslk0o,0,0,mgxahqnk,29,1024,1536,18.274117157306144
uhdslk0o,0,1,pl8uabbv,27,1024,512,18.321815292528917
uhdslk0o,0,2,x7u69zsw,22,512,4608,18.571187251497943
uhdslk0o,0,3,utfgcjfa,49,1536,5120,19.806950034309242
uhdslk0o,0,4,tuy3zymq,40,1536,512,19.87219319718455
uhdslk0o,1,0,x77cy643,19,512,3072,14.501318288838013
uhdslk0o,1,1,utfgcjfa,2,0,1024,14.968897383728828
uhdslk0o,1,2,cfe5vt7s,0,0,0,15.57435691792598
uhdslk0o,1,3,pl8uabbv,17,512,2048,16.44338345378708
uhdslk0o,1,4,hzumfsms,45,1536,3072,16.566466633368936
uhdslk0o,2,0,9luzk4jm,27,1024,512,19.98555391790817
uhdslk0o,2,1,vc2whyaq,43,1536,2048,20.72643226644778
uhdslk0o,2,2,9luzk4jm,7,0,3584,21.033430891696913
uhdslk0o,2,3,tuy3zymq,8,0,4096,22.482406975227914
uhdslk0o,2,4,ufdvpb81,11,0,5632,22.69704861397888
uhdslk0o,3,0,mgxahqnk,32,1024,3072,19.841064614936588
uhdslk0o,3,1,cfe5vt7s,2,0,1024,19.92949552475897
uhdslk0o,3,2,ptg8lmto,7,0,3584,20.12987045924856
uhdslk0o,3,3,9luzk4jm,27,1024,512,20.505894145932007
uhdslk0o,3,4,9luzk4jm,7,0,3584,21.046151024369276
uhdslk0o,4,0,71vgq3fw,42,1536,1536,12.587814959654239
uhdslk0o,4,1,71vgq3fw,44,1536,2560,14.172170007023109
uhdslk0o,4,2,xgj4xftb,34,1024,4096,15.206005982655975
uhdslk0o,4,3,x77cy643,47,1536,4096,15.62876025332685
uhdslk0o,4,4,vc2whyaq,46,1536,3584,15.687305552119875
uhdslk0o,5,0,utfgcjfa,3,0,1536,15.822136189013332
uhdslk0o,5,1,hzumfsms,51,1536,6144,16.29304788209414
uhdslk0o,5,2,71vgq3fw,17,512,2048,16.800547344638726
uhdslk0o,5,3,kbdh4tri,3,0,1536,17.140028399751177
uhdslk0o,5,4,71vgq3fw,43,1536,2048,17.5440157860376
uhdslk0o,6,0,0grcilhi,37,1024,5632,17.494809689663647
uhdslk0o,6,1,9luzk4jm,47,1536,4096,17.861291730230437
uhdslk0o,6,2,0grcilhi,25,512,6144,18.579079245060253
uhdslk0o,6,3,ptg8lmto,7,0,3584,18.625979379824923
uhdslk0o,6,4,ufdvpb81,11,0,5632,18.72592207754066
uhdslk0o,7,0,vc2whyaq,39,1536,0,15.01492007881633
uhdslk0o,7,1,cfe5vt7s,13,512,0,15.02324114322543
uhdslk0o,7,2,utfgcjfa,31,1024,2560,15.406172112869603
uhdslk0o,7,3,tuy3zymq,40,1536,512,16.388703469115974
uhdslk0o,7,4,utfgcjfa,49,1536,5120,16.96244617043017
uhdslk0o,8,0,pl8uabbv,42,1536,1536,15.978747721874763
uhdslk0o,8,1,cfe5vt7s,1,0,512,16.346193628675405
uhdslk0o,8,2,utfgcjfa,31,1024,2560,16.391706614965223
uhdslk0o,8,3,vc2whyaq,21,512,4096,16.459779252452353
uhdslk0o,8,4,ufdvpb81,15,512,1024,16.658526656876578
uhdslk0o,9,0,x7u69zsw,49,1536,5120,16.436849158910757
uhdslk0o,9,1,vc2whyaq,26,1024,0,16.71383558846376
uhdslk0o,9,2,vc2whyaq,12,0,6144,17.155526669790262
uhdslk0o,9,3,x77cy643,9,0,4608,17.373659609686552
uhdslk0o,9,4,vc2whyaq,23,512,5120,18.20509609249127
uhdslk0o,10,0,utfgcjfa,31,1024,2560,13.46071881728045
uhdslk0o,10,1,ptg8lmto,33,1024,3584,14.129505710645219
uhdslk0o,10,2,cfe5vt7s,47,1536,4096,14.422463327206428
uhdslk0o,10,3,pl8uabbv,23,512,5120,14.727736181298285
uhdslk0o,10,4,utfgcjfa,45,1536,3072,15.27768788897401
uhdslk0o,11,0,pl8uabbv,29,1024,1536,14.404973886044036
uhdslk0o,11,1,utfgcjfa,39,1536,0,14.68764547528029
uhdslk0o,11,2,pl8uabbv,51,1536,6144,15.258149684544096
uhdslk0o,11,3,utfgcjfa,31,1024,2560,15.928928886810896
uhdslk0o,11,4,cfe5vt7s,45,1536,3072,16.64867757094537
uhdslk0o,12,0,kbdh4tri,40,1536,512,14.40889521085577
uhdslk0o,12,1,cfe5vt7s,23,512,5120,14.457729547481126
uhdslk0o,12,2,cfe5vt7s,14,512,512,15.516309554611928
uhdslk0o,12,3,hzumfsms,14,512,512,15.794680079883046
uhdslk0o,12,4,mgxahqnk,35,1024,4608,15.817547840447094
uhdslk0o,13,0,cfe5vt7s,42,1536,1536,13.96614580936488
uhdslk0o,13,1,ptg8lmto,23,512,5120,14.441804593445642
uhdslk0o,13,2,kbdh4tri,40,1536,512,14.82452749190868
uhdslk0o,13,3,vc2whyaq,45,1536,3072,14.862554371948606
uhdslk0o,13,4,tuy3zymq,41,1536,1024,15.061436720962769
uhdslk0o,14,0,cfe5vt7s,47,1536,4096,16.416453384623807
uhdslk0o,14,1,hzumfsms,42,1536,1536,16.69605745116334
uhdslk0o,14,2,hawkfj64,20,512,3584,16.772030974956184
uhdslk0o,14,3,hawkfj64,7,0,3584,17.090923290960088
uhdslk0o,14,4,hawkfj64,23,512,5120,17.302618028568627
uhdslk0o,15,0,pl8uabbv,42,1536,1536,19.345097559905057
uhdslk0o,15,1,0grcilhi,13,512,0,19.825735657767577
uhdslk0o,15,2,cfe5vt7s,15,512,1024,20.009346570378344
uhdslk0o,15,3,hzumfsms,7,0,3584,20.348798316841044
uhdslk0o,15,4,0grcilhi,10,0,5120,20.541263944488367
uhdslk0o,16,0,pl8uabbv,42,1536,1536,20.912853017777433
uhdslk0o,16,1,71vgq3fw,30,1024,2048,22.678454198327305
uhdslk0o,16,2,tuy3zymq,31,1024,2560,22.846786728497545
uhdslk0o,16,3,ptg8lmto,18,512,2560,23.16133398755045
uhdslk0o,16,4,hawkfj64,22,512,4608,23.780202085652565
uhdslk0o,17,0,71vgq3fw,3,0,1536,18.673189368199953
uhdslk0o,17,1,pl8uabbv,43,1536,2048,18.818579225235283
uhdslk0o,17,2,hzumfsms,29,1024,1536,19.703948331043513
uhdslk0o,17,3,ptg8lmto,36,1024,5120,19.921632147599432
uhdslk0o,17,4,vc2whyaq,50,1536,5632,20.085887279336582
uhdslk0o,18,0,x7u69zsw,22,512,4608,15.36510356713576
uhdslk0o,18,1,utfgcjfa,49,1536,5120,16.323395067108887
uhdslk0o,18,2,hawkfj64,36,1024,5120,16.34441244358974
uhdslk0o,18,3,ptg8lmto,3,0,1536,16.406115499234787
uhdslk0o,18,4,utfgcjfa,31,1024,2560,16.408948931031087
uhdslk0o,19,0,utfgcjfa,31,1024,2560,16.04660891850203
uhdslk0o,19,1,0grcilhi,20,512,3584,17.79550305205846
uhdslk0o,19,2,utfgcjfa,39,1536,0,17.824070022160914
uhdslk0o,19,3,x77cy643,27,1024,512,17.936702823689245
uhdslk0o,19,4,hzumfsms,5,0,2560,18.16962490656968
uhdslk0o,20,0,utfgcjfa,31,1024,2560,12.548621734807165
uhdslk0o,20,1,utfgcjfa,39,1536,0,15.507548841542771
uhdslk0o,20,2,vc2whyaq,21,512,4096,16.109223335342936
uhdslk0o,20,3,cfe5vt7s,47,1536,4096,16.95460867432083
uhdslk0o,20,4,pl8uabbv,51,1536,6144,17.32205113424761
uhdslk0o,21,0,kbdh4tri,3,0,1536,15.709259778214149
uhdslk0o,21,1,xgj4xftb,19,512,3072,16.69998343906528
uhdslk0o,21,2,cfe5vt7s,50,1536,5632,16.82578469576055
uhdslk0o,21,3,pl8uabbv,40,1536,512,18.67423844964509
uhdslk0o,21,4,tuy3zymq,8,0,4096,18.732390440382645
uhdslk0o,22,0,mgxahqnk,26,1024,0,16.21708808622543
uhdslk0o,22,1,0grcilhi,37,1024,5632,17.318991728165656
uhdslk0o,22,2,x77cy643,19,512,3072,17.519428155246292
uhdslk0o,22,3,x77cy643,9,0,4608,17.626979754957464
uhdslk0o,22,4,0grcilhi,14,512,512,17.722399469343106
uhdslk0o,23,0,71vgq3fw,3,0,1536,16.33553818272511
uhdslk0o,23,1,pl8uabbv,43,1536,2048,16.388192964216334
uhdslk0o,23,2,vc2whyaq,21,512,4096,17.58162568009566
uhdslk0o,23,3,xgj4xftb,22,512,4608,17.669459378751018
uhdslk0o,23,4,vc2whyaq,39,1536,0,18.15358268857535
uhdslk0o,24,0,ufdvpb81,15,512,1024,15.52372829169869
uhdslk0o,24,1,vc2whyaq,12,0,6144,16.39414294090656
uhdslk0o,24,2,cfe5vt7s,16,512,1536,16.43187873780835
uhdslk0o,24,3,utfgcjfa,39,1536,0,16.767838880072546
uhdslk0o,24,4,pl8uabbv,27,1024,512,16.771077987209342
uhdslk0o,25,0,x7u69zsw,49,1536,5120,16.09967787035099
uhdslk0o,25,1,vc2whyaq,26,1024,0,18.49121174423507
uhdslk0o,25,2,71vgq3fw,15,512,1024,18.97955331285336
uhdslk0o,25,3,vc2whyaq,24,512,5632,19.21004483511398
uhdslk0o,25,4,cfe5vt7s,22,512,4608,19.5548897933929
uhdslk0o,26,0,x77cy643,35,1024,4608,14.935937548394012
uhdslk0o,26,1,x77cy643,5,0,2560,15.982816759944908
uhdslk0o,26,2,xgj4xftb,8,0,4096,16.02413922783339
uhdslk0o,26,3,9luzk4jm,20,512,3584,16.02744371947729
uhdslk0o,26,4,ufdvpb81,15,512,1024,16.56742738251602
uhdslk0o,27,0,vc2whyaq,38,1024,6144,15.497619340610726
uhdslk0o,27,1,pl8uabbv,27,1024,512,17.350504751533574
uhdslk0o,27,2,xgj4xftb,26,1024,0,17.912902488560864
uhdslk0o,27,3,0grcilhi,0,0,0,17.926247519772023
uhdslk0o,27,4,hzumfsms,38,1024,6144,18.252338723981712
uhdslk0o,28,0,71vgq3fw,3,0,1536,16.0837370921205
uhdslk0o,28,1,71vgq3fw,9,0,4608,16.172855460865833
uhdslk0o,28,2,x7u69zsw,13,512,0,16.867011804370115
uhdslk0o,28,3,vc2whyaq,12,0,6144,17.022989956636888
uhdslk0o,28,4,hzumfsms,28,1024,1024,17.89374468557844
uhdslk0o,29,0,cfe5vt7s,16,512,1536,15.55633505469578
uhdslk0o,29,1,pl8uabbv,47,1536,4096,16.807650994601847
uhdslk0o,29,2,pl8uabbv,42,1536,1536,18.57787669674672
uhdslk0o,29,3,hawkfj64,22,512,4608,18.97592325148823
uhdslk0o,29,4,71vgq3fw,30,1024,2048,19.001821542342807
uhdslk0o,30,0,mgxahqnk,23,512,5120,19.846646039005236
uhdslk0o,30,1,9luzk4jm,43,1536,2048,19.93072769373767
uhdslk0o,30,2,71vgq3fw,11,0,5632,20.104384852112346
uhdslk0o,30,3,kbdh4tri,45,1536,3072,20.373835008166772
uhdslk0o,30,4,9luzk4jm,20,512,3584,20.64497573733427
uhdslk0o,31,0,x77cy643,48,1536,4608,12.769616655664441
uhdslk0o,31,1,utfgcjfa,31,1024,2560,13.218005674824612
uhdslk0o,31,2,x77cy643,16,512,1536,14.736168728152855
uhdslk0o,31,3,vc2whyaq,21,512,4096,15.173109323672032
uhdslk0o,31,4,cfe5vt7s,13,512,0,15.94575474447956
uhdslk0o,32,0,71vgq3fw,17,512,2048,16.063688008020257
uhdslk0o,32,1,tuy3zymq,16,512,1536,16.209804081332322
uhdslk0o,32,2,x77cy643,47,1536,4096,16.47397656392616
uhdslk0o,32,3,hawkfj64,22,512,4608,16.80141531905278
uhdslk0o,32,4,0grcilhi,13,512,0,16.986990611735237
uhdslk0o,33,0,vc2whyaq,21,512,4096,16.405867963223155
uhdslk0o,33,1,cfe5vt7s,1,0,512,17.99372723913817
uhdslk0o,33,2,pl8uabbv,33,1024,3584,18.217677043976053
uhdslk0o,33,3,pl8uabbv,49,1536,5120,18.31436518469989
uhdslk0o,33,4,utfgcjfa,31,1024,2560,18.424766299836794
uhdslk0o,34,0,x77cy643,5,0,2560,15.755370568800702
uhdslk0o,34,1,cfe5vt7s,1,0,512,16.510397909841213
uhdslk0o,34,2,utfgcjfa,20,512,3584,16.95927019838713
uhdslk0o,34,3,pl8uabbv,16,512,1536,17.056148404212415
uhdslk0o,34,4,vc2whyaq,21,512,4096,17.136365050624477
uhdslk0o,35,0,71vgq3fw,22,512,4608,17.244981497530844
uhdslk0o,35,1,pl8uabbv,33,1024,3584,17.367053131355178
uhdslk0o,35,2,cfe5vt7s,2,0,1024,17.556696827605684
uhdslk0o,35,3,x7u69zsw,43,1536,2048,17.665798628988295
uhdslk0o,35,4,x7u69zsw,13,512,0,18.064450708095652
uhdslk0o,36,0,vc2whyaq,23,512,5120,13.462989885405733
uhdslk0o,36,1,kbdh4tri,19,512,3072,13.992276483326512
uhdslk0o,36,2,utfgcjfa,31,1024,2560,14.7843842745082
uhdslk0o,36,3,x7u69zsw,16,512,1536,14.883028028094452
uhdslk0o,36,4,cfe5vt7s,42,1536,1536,15.03842450485479
uhdslk0o,37,0,71vgq3fw,30,1024,2048,19.889427228863724
uhdslk0o,37,1,utfgcjfa,35,1024,4608,19.988566409377597
uhdslk0o,37,2,vc2whyaq,21,512,4096,20.822883854922182
uhdslk0o,37,3,utfgcjfa,49,1536,5120,21.579476878705936
uhdslk0o,37,4,kbdh4tri,32,1024,3072,21.727607330077447
uhdslk0o,38,0,pl8uabbv,40,1536,512,18.097328456007467
uhdslk0o,38,1,kbdh4tri,18,512,2560,18.713690215328878
uhdslk0o,38,2,71vgq3fw,1,0,512,20.171260188257506
uhdslk0o,38,3,kbdh4tri,3,0,1536,20.233046175729587
uhdslk0o,38,4,cfe5vt7s,50,1536,5632,20.315098833664596
3806gxp0,0,0,pl8uabbv,47,1536,4096,13.573414466452887
3806gxp0,0,1,kbdh4tri,19,512,3072,15.107377563209942
3806gxp0,0,2,x77cy643,42,1536,1536,15.782163102389502
3806gxp0,0,3,xgj4xftb,7,0,3584,16.10974008530851
3806gxp0,0,4,utfgcjfa,31,1024,2560,16.123880290568785
3806gxp0,1,0,cfe5vt7s,30,1024,2048,14.875202792239213
3806gxp0,1,1,utfgcjfa,15,512,1024,15.043326791477426
3806gxp0,1,2,cfe5vt7s,16,512,1536,15.332972872987108
3806gxp0,1,3,utfgcjfa,31,1024,2560,15.477180667769243
3806gxp0,1,4,pl8uabbv,29,1024,1536,15.62930342786575
3806gxp0,2,0,vc2whyaq,23,512,5120,14.125846550753563
3806gxp0,2,1,pl8uabbv,35,1024,4608,14.881325077240469
3806gxp0,2,2,vc2whyaq,24,512,5632,16.029476194877347
3806gxp0,2,3,pl8uabbv,17,512,2048,18.425901396567532
3806gxp0,2,4,utfgcjfa,2,0,1024,18.51669815206499
3806gxp0,3,0,hawkfj64,35,1024,4608,15.659872420196702
3806gxp0,3,1,vc2whyaq,44,1536,2560,16.813026092626703
3806gxp0,3,2,9luzk4jm,9,0,4608,17.094115097916628
3806gxp0,3,3,vc2whyaq,6,0,3072,17.341922702572496
3806gxp0,3,4,xgj4xftb,38,1024,6144,17.84429239836231
3806gxp0,4,0,kbdh4tri,27,1024,512,15.221793491798085
3806gxp0,4,1,vc2whyaq,39,1536,0,16.093816412048426
3806gxp0,4,2,pl8uabbv,43,1536,2048,17.134678416701885
3806gxp0,4,3,mgxahqnk,16,512,1536,17.401750095090364
3806gxp0,4,4,kbdh4tri,38,1024,6144,17.637449102979296
3806gxp0,5,0,vc2whyaq,46,1536,3584,11.297873280086117
3806gxp0,5,1,x7u69zsw,16,512,1536,15.268890706326244
3806gxp0,5,2,71vgq3fw,42,1536,1536,15.644741290224404
3806gxp0,5,3,71vgq3fw,44,1536,2560,15.68668913323654
3806gxp0,5,4,utfgcjfa,47,1536,4096,16.02986868538992
3806gxp0,6,0,x77cy643,24,512,5632,15.317034519451177
3806gxp0,6,1,0grcilhi,0,0,0,16.28568145601346
3806gxp0,6,2,tuy3zymq,22,512,4608,16.707291323079005
3806gxp0,6,3,utfgcjfa,17,512,2048,16.76042515459459
3806gxp0,6,4,vc2whyaq,19,512,3072,16.91368847796195
3806gxp0,7,0,utfgcjfa,17,512,2048,15.672873266173651
3806gxp0,7,1,pl8uabbv,43,1536,2048,16.813652889681915
3806gxp0,7,2,pl8uabbv,28,1024,1024,16.844919543821035
3806gxp0,7,3,cfe5vt7s,47,1536,4096,16.91355121061838
3806gxp0,7,4,vc2whyaq,2,0,1024,17.287995362232817
3806gxp0,8,0,utfgcjfa,17,512,2048,14.879721331645968
3806gxp0,8,1,xgj4xftb,2,0,1024,16.996342525244867
3806gxp0,8,2,hzumfsms,14,512,512,17.4747333592948
3806gxp0,8,3,x7u69zsw,5,0,2560,17.773713767623132
3806gxp0,8,4,x77cy643,50,1536,5632,17.915362247618006
3806gxp0,9,0,utfgcjfa,49,1536,5120,16.63473900334717
3806gxp0,9,1,71vgq3fw,3,0,1536,17.76709464259061
3806gxp0,9,2,vc2whyaq,21,512,4096,17.76946472875537
3806gxp0,9,3,x7u69zsw,37,1024,5632,18.13599880969221
3806gxp0,9,4,mgxahqnk,3,0,1536,18.442419343174407
3806gxp0,10,0,vc2whyaq,32,1024,3072,14.48576253043808
3806gxp0,10,1,tuy3zymq,11,0,5632,14.885053005758314
3806gxp0,10,2,x77cy643,5,0,2560,15.349647017375831
3806gxp0,10,3,x77cy643,14,512,512,15.356510320548173
3806gxp0,10,4,0grcilhi,0,0,0,15.642758837487877
3806gxp0,11,0,0grcilhi,37,1024,5632,16.999871019920864
3806gxp0,11,1,x77cy643,19,512,3072,18.48845587498332
3806gxp0,11,2,9luzk4jm,10,0,5120,18.58033745151005
3806gxp0,11,3,hzumfsms,7,0,3584,18.80774255922583
3806gxp0,11,4,utfgcjfa,18,512,2560,19.959103533481642
3806gxp0,12,0,tuy3zymq,4,0,2048,15.73963328819587
3806gxp0,12,1,xgj4xftb,35,1024,4608,16.544949412137374
3806gxp0,12,2,utfgcjfa,38,1024,6144,17.330700564399123
3806gxp0,12,3,vc2whyaq,39,1536,0,18.37443474591577
3806gxp0,12,4,tuy3zymq,40,1536,512,18.517855754386193
3806gxp0,13,0,pl8uabbv,23,512,5120,14.005773454850184
3806gxp0,13,1,x77cy643,47,1536,4096,14.158225752151685
3806gxp0,13,2,cfe5vt7s,47,1536,4096,14.162005741295294
3806gxp0,13,3,hzumfsms,13,512,0,14.841776173753349
3806gxp0,13,4,ptg8lmto,33,1024,3584,15.138754750700322
3806gxp0,14,0,9luzk4jm,33,1024,3584,17.066400858866228
3806gxp0,14,1,hzumfsms,22,512,4608,18.032885279644795
3806gxp0,14,2,x77cy643,24,512,5632,18.182899525272365
3806gxp0,14,3,0grcilhi,10,0,5120,18.64286673175562
3806gxp0,14,4,vc2whyaq,39,1536,0,19.112642030450747
3806gxp0,15,0,cfe5vt7s,20,512,3584,17.43304843197885
3806gxp0,15,1,pl8uabbv,27,1024,512,18.364253753818986
3806gxp0,15,2,utfgcjfa,49,1536,5120,18.802245593469724
3806gxp0,15,3,0grcilhi,20,512,3584,19.125186033621457
3806gxp0,15,4,utfgcjfa,42,1536,1536,19.734758525665555
3806gxp0,16,0,cfe5vt7s,16,512,1536,14.780636356704866
3806gxp0,16,1,x77cy643,19,512,3072,16.170584612649268
3806gxp0,16,2,pl8uabbv,17,512,2048,16.319450712745017
3806gxp0,16,3,pl8uabbv,44,1536,2560,16.820120310487113
3806gxp0,16,4,x77cy643,9,0,4608,16.927968662686677
3806gxp0,17,0,cfe5vt7s,23,512,5120,14.169251604620769
3806gxp0,17,1,x77cy643,19,512,3072,14.5255809691591
3806gxp0,17,2,pl8uabbv,33,1024,3584,14.925445068165436
3806gxp0,17,3,cfe5vt7s,0,0,0,14.960782918304915
3806gxp0,17,4,x77cy643,16,512,1536,15.490624351982197
3806gxp0,18,0,utfgcjfa,19,512,3072,14.123960339155628
3806gxp0,18,1,ptg8lmto,33,1024,3584,17.626230832729373
3806gxp0,18,2,0grcilhi,13,512,0,18.616037671161013
3806gxp0,18,3,9luzk4jm,19,512,3072,18.98923267339101
3806gxp0,18,4,hzumfsms,35,1024,4608,19.062238612996534
3806gxp0,19,0,hawkfj64,20,512,3584,14.25842436699811
3806gxp0,19,1,mgxahqnk,37,1024,5632,15.400136492096042
3806gxp0,19,2,tuy3zymq,29,1024,1536,15.430069865871857
3806gxp0,19,3,mgxahqnk,8,0,4096,15.564207866003674
3806gxp0,19,4,pl8uabbv,25,512,6144,17.10192689169267
3806gxp0,20,0,pl8uabbv,39,1536,0,18.954893415515052
3806gxp0,20,1,vc2whyaq,20,512,3584,21.011703173383037
3806gxp0,20,2,vc2whyaq,47,1536,4096,22.290003761551283
3806gxp0,20,3,0grcilhi,23,512,5120,23.156264531621048
3806gxp0,20,4,ufdvpb81,40,1536,512,23.187216959054037
3806gxp0,21,0,mgxahqnk,3,0,1536,17.902815382691948
3806gxp0,21,1,ptg8lmto,34,1024,4096,19.405616732416096
3806gxp0,21,2,x7u69zsw,38,1024,6144,19.589961651359015
3806gxp0,21,3,hawkfj64,22,512,4608,20.096033474533236
3806gxp0,21,4,mgxahqnk,15,512,1024,20.65674899704192
3806gxp0,22,0,cfe5vt7s,13,512,0,14.344960017800343
3806gxp0,22,1,utfgcjfa,31,1024,2560,15.409980364883616
3806gxp0,22,2,x77cy643,5,0,2560,15.792712273259907
3806gxp0,22,3,cfe5vt7s,1,0,512,15.9748645214575
3806gxp0,22,4,utfgcjfa,15,512,1024,16.266704463495405
3806gxp0,23,0,ptg8lmto,23,512,5120,16.45851183571036
3806gxp0,23,1,kbdh4tri,13,512,0,16.71947066462515
3806gxp0,23,2,utfgcjfa,2,0,1024,17.09301190364318
3806gxp0,23,3,mgxahqnk,0,0,0,17.370950650382
3806gxp0,23,4,xgj4xftb,33,1024,3584,17.517838469959177
3806gxp0,24,0,x77cy643,24,512,5632,20.20749024926873
3806gxp0,24,1,vc2whyaq,32,1024,3072,21.048888948104977
3806gxp0,24,2,hzumfsms,24,512,5632,21.471572496243734
3806gxp0,24,3,9luzk4jm,33,1024,3584,21.504043367799877
3806gxp0,24,4,x77cy643,33,1024,3584,21.506965280231068
3806gxp0,25,0,71vgq3fw,28,1024,1024,17.414574204919088
3806gxp0,25,1,hzumfsms,30,1024,2048,17.932513964705397
3806gxp0,25,2,vc2whyaq,47,1536,4096,19.00999294431126
3806gxp0,25,3,cfe5vt7s,20,512,3584,19.166236145328263
3806gxp0,25,4,x7u69zsw,24,512,5632,19.901762785353675
3806gxp0,26,0,0grcilhi,12,0,6144,18.068424589361598
3806gxp0,26,1,9luzk4jm,8,0,4096,18.34888256038937
3806gxp0,26,2,ufdvpb81,15,512,1024,18.682783157205375
3806gxp0,26,3,utfgcjfa,4,0,2048,18.74438603478478
3806gxp0,26,4,cfe5vt7s,34,1024,4096,18.78268685460839
3806gxp0,27,0,hzumfsms,35,1024,4608,16.329337104756846
3806gxp0,27,1,pl8uabbv,33,1024,3584,16.553387840774334
3806gxp0,27,2,x77cy643,47,1536,4096,16.88419942733785
3806gxp0,27,3,pl8uabbv,22,512,4608,17.322282459092932
3806gxp0,27,4,ufdvpb81,0,0,0,17.645161835381717
3806gxp0,28,0,pl8uabbv,49,1536,5120,16.12564440700123
3806gxp0,28,1,utfgcjfa,15,512,1024,17.363660241451818
3806gxp0,28,2,cfe5vt7s,13,512,0,17.56839756702235
3806gxp0,28,3,pl8uabbv,47,1536,4096,18.016733274851823
3806gxp0,28,4,utfgcjfa,31,1024,2560,18.21757111992785
3806gxp0,29,0,pl8uabbv,51,1536,6144,15.307658164874082
3806gxp0,29,1,utfgcjfa,31,1024,2560,16.740658664345165
3806gxp0,29,2,hzumfsms,5,0,2560,17.25958042091067
3806gxp0,29,3,x77cy643,43,1536,2048,17.613907211047998
3806gxp0,29,4,utfgcjfa,15,512,1024,17.69858013701821
3806gxp0,30,0,utfgcjfa,47,1536,4096,13.90881901010292
3806gxp0,30,1,pl8uabbv,43,1536,2048,16.47054241318881
3806gxp0,30,2,hzumfsms,51,1536,6144,16.525588819364227
3806gxp0,30,3,x77cy643,19,512,3072,16.59848230751614
3806gxp0,30,4,utfgcjfa,35,1024,4608,16.68437613404189
3806gxp0,31,0,71vgq3fw,30,1024,2048,12.725068925709158
3806gxp0,31,1,pl8uabbv,23,512,5120,14.220204444577485
3806gxp0,31,2,utfgcjfa,35,1024,4608,14.772993465190265
3806gxp0,31,3,cfe5vt7s,16,512,1536,14.853540563614494
3806gxp0,31,4,x77cy643,47,1536,4096,15.305600046868035
3806gxp0,32,0,cfe5vt7s,16,512,1536,20.19048999188191
3806gxp0,32,1,0grcilhi,14,512,512,21.060696215270504
3806gxp0,32,2,hawkfj64,16,512,1536,21.689879196986254
3806gxp0,32,3,hzumfsms,19,512,3072,21.69164164528026
3806gxp0,32,4,pl8uabbv,42,1536,1536,22.090579836837858
3806gxp0,33,0,ufdvpb81,10,0,5120,16.061312299673553
3806gxp0,33,1,ufdvpb81,15,512,1024,16.122526235248287
3806gxp0,33,2,cfe5vt7s,22,512,4608,16.41224873887259
3806gxp0,33,3,hzumfsms,28,1024,1024,16.536486852936914
3806gxp0,33,4,vc2whyaq,23,512,5120,16.899040432942073
3806gxp0,34,0,cfe5vt7s,37,1024,5632,14.008548314270847
3806gxp0,34,1,vc2whyaq,47,1536,4096,14.15763538199382
3806gxp0,34,2,9luzk4jm,35,1024,4608,14.522830590793646
3806gxp0,34,3,ufdvpb81,23,512,5120,15.013975153180969
3806gxp0,34,4,utfgcjfa,15,512,1024,15.729669023371104
3806gxp0,35,0,cfe5vt7s,16,512,1536,14.243755779010858
3806gxp0,35,1,pl8uabbv,47,1536,4096,15.945257172172168
3806gxp0,35,2,0grcilhi,14,512,512,16.758030094473227
3806gxp0,35,3,x77cy643,19,512,3072,17.638794176789652
3806gxp0,35,4,x77cy643,5,0,2560,17.782071587630206
3806gxp0,36,0,utfgcjfa,21,512,4096,12.857244607080586
3806gxp0,36,1,mgxahqnk,28,1024,1024,13.724507310523979
3806gxp0,36,2,ptg8lmto,33,1024,3584,16.09495486986917
3806gxp0,36,3,utfgcjfa,31,1024,2560,16.529525515716976
3806gxp0,36,4,hzumfsms,13,512,0,16.560434723431616
3806gxp0,37,0,pl8uabbv,17,512,2048,13.736944367613546
3806gxp0,37,1,utfgcjfa,2,0,1024,14.713942715741352
3806gxp0,37,2,x77cy643,19,512,3072,15.723726000023994
3806gxp0,37,3,pl8uabbv,44,1536,2560,16.29097063375589
3806gxp0,37,4,cfe5vt7s,16,512,1536,16.70585822446465
3806gxp0,38,0,ufdvpb81,23,512,5120,14.720473753830316
3806gxp0,38,1,x77cy643,31,1024,2560,15.552168756626584
3806gxp0,38,2,cfe5vt7s,37,1024,5632,15.567331650620227
3806gxp0,38,3,hzumfsms,40,1536,512,16.351477349329073
3806gxp0,38,4,cfe5vt7s,22,512,4608,16.641070852621155
3806gxp0,39,0,x77cy643,16,512,1536,13.515402524448298
3806gxp0,39,1,ptg8lmto,33,1024,3584,14.488974367658258
3806gxp0,39,2,hawkfj64,6,0,3072,14.938254929271144
3806gxp0,39,3,x77cy643,19,512,3072,15.205745911077788
3806gxp0,39,4,cfe5vt7s,47,1536,4096,15.39101157188327
3806gxp0,40,0,hzumfsms,14,512,512,16.9864348282498
3806gxp0,40,1,vc2whyaq,39,1536,0,17.293381097294105
3806gxp0,40,2,9luzk4jm,20,512,3584,18.23301594598164
3806gxp0,40,3,vc2whyaq,51,1536,6144,18.532876884644143
3806gxp0,40,4,vc2whyaq,40,1536,512,18.818484684630068
3806gxp0,41,0,kbdh4tri,19,512,3072,11.081962042338306
3806gxp0,41,1,cfe5vt7s,42,1536,1536,14.983564259094422
3806gxp0,41,2,vc2whyaq,23,512,5120,15.545489896290956
3806gxp0,41,3,ptg8lmto,23,512,5120,15.739862031753763
3806gxp0,41,4,vc2whyaq,24,512,5632,15.808480056858768
3806gxp0,42,0,71vgq3fw,1,0,512,14.564111717107787
3806gxp0,42,1,pl8uabbv,40,1536,512,15.034242567220803
3806gxp0,42,2,x7u69zsw,26,1024,0,15.175174757665946
3806gxp0,42,3,hzumfsms,45,1536,3072,15.333388727668476
3806gxp0,42,4,pl8uabbv,48,1536,4608,15.803605746981749
3806gxp0,43,0,vc2whyaq,39,1536,0,16.086851775877488
3806gxp0,43,1,hawkfj64,36,1024,5120,16.09948339508684
3806gxp0,43,2,71vgq3fw,44,1536,2560,17.076889318028446
3806gxp0,43,3,ufdvpb81,36,1024,5120,17.558420004099546
3806gxp0,43,4,71vgq3fw,42,1536,1536,17.744631432215197
3806gxp0,44,0,cfe5vt7s,16,512,1536,14.676347093808257
3806gxp0,44,1,cfe5vt7s,30,1024,2048,15.863734170449831
3806gxp0,44,2,x77cy643,5,0,2560,15.881645157275397
3806gxp0,44,3,x77cy643,24,512,5632,16.881917684361458
3806gxp0,44,4,mgxahqnk,26,1024,0,16.89112344321076
3806gxp0,45,0,ptg8lmto,33,1024,3584,16.263218771565246
3806gxp0,45,1,mgxahqnk,38,1024,6144,16.582371638881177
3806gxp0,45,2,x7u69zsw,33,1024,3584,17.678947170782685
3806gxp0,45,3,0grcilhi,1,0,512,17.930506103719388
3806gxp0,45,4,9luzk4jm,20,512,3584,17.98404573736276
3806gxp0,46,0,utfgcjfa,29,1024,1536,13.58248785959666
3806gxp0,46,1,vc2whyaq,47,1536,4096,15.779889432088538
3806gxp0,46,2,vc2whyaq,20,512,3584,16.357509750583873
3806gxp0,46,3,cfe5vt7s,47,1536,4096,16.552162478872017
3806gxp0,46,4,vc2whyaq,28,1024,1024,17.125176649957773
3806gxp0,47,0,cfe5vt7s,37,1024,5632,14.190901573965064
3806gxp0,47,1,mgxahqnk,8,0,4096,17.15786865974864
3806gxp0,47,2,x77cy643,31,1024,2560,17.36344457503339
3806gxp0,47,3,ufdvpb81,23,512,5120,17.555562138893816
3806gxp0,47,4,x77cy643,35,1024,4608,18.124356244209352
3806gxp0,48,0,mgxahqnk,5,0,2560,14.68630046113581
3806gxp0,48,1,ufdvpb81,0,0,0,17.186185335442367
3806gxp0,48,2,9luzk4jm,7,0,3584,17.251867457451105
3806gxp0,48,3,71vgq3fw,43,1536,2048,17.575499230564684
3806gxp0,48,4,vc2whyaq,41,1536,1024,17.99924090819966
3806gxp0,49,0,cfe5vt7s,16,512,1536,14.184489519930613
3806gxp0,49,1,pl8uabbv,17,512,2048,14.862845452567294
3806gxp0,49,2,pl8uabbv,47,1536,4096,15.43268329089568
3806gxp0,49,3,utfgcjfa,15,512,1024,15.455461665468638
3806gxp0,49,4,utfgcjfa,21,512,4096,15.841874478816084
3806gxp0,50,0,pl8uabbv,17,512,2048,16.37149315916454
3806gxp0,50,1,pl8uabbv,44,1536,2560,16.930674969473433
3806gxp0,50,2,ptg8lmto,11,0,5632,17.41434539348613
3806gxp0,50,3,x77cy643,16,512,1536,17.483273912418916
3806gxp0,50,4,utfgcjfa,2,0,1024,18.04923616892364
3806gxp0,51,0,x77cy643,16,512,1536,17.7259577557549
3806gxp0,51,1,utfgcjfa,31,1024,2560,18.07978335971377
3806gxp0,51,2,x77cy643,19,512,3072,18.0955668777633
3806gxp0,51,3,pl8uabbv,17,512,2048,18.308957362218017
3806gxp0,51,4,vc2whyaq,21,512,4096,18.615696769488963
avn74qx1,0,0,cfe5vt7s,50,1536,5632,14.075613697622035
avn74qx1,0,1,71vgq3fw,1,0,512,14.794072973645598
avn74qx1,0,2,kbdh4tri,3,0,1536,15.244648339962414
avn74qx1,0,3,xgj4xftb,19,512,3072,16.287143372127524
avn74qx1,0,4,kbdh4tri,50,1536,5632,16.29694836223527
avn74qx1,1,0,x77cy643,19,512,3072,19.3770048535702
avn74qx1,1,1,hawkfj64,16,512,1536,19.548703523298204
avn74qx1,1,2,ptg8lmto,5,0,2560,19.679605894501744
avn74qx1,1,3,utfgcjfa,9,0,4608,19.853189766935348
avn74qx1,1,4,pl8uabbv,40,1536,512,21.145670930444957
avn74qx1,2,0,pl8uabbv,7,0,3584,15.601118849108857
avn74qx1,2,1,tuy3zymq,23,512,5120,15.896024894151806
avn74qx1,2,2,mgxahqnk,36,1024,5120,16.134573267945033
avn74qx1,2,3,cfe5vt7s,47,1536,4096,16.583399136274657
avn74qx1,2,4,pl8uabbv,17,512,2048,17.054796881102778
avn74qx1,3,0,xgj4xftb,22,512,4608,16.671836583843294
avn74qx1,3,1,pl8uabbv,22,512,4608,16.738773443150368
avn74qx1,3,2,hzumfsms,14,512,512,16.84121350272957
avn74qx1,3,3,ptg8lmto,23,512,5120,17.08777582305992
avn74qx1,3,4,mgxahqnk,35,1024,4608,17.636959599802097
avn74qx1,4,0,pl8uabbv,17,512,2048,16.212374867942096
avn74qx1,4,1,pl8uabbv,11,0,5632,19.24169962686623
avn74qx1,4,2,vc2whyaq,45,1536,3072,19.389289624565492
avn74qx1,4,3,x77cy643,12,0,6144,19.495044150848795
avn74qx1,4,4,vc2whyaq,23,512,5120,19.528311925070057
avn74qx1,5,0,cfe5vt7s,2,0,1024,16.27009225141464
avn74qx1,5,1,mgxahqnk,15,512,1024,16.59784777217019
avn74qx1,5,2,x77cy643,47,1536,4096,16.908441245249318
avn74qx1,5,3,hawkfj64,22,512,4608,17.28080652977562
avn74qx1,5,4,pl8uabbv,23,512,5120,17.42834373156165
avn74qx1,6,0,ufdvpb81,15,512,1024,18.639679463485752
avn74qx1,6,1,x7u69zsw,17,512,2048,18.704344963390913
avn74qx1,6,2,pl8uabbv,29,1024,1536,18.795626726116684
avn74qx1,6,3,pl8uabbv,6,0,3072,19.321444837148277
avn74qx1,6,4,vc2whyaq,21,512,4096,19.34462241260871
avn74qx1,7,0,vc2whyaq,32,1024,3072,15.589029933805577
avn74qx1,7,1,mgxahqnk,16,512,1536,16.435223574890223
avn74qx1,7,2,utfgcjfa,18,512,2560,16.538021494936658
avn74qx1,7,3,9luzk4jm,19,512,3072,16.56180518724359
avn74qx1,7,4,utfgcjfa,19,512,3072,16.670452744249296
avn74qx1,8,0,0grcilhi,18,512,2560,16.65952660109419
avn74qx1,8,1,pl8uabbv,4,0,2048,17.971596561792772
avn74qx1,8,2,ufdvpb81,42,1536,1536,17.977814705719478
avn74qx1,8,3,0grcilhi,24,512,5632,18.048744358396316
avn74qx1,8,4,hzumfsms,5,0,2560,18.14037272003616
avn74qx1,9,0,vc2whyaq,23,512,5120,14.009099049873525
avn74qx1,9,1,vc2whyaq,0,0,0,15.967957291282824
avn74qx1,9,2,utfgcjfa,2,0,1024,16.495209985155448
avn74qx1,9,3,cfe5vt7s,42,1536,1536,16.64536147017776
avn74qx1,9,4,ptg8lmto,23,512,5120,17.19417431426785
avn74qx1,10,0,utfgcjfa,2,0,1024,14.15516949758062
avn74qx1,10,1,9luzk4jm,47,1536,4096,15.929631840389789
avn74qx1,10,2,xgj4xftb,33,1024,3584,16.899483581967125
avn74qx1,10,3,ptg8lmto,7,0,3584,17.466733414434486
avn74qx1,10,4,pl8uabbv,46,1536,3584,17.5297075816858
avn74qx1,11,0,vc2whyaq,23,512,5120,15.128230742099326
avn74qx1,11,1,cfe5vt7s,42,1536,1536,15.3068260226589
avn74qx1,11,2,kbdh4tri,19,512,3072,15.375309102567929
avn74qx1,11,3,x77cy643,19,512,3072,15.392844281633502
avn74qx1,11,4,vc2whyaq,12,0,6144,15.49746898781111
avn74qx1,12,0,vc2whyaq,12,0,6144,15.320652024789533
avn74qx1,12,1,cfe5vt7s,30,1024,2048,15.894743758881079
avn74qx1,12,2,cfe5vt7s,41,1536,1024,17.559329430961053
avn74qx1,12,3,hzumfsms,42,1536,1536,17.83733200363827
avn74qx1,12,4,x77cy643,19,512,3072,18.237587069698627
avn74qx1,13,0,ptg8lmto,27,1024,512,19.477705284613737
avn74qx1,13,1,vc2whyaq,5,0,2560,20.04737300775321
avn74qx1,13,2,tuy3zymq,50,1536,5632,20.294231466603815
avn74qx1,13,3,ptg8lmto,5,0,2560,20.687644766697257
avn74qx1,13,4,71vgq3fw,1,0,512,20.898336493469476
avn74qx1,14,0,pl8uabbv,48,1536,4608,16.172956504045523
avn74qx1,14,1,xgj4xftb,25,512,6144,18.523081457189264
avn74qx1,14,2,pl8uabbv,40,1536,512,19.34723463784642
avn74qx1,14,3,pl8uabbv,44,1536,2560,19.39772199601847
avn74qx1,14,4,ptg8lmto,27,1024,512,19.630899874286097
avn74qx1,15,0,hawkfj64,33,1024,3584,15.275906475490203
avn74qx1,15,1,pl8uabbv,43,1536,2048,15.67293834968965
avn74qx1,15,2,hawkfj64,20,512,3584,15.74383355048267
avn74qx1,15,3,9luzk4jm,12,0,6144,15.800935377590822
avn74qx1,15,4,x77cy643,35,1024,4608,15.889703488368845
avn74qx1,16,0,ufdvpb81,45,1536,3072,20.330677018852636
avn74qx1,16,1,9luzk4jm,33,1024,3584,20.92808668029728
avn74qx1,16,2,vc2whyaq,19,512,3072,21.266871602681164
avn74qx1,16,3,ufdvpb81,22,512,4608,21.342258604303474
avn74qx1,16,4,pl8uabbv,4,0,2048,21.354337062023877
avn74qx1,17,0,ptg8lmto,35,1024,4608,18.724684750154164
avn74qx1,17,1,x7u69zsw,11,0,5632,19.99099267423504
avn74qx1,17,2,tuy3zymq,46,1536,3584,20.569008999863065
avn74qx1,17,3,pl8uabbv,46,1536,3584,20.676209578863606
avn74qx1,17,4,utfgcjfa,9,0,4608,20.775177267499366
avn74qx1,18,0,pl8uabbv,22,512,4608,14.497465434946307
avn74qx1,18,1,hzumfsms,35,1024,4608,16.072254579451094
avn74qx1,18,2,71vgq3fw,21,512,4096,16.347126896226392
avn74qx1,18,3,ptg8lmto,16,512,1536,16.533920136531375
avn74qx1,18,4,x77cy643,47,1536,4096,16.630724488549554
avn74qx1,19,0,9luzk4jm,20,512,3584,17.64131685415283
avn74qx1,19,1,ufdvpb81,15,512,1024,18.708174560208978
avn74qx1,19,2,9luzk4jm,35,1024,4608,18.859809713284637
avn74qx1,19,3,hzumfsms,14,512,512,19.80011621007184
avn74qx1,19,4,cfe5vt7s,33,1024,3584,19.963253328636284
avn74qx1,20,0,cfe5vt7s,13,512,0,18.04905822539367
avn74qx1,20,1,hzumfsms,46,1536,3584,18.372062006852325
avn74qx1,20,2,vc2whyaq,32,1024,3072,19.903352940876772
avn74qx1,20,3,pl8uabbv,37,1024,5632,20.17707005608826
avn74qx1,20,4,hawkfj64,22,512,4608,20.382490762102304
avn74qx1,21,0,cfe5vt7s,13,512,0,15.525022261554241
avn74qx1,21,1,utfgcjfa,31,1024,2560,17.27131027120732
avn74qx1,21,2,pl8uabbv,47,1536,4096,17.93503998901041
avn74qx1,21,3,utfgcjfa,15,512,1024,17.97979479194656
avn74qx1,21,4,utfgcjfa,8,0,4096,18.09250198460369
avn74qx1,22,0,cfe5vt7s,22,512,4608,17.334685777623122
avn74qx1,22,1,9luzk4jm,35,1024,4608,18.03823990596577
avn74qx1,22,2,x77cy643,15,512,1024,18.044357430472456
avn74qx1,22,3,0grcilhi,24,512,5632,18.098418337732117
avn74qx1,22,4,hzumfsms,24,512,5632,18.664403170546606
avn74qx1,23,0,cfe5vt7s,22,512,4608,11.766019475290843
avn74qx1,23,1,x77cy643,27,1024,512,15.762114715438463
avn74qx1,23,2,cfe5vt7s,47,1536,4096,16.120436606287328
avn74qx1,23,3,x77cy643,33,1024,3584,16.966235970598177
avn74qx1,23,4,9luzk4jm,18,512,2560,17.136668504539873
avn74qx1,24,0,hzumfsms,50,1536,5632,15.484577201023264
avn74qx1,24,1,0grcilhi,1,0,512,15.664238152147874
avn74qx1,24,2,x77cy643,35,1024,4608,16.223573747342957
avn74qx1,24,3,vc2whyaq,44,1536,2560,16.688398296743472
avn74qx1,24,4,x77cy643,24,512,5632,17.628708256753313
avn74qx1,25,0,utfgcjfa,0,0,0,12.969006858037966
avn74qx1,25,1,pl8uabbv,17,512,2048,14.993790937714532
avn74qx1,25,2,kbdh4tri,19,512,3072,15.192508894074999
avn74qx1,25,3,vc2whyaq,23,512,5120,15.611422583833606
avn74qx1,25,4,vc2whyaq,24,512,5632,16.479796636345466
avn74qx1,26,0,vc2whyaq,47,1536,4096,15.31283367004572
avn74qx1,26,1,utfgcjfa,31,1024,2560,16.0886394357173
avn74qx1,26,2,pl8uabbv,51,1536,6144,16.718486463460223
avn74qx1,26,3,x77cy643,36,1024,5120,17.38712330465551
avn74qx1,26,4,ufdvpb81,10,0,5120,17.568378403754195
avn74qx1,27,0,0grcilhi,9,0,4608,14.259147096443371
avn74qx1,27,1,vc2whyaq,19,512,3072,16.61909351844993
avn74qx1,27,2,vc2whyaq,47,1536,4096,16.683513122749684
avn74qx1,27,3,cfe5vt7s,20,512,3584,16.987993673917526
avn74qx1,27,4,vc2whyaq,38,1024,6144,18.1015297295234
avn74qx1,28,0,0grcilhi,20,512,3584,18.73490153426802
avn74qx1,28,1,cfe5vt7s,20,512,3584,19.837331544196644
avn74qx1,28,2,vc2whyaq,20,512,3584,19.996957122711756
avn74qx1,28,3,vc2whyaq,47,1536,4096,20.056781034211348
avn74qx1,28,4,pl8uabbv,39,1536,0,20.396113831094898
avn74qx1,29,0,utfgcjfa,31,1024,2560,14.255065372116253
avn74qx1,29,1,vc2whyaq,47,1536,4096,14.732190147057999
avn74qx1,29,2,cfe5vt7s,22,512,4608,16.45491321393058
avn74qx1,29,3,cfe5vt7s,13,512,0,17.113959740398638
avn74qx1,29,4,ufdvpb81,23,512,5120,17.42664212921828
avn74qx1,30,0,x77cy643,5,0,2560,15.435634069543456
avn74qx1,30,1,9luzk4jm,29,1024,1536,15.699189754789195
avn74qx1,30,2,cfe5vt7s,37,1024,5632,15.829991450517666
avn74qx1,30,3,mgxahqnk,37,1024,5632,15.864570433169183
avn74qx1,30,4,cfe5vt7s,19,512,3072,15.950287163070943
avn74qx1,31,0,x77cy643,47,1536,4096,14.252328611413063
avn74qx1,31,1,0grcilhi,13,512,0,14.433905687053452
avn74qx1,31,2,9luzk4jm,1,0,512,15.081976280625582
avn74qx1,31,3,hzumfsms,7,0,3584,15.148475974483377
avn74qx1,31,4,x77cy643,16,512,1536,15.858237465460858
avn74qx1,32,0,pl8uabbv,17,512,2048,15.460020104685452
avn74qx1,32,1,ufdvpb81,50,1536,5632,16.07489788427379
avn74qx1,32,2,ufdvpb81,10,0,5120,16.74404709758262
avn74qx1,32,3,x77cy643,12,0,6144,17.96519075016722
avn74qx1,32,4,pl8uabbv,16,512,1536,18.10057259319903
avn74qx1,33,0,mgxahqnk,28,1024,1024,15.132812397593042
avn74qx1,33,1,pl8uabbv,23,512,5120,17.06559313735507
avn74qx1,33,2,hzumfsms,48,1536,4608,17.441979181918192
avn74qx1,33,3,pl8uabbv,29,1024,1536,18.68816632333159
avn74qx1,33,4,utfgcjfa,1,0,512,19.391423399741623
avn74qx1,34,0,utfgcjfa,48,1536,4608,17.68906939200665
avn74qx1,34,1,utfgcjfa,15,512,1024,18.140724716666668
avn74qx1,34,2,mgxahqnk,13,512,0,18.366650945065132
avn74qx1,34,3,pl8uabbv,29,1024,1536,18.754811778736283
avn74qx1,34,4,ufdvpb81,15,512,1024,18.763418429748423
avn74qx1,35,0,pl8uabbv,40,1536,512,13.709215366106632
avn74qx1,35,1,vc2whyaq,5,0,2560,19.073874923516662
avn74qx1,35,2,pl8uabbv,44,1536,2560,19.11092590098103
avn74qx1,35,3,x7u69zsw,26,1024,0,19.33429357955704
avn74qx1,35,4,ptg8lmto,11,0,5632,19.521790556540775
avn74qx1,36,0,vc2whyaq,23,512,5120,17.698139909355895
avn74qx1,36,1,cfe5vt7s,42,1536,1536,18.375513387311788
avn74qx1,36,2,x77cy643,19,512,3072,18.694936422713024
avn74qx1,36,3,vc2whyaq,12,0,6144,19.193239602519792
avn74qx1,36,4,x77cy643,9,0,4608,19.21511440237366
avn74qx1,37,0,tuy3zymq,40,1536,512,14.941247275482802
avn74qx1,37,1,utfgcjfa,47,1536,4096,15.625592935220794
avn74qx1,37,2,hzumfsms,51,1536,6144,15.663593766386375
avn74qx1,37,3,vc2whyaq,39,1536,0,16.56747605722712
avn74qx1,37,4,ufdvpb81,0,0,0,16.75282094882932
avn74qx1,38,0,pl8uabbv,17,512,2048,18.79953905554209
avn74qx1,38,1,vc2whyaq,23,512,5120,18.873599350426748
avn74qx1,38,2,cfe5vt7s,42,1536,1536,19.319096488526696
avn74qx1,38,3,pl8uabbv,44,1536,2560,19.941054941558573
avn74qx1,38,4,x77cy643,9,0,4608,20.015104822217353
avn74qx1,39,0,kbdh4tri,50,1536,5632,15.785032337678516
avn74qx1,39,1,pl8uabbv,23,512,5120,17.61392717212058
avn74qx1,39,2,ptg8lmto,33,1024,3584,18.00529868025934
avn74qx1,39,3,x77cy643,47,1536,4096,18.05348952473302
avn74qx1,39,4,0grcilhi,1,0,512,18.200446849839047
avn74qx1,40,0,utfgcjfa,31,1024,2560,14.53446342045237
avn74qx1,40,1,x77cy643,48,1536,4608,14.767752463515706
avn74qx1,40,2,cfe5vt7s,22,512,4608,16.63951265464656
avn74qx1,40,3,cfe5vt7s,13,512,0,17.317185621435655
avn74qx1,40,4,vc2whyaq,21,512,4096,17.451134162389923
avn74qx1,41,0,mgxahqnk,13,512,0,17.01499800438297
avn74qx1,41,1,vc2whyaq,26,1024,0,18.083369600563618
avn74qx1,41,2,utfgcjfa,17,512,2048,19.714892999416012
avn74qx1,41,3,cfe5vt7s,22,512,4608,19.89561603046448
avn74qx1,41,4,mgxahqnk,8,0,4096,20.428323182512774
avn74qx1,42,0,vc2whyaq,28,1024,1024,18.345513044624926
avn74qx1,42,1,hzumfsms,5,0,2560,18.76054052316604
avn74qx1,42,2,utfgcjfa,17,512,2048,18.934890627947084
avn74qx1,42,3,9luzk4jm,18,512,2560,19.06178944872735
avn74qx1,42,4,hzumfsms,42,1536,1536,19.325388868437734
avn74qx1,43,0,vc2whyaq,12,0,6144,14.722001393514192
avn74qx1,43,1,x7u69zsw,41,1536,1024,15.365435710191969
avn74qx1,43,2,x77cy643,19,512,3072,15.612174879923352
avn74qx1,43,3,0grcilhi,37,1024,5632,16.471429791834783
avn74qx1,43,4,0grcilhi,14,512,512,16.48726148665877
avn74qx1,44,0,utfgcjfa,9,0,4608,18.218220486892747
avn74qx1,44,1,pl8uabbv,46,1536,3584,19.00861640041306
avn74qx1,44,2,cfe5vt7s,4,0,2048,19.23658724863666
avn74qx1,44,3,tuy3zymq,8,0,4096,19.861124475466855
avn74qx1,44,4,ptg8lmto,10,0,5120,19.863752855850546
avn74qx1,45,0,utfgcjfa,2,0,1024,16.795801138948477
avn74qx1,45,1,hzumfsms,7,0,3584,17.63141947136462
avn74qx1,45,2,utfgcjfa,35,1024,4608,18.437706516289722
avn74qx1,45,3,9luzk4jm,10,0,5120,18.632758975922894
avn74qx1,45,4,hzumfsms,46,1536,3584,18.83118185378218
avn74qx1,46,0,pl8uabbv,23,512,5120,13.571484132381446
avn74qx1,46,1,utfgcjfa,18,512,2560,14.716613014292838
avn74qx1,46,2,vc2whyaq,39,1536,0,14.928830526627666
avn74qx1,46,3,ptg8lmto,33,1024,3584,15.022260865010532
avn74qx1,46,4,hzumfsms,50,1536,5632,15.703928021731468
avn74qx1,47,0,utfgcjfa,7,0,3584,15.883971810122665
avn74qx1,47,1,x77cy643,49,1536,5120,16.62249737417672
avn74qx1,47,2,vc2whyaq,39,1536,0,16.881088986035117
avn74qx1,47,3,hzumfsms,7,0,3584,18.043108948403496
avn74qx1,47,4,9luzk4jm,46,1536,3584,18.176324167318548
avn74qx1,48,0,cfe5vt7s,23,512,5120,14.843109624079137
avn74qx1,48,1,x77cy643,19,512,3072,15.069446154900248
avn74qx1,48,2,vc2whyaq,12,0,6144,16.0776318824938
avn74qx1,48,3,0grcilhi,37,1024,5632,16.205640348892537
avn74qx1,48,4,cfe5vt7s,16,512,1536,16.39873052879883
avn74qx1,49,0,pl8uabbv,40,1536,512,16.529964421791554
avn74qx1,49,1,utfgcjfa,2,0,1024,16.57599614978695
avn74qx1,49,2,71vgq3fw,12,0,6144,18.669887985223767
avn74qx1,49,3,x77cy643,19,512,3072,18.757497662182416
avn74qx1,49,4,cfe5vt7s,0,0,0,18.986738155903282
avn74qx1,50,0,utfgcjfa,31,1024,2560,12.357257891327507
avn74qx1,50,1,pl8uabbv,6,0,3072,16.24307974116184
avn74qx1,50,2,utfgcjfa,45,1536,3072,16.392292717168772
avn74qx1,50,3,cfe5vt7s,47,1536,4096,16.821532555196725
avn74qx1,50,4,xgj4xftb,19,512,3072,16.86722370559725
avn74qx1,51,0,0grcilhi,9,0,4608,17.914777689762264
avn74qx1,51,1,mgxahqnk,13,512,0,18.556624713639444
avn74qx1,51,2,vc2whyaq,47,1536,4096,19.22251206591676
avn74qx1,51,3,pl8uabbv,28,1024,1024,20.089989459783617
avn74qx1,51,4,x7u69zsw,5,0,2560,20.166323105149566
b3esycq1,0,0,9luzk4jm,16,512,1536,17.18207327462473
b3esycq1,0,1,xgj4xftb,8,0,4096,18.110962174856724
b3esycq1,0,2,hawkfj64,18,512,2560,18.228921059900923
b3esycq1,0,3,hzumfsms,14,512,512,18.44598763063163
b3esycq1,0,4,kbdh4tri,49,1536,5120,18.813533071131925
b3esycq1,1,0,0grcilhi,9,0,4608,15.3112918639106
b3esycq1,1,1,9luzk4jm,35,1024,4608,16.871487096156784
b3esycq1,1,2,vc2whyaq,28,1024,1024,17.1549356782535
b3esycq1,1,3,pl8uabbv,25,512,6144,17.419440619328565
b3esycq1,1,4,x77cy643,33,1024,3584,17.586077322864792
b3esycq1,2,0,hzumfsms,7,0,3584,14.556900962242148
b3esycq1,2,1,utfgcjfa,18,512,2560,15.225681506393029
b3esycq1,2,2,0grcilhi,13,512,0,15.77322457960838
b3esycq1,2,3,x77cy643,47,1536,4096,16.91998062729128
b3esycq1,2,4,mgxahqnk,16,512,1536,17.372383049097333
b3esycq1,3,0,pl8uabbv,27,1024,512,16.63684505604976
b3esycq1,3,1,utfgcjfa,49,1536,5120,16.995170378509147
b3esycq1,3,2,0grcilhi,20,512,3584,18.947176237364626
b3esycq1,3,3,ptg8lmto,29,1024,1536,19.54282750120178
b3esycq1,3,4,ptg8lmto,25,512,6144,19.648752944159874
b3esycq1,4,0,71vgq3fw,32,1024,3072,14.903136456721816
b3esycq1,4,1,hawkfj64,20,512,3584,15.37135414402729
b3esycq1,4,2,9luzk4jm,12,0,6144,15.691210601665404
b3esycq1,4,3,x77cy643,35,1024,4608,15.762313374630152
b3esycq1,4,4,hzumfsms,14,512,512,15.918675517288298
b3esycq1,5,0,x77cy643,36,1024,5120,15.5813081747864
b3esycq1,5,1,hzumfsms,28,1024,1024,16.004355155750776
b3esycq1,5,2,ufdvpb81,50,1536,5632,16.36387136906893
b3esycq1,5,3,cfe5vt7s,41,1536,1024,16.53938631056685
b3esycq1,5,4,9luzk4jm,42,1536,1536,16.61549981809213
b3esycq1,6,0,hzumfsms,14,512,512,14.015987951620648
b3esycq1,6,1,71vgq3fw,42,1536,1536,15.003434309664925
b3esycq1,6,2,9luzk4jm,16,512,1536,15.819726745376446
b3esycq1,6,3,71vgq3fw,44,1536,2560,16.44606880257139
b3esycq1,6,4,xgj4xftb,8,0,4096,17.098350228303605
b3esycq1,7,0,hawkfj64,23,512,5120,12.6723947214432
b3esycq1,7,1,utfgcjfa,29,1024,1536,16.151755575493006
b3esycq1,7,2,hzumfsms,42,1536,1536,16.22474127581001
b3esycq1,7,3,utfgcjfa,48,1536,4608,16.80337421050545
b3esycq1,7,4,vc2whyaq,28,1024,1024,16.806193056098408
b3esycq1,8,0,x7u69zsw,13,512,0,16.578098264510565
b3esycq1,8,1,utfgcjfa,3,0,1536,17.843124970895747
b3esycq1,8,2,cfe5vt7s,23,512,5120,18.5507004720826
b3esycq1,8,3,x7u69zsw,41,1536,1024,18.74288122378858
b3esycq1,8,4,xgj4xftb,4,0,2048,19.406483412148667
b3esycq1,9,0,0grcilhi,17,512,2048,19.038449548104303
b3esycq1,9,1,71vgq3fw,3,0,1536,19.106266498677016
b3esycq1,9,2,mgxahqnk,3,0,1536,20.08671312479811
b3esycq1,9,3,kbdh4tri,32,1024,3072,20.232715906090252
b3esycq1,9,4,71vgq3fw,23,512,5120,20.261813998488666
b3esycq1,10,0,mgxahqnk,23,512,5120,17.340974693649997
b3esycq1,10,1,x7u69zsw,24,512,5632,17.554473670640068
b3esycq1,10,2,ptg8lmto,36,1024,5120,18.21867380499119
b3esycq1,10,3,mgxahqnk,37,1024,5632,19.428051903669004
b3esycq1,10,4,x77cy643,33,1024,3584,20.125897913628002
b3esycq1,11,0,kbdh4tri,24,512,5632,16.887721937024857
b3esycq1,11,1,ptg8lmto,32,1024,3072,17.561170401097282
b3esycq1,11,2,9luzk4jm,20,512,3584,17.620029091710116
b3esycq1,11,3,hawkfj64,20,512,3584,17.818797512859405
b3esycq1,11,4,xgj4xftb,2,0,1024,18.163437239956952
b3esycq1,12,0,cfe5vt7s,21,512,4096,18.775683011847416
b3esycq1,12,1,hzumfsms,5,0,2560,19.06515728934531
b3esycq1,12,2,vc2whyaq,50,1536,5632,19.297970022126787
b3esycq1,12,3,utfgcjfa,31,1024,2560,19.30914436966065
b3esycq1,12,4,vc2whyaq,28,1024,1024,19.73609567954513
b3esycq1,13,0,0grcilhi,9,0,4608,17.114906058573634
b3esycq1,13,1,vc2whyaq,38,1024,6144,17.52006021220741
b3esycq1,13,2,x7u69zsw,49,1536,5120,18.0694159610239
b3esycq1,13,3,cfe5vt7s,20,512,3584,18.292488902047868
b3esycq1,13,4,hzumfsms,42,1536,1536,18.815665888371107
b3esycq1,14,0,utfgcjfa,39,1536,0,14.807841858026723
b3esycq1,14,1,pl8uabbv,51,1536,6144,14.822410800760766
b3esycq1,14,2,utfgcjfa,31,1024,2560,15.393720772889381
b3esycq1,14,3,pl8uabbv,29,1024,1536,16.51606240374453
b3esycq1,14,4,utfgcjfa,24,512,5632,16.881614090766714
b3esycq1,15,0,pl8uabbv,39,1536,0,16.009938226983728
b3esycq1,15,1,x7u69zsw,17,512,2048,16.52522203138653
b3esycq1,15,2,utfgcjfa,39,1536,0,16.865735272366777
b3esycq1,15,3,vc2whyaq,47,1536,4096,16.907871301263963
b3esycq1,15,4,ufdvpb81,15,512,1024,17.41969077825525
b3esycq1,16,0,71vgq3fw,13,512,0,20.634231420215986
b3esycq1,16,1,kbdh4tri,19,512,3072,21.896248787551432
b3esycq1,16,2,utfgcjfa,0,0,0,21.941844369992484
b3esycq1,16,3,ptg8lmto,35,1024,4608,22.08463485447428
b3esycq1,16,4,x7u69zsw,41,1536,1024,22.17742313517483
b3esycq1,17,0,utfgcjfa,2,0,1024,17.108384830352794
b3esycq1,17,1,0grcilhi,14,512,512,17.192782046978625
b3esycq1,17,2,0grcilhi,37,1024,5632,17.654632004552372
b3esycq1,17,3,x7u69zsw,41,1536,1024,18.011132497284546
b3esycq1,17,4,pl8uabbv,35,1024,4608,18.0311115214493
b3esycq1,18,0,x7u69zsw,13,512,0,17.23285437713595
b3esycq1,18,1,71vgq3fw,12,0,6144,17.437044305265754
b3esycq1,18,2,hawkfj64,16,512,1536,17.6546545515452
b3esycq1,18,3,kbdh4tri,51,1536,6144,18.58736154024387
b3esycq1,18,4,xgj4xftb,23,512,5120,18.909311235137118
b3esycq1,19,0,cfe5vt7s,23,512,5120,16.32404984688841
b3esycq1,19,1,9luzk4jm,41,1536,1024,16.386139973843566
b3esycq1,19,2,vc2whyaq,31,1024,2560,17.275367835936304
b3esycq1,19,3,hzumfsms,14,512,512,17.278234561449555
b3esycq1,19,4,9luzk4jm,20,512,3584,17.53884926386222
b3esycq1,20,0,71vgq3fw,33,1024,3584,14.324855881121072
b3esycq1,20,1,71vgq3fw,28,1024,1024,15.405826197443151
b3esycq1,20,2,ufdvpb81,15,512,1024,16.53102102766459
b3esycq1,20,3,x7u69zsw,17,512,2048,16.658207842637445
b3esycq1,20,4,vc2whyaq,38,1024,6144,17.229594752007394
b3esycq1,21,0,0grcilhi,1,0,512,16.956107299868158
b3esycq1,21,1,x77cy643,36,1024,5120,17.554590377124644
b3esycq1,21,2,utfgcjfa,31,1024,2560,17.763963877562453
b3esycq1,21,3,vc2whyaq,46,1536,3584,18.441531734021694
b3esycq1,21,4,x77cy643,16,512,1536,18.62710173606445
b3esycq1,22,0,cfe5vt7s,47,1536,4096,14.702103095883714
b3esycq1,22,1,x77cy643,12,0,6144,15.035276511470595
b3esycq1,22,2,utfgcjfa,29,1024,1536,15.373108930247675
b3esycq1,22,3,ufdvpb81,32,1024,3072,16.011623508999392
b3esycq1,22,4,utfgcjfa,39,1536,0,16.315543144786833
b3esycq1,23,0,ufdvpb81,15,512,1024,14.740088868945731
b3esycq1,23,1,0grcilhi,37,1024,5632,15.289866336226828
b3esycq1,23,2,cfe5vt7s,43,1536,2048,15.678050478253432
b3esycq1,23,3,x7u69zsw,17,512,2048,15.908767044639522
b3esycq1,23,4,cfe5vt7s,47,1536,4096,15.98016895973947
b3esycq1,24,0,x77cy643,19,512,3072,15.066132630356849
b3esycq1,24,1,x77cy643,12,0,6144,15.430343042674451
b3esycq1,24,2,vc2whyaq,0,0,0,15.88937025552883
b3esycq1,24,3,cfe5vt7s,42,1536,1536,15.940243670375851
b3esycq1,24,4,0grcilhi,37,1024,5632,16.149021366883957
b3esycq1,25,0,hawkfj64,14,512,512,21.403445134974476
b3esycq1,25,1,pl8uabbv,40,1536,512,21.561053220235042
b3esycq1,25,2,ufdvpb81,43,1536,2048,22.17222800256969
b3esycq1,25,3,cfe5vt7s,40,1536,512,22.188553993545874
b3esycq1,25,4,pl8uabbv,48,1536,4608,23.258851843538718
b3esycq1,26,0,kbdh4tri,3,0,1536,17.88111450039171
b3esycq1,26,1,kbdh4tri,19,512,3072,18.440380885607787
b3esycq1,26,2,ptg8lmto,23,512,5120,18.459539573759074
b3esycq1,26,3,71vgq3fw,43,1536,2048,19.28177211763831
b3esycq1,26,4,kbdh4tri,13,512,0,19.522489545126138
b3esycq1,27,0,pl8uabbv,17,512,2048,15.969118322015053
b3esycq1,27,1,pl8uabbv,47,1536,4096,18.246552724285635
b3esycq1,27,2,x77cy643,21,512,4096,18.342488793033592
b3esycq1,27,3,utfgcjfa,31,1024,2560,18.797302028238395
b3esycq1,27,4,pl8uabbv,16,512,1536,19.019276635309843
b3esycq1,28,0,pl8uabbv,28,1024,1024,21.304637710566972
b3esycq1,28,1,utfgcjfa,39,1536,0,21.503855992602112
b3esycq1,28,2,cfe5vt7s,20,512,3584,21.73367608742141
b3esycq1,28,3,pl8uabbv,51,1536,6144,21.986221425812914
b3esycq1,28,4,71vgq3fw,6,0,3072,22.128713614228957
b3esycq1,29,0,utfgcjfa,31,1024,2560,12.960236533557042
b3esycq1,29,1,cfe5vt7s,13,512,0,12.990994904060589
b3esycq1,29,2,cfe5vt7s,47,1536,4096,13.966397697280115
b3esycq1,29,3,cfe5vt7s,22,512,4608,14.01045847787116
b3esycq1,29,4,x77cy643,27,1024,512,14.794889224080464
b3esycq1,30,0,pl8uabbv,47,1536,4096,16.776415655240097
b3esycq1,30,1,cfe5vt7s,45,1536,3072,17.240668450544536
b3esycq1,30,2,utfgcjfa,31,1024,2560,17.51878506998129
b3esycq1,30,3,vc2whyaq,28,1024,1024,17.712482946071223
b3esycq1,30,4,utfgcjfa,1,0,512,18.318332388514502
b3esycq1,31,0,xgj4xftb,33,1024,3584,16.355112465973264
b3esycq1,31,1,x7u69zsw,13,512,0,16.46237669532252
b3esycq1,31,2,ptg8lmto,26,1024,0,17.20908636377401
b3esycq1,31,3,kbdh4tri,13,512,0,18.4358992666961
b3esycq1,31,4,vc2whyaq,43,1536,2048,18.916971089974254
b3esycq1,32,0,ptg8lmto,16,512,1536,13.458001491422877
b3esycq1,32,1,utfgcjfa,35,1024,4608,14.95044520340003
b3esycq1,32,2,x77cy643,47,1536,4096,15.501204509172027
b3esycq1,32,3,hawkfj64,22,512,4608,15.709451489228936
b3esycq1,32,4,cfe5vt7s,2,0,1024,15.78521483177099
b3esycq1,33,0,hzumfsms,15,512,1024,17.194498516564238
b3esycq1,33,1,71vgq3fw,11,0,5632,19.00696704317329
b3esycq1,33,2,ufdvpb81,8,0,4096,19.50941783026591
b3esycq1,33,3,utfgcjfa,21,512,4096,19.969693901257326
b3esycq1,33,4,cfe5vt7s,16,512,1536,20.620027136954906
b3esycq1,34,0,ptg8lmto,5,0,2560,16.14586466400481
b3esycq1,34,1,x7u69zsw,28,1024,1024,16.872675425973615
b3esycq1,34,2,hzumfsms,51,1536,6144,17.43293023420369
b3esycq1,34,3,x7u69zsw,41,1536,1024,18.375952632025054
b3esycq1,34,4,mgxahqnk,35,1024,4608,18.615490261760947
b3esycq1,35,0,x7u69zsw,28,1024,1024,16.710190926087837
b3esycq1,35,1,ptg8lmto,5,0,2560,16.9706481534527
b3esycq1,35,2,cfe5vt7s,42,1536,1536,17.519328506913077
b3esycq1,35,3,x77cy643,4,0,2048,18.51360449402091
b3esycq1,35,4,hzumfsms,48,1536,4608,18.693763585753306
b3esycq1,36,0,utfgcjfa,49,1536,5120,18.03767757431883
b3esycq1,36,1,pl8uabbv,27,1024,512,18.477998130079907
b3esycq1,36,2,utfgcjfa,42,1536,1536,18.697757494181076
b3esycq1,36,3,0grcilhi,20,512,3584,18.948717538358164
b3esycq1,36,4,cfe5vt7s,20,512,3584,20.10066800759924
b3esycq1,37,0,vc2whyaq,20,512,3584,15.289405434972918
b3esycq1,37,1,ptg8lmto,21,512,4096,17.26144649940731
b3esycq1,37,2,71vgq3fw,33,1024,3584,17.430958779679692
b3esycq1,37,3,vc2whyaq,16,512,1536,18.46333753679667
b3esycq1,37,4,vc2whyaq,47,1536,4096,18.469335856066646
b3esycq1,38,0,xgj4xftb,33,1024,3584,17.509268818834098
b3esycq1,38,1,x77cy643,48,1536,4608,18.112203675255344
b3esycq1,38,2,ptg8lmto,11,0,5632,19.020495166389296
b3esycq1,38,3,xgj4xftb,32,1024,3072,19.138859605198768
b3esycq1,38,4,cfe5vt7s,2,0,1024,19.220048559414384
b3esycq1,39,0,x7u69zsw,16,512,1536,16.16704439210104
b3esycq1,39,1,kbdh4tri,40,1536,512,17.164420043950283
b3esycq1,39,2,ufdvpb81,20,512,3584,17.260350236240946
b3esycq1,39,3,x7u69zsw,13,512,0,17.554459823107745
b3esycq1,39,4,xgj4xftb,4,0,2048,18.079542156091264
b3esycq1,40,0,cfe5vt7s,30,1024,2048,14.448001710780234
b3esycq1,40,1,hzumfsms,42,1536,1536,14.919533923481572
b3esycq1,40,2,vc2whyaq,12,0,6144,15.207826008063824
b3esycq1,40,3,cfe5vt7s,47,1536,4096,15.659211579890648
b3esycq1,40,4,cfe5vt7s,20,512,3584,16.063050835031206
b3esycq1,41,0,pl8uabbv,40,1536,512,14.138628728568678
b3esycq1,41,1,utfgcjfa,31,1024,2560,16.593352268891206
b3esycq1,41,2,x77cy643,19,512,3072,17.095134332274593
b3esycq1,41,3,ufdvpb81,10,0,5120,17.694509526794775
b3esycq1,41,4,vc2whyaq,23,512,5120,17.879300656265535
b3esycq1,42,0,vc2whyaq,39,1536,0,14.714208242834378
b3esycq1,42,1,xgj4xftb,8,0,4096,16.22807723973676
b3esycq1,42,2,tuy3zymq,40,1536,512,16.2508858314158
b3esycq1,42,3,hawkfj64,36,1024,5120,16.756045353745098
b3esycq1,42,4,ptg8lmto,29,1024,1536,17.18747278404512
b3esycq1,43,0,tuy3zymq,41,1536,1024,14.740563955331673
b3esycq1,43,1,x7u69zsw,22,512,4608,15.15863521158906
b3esycq1,43,2,x77cy643,16,512,1536,15.309646428442313
b3esycq1,43,3,utfgcjfa,39,1536,0,15.645737413436136
b3esycq1,43,4,utfgcjfa,31,1024,2560,15.870223941356638
b3esycq1,44,0,utfgcjfa,31,1024,2560,13.599047430331069
b3esycq1,44,1,pl8uabbv,47,1536,4096,14.503068929993795
b3esycq1,44,2,utfgcjfa,45,1536,3072,14.634337843343795
b3esycq1,44,3,utfgcjfa,39,1536,0,15.33028527448941
b3esycq1,44,4,pl8uabbv,33,1024,3584,16.095172745689357
b3esycq1,45,0,utfgcjfa,31,1024,2560,15.884948170110865
b3esycq1,45,1,x77cy643,16,512,1536,16.030885290589932
b3esycq1,45,2,vc2whyaq,21,512,4096,16.452715673617703
b3esycq1,45,3,cfe5vt7s,21,512,4096,16.558926442227275
b3esycq1,45,4,hzumfsms,7,0,3584,17.3365166922985
b3esycq1,46,0,9luzk4jm,46,1536,3584,15.812878207961456
b3esycq1,46,1,9luzk4jm,2,0,1024,16.22969689593821
b3esycq1,46,2,vc2whyaq,39,1536,0,16.38544263638295
b3esycq1,46,3,9luzk4jm,12,0,6144,16.419650114944346
b3esycq1,46,4,kbdh4tri,49,1536,5120,16.487542572191032
b3esycq1,47,0,x7u69zsw,22,512,4608,13.776053610574037
b3esycq1,47,1,vc2whyaq,21,512,4096,15.599077636345445
b3esycq1,47,2,utfgcjfa,35,1024,4608,15.954955221764875
b3esycq1,47,3,utfgcjfa,31,1024,2560,16.399320422444415
b3esycq1,47,4,9luzk4jm,1,0,512,16.446640562039615
b3esycq1,48,0,hzumfsms,48,1536,4608,20.01057917518296
b3esycq1,48,1,x7u69zsw,37,1024,5632,20.380742154613063
b3esycq1,48,2,71vgq3fw,3,0,1536,20.474316015409016
b3esycq1,48,3,x77cy643,50,1536,5632,20.97457692043284
b3esycq1,48,4,pl8uabbv,29,1024,1536,20.999463926237258
b3esycq1,49,0,utfgcjfa,17,512,2048,17.116324393663355
b3esycq1,49,1,ptg8lmto,21,512,4096,18.931213195263716
b3esycq1,49,2,vc2whyaq,26,1024,0,19.32592215711362
b3esycq1,49,3,mgxahqnk,13,512,0,19.411503346884864
b3esycq1,49,4,x7u69zsw,17,512,2048,19.459910973005112
b3esycq1,50,0,tuy3zymq,40,1536,512,15.364269562308102
b3esycq1,50,1,ptg8lmto,9,0,4608,16.13721585871206
b3esycq1,50,2,xgj4xftb,19,512,3072,16.956348517029525
b3esycq1,50,3,tuy3zymq,38,1024,6144,17.569035235418575
b3esycq1,50,4,x77cy643,19,512,3072,17.569821082238956
b3esycq1,51,0,utfgcjfa,31,1024,2560,14.83711453337396
b3esycq1,51,1,71vgq3fw,46,1536,3584,15.234082623594427
b3esycq1,51,2,vc2whyaq,21,512,4096,15.487094908178383
b3esycq1,51,3,vc2whyaq,39,1536,0,15.717198351225655
b3esycq1,51,4,x77cy643,48,1536,4608,15.873293731197046
epqdaau9,0,0,ptg8lmto,29,1024,1536,17.09071003727614
epqdaau9,0,1,x7u69zsw,49,1536,5120,17.09590167054115
epqdaau9,0,2,vc2whyaq,12,0,6144,17.20228575538579
epqdaau9,0,3,vc2whyaq,47,1536,4096,17.423776707191927
epqdaau9,0,4,x77cy643,4,0,2048,17.611654838980513
epqdaau9,1,0,x7u69zsw,22,512,4608,16.559849770549853
epqdaau9,1,1,vc2whyaq,46,1536,3584,17.649401031822904
epqdaau9,1,2,tuy3zymq,41,1536,1024,18.80346836277767
epqdaau9,1,3,ptg8lmto,16,512,1536,19.199617398459157
epqdaau9,1,4,utfgcjfa,31,1024,2560,19.344754303527317
epqdaau9,2,0,vc2whyaq,23,512,5120,13.39883132198343
epqdaau9,2,1,cfe5vt7s,23,512,5120,14.737633038413
epqdaau9,2,2,vc2whyaq,45,1536,3072,15.564893790571793
epqdaau9,2,3,x7u69zsw,16,512,1536,15.67582049624327
epqdaau9,2,4,x77cy643,19,512,3072,15.69112570043333
epqdaau9,3,0,0grcilhi,37,1024,5632,20.224043933499757
epqdaau9,3,1,pl8uabbv,3,0,1536,20.391615409575607
epqdaau9,3,2,9luzk4jm,10,0,5120,21.44034004722008
epqdaau9,3,3,ptg8lmto,13,512,0,21.957734765318545
epqdaau9,3,4,9luzk4jm,47,1536,4096,22.059955734612846
epqdaau9,4,0,ufdvpb81,25,512,6144,13.676868976343513
epqdaau9,4,1,x7u69zsw,1,0,512,14.967553937838693
epqdaau9,4,2,pl8uabbv,3,0,1536,17.174690911048952
epqdaau9,4,3,mgxahqnk,0,0,0,18.438413346071968
epqdaau9,4,4,x7u69zsw,13,512,0,18.5988195596696
epqdaau9,5,0,pl8uabbv,17,512,2048,13.995953147201078
epqdaau9,5,1,kbdh4tri,19,512,3072,17.286837683287523
epqdaau9,5,2,vc2whyaq,24,512,5632,17.43068473522722
epqdaau9,5,3,0grcilhi,14,512,512,17.79567836670631
epqdaau9,5,4,pl8uabbv,11,0,5632,17.797434818665597
epqdaau9,6,0,cfe5vt7s,0,0,0,14.165870711995218
epqdaau9,6,1,utfgcjfa,2,0,1024,15.524995997327535
epqdaau9,6,2,cfe5vt7s,50,1536,5632,15.701339190725065
epqdaau9,6,3,cfe5vt7s,23,512,5120,16.645229836120073
epqdaau9,6,4,pl8uabbv,40,1536,512,17.101104498309482
epqdaau9,7,0,cfe5vt7s,42,1536,1536,16.013125482496367
epqdaau9,7,1,pl8uabbv,17,512,2048,17.846044256913913
epqdaau9,7,2,kbdh4tri,19,512,3072,18.294815707904274
epqdaau9,7,3,vc2whyaq,23,512,5120,18.51587977507292
epqdaau9,7,4,cfe5vt7s,0,0,0,18.631988359435006
epqdaau9,8,0,pl8uabbv,28,1024,1024,16.26814299144271
epqdaau9,8,1,utfgcjfa,3,0,1536,16.566908264305983
epqdaau9,8,2,vc2whyaq,12,0,6144,16.777081463754737
epqdaau9,8,3,x77cy643,9,0,4608,16.890167691485782
epqdaau9,8,4,x77cy643,19,512,3072,17.06512350358187
epqdaau9,9,0,ptg8lmto,37,1024,5632,18.508891712807007
epqdaau9,9,1,xgj4xftb,8,0,4096,18.523396476828918
epqdaau9,9,2,mgxahqnk,29,1024,1536,18.745616097529354
epqdaau9,9,3,x7u69zsw,22,512,4608,19.02521434420843
epqdaau9,9,4,x7u69zsw,25,512,6144,19.760288325019804
epqdaau9,10,0,vc2whyaq,43,1536,2048,16.147286438181315
epqdaau9,10,1,ufdvpb81,25,512,6144,16.296733368556108
epqdaau9,10,2,pl8uabbv,3,0,1536,18.468215855755794
epqdaau9,10,3,ptg8lmto,7,0,3584,18.519353601384402
epqdaau9,10,4,mgxahqnk,0,0,0,18.541775603748768
epqdaau9,11,0,mgxahqnk,0,0,0,16.692343709254086
epqdaau9,11,1,ufdvpb81,25,512,6144,17.07030645357054
epqdaau9,11,2,kbdh4tri,3,0,1536,17.34000479693903
epqdaau9,11,3,ptg8lmto,9,0,4608,17.396471262590236
epqdaau9,11,4,x7u69zsw,13,512,0,17.878857493013427
epqdaau9,12,0,tuy3zymq,50,1536,5632,17.231313591684927
epqdaau9,12,1,tuy3zymq,3,0,1536,20.39557598660707
epqdaau9,12,2,ptg8lmto,5,0,2560,20.42347961841666
epqdaau9,12,3,utfgcjfa,43,1536,2048,21.492090661151234
epqdaau9,12,4,pl8uabbv,44,1536,2560,22.666878854221594
epqdaau9,13,0,pl8uabbv,29,1024,1536,18.11116710768348
epqdaau9,13,1,xgj4xftb,7,0,3584,18.496379349693676
epqdaau9,13,2,mgxahqnk,28,1024,1024,18.8021244523989
epqdaau9,13,3,utfgcjfa,24,512,5632,19.399352075612704
epqdaau9,13,4,pl8uabbv,17,512,2048,19.649881132679205
epqdaau9,14,0,utfgcjfa,31,1024,2560,13.171674452238722
epqdaau9,14,1,cfe5vt7s,47,1536,4096,14.190013283811355
epqdaau9,14,2,x77cy643,16,512,1536,15.1405886790668
epqdaau9,14,3,vc2whyaq,46,1536,3584,15.329269490328164
epqdaau9,14,4,vc2whyaq,39,1536,0,15.807866314361279
epqdaau9,15,0,pl8uabbv,44,1536,2560,15.970072308343036
epqdaau9,15,1,vc2whyaq,24,512,5632,18.547525227183055
epqdaau9,15,2,ptg8lmto,5,0,2560,19.24495676781314
epqdaau9,15,3,vc2whyaq,23,512,5120,20.30379049814078
epqdaau9,15,4,pl8uabbv,17,512,2048,20.648133234444984
epqdaau9,16,0,vc2whyaq,38,1024,6144,15.023346042175243
epqdaau9,16,1,vc2whyaq,26,1024,0,17.256896244602757
epqdaau9,16,2,mgxahqnk,13,512,0,18.230088077070352
epqdaau9,16,3,x77cy643,43,1536,2048,18.30121933730881
epqdaau9,16,4,71vgq3fw,28,1024,1024,18.345525144241897
epqdaau9,17,0,pl8uabbv,40,1536,512,15.158452940810262
epqdaau9,17,1,ptg8lmto,11,0,5632,16.586450845630246
epqdaau9,17,2,pl8uabbv,6,0,3072,17.608596334978483
epqdaau9,17,3,x77cy643,42,1536,1536,17.94143646600869
epqdaau9,17,4,ufdvpb81,43,1536,2048,18.04041940523488
epqdaau9,18,0,x77cy643,42,1536,1536,13.400501303759222
epqdaau9,18,1,kbdh4tri,19,512,3072,14.063181999975756
epqdaau9,18,2,ptg8lmto,11,0,5632,15.580591991855501
epqdaau9,18,3,vc2whyaq,23,512,5120,15.81249992340603
epqdaau9,18,4,x7u69zsw,13,512,0,15.948334371262106
epqdaau9,19,0,utfgcjfa,31,1024,2560,14.721076095038311
epqdaau9,19,1,x77cy643,12,0,6144,16.42014101889702
epqdaau9,19,2,x77cy643,16,512,1536,17.120022305228574
epqdaau9,19,3,cfe5vt7s,47,1536,4096,17.62922990093207
epqdaau9,19,4,cfe5vt7s,13,512,0,17.66007876438668
epqdaau9,20,0,utfgcjfa,31,1024,2560,13.93622863629049
epqdaau9,20,1,cfe5vt7s,13,512,0,14.456362737548968
epqdaau9,20,2,vc2whyaq,2,0,1024,16.690298241055327
epqdaau9,20,3,vc2whyaq,39,1536,0,16.962387628744285
epqdaau9,20,4,hawkfj64,12,0,6144,17.38327543609528
epqdaau9,21,0,pl8uabbv,40,1536,512,16.002553296403796
epqdaau9,21,1,71vgq3fw,30,1024,2048,17.511137140728177
epqdaau9,21,2,utfgcjfa,2,0,1024,17.92777445765263
epqdaau9,21,3,utfgcjfa,35,1024,4608,18.87610532857759
epqdaau9,21,4,x77cy643,19,512,3072,18.912655220286286
epqdaau9,22,0,x77cy643,9,0,4608,14.044319782802159
epqdaau9,22,1,vc2whyaq,23,512,5120,16.72085519403705
epqdaau9,22,2,x77cy643,36,1024,5120,17.33174843325586
epqdaau9,22,3,kbdh4tri,26,1024,0,17.346330574257045
epqdaau9,22,4,mgxahqnk,28,1024,1024,17.720267275412237
epqdaau9,23,0,mgxahqnk,3,0,1536,15.720769331843375
epqdaau9,23,1,ufdvpb81,15,512,1024,17.69201675741447
epqdaau9,23,2,71vgq3fw,30,1024,2048,18.58987447857376
epqdaau9,23,3,utfgcjfa,39,1536,0,18.598350165110823
epqdaau9,23,4,x77cy643,21,512,4096,18.952364411700195
epqdaau9,24,0,x77cy643,0,0,0,16.869775429814432
epqdaau9,24,1,ufdvpb81,15,512,1024,17.906824704376398
epqdaau9,24,2,vc2whyaq,20,512,3584,18.070763327675017
epqdaau9,24,3,0grcilhi,14,512,512,18.761537463960458
epqdaau9,24,4,x77cy643,9,0,4608,18.86308658356901
epqdaau9,25,0,vc2whyaq,45,1536,3072,13.728966398180795
epqdaau9,25,1,vc2whyaq,23,512,5120,15.458303698396568
epqdaau9,25,2,pl8uabbv,17,512,2048,15.951084467071947
epqdaau9,25,3,ptg8lmto,23,512,5120,16.20846647089221
epqdaau9,25,4,cfe5vt7s,42,1536,1536,16.59692663703049
epqdaau9,26,0,pl8uabbv,33,1024,3584,17.058445800621634
epqdaau9,26,1,vc2whyaq,46,1536,3584,18.258055938152605
epqdaau9,26,2,cfe5vt7s,14,512,512,18.516377643811904
epqdaau9,26,3,x77cy643,16,512,1536,18.563491421364567
epqdaau9,26,4,vc2whyaq,24,512,5632,18.76585195364282
epqdaau9,27,0,x77cy643,16,512,1536,15.619656219034272
epqdaau9,27,1,ptg8lmto,11,0,5632,16.130183576021555
epqdaau9,27,2,x7u69zsw,16,512,1536,16.170881657080276
epqdaau9,27,3,pl8uabbv,33,1024,3584,16.527127470124274
epqdaau9,27,4,cfe5vt7s,42,1536,1536,16.70874545953597
epqdaau9,28,0,xgj4xftb,4,0,2048,15.208954819684434
epqdaau9,28,1,kbdh4tri,27,1024,512,15.526114908899274
epqdaau9,28,2,ptg8lmto,33,1024,3584,15.818308965275513
epqdaau9,28,3,cfe5vt7s,23,512,5120,15.822614224813812
epqdaau9,28,4,ptg8lmto,23,512,5120,16.230492887622443
epqdaau9,29,0,kbdh4tri,27,1024,512,14.857677641202892
epqdaau9,29,1,utfgcjfa,21,512,4096,16.799327075863832
epqdaau9,29,2,xgj4xftb,23,512,5120,16.93620364270697
epqdaau9,29,3,pl8uabbv,23,512,5120,16.981382625777456
epqdaau9,29,4,ptg8lmto,33,1024,3584,17.171300766333868
epqdaau9,30,0,utfgcjfa,31,1024,2560,11.463193345999192
epqdaau9,30,1,cfe5vt7s,22,512,4608,13.982311088290048
epqdaau9,30,2,cfe5vt7s,47,1536,4096,14.098302093488742
epqdaau9,30,3,vc2whyaq,2,0,1024,14.3511129109611
epqdaau9,30,4,utfgcjfa,45,1536,3072,14.559835820767555
epqdaau9,31,0,utfgcjfa,35,1024,4608,15.621017808658541
epqdaau9,31,1,ufdvpb81,14,512,512,17.649727851282243
epqdaau9,31,2,ufdvpb81,13,512,0,17.717908523915458
epqdaau9,31,3,hzumfsms,7,0,3584,17.784069590245245
epqdaau9,31,4,ufdvpb81,11,0,5632,18.07342190149884
epqdaau9,32,0,cfe5vt7s,1,0,512,15.02461427367551
epqdaau9,32,1,ufdvpb81,32,1024,3072,15.233734974619285
epqdaau9,32,2,cfe5vt7s,22,512,4608,16.114825651634167
epqdaau9,32,3,cfe5vt7s,21,512,4096,16.129535651406293
epqdaau9,32,4,9luzk4jm,1,0,512,16.77084659807653
epqdaau9,33,0,hzumfsms,9,0,4608,21.486286298287617
epqdaau9,33,1,hzumfsms,5,0,2560,22.76645305578349
epqdaau9,33,2,0grcilhi,3,0,1536,23.461965883135605
epqdaau9,33,3,ptg8lmto,6,0,3072,24.727432386406893
epqdaau9,33,4,71vgq3fw,22,512,4608,24.905495844051337
epqdaau9,34,0,vc2whyaq,43,1536,2048,14.010129721506678
epqdaau9,34,1,pl8uabbv,50,1536,5632,14.042598451180604
epqdaau9,34,2,x7u69zsw,18,512,2560,14.948837954493658
epqdaau9,34,3,kbdh4tri,18,512,2560,15.00220098940707
epqdaau9,34,4,mgxahqnk,32,1024,3072,15.992562391360106
epqdaau9,35,0,tuy3zymq,50,1536,5632,14.207879695324694
epqdaau9,35,1,pl8uabbv,40,1536,512,15.459236729316785
epqdaau9,35,2,ptg8lmto,27,1024,512,17.646612653522897
epqdaau9,35,3,utfgcjfa,43,1536,2048,17.99598124075308
epqdaau9,35,4,pl8uabbv,48,1536,4608,18.115649723261786
epqdaau9,36,0,kbdh4tri,19,512,3072,16.623713562473874
epqdaau9,36,1,kbdh4tri,42,1536,1536,16.75274299150632
epqdaau9,36,2,vc2whyaq,21,512,4096,17.060222645151576
epqdaau9,36,3,xgj4xftb,7,0,3584,17.177417745447205
epqdaau9,36,4,tuy3zymq,40,1536,512,17.581842254249096
epqdaau9,37,0,utfgcjfa,31,1024,2560,13.980734966415334
epqdaau9,37,1,x77cy643,42,1536,1536,14.957825104488274
epqdaau9,37,2,pl8uabbv,33,1024,3584,15.21442570617691
epqdaau9,37,3,ufdvpb81,10,0,5120,15.78903085736941
epqdaau9,37,4,vc2whyaq,21,512,4096,15.931031839434704
epqdaau9,38,0,utfgcjfa,31,1024,2560,13.023953196609297
epqdaau9,38,1,cfe5vt7s,22,512,4608,15.16493764349378
epqdaau9,38,2,x7u69zsw,17,512,2048,15.288224715335689
epqdaau9,38,3,cfe5vt7s,47,1536,4096,16.059507485407277
epqdaau9,38,4,hzumfsms,42,1536,1536,16.126100240159463
epqdaau9,39,0,pl8uabbv,44,1536,2560,14.998567797598094
epqdaau9,39,1,vc2whyaq,23,512,5120,15.54870441677605
epqdaau9,39,2,vc2whyaq,24,512,5632,17.02055477698165
epqdaau9,39,3,ufdvpb81,25,512,6144,17.219003005995546
epqdaau9,39,4,kbdh4tri,13,512,0,18.120450325332406
epqdaau9,40,0,utfgcjfa,7,0,3584,15.262046429819225
epqdaau9,40,1,ptg8lmto,33,1024,3584,15.424601306760678
epqdaau9,40,2,hzumfsms,7,0,3584,15.873195208162548
epqdaau9,40,3,x77cy643,47,1536,4096,16.231622074842164
epqdaau9,40,4,mgxahqnk,16,512,1536,16.943421224649956
epqdaau9,41,0,cfe5vt7s,23,512,5120,17.65106377338325
epqdaau9,41,1,vc2whyaq,41,1536,1024,17.783240852818075
epqdaau9,41,2,ufdvpb81,14,512,512,19.404132814836252
epqdaau9,41,3,x77cy643,0,0,0,20.06004820834092
epqdaau9,41,4,pl8uabbv,22,512,4608,20.528402217019806
epqdaau9,42,0,ptg8lmto,5,0,2560,19.13046911637837
epqdaau9,42,1,utfgcjfa,43,1536,2048,19.31110100199699
epqdaau9,42,2,tuy3zymq,50,1536,5632,19.33792988231333
epqdaau9,42,3,ufdvpb81,25,512,6144,20.20393683523896
epqdaau9,42,4,hzumfsms,45,1536,3072,20.75690188285239
epqdaau9,43,0,ufdvpb81,25,512,6144,16.165530271118303
epqdaau9,43,1,ptg8lmto,26,1024,0,16.94416232587677
epqdaau9,43,2,xgj4xftb,33,1024,3584,17.78457982405253
epqdaau9,43,3,hzumfsms,45,1536,3072,18.2937811746888
epqdaau9,43,4,tuy3zymq,50,1536,5632,18.785635017173963
epqdaau9,44,0,pl8uabbv,40,1536,512,15.819087934851822
epqdaau9,44,1,pl8uabbv,44,1536,2560,16.77125617919483
epqdaau9,44,2,vc2whyaq,23,512,5120,17.881390301460403
epqdaau9,44,3,x7u69zsw,1,0,512,18.42828739307225
epqdaau9,44,4,vc2whyaq,24,512,5632,18.79308864631331
epqdaau9,45,0,pl8uabbv,44,1536,2560,17.077433536654894
epqdaau9,45,1,pl8uabbv,17,512,2048,18.034655657839114
epqdaau9,45,2,vc2whyaq,23,512,5120,18.269790708482127
epqdaau9,45,3,pl8uabbv,40,1536,512,18.59883357928914
epqdaau9,45,4,mgxahqnk,6,0,3072,19.439217145281415
epqdaau9,46,0,utfgcjfa,43,1536,2048,16.764188583361726
epqdaau9,46,1,tuy3zymq,50,1536,5632,17.55575618809133
epqdaau9,46,2,ptg8lmto,27,1024,512,18.153599948309658
epqdaau9,46,3,ptg8lmto,26,1024,0,19.3446090022043
epqdaau9,46,4,utfgcjfa,2,0,1024,19.415886453138285
epqdaau9,47,0,xgj4xftb,4,0,2048,18.931543975122672
epqdaau9,47,1,vc2whyaq,24,512,5632,19.541436312004624
epqdaau9,47,2,ufdvpb81,10,0,5120,19.5664594606846
epqdaau9,47,3,pl8uabbv,40,1536,512,20.258096321188013
epqdaau9,47,4,utfgcjfa,31,1024,2560,20.469148904796526
epqdaau9,48,0,ptg8lmto,5,0,2560,18.903582953436715
epqdaau9,48,1,pl8uabbv,44,1536,2560,19.237326220991907
epqdaau9,48,2,utfgcjfa,2,0,1024,19.427921917198613
epqdaau9,48,3,pl8uabbv,40,1536,512,20.6342686197658
epqdaau9,48,4,utfgcjfa,43,1536,2048,20.737085483647785
epqdaau9,49,0,x7u69zsw,13,512,0,13.3870001981416
epqdaau9,49,1,hzumfsms,45,1536,3072,14.34873967410039
epqdaau9,49,2,vc2whyaq,23,512,5120,15.64808372946694
epqdaau9,49,3,kbdh4tri,13,512,0,15.72873177573357
epqdaau9,49,4,pl8uabbv,46,1536,3584,16.177030676255665
epqdaau9,50,0,0grcilhi,36,1024,5120,14.33637081987169
epqdaau9,50,1,utfgcjfa,20,512,3584,15.912327627264505
epqdaau9,50,2,mgxahqnk,6,0,3072,16.732913688382386
epqdaau9,50,3,pl8uabbv,16,512,1536,16.99389034690828
epqdaau9,50,4,vc2whyaq,21,512,4096,17.29081948568232
epqdaau9,51,0,ptg8lmto,7,0,3584,15.01270504290902
epqdaau9,51,1,hawkfj64,0,0,0,15.441548771923973
epqdaau9,51,2,71vgq3fw,1,0,512,15.522420478532265
epqdaau9,51,3,9luzk4jm,47,1536,4096,16.036469888718745
epqdaau9,51,4,cfe5vt7s,2,0,1024,16.16657011641755
i9jiqjwl,0,0,pl8uabbv,49,1536,5120,15.766501052091753
i9jiqjwl,0,1,ptg8lmto,2,0,1024,16.23386140552063
i9jiqjwl,0,2,utfgcjfa,31,1024,2560,17.349271002856224
i9jiqjwl,0,3,x77cy643,48,1536,4608,17.440492520832183
i9jiqjwl,0,4,mgxahqnk,15,512,1024,17.46376252999262
i9jiqjwl,1,0,xgj4xftb,26,1024,0,15.270050175522856
i9jiqjwl,1,1,utfgcjfa,15,512,1024,15.679138218277082
i9jiqjwl,1,2,pl8uabbv,47,1536,4096,16.726453817272255
i9jiqjwl,1,3,ufdvpb81,23,512,5120,16.78515336892006
i9jiqjwl,1,4,vc2whyaq,28,1024,1024,17.215249388454577
i9jiqjwl,2,0,x77cy643,21,512,4096,18.72716239047811
i9jiqjwl,2,1,pl8uabbv,11,0,5632,19.466271958272788
i9jiqjwl,2,2,cfe5vt7s,47,1536,4096,19.75138850395052
i9jiqjwl,2,3,pl8uabbv,6,0,3072,20.71510323333288
i9jiqjwl,2,4,utfgcjfa,31,1024,2560,20.753325064092532
i9jiqjwl,3,0,cfe5vt7s,0,0,0,17.733471582544464
i9jiqjwl,3,1,vc2whyaq,23,512,5120,18.279818834885337
i9jiqjwl,3,2,cfe5vt7s,42,1536,1536,18.984178896504652
i9jiqjwl,3,3,pl8uabbv,17,512,2048,19.936044038004507
i9jiqjwl,3,4,x77cy643,19,512,3072,19.963487527085917
i9jiqjwl,4,0,71vgq3fw,30,1024,2048,14.222086264525037
i9jiqjwl,4,1,x7u69zsw,10,0,5120,16.773207258433168
i9jiqjwl,4,2,utfgcjfa,49,1536,5120,18.004218731510708
i9jiqjwl,4,3,mgxahqnk,3,0,1536,18.189914138026445
i9jiqjwl,4,4,kbdh4tri,43,1536,2048,18.830644484999944
i9jiqjwl,5,0,71vgq3fw,11,0,5632,16.094885604210337
i9jiqjwl,5,1,mgxahqnk,23,512,5120,16.450262674917887
i9jiqjwl,5,2,kbdh4tri,45,1536,3072,17.21527880649408
i9jiqjwl,5,3,tuy3zymq,4,0,2048,17.902982329923255
i9jiqjwl,5,4,kbdh4tri,40,1536,512,18.106593531352733
i9jiqjwl,6,0,vc2whyaq,28,1024,1024,15.610444187434283
i9jiqjwl,6,1,hzumfsms,13,512,0,15.980977001008485
i9jiqjwl,6,2,cfe5vt7s,47,1536,4096,16.604421376275116
i9jiqjwl,6,3,pl8uabbv,47,1536,4096,16.663909491088475
i9jiqjwl,6,4,mgxahqnk,37,1024,5632,16.972055473329167
i9jiqjwl,7,0,hawkfj64,24,512,5632,20.51742774080113
i9jiqjwl,7,1,x77cy643,50,1536,5632,21.18537525748198
i9jiqjwl,7,2,kbdh4tri,38,1024,6144,21.428765190936865
i9jiqjwl,7,3,cfe5vt7s,4,0,2048,22.137855108065335
i9jiqjwl,7,4,0grcilhi,17,512,2048,22.26678300457354
i9jiqjwl,8,0,ufdvpb81,39,1536,0,21.018418484827375
i9jiqjwl,8,1,vc2whyaq,47,1536,4096,21.59823542200148
i9jiqjwl,8,2,vc2whyaq,16,512,1536,21.6525889561418
i9jiqjwl,8,3,pl8uabbv,51,1536,6144,21.921578192481253
i9jiqjwl,8,4,vc2whyaq,40,1536,512,22.335548790741864
i9jiqjwl,9,0,cfe5vt7s,7,0,3584,17.63009106403946
i9jiqjwl,9,1,cfe5vt7s,5,0,2560,19.67275636750803
i9jiqjwl,9,2,utfgcjfa,32,1024,3072,19.79903205961859
i9jiqjwl,9,3,ufdvpb81,45,1536,3072,19.937240669289373
i9jiqjwl,9,4,hawkfj64,25,512,6144,20.07854026891321
i9jiqjwl,10,0,xgj4xftb,21,512,4096,19.700291592004955
i9jiqjwl,10,1,cfe5vt7s,5,0,2560,19.723438731685768
i9jiqjwl,10,2,cfe5vt7s,7,0,3584,19.91505211471822
i9jiqjwl,10,3,hawkfj64,25,512,6144,20.137686870454505
i9jiqjwl,10,4,hawkfj64,35,1024,4608,21.287209374739867
i9jiqjwl,11,0,cfe5vt7s,7,0,3584,18.196810959832586
i9jiqjwl,11,1,0grcilhi,1,0,512,21.213266426160953
i9jiqjwl,11,2,hawkfj64,35,1024,4608,22.307232164762503
i9jiqjwl,11,3,vc2whyaq,31,1024,2560,22.631310290282766
i9jiqjwl,11,4,cfe5vt7s,5,0,2560,23.328257065983916
i9jiqjwl,12,0,0grcilhi,20,512,3584,16.949804473268653
i9jiqjwl,12,1,vc2whyaq,20,512,3584,18.352817491304823
i9jiqjwl,12,2,hzumfsms,32,1024,3072,18.38001659008342
i9jiqjwl,12,3,utfgcjfa,42,1536,1536,18.634892149793547
i9jiqjwl,12,4,0grcilhi,9,0,4608,18.8245428749352
i9jiqjwl,13,0,ufdvpb81,10,0,5120,15.485842615984883
i9jiqjwl,13,1,utfgcjfa,31,1024,2560,15.634550599601612
i9jiqjwl,13,2,vc2whyaq,23,512,5120,15.882939395713292
i9jiqjwl,13,3,x77cy643,42,1536,1536,15.947955725469871
i9jiqjwl,13,4,cfe5vt7s,42,1536,1536,16.923742387454
i9jiqjwl,14,0,0grcilhi,14,512,512,20.306843435723486
i9jiqjwl,14,1,vc2whyaq,21,512,4096,21.818770880558187
i9jiqjwl,14,2,ufdvpb81,15,512,1024,22.033459470238437
i9jiqjwl,14,3,cfe5vt7s,16,512,1536,22.16722389893236
i9jiqjwl,14,4,vc2whyaq,12,0,6144,22.309712173780028
i9jiqjwl,15,0,utfgcjfa,24,512,5632,18.145878014761408
i9jiqjwl,15,1,x7u69zsw,10,0,5120,20.351153386341757
i9jiqjwl,15,2,ufdvpb81,43,1536,2048,20.950246634436805
i9jiqjwl,15,3,x77cy643,9,0,4608,21.099269206436887
i9jiqjwl,15,4,hzumfsms,48,1536,4608,21.251475528607685
i9jiqjwl,16,0,utfgcjfa,31,1024,2560,13.42354094279754
i9jiqjwl,16,1,x77cy643,16,512,1536,13.498731059273407
i9jiqjwl,16,2,cfe5vt7s,22,512,4608,14.110017775688513
i9jiqjwl,16,3,cfe5vt7s,13,512,0,14.508070190974692
i9jiqjwl,16,4,cfe5vt7s,47,1536,4096,15.000277956058493
i9jiqjwl,17,0,xgj4xftb,8,0,4096,16.77004721812105
i9jiqjwl,17,1,cfe5vt7s,13,512,0,17.03989346436583
i9jiqjwl,17,2,ufdvpb81,15,512,1024,17.044462260978545
i9jiqjwl,17,3,cfe5vt7s,22,512,4608,17.27243107274406
i9jiqjwl,17,4,ufdvpb81,40,1536,512,18.120011076992753
i9jiqjwl,18,0,9luzk4jm,35,1024,4608,17.596539470912113
i9jiqjwl,18,1,hzumfsms,41,1536,1024,17.91044694620817
i9jiqjwl,18,2,xgj4xftb,8,0,4096,19.058386641204894
i9jiqjwl,18,3,9luzk4jm,20,512,3584,19.143661635767916
i9jiqjwl,18,4,vc2whyaq,51,1536,6144,19.24052280247336
i9jiqjwl,19,0,vc2whyaq,28,1024,1024,14.607795229142074
i9jiqjwl,19,1,cfe5vt7s,22,512,4608,14.627272223673744
i9jiqjwl,19,2,cfe5vt7s,47,1536,4096,15.334194538523267
i9jiqjwl,19,3,pl8uabbv,47,1536,4096,15.816142368340397
i9jiqjwl,19,4,pl8uabbv,16,512,1536,16.15874527562581
i9jiqjwl,20,0,cfe5vt7s,5,0,2560,18.062084969318956
i9jiqjwl,20,1,x77cy643,31,1024,2560,18.216596145381768
i9jiqjwl,20,2,hzumfsms,40,1536,512,18.278241298823644
i9jiqjwl,20,3,x77cy643,49,1536,5120,19.42433654607589
i9jiqjwl,20,4,cfe5vt7s,47,1536,4096,19.99404713713697
i9jiqjwl,21,0,ptg8lmto,33,1024,3584,12.621048720213889
i9jiqjwl,21,1,0grcilhi,13,512,0,14.93333104166137
i9jiqjwl,21,2,x77cy643,16,512,1536,14.940150072553122
i9jiqjwl,21,3,ptg8lmto,11,0,5632,15.548665725043053
i9jiqjwl,21,4,9luzk4jm,5,0,2560,15.558377160360585
i9jiqjwl,22,0,cfe5vt7s,20,512,3584,15.453932401673097
i9jiqjwl,22,1,utfgcjfa,42,1536,1536,17.135857646672953
i9jiqjwl,22,2,vc2whyaq,38,1024,6144,18.019882940756425
i9jiqjwl,22,3,0grcilhi,20,512,3584,19.42829238031692
i9jiqjwl,22,4,pl8uabbv,27,1024,512,19.44473894156779
i9jiqjwl,23,0,ufdvpb81,32,1024,3072,15.151242237027661
i9jiqjwl,23,1,vc2whyaq,12,0,6144,15.72632649100014
i9jiqjwl,23,2,x77cy643,12,0,6144,16.124026274028974
i9jiqjwl,23,3,x77cy643,19,512,3072,16.163940296064126
i9jiqjwl,23,4,x77cy643,5,0,2560,16.580994925629714
i9jiqjwl,24,0,vc2whyaq,38,1024,6144,18.32004845624746
i9jiqjwl,24,1,ufdvpb81,50,1536,5632,18.50916164710228
i9jiqjwl,24,2,pl8uabbv,28,1024,1024,18.743867947674488
i9jiqjwl,24,3,hzumfsms,42,1536,1536,19.091405862263752
i9jiqjwl,24,4,utfgcjfa,39,1536,0,19.31819339535878
i9jiqjwl,25,0,pl8uabbv,35,1024,4608,14.55294918152566
i9jiqjwl,25,1,x7u69zsw,13,512,0,15.152268791776352
i9jiqjwl,25,2,vc2whyaq,23,512,5120,15.777768771451987
i9jiqjwl,25,3,pl8uabbv,44,1536,2560,17.825461165115804
i9jiqjwl,25,4,utfgcjfa,2,0,1024,18.403801435137314
i9jiqjwl,26,0,ptg8lmto,23,512,5120,15.415507038528304
i9jiqjwl,26,1,utfgcjfa,2,0,1024,15.543259943592986
i9jiqjwl,26,2,mgxahqnk,31,1024,2560,16.285716114950123
i9jiqjwl,26,3,x77cy643,19,512,3072,16.414245349783112
i9jiqjwl,26,4,kbdh4tri,19,512,3072,16.702168149804177
i9jiqjwl,27,0,hzumfsms,45,1536,3072,14.759547380375892
i9jiqjwl,27,1,pl8uabbv,44,1536,2560,16.664602650268993
i9jiqjwl,27,2,ptg8lmto,35,1024,4608,16.740794587974314
i9jiqjwl,27,3,hawkfj64,26,1024,0,17.355795014357913
i9jiqjwl,27,4,vc2whyaq,23,512,5120,17.846265947428417
i9jiqjwl,28,0,ufdvpb81,10,0,5120,16.237976140354288
i9jiqjwl,28,1,ufdvpb81,23,512,5120,16.721088254045878
i9jiqjwl,28,2,utfgcjfa,31,1024,2560,17.029739455600065
i9jiqjwl,28,3,cfe5vt7s,45,1536,3072,17.102247841795165
i9jiqjwl,28,4,utfgcjfa,1,0,512,17.58626178771115
i9jiqjwl,29,0,kbdh4tri,19,512,3072,15.832169921712067
i9jiqjwl,29,1,cfe5vt7s,42,1536,1536,16.37725576491266
i9jiqjwl,29,2,vc2whyaq,12,0,6144,17.033727792261
i9jiqjwl,29,3,utfgcjfa,0,0,0,17.045595367581697
i9jiqjwl,29,4,71vgq3fw,42,1536,1536,17.089505804324357
i9jiqjwl,30,0,ptg8lmto,30,1024,2048,12.293089299652634
i9jiqjwl,30,1,cfe5vt7s,2,0,1024,16.087223809632672
i9jiqjwl,30,2,x7u69zsw,20,512,3584,16.09186286187233
i9jiqjwl,30,3,pl8uabbv,30,1024,2048,16.500353744838403
i9jiqjwl,30,4,tuy3zymq,8,0,4096,16.65148614802976
i9jiqjwl,31,0,xgj4xftb,8,0,4096,16.428341467175038
i9jiqjwl,31,1,71vgq3fw,44,1536,2560,18.529480973437845
i9jiqjwl,31,2,vc2whyaq,45,1536,3072,18.67760771946421
i9jiqjwl,31,3,mgxahqnk,34,1024,4096,19.004316209839764
i9jiqjwl,31,4,71vgq3fw,42,1536,1536,19.065302010690317
i9jiqjwl,32,0,utfgcjfa,2,0,1024,16.10111408304095
i9jiqjwl,32,1,pl8uabbv,40,1536,512,16.94689953423569
i9jiqjwl,32,2,pl8uabbv,46,1536,3584,18.344034043262536
i9jiqjwl,32,3,hzumfsms,45,1536,3072,18.358297726014197
i9jiqjwl,32,4,utfgcjfa,43,1536,2048,18.82481385178712
i9jiqjwl,33,0,ufdvpb81,15,512,1024,15.422886971133142
i9jiqjwl,33,1,utfgcjfa,31,1024,2560,15.606156428924997
i9jiqjwl,33,2,x77cy643,21,512,4096,15.707161235482836
i9jiqjwl,33,3,pl8uabbv,47,1536,4096,16.019441276818373
i9jiqjwl,33,4,71vgq3fw,3,0,1536,16.03157360512591
i9jiqjwl,34,0,vc2whyaq,39,1536,0,14.686190789436564
i9jiqjwl,34,1,tuy3zymq,41,1536,1024,15.276280880952669
i9jiqjwl,34,2,x77cy643,16,512,1536,15.689301513180347
i9jiqjwl,34,3,x77cy643,5,0,2560,15.772206889922069
i9jiqjwl,34,4,cfe5vt7s,41,1536,1024,16.101096385994012
i9jiqjwl,35,0,cfe5vt7s,22,512,4608,11.26809201455009
i9jiqjwl,35,1,utfgcjfa,31,1024,2560,14.0389856323272
i9jiqjwl,35,2,vc2whyaq,47,1536,4096,14.266493673085842
i9jiqjwl,35,3,ufdvpb81,23,512,5120,14.36530556619629
i9jiqjwl,35,4,pl8uabbv,47,1536,4096,14.495692796286834
i9jiqjwl,36,0,pl8uabbv,42,1536,1536,13.07184755136364
i9jiqjwl,36,1,vc2whyaq,21,512,4096,14.635413268676277
i9jiqjwl,36,2,pl8uabbv,16,512,1536,16.287882938944563
i9jiqjwl,36,3,pl8uabbv,47,1536,4096,16.538467206051823
i9jiqjwl,36,4,vc2whyaq,28,1024,1024,16.68627048992841
i9jiqjwl,37,0,x77cy643,36,1024,5120,14.898739351903405
i9jiqjwl,37,1,utfgcjfa,31,1024,2560,17.284559293106263
i9jiqjwl,37,2,vc2whyaq,26,1024,0,17.44760917770788
i9jiqjwl,37,3,vc2whyaq,12,0,6144,17.783988907938497
i9jiqjwl,37,4,x77cy643,9,0,4608,17.852075565062997
i9jiqjwl,38,0,utfgcjfa,24,512,5632,15.289270787893173
i9jiqjwl,38,1,pl8uabbv,47,1536,4096,15.31099908032184
i9jiqjwl,38,2,utfgcjfa,15,512,1024,16.463442840925136
i9jiqjwl,38,3,cfe5vt7s,16,512,1536,16.620379820270262
i9jiqjwl,38,4,pl8uabbv,29,1024,1536,17.04936592217036
i9jiqjwl,39,0,vc2whyaq,23,512,5120,16.251532429860823
i9jiqjwl,39,1,x77cy643,9,0,4608,16.70722898869187
i9jiqjwl,39,2,kbdh4tri,13,512,0,17.208280550368503
i9jiqjwl,39,3,pl8uabbv,44,1536,2560,17.938827429334562
i9jiqjwl,39,4,ptg8lmto,23,512,5120,17.981645523863314
i9jiqjwl,40,0,utfgcjfa,48,1536,4608,18.198973691120095
i9jiqjwl,40,1,71vgq3fw,28,1024,1024,18.507056552979225
i9jiqjwl,40,2,utfgcjfa,29,1024,1536,18.725493596302154
i9jiqjwl,40,3,vc2whyaq,47,1536,4096,19.22730013364627
i9jiqjwl,40,4,9luzk4jm,29,1024,1536,19.925029699097063
i9jiqjwl,41,0,71vgq3fw,28,1024,1024,18.773561805898506
i9jiqjwl,41,1,vc2whyaq,47,1536,4096,19.492053253388846
i9jiqjwl,41,2,utfgcjfa,48,1536,4608,19.492116455521405
i9jiqjwl,41,3,utfgcjfa,29,1024,1536,19.635043542174433
i9jiqjwl,41,4,mgxahqnk,13,512,0,20.533392049503956
i9jiqjwl,42,0,x77cy643,9,0,4608,14.140777940304691
i9jiqjwl,42,1,vc2whyaq,23,512,5120,16.05201299976548
i9jiqjwl,42,2,x77cy643,21,512,4096,16.579660863743218
i9jiqjwl,42,3,utfgcjfa,0,0,0,16.64871656735725
i9jiqjwl,42,4,vc2whyaq,26,1024,0,16.78345123518682
i9jiqjwl,43,0,x77cy643,0,0,0,14.280180243598423
i9jiqjwl,43,1,x7u69zsw,8,0,4096,14.769443235947215
i9jiqjwl,43,2,mgxahqnk,26,1024,0,15.090059966189987
i9jiqjwl,43,3,cfe5vt7s,15,512,1024,15.821881863720341
i9jiqjwl,43,4,ufdvpb81,14,512,512,16.073462127775393
i9jiqjwl,44,0,pl8uabbv,42,1536,1536,16.597038934361272
i9jiqjwl,44,1,vc2whyaq,28,1024,1024,17.183866064896172
i9jiqjwl,44,2,vc2whyaq,21,512,4096,17.294170055716478
i9jiqjwl,44,3,utfgcjfa,31,1024,2560,17.320053534464638
i9jiqjwl,44,4,x77cy643,21,512,4096,17.518626283013027
i9jiqjwl,45,0,x7u69zsw,48,1536,4608,17.00685659310165
i9jiqjwl,45,1,x77cy643,9,0,4608,19.12941166848811
i9jiqjwl,45,2,cfe5vt7s,20,512,3584,19.747017926752005
i9jiqjwl,45,3,mgxahqnk,13,512,0,19.789903619479606
i9jiqjwl,45,4,vc2whyaq,38,1024,6144,19.842001125676003
i9jiqjwl,46,0,utfgcjfa,2,0,1024,13.186924658211495
i9jiqjwl,46,1,ptg8lmto,11,0,5632,15.50765393305645
i9jiqjwl,46,2,pl8uabbv,33,1024,3584,15.688294690486249
i9jiqjwl,46,3,vc2whyaq,23,512,5120,16.679535243723567
i9jiqjwl,46,4,pl8uabbv,17,512,2048,16.968315711293084
i9jiqjwl,47,0,vc2whyaq,28,1024,1024,17.40794555445963
i9jiqjwl,47,1,utfgcjfa,29,1024,1536,17.79868677119675
i9jiqjwl,47,2,cfe5vt7s,22,512,4608,18.313312673336327
i9jiqjwl,47,3,mgxahqnk,13,512,0,18.374856328388145
i9jiqjwl,47,4,vc2whyaq,47,1536,4096,18.451490830288556
i9jiqjwl,48,0,vc2whyaq,28,1024,1024,17.055345665032547
i9jiqjwl,48,1,ufdvpb81,15,512,1024,17.110016232865988
i9jiqjwl,48,2,cfe5vt7s,30,1024,2048,17.325738919619322
i9jiqjwl,48,3,ufdvpb81,32,1024,3072,17.40080893320003
i9jiqjwl,48,4,utfgcjfa,15,512,1024,17.591825392913933
i9jiqjwl,49,0,hzumfsms,35,1024,4608,14.43596592619303
i9jiqjwl,49,1,kbdh4tri,19,512,3072,17.08874967919885
i9jiqjwl,49,2,ufdvpb81,2,0,1024,17.285622713641573
i9jiqjwl,49,3,mgxahqnk,12,0,6144,17.40182500882746
i9jiqjwl,49,4,ufdvpb81,0,0,0,17.61214550574975
i9jiqjwl,50,0,hzumfsms,29,1024,1536,17.060588424588275
i9jiqjwl,50,1,vc2whyaq,39,1536,0,18.21445604349891
i9jiqjwl,50,2,hawkfj64,17,512,2048,18.577309186078594
i9jiqjwl,50,3,vc2whyaq,51,1536,6144,18.717430644821594
i9jiqjwl,50,4,9luzk4jm,20,512,3584,19.21011757097465
i9jiqjwl,51,0,cfe5vt7s,30,1024,2048,14.492576596168176
i9jiqjwl,51,1,cfe5vt7s,16,512,1536,15.329825973702247
i9jiqjwl,51,2,pl8uabbv,29,1024,1536,15.415717656839
i9jiqjwl,51,3,pl8uabbv,47,1536,4096,15.607619901414287
i9jiqjwl,51,4,ufdvpb81,15,512,1024,16.049715384176512
r17byphk,0,0,9luzk4jm,46,1536,3584,16.213224295904965
r17byphk,0,1,cfe5vt7s,47,1536,4096,16.733640540516635
r17byphk,0,2,utfgcjfa,31,1024,2560,17.23760603133972
r17byphk,0,3,9luzk4jm,1,0,512,17.34218213856756
r17byphk,0,4,cfe5vt7s,13,512,0,17.719817984365296
r17byphk,1,0,kbdh4tri,50,1536,5632,17.497106590724695
r17byphk,1,1,kbdh4tri,3,0,1536,17.720368500834443
r17byphk,1,2,ptg8lmto,11,0,5632,17.731119438351605
r17byphk,1,3,mgxahqnk,5,0,2560,18.04464258609285
r17byphk,1,4,pl8uabbv,40,1536,512,18.14129782646062
r17byphk,2,0,0grcilhi,0,0,0,14.414270917300994
r17byphk,2,1,xgj4xftb,2,0,1024,15.853342263994625
r17byphk,2,2,mgxahqnk,37,1024,5632,16.362430662414422
r17byphk,2,3,kbdh4tri,25,512,6144,16.500334420582163
r17byphk,2,4,9luzk4jm,30,1024,2048,16.997983800959013
r17byphk,3,0,utfgcjfa,31,1024,2560,14.953609614634232
r17byphk,3,1,x77cy643,12,0,6144,15.235643982448646
r17byphk,3,2,x77cy643,16,512,1536,15.775453963125127
r17byphk,3,3,cfe5vt7s,42,1536,1536,15.97214651625139
r17byphk,3,4,vc2whyaq,46,1536,3584,16.294988190454916
r17byphk,4,0,x7u69zsw,41,1536,1024,16.259956833346152
r17byphk,4,1,pl8uabbv,35,1024,4608,16.48415973977773
r17byphk,4,2,0grcilhi,14,512,512,17.789131924538175
r17byphk,4,3,mgxahqnk,35,1024,4608,18.051099584717427
r17byphk,4,4,cfe5vt7s,23,512,5120,18.233713551748313
r17byphk,5,0,9luzk4jm,47,1536,4096,13.99588359865079
r17byphk,5,1,cfe5vt7s,2,0,1024,15.553880013172778
r17byphk,5,2,ptg8lmto,33,1024,3584,16.047912570859214
r17byphk,5,3,tuy3zymq,16,512,1536,17.507233759944153
r17byphk,5,4,0grcilhi,13,512,0,17.732520978913524
r17byphk,6,0,utfgcjfa,49,1536,5120,14.723638620151577
r17byphk,6,1,9luzk4jm,42,1536,1536,17.160632249730437
r17byphk,6,2,kbdh4tri,26,1024,0,17.20075420843372
r17byphk,6,3,cfe5vt7s,20,512,3584,17.244934310247608
r17byphk,6,4,vc2whyaq,12,0,6144,17.29747946502894
r17byphk,7,0,pl8uabbv,40,1536,512,11.297730603638174
r17byphk,7,1,x7u69zsw,26,1024,0,13.944606642908806
r17byphk,7,2,kbdh4tri,3,0,1536,15.207992543752411
r17byphk,7,3,71vgq3fw,1,0,512,15.357890897823134
r17byphk,7,4,pl8uabbv,46,1536,3584,15.361268847640366
r17byphk,8,0,pl8uabbv,33,1024,3584,14.81528088527686
r17byphk,8,1,0grcilhi,37,1024,5632,16.154834162126466
r17byphk,8,2,ufdvpb81,10,0,5120,16.562919255407998
r17byphk,8,3,utfgcjfa,31,1024,2560,16.594953133660937
r17byphk,8,4,x77cy643,16,512,1536,16.617396030767008
r17byphk,9,0,ptg8lmto,33,1024,3584,13.503435087103936
r17byphk,9,1,cfe5vt7s,47,1536,4096,14.540324063485253
r17byphk,9,2,utfgcjfa,18,512,2560,15.135699662354554
r17byphk,9,3,hzumfsms,14,512,512,15.377678824474883
r17byphk,9,4,71vgq3fw,42,1536,1536,15.472910216289437
r17byphk,10,0,x7u69zsw,49,1536,5120,14.620312614760527
r17byphk,10,1,vc2whyaq,26,1024,0,16.276249526414905
r17byphk,10,2,cfe5vt7s,42,1536,1536,16.368564140382656
r17byphk,10,3,vc2whyaq,24,512,5632,16.81551214035323
r17byphk,10,4,ufdvpb81,10,0,5120,16.87526511882799
r17byphk,11,0,cfe5vt7s,47,1536,4096,16.956973922666293
r17byphk,11,1,x77cy643,5,0,2560,17.000935347034673
r17byphk,11,2,hzumfsms,14,512,512,17.242709866945827
r17byphk,11,3,utfgcjfa,29,1024,1536,17.317718795635475
r17byphk,11,4,x77cy643,35,1024,4608,17.57466324966741
r17byphk,12,0,hzumfsms,50,1536,5632,12.278273515896233
r17byphk,12,1,vc2whyaq,44,1536,2560,13.608078393056344
r17byphk,12,2,0grcilhi,29,1024,1536,13.853933477109802
r17byphk,12,3,mgxahqnk,16,512,1536,13.864069230912538
r17byphk,12,4,utfgcjfa,18,512,2560,14.267361086549238
r17byphk,13,0,x77cy643,36,1024,5120,17.714079272862964
r17byphk,13,1,utfgcjfa,31,1024,2560,20.13770779093344
r17byphk,13,2,xgj4xftb,35,1024,4608,20.14228689750498
r17byphk,13,3,pl8uabbv,40,1536,512,20.475097162598292
r17byphk,13,4,xgj4xftb,31,1024,2560,20.64195131515383
r17byphk,14,0,ufdvpb81,47,1536,4096,21.66269000361646
r17byphk,14,1,0grcilhi,25,512,6144,23.079885482727118
r17byphk,14,2,cfe5vt7s,46,1536,3584,25.17023099056151
r17byphk,14,3,utfgcjfa,38,1024,6144,25.19092642288687
r17byphk,14,4,hzumfsms,7,0,3584,25.374695458555315
r17byphk,15,0,hzumfsms,31,1024,2560,19.49916455842574
r17byphk,15,1,9luzk4jm,50,1536,5632,19.55057719247216
r17byphk,15,2,pl8uabbv,4,0,2048,20.296569246646072
r17byphk,15,3,pl8uabbv,16,512,1536,20.312904636341845
r17byphk,15,4,hzumfsms,24,512,5632,20.370962109054517
r17byphk,16,0,x77cy643,46,1536,3584,14.470752940893409
r17byphk,16,1,vc2whyaq,39,1536,0,16.304964221198397
r17byphk,16,2,kbdh4tri,38,1024,6144,16.696421485658384
r17byphk,16,3,hawkfj64,31,1024,2560,17.10830381820482
r17byphk,16,4,0grcilhi,11,0,5632,17.20363798352677
r17byphk,17,0,utfgcjfa,39,1536,0,17.626970788427137
r17byphk,17,1,tuy3zymq,39,1536,0,17.64940240504413
r17byphk,17,2,cfe5vt7s,20,512,3584,17.821056992892753
r17byphk,17,3,hzumfsms,5,0,2560,18.17636695722617
r17byphk,17,4,x77cy643,21,512,4096,18.301357741524768
r17byphk,18,0,hawkfj64,35,1024,4608,15.346308132459443
r17byphk,18,1,x77cy643,24,512,5632,17.932883981185753
r17byphk,18,2,hawkfj64,34,1024,4096,18.007112534249597
r17byphk,18,3,pl8uabbv,27,1024,512,18.244809672237718
r17byphk,18,4,mgxahqnk,16,512,1536,18.460455530807593
r17byphk,19,0,mgxahqnk,38,1024,6144,16.28088520044883
r17byphk,19,1,cfe5vt7s,22,512,4608,16.599686554083696
r17byphk,19,2,hzumfsms,5,0,2560,16.868027387262174
r17byphk,19,3,utfgcjfa,48,1536,4608,16.998119425544996
r17byphk,19,4,x77cy643,36,1024,5120,17.417134822109144
r17byphk,20,0,hzumfsms,5,0,2560,12.453099593288396
r17byphk,20,1,cfe5vt7s,22,512,4608,15.148003766839846
r17byphk,20,2,vc2whyaq,47,1536,4096,15.941724126258734
r17byphk,20,3,hzumfsms,24,512,5632,16.26238560779945
r17byphk,20,4,cfe5vt7s,47,1536,4096,16.57638528890792
r17byphk,21,0,cfe5vt7s,1,0,512,15.53991318067861
r17byphk,21,1,ufdvpb81,14,512,512,16.921955618994012
r17byphk,21,2,cfe5vt7s,30,1024,2048,17.169119996467078
r17byphk,21,3,cfe5vt7s,23,512,5120,17.266581186639396
r17byphk,21,4,mgxahqnk,26,1024,0,17.293168434555696
r17byphk,22,0,pl8uabbv,42,1536,1536,16.47821700988778
r17byphk,22,1,ptg8lmto,36,1024,5120,17.23642551709934
r17byphk,22,2,71vgq3fw,23,512,5120,18.135987510549473
r17byphk,22,3,kbdh4tri,48,1536,4608,18.337173824583886
r17byphk,22,4,0grcilhi,19,512,3072,18.830088990046043
r17byphk,23,0,71vgq3fw,3,0,1536,15.489606942572575
r17byphk,23,1,cfe5vt7s,20,512,3584,15.521219044620667
r17byphk,23,2,ufdvpb81,15,512,1024,16.721726203788666
r17byphk,23,3,vc2whyaq,20,512,3584,17.828564081654203
r17byphk,23,4,utfgcjfa,39,1536,0,18.101787774350377
r17byphk,24,0,71vgq3fw,33,1024,3584,18.279398990671165
r17byphk,24,1,utfgcjfa,42,1536,1536,18.846791971129242
r17byphk,24,2,pl8uabbv,25,512,6144,19.013667642240527
r17byphk,24,3,cfe5vt7s,20,512,3584,19.499940764275646
r17byphk,24,4,9luzk4jm,8,0,4096,19.577048223958563
r17byphk,25,0,71vgq3fw,42,1536,1536,15.26946561966444
r17byphk,25,1,vc2whyaq,46,1536,3584,15.49349075028815
r17byphk,25,2,utfgcjfa,47,1536,4096,15.93959444427619
r17byphk,25,3,cfe5vt7s,14,512,512,15.96554763686079
r17byphk,25,4,pl8uabbv,22,512,4608,16.727713278573983
r17byphk,26,0,x77cy643,33,1024,3584,15.727327465507397
r17byphk,26,1,hzumfsms,5,0,2560,16.881239684304102
r17byphk,26,2,x77cy643,15,512,1024,17.440251351146447
r17byphk,26,3,pl8uabbv,16,512,1536,17.902252941547424
r17byphk,26,4,hzumfsms,24,512,5632,18.00454195026662
r17byphk,27,0,ufdvpb81,40,1536,512,19.72703082964399
r17byphk,27,1,utfgcjfa,49,1536,5120,20.99268903616711
r17byphk,27,2,pl8uabbv,27,1024,512,21.823092569015486
r17byphk,27,3,utfgcjfa,38,1024,6144,22.019615368283127
r17byphk,27,4,x77cy643,46,1536,3584,22.318763304681028
r17byphk,28,0,pl8uabbv,48,1536,4608,15.42818688846855
r17byphk,28,1,ptg8lmto,27,1024,512,17.356467091387035
r17byphk,28,2,ptg8lmto,7,0,3584,19.0734688268529
r17byphk,28,3,9luzk4jm,7,0,3584,19.47786843470053
r17byphk,28,4,cfe5vt7s,40,1536,512,19.672628981911977
r17byphk,29,0,9luzk4jm,18,512,2560,17.04670761981825
r17byphk,29,1,x77cy643,24,512,5632,17.05263982032409
r17byphk,29,2,vc2whyaq,16,512,1536,17.493957232056104
r17byphk,29,3,vc2whyaq,39,1536,0,18.01183721100601
r17byphk,29,4,hzumfsms,21,512,4096,18.24039234769218
r17byphk,30,0,hzumfsms,33,1024,3584,15.491011160231555
r17byphk,30,1,utfgcjfa,29,1024,1536,15.56478602201283
r17byphk,30,2,9luzk4jm,33,1024,3584,16.01918489972012
r17byphk,30,3,utfgcjfa,1,0,512,16.227971489439536
r17byphk,30,4,9luzk4jm,35,1024,4608,16.285079445041927
r17byphk,31,0,9luzk4jm,19,512,3072,13.840624979895034
r17byphk,31,1,utfgcjfa,19,512,3072,15.123130277821984
r17byphk,31,2,9luzk4jm,46,1536,3584,15.798105032675721
r17byphk,31,3,9luzk4jm,12,0,6144,15.88479028823878
r17byphk,31,4,hzumfsms,22,512,4608,16.698386187233698
r17byphk,32,0,utfgcjfa,31,1024,2560,14.810131114146708
r17byphk,32,1,cfe5vt7s,47,1536,4096,16.18586209561616
r17byphk,32,2,cfe5vt7s,22,512,4608,16.505572172936393
r17byphk,32,3,pl8uabbv,6,0,3072,16.7792925431502
r17byphk,32,4,vc2whyaq,28,1024,1024,17.09013782775139
r17byphk,33,0,xgj4xftb,8,0,4096,13.383292284510286
r17byphk,33,1,x77cy643,35,1024,4608,14.44027810071086
r17byphk,33,2,9luzk4jm,46,1536,3584,14.607744580049834
r17byphk,33,3,utfgcjfa,31,1024,2560,15.105678699783406
r17byphk,33,4,tuy3zymq,40,1536,512,15.344113002522729
r17byphk,34,0,0grcilhi,13,512,0,14.889137974036412
r17byphk,34,1,pl8uabbv,23,512,5120,15.404652965587772
r17byphk,34,2,ptg8lmto,33,1024,3584,15.865161006774944
r17byphk,34,3,x77cy643,33,1024,3584,15.913946361083704
r17byphk,34,4,pl8uabbv,47,1536,4096,16.44668368707252
r17byphk,35,0,x77cy643,5,0,2560,14.19530091185999
r17byphk,35,1,cfe5vt7s,13,512,0,14.259484439144959
r17byphk,35,2,utfgcjfa,31,1024,2560,14.373624510053482
r17byphk,35,3,utfgcjfa,15,512,1024,14.659389310310232
r17byphk,35,4,vc2whyaq,21,512,4096,15.254157763381325
r17byphk,36,0,hzumfsms,7,0,3584,22.56862597700707
r17byphk,36,1,ufdvpb81,40,1536,512,23.118687287141803
r17byphk,36,2,cfe5vt7s,13,512,0,23.838820777507607
r17byphk,36,3,cfe5vt7s,43,1536,2048,23.98857327876678
r17byphk,36,4,utfgcjfa,41,1536,1024,24.138035588851476
r17byphk,37,0,tuy3zymq,19,512,3072,18.32101331897577
r17byphk,37,1,9luzk4jm,16,512,1536,18.386868028242276
r17byphk,37,2,x77cy643,35,1024,4608,18.391010420339736
r17byphk,37,3,xgj4xftb,8,0,4096,18.437104125511993
r17byphk,37,4,hawkfj64,36,1024,5120,18.536676533596975
r17byphk,38,0,cfe5vt7s,37,1024,5632,13.720693320820716
r17byphk,38,1,9luzk4jm,1,0,512,14.783871400959281
r17byphk,38,2,ufdvpb81,23,512,5120,15.674428692838738
r17byphk,38,3,mgxahqnk,8,0,4096,15.7562310766626
r17byphk,38,4,hzumfsms,33,1024,3584,16.66101064907446
r17byphk,39,0,vc2whyaq,28,1024,1024,16.108866419579858
r17byphk,39,1,cfe5vt7s,30,1024,2048,16.846921315879793
r17byphk,39,2,cfe5vt7s,43,1536,2048,16.879281454582486
r17byphk,39,3,0grcilhi,30,1024,2048,17.056368452164467
r17byphk,39,4,utfgcjfa,39,1536,0,17.207735345896506
r17byphk,40,0,utfgcjfa,39,1536,0,11.613329779367067
r17byphk,40,1,cfe5vt7s,45,1536,3072,15.107022659586361
r17byphk,40,2,ufdvpb81,15,512,1024,16.34928827842816
r17byphk,40,3,pl8uabbv,29,1024,1536,16.51455328932253
r17byphk,40,4,pl8uabbv,47,1536,4096,16.842127567792833
r17byphk,41,0,hzumfsms,13,512,0,13.053937943787568
r17byphk,41,1,vc2whyaq,45,1536,3072,13.55249920308438
r17byphk,41,2,cfe5vt7s,47,1536,4096,15.161944284338887
r17byphk,41,3,tuy3zymq,23,512,5120,15.378380763480958
r17byphk,41,4,71vgq3fw,44,1536,2560,15.624239082622227
r17byphk,42,0,tuy3zymq,8,0,4096,16.890533959271753
r17byphk,42,1,mgxahqnk,0,0,0,17.544377084778777
r17byphk,42,2,x7u69zsw,13,512,0,17.62041484251064
r17byphk,42,3,pl8uabbv,40,1536,512,17.73233000230882
r17byphk,42,4,x7u69zsw,26,1024,0,17.83248274483732
r17byphk,43,0,9luzk4jm,12,0,6144,15.655917289280472
r17byphk,43,1,9luzk4jm,19,512,3072,15.993722177721985
r17byphk,43,2,9luzk4jm,46,1536,3584,16.661836474037326
r17byphk,43,3,utfgcjfa,19,512,3072,16.884838115487728
r17byphk,43,4,0grcilhi,3,0,1536,17.36452807303602
r17byphk,44,0,tuy3zymq,38,1024,6144,18.503652077227486
r17byphk,44,1,hawkfj64,22,512,4608,18.639506232508445
r17byphk,44,2,ptg8lmto,16,512,1536,19.68814798455017
r17byphk,44,3,ufdvpb81,40,1536,512,20.079689363839435
r17byphk,44,4,vc2whyaq,9,0,4608,20.204455139177103
r17byphk,45,0,cfe5vt7s,37,1024,5632,14.032870263454223
r17byphk,45,1,kbdh4tri,45,1536,3072,15.128568839018017
r17byphk,45,2,x7u69zsw,7,0,3584,16.62605980438755
r17byphk,45,3,x77cy643,33,1024,3584,16.74609668054284
r17byphk,45,4,hzumfsms,33,1024,3584,17.104872992907413
r17byphk,46,0,cfe5vt7s,34,1024,4096,15.788748112786967
r17byphk,46,1,x77cy643,35,1024,4608,17.72809431890287
r17byphk,46,2,71vgq3fw,33,1024,3584,18.10323930071018
r17byphk,46,3,hawkfj64,20,512,3584,18.13685691991061
r17byphk,46,4,mgxahqnk,8,0,4096,18.57860500319451
r17byphk,47,0,71vgq3fw,46,1536,3584,16.888782133586496
r17byphk,47,1,x77cy643,47,1536,4096,17.2724083445678
r17byphk,47,2,ptg8lmto,16,512,1536,17.88845981697848
r17byphk,47,3,x7u69zsw,22,512,4608,18.514989623218998
r17byphk,47,4,xgj4xftb,34,1024,4096,18.863743305959254
r17byphk,48,0,utfgcjfa,39,1536,0,14.458250697912115
r17byphk,48,1,ufdvpb81,15,512,1024,14.617333198496006
r17byphk,48,2,ufdvpb81,23,512,5120,14.777334686449363
r17byphk,48,3,utfgcjfa,1,0,512,15.160223445861517
r17byphk,48,4,xgj4xftb,26,1024,0,15.447407689603494
r17byphk,49,0,utfgcjfa,18,512,2560,16.14021646402501
r17byphk,49,1,vc2whyaq,6,0,3072,16.902599559451506
r17byphk,49,2,pl8uabbv,4,0,2048,17.444060375889453
r17byphk,49,3,mgxahqnk,12,0,6144,18.05062453745355
r17byphk,49,4,x77cy643,33,1024,3584,18.079985751637444
r17byphk,50,0,vc2whyaq,47,1536,4096,14.07945033768654
r17byphk,50,1,utfgcjfa,29,1024,1536,17.003769623268465
r17byphk,50,2,0grcilhi,9,0,4608,17.130479773073667
r17byphk,50,3,vc2whyaq,20,512,3584,17.416790884048712
r17byphk,50,4,vc2whyaq,19,512,3072,17.869701145035688
r17byphk,51,0,cfe5vt7s,47,1536,4096,13.548262966364195
r17byphk,51,1,vc2whyaq,39,1536,0,15.014061802110254
r17byphk,51,2,cfe5vt7s,22,512,4608,15.906633136414323
r17byphk,51,3,utfgcjfa,31,1024,2560,16.038346087424586
r17byphk,51,4,xgj4xftb,8,0,4096,16.05807680414072
rxax5ozo,0,0,xgj4xftb,8,0,4096,15.893280474045866
rxax5ozo,0,1,hzumfsms,14,512,512,16.38988844878654
rxax5ozo,0,2,kbdh4tri,31,1024,2560,16.443874391489004
rxax5ozo,0,3,utfgcjfa,8,0,4096,16.904123860511486
rxax5ozo,0,4,9luzk4jm,11,0,5632,18.057408777992695
rxax5ozo,1,0,utfgcjfa,3,0,1536,18.02956487711536
rxax5ozo,1,1,pl8uabbv,33,1024,3584,18.571819102679072
rxax5ozo,1,2,cfe5vt7s,2,0,1024,18.646398320801012
rxax5ozo,1,3,utfgcjfa,35,1024,4608,18.834793521789205
rxax5ozo,1,4,tuy3zymq,31,1024,2560,19.174422647844708
rxax5ozo,2,0,cfe5vt7s,20,512,3584,17.132073390596688
rxax5ozo,2,1,x77cy643,9,0,4608,17.200951664949343
rxax5ozo,2,2,71vgq3fw,3,0,1536,18.07250597617521
rxax5ozo,2,3,pl8uabbv,28,1024,1024,18.2877249971309
rxax5ozo,2,4,71vgq3fw,9,0,4608,18.470783764694744
rxax5ozo,3,0,x77cy643,35,1024,4608,14.768198961217752
rxax5ozo,3,1,0grcilhi,5,0,2560,16.319702484276547
rxax5ozo,3,2,0grcilhi,2,0,1024,16.458190258810063
rxax5ozo,3,3,tuy3zymq,19,512,3072,16.490648849784765
rxax5ozo,3,4,xgj4xftb,8,0,4096,17.81868243508908
rxax5ozo,4,0,vc2whyaq,45,1536,3072,14.4847486272334
rxax5ozo,4,1,xgj4xftb,4,0,2048,14.564053733678257
rxax5ozo,4,2,hzumfsms,14,512,512,15.346030100773229
rxax5ozo,4,3,kbdh4tri,27,1024,512,15.428898783000454
rxax5ozo,4,4,utfgcjfa,21,512,4096,15.759084193059286
rxax5ozo,5,0,utfgcjfa,18,512,2560,14.871105727738927
rxax5ozo,5,1,pl8uabbv,47,1536,4096,15.707970092141558
rxax5ozo,5,2,utfgcjfa,21,512,4096,15.90693758165835
rxax5ozo,5,3,pl8uabbv,29,1024,1536,15.979449709607827
rxax5ozo,5,4,0grcilhi,10,0,5120,16.407922126100058
rxax5ozo,6,0,71vgq3fw,25,512,6144,13.882963956260687
rxax5ozo,6,1,utfgcjfa,7,0,3584,13.941332757513376
rxax5ozo,6,2,hzumfsms,35,1024,4608,15.178307156852695
rxax5ozo,6,3,hawkfj64,4,0,2048,17.664262282113807
rxax5ozo,6,4,hzumfsms,7,0,3584,17.854104257733383
rxax5ozo,7,0,cfe5vt7s,22,512,4608,11.61150296542961
rxax5ozo,7,1,hzumfsms,42,1536,1536,15.107543323758074
rxax5ozo,7,2,cfe5vt7s,47,1536,4096,15.195441944393792
rxax5ozo,7,3,vc2whyaq,28,1024,1024,15.489529500688972
rxax5ozo,7,4,hzumfsms,13,512,0,15.628544450724744
rxax5ozo,8,0,x77cy643,31,1024,2560,14.539057506320976
rxax5ozo,8,1,x77cy643,28,1024,1024,14.86672411593684
rxax5ozo,8,2,mgxahqnk,8,0,4096,17.921400927622216
rxax5ozo,8,3,x77cy643,43,1536,2048,18.57374093953093
rxax5ozo,8,4,cfe5vt7s,37,1024,5632,18.686706413482103
rxax5ozo,9,0,pl8uabbv,17,512,2048,15.645854708734475
rxax5ozo,9,1,ufdvpb81,10,0,5120,16.960472722901695
rxax5ozo,9,2,utfgcjfa,39,1536,0,17.61958998835057
rxax5ozo,9,3,x77cy643,12,0,6144,17.826378712404438
rxax5ozo,9,4,ufdvpb81,50,1536,5632,18.307366622073637
rxax5ozo,10,0,utfgcjfa,15,512,1024,14.174308677757764
rxax5ozo,10,1,utfgcjfa,31,1024,2560,15.391747206572264
rxax5ozo,10,2,xgj4xftb,8,0,4096,15.475714538284414
rxax5ozo,10,3,9luzk4jm,1,0,512,15.487422443156213
rxax5ozo,10,4,cfe5vt7s,13,512,0,15.560828703368479
rxax5ozo,11,0,9luzk4jm,20,512,3584,15.820937240095146
rxax5ozo,11,1,kbdh4tri,38,1024,6144,16.945646856493667
rxax5ozo,11,2,vc2whyaq,16,512,1536,17.341778770689242
rxax5ozo,11,3,9luzk4jm,12,0,6144,17.43312641164228
rxax5ozo,11,4,ptg8lmto,28,1024,1024,17.4643469342211
rxax5ozo,12,0,mgxahqnk,3,0,1536,16.3807552197938
rxax5ozo,12,1,utfgcjfa,21,512,4096,16.94423479506438
rxax5ozo,12,2,x77cy643,24,512,5632,17.113746799399355
rxax5ozo,12,3,hawkfj64,21,512,4096,17.15318593013437
rxax5ozo,12,4,x7u69zsw,24,512,5632,17.86213230226736
rxax5ozo,13,0,vc2whyaq,6,0,3072,11.728243855619713
rxax5ozo,13,1,utfgcjfa,18,512,2560,12.698331587764814
rxax5ozo,13,2,hzumfsms,50,1536,5632,13.96444005713428
rxax5ozo,13,3,0grcilhi,29,1024,1536,14.807036060806185
rxax5ozo,13,4,ptg8lmto,33,1024,3584,14.832076628423021
rxax5ozo,14,0,pl8uabbv,43,1536,2048,16.94811884684436
rxax5ozo,14,1,cfe5vt7s,22,512,4608,17.281438986193123
rxax5ozo,14,2,utfgcjfa,20,512,3584,17.29976006681381
rxax5ozo,14,3,9luzk4jm,18,512,2560,17.40846321459837
rxax5ozo,14,4,utfgcjfa,8,0,4096,17.59047597154162
rxax5ozo,15,0,cfe5vt7s,44,1536,2560,15.87114635884073
rxax5ozo,15,1,vc2whyaq,26,1024,0,16.00976556799461
rxax5ozo,15,2,mgxahqnk,13,512,0,18.106706966430227
rxax5ozo,15,3,ufdvpb81,50,1536,5632,18.950294321431954
rxax5ozo,15,4,ufdvpb81,15,512,1024,19.37399125372764
rxax5ozo,16,0,x77cy643,35,1024,4608,13.874992691725819
rxax5ozo,16,1,hawkfj64,20,512,3584,14.713481270700013
rxax5ozo,16,2,tuy3zymq,29,1024,1536,16.008350814295053
rxax5ozo,16,3,mgxahqnk,8,0,4096,16.371871487242835
rxax5ozo,16,4,9luzk4jm,2,0,1024,16.593543042233595
rxax5ozo,17,0,x77cy643,16,512,1536,11.764189463818424
rxax5ozo,17,1,vc2whyaq,46,1536,3584,13.113574184465758
rxax5ozo,17,2,x77cy643,47,1536,4096,13.838994390759646
rxax5ozo,17,3,ptg8lmto,33,1024,3584,14.483735743760409
rxax5ozo,17,4,hzumfsms,7,0,3584,15.013122534996631
rxax5ozo,18,0,pl8uabbv,27,1024,512,16.45325543581831
rxax5ozo,18,1,utfgcjfa,31,1024,2560,17.111899824306995
rxax5ozo,18,2,utfgcjfa,39,1536,0,17.531304149243034
rxax5ozo,18,3,vc2whyaq,39,1536,0,17.579473354935935
rxax5ozo,18,4,hawkfj64,36,1024,5120,17.73405835520456
rxax5ozo,19,0,utfgcjfa,31,1024,2560,14.457158464130288
rxax5ozo,19,1,pl8uabbv,6,0,3072,14.530905378644349
rxax5ozo,19,2,utfgcjfa,35,1024,4608,15.482305061505947
rxax5ozo,19,3,pl8uabbv,47,1536,4096,16.31615063880944
rxax5ozo,19,4,utfgcjfa,1,0,512,16.428259355713685
rxax5ozo,20,0,pl8uabbv,42,1536,1536,16.393512777835326
rxax5ozo,20,1,ptg8lmto,36,1024,5120,16.98842342222334
rxax5ozo,20,2,0grcilhi,19,512,3072,17.45660664164236
rxax5ozo,20,3,mgxahqnk,3,0,1536,18.461027751343366
rxax5ozo,20,4,hawkfj64,22,512,4608,18.784351492939297
rxax5ozo,21,0,pl8uabbv,42,1536,1536,17.776142464808906
rxax5ozo,21,1,vc2whyaq,2,0,1024,18.210572451937953
rxax5ozo,21,2,x7u69zsw,41,1536,1024,18.2218672478071
rxax5ozo,21,3,vc2whyaq,21,512,4096,18.262106991691137
rxax5ozo,21,4,0grcilhi,19,512,3072,18.307036987627683
rxax5ozo,22,0,ptg8lmto,11,0,5632,16.729583918705643
rxax5ozo,22,1,ptg8lmto,6,0,3072,16.8480321313416
rxax5ozo,22,2,ptg8lmto,26,1024,0,18.50003444475125
rxax5ozo,22,3,x7u69zsw,26,1024,0,18.532134293843683
rxax5ozo,22,4,pl8uabbv,40,1536,512,18.95486990635642
rxax5ozo,23,0,hzumfsms,24,512,5632,14.235314524794202
rxax5ozo,23,1,pl8uabbv,4,0,2048,15.48512830993537
rxax5ozo,23,2,hzumfsms,5,0,2560,15.64816587453644
rxax5ozo,23,3,utfgcjfa,27,1024,512,16.82727582360343
rxax5ozo,23,4,utfgcjfa,15,512,1024,17.017349711423527
rxax5ozo,24,0,pl8uabbv,6,0,3072,13.279175702656513
rxax5ozo,24,1,vc2whyaq,28,1024,1024,15.762803374965745
rxax5ozo,24,2,pl8uabbv,47,1536,4096,16.426627674669508
rxax5ozo,24,3,cfe5vt7s,47,1536,4096,16.497601499927544
rxax5ozo,24,4,pl8uabbv,11,0,5632,16.501899355264108
rxax5ozo,25,0,hzumfsms,30,1024,2048,16.050020893043083
rxax5ozo,25,1,vc2whyaq,16,512,1536,16.264571039259803
rxax5ozo,25,2,vc2whyaq,40,1536,512,16.514658069287744
rxax5ozo,25,3,9luzk4jm,20,512,3584,16.90720466146899
rxax5ozo,25,4,vc2whyaq,51,1536,6144,17.307559446094324
rxax5ozo,26,0,x77cy643,42,1536,1536,19.89730455775517
rxax5ozo,26,1,vc2whyaq,24,512,5632,20.045316539931555
rxax5ozo,26,2,utfgcjfa,31,1024,2560,20.109940468706945
rxax5ozo,26,3,0grcilhi,14,512,512,20.326145754996627
rxax5ozo,26,4,ufdvpb81,10,0,5120,20.341002703930027
rxax5ozo,27,0,vc2whyaq,39,1536,0,14.45228556386772
rxax5ozo,27,1,kbdh4tri,38,1024,6144,16.679435166768652
rxax5ozo,27,2,hzumfsms,50,1536,5632,17.138261541912705
rxax5ozo,27,3,ptg8lmto,1,0,512,17.32734813315356
rxax5ozo,27,4,kbdh4tri,49,1536,5120,18.166579657483002
rxax5ozo,28,0,tuy3zymq,29,1024,1536,14.170016569870091
rxax5ozo,28,1,kbdh4tri,49,1536,5120,14.554431816045579
rxax5ozo,28,2,ptg8lmto,15,512,1024,15.253003567477128
rxax5ozo,28,3,hawkfj64,36,1024,5120,15.971737803324325
rxax5ozo,28,4,vc2whyaq,39,1536,0,16.45445200243887
rxax5ozo,29,0,vc2whyaq,20,512,3584,14.360787612524172
rxax5ozo,29,1,cfe5vt7s,33,1024,3584,16.974528351333724
rxax5ozo,29,2,0grcilhi,9,0,4608,17.091367621811347
rxax5ozo,29,3,vc2whyaq,47,1536,4096,17.430834024834375
rxax5ozo,29,4,pl8uabbv,43,1536,2048,17.439445899708296
rxax5ozo,30,0,vc2whyaq,43,1536,2048,15.651128614860802
rxax5ozo,30,1,cfe5vt7s,14,512,512,16.451556777708742
rxax5ozo,30,2,cfe5vt7s,23,512,5120,17.45468524106443
rxax5ozo,30,3,x7u69zsw,13,512,0,17.83333685518564
rxax5ozo,30,4,cfe5vt7s,39,1536,0,18.201435657165614
rxax5ozo,31,0,ufdvpb81,10,0,5120,14.336795705154666
rxax5ozo,31,1,pl8uabbv,33,1024,3584,14.429674509142398
rxax5ozo,31,2,utfgcjfa,31,1024,2560,14.979805791201805
rxax5ozo,31,3,x77cy643,42,1536,1536,16.509328979192137
rxax5ozo,31,4,ufdvpb81,32,1024,3072,16.528054154096118
rxax5ozo,32,0,pl8uabbv,11,0,5632,17.379087324484097
rxax5ozo,32,1,pl8uabbv,16,512,1536,18.054984183948946
rxax5ozo,32,2,pl8uabbv,47,1536,4096,19.0269896203862
rxax5ozo,32,3,pl8uabbv,17,512,2048,20.03362986566144
rxax5ozo,32,4,cfe5vt7s,22,512,4608,20.08536199594886
rxax5ozo,33,0,0grcilhi,14,512,512,16.136967228173965
rxax5ozo,33,1,vc2whyaq,21,512,4096,17.19426149876752
rxax5ozo,33,2,cfe5vt7s,1,0,512,17.811941291830195
rxax5ozo,33,3,mgxahqnk,26,1024,0,18.043096030129174
rxax5ozo,33,4,x7u69zsw,8,0,4096,18.659735804702592
rxax5ozo,34,0,vc2whyaq,23,512,5120,15.592777361068869
rxax5ozo,34,1,utfgcjfa,31,1024,2560,16.24535816902584
rxax5ozo,34,2,x77cy643,19,512,3072,16.456872149775183
rxax5ozo,34,3,pl8uabbv,40,1536,512,16.476057323595168
rxax5ozo,34,4,cfe5vt7s,42,1536,1536,16.51045490160339
rxax5ozo,35,0,utfgcjfa,38,1024,6144,18.506428091346887
rxax5ozo,35,1,0grcilhi,25,512,6144,18.62519590913425
rxax5ozo,35,2,ufdvpb81,47,1536,4096,20.63059843186035
rxax5ozo,35,3,ptg8lmto,7,0,3584,20.819829722073255
rxax5ozo,35,4,cfe5vt7s,2,0,1024,21.30576707463321
rxax5ozo,36,0,ptg8lmto,28,1024,1024,14.283712889756531
rxax5ozo,36,1,utfgcjfa,49,1536,5120,14.909883998756257
rxax5ozo,36,2,mgxahqnk,34,1024,4096,15.431434540602536
rxax5ozo,36,3,0grcilhi,11,0,5632,16.674433370713135
rxax5ozo,36,4,kbdh4tri,32,1024,3072,16.677411060759567
rxax5ozo,37,0,0grcilhi,10,0,5120,15.020352376491001
rxax5ozo,37,1,ptg8lmto,33,1024,3584,15.070200577674946
rxax5ozo,37,2,0grcilhi,13,512,0,15.21265045176497
rxax5ozo,37,3,x77cy643,47,1536,4096,15.99411435629982
rxax5ozo,37,4,pl8uabbv,23,512,5120,16.732028728461827
rxax5ozo,38,0,pl8uabbv,33,1024,3584,15.62890365711307
rxax5ozo,38,1,x77cy643,19,512,3072,16.231922252891334
rxax5ozo,38,2,utfgcjfa,31,1024,2560,16.852906171105666
rxax5ozo,38,3,ufdvpb81,10,0,5120,17.079994122523193
rxax5ozo,38,4,pl8uabbv,40,1536,512,17.124619373645487
rxax5ozo,39,0,x77cy643,46,1536,3584,14.245894647881185
rxax5ozo,39,1,kbdh4tri,38,1024,6144,15.655986814900803
rxax5ozo,39,2,vc2whyaq,39,1536,0,15.850170780773437
rxax5ozo,39,3,mgxahqnk,12,0,6144,16.19584355242916
rxax5ozo,39,4,x7u69zsw,33,1024,3584,16.509337942923928
rxax5ozo,40,0,xgj4xftb,32,1024,3072,16.607554563292883
rxax5ozo,40,1,ptg8lmto,2,0,1024,17.09163177433788
rxax5ozo,40,2,x77cy643,49,1536,5120,18.005458698457936
rxax5ozo,40,3,hzumfsms,35,1024,4608,18.04846251428953
rxax5ozo,40,4,hzumfsms,46,1536,3584,18.68113689431666
rxax5ozo,41,0,xgj4xftb,33,1024,3584,15.752684549766375
rxax5ozo,41,1,mgxahqnk,0,0,0,16.135071869834825
rxax5ozo,41,2,pl8uabbv,40,1536,512,18.158883329334387
rxax5ozo,41,3,cfe5vt7s,14,512,512,18.350539614128042
rxax5ozo,41,4,x7u69zsw,13,512,0,18.98132983945403
rxax5ozo,42,0,kbdh4tri,38,1024,6144,17.630040905770635
rxax5ozo,42,1,hawkfj64,13,512,0,17.690833425025822
rxax5ozo,42,2,hawkfj64,35,1024,4608,18.131965250710795
rxax5ozo,42,3,ptg8lmto,20,512,3584,18.223013970312568
rxax5ozo,42,4,9luzk4jm,18,512,2560,18.57993761225427
rxax5ozo,43,0,9luzk4jm,7,0,3584,17.194439784817035
rxax5ozo,43,1,tuy3zymq,8,0,4096,19.824776257924103
rxax5ozo,43,2,xgj4xftb,35,1024,4608,20.274559842152865
rxax5ozo,43,3,kbdh4tri,50,1536,5632,20.449770178651864
rxax5ozo,43,4,71vgq3fw,1,0,512,21.502137869411236
rxax5ozo,44,0,x7u69zsw,13,512,0,13.19379421606723
rxax5ozo,44,1,utfgcjfa,9,0,4608,15.61804994354689
rxax5ozo,44,2,utfgcjfa,3,0,1536,16.661688805677976
rxax5ozo,44,3,hzumfsms,45,1536,3072,16.682743789634287
rxax5ozo,44,4,x77cy643,19,512,3072,16.759241736141327
rxax5ozo,45,0,cfe5vt7s,23,512,5120,13.556341675067477
rxax5ozo,45,1,71vgq3fw,21,512,4096,15.053452812295156
rxax5ozo,45,2,71vgq3fw,43,1536,2048,15.094355177606982
rxax5ozo,45,3,vc2whyaq,12,0,6144,15.127459332355466
rxax5ozo,45,4,ptg8lmto,23,512,5120,15.815423378102228
rxax5ozo,46,0,9luzk4jm,20,512,3584,12.932228426260071
rxax5ozo,46,1,vc2whyaq,40,1536,512,15.559120519651437
rxax5ozo,46,2,vc2whyaq,16,512,1536,16.82642735039937
rxax5ozo,46,3,vc2whyaq,39,1536,0,16.918671834333523
rxax5ozo,46,4,ptg8lmto,21,512,4096,17.037260028276773
rxax5ozo,47,0,vc2whyaq,50,1536,5632,15.933813960342713
rxax5ozo,47,1,0grcilhi,13,512,0,16.253987326912945
rxax5ozo,47,2,hawkfj64,22,512,4608,16.94238208681618
rxax5ozo,47,3,ptg8lmto,33,1024,3584,18.164201234497824
rxax5ozo,47,4,hawkfj64,25,512,6144,18.338781808883343
rxax5ozo,48,0,vc2whyaq,25,512,6144,18.544880124188243
rxax5ozo,48,1,x7u69zsw,51,1536,6144,21.076433206809916
rxax5ozo,48,2,x77cy643,44,1536,2560,21.4570767482379
rxax5ozo,48,3,kbdh4tri,24,512,5632,21.659263582918058
rxax5ozo,48,4,ptg8lmto,32,1024,3072,21.799487612784887
rxax5ozo,49,0,cfe5vt7s,41,1536,1024,16.287296746487176
rxax5ozo,49,1,vc2whyaq,28,1024,1024,16.42535159028457
rxax5ozo,49,2,x77cy643,35,1024,4608,16.44380758740352
rxax5ozo,49,3,cfe5vt7s,47,1536,4096,16.586902376619467
rxax5ozo,49,4,x7u69zsw,17,512,2048,16.660067448757896
rxax5ozo,50,0,pl8uabbv,27,1024,512,16.305076842850617
rxax5ozo,50,1,vc2whyaq,47,1536,4096,16.505176386956528
rxax5ozo,50,2,x77cy643,24,512,5632,16.736616986947205
rxax5ozo,50,3,mgxahqnk,28,1024,1024,17.170094470501912
rxax5ozo,50,4,kbdh4tri,45,1536,3072,17.270015987779328
rxax5ozo,51,0,vc2whyaq,47,1536,4096,16.30643795300318
rxax5ozo,51,1,vc2whyaq,40,1536,512,16.376386114762223
rxax5ozo,51,2,pl8uabbv,39,1536,0,17.82034066355052
rxax5ozo,51,3,vc2whyaq,20,512,3584,18.472415658594358
rxax5ozo,51,4,hawkfj64,36,1024,5120,18.738333579099663
