site,patch_id,rank,ref_site,ref_patch_id,ref_y0,ref_x0,distance
4ih2ggld,0,0,cfe5vt7s,22,512,4608,14.491821401443504
4ih2ggld,0,1,utfgcjfa,50,1536,5632,14.932399413450593
4ih2ggld,0,2,vc2whyaq,26,1024,0,15.780609622179975
4ih2ggld,0,3,vc2whyaq,20,512,3584,15.866807138408564
4ih2ggld,0,4,ptg8lmto,3,0,1536,16.438462389626984
4ih2ggld,1,0,vc2whyaq,21,512,4096,14.663894724780969
4ih2ggld,1,1,vc2whyaq,2,0,1024,15.78006674705226
4ih2ggld,1,2,vc2whyaq,4,0,2048,15.801994808819794
4ih2ggld,1,3,utfgcjfa,31,1024,2560,17.009731008014235
4ih2ggld,1,4,utfgcjfa,16,512,1536,17.306709300714278
4ih2ggld,2,0,utfgcjfa,50,1536,5632,16.688106885374868
4ih2ggld,2,1,ufdvpb81,23,512,5120,17.50265596880122
4ih2ggld,2,2,vc2whyaq,49,1536,5120,17.91286984052155
4ih2ggld,2,3,pl8uabbv,39,1536,0,18.19788347644648
4ih2ggld,2,4,cfe5vt7s,22,512,4608,18.43748756561545
4ih2ggld,3,0,vc2whyaq,24,512,5632,15.766351918606697
4ih2ggld,3,1,vc2whyaq,2,0,1024,16.549772891072912
4ih2ggld,3,2,vc2whyaq,37,1024,5632,16.848737872873052
4ih2ggld,3,3,utfgcjfa,8,0,4096,16.867278449776595
4ih2ggld,3,4,vc2whyaq,21,512,4096,17.06144708157527
4ih2ggld,4,0,utfgcjfa,31,1024,2560,14.17244074926728
4ih2ggld,4,1,vc2whyaq,21,512,4096,14.240689412519945
4ih2ggld,4,2,utfgcjfa,1,0,512,15.817647311159435
4ih2ggld,4,3,x77cy643,5,0,2560,16.073089811558052
4ih2ggld,4,4,x77cy643,32,1024,3072,16.09051166630574
4ih2ggld,5,0,vc2whyaq,12,0,6144,16.928443719958533
4ih2ggld,5,1,tuy3zymq,41,1536,1024,17.412569226904964
4ih2ggld,5,2,pl8uabbv,27,1024,512,18.32908010986418
4ih2ggld,5,3,kbdh4tri,41,1536,1024,18.385928649898617
4ih2ggld,5,4,kbdh4tri,12,0,6144,18.471891376327278
4ih2ggld,6,0,utfgcjfa,9,0,4608,19.700656522614793
4ih2ggld,6,1,x77cy643,1,0,512,19.99711351939561
4ih2ggld,6,2,xgj4xftb,35,1024,4608,20.268138253506777
4ih2ggld,6,3,pl8uabbv,3,0,1536,20.36672189033502
4ih2ggld,6,4,xgj4xftb,4,0,2048,21.03942461537355
4ih2ggld,7,0,x77cy643,1,0,512,15.96381078432159
4ih2ggld,7,1,ufdvpb81,10,0,5120,17.823488755231896
4ih2ggld,7,2,xgj4xftb,4,0,2048,18.08165463330765
4ih2ggld,7,3,71vgq3fw,25,512,6144,18.251879521108894
4ih2ggld,7,4,x7u69zsw,1,0,512,19.20918311391292
4ih2ggld,8,0,kbdh4tri,48,1536,4608,13.498514790004805
4ih2ggld,8,1,hzumfsms,49,1536,5120,13.543951704168709
4ih2ggld,8,2,hzumfsms,5,0,2560,14.542136032712358
4ih2ggld,8,3,pl8uabbv,43,1536,2048,14.763862147054281
4ih2ggld,8,4,utfgcjfa,22,512,4608,15.220412702624548
4ih2ggld,9,0,utfgcjfa,31,1024,2560,16.398480746505957
4ih2ggld,9,1,cfe5vt7s,45,1536,3072,16.703348562305333
4ih2ggld,9,2,9luzk4jm,13,512,0,16.781809428292238
4ih2ggld,9,3,cfe5vt7s,21,512,4096,17.206815570929518
4ih2ggld,9,4,ptg8lmto,3,0,1536,17.41246783327892
4ih2ggld,10,0,ptg8lmto,21,512,4096,13.19278628813355
4ih2ggld,10,1,utfgcjfa,33,1024,3584,13.429599847147259
4ih2ggld,10,2,kbdh4tri,48,1536,4608,13.615229345659005
4ih2ggld,10,3,kbdh4tri,24,512,5632,13.853044679671571
4ih2ggld,10,4,vc2whyaq,19,512,3072,13.904598348915721
4ih2ggld,11,0,xgj4xftb,4,0,2048,17.635191587104696
4ih2ggld,11,1,71vgq3fw,25,512,6144,17.945427404169955
4ih2ggld,11,2,pl8uabbv,36,1024,5120,18.12846049644935
4ih2ggld,11,3,x77cy643,1,0,512,18.470655601299168
4ih2ggld,11,4,cfe5vt7s,0,0,0,18.506553761647293
4ih2ggld,12,0,tuy3zymq,14,512,512,14.655506651870306
4ih2ggld,12,1,utfgcjfa,5,0,2560,14.695081448331697
4ih2ggld,12,2,tuy3zymq,18,512,2560,14.887936639605492
4ih2ggld,12,3,kbdh4tri,41,1536,1024,15.319268917983766
4ih2ggld,12,4,x7u69zsw,13,512,0,15.519098564274477
4ih2ggld,13,0,tuy3zymq,32,1024,3072,15.820813171079042
4ih2ggld,13,1,0grcilhi,5,0,2560,17.203076195559813
4ih2ggld,13,2,utfgcjfa,33,1024,3584,17.649852597352922
4ih2ggld,13,3,vc2whyaq,10,0,5120,17.695356371546534
4ih2ggld,13,4,vc2whyaq,20,512,3584,18.214065794707235
4ih2ggld,14,0,utfgcjfa,31,1024,2560,14.052179003658203
4ih2ggld,14,1,x77cy643,12,0,6144,14.170767123356951
4ih2ggld,14,2,pl8uabbv,24,512,5632,15.55301003078168
4ih2ggld,14,3,utfgcjfa,1,0,512,16.055300736029736
4ih2ggld,14,4,x7u69zsw,0,0,0,16.27858342389352
4ih2ggld,15,0,x77cy643,5,0,2560,17.553888352173743
4ih2ggld,15,1,tuy3zymq,18,512,2560,17.561558414687493
4ih2ggld,15,2,tuy3zymq,16,512,1536,17.68623951041798
4ih2ggld,15,3,utfgcjfa,5,0,2560,17.747719192972113
4ih2ggld,15,4,0grcilhi,20,512,3584,17.81200868214876
4ih2ggld,16,0,ptg8lmto,0,0,0,16.30749148928227
4ih2ggld,16,1,xgj4xftb,4,0,2048,16.359465101020525
4ih2ggld,16,2,71vgq3fw,25,512,6144,17.23589416529073
4ih2ggld,16,3,x7u69zsw,1,0,512,17.422531024200428
4ih2ggld,16,4,0grcilhi,4,0,2048,17.833922552434885
4ih2ggld,17,0,utfgcjfa,31,1024,2560,15.17038183737483
4ih2ggld,17,1,x77cy643,12,0,6144,16.090030737995928
4ih2ggld,17,2,x77cy643,16,512,1536,16.364377486615826
4ih2ggld,17,3,vc2whyaq,0,0,0,16.935130372714056
4ih2ggld,17,4,utfgcjfa,16,512,1536,17.532888554870393
4ih2ggld,18,0,pl8uabbv,24,512,5632,16.23464809026712
4ih2ggld,18,1,xgj4xftb,7,0,3584,16.548585305687297
4ih2ggld,18,2,cfe5vt7s,20,512,3584,16.71881375651226
4ih2ggld,18,3,pl8uabbv,28,1024,1024,16.960640311411588
4ih2ggld,18,4,x77cy643,33,1024,3584,17.080850536262503
4ih2ggld,19,0,vc2whyaq,46,1536,3584,14.91347993901321
4ih2ggld,19,1,0grcilhi,37,1024,5632,16.148523178134397
4ih2ggld,19,2,vc2whyaq,43,1536,2048,16.908227764123748
4ih2ggld,19,3,vc2whyaq,4,0,2048,17.093905627622654
4ih2ggld,19,4,x7u69zsw,14,512,512,17.450180477967262
4ih2ggld,20,0,ptg8lmto,33,1024,3584,16.037862795929634
4ih2ggld,20,1,ptg8lmto,9,0,4608,17.055676102426478
4ih2ggld,20,2,tuy3zymq,30,1024,2048,17.44087463657803
4ih2ggld,20,3,x7u69zsw,2,0,1024,17.923063305009627
4ih2ggld,20,4,pl8uabbv,31,1024,2560,18.008652706496388
4ih2ggld,21,0,vc2whyaq,48,1536,4608,15.592477372574802
4ih2ggld,21,1,utfgcjfa,23,512,5120,17.1761003646117
4ih2ggld,21,2,vc2whyaq,2,0,1024,18.014069555758386
4ih2ggld,21,3,9luzk4jm,10,0,5120,18.187739229258476
4ih2ggld,21,4,0grcilhi,24,512,5632,18.22809128364118
4ih2ggld,22,0,x77cy643,48,1536,4608,14.117323435040994
4ih2ggld,22,1,utfgcjfa,31,1024,2560,14.70138938230252
4ih2ggld,22,2,x7u69zsw,0,0,0,15.147581702406434
4ih2ggld,22,3,71vgq3fw,14,512,512,15.348567281713207
4ih2ggld,22,4,ptg8lmto,9,0,4608,15.905893337760174
4ih2ggld,23,0,vc2whyaq,21,512,4096,12.56990293410788
4ih2ggld,23,1,utfgcjfa,22,512,4608,12.671937164157868
4ih2ggld,23,2,pl8uabbv,4,0,2048,13.870589729773203
4ih2ggld,23,3,utfgcjfa,31,1024,2560,13.944923740253802
4ih2ggld,23,4,pl8uabbv,43,1536,2048,14.535748743094842
4ih2ggld,24,0,utfgcjfa,22,512,4608,15.668430098677797
4ih2ggld,24,1,pl8uabbv,18,512,2560,16.32648722087078
4ih2ggld,24,2,utfgcjfa,31,1024,2560,16.601256374778167
4ih2ggld,24,3,vc2whyaq,21,512,4096,16.62670661437057
4ih2ggld,24,4,utfgcjfa,15,512,1024,16.88555299289321
4ih2ggld,25,0,xgj4xftb,16,512,1536,17.525711259653537
4ih2ggld,25,1,utfgcjfa,35,1024,4608,17.576629884053762
4ih2ggld,25,2,ufdvpb81,10,0,5120,17.96214413861794
4ih2ggld,25,3,vc2whyaq,24,512,5632,18.35952065079601
4ih2ggld,25,4,vc2whyaq,21,512,4096,18.59001824400916
4ih2ggld,26,0,x77cy643,42,1536,1536,17.806134105990953
4ih2ggld,26,1,utfgcjfa,50,1536,5632,17.945280812018517
4ih2ggld,26,2,kbdh4tri,41,1536,1024,18.16615462528616
4ih2ggld,26,3,tuy3zymq,29,1024,1536,18.28337873747442
4ih2ggld,26,4,kbdh4tri,31,1024,2560,18.30515158661109
4ih2ggld,27,0,utfgcjfa,31,1024,2560,14.829140560244632
4ih2ggld,27,1,vc2whyaq,21,512,4096,15.293194125560614
4ih2ggld,27,2,x7u69zsw,17,512,2048,15.83695831472931
4ih2ggld,27,3,x77cy643,12,0,6144,17.198538446007216
4ih2ggld,27,4,x7u69zsw,0,0,0,17.316902671857253
4ih2ggld,28,0,x7u69zsw,17,512,2048,16.602207243530874
4ih2ggld,28,1,cfe5vt7s,21,512,4096,17.69472125128818
4ih2ggld,28,2,hzumfsms,40,1536,512,17.719134195806568
4ih2ggld,28,3,x77cy643,32,1024,3072,17.934737516370774
4ih2ggld,28,4,x77cy643,12,0,6144,18.13061159537826
4ih2ggld,29,0,vc2whyaq,21,512,4096,17.554358810357506
4ih2ggld,29,1,x77cy643,27,1024,512,17.760157032972817
4ih2ggld,29,2,utfgcjfa,31,1024,2560,18.178271083058807
4ih2ggld,29,3,ufdvpb81,10,0,5120,18.36724829694857
4ih2ggld,29,4,pl8uabbv,4,0,2048,18.397264819700855
4ih2ggld,30,0,pl8uabbv,51,1536,6144,15.277513330777511
4ih2ggld,30,1,pl8uabbv,28,1024,1024,15.88086025823996
4ih2ggld,30,2,mgxahqnk,28,1024,1024,16.006834500285795
4ih2ggld,30,3,cfe5vt7s,20,512,3584,16.338073282429466
4ih2ggld,30,4,xgj4xftb,26,1024,0,16.624546727674726
4ih2ggld,31,0,vc2whyaq,37,1024,5632,19.01902749102777
4ih2ggld,31,1,x77cy643,11,0,5632,19.605905791575307
4ih2ggld,31,2,pl8uabbv,16,512,1536,19.877462743486593
4ih2ggld,31,3,vc2whyaq,42,1536,1536,20.54150058501694
4ih2ggld,31,4,vc2whyaq,21,512,4096,20.752016287374893
4ih2ggld,32,0,9luzk4jm,34,1024,4096,13.30574868198812
4ih2ggld,32,1,tuy3zymq,30,1024,2048,14.255200653143024
4ih2ggld,32,2,pl8uabbv,51,1536,6144,15.086775552752416
4ih2ggld,32,3,hzumfsms,5,0,2560,15.231224200121913
4ih2ggld,32,4,9luzk4jm,32,1024,3072,15.315789323987005
4ih2ggld,33,0,pl8uabbv,31,1024,2560,16.8884521128684
4ih2ggld,33,1,ptg8lmto,33,1024,3584,16.954346599990036
4ih2ggld,33,2,vc2whyaq,36,1024,5120,17.99155557733574
4ih2ggld,33,3,vc2whyaq,1,0,512,18.044499465497896
4ih2ggld,33,4,xgj4xftb,28,1024,1024,18.131215974195474
4ih2ggld,34,0,x77cy643,1,0,512,18.174892640655244
4ih2ggld,34,1,utfgcjfa,43,1536,2048,18.57909026895936
4ih2ggld,34,2,pl8uabbv,36,1024,5120,19.909408960125777
4ih2ggld,34,3,mgxahqnk,17,512,2048,19.999490085211825
4ih2ggld,34,4,mgxahqnk,18,512,2560,21.199588712708383
4ih2ggld,35,0,ufdvpb81,42,1536,1536,15.968198275013677
4ih2ggld,35,1,71vgq3fw,3,0,1536,16.033599452080026
4ih2ggld,35,2,x77cy643,33,1024,3584,16.339328698242667
4ih2ggld,35,3,71vgq3fw,22,512,4608,16.410407191477344
4ih2ggld,35,4,pl8uabbv,51,1536,6144,16.472737170459762
4ih2ggld,36,0,kbdh4tri,41,1536,1024,17.15114666465518
4ih2ggld,36,1,xgj4xftb,16,512,1536,17.333875414626704
4ih2ggld,36,2,cfe5vt7s,43,1536,2048,18.455365814196778
4ih2ggld,36,3,x77cy643,26,1024,0,18.65559354294909
4ih2ggld,36,4,vc2whyaq,21,512,4096,18.99251084675648
4ih2ggld,37,0,utfgcjfa,50,1536,5632,13.24599512302853
4ih2ggld,37,1,cfe5vt7s,22,512,4608,15.76220145602738
4ih2ggld,37,2,x77cy643,42,1536,1536,16.730919401723888
4ih2ggld,37,3,vc2whyaq,20,512,3584,16.871509185039482
4ih2ggld,37,4,cfe5vt7s,21,512,4096,17.202634694106546
4ih2ggld,38,0,xgj4xftb,7,0,3584,17.745396971030814
4ih2ggld,38,1,x77cy643,37,1024,5632,17.767962240473572
4ih2ggld,38,2,xgj4xftb,26,1024,0,17.940485312682615
4ih2ggld,38,3,utfgcjfa,5,0,2560,18.062636466113723
4ih2ggld,38,4,x7u69zsw,7,0,3584,18.12114130772933
4ih2ggld,39,0,pl8uabbv,36,1024,5120,19.381479752226454
4ih2ggld,39,1,xgj4xftb,4,0,2048,20.485069682426797
4ih2ggld,39,2,71vgq3fw,25,512,6144,21.043733282055573
4ih2ggld,39,3,x77cy643,1,0,512,21.158455266227598
4ih2ggld,39,4,utfgcjfa,2,0,1024,22.210246302378806
4ih2ggld,40,0,xgj4xftb,4,0,2048,13.586729892320102
4ih2ggld,40,1,ufdvpb81,10,0,5120,13.637812040582347
4ih2ggld,40,2,xgj4xftb,16,512,1536,17.394768789972098
4ih2ggld,40,3,x77cy643,27,1024,512,17.401329120602725
4ih2ggld,40,4,hawkfj64,11,0,5632,17.774266819599205
4ih2ggld,41,0,xgj4xftb,4,0,2048,20.323157409083827
4ih2ggld,41,1,ufdvpb81,10,0,5120,21.6791101408382
4ih2ggld,41,2,x77cy643,1,0,512,21.699432051702843
4ih2ggld,41,3,71vgq3fw,7,0,3584,21.734505340097893
4ih2ggld,41,4,71vgq3fw,25,512,6144,21.739888354323277
4ih2ggld,42,0,pl8uabbv,3,0,1536,15.917028480034306
4ih2ggld,42,1,pl8uabbv,36,1024,5120,21.45881645351468
4ih2ggld,42,2,x77cy643,1,0,512,21.932047099974206
4ih2ggld,42,3,xgj4xftb,4,0,2048,22.903117934810144
4ih2ggld,42,4,utfgcjfa,43,1536,2048,22.97687514536164
4ih2ggld,43,0,xgj4xftb,35,1024,4608,18.867278094730516
4ih2ggld,43,1,pl8uabbv,40,1536,512,19.825535525729798
4ih2ggld,43,2,pl8uabbv,18,512,2560,19.946379898471413
4ih2ggld,43,3,ptg8lmto,27,1024,512,20.383573031462035
4ih2ggld,43,4,71vgq3fw,30,1024,2048,20.463353429780753
4ih2ggld,44,0,xgj4xftb,6,0,3072,19.840023148637897
4ih2ggld,44,1,pl8uabbv,21,512,4096,20.520913291222474
4ih2ggld,44,2,xgj4xftb,36,1024,5120,20.750089345783962
4ih2ggld,44,3,cfe5vt7s,38,1024,6144,21.488159926630875
4ih2ggld,44,4,71vgq3fw,1,0,512,21.727510940627518
4ih2ggld,45,0,vc2whyaq,21,512,4096,14.89754987000972
4ih2ggld,45,1,kbdh4tri,41,1536,1024,15.000599860422176
4ih2ggld,45,2,xgj4xftb,16,512,1536,16.157591039683737
4ih2ggld,45,3,vc2whyaq,12,0,6144,16.267897005768326
4ih2ggld,45,4,x7u69zsw,13,512,0,16.536194578633534
4ih2ggld,46,0,x7u69zsw,2,0,1024,15.35299364339727
4ih2ggld,46,1,pl8uabbv,31,1024,2560,15.389972626706603
4ih2ggld,46,2,ptg8lmto,33,1024,3584,16.717767469256973
4ih2ggld,46,3,pl8uabbv,18,512,2560,16.826634776052128
4ih2ggld,46,4,pl8uabbv,38,1024,6144,16.860693199882036
4ih2ggld,47,0,pl8uabbv,4,0,2048,15.420235937106552
4ih2ggld,47,1,vc2whyaq,21,512,4096,15.565964477003797
4ih2ggld,47,2,ptg8lmto,31,1024,2560,15.841473919478647
4ih2ggld,47,3,x7u69zsw,17,512,2048,16.408675290416202
4ih2ggld,47,4,x7u69zsw,13,512,0,16.410959351269025
4ih2ggld,48,0,x7u69zsw,2,0,1024,16.287092579504687
4ih2ggld,48,1,xgj4xftb,16,512,1536,16.591314145745788
4ih2ggld,48,2,ptg8lmto,9,0,4608,18.11869366183504
4ih2ggld,48,3,xgj4xftb,32,1024,3072,18.393455075519856
4ih2ggld,48,4,pl8uabbv,45,1536,3072,18.440298007605826
4ih2ggld,49,0,ptg8lmto,9,0,4608,15.381928538623585
4ih2ggld,49,1,pl8uabbv,0,0,0,16.485338843655505
4ih2ggld,49,2,hzumfsms,5,0,2560,16.76274323298613
4ih2ggld,49,3,ptg8lmto,33,1024,3584,16.8756556345737
4ih2ggld,49,4,pl8uabbv,4,0,2048,17.71480516360182
4ih2ggld,50,0,xgj4xftb,4,0,2048,18.12256654897649
4ih2ggld,50,1,ufdvpb81,10,0,5120,19.943355440711898
4ih2ggld,50,2,x77cy643,1,0,512,20.33772806075773
4ih2ggld,50,3,utfgcjfa,9,0,4608,20.863780677323067
4ih2ggld,50,4,x77cy643,27,1024,512,21.578863888109847
4ih2ggld,51,0,cfe5vt7s,20,512,3584,13.84110833446933
4ih2ggld,51,1,9luzk4jm,32,1024,3072,14.344418544151495
4ih2ggld,51,2,utfgcjfa,16,512,1536,15.145335317007808
4ih2ggld,51,3,utfgcjfa,35,1024,4608,16.40876232487022
4ih2ggld,51,4,x77cy643,5,0,2560,16.4129744322666
5n1q8atc,0,0,pl8uabbv,18,512,2560,20.26139904089071
5n1q8atc,0,1,x77cy643,32,1024,3072,20.494830567198257
5n1q8atc,0,2,x77cy643,27,1024,512,20.728487766089675
5n1q8atc,0,3,hzumfsms,5,0,2560,21.002598520308176
5n1q8atc,0,4,vc2whyaq,13,512,0,21.293806772876614
5n1q8atc,1,0,utfgcjfa,35,1024,4608,17.69221085872902
5n1q8atc,1,1,x77cy643,27,1024,512,17.710571597679277
5n1q8atc,1,2,vc2whyaq,21,512,4096,17.803217237404283
5n1q8atc,1,3,ptg8lmto,16,512,1536,18.127891135064537
5n1q8atc,1,4,ufdvpb81,10,0,5120,18.420173089733076
5n1q8atc,2,0,utfgcjfa,1,0,512,12.354370461842343
5n1q8atc,2,1,x77cy643,32,1024,3072,14.726842515947498
5n1q8atc,2,2,cfe5vt7s,20,512,3584,14.80088462588191
5n1q8atc,2,3,pl8uabbv,18,512,2560,14.917043499446056
5n1q8atc,2,4,pl8uabbv,24,512,5632,16.10590853986752
5n1q8atc,3,0,xgj4xftb,4,0,2048,14.40705526245082
5n1q8atc,3,1,utfgcjfa,35,1024,4608,15.01131852286275
5n1q8atc,3,2,ufdvpb81,10,0,5120,15.128638130852046
5n1q8atc,3,3,xgj4xftb,16,512,1536,15.38636354116083
5n1q8atc,3,4,vc2whyaq,12,0,6144,15.697908876273354
5n1q8atc,4,0,vc2whyaq,26,1024,0,13.687906524752831
5n1q8atc,4,1,vc2whyaq,38,1024,6144,14.891266612245907
5n1q8atc,4,2,pl8uabbv,41,1536,1024,15.226864132190784
5n1q8atc,4,3,utfgcjfa,31,1024,2560,15.256090176530531
5n1q8atc,4,4,vc2whyaq,21,512,4096,15.310372294639551
5n1q8atc,5,0,x77cy643,1,0,512,18.396635154849957
5n1q8atc,5,1,xgj4xftb,4,0,2048,18.61499549641077
5n1q8atc,5,2,71vgq3fw,25,512,6144,19.245492499058305
5n1q8atc,5,3,71vgq3fw,7,0,3584,19.62001712964155
5n1q8atc,5,4,ptg8lmto,0,0,0,19.840518872107765
5n1q8atc,6,0,ptg8lmto,2,0,1024,15.644962202464875
5n1q8atc,6,1,vc2whyaq,33,1024,3584,15.844443543996414
5n1q8atc,6,2,ufdvpb81,31,1024,2560,16.767472329443248
5n1q8atc,6,3,vc2whyaq,17,512,2048,17.14367265875931
5n1q8atc,6,4,hzumfsms,5,0,2560,17.218258575080732
5n1q8atc,7,0,tuy3zymq,40,1536,512,16.175784421020193
5n1q8atc,7,1,ptg8lmto,16,512,1536,16.693042300212337
5n1q8atc,7,2,vc2whyaq,42,1536,1536,17.412144032211213
5n1q8atc,7,3,0grcilhi,4,0,2048,17.56743272746429
5n1q8atc,7,4,xgj4xftb,8,0,4096,17.703494780255518
5n1q8atc,8,0,kbdh4tri,41,1536,1024,14.283854928493403
5n1q8atc,8,1,utfgcjfa,5,0,2560,15.938287230140915
5n1q8atc,8,2,xgj4xftb,16,512,1536,16.448586603918848
5n1q8atc,8,3,vc2whyaq,21,512,4096,16.475602574972847
5n1q8atc,8,4,x7u69zsw,13,512,0,16.648158183638945
5n1q8atc,9,0,vc2whyaq,12,0,6144,19.484115498672143
5n1q8atc,9,1,cfe5vt7s,3,0,1536,21.42050200566958
5n1q8atc,9,2,kbdh4tri,41,1536,1024,22.559298284997034
5n1q8atc,9,3,71vgq3fw,25,512,6144,22.798742727133945
5n1q8atc,9,4,xgj4xftb,4,0,2048,23.128871871742266
5n1q8atc,10,0,x77cy643,1,0,512,20.38596040582722
5n1q8atc,10,1,pl8uabbv,3,0,1536,20.449602076412596
5n1q8atc,10,2,xgj4xftb,4,0,2048,23.00262649135022
5n1q8atc,10,3,utfgcjfa,43,1536,2048,24.31195637080758
5n1q8atc,10,4,cfe5vt7s,0,0,0,25.042307317874556
5n1q8atc,11,0,utfgcjfa,2,0,1024,17.928417294279914
5n1q8atc,11,1,x77cy643,19,512,3072,17.941092714322753
5n1q8atc,11,2,vc2whyaq,37,1024,5632,18.475590995594956
5n1q8atc,11,3,ptg8lmto,5,0,2560,18.481458056983946
5n1q8atc,11,4,x7u69zsw,30,1024,2048,18.667041303930674
5n1q8atc,12,0,pl8uabbv,36,1024,5120,17.236750325617614
5n1q8atc,12,1,71vgq3fw,30,1024,2048,17.653870775151013
5n1q8atc,12,2,pl8uabbv,3,0,1536,17.846450790589785
5n1q8atc,12,3,kbdh4tri,51,1536,6144,18.360121986094704
5n1q8atc,12,4,71vgq3fw,25,512,6144,18.363549887514043
5n1q8atc,13,0,utfgcjfa,9,0,4608,18.194902292242674
5n1q8atc,13,1,utfgcjfa,38,1024,6144,18.738270465049844
5n1q8atc,13,2,ufdvpb81,43,1536,2048,18.872727796339213
5n1q8atc,13,3,utfgcjfa,16,512,1536,19.24500724922414
5n1q8atc,13,4,vc2whyaq,21,512,4096,19.30732757820626
5n1q8atc,14,0,xgj4xftb,16,512,1536,11.912955854950667
5n1q8atc,14,1,utfgcjfa,35,1024,4608,13.2370570770358
5n1q8atc,14,2,vc2whyaq,12,0,6144,13.320870179993475
5n1q8atc,14,3,kbdh4tri,30,1024,2048,13.812471340251083
5n1q8atc,14,4,vc2whyaq,21,512,4096,14.459622951218666
5n1q8atc,15,0,ufdvpb81,20,512,3584,19.28437474528599
5n1q8atc,15,1,ufdvpb81,10,0,5120,19.419294095944842
5n1q8atc,15,2,vc2whyaq,12,0,6144,19.926786348819324
5n1q8atc,15,3,x77cy643,4,0,2048,20.659551411941255
5n1q8atc,15,4,vc2whyaq,45,1536,3072,21.026908079961025
5n1q8atc,16,0,utfgcjfa,35,1024,4608,13.705770109885389
5n1q8atc,16,1,utfgcjfa,1,0,512,13.783595423885519
5n1q8atc,16,2,pl8uabbv,41,1536,1024,13.996672045638483
5n1q8atc,16,3,pl8uabbv,47,1536,4096,14.256819862996943
5n1q8atc,16,4,pl8uabbv,18,512,2560,14.527976855235062
5n1q8atc,17,0,vc2whyaq,21,512,4096,14.256898986670294
5n1q8atc,17,1,pl8uabbv,43,1536,2048,15.5712205928991
5n1q8atc,17,2,kbdh4tri,41,1536,1024,16.004201582326424
5n1q8atc,17,3,xgj4xftb,16,512,1536,16.23885498406708
5n1q8atc,17,4,utfgcjfa,35,1024,4608,16.332602778341986
5n1q8atc,18,0,vc2whyaq,21,512,4096,16.820343263981236
5n1q8atc,18,1,hzumfsms,5,0,2560,17.68673458896181
5n1q8atc,18,2,utfgcjfa,22,512,4608,17.76284704280804
5n1q8atc,18,3,pl8uabbv,43,1536,2048,18.49974849011285
5n1q8atc,18,4,utfgcjfa,31,1024,2560,18.933891193501207
5n1q8atc,19,0,x7u69zsw,14,512,512,15.55309263497474
5n1q8atc,19,1,xgj4xftb,19,512,3072,16.50755806735315
5n1q8atc,19,2,hzumfsms,4,0,2048,17.80525738852915
5n1q8atc,19,3,cfe5vt7s,3,0,1536,17.967830518830944
5n1q8atc,19,4,71vgq3fw,25,512,6144,18.352722562992643
5n1q8atc,20,0,vc2whyaq,21,512,4096,17.96397228853735
5n1q8atc,20,1,vc2whyaq,50,1536,5632,18.0674425858056
5n1q8atc,20,2,vc2whyaq,1,0,512,18.69334898023014
5n1q8atc,20,3,cfe5vt7s,43,1536,2048,18.711393639767024
5n1q8atc,20,4,ufdvpb81,16,512,1536,18.935614233744538
5n1q8atc,21,0,kbdh4tri,4,0,2048,15.939518780116664
5n1q8atc,21,1,cfe5vt7s,0,0,0,16.071318382156846
5n1q8atc,21,2,x77cy643,1,0,512,16.737289928044344
5n1q8atc,21,3,tuy3zymq,40,1536,512,16.743089360087918
5n1q8atc,21,4,utfgcjfa,9,0,4608,17.966674561814617
5n1q8atc,22,0,pl8uabbv,3,0,1536,18.661800374732
5n1q8atc,22,1,ufdvpb81,10,0,5120,19.561053517150054
5n1q8atc,22,2,xgj4xftb,4,0,2048,19.914866354610844
5n1q8atc,22,3,pl8uabbv,36,1024,5120,20.503593602871547
5n1q8atc,22,4,x77cy643,1,0,512,20.613703244713733
5n1q8atc,23,0,pl8uabbv,3,0,1536,16.274544947715015
5n1q8atc,23,1,mgxahqnk,35,1024,4608,17.323574255668674
5n1q8atc,23,2,x77cy643,1,0,512,18.705603713258355
5n1q8atc,23,3,cfe5vt7s,0,0,0,18.82400886498644
5n1q8atc,23,4,xgj4xftb,4,0,2048,20.060206196961417
5n1q8atc,24,0,ufdvpb81,10,0,5120,12.966903042909891
5n1q8atc,24,1,x77cy643,27,1024,512,14.368054244366919
5n1q8atc,24,2,pl8uabbv,17,512,2048,16.047586759306533
5n1q8atc,24,3,utfgcjfa,2,0,1024,16.587236499964174
5n1q8atc,24,4,71vgq3fw,25,512,6144,17.069056564272127
5n1q8atc,25,0,utfgcjfa,36,1024,5120,15.69428825233503
5n1q8atc,25,1,pl8uabbv,4,0,2048,16.06531139756428
5n1q8atc,25,2,utfgcjfa,31,1024,2560,16.115034055966557
5n1q8atc,25,3,vc2whyaq,13,512,0,16.226946590657143
5n1q8atc,25,4,vc2whyaq,21,512,4096,16.77801143059554
5n1q8atc,26,0,pl8uabbv,36,1024,5120,13.667675350334891
5n1q8atc,26,1,71vgq3fw,25,512,6144,16.021020406080275
5n1q8atc,26,2,cfe5vt7s,0,0,0,16.275945869277308
5n1q8atc,26,3,kbdh4tri,51,1536,6144,17.03333950695125
5n1q8atc,26,4,xgj4xftb,4,0,2048,17.040894819640982
5n1q8atc,27,0,vc2whyaq,21,512,4096,15.490548377729867
5n1q8atc,27,1,pl8uabbv,41,1536,1024,16.428766917686772
5n1q8atc,27,2,pl8uabbv,24,512,5632,16.48205058185887
5n1q8atc,27,3,ufdvpb81,10,0,5120,16.73678642489232
5n1q8atc,27,4,utfgcjfa,31,1024,2560,16.773071886343818
5n1q8atc,28,0,ufdvpb81,20,512,3584,17.91239557530746
5n1q8atc,28,1,vc2whyaq,12,0,6144,18.096732073079924
5n1q8atc,28,2,ptg8lmto,16,512,1536,18.58451196178574
5n1q8atc,28,3,xgj4xftb,4,0,2048,18.757194281545956
5n1q8atc,28,4,ufdvpb81,10,0,5120,18.78150089911905
5n1q8atc,29,0,tuy3zymq,23,512,5120,13.728502131985723
5n1q8atc,29,1,ufdvpb81,10,0,5120,15.27949670628118
5n1q8atc,29,2,xgj4xftb,4,0,2048,15.521590713656577
5n1q8atc,29,3,hzumfsms,42,1536,1536,15.5473001697316
5n1q8atc,29,4,vc2whyaq,0,0,0,16.19060179571562
5n1q8atc,30,0,utfgcjfa,16,512,1536,17.576659713250102
5n1q8atc,30,1,tuy3zymq,18,512,2560,18.5657566999471
5n1q8atc,30,2,ptg8lmto,31,1024,2560,18.838991801751906
5n1q8atc,30,3,vc2whyaq,3,0,1536,18.851092761229676
5n1q8atc,30,4,vc2whyaq,12,0,6144,18.901855449785213
5n1q8atc,31,0,x77cy643,48,1536,4608,13.66770581674655
5n1q8atc,31,1,utfgcjfa,49,1536,5120,13.827713083163976
5n1q8atc,31,2,utfgcjfa,8,0,4096,14.340025732758406
5n1q8atc,31,3,71vgq3fw,10,0,5120,14.772781859911314
5n1q8atc,31,4,71vgq3fw,14,512,512,14.889025627970224
5n1q8atc,32,0,ufdvpb81,10,0,5120,14.876078842842272
5n1q8atc,32,1,xgj4xftb,4,0,2048,15.957228098912113
5n1q8atc,32,2,x77cy643,1,0,512,16.076615840024594
5n1q8atc,32,3,71vgq3fw,25,512,6144,16.867350692177773
5n1q8atc,32,4,71vgq3fw,44,1536,2560,17.722205084349916
5n1q8atc,33,0,xgj4xftb,4,0,2048,23.050474937330762
5n1q8atc,33,1,vc2whyaq,48,1536,4608,23.409330435196818
5n1q8atc,33,2,71vgq3fw,25,512,6144,23.672960019324066
5n1q8atc,33,3,xgj4xftb,30,1024,2048,23.740653755905033
5n1q8atc,33,4,hzumfsms,42,1536,1536,23.786146392566305
5n1q8atc,34,0,x77cy643,1,0,512,14.400881384977293
5n1q8atc,34,1,utfgcjfa,9,0,4608,16.255084179662354
5n1q8atc,34,2,71vgq3fw,25,512,6144,16.987227067449176
5n1q8atc,34,3,utfgcjfa,2,0,1024,17.097636180325264
5n1q8atc,34,4,cfe5vt7s,0,0,0,17.129141522799795
5n1q8atc,35,0,71vgq3fw,44,1536,2560,18.54118564622292
5n1q8atc,35,1,ufdvpb81,10,0,5120,19.508752608125494
5n1q8atc,35,2,pl8uabbv,36,1024,5120,19.786290847561006
5n1q8atc,35,3,pl8uabbv,3,0,1536,19.96142434705455
5n1q8atc,35,4,xgj4xftb,4,0,2048,20.268559508291425
5n1q8atc,36,0,pl8uabbv,3,0,1536,13.465726946780164
5n1q8atc,36,1,utfgcjfa,43,1536,2048,19.43394797696624
5n1q8atc,36,2,pl8uabbv,36,1024,5120,21.43547189972268
5n1q8atc,36,3,x77cy643,1,0,512,21.883761420234983
5n1q8atc,36,4,xgj4xftb,4,0,2048,22.915890927021454
5n1q8atc,37,0,ufdvpb81,10,0,5120,14.31185833877863
5n1q8atc,37,1,x77cy643,12,0,6144,15.515794983054167
5n1q8atc,37,2,utfgcjfa,31,1024,2560,16.009519717423288
5n1q8atc,37,3,vc2whyaq,0,0,0,16.099506007664477
5n1q8atc,37,4,hawkfj64,11,0,5632,16.174795857940882
5n1q8atc,38,0,tuy3zymq,23,512,5120,16.023836320796324
5n1q8atc,38,1,xgj4xftb,4,0,2048,16.804539609930348
5n1q8atc,38,2,71vgq3fw,25,512,6144,17.01748147899907
5n1q8atc,38,3,x7u69zsw,14,512,512,17.176908597343203
5n1q8atc,38,4,hzumfsms,4,0,2048,17.33285013364928
5n1q8atc,39,0,mgxahqnk,8,0,4096,15.687627202724325
5n1q8atc,39,1,cfe5vt7s,44,1536,2560,16.379769877618763
5n1q8atc,39,2,ptg8lmto,1,0,512,16.414849307284758
5n1q8atc,39,3,x7u69zsw,8,0,4096,16.555018003199905
5n1q8atc,39,4,cfe5vt7s,43,1536,2048,16.701715225600307
5n1q8atc,40,0,vc2whyaq,24,512,5632,14.678479397786262
5n1q8atc,40,1,cfe5vt7s,20,512,3584,15.452891536686334
5n1q8atc,40,2,pl8uabbv,24,512,5632,15.87190505866608
5n1q8atc,40,3,x77cy643,33,1024,3584,16.118087538132066
5n1q8atc,40,4,pl8uabbv,41,1536,1024,16.282650474492996
5n1q8atc,41,0,utfgcjfa,16,512,1536,15.768389067027448
5n1q8atc,41,1,utfgcjfa,31,1024,2560,16.276693641321927
5n1q8atc,41,2,x77cy643,27,1024,512,16.350511887505533
5n1q8atc,41,3,ufdvpb81,10,0,5120,16.451482418443128
5n1q8atc,41,4,x77cy643,12,0,6144,16.548081975791145
5n1q8atc,42,0,tuy3zymq,30,1024,2048,16.06124307418705
5n1q8atc,42,1,pl8uabbv,47,1536,4096,17.183933118450714
5n1q8atc,42,2,x77cy643,33,1024,3584,17.36540622491975
5n1q8atc,42,3,pl8uabbv,41,1536,1024,17.46214116964508
5n1q8atc,42,4,vc2whyaq,26,1024,0,17.558395101644656
5n1q8atc,43,0,pl8uabbv,36,1024,5120,19.202013373592184
5n1q8atc,43,1,71vgq3fw,44,1536,2560,20.31830965063767
5n1q8atc,43,2,utfgcjfa,35,1024,4608,20.722494875102644
5n1q8atc,43,3,vc2whyaq,12,0,6144,20.877178707149017
5n1q8atc,43,4,71vgq3fw,25,512,6144,21.204168838087632
5n1q8atc,44,0,pl8uabbv,21,512,4096,12.450706034992795
5n1q8atc,44,1,x7u69zsw,26,1024,0,13.624878024878436
5n1q8atc,44,2,ptg8lmto,7,0,3584,13.634168659088038
5n1q8atc,44,3,kbdh4tri,18,512,2560,13.682671804628393
5n1q8atc,44,4,pl8uabbv,40,1536,512,13.774613993790478
5n1q8atc,45,0,pl8uabbv,36,1024,5120,15.227313391083777
5n1q8atc,45,1,utfgcjfa,43,1536,2048,16.99970120804406
5n1q8atc,45,2,pl8uabbv,3,0,1536,18.217949009806233
5n1q8atc,45,3,x77cy643,1,0,512,20.324363054471927
5n1q8atc,45,4,mgxahqnk,35,1024,4608,20.442175730841143
5n1q8atc,46,0,71vgq3fw,25,512,6144,17.481380382347762
5n1q8atc,46,1,ufdvpb81,10,0,5120,18.702176012526312
5n1q8atc,46,2,xgj4xftb,4,0,2048,19.052617076345154
5n1q8atc,46,3,utfgcjfa,35,1024,4608,19.35976342325785
5n1q8atc,46,4,pl8uabbv,24,512,5632,19.86324547936632
5n1q8atc,47,0,71vgq3fw,30,1024,2048,17.80024513534401
5n1q8atc,47,1,x77cy643,3,0,1536,18.040504559306356
5n1q8atc,47,2,ptg8lmto,0,0,0,18.267321748875002
5n1q8atc,47,3,kbdh4tri,37,1024,5632,18.336924412680588
5n1q8atc,47,4,0grcilhi,4,0,2048,18.428048198420665
5n1q8atc,48,0,utfgcjfa,40,1536,512,12.873282307006603
5n1q8atc,48,1,vc2whyaq,38,1024,6144,14.615191006035058
5n1q8atc,48,2,vc2whyaq,20,512,3584,14.734884433634699
5n1q8atc,48,3,utfgcjfa,50,1536,5632,14.806164251476064
5n1q8atc,48,4,utfgcjfa,45,1536,3072,15.589460573796794
5n1q8atc,49,0,cfe5vt7s,22,512,4608,13.567645712135603
5n1q8atc,49,1,vc2whyaq,21,512,4096,14.133324982110908
5n1q8atc,49,2,ufdvpb81,23,512,5120,14.441024131066413
5n1q8atc,49,3,x77cy643,33,1024,3584,14.587843681271048
5n1q8atc,49,4,utfgcjfa,31,1024,2560,14.720660244853391
5n1q8atc,50,0,0grcilhi,37,1024,5632,15.234029952013685
5n1q8atc,50,1,utfgcjfa,16,512,1536,16.554923930349098
5n1q8atc,50,2,hzumfsms,4,0,2048,16.838969030586817
5n1q8atc,50,3,cfe5vt7s,25,512,6144,17.51026780469451
5n1q8atc,50,4,x77cy643,48,1536,4608,17.573038789347645
5n1q8atc,51,0,vc2whyaq,12,0,6144,18.222835559944176
5n1q8atc,51,1,x77cy643,1,0,512,18.349050309375926
5n1q8atc,51,2,xgj4xftb,4,0,2048,18.90246111064674
5n1q8atc,51,3,ufdvpb81,10,0,5120,19.221789686733548
5n1q8atc,51,4,xgj4xftb,16,512,1536,19.31299421972393
f1vzngrs,0,0,hawkfj64,16,512,1536,20.46752368577083
f1vzngrs,0,1,vc2whyaq,5,0,2560,20.60344864659575
f1vzngrs,0,2,utfgcjfa,43,1536,2048,21.391647358136318
f1vzngrs,0,3,9luzk4jm,39,1536,0,21.849429799410288
f1vzngrs,0,4,0grcilhi,32,1024,3072,22.60231669575793
f1vzngrs,1,0,ufdvpb81,25,512,6144,15.489484637596927
f1vzngrs,1,1,utfgcjfa,43,1536,2048,17.933145571097118
f1vzngrs,1,2,mgxahqnk,35,1024,4608,19.7090149745874
f1vzngrs,1,3,cfe5vt7s,50,1536,5632,20.089402920040353
f1vzngrs,1,4,pl8uabbv,8,0,4096,20.412431414006388
f1vzngrs,2,0,utfgcjfa,43,1536,2048,14.640275653196358
f1vzngrs,2,1,pl8uabbv,36,1024,5120,17.258163160927772
f1vzngrs,2,2,pl8uabbv,3,0,1536,20.254479894952386
f1vzngrs,2,3,cfe5vt7s,50,1536,5632,21.38105995647748
f1vzngrs,2,4,9luzk4jm,39,1536,0,21.517688731863675
f1vzngrs,3,0,utfgcjfa,2,0,1024,16.42800639862581
f1vzngrs,3,1,71vgq3fw,25,512,6144,16.85554446006595
f1vzngrs,3,2,vc2whyaq,12,0,6144,17.27448287787514
f1vzngrs,3,3,ufdvpb81,10,0,5120,17.285911035080424
f1vzngrs,3,4,x77cy643,1,0,512,18.257247399761663
f1vzngrs,4,0,hzumfsms,45,1536,3072,14.409170905589308
f1vzngrs,4,1,9luzk4jm,39,1536,0,14.959575304529734
f1vzngrs,4,2,pl8uabbv,40,1536,512,15.258999949976118
f1vzngrs,4,3,cfe5vt7s,50,1536,5632,15.388575235548986
f1vzngrs,4,4,pl8uabbv,23,512,5120,15.900334494323456
f1vzngrs,5,0,utfgcjfa,43,1536,2048,15.979628283744661
f1vzngrs,5,1,9luzk4jm,39,1536,0,17.458184701034927
f1vzngrs,5,2,xgj4xftb,25,512,6144,18.050331804927577
f1vzngrs,5,3,hawkfj64,26,1024,0,18.46580422427491
f1vzngrs,5,4,hawkfj64,16,512,1536,19.356982509316868
f1vzngrs,6,0,0grcilhi,32,1024,3072,19.54913180837661
f1vzngrs,6,1,utfgcjfa,43,1536,2048,19.676255619372885
f1vzngrs,6,2,mgxahqnk,18,512,2560,20.511280588080282
f1vzngrs,6,3,x7u69zsw,42,1536,1536,21.707205010434198
f1vzngrs,6,4,hawkfj64,26,1024,0,23.33880774842517
f1vzngrs,7,0,ptg8lmto,22,512,4608,10.58226888394492
f1vzngrs,7,1,pl8uabbv,40,1536,512,12.470783467495359
f1vzngrs,7,2,pl8uabbv,21,512,4096,12.80151761661963
f1vzngrs,7,3,pl8uabbv,30,1024,2048,13.269866542998779
f1vzngrs,7,4,pl8uabbv,34,1024,4096,13.3343510263543
f1vzngrs,8,0,mgxahqnk,35,1024,4608,15.464425114664
f1vzngrs,8,1,cfe5vt7s,0,0,0,17.353950035708287
f1vzngrs,8,2,pl8uabbv,36,1024,5120,17.720167854862133
f1vzngrs,8,3,pl8uabbv,3,0,1536,18.221571053048784
f1vzngrs,8,4,71vgq3fw,25,512,6144,18.291329331262652
f1vzngrs,9,0,71vgq3fw,25,512,6144,13.53518229930755
f1vzngrs,9,1,x7u69zsw,28,1024,1024,14.479948600183397
f1vzngrs,9,2,pl8uabbv,7,0,3584,15.804481921990162
f1vzngrs,9,3,vc2whyaq,0,0,0,15.932480495708116
f1vzngrs,9,4,x7u69zsw,41,1536,1024,15.953211658135071
f1vzngrs,10,0,cfe5vt7s,50,1536,5632,15.798641056918274
f1vzngrs,10,1,pl8uabbv,36,1024,5120,16.804011145997354
f1vzngrs,10,2,mgxahqnk,35,1024,4608,16.84274605339173
f1vzngrs,10,3,71vgq3fw,25,512,6144,17.067070511407707
f1vzngrs,10,4,cfe5vt7s,0,0,0,17.234332234425416
f1vzngrs,11,0,utfgcjfa,43,1536,2048,17.9748488924256
f1vzngrs,11,1,9luzk4jm,39,1536,0,18.803482052684643
f1vzngrs,11,2,pl8uabbv,36,1024,5120,19.593376350465967
f1vzngrs,11,3,hawkfj64,26,1024,0,19.953944964457985
f1vzngrs,11,4,x77cy643,1,0,512,20.840546691394408
f1vzngrs,12,0,vc2whyaq,38,1024,6144,15.29140658484536
f1vzngrs,12,1,utfgcjfa,29,1024,1536,15.738729273060903
f1vzngrs,12,2,tuy3zymq,39,1536,0,16.303414677530764
f1vzngrs,12,3,utfgcjfa,40,1536,512,16.35168698476725
f1vzngrs,12,4,ufdvpb81,50,1536,5632,17.196806178991768
f1vzngrs,13,0,71vgq3fw,25,512,6144,19.140792080826955
f1vzngrs,13,1,x7u69zsw,26,1024,0,19.325624197194127
f1vzngrs,13,2,pl8uabbv,40,1536,512,20.136597773837178
f1vzngrs,13,3,9luzk4jm,39,1536,0,21.05402840162493
f1vzngrs,13,4,pl8uabbv,7,0,3584,21.087729073922162
f1vzngrs,14,0,pl8uabbv,40,1536,512,15.529397622435667
f1vzngrs,14,1,cfe5vt7s,50,1536,5632,16.00129585965341
f1vzngrs,14,2,9luzk4jm,39,1536,0,16.221538992225913
f1vzngrs,14,3,9luzk4jm,4,0,2048,16.283680490883086
f1vzngrs,14,4,ptg8lmto,27,1024,512,16.302949150680053
f1vzngrs,15,0,hzumfsms,13,512,0,11.999927316159075
f1vzngrs,15,1,ptg8lmto,23,512,5120,12.8699036677487
f1vzngrs,15,2,utfgcjfa,8,0,4096,12.981187165155031
f1vzngrs,15,3,x77cy643,41,1536,1024,13.372615555530535
f1vzngrs,15,4,kbdh4tri,27,1024,512,13.938132395225056
f1vzngrs,16,0,x77cy643,1,0,512,14.75671925020461
f1vzngrs,16,1,cfe5vt7s,50,1536,5632,15.101178892303617
f1vzngrs,16,2,pl8uabbv,36,1024,5120,15.512297331187334
f1vzngrs,16,3,cfe5vt7s,0,0,0,15.567099006545012
f1vzngrs,16,4,x77cy643,3,0,1536,16.93612598559492
f1vzngrs,17,0,cfe5vt7s,0,0,0,16.95906258228558
f1vzngrs,17,1,71vgq3fw,25,512,6144,17.103350726648827
f1vzngrs,17,2,x77cy643,1,0,512,17.28378885604714
f1vzngrs,17,3,kbdh4tri,4,0,2048,17.38754353400105
f1vzngrs,17,4,cfe5vt7s,50,1536,5632,18.18116159784986
f1vzngrs,18,0,x7u69zsw,26,1024,0,16.43271360340869
f1vzngrs,18,1,pl8uabbv,30,1024,2048,16.981843535311253
f1vzngrs,18,2,71vgq3fw,25,512,6144,17.288494279730603
f1vzngrs,18,3,9luzk4jm,39,1536,0,17.414772119635366
f1vzngrs,18,4,pl8uabbv,40,1536,512,17.420986672674783
f1vzngrs,19,0,utfgcjfa,43,1536,2048,14.62234506891123
f1vzngrs,19,1,pl8uabbv,8,0,4096,16.406302222156256
f1vzngrs,19,2,x77cy643,3,0,1536,17.185589538247473
f1vzngrs,19,3,ptg8lmto,27,1024,512,17.279658047296493
f1vzngrs,19,4,ufdvpb81,25,512,6144,17.849768998649395
f1vzngrs,20,0,kbdh4tri,14,512,512,16.568368384326515
f1vzngrs,20,1,tuy3zymq,0,0,0,18.14023141227829
f1vzngrs,20,2,ptg8lmto,30,1024,2048,18.234451713620718
f1vzngrs,20,3,kbdh4tri,28,1024,1024,20.49314185886373
f1vzngrs,20,4,71vgq3fw,25,512,6144,20.804773302305048
f1vzngrs,21,0,kbdh4tri,4,0,2048,14.7659568162699
f1vzngrs,21,1,utfgcjfa,3,0,1536,15.546251973688264
f1vzngrs,21,2,x77cy643,9,0,4608,15.591066590377602
f1vzngrs,21,3,71vgq3fw,17,512,2048,15.710793636899064
f1vzngrs,21,4,71vgq3fw,25,512,6144,16.048243214640937
f1vzngrs,22,0,ufdvpb81,25,512,6144,16.496745077202974
f1vzngrs,22,1,cfe5vt7s,50,1536,5632,18.415351753495617
f1vzngrs,22,2,9luzk4jm,4,0,2048,19.10874317447764
f1vzngrs,22,3,pl8uabbv,7,0,3584,19.606598208263872
f1vzngrs,22,4,71vgq3fw,25,512,6144,19.696317055455133
f1vzngrs,23,0,pl8uabbv,41,1536,1024,12.280347542267597
f1vzngrs,23,1,vc2whyaq,0,0,0,13.536091763389853
f1vzngrs,23,2,vc2whyaq,12,0,6144,13.772175979089374
f1vzngrs,23,3,kbdh4tri,27,1024,512,14.317967650975516
f1vzngrs,23,4,x77cy643,19,512,3072,14.841000271433915
f1vzngrs,24,0,71vgq3fw,25,512,6144,13.000454652567148
f1vzngrs,24,1,ufdvpb81,10,0,5120,15.318449180758545
f1vzngrs,24,2,utfgcjfa,2,0,1024,15.45341864307841
f1vzngrs,24,3,0grcilhi,4,0,2048,15.976402816080896
f1vzngrs,24,4,cfe5vt7s,0,0,0,16.02825533524632
f1vzngrs,25,0,9luzk4jm,4,0,2048,15.347136685308739
f1vzngrs,25,1,9luzk4jm,39,1536,0,17.13333554676596
f1vzngrs,25,2,hawkfj64,16,512,1536,17.583816170474606
f1vzngrs,25,3,pl8uabbv,40,1536,512,17.91106970851783
f1vzngrs,25,4,ptg8lmto,27,1024,512,18.107236189317668
f1vzngrs,26,0,utfgcjfa,43,1536,2048,14.685105758907403
f1vzngrs,26,1,pl8uabbv,36,1024,5120,14.941994005284382
f1vzngrs,26,2,0grcilhi,28,1024,1024,17.64022258121
f1vzngrs,26,3,pl8uabbv,8,0,4096,17.965258739239385
f1vzngrs,26,4,cfe5vt7s,50,1536,5632,18.096607418447757
f1vzngrs,27,0,vc2whyaq,5,0,2560,15.794524879859072
f1vzngrs,27,1,cfe5vt7s,40,1536,512,17.574403107512566
f1vzngrs,27,2,pl8uabbv,40,1536,512,18.14381573037359
f1vzngrs,27,3,pl8uabbv,9,0,4608,18.295997275079852
f1vzngrs,27,4,9luzk4jm,39,1536,0,18.635493272628107
f1vzngrs,28,0,hawkfj64,16,512,1536,14.129924270090656
f1vzngrs,28,1,0grcilhi,28,1024,1024,14.956389690818108
f1vzngrs,28,2,cfe5vt7s,50,1536,5632,15.593027344091691
f1vzngrs,28,3,ptg8lmto,27,1024,512,16.92698721377758
f1vzngrs,28,4,cfe5vt7s,40,1536,512,17.031630892389277
f1vzngrs,29,0,tuy3zymq,48,1536,4608,13.00831332469334
f1vzngrs,29,1,hawkfj64,38,1024,6144,14.172373289634397
f1vzngrs,29,2,xgj4xftb,36,1024,5120,14.38463919735935
f1vzngrs,29,3,71vgq3fw,1,0,512,14.525203707525485
f1vzngrs,29,4,cfe5vt7s,40,1536,512,14.862068004423351
f1vzngrs,30,0,pl8uabbv,8,0,4096,17.778132336408234
f1vzngrs,30,1,9luzk4jm,39,1536,0,17.839322540011626
f1vzngrs,30,2,0grcilhi,28,1024,1024,18.579125271746204
f1vzngrs,30,3,9luzk4jm,4,0,2048,19.41964477215542
f1vzngrs,30,4,cfe5vt7s,40,1536,512,19.61523326459501
f1vzngrs,31,0,cfe5vt7s,50,1536,5632,12.558858062739306
f1vzngrs,31,1,hawkfj64,16,512,1536,14.40168374852153
f1vzngrs,31,2,0grcilhi,28,1024,1024,15.544264997488748
f1vzngrs,31,3,9luzk4jm,39,1536,0,16.695924640693242
f1vzngrs,31,4,utfgcjfa,9,0,4608,17.01662250173742
f1vzngrs,32,0,ptg8lmto,7,0,3584,14.125388478291484
f1vzngrs,32,1,kbdh4tri,19,512,3072,14.450976271064567
f1vzngrs,32,2,pl8uabbv,50,1536,5632,14.86559579320901
f1vzngrs,32,3,x7u69zsw,47,1536,4096,14.94336326683072
f1vzngrs,32,4,hzumfsms,45,1536,3072,15.114240277988873
f1vzngrs,33,0,pl8uabbv,5,0,2560,13.288447486782982
f1vzngrs,33,1,cfe5vt7s,3,0,1536,15.459322872858573
f1vzngrs,33,2,71vgq3fw,4,0,2048,15.494388041581422
f1vzngrs,33,3,x77cy643,0,0,0,16.042170441244952
f1vzngrs,33,4,kbdh4tri,8,0,4096,16.293810992523152
f1vzngrs,34,0,utfgcjfa,2,0,1024,15.529806135632974
f1vzngrs,34,1,ufdvpb81,10,0,5120,16.185854854587678
f1vzngrs,34,2,x77cy643,1,0,512,16.372314645367375
f1vzngrs,34,3,pl8uabbv,17,512,2048,17.284424263573953
f1vzngrs,34,4,utfgcjfa,8,0,4096,17.39682180939086
f1vzngrs,35,0,pl8uabbv,36,1024,5120,11.83166887627363
f1vzngrs,35,1,71vgq3fw,34,1024,4096,14.881548064468335
f1vzngrs,35,2,71vgq3fw,25,512,6144,15.395393928042196
f1vzngrs,35,3,kbdh4tri,51,1536,6144,15.614006279548313
f1vzngrs,35,4,cfe5vt7s,0,0,0,16.09519168589241
f1vzngrs,36,0,ufdvpb81,16,512,1536,14.793155085804884
f1vzngrs,36,1,ufdvpb81,1,0,512,15.022682038668762
f1vzngrs,36,2,0grcilhi,14,512,512,15.2107632506821
f1vzngrs,36,3,0grcilhi,37,1024,5632,15.77811990897465
f1vzngrs,36,4,9luzk4jm,12,0,6144,15.814986808093499
f1vzngrs,37,0,pl8uabbv,36,1024,5120,16.019409196572976
f1vzngrs,37,1,ptg8lmto,27,1024,512,16.611430734203804
f1vzngrs,37,2,9luzk4jm,39,1536,0,16.68074631041635
f1vzngrs,37,3,pl8uabbv,8,0,4096,17.964001509255784
f1vzngrs,37,4,cfe5vt7s,50,1536,5632,18.00832085092886
f1vzngrs,38,0,71vgq3fw,25,512,6144,11.09926987793198
f1vzngrs,38,1,ptg8lmto,5,0,2560,14.00145948474115
f1vzngrs,38,2,0grcilhi,4,0,2048,14.691135026971226
f1vzngrs,38,3,vc2whyaq,12,0,6144,14.946161768121689
f1vzngrs,38,4,kbdh4tri,42,1536,1536,15.11431512588186
f1vzngrs,39,0,kbdh4tri,14,512,512,17.18382139343135
f1vzngrs,39,1,tuy3zymq,0,0,0,17.65749664371991
f1vzngrs,39,2,x7u69zsw,28,1024,1024,18.406727969045786
f1vzngrs,39,3,kbdh4tri,28,1024,1024,18.67561881022265
f1vzngrs,39,4,71vgq3fw,21,512,4096,19.342152474948207
f1vzngrs,40,0,kbdh4tri,37,1024,5632,16.62618450034355
f1vzngrs,40,1,x7u69zsw,44,1536,2560,17.006675530734352
f1vzngrs,40,2,cfe5vt7s,39,1536,0,17.126279695119795
f1vzngrs,40,3,kbdh4tri,14,512,512,17.207649671558542
f1vzngrs,40,4,9luzk4jm,4,0,2048,17.569238502772954
f1vzngrs,41,0,cfe5vt7s,25,512,6144,13.809978194339841
f1vzngrs,41,1,cfe5vt7s,10,0,5120,14.395032939594323
f1vzngrs,41,2,vc2whyaq,39,1536,0,14.945597437474722
f1vzngrs,41,3,ptg8lmto,23,512,5120,15.235279313208924
f1vzngrs,41,4,cfe5vt7s,41,1536,1024,15.258428413913615
f1vzngrs,42,0,x7u69zsw,38,1024,6144,14.994412673433136
f1vzngrs,42,1,hawkfj64,14,512,512,15.470953502665864
f1vzngrs,42,2,pl8uabbv,21,512,4096,15.788860393423267
f1vzngrs,42,3,hawkfj64,0,0,0,16.036623403653987
f1vzngrs,42,4,mgxahqnk,20,512,3584,16.76591203825455
f1vzngrs,43,0,kbdh4tri,4,0,2048,16.923931909618666
f1vzngrs,43,1,tuy3zymq,40,1536,512,17.43069728932504
f1vzngrs,43,2,x7u69zsw,45,1536,3072,17.61726247075625
f1vzngrs,43,3,hzumfsms,51,1536,6144,17.972477860137356
f1vzngrs,43,4,71vgq3fw,25,512,6144,18.189091971130654
f1vzngrs,44,0,x7u69zsw,26,1024,0,12.62938848375772
f1vzngrs,44,1,71vgq3fw,25,512,6144,13.817141379818562
f1vzngrs,44,2,tuy3zymq,40,1536,512,14.176612960884615
f1vzngrs,44,3,pl8uabbv,40,1536,512,15.301145225187609
f1vzngrs,44,4,71vgq3fw,30,1024,2048,15.678857611432246
f1vzngrs,45,0,ptg8lmto,27,1024,512,13.702405717506371
f1vzngrs,45,1,cfe5vt7s,50,1536,5632,14.031477829599762
f1vzngrs,45,2,pl8uabbv,8,0,4096,15.411827978270717
f1vzngrs,45,3,cfe5vt7s,40,1536,512,15.688754752839932
f1vzngrs,45,4,9luzk4jm,4,0,2048,15.810873424514623
f1vzngrs,46,0,9luzk4jm,47,1536,4096,13.436277501871894
f1vzngrs,46,1,0grcilhi,37,1024,5632,14.310259042959677
f1vzngrs,46,2,x7u69zsw,44,1536,2560,14.913034837787485
f1vzngrs,46,3,ptg8lmto,23,512,5120,15.218732399813526
f1vzngrs,46,4,x77cy643,8,0,4096,15.27883231120433
f1vzngrs,47,0,hzumfsms,13,512,0,13.35189414327972
f1vzngrs,47,1,9luzk4jm,1,0,512,13.92148102547861
f1vzngrs,47,2,ptg8lmto,11,0,5632,14.489876956202437
f1vzngrs,47,3,x77cy643,48,1536,4608,14.594906815147622
f1vzngrs,47,4,utfgcjfa,31,1024,2560,15.086745475554626
f1vzngrs,48,0,ufdvpb81,31,1024,2560,16.837816173316554
f1vzngrs,48,1,vc2whyaq,26,1024,0,18.63738505449136
f1vzngrs,48,2,pl8uabbv,11,0,5632,18.730426407071075
f1vzngrs,48,3,tuy3zymq,13,512,0,18.79359865419903
f1vzngrs,48,4,x77cy643,48,1536,4608,18.84784633597003
f1vzngrs,49,0,tuy3zymq,40,1536,512,14.180088429271192
f1vzngrs,49,1,x7u69zsw,26,1024,0,14.918921011091607
f1vzngrs,49,2,x7u69zsw,45,1536,3072,15.696008491355938
f1vzngrs,49,3,pl8uabbv,40,1536,512,15.753427167398254
f1vzngrs,49,4,x7u69zsw,44,1536,2560,15.982381490413237
f1vzngrs,50,0,mgxahqnk,0,0,0,14.730546494311307
f1vzngrs,50,1,x77cy643,3,0,1536,15.850006287317775
f1vzngrs,50,2,0grcilhi,4,0,2048,16.71187007189746
f1vzngrs,50,3,9luzk4jm,4,0,2048,17.71269643177921
f1vzngrs,50,4,pl8uabbv,8,0,4096,18.814397909345878
f1vzngrs,51,0,vc2whyaq,5,0,2560,14.530862466010117
f1vzngrs,51,1,pl8uabbv,9,0,4608,16.80946229076197
f1vzngrs,51,2,9luzk4jm,4,0,2048,17.12791373769634
f1vzngrs,51,3,pl8uabbv,40,1536,512,17.76639777189167
f1vzngrs,51,4,cfe5vt7s,50,1536,5632,17.938018272300454
ffwubibz,0,0,pl8uabbv,21,512,4096,14.90244324452594
ffwubibz,0,1,kbdh4tri,21,512,4096,16.99281228114545
ffwubibz,0,2,ptg8lmto,22,512,4608,17.007585455389343
ffwubibz,0,3,ptg8lmto,38,1024,6144,17.042283627475697
ffwubibz,0,4,utfgcjfa,30,1024,2048,17.08421118266827
ffwubibz,1,0,vc2whyaq,24,512,5632,16.15891028312981
ffwubibz,1,1,pl8uabbv,38,1024,6144,16.502385305209568
ffwubibz,1,2,x77cy643,14,512,512,16.71727141590225
ffwubibz,1,3,x77cy643,25,512,6144,16.797430572495088
ffwubibz,1,4,x77cy643,36,1024,5120,16.830863101568834
ffwubibz,2,0,vc2whyaq,41,1536,1024,10.630258671775682
ffwubibz,2,1,ptg8lmto,22,512,4608,15.47628840057085
ffwubibz,2,2,x77cy643,0,0,0,15.83885216920421
ffwubibz,2,3,ptg8lmto,7,0,3584,15.949300161375753
ffwubibz,2,4,kbdh4tri,21,512,4096,15.956974016115588
ffwubibz,3,0,ptg8lmto,33,1024,3584,11.94165884104388
ffwubibz,3,1,utfgcjfa,49,1536,5120,12.267669086727034
ffwubibz,3,2,ufdvpb81,34,1024,4096,12.509847069014539
ffwubibz,3,3,kbdh4tri,27,1024,512,12.743040276266838
ffwubibz,3,4,kbdh4tri,30,1024,2048,12.818800147413691
ffwubibz,4,0,pl8uabbv,6,0,3072,15.11217656499729
ffwubibz,4,1,x77cy643,15,512,1024,15.368891124033278
ffwubibz,4,2,pl8uabbv,26,1024,0,15.758754852617118
ffwubibz,4,3,hawkfj64,25,512,6144,16.0352550573151
ffwubibz,4,4,ptg8lmto,36,1024,5120,16.11218691179688
ffwubibz,5,0,ufdvpb81,13,512,0,15.33658938621236
ffwubibz,5,1,vc2whyaq,41,1536,1024,15.517027341851728
ffwubibz,5,2,ufdvpb81,14,512,512,16.26643162554869
ffwubibz,5,3,kbdh4tri,21,512,4096,16.35567128372839
ffwubibz,5,4,kbdh4tri,14,512,512,16.572227690914506
ffwubibz,6,0,cfe5vt7s,43,1536,2048,12.966702702691757
ffwubibz,6,1,ufdvpb81,14,512,512,14.205601590104868
ffwubibz,6,2,cfe5vt7s,44,1536,2560,14.74901763360502
ffwubibz,6,3,hzumfsms,10,0,5120,15.189223633335153
ffwubibz,6,4,cfe5vt7s,41,1536,1024,16.08159043299266
ffwubibz,7,0,vc2whyaq,37,1024,5632,14.194694512221506
ffwubibz,7,1,hzumfsms,13,512,0,14.571681338321612
ffwubibz,7,2,utfgcjfa,16,512,1536,15.142615566341314
ffwubibz,7,3,hzumfsms,18,512,2560,15.264016298876813
ffwubibz,7,4,vc2whyaq,6,0,3072,15.284455899560424
ffwubibz,8,0,pl8uabbv,44,1536,2560,15.513389222991925
ffwubibz,8,1,cfe5vt7s,30,1024,2048,15.965273260941125
ffwubibz,8,2,x77cy643,15,512,1024,16.864543287219206
ffwubibz,8,3,ufdvpb81,34,1024,4096,16.937028070663835
ffwubibz,8,4,cfe5vt7s,51,1536,6144,18.08905720842167
ffwubibz,9,0,cfe5vt7s,23,512,5120,14.005096137049604
ffwubibz,9,1,cfe5vt7s,25,512,6144,14.092394415476617
ffwubibz,9,2,cfe5vt7s,16,512,1536,14.530998665145638
ffwubibz,9,3,0grcilhi,3,0,1536,14.616754825930856
ffwubibz,9,4,ufdvpb81,34,1024,4096,14.848084003125338
ffwubibz,10,0,9luzk4jm,16,512,1536,13.669383962442042
ffwubibz,10,1,pl8uabbv,22,512,4608,15.4625017839142
ffwubibz,10,2,vc2whyaq,39,1536,0,15.600205226400346
ffwubibz,10,3,hzumfsms,50,1536,5632,15.69185158022287
ffwubibz,10,4,ufdvpb81,12,0,6144,15.77458696339677
ffwubibz,11,0,ufdvpb81,10,0,5120,15.374666714065102
ffwubibz,11,1,x7u69zsw,16,512,1536,16.08134770589034
ffwubibz,11,2,71vgq3fw,4,0,2048,16.189542594150954
ffwubibz,11,3,ufdvpb81,20,512,3584,16.205385837409594
ffwubibz,11,4,vc2whyaq,12,0,6144,16.2515015673181
ffwubibz,12,0,0grcilhi,13,512,0,12.870742003070054
ffwubibz,12,1,ptg8lmto,22,512,4608,14.497344393447941
ffwubibz,12,2,utfgcjfa,14,512,512,14.95236992161817
ffwubibz,12,3,vc2whyaq,41,1536,1024,15.287991593664698
ffwubibz,12,4,hawkfj64,14,512,512,15.34332468524766
ffwubibz,13,0,hzumfsms,30,1024,2048,12.29599129341242
ffwubibz,13,1,hzumfsms,29,1024,1536,12.920634293471544
ffwubibz,13,2,vc2whyaq,39,1536,0,12.934852728979232
ffwubibz,13,3,vc2whyaq,33,1024,3584,13.554045199125957
ffwubibz,13,4,9luzk4jm,33,1024,3584,14.45521357524652
ffwubibz,14,0,cfe5vt7s,35,1024,4608,16.232594394008203
ffwubibz,14,1,ptg8lmto,16,512,1536,17.084563716877337
ffwubibz,14,2,kbdh4tri,30,1024,2048,17.149554953124618
ffwubibz,14,3,pl8uabbv,45,1536,3072,17.352396208590587
ffwubibz,14,4,71vgq3fw,16,512,1536,17.359231929802604
ffwubibz,15,0,ufdvpb81,27,1024,512,14.257103307694564
ffwubibz,15,1,9luzk4jm,35,1024,4608,17.464295303424052
ffwubibz,15,2,cfe5vt7s,29,1024,1536,18.08046320131936
ffwubibz,15,3,cfe5vt7s,37,1024,5632,18.399522295022667
ffwubibz,15,4,ufdvpb81,15,512,1024,18.60778383050174
ffwubibz,16,0,vc2whyaq,16,512,1536,14.2277956984466
ffwubibz,16,1,cfe5vt7s,29,1024,1536,14.377523496500883
ffwubibz,16,2,ufdvpb81,32,1024,3072,14.664685555387479
ffwubibz,16,3,ufdvpb81,34,1024,4096,14.782464824148908
ffwubibz,16,4,pl8uabbv,33,1024,3584,14.784061771722428
ffwubibz,17,0,cfe5vt7s,13,512,0,14.555573765772648
ffwubibz,17,1,ufdvpb81,32,1024,3072,14.969913900187159
ffwubibz,17,2,vc2whyaq,48,1536,4608,14.984885173494176
ffwubibz,17,3,pl8uabbv,33,1024,3584,15.551831168123261
ffwubibz,17,4,vc2whyaq,47,1536,4096,15.721269289234426
ffwubibz,18,0,9luzk4jm,51,1536,6144,14.98433168865292
ffwubibz,18,1,cfe5vt7s,29,1024,1536,15.43413956678417
ffwubibz,18,2,9luzk4jm,14,512,512,15.844331154828986
ffwubibz,18,3,cfe5vt7s,30,1024,2048,15.880036536038505
ffwubibz,18,4,x77cy643,24,512,5632,16.54780585978758
ffwubibz,19,0,ufdvpb81,34,1024,4096,17.067763822654666
ffwubibz,19,1,vc2whyaq,41,1536,1024,18.166199122065944
ffwubibz,19,2,x77cy643,47,1536,4096,18.31370038958086
ffwubibz,19,3,kbdh4tri,21,512,4096,18.365444571149972
ffwubibz,19,4,cfe5vt7s,35,1024,4608,18.525839865563064
ffwubibz,20,0,cfe5vt7s,46,1536,3584,13.638104339454468
ffwubibz,20,1,ufdvpb81,34,1024,4096,16.473493004558655
ffwubibz,20,2,cfe5vt7s,16,512,1536,16.640734324398437
ffwubibz,20,3,cfe5vt7s,30,1024,2048,16.65458160994607
ffwubibz,20,4,pl8uabbv,49,1536,5120,16.97137386455236
ffwubibz,21,0,9luzk4jm,24,512,5632,12.537269387558604
ffwubibz,21,1,71vgq3fw,42,1536,1536,14.29716146456566
ffwubibz,21,2,x77cy643,41,1536,1024,14.456361703114666
ffwubibz,21,3,9luzk4jm,1,0,512,14.98685788062207
ffwubibz,21,4,ufdvpb81,1,0,512,15.265149147810908
ffwubibz,22,0,vc2whyaq,17,512,2048,15.069924060191727
ffwubibz,22,1,cfe5vt7s,25,512,6144,15.076472966952075
ffwubibz,22,2,cfe5vt7s,33,1024,3584,15.49709718962455
ffwubibz,22,3,hzumfsms,10,0,5120,15.800473476465903
ffwubibz,22,4,ufdvpb81,14,512,512,15.804448518548986
ffwubibz,23,0,pl8uabbv,30,1024,2048,14.311329402416789
ffwubibz,23,1,pl8uabbv,34,1024,4096,15.093350730804413
ffwubibz,23,2,ptg8lmto,22,512,4608,15.956598368629132
ffwubibz,23,3,hawkfj64,16,512,1536,16.84642830741688
ffwubibz,23,4,9luzk4jm,4,0,2048,16.96314777175526
ffwubibz,24,0,pl8uabbv,29,1024,1536,12.169621255972887
ffwubibz,24,1,hzumfsms,18,512,2560,13.088847127840836
ffwubibz,24,2,kbdh4tri,30,1024,2048,13.679686332116407
ffwubibz,24,3,vc2whyaq,17,512,2048,13.78519317151891
ffwubibz,24,4,pl8uabbv,47,1536,4096,13.818613236096983
ffwubibz,25,0,pl8uabbv,41,1536,1024,14.63362954187134
ffwubibz,25,1,ufdvpb81,32,1024,3072,15.10483490158607
ffwubibz,25,2,pl8uabbv,24,512,5632,15.484917139397048
ffwubibz,25,3,vc2whyaq,47,1536,4096,15.673099189396371
ffwubibz,25,4,ufdvpb81,26,1024,0,15.90060021871983
ffwubibz,26,0,x77cy643,41,1536,1024,13.102767907532577
ffwubibz,26,1,cfe5vt7s,1,0,512,14.255771564122956
ffwubibz,26,2,pl8uabbv,33,1024,3584,14.861258759856312
ffwubibz,26,3,ufdvpb81,34,1024,4096,15.125428574301795
ffwubibz,26,4,vc2whyaq,39,1536,0,15.197632856993701
ffwubibz,27,0,hzumfsms,5,0,2560,11.928414409038018
ffwubibz,27,1,utfgcjfa,11,0,5632,14.829758480915403
ffwubibz,27,2,0grcilhi,24,512,5632,14.903554288064482
ffwubibz,27,3,cfe5vt7s,22,512,4608,14.97271710672419
ffwubibz,27,4,vc2whyaq,33,1024,3584,14.975479076576747
ffwubibz,28,0,ufdvpb81,15,512,1024,14.042849057989551
ffwubibz,28,1,vc2whyaq,19,512,3072,15.286320488445707
ffwubibz,28,2,vc2whyaq,26,1024,0,15.888048297536198
ffwubibz,28,3,hzumfsms,41,1536,1024,15.928104807072897
ffwubibz,28,4,vc2whyaq,10,0,5120,16.63505805867318
ffwubibz,29,0,ufdvpb81,29,1024,1536,14.346335235519497
ffwubibz,29,1,cfe5vt7s,29,1024,1536,15.911850265285658
ffwubibz,29,2,vc2whyaq,16,512,1536,16.607210701099614
ffwubibz,29,3,vc2whyaq,33,1024,3584,16.92658949801582
ffwubibz,29,4,9luzk4jm,51,1536,6144,17.17369411225907
ffwubibz,30,0,pl8uabbv,38,1024,6144,13.951702891006295
ffwubibz,30,1,pl8uabbv,41,1536,1024,14.21540662870194
ffwubibz,30,2,ufdvpb81,32,1024,3072,14.337431592511305
ffwubibz,30,3,x77cy643,33,1024,3584,14.939978796939831
ffwubibz,30,4,hzumfsms,18,512,2560,15.290633428816983
ffwubibz,31,0,x7u69zsw,20,512,3584,14.485922026131924
ffwubibz,31,1,mgxahqnk,19,512,3072,15.020645305644946
ffwubibz,31,2,ptg8lmto,10,0,5120,15.27825181627022
ffwubibz,31,3,ptg8lmto,7,0,3584,15.295758397020661
ffwubibz,31,4,cfe5vt7s,39,1536,0,15.610865897429134
ffwubibz,32,0,x77cy643,26,1024,0,13.587820264070343
ffwubibz,32,1,ptg8lmto,16,512,1536,14.481287012245684
ffwubibz,32,2,utfgcjfa,36,1024,5120,15.26179118870706
ffwubibz,32,3,ptg8lmto,26,1024,0,15.661050754315381
ffwubibz,32,4,x77cy643,12,0,6144,17.085735973134955
ffwubibz,33,0,9luzk4jm,24,512,5632,12.420756341949852
ffwubibz,33,1,ufdvpb81,18,512,2560,12.920845221924047
ffwubibz,33,2,9luzk4jm,1,0,512,13.529665921265607
ffwubibz,33,3,x77cy643,41,1536,1024,13.976710280425266
ffwubibz,33,4,ufdvpb81,1,0,512,14.012516699911812
ffwubibz,34,0,ptg8lmto,15,512,1024,15.524325845864485
ffwubibz,34,1,hzumfsms,49,1536,5120,17.57534708104499
ffwubibz,34,2,vc2whyaq,39,1536,0,17.92645861802407
ffwubibz,34,3,9luzk4jm,12,0,6144,18.348680371102564
ffwubibz,34,4,ufdvpb81,7,0,3584,18.484352392312132
ffwubibz,35,0,vc2whyaq,45,1536,3072,12.820213473011098
ffwubibz,35,1,ufdvpb81,7,0,3584,14.74415143307292
ffwubibz,35,2,x77cy643,41,1536,1024,14.887230530353046
ffwubibz,35,3,vc2whyaq,51,1536,6144,15.383321200958104
ffwubibz,35,4,x7u69zsw,28,1024,1024,15.450407915498243
ffwubibz,36,0,vc2whyaq,51,1536,6144,16.004299498954488
ffwubibz,36,1,utfgcjfa,31,1024,2560,16.102653524601653
ffwubibz,36,2,x77cy643,41,1536,1024,16.45326376246966
ffwubibz,36,3,pl8uabbv,41,1536,1024,16.45492226689594
ffwubibz,36,4,ufdvpb81,39,1536,0,16.623676103262845
ffwubibz,37,0,ufdvpb81,27,1024,512,13.512410362281777
ffwubibz,37,1,utfgcjfa,15,512,1024,15.441177906455176
ffwubibz,37,2,x77cy643,33,1024,3584,15.514189011192846
ffwubibz,37,3,9luzk4jm,14,512,512,15.712972714589798
ffwubibz,37,4,cfe5vt7s,29,1024,1536,16.12900872999515
ffwubibz,38,0,ufdvpb81,43,1536,2048,13.613777206400698
ffwubibz,38,1,0grcilhi,37,1024,5632,14.128259568513393
ffwubibz,38,2,ufdvpb81,26,1024,0,14.458445725577683
ffwubibz,38,3,pl8uabbv,27,1024,512,14.463302982917417
ffwubibz,38,4,cfe5vt7s,25,512,6144,14.8070285324014
ffwubibz,39,0,utfgcjfa,19,512,3072,11.837767722176524
ffwubibz,39,1,utfgcjfa,46,1536,3584,13.929533098575456
ffwubibz,39,2,x7u69zsw,13,512,0,14.27997737535171
ffwubibz,39,3,vc2whyaq,39,1536,0,14.387766068060222
ffwubibz,39,4,pl8uabbv,33,1024,3584,14.869169704108284
ffwubibz,40,0,ufdvpb81,21,512,4096,13.462160440774833
ffwubibz,40,1,ufdvpb81,36,1024,5120,14.122438477940928
ffwubibz,40,2,cfe5vt7s,16,512,1536,15.381398452907698
ffwubibz,40,3,hzumfsms,16,512,1536,15.39988747386066
ffwubibz,40,4,71vgq3fw,46,1536,3584,15.607810353666176
ffwubibz,41,0,hzumfsms,25,512,6144,14.594111973800356
ffwubibz,41,1,utfgcjfa,15,512,1024,15.209650952506603
ffwubibz,41,2,vc2whyaq,16,512,1536,16.182075262760456
ffwubibz,41,3,ufdvpb81,18,512,2560,16.28896236647417
ffwubibz,41,4,ufdvpb81,31,1024,2560,16.880130427512835
ffwubibz,42,0,hzumfsms,30,1024,2048,12.68322367912424
ffwubibz,42,1,ufdvpb81,37,1024,5632,14.108827743758074
ffwubibz,42,2,x77cy643,2,0,1024,14.479646791124967
ffwubibz,42,3,vc2whyaq,39,1536,0,14.609457372827661
ffwubibz,42,4,utfgcjfa,7,0,3584,14.863715924278852
ffwubibz,43,0,9luzk4jm,27,1024,512,12.773263638610606
ffwubibz,43,1,ptg8lmto,22,512,4608,14.460023027981705
ffwubibz,43,2,pl8uabbv,48,1536,4608,15.213353233608897
ffwubibz,43,3,cfe5vt7s,40,1536,512,15.239702371214765
ffwubibz,43,4,pl8uabbv,40,1536,512,15.809706263797159
ffwubibz,44,0,utfgcjfa,15,512,1024,11.35664496386257
ffwubibz,44,1,ufdvpb81,35,1024,4608,12.408190352651166
ffwubibz,44,2,pl8uabbv,47,1536,4096,13.11496148293703
ffwubibz,44,3,pl8uabbv,49,1536,5120,13.959876535928641
ffwubibz,44,4,vc2whyaq,16,512,1536,14.009693685615794
ffwubibz,45,0,pl8uabbv,24,512,5632,14.513787868089944
ffwubibz,45,1,ufdvpb81,50,1536,5632,15.375586633938308
ffwubibz,45,2,ufdvpb81,15,512,1024,15.829989315452215
ffwubibz,45,3,vc2whyaq,47,1536,4096,15.86794879541358
ffwubibz,45,4,ptg8lmto,17,512,2048,15.974522514699366
ffwubibz,46,0,ufdvpb81,45,1536,3072,12.828010969084696
ffwubibz,46,1,hzumfsms,27,1024,512,13.106897197502699
ffwubibz,46,2,ufdvpb81,3,0,1536,13.329558538325204
ffwubibz,46,3,vc2whyaq,33,1024,3584,13.699292392325027
ffwubibz,46,4,vc2whyaq,44,1536,2560,13.825498436844185
ffwubibz,47,0,x77cy643,33,1024,3584,14.978353489610846
ffwubibz,47,1,cfe5vt7s,29,1024,1536,15.208896645801127
ffwubibz,47,2,ufdvpb81,27,1024,512,15.352558790879746
ffwubibz,47,3,vc2whyaq,47,1536,4096,15.420597867857456
ffwubibz,47,4,9luzk4jm,36,1024,5120,15.819974999394448
ffwubibz,48,0,x77cy643,8,0,4096,14.387892657253962
ffwubibz,48,1,vc2whyaq,42,1536,1536,16.255839786375386
ffwubibz,48,2,pl8uabbv,26,1024,0,16.49788507759429
ffwubibz,48,3,ptg8lmto,11,0,5632,16.661206057022135
ffwubibz,48,4,pl8uabbv,4,0,2048,16.776388780672793
ffwubibz,49,0,cfe5vt7s,46,1536,3584,19.020280680964223
ffwubibz,49,1,pl8uabbv,42,1536,1536,19.726987127529142
ffwubibz,49,2,ptg8lmto,36,1024,5120,20.4434889410344
ffwubibz,49,3,pl8uabbv,26,1024,0,20.445192109122065
ffwubibz,49,4,x77cy643,47,1536,4096,20.688851848802134
ffwubibz,50,0,71vgq3fw,3,0,1536,18.891697396579552
ffwubibz,50,1,hawkfj64,28,1024,1024,19.394748447079323
ffwubibz,50,2,vc2whyaq,48,1536,4608,19.47130640342088
ffwubibz,50,3,ptg8lmto,16,512,1536,19.60623271692439
ffwubibz,50,4,cfe5vt7s,2,0,1024,19.646832791560055
ffwubibz,51,0,ptg8lmto,10,0,5120,14.90050408156437
ffwubibz,51,1,ufdvpb81,0,0,0,14.938564665984021
ffwubibz,51,2,x77cy643,47,1536,4096,15.469488281005372
ffwubibz,51,3,mgxahqnk,19,512,3072,15.555262530167207
ffwubibz,51,4,cfe5vt7s,16,512,1536,15.762420676148107
fzrt2k6r,0,0,71vgq3fw,10,0,5120,12.069263712139344
fzrt2k6r,0,1,hzumfsms,13,512,0,12.289182062826995
fzrt2k6r,0,2,ufdvpb81,16,512,1536,12.303124488398423
fzrt2k6r,0,3,71vgq3fw,14,512,512,12.329010745325727
fzrt2k6r,0,4,ptg8lmto,11,0,5632,12.911945593635103
fzrt2k6r,1,0,utfgcjfa,2,0,1024,14.334660404448977
fzrt2k6r,1,1,pl8uabbv,17,512,2048,15.82897471868756
fzrt2k6r,1,2,cfe5vt7s,49,1536,5120,15.872870147020981
fzrt2k6r,1,3,pl8uabbv,45,1536,3072,16.39683345461784
fzrt2k6r,1,4,pl8uabbv,44,1536,2560,16.575740843907557
fzrt2k6r,2,0,vc2whyaq,26,1024,0,12.061662427373243
fzrt2k6r,2,1,cfe5vt7s,43,1536,2048,15.492421692574274
fzrt2k6r,2,2,pl8uabbv,41,1536,1024,15.64626282927188
fzrt2k6r,2,3,kbdh4tri,41,1536,1024,15.821536256976646
fzrt2k6r,2,4,cfe5vt7s,44,1536,2560,16.06545789327262
fzrt2k6r,3,0,hzumfsms,18,512,2560,11.637928093532992
fzrt2k6r,3,1,ptg8lmto,33,1024,3584,12.162623347563924
fzrt2k6r,3,2,xgj4xftb,37,1024,5632,12.265854799271073
fzrt2k6r,3,3,hzumfsms,29,1024,1536,12.705294456386094
fzrt2k6r,3,4,utfgcjfa,6,0,3072,13.151381831259206
fzrt2k6r,4,0,x77cy643,41,1536,1024,10.94203681701398
fzrt2k6r,4,1,x77cy643,48,1536,4608,11.100110380869383
fzrt2k6r,4,2,tuy3zymq,13,512,0,13.143229649970602
fzrt2k6r,4,3,71vgq3fw,14,512,512,13.156850265955438
fzrt2k6r,4,4,x7u69zsw,27,1024,512,13.693558462292748
fzrt2k6r,5,0,x77cy643,48,1536,4608,11.790305284624564
fzrt2k6r,5,1,x7u69zsw,27,1024,512,12.435558757581882
fzrt2k6r,5,2,hzumfsms,4,0,2048,12.972760373284448
fzrt2k6r,5,3,71vgq3fw,14,512,512,13.187776101499614
fzrt2k6r,5,4,9luzk4jm,1,0,512,13.35008832011774
fzrt2k6r,6,0,utfgcjfa,31,1024,2560,16.297955918413724
fzrt2k6r,6,1,71vgq3fw,14,512,512,16.865227759677968
fzrt2k6r,6,2,ptg8lmto,13,512,0,16.910631277315392
fzrt2k6r,6,3,ptg8lmto,11,0,5632,17.3289675879084
fzrt2k6r,6,4,ptg8lmto,16,512,1536,17.39319900256152
fzrt2k6r,7,0,hzumfsms,45,1536,3072,13.563806086572907
fzrt2k6r,7,1,pl8uabbv,34,1024,4096,13.821601977270815
fzrt2k6r,7,2,ptg8lmto,10,0,5120,13.891598868590988
fzrt2k6r,7,3,pl8uabbv,40,1536,512,13.933989466581219
fzrt2k6r,7,4,71vgq3fw,25,512,6144,13.994365387300624
fzrt2k6r,8,0,ptg8lmto,23,512,5120,13.775290696147973
fzrt2k6r,8,1,hzumfsms,45,1536,3072,14.210377180833143
fzrt2k6r,8,2,kbdh4tri,19,512,3072,14.596925278528154
fzrt2k6r,8,3,pl8uabbv,44,1536,2560,14.658547960940018
fzrt2k6r,8,4,kbdh4tri,27,1024,512,14.74485410779043
fzrt2k6r,9,0,x77cy643,47,1536,4096,14.600002940074935
fzrt2k6r,9,1,ptg8lmto,35,1024,4608,15.191786653284625
fzrt2k6r,9,2,ptg8lmto,38,1024,6144,16.22105246132875
fzrt2k6r,9,3,pl8uabbv,35,1024,4608,16.502385556525905
fzrt2k6r,9,4,9luzk4jm,11,0,5632,16.654611215461223
fzrt2k6r,10,0,ptg8lmto,35,1024,4608,14.715863588250933
fzrt2k6r,10,1,mgxahqnk,26,1024,0,15.320209756471447
fzrt2k6r,10,2,0grcilhi,28,1024,1024,15.519569989986985
fzrt2k6r,10,3,mgxahqnk,20,512,3584,15.865433343810544
fzrt2k6r,10,4,hawkfj64,14,512,512,15.9066798721359
fzrt2k6r,11,0,vc2whyaq,12,0,6144,11.980764336694344
fzrt2k6r,11,1,utfgcjfa,0,0,0,13.190482456275976
fzrt2k6r,11,2,0grcilhi,4,0,2048,13.832856848732312
fzrt2k6r,11,3,x7u69zsw,13,512,0,14.599113805768928
fzrt2k6r,11,4,vc2whyaq,45,1536,3072,15.013330942369533
fzrt2k6r,12,0,vc2whyaq,23,512,5120,13.72355961045739
fzrt2k6r,12,1,vc2whyaq,45,1536,3072,14.437434516026626
fzrt2k6r,12,2,pl8uabbv,41,1536,1024,14.523808055745977
fzrt2k6r,12,3,vc2whyaq,24,512,5632,14.563430407222489
fzrt2k6r,12,4,x77cy643,32,1024,3072,14.769892095253136
fzrt2k6r,13,0,ptg8lmto,0,0,0,16.431643249289987
fzrt2k6r,13,1,ptg8lmto,16,512,1536,16.639881104000743
fzrt2k6r,13,2,cfe5vt7s,35,1024,4608,17.478108789159087
fzrt2k6r,13,3,ptg8lmto,26,1024,0,17.516904419416235
fzrt2k6r,13,4,ufdvpb81,1,0,512,17.575654368328628
fzrt2k6r,14,0,71vgq3fw,12,0,6144,13.850543704728027
fzrt2k6r,14,1,cfe5vt7s,35,1024,4608,14.140235088063063
fzrt2k6r,14,2,vc2whyaq,41,1536,1024,14.417909024267543
fzrt2k6r,14,3,pl8uabbv,40,1536,512,14.728998081846806
fzrt2k6r,14,4,71vgq3fw,25,512,6144,15.07952811958308
fzrt2k6r,15,0,tuy3zymq,23,512,5120,14.792253596294259
fzrt2k6r,15,1,0grcilhi,14,512,512,14.895609526411693
fzrt2k6r,15,2,x7u69zsw,41,1536,1024,15.012250207128375
fzrt2k6r,15,3,x7u69zsw,28,1024,1024,15.50297047242418
fzrt2k6r,15,4,hzumfsms,51,1536,6144,16.20391267939035
fzrt2k6r,16,0,pl8uabbv,49,1536,5120,13.649636669800236
fzrt2k6r,16,1,utfgcjfa,26,1024,0,14.532508665898426
fzrt2k6r,16,2,utfgcjfa,31,1024,2560,15.035309009723393
fzrt2k6r,16,3,ufdvpb81,35,1024,4608,15.136985616773668
fzrt2k6r,16,4,utfgcjfa,39,1536,0,15.337160349692796
fzrt2k6r,17,0,utfgcjfa,31,1024,2560,12.125049187189083
fzrt2k6r,17,1,vc2whyaq,16,512,1536,12.80811352763429
fzrt2k6r,17,2,vc2whyaq,17,512,2048,13.427454904190816
fzrt2k6r,17,3,pl8uabbv,41,1536,1024,13.881033864275738
fzrt2k6r,17,4,hzumfsms,13,512,0,14.100346170928853
fzrt2k6r,18,0,9luzk4jm,51,1536,6144,17.659293576652562
fzrt2k6r,18,1,utfgcjfa,50,1536,5632,18.248055445552396
fzrt2k6r,18,2,vc2whyaq,26,1024,0,18.46497251649453
fzrt2k6r,18,3,ufdvpb81,47,1536,4096,18.758988158564968
fzrt2k6r,18,4,ufdvpb81,29,1024,1536,18.95131789607454
fzrt2k6r,19,0,x77cy643,43,1536,2048,15.128979460057803
fzrt2k6r,19,1,ufdvpb81,39,1536,0,15.61138850748247
fzrt2k6r,19,2,utfgcjfa,50,1536,5632,15.86661537146526
fzrt2k6r,19,3,vc2whyaq,38,1024,6144,17.350157680570025
fzrt2k6r,19,4,tuy3zymq,32,1024,3072,18.10025395484532
fzrt2k6r,20,0,cfe5vt7s,32,1024,3072,14.24645926369516
fzrt2k6r,20,1,utfgcjfa,37,1024,5632,15.988158434987191
fzrt2k6r,20,2,tuy3zymq,32,1024,3072,17.3096388294306
fzrt2k6r,20,3,vc2whyaq,20,512,3584,17.354722821848796
fzrt2k6r,20,4,vc2whyaq,10,0,5120,17.83840506754558
fzrt2k6r,21,0,utfgcjfa,16,512,1536,13.309053930102952
fzrt2k6r,21,1,utfgcjfa,46,1536,3584,13.913542449029999
fzrt2k6r,21,2,vc2whyaq,12,0,6144,13.947219200666305
fzrt2k6r,21,3,vc2whyaq,37,1024,5632,14.466367357542387
fzrt2k6r,21,4,71vgq3fw,20,512,3584,14.490616108792686
fzrt2k6r,22,0,ptg8lmto,31,1024,2560,13.169517727400182
fzrt2k6r,22,1,cfe5vt7s,47,1536,4096,14.293313748407014
fzrt2k6r,22,2,9luzk4jm,32,1024,3072,15.300403915850469
fzrt2k6r,22,3,xgj4xftb,2,0,1024,15.809424524634581
fzrt2k6r,22,4,vc2whyaq,19,512,3072,16.009086829686357
fzrt2k6r,23,0,hzumfsms,43,1536,2048,13.643309644093412
fzrt2k6r,23,1,9luzk4jm,26,1024,0,15.783734255427321
fzrt2k6r,23,2,ufdvpb81,50,1536,5632,16.170304972114984
fzrt2k6r,23,3,ufdvpb81,15,512,1024,16.307368866793798
fzrt2k6r,23,4,cfe5vt7s,47,1536,4096,16.425680600279147
fzrt2k6r,24,0,utfgcjfa,22,512,4608,16.469365644888587
fzrt2k6r,24,1,vc2whyaq,21,512,4096,16.669451366529806
fzrt2k6r,24,2,utfgcjfa,16,512,1536,16.957377367620357
fzrt2k6r,24,3,x77cy643,16,512,1536,16.990263953347515
fzrt2k6r,24,4,cfe5vt7s,43,1536,2048,16.9996660357144
fzrt2k6r,25,0,utfgcjfa,35,1024,4608,16.690328980498997
fzrt2k6r,25,1,x77cy643,33,1024,3584,16.78122890872307
fzrt2k6r,25,2,pl8uabbv,45,1536,3072,17.252835254016446
fzrt2k6r,25,3,cfe5vt7s,13,512,0,17.547110047187225
fzrt2k6r,25,4,pl8uabbv,24,512,5632,17.55557038074962
fzrt2k6r,26,0,cfe5vt7s,22,512,4608,14.860493280689466
fzrt2k6r,26,1,ufdvpb81,40,1536,512,15.87061295621379
fzrt2k6r,26,2,0grcilhi,20,512,3584,15.994504361530453
fzrt2k6r,26,3,vc2whyaq,20,512,3584,16.053756418492835
fzrt2k6r,26,4,x77cy643,17,512,2048,16.528505516029618
fzrt2k6r,27,0,vc2whyaq,26,1024,0,20.730842708512235
fzrt2k6r,27,1,ufdvpb81,46,1536,3584,20.771834008519967
fzrt2k6r,27,2,vc2whyaq,11,0,5632,20.83993818411155
fzrt2k6r,27,3,vc2whyaq,20,512,3584,21.289471840732034
fzrt2k6r,27,4,pl8uabbv,39,1536,0,22.09250241373761
fzrt2k6r,28,0,xgj4xftb,8,0,4096,12.355787269461343
fzrt2k6r,28,1,ptg8lmto,33,1024,3584,12.95667215707889
fzrt2k6r,28,2,x7u69zsw,2,0,1024,13.297761209460738
fzrt2k6r,28,3,71vgq3fw,10,0,5120,13.644613802094451
fzrt2k6r,28,4,hzumfsms,39,1536,0,13.688743984206152
fzrt2k6r,29,0,x77cy643,35,1024,4608,15.33741424583786
fzrt2k6r,29,1,ufdvpb81,15,512,1024,15.480696425995927
fzrt2k6r,29,2,x77cy643,38,1024,6144,15.675955490724562
fzrt2k6r,29,3,x77cy643,17,512,2048,16.129623777611666
fzrt2k6r,29,4,71vgq3fw,11,0,5632,16.30179321177062
fzrt2k6r,30,0,ufdvpb81,50,1536,5632,16.504491033793713
fzrt2k6r,30,1,hzumfsms,43,1536,2048,16.964609929854266
fzrt2k6r,30,2,cfe5vt7s,47,1536,4096,17.543723645744226
fzrt2k6r,30,3,kbdh4tri,40,1536,512,17.634630774128325
fzrt2k6r,30,4,hzumfsms,6,0,3072,17.866237142255937
fzrt2k6r,31,0,utfgcjfa,22,512,4608,13.193327424035896
fzrt2k6r,31,1,ptg8lmto,33,1024,3584,13.408588398443737
fzrt2k6r,31,2,vc2whyaq,21,512,4096,13.82861980492393
fzrt2k6r,31,3,pl8uabbv,18,512,2560,14.268204391134079
fzrt2k6r,31,4,utfgcjfa,31,1024,2560,14.298612481008124
fzrt2k6r,32,0,cfe5vt7s,49,1536,5120,16.164636667689248
fzrt2k6r,32,1,utfgcjfa,9,0,4608,17.035828542187957
fzrt2k6r,32,2,vc2whyaq,9,0,4608,17.254346353458235
fzrt2k6r,32,3,pl8uabbv,17,512,2048,17.9716513221257
fzrt2k6r,32,4,tuy3zymq,40,1536,512,18.49735384412925
fzrt2k6r,33,0,kbdh4tri,4,0,2048,14.56673605120781
fzrt2k6r,33,1,cfe5vt7s,49,1536,5120,15.384252779495213
fzrt2k6r,33,2,pl8uabbv,41,1536,1024,16.661513383265977
fzrt2k6r,33,3,xgj4xftb,8,0,4096,16.671397862109988
fzrt2k6r,33,4,cfe5vt7s,43,1536,2048,16.770776459136098
fzrt2k6r,34,0,71vgq3fw,25,512,6144,14.80753339730752
fzrt2k6r,34,1,x7u69zsw,26,1024,0,14.966087558493552
fzrt2k6r,34,2,pl8uabbv,7,0,3584,15.434283508586805
fzrt2k6r,34,3,0grcilhi,37,1024,5632,15.687594218740038
fzrt2k6r,34,4,tuy3zymq,23,512,5120,16.3321225750646
fzrt2k6r,35,0,vc2whyaq,20,512,3584,14.401543238575693
fzrt2k6r,35,1,vc2whyaq,14,512,512,14.90613886576484
fzrt2k6r,35,2,utfgcjfa,29,1024,1536,15.621090154312027
fzrt2k6r,35,3,vc2whyaq,26,1024,0,16.22260799339436
fzrt2k6r,35,4,vc2whyaq,38,1024,6144,16.446023588901696
fzrt2k6r,36,0,vc2whyaq,26,1024,0,13.983751567246635
fzrt2k6r,36,1,x77cy643,12,0,6144,14.269341140223611
fzrt2k6r,36,2,ptg8lmto,37,1024,5632,15.808551825534302
fzrt2k6r,36,3,9luzk4jm,26,1024,0,16.03389263853912
fzrt2k6r,36,4,vc2whyaq,45,1536,3072,16.125524976424025
fzrt2k6r,37,0,utfgcjfa,31,1024,2560,14.062476187942414
fzrt2k6r,37,1,9luzk4jm,32,1024,3072,14.326156131359877
fzrt2k6r,37,2,cfe5vt7s,43,1536,2048,14.485992544851225
fzrt2k6r,37,3,utfgcjfa,22,512,4608,14.659447689379048
fzrt2k6r,37,4,vc2whyaq,21,512,4096,14.89263701129194
fzrt2k6r,38,0,vc2whyaq,10,0,5120,16.513705511672008
fzrt2k6r,38,1,hzumfsms,41,1536,1024,16.984719823664232
fzrt2k6r,38,2,0grcilhi,20,512,3584,17.096686306247648
fzrt2k6r,38,3,cfe5vt7s,19,512,3072,17.315991956023694
fzrt2k6r,38,4,0grcilhi,5,0,2560,17.55273100820265
fzrt2k6r,39,0,ptg8lmto,26,1024,0,17.390507922279003
fzrt2k6r,39,1,cfe5vt7s,3,0,1536,18.88241782205499
fzrt2k6r,39,2,kbdh4tri,14,512,512,19.479330245675307
fzrt2k6r,39,3,vc2whyaq,46,1536,3584,19.64250628762422
fzrt2k6r,39,4,ptg8lmto,5,0,2560,19.735402286422552
fzrt2k6r,40,0,71vgq3fw,41,1536,1024,13.706511301049055
fzrt2k6r,40,1,hawkfj64,28,1024,1024,14.240016558534608
fzrt2k6r,40,2,utfgcjfa,42,1536,1536,15.490120393148684
fzrt2k6r,40,3,pl8uabbv,27,1024,512,16.61934456958779
fzrt2k6r,40,4,x7u69zsw,17,512,2048,16.885501443144925
fzrt2k6r,41,0,x7u69zsw,18,512,2560,15.607350491084063
fzrt2k6r,41,1,kbdh4tri,27,1024,512,16.166742819542584
fzrt2k6r,41,2,kbdh4tri,14,512,512,16.267319110133148
fzrt2k6r,41,3,x7u69zsw,47,1536,4096,16.335565425502836
fzrt2k6r,41,4,x7u69zsw,44,1536,2560,16.505228340922027
fzrt2k6r,42,0,utfgcjfa,35,1024,4608,15.268879258933895
fzrt2k6r,42,1,pl8uabbv,36,1024,5120,15.856800112396584
fzrt2k6r,42,2,utfgcjfa,2,0,1024,15.88700928656576
fzrt2k6r,42,3,pl8uabbv,17,512,2048,15.944032668531843
fzrt2k6r,42,4,pl8uabbv,46,1536,3584,16.316468046258358
fzrt2k6r,43,0,pl8uabbv,28,1024,1024,15.02146602228886
fzrt2k6r,43,1,pl8uabbv,27,1024,512,15.925917056106352
fzrt2k6r,43,2,cfe5vt7s,20,512,3584,16.39093044523159
fzrt2k6r,43,3,0grcilhi,5,0,2560,16.485147287374378
fzrt2k6r,43,4,9luzk4jm,8,0,4096,16.841482081926625
fzrt2k6r,44,0,ufdvpb81,43,1536,2048,14.411813967747106
fzrt2k6r,44,1,9luzk4jm,51,1536,6144,16.53682460811147
fzrt2k6r,44,2,utfgcjfa,27,1024,512,16.791526666428958
fzrt2k6r,44,3,x77cy643,24,512,5632,17.063688597491723
fzrt2k6r,44,4,cfe5vt7s,45,1536,3072,17.10617365300029
fzrt2k6r,45,0,mgxahqnk,18,512,2560,17.910750791790758
fzrt2k6r,45,1,mgxahqnk,17,512,2048,18.4336052082199
fzrt2k6r,45,2,x7u69zsw,42,1536,1536,18.669103783982838
fzrt2k6r,45,3,0grcilhi,32,1024,3072,19.972080024801546
fzrt2k6r,45,4,xgj4xftb,5,0,2560,20.64519397324404
fzrt2k6r,46,0,ptg8lmto,22,512,4608,12.232380949060955
fzrt2k6r,46,1,tuy3zymq,31,1024,2560,14.107509248462184
fzrt2k6r,46,2,vc2whyaq,41,1536,1024,15.12470847257863
fzrt2k6r,46,3,pl8uabbv,48,1536,4608,15.348834890124794
fzrt2k6r,46,4,mgxahqnk,20,512,3584,15.47954896705034
fzrt2k6r,47,0,x7u69zsw,35,1024,4608,15.690676198338755
fzrt2k6r,47,1,utfgcjfa,15,512,1024,15.90739371211478
fzrt2k6r,47,2,ufdvpb81,8,0,4096,16.08085090916726
fzrt2k6r,47,3,utfgcjfa,39,1536,0,16.775281632727854
fzrt2k6r,47,4,vc2whyaq,3,0,1536,16.92828316185652
fzrt2k6r,48,0,9luzk4jm,40,1536,512,11.905382625700364
fzrt2k6r,48,1,tuy3zymq,49,1536,5120,11.958950576673049
fzrt2k6r,48,2,vc2whyaq,44,1536,2560,12.521088026928423
fzrt2k6r,48,3,ufdvpb81,2,0,1024,12.914267096368164
fzrt2k6r,48,4,vc2whyaq,39,1536,0,12.96193744556815
fzrt2k6r,49,0,ptg8lmto,31,1024,2560,12.672085348401735
fzrt2k6r,49,1,9luzk4jm,32,1024,3072,12.82666584892959
fzrt2k6r,49,2,pl8uabbv,28,1024,1024,14.56980611306417
fzrt2k6r,49,3,71vgq3fw,11,0,5632,14.572313095125425
fzrt2k6r,49,4,x77cy643,24,512,5632,14.62691374694055
fzrt2k6r,50,0,pl8uabbv,43,1536,2048,12.313670389089816
fzrt2k6r,50,1,utfgcjfa,3,0,1536,17.17260928736387
fzrt2k6r,50,2,cfe5vt7s,20,512,3584,17.21885793609857
fzrt2k6r,50,3,ufdvpb81,50,1536,5632,17.224363959957497
fzrt2k6r,50,4,tuy3zymq,23,512,5120,17.646709755420282
fzrt2k6r,51,0,71vgq3fw,20,512,3584,14.695308856592046
fzrt2k6r,51,1,71vgq3fw,10,0,5120,14.748456646820665
fzrt2k6r,51,2,vc2whyaq,1,0,512,14.830293256240862
fzrt2k6r,51,3,vc2whyaq,4,0,2048,15.059013437617379
fzrt2k6r,51,4,ptg8lmto,33,1024,3584,15.894850071464706
iv6g2oq0,0,0,x77cy643,34,1024,4096,13.104113160897128
iv6g2oq0,0,1,utfgcjfa,40,1536,512,13.326387637475582
iv6g2oq0,0,2,vc2whyaq,19,512,3072,14.661619994109964
iv6g2oq0,0,3,9luzk4jm,29,1024,1536,14.773171900112928
iv6g2oq0,0,4,kbdh4tri,48,1536,4608,14.914552062082599
iv6g2oq0,1,0,x77cy643,8,0,4096,14.452789457083307
iv6g2oq0,1,1,tuy3zymq,40,1536,512,15.714405482169253
iv6g2oq0,1,2,xgj4xftb,8,0,4096,16.062423884853597
iv6g2oq0,1,3,xgj4xftb,36,1024,5120,16.167881311394858
iv6g2oq0,1,4,x7u69zsw,36,1024,5120,16.40096192277506
iv6g2oq0,2,0,cfe5vt7s,38,1024,6144,16.116517571529997
iv6g2oq0,2,1,x77cy643,47,1536,4096,16.551615380011377
iv6g2oq0,2,2,cfe5vt7s,46,1536,3584,16.735684306169738
iv6g2oq0,2,3,ufdvpb81,34,1024,4096,16.95638340714193
iv6g2oq0,2,4,cfe5vt7s,30,1024,2048,17.212556485536457
iv6g2oq0,3,0,x77cy643,47,1536,4096,11.974248633518316
iv6g2oq0,3,1,ufdvpb81,34,1024,4096,14.133020839993671
iv6g2oq0,3,2,cfe5vt7s,35,1024,4608,14.53732640466299
iv6g2oq0,3,3,pl8uabbv,46,1536,3584,14.847479988391068
iv6g2oq0,3,4,tuy3zymq,31,1024,2560,14.978560484400889
iv6g2oq0,4,0,71vgq3fw,25,512,6144,16.315372916891974
iv6g2oq0,4,1,x77cy643,5,0,2560,16.488126816996388
iv6g2oq0,4,2,hzumfsms,4,0,2048,16.590985878141886
iv6g2oq0,4,3,xgj4xftb,4,0,2048,16.737202876827553
iv6g2oq0,4,4,vc2whyaq,45,1536,3072,16.84233826394613
iv6g2oq0,5,0,x77cy643,35,1024,4608,11.66366798838845
iv6g2oq0,5,1,vc2whyaq,44,1536,2560,13.734006521583735
iv6g2oq0,5,2,ptg8lmto,1,0,512,14.114745260282405
iv6g2oq0,5,3,utfgcjfa,17,512,2048,14.601261956164628
iv6g2oq0,5,4,mgxahqnk,8,0,4096,14.637050144322435
iv6g2oq0,6,0,x77cy643,41,1536,1024,11.014806408819776
iv6g2oq0,6,1,ptg8lmto,23,512,5120,12.816893082963103
iv6g2oq0,6,2,71vgq3fw,10,0,5120,12.844989543415819
iv6g2oq0,6,3,vc2whyaq,39,1536,0,13.143286617774981
iv6g2oq0,6,4,utfgcjfa,11,0,5632,13.348469524284727
iv6g2oq0,7,0,hzumfsms,14,512,512,12.705240674658905
iv6g2oq0,7,1,vc2whyaq,45,1536,3072,13.228966291240402
iv6g2oq0,7,2,cfe5vt7s,42,1536,1536,13.60085871383084
iv6g2oq0,7,3,x7u69zsw,49,1536,5120,14.762382830470468
iv6g2oq0,7,4,pl8uabbv,41,1536,1024,15.150317635372279
iv6g2oq0,8,0,ptg8lmto,3,0,1536,13.320675458073314
iv6g2oq0,8,1,vc2whyaq,47,1536,4096,13.324941574898771
iv6g2oq0,8,2,utfgcjfa,33,1024,3584,14.200625862051446
iv6g2oq0,8,3,pl8uabbv,33,1024,3584,14.544060237965697
iv6g2oq0,8,4,vc2whyaq,2,0,1024,14.629796496132698
iv6g2oq0,9,0,cfe5vt7s,14,512,512,13.901785888420799
iv6g2oq0,9,1,cfe5vt7s,1,0,512,15.051408218864246
iv6g2oq0,9,2,x77cy643,5,0,2560,15.156744770096257
iv6g2oq0,9,3,pl8uabbv,45,1536,3072,15.680939248719673
iv6g2oq0,9,4,cfe5vt7s,42,1536,1536,15.749099150375027
iv6g2oq0,10,0,pl8uabbv,25,512,6144,13.503176947913541
iv6g2oq0,10,1,vc2whyaq,47,1536,4096,14.01273219866933
iv6g2oq0,10,2,cfe5vt7s,37,1024,5632,14.834597591808148
iv6g2oq0,10,3,kbdh4tri,44,1536,2560,14.989210441163758
iv6g2oq0,10,4,tuy3zymq,32,1024,3072,15.130007079855936
iv6g2oq0,11,0,cfe5vt7s,20,512,3584,13.673556134171614
iv6g2oq0,11,1,pl8uabbv,43,1536,2048,14.929197666695098
iv6g2oq0,11,2,utfgcjfa,35,1024,4608,15.217881648154783
iv6g2oq0,11,3,pl8uabbv,45,1536,3072,15.31521703112116
iv6g2oq0,11,4,pl8uabbv,46,1536,3584,15.382246129296613
iv6g2oq0,12,0,71vgq3fw,19,512,3072,14.077191174611258
iv6g2oq0,12,1,kbdh4tri,27,1024,512,14.454738555775787
iv6g2oq0,12,2,71vgq3fw,38,1024,6144,14.52949528340725
iv6g2oq0,12,3,kbdh4tri,4,0,2048,14.651765963344667
iv6g2oq0,12,4,71vgq3fw,25,512,6144,14.698472229560947
iv6g2oq0,13,0,pl8uabbv,11,0,5632,14.824001903067655
iv6g2oq0,13,1,pl8uabbv,41,1536,1024,14.868076708124283
iv6g2oq0,13,2,pl8uabbv,16,512,1536,15.23915001553202
iv6g2oq0,13,3,utfgcjfa,15,512,1024,15.254863244250851
iv6g2oq0,13,4,vc2whyaq,21,512,4096,15.406408239981328
iv6g2oq0,14,0,tuy3zymq,1,0,512,17.670120778646684
iv6g2oq0,14,1,utfgcjfa,19,512,3072,17.98403041764046
iv6g2oq0,14,2,vc2whyaq,10,0,5120,19.450775872811732
iv6g2oq0,14,3,x77cy643,5,0,2560,19.738459292034133
iv6g2oq0,14,4,ptg8lmto,3,0,1536,19.75913516938113
iv6g2oq0,15,0,cfe5vt7s,28,1024,1024,14.686304009425557
iv6g2oq0,15,1,cfe5vt7s,24,512,5632,14.744037899929799
iv6g2oq0,15,2,pl8uabbv,12,0,6144,14.817649780171205
iv6g2oq0,15,3,hzumfsms,37,1024,5632,15.172361581872906
iv6g2oq0,15,4,cfe5vt7s,37,1024,5632,15.287498334297151
iv6g2oq0,16,0,ufdvpb81,7,0,3584,12.701124094497029
iv6g2oq0,16,1,vc2whyaq,44,1536,2560,13.49714239353023
iv6g2oq0,16,2,hzumfsms,49,1536,5120,13.719218716819483
iv6g2oq0,16,3,9luzk4jm,32,1024,3072,14.455242150490445
iv6g2oq0,16,4,x77cy643,32,1024,3072,14.80248915095354
iv6g2oq0,17,0,pl8uabbv,24,512,5632,16.30766358689126
iv6g2oq0,17,1,hzumfsms,19,512,3072,16.54681589222477
iv6g2oq0,17,2,x77cy643,5,0,2560,17.43033616766909
iv6g2oq0,17,3,0grcilhi,9,0,4608,17.756973181797225
iv6g2oq0,17,4,cfe5vt7s,20,512,3584,18.342675354314093
iv6g2oq0,18,0,x77cy643,34,1024,4096,13.360929336479684
iv6g2oq0,18,1,9luzk4jm,51,1536,6144,14.307875272263821
iv6g2oq0,18,2,vc2whyaq,19,512,3072,14.320084955919182
iv6g2oq0,18,3,vc2whyaq,47,1536,4096,15.206004561649415
iv6g2oq0,18,4,hzumfsms,33,1024,3584,15.273436811006155
iv6g2oq0,19,0,pl8uabbv,51,1536,6144,18.70431311366519
iv6g2oq0,19,1,cfe5vt7s,20,512,3584,19.73440922981316
iv6g2oq0,19,2,x77cy643,33,1024,3584,19.745141745945784
iv6g2oq0,19,3,ufdvpb81,43,1536,2048,20.06814512379367
iv6g2oq0,19,4,pl8uabbv,24,512,5632,20.29487051013627
iv6g2oq0,20,0,x77cy643,19,512,3072,10.711751390505503
iv6g2oq0,20,1,x7u69zsw,35,1024,4608,12.34198610246258
iv6g2oq0,20,2,utfgcjfa,15,512,1024,12.441423644214396
iv6g2oq0,20,3,cfe5vt7s,47,1536,4096,12.830337764260376
iv6g2oq0,20,4,vc2whyaq,2,0,1024,12.959957199204888
iv6g2oq0,21,0,71vgq3fw,25,512,6144,12.835545908512332
iv6g2oq0,21,1,pl8uabbv,17,512,2048,13.040818292490316
iv6g2oq0,21,2,pl8uabbv,41,1536,1024,13.351788269453488
iv6g2oq0,21,3,hzumfsms,13,512,0,13.602416383216507
iv6g2oq0,21,4,utfgcjfa,31,1024,2560,13.85203457286544
iv6g2oq0,22,0,pl8uabbv,33,1024,3584,13.845538359147692
iv6g2oq0,22,1,pl8uabbv,38,1024,6144,14.609238404557644
iv6g2oq0,22,2,pl8uabbv,41,1536,1024,15.49446015155311
iv6g2oq0,22,3,vc2whyaq,16,512,1536,15.669244290148422
iv6g2oq0,22,4,vc2whyaq,24,512,5632,15.810465401254858
iv6g2oq0,23,0,vc2whyaq,26,1024,0,15.896747334570636
iv6g2oq0,23,1,cfe5vt7s,44,1536,2560,16.490488416143975
iv6g2oq0,23,2,ufdvpb81,40,1536,512,20.64511442569177
iv6g2oq0,23,3,ufdvpb81,32,1024,3072,20.690894588714503
iv6g2oq0,23,4,cfe5vt7s,43,1536,2048,20.861872977202797
iv6g2oq0,24,0,hzumfsms,51,1536,6144,14.020753491656537
iv6g2oq0,24,1,vc2whyaq,45,1536,3072,15.756326985893317
iv6g2oq0,24,2,ufdvpb81,20,512,3584,15.949903132841428
iv6g2oq0,24,3,0grcilhi,4,0,2048,16.45917303244421
iv6g2oq0,24,4,x7u69zsw,41,1536,1024,17.14616157485079
iv6g2oq0,25,0,cfe5vt7s,44,1536,2560,15.36991299773967
iv6g2oq0,25,1,ufdvpb81,23,512,5120,16.60799388291045
iv6g2oq0,25,2,vc2whyaq,26,1024,0,16.62889644733339
iv6g2oq0,25,3,ufdvpb81,40,1536,512,17.28095179237238
iv6g2oq0,25,4,x77cy643,40,1536,512,17.36111590905672
iv6g2oq0,26,0,cfe5vt7s,49,1536,5120,12.173942712156947
iv6g2oq0,26,1,pl8uabbv,26,1024,0,13.87611928799155
iv6g2oq0,26,2,pl8uabbv,38,1024,6144,14.277128049924142
iv6g2oq0,26,3,pl8uabbv,45,1536,3072,14.526440304269247
iv6g2oq0,26,4,ufdvpb81,34,1024,4096,14.847342174600445
iv6g2oq0,27,0,x7u69zsw,42,1536,1536,17.422670890969314
iv6g2oq0,27,1,mgxahqnk,18,512,2560,19.434476036482437
iv6g2oq0,27,2,hawkfj64,16,512,1536,19.58634319073336
iv6g2oq0,27,3,utfgcjfa,43,1536,2048,19.798360909462495
iv6g2oq0,27,4,hawkfj64,26,1024,0,20.056299687598955
iv6g2oq0,28,0,ufdvpb81,17,512,2048,12.788208010538424
iv6g2oq0,28,1,ptg8lmto,26,1024,0,16.51478682441661
iv6g2oq0,28,2,vc2whyaq,43,1536,2048,17.71117609817847
iv6g2oq0,28,3,ptg8lmto,30,1024,2048,17.762603090632773
iv6g2oq0,28,4,ptg8lmto,7,0,3584,17.776015555316658
iv6g2oq0,29,0,utfgcjfa,3,0,1536,12.986676882186517
iv6g2oq0,29,1,pl8uabbv,33,1024,3584,14.147129091314328
iv6g2oq0,29,2,utfgcjfa,35,1024,4608,14.974744884302192
iv6g2oq0,29,3,9luzk4jm,47,1536,4096,15.089111089509199
iv6g2oq0,29,4,x77cy643,9,0,4608,15.091531767589853
iv6g2oq0,30,0,vc2whyaq,10,0,5120,15.294845103881826
iv6g2oq0,30,1,pl8uabbv,28,1024,1024,15.36967733487092
iv6g2oq0,30,2,pl8uabbv,38,1024,6144,15.550220441571408
iv6g2oq0,30,3,ufdvpb81,27,1024,512,15.692494704305895
iv6g2oq0,30,4,x77cy643,33,1024,3584,15.783857312246395
iv6g2oq0,31,0,9luzk4jm,14,512,512,15.575760728918796
iv6g2oq0,31,1,cfe5vt7s,30,1024,2048,16.95512571547875
iv6g2oq0,31,2,x77cy643,28,1024,1024,17.405209164964077
iv6g2oq0,31,3,pl8uabbv,47,1536,4096,17.729729841003497
iv6g2oq0,31,4,x77cy643,15,512,1024,17.793051053927385
iv6g2oq0,32,0,ufdvpb81,34,1024,4096,14.23752284448135
iv6g2oq0,32,1,x77cy643,47,1536,4096,15.524038152977955
iv6g2oq0,32,2,xgj4xftb,8,0,4096,15.542048626713495
iv6g2oq0,32,3,0grcilhi,13,512,0,15.569740184325175
iv6g2oq0,32,4,pl8uabbv,34,1024,4096,15.640218259792114
iv6g2oq0,33,0,cfe5vt7s,37,1024,5632,16.95056883518094
iv6g2oq0,33,1,x77cy643,23,512,5120,17.61096449886999
iv6g2oq0,33,2,utfgcjfa,4,0,2048,17.72073646879661
iv6g2oq0,33,3,utfgcjfa,37,1024,5632,18.086764705222272
iv6g2oq0,33,4,vc2whyaq,10,0,5120,18.11302119007106
iv6g2oq0,34,0,x7u69zsw,28,1024,1024,14.172060754124407
iv6g2oq0,34,1,kbdh4tri,18,512,2560,14.520740690475783
iv6g2oq0,34,2,71vgq3fw,25,512,6144,14.761560842680899
iv6g2oq0,34,3,xgj4xftb,34,1024,4096,15.007996249853779
iv6g2oq0,34,4,pl8uabbv,7,0,3584,15.108926822039516
iv6g2oq0,35,0,vc2whyaq,47,1536,4096,12.464207768008679
iv6g2oq0,35,1,utfgcjfa,50,1536,5632,13.34372239010621
iv6g2oq0,35,2,ptg8lmto,21,512,4096,13.923242921182505
iv6g2oq0,35,3,9luzk4jm,26,1024,0,14.632421302585557
iv6g2oq0,35,4,ufdvpb81,40,1536,512,14.656505326267183
iv6g2oq0,36,0,ufdvpb81,43,1536,2048,13.924593332930968
iv6g2oq0,36,1,vc2whyaq,13,512,0,16.096523923434233
iv6g2oq0,36,2,cfe5vt7s,45,1536,3072,16.458110176330887
iv6g2oq0,36,3,pl8uabbv,38,1024,6144,17.174759667389317
iv6g2oq0,36,4,ufdvpb81,30,1024,2048,18.33870685241278
iv6g2oq0,37,0,pl8uabbv,26,1024,0,18.301730485559506
iv6g2oq0,37,1,ufdvpb81,15,512,1024,18.454520936934056
iv6g2oq0,37,2,pl8uabbv,41,1536,1024,18.526472710349637
iv6g2oq0,37,3,cfe5vt7s,45,1536,3072,18.59040198513918
iv6g2oq0,37,4,ufdvpb81,43,1536,2048,19.248262213674128
iv6g2oq0,38,0,pl8uabbv,38,1024,6144,16.077413272897314
iv6g2oq0,38,1,utfgcjfa,15,512,1024,16.88782265684487
iv6g2oq0,38,2,x7u69zsw,35,1024,4608,17.19238285852875
iv6g2oq0,38,3,hzumfsms,37,1024,5632,18.47761510913557
iv6g2oq0,38,4,cfe5vt7s,29,1024,1536,19.62357578293369
uhdslk0o,0,0,71vgq3fw,30,1024,2048,17.63019338278996
uhdslk0o,0,1,pl8uabbv,9,0,4608,18.20828192717706
uhdslk0o,0,2,mgxahqnk,32,1024,3072,18.304928010143083
uhdslk0o,0,3,mgxahqnk,0,0,0,18.37163079835972
uhdslk0o,0,4,x7u69zsw,1,0,512,18.713180490120898
uhdslk0o,1,0,utfgcjfa,2,0,1024,12.360102616814203
uhdslk0o,1,1,x77cy643,1,0,512,13.221184348345757
uhdslk0o,1,2,pl8uabbv,17,512,2048,13.399875361221401
uhdslk0o,1,3,utfgcjfa,9,0,4608,14.821008425539452
uhdslk0o,1,4,cfe5vt7s,0,0,0,15.404185415030694
uhdslk0o,2,0,xgj4xftb,6,0,3072,17.674260595038568
uhdslk0o,2,1,9luzk4jm,27,1024,512,18.806850481071066
uhdslk0o,2,2,hawkfj64,31,1024,2560,19.12112367055532
uhdslk0o,2,3,cfe5vt7s,15,512,1024,19.19124090466581
uhdslk0o,2,4,kbdh4tri,3,0,1536,19.583478791916196
uhdslk0o,3,0,ptg8lmto,10,0,5120,13.838899214339087
uhdslk0o,3,1,xgj4xftb,33,1024,3584,14.607832208834173
uhdslk0o,3,2,pl8uabbv,21,512,4096,14.82996729406411
uhdslk0o,3,3,ptg8lmto,7,0,3584,14.876443987976712
uhdslk0o,3,4,0grcilhi,11,0,5632,15.009598999198419
uhdslk0o,4,0,mgxahqnk,0,0,0,14.251600673159103
uhdslk0o,4,1,9luzk4jm,4,0,2048,15.606321297850032
uhdslk0o,4,2,ptg8lmto,7,0,3584,15.890040474333517
uhdslk0o,4,3,x77cy643,3,0,1536,16.36579566424064
uhdslk0o,4,4,ptg8lmto,0,0,0,16.72369639396416
uhdslk0o,5,0,71vgq3fw,17,512,2048,13.470205062796659
uhdslk0o,5,1,9luzk4jm,5,0,2560,14.56010478271501
uhdslk0o,5,2,tuy3zymq,47,1536,4096,15.404986989509071
uhdslk0o,5,3,kbdh4tri,27,1024,512,15.51577017414463
uhdslk0o,5,4,vc2whyaq,36,1024,5120,15.57137311574393
uhdslk0o,6,0,vc2whyaq,34,1024,4096,14.482036477129787
uhdslk0o,6,1,pl8uabbv,21,512,4096,14.689001951490347
uhdslk0o,6,2,xgj4xftb,28,1024,1024,14.976595127531544
uhdslk0o,6,3,utfgcjfa,49,1536,5120,15.075944418216453
uhdslk0o,6,4,pl8uabbv,40,1536,512,15.50460142928545
uhdslk0o,7,0,hzumfsms,4,0,2048,12.177869364282195
uhdslk0o,7,1,x7u69zsw,0,0,0,13.230871531639323
uhdslk0o,7,2,x77cy643,48,1536,4608,13.38908925014803
uhdslk0o,7,3,xgj4xftb,19,512,3072,13.449556273801385
uhdslk0o,7,4,71vgq3fw,14,512,512,13.541313240971181
uhdslk0o,8,0,vc2whyaq,33,1024,3584,12.571989735902916
uhdslk0o,8,1,ufdvpb81,18,512,2560,13.201710896281746
uhdslk0o,8,2,cfe5vt7s,1,0,512,14.033217380333415
uhdslk0o,8,3,cfe5vt7s,29,1024,1536,14.383078065213653
uhdslk0o,8,4,cfe5vt7s,25,512,6144,14.48152424511521
uhdslk0o,9,0,0grcilhi,9,0,4608,17.00850529886722
uhdslk0o,9,1,vc2whyaq,10,0,5120,17.056895291569784
uhdslk0o,9,2,0grcilhi,20,512,3584,18.498652606798263
uhdslk0o,9,3,cfe5vt7s,14,512,512,18.54767953156104
uhdslk0o,9,4,x77cy643,5,0,2560,18.63561442043683
uhdslk0o,10,0,vc2whyaq,17,512,2048,11.620669533130362
uhdslk0o,10,1,ptg8lmto,17,512,2048,13.077620150912903
uhdslk0o,10,2,ptg8lmto,33,1024,3584,13.663680808031124
uhdslk0o,10,3,utfgcjfa,31,1024,2560,13.957794466050785
uhdslk0o,10,4,utfgcjfa,1,0,512,14.078966819598675
uhdslk0o,11,0,ufdvpb81,28,1024,1024,14.455823329393064
uhdslk0o,11,1,ufdvpb81,40,1536,512,15.702080605968568
uhdslk0o,11,2,vc2whyaq,47,1536,4096,15.793964061840573
uhdslk0o,11,3,9luzk4jm,35,1024,4608,15.829874992603335
uhdslk0o,11,4,ufdvpb81,42,1536,1536,16.20316645887925
uhdslk0o,12,0,0grcilhi,4,0,2048,12.2793889824572
uhdslk0o,12,1,vc2whyaq,12,0,6144,14.052761625467324
uhdslk0o,12,2,vc2whyaq,45,1536,3072,14.450623201919177
uhdslk0o,12,3,hzumfsms,45,1536,3072,14.4562540497507
uhdslk0o,12,4,ptg8lmto,26,1024,0,14.943338255049373
uhdslk0o,13,0,vc2whyaq,45,1536,3072,13.448203634314142
uhdslk0o,13,1,hzumfsms,14,512,512,13.514743463009497
uhdslk0o,13,2,cfe5vt7s,42,1536,1536,14.157444748426721
uhdslk0o,13,3,hzumfsms,51,1536,6144,14.497746828900999
uhdslk0o,13,4,cfe5vt7s,14,512,512,14.50962207259819
uhdslk0o,14,0,utfgcjfa,27,1024,512,15.403601470571214
uhdslk0o,14,1,hzumfsms,6,0,3072,15.567926717848573
uhdslk0o,14,2,utfgcjfa,29,1024,1536,15.894085107545996
uhdslk0o,14,3,utfgcjfa,45,1536,3072,15.89644503149265
uhdslk0o,14,4,x77cy643,22,512,4608,16.560051415235925
uhdslk0o,15,0,pl8uabbv,18,512,2560,13.757285243520347
uhdslk0o,15,1,pl8uabbv,42,1536,1536,15.941273503612218
uhdslk0o,15,2,pl8uabbv,31,1024,2560,16.64417108650056
uhdslk0o,15,3,cfe5vt7s,25,512,6144,17.571086226936785
uhdslk0o,15,4,hzumfsms,7,0,3584,17.61628692390354
uhdslk0o,16,0,pl8uabbv,42,1536,1536,18.488008770508713
uhdslk0o,16,1,pl8uabbv,45,1536,3072,18.73989130747684
uhdslk0o,16,2,ptg8lmto,36,1024,5120,20.09608789560688
uhdslk0o,16,3,x77cy643,33,1024,3584,20.999407244469875
uhdslk0o,16,4,pl8uabbv,47,1536,4096,21.00514992377552
uhdslk0o,17,0,x77cy643,7,0,3584,13.645316862335337
uhdslk0o,17,1,vc2whyaq,34,1024,4096,14.567063385052197
uhdslk0o,17,2,vc2whyaq,33,1024,3584,15.941132051070372
uhdslk0o,17,3,9luzk4jm,10,0,5120,16.716043702022404
uhdslk0o,17,4,ufdvpb81,9,0,4608,17.00174015490148
uhdslk0o,18,0,9luzk4jm,32,1024,3072,12.248062342125678
uhdslk0o,18,1,ptg8lmto,31,1024,2560,13.528498730015707
uhdslk0o,18,2,hzumfsms,34,1024,4096,13.945650361958911
uhdslk0o,18,3,9luzk4jm,46,1536,3584,13.961582934541143
uhdslk0o,18,4,hzumfsms,5,0,2560,14.154929478933822
uhdslk0o,19,0,hzumfsms,5,0,2560,15.123479793288631
uhdslk0o,19,1,x7u69zsw,13,512,0,15.39128140340571
uhdslk0o,19,2,ptg8lmto,33,1024,3584,16.054243289870822
uhdslk0o,19,3,utfgcjfa,46,1536,3584,16.20099923494752
uhdslk0o,19,4,pl8uabbv,4,0,2048,16.55651580660641
uhdslk0o,20,0,utfgcjfa,31,1024,2560,13.754412731051637
uhdslk0o,20,1,utfgcjfa,22,512,4608,14.648105666288265
uhdslk0o,20,2,utfgcjfa,30,1024,2048,14.84784164261285
uhdslk0o,20,3,pl8uabbv,4,0,2048,14.946892130696106
uhdslk0o,20,4,71vgq3fw,20,512,3584,15.158118928406019
uhdslk0o,21,0,kbdh4tri,18,512,2560,14.301484024498219
uhdslk0o,21,1,ptg8lmto,30,1024,2048,15.30945689431942
uhdslk0o,21,2,9luzk4jm,4,0,2048,15.389251725198358
uhdslk0o,21,3,x7u69zsw,26,1024,0,15.415630210743508
uhdslk0o,21,4,pl8uabbv,40,1536,512,15.581579230014293
uhdslk0o,22,0,utfgcjfa,35,1024,4608,15.581967380768827
uhdslk0o,22,1,x7u69zsw,30,1024,2048,15.83735195669647
uhdslk0o,22,2,kbdh4tri,30,1024,2048,15.980778805894769
uhdslk0o,22,3,x77cy643,9,0,4608,16.15861898239249
uhdslk0o,22,4,71vgq3fw,12,0,6144,16.505748248946386
uhdslk0o,23,0,vc2whyaq,26,1024,0,16.991247799793673
uhdslk0o,23,1,vc2whyaq,47,1536,4096,17.340432269647245
uhdslk0o,23,2,hzumfsms,41,1536,1024,17.57812120869654
uhdslk0o,23,3,71vgq3fw,32,1024,3072,17.82566961117175
uhdslk0o,23,4,ptg8lmto,31,1024,2560,18.22078449212888
uhdslk0o,24,0,pl8uabbv,24,512,5632,17.10934997682196
uhdslk0o,24,1,cfe5vt7s,45,1536,3072,17.402597715311803
uhdslk0o,24,2,cfe5vt7s,20,512,3584,17.428605527709987
uhdslk0o,24,3,cfe5vt7s,14,512,512,17.44619334346734
uhdslk0o,24,4,pl8uabbv,41,1536,1024,17.589817250578424
uhdslk0o,25,0,ufdvpb81,10,0,5120,14.880238558206695
uhdslk0o,25,1,vc2whyaq,24,512,5632,15.83733801661198
uhdslk0o,25,2,x77cy643,27,1024,512,17.589142212570728
uhdslk0o,25,3,xgj4xftb,4,0,2048,18.06157667839556
uhdslk0o,25,4,pl8uabbv,17,512,2048,18.200550516256207
uhdslk0o,26,0,x77cy643,35,1024,4608,14.08792733928121
uhdslk0o,26,1,hzumfsms,43,1536,2048,14.345629644344534
uhdslk0o,26,2,cfe5vt7s,28,1024,1024,14.483090860847875
uhdslk0o,26,3,hzumfsms,37,1024,5632,14.718704559911389
uhdslk0o,26,4,ufdvpb81,5,0,2560,14.943382969092202
uhdslk0o,27,0,pl8uabbv,28,1024,1024,16.34859787425976
uhdslk0o,27,1,cfe5vt7s,20,512,3584,16.66786776404334
uhdslk0o,27,2,71vgq3fw,11,0,5632,17.02713668429661
uhdslk0o,27,3,pl8uabbv,45,1536,3072,17.6776912987545
uhdslk0o,27,4,pl8uabbv,20,512,3584,17.82832774858545
uhdslk0o,28,0,x7u69zsw,13,512,0,14.285989537462585
uhdslk0o,28,1,vc2whyaq,47,1536,4096,14.677640686975499
uhdslk0o,28,2,vc2whyaq,26,1024,0,14.683629262152518
uhdslk0o,28,3,utfgcjfa,31,1024,2560,14.934814463838967
uhdslk0o,28,4,x7u69zsw,17,512,2048,15.270537973235179
uhdslk0o,29,0,pl8uabbv,42,1536,1536,16.859874281090203
uhdslk0o,29,1,x77cy643,15,512,1024,17.665034845611512
uhdslk0o,29,2,cfe5vt7s,38,1024,6144,18.58371390785283
uhdslk0o,29,3,cfe5vt7s,30,1024,2048,18.751383974413212
uhdslk0o,29,4,x7u69zsw,35,1024,4608,18.867784930744342
uhdslk0o,30,0,hzumfsms,7,0,3584,13.546527008705429
uhdslk0o,30,1,tuy3zymq,30,1024,2048,15.425015951818745
uhdslk0o,30,2,9luzk4jm,34,1024,4096,16.09672890149161
uhdslk0o,30,3,kbdh4tri,45,1536,3072,16.508152123626942
uhdslk0o,30,4,hzumfsms,5,0,2560,17.677710208841322
uhdslk0o,31,0,utfgcjfa,31,1024,2560,12.750928884759562
uhdslk0o,31,1,x77cy643,12,0,6144,13.303076500368377
uhdslk0o,31,2,pl8uabbv,41,1536,1024,13.307583539812532
uhdslk0o,31,3,x77cy643,48,1536,4608,13.601269072356143
uhdslk0o,31,4,vc2whyaq,47,1536,4096,13.695600344604873
uhdslk0o,32,0,x7u69zsw,30,1024,2048,12.668070732246678
uhdslk0o,32,1,0grcilhi,18,512,2560,13.803428653872118
uhdslk0o,32,2,tuy3zymq,38,1024,6144,14.315687341275398
uhdslk0o,32,3,71vgq3fw,40,1536,512,14.637851788840576
uhdslk0o,32,4,x77cy643,41,1536,1024,15.292686733414175
uhdslk0o,33,0,utfgcjfa,31,1024,2560,13.078862169983163
uhdslk0o,33,1,utfgcjfa,50,1536,5632,14.405690366017144
uhdslk0o,33,2,cfe5vt7s,21,512,4096,15.013150998291485
uhdslk0o,33,3,ufdvpb81,30,1024,2048,15.458952360073049
uhdslk0o,33,4,hzumfsms,25,512,6144,15.468989927911421
uhdslk0o,34,0,pl8uabbv,41,1536,1024,14.404832887867215
uhdslk0o,34,1,utfgcjfa,15,512,1024,14.502358926315573
uhdslk0o,34,2,utfgcjfa,11,0,5632,14.702952444318619
uhdslk0o,34,3,vc2whyaq,47,1536,4096,14.940772640735767
uhdslk0o,34,4,x77cy643,33,1024,3584,15.080600007204163
uhdslk0o,35,0,pl8uabbv,17,512,2048,15.266850654058912
uhdslk0o,35,1,pl8uabbv,43,1536,2048,15.699096203792722
uhdslk0o,35,2,utfgcjfa,19,512,3072,15.785065381677846
uhdslk0o,35,3,ufdvpb81,10,0,5120,15.969371643570726
uhdslk0o,35,4,pl8uabbv,33,1024,3584,16.01043458981101
uhdslk0o,36,0,vc2whyaq,45,1536,3072,11.006900343872847
uhdslk0o,36,1,xgj4xftb,8,0,4096,11.25612888534328
uhdslk0o,36,2,vc2whyaq,23,512,5120,12.501763971108806
uhdslk0o,36,3,kbdh4tri,38,1024,6144,12.847172373399385
uhdslk0o,36,4,tuy3zymq,23,512,5120,13.060558269845028
uhdslk0o,37,0,kbdh4tri,42,1536,1536,15.951055475702868
uhdslk0o,37,1,71vgq3fw,25,512,6144,16.042828386070383
uhdslk0o,37,2,kbdh4tri,30,1024,2048,16.74886719402025
uhdslk0o,37,3,vc2whyaq,4,0,2048,16.753666554443438
uhdslk0o,37,4,cfe5vt7s,35,1024,4608,16.761677554289893
uhdslk0o,38,0,ptg8lmto,27,1024,512,16.428242417349654
uhdslk0o,38,1,pl8uabbv,9,0,4608,17.756393955157797
uhdslk0o,38,2,cfe5vt7s,50,1536,5632,17.901921700145817
uhdslk0o,38,3,9luzk4jm,4,0,2048,18.92017236096404
uhdslk0o,38,4,9luzk4jm,39,1536,0,18.996915710212235
3806gxp0,0,0,vc2whyaq,12,0,6144,11.054814697641286
3806gxp0,0,1,kbdh4tri,12,0,6144,11.17738150001222
3806gxp0,0,2,utfgcjfa,35,1024,4608,13.121915401552398
3806gxp0,0,3,x77cy643,9,0,4608,13.366294001550143
3806gxp0,0,4,ptg8lmto,16,512,1536,13.618699326368825
3806gxp0,1,0,cfe5vt7s,16,512,1536,10.550741982136937
3806gxp0,1,1,cfe5vt7s,25,512,6144,11.940910467612818
3806gxp0,1,2,0grcilhi,10,0,5120,12.017959980026312
3806gxp0,1,3,9luzk4jm,28,1024,1024,12.531106591778812
3806gxp0,1,4,ufdvpb81,33,1024,3584,12.637845384893785
3806gxp0,2,0,ufdvpb81,10,0,5120,12.724972157611168
3806gxp0,2,1,cfe5vt7s,0,0,0,13.401651218733909
3806gxp0,2,2,ufdvpb81,20,512,3584,14.891946260053247
3806gxp0,2,3,pl8uabbv,17,512,2048,15.252645891500105
3806gxp0,2,4,vc2whyaq,24,512,5632,15.46109876857975
3806gxp0,3,0,hawkfj64,6,0,3072,16.536054958455914
3806gxp0,3,1,xgj4xftb,38,1024,6144,17.7490590655765
3806gxp0,3,2,hawkfj64,9,0,4608,17.83049806427769
3806gxp0,3,3,cfe5vt7s,27,1024,512,18.18622707851878
3806gxp0,3,4,mgxahqnk,10,0,5120,18.330223169918025
3806gxp0,4,0,kbdh4tri,27,1024,512,15.107906653177896
3806gxp0,4,1,utfgcjfa,19,512,3072,15.56020542809887
3806gxp0,4,2,cfe5vt7s,42,1536,1536,16.066345321072813
3806gxp0,4,3,utfgcjfa,11,0,5632,16.114649546372252
3806gxp0,4,4,vc2whyaq,27,1024,512,16.213006801608504
3806gxp0,5,0,x7u69zsw,44,1536,2560,14.170592612327624
3806gxp0,5,1,ptg8lmto,7,0,3584,14.844725277025267
3806gxp0,5,2,vc2whyaq,43,1536,2048,15.18374767343878
3806gxp0,5,3,cfe5vt7s,39,1536,0,15.733668976127467
3806gxp0,5,4,kbdh4tri,37,1024,5632,15.970830617720123
3806gxp0,6,0,mgxahqnk,22,512,4608,16.767247629350727
3806gxp0,6,1,0grcilhi,30,1024,2048,17.17463160954933
3806gxp0,6,2,pl8uabbv,28,1024,1024,17.205924587890085
3806gxp0,6,3,hawkfj64,15,512,1024,17.470326392081972
3806gxp0,6,4,cfe5vt7s,10,0,5120,18.004289938624268
3806gxp0,7,0,mgxahqnk,22,512,4608,18.9788786282035
3806gxp0,7,1,0grcilhi,30,1024,2048,19.157717157546816
3806gxp0,7,2,cfe5vt7s,27,1024,512,19.41604518633721
3806gxp0,7,3,9luzk4jm,38,1024,6144,19.4986108571858
3806gxp0,7,4,x77cy643,23,512,5120,19.527898451099205
3806gxp0,8,0,kbdh4tri,27,1024,512,15.819040629014946
3806gxp0,8,1,mgxahqnk,6,0,3072,15.906015027802916
3806gxp0,8,2,71vgq3fw,11,0,5632,16.535992569931498
3806gxp0,8,3,ufdvpb81,50,1536,5632,16.586863404693407
3806gxp0,8,4,x7u69zsw,48,1536,4608,16.755551642218098
3806gxp0,9,0,tuy3zymq,46,1536,3584,16.77378642064848
3806gxp0,9,1,mgxahqnk,14,512,512,16.816345088256984
3806gxp0,9,2,0grcilhi,22,512,4608,17.153714663367968
3806gxp0,9,3,pl8uabbv,6,0,3072,17.21290504036029
3806gxp0,9,4,mgxahqnk,3,0,1536,17.30233628864716
3806gxp0,10,0,x77cy643,48,1536,4608,15.055214469029377
3806gxp0,10,1,x77cy643,5,0,2560,15.221270929097292
3806gxp0,10,2,cfe5vt7s,10,0,5120,15.404106639150317
3806gxp0,10,3,vc2whyaq,32,1024,3072,15.555786621721479
3806gxp0,10,4,utfgcjfa,30,1024,2048,15.75687187872897
3806gxp0,11,0,pl8uabbv,21,512,4096,16.305068618140055
3806gxp0,11,1,tuy3zymq,40,1536,512,17.296972042964942
3806gxp0,11,2,x7u69zsw,1,0,512,17.317474118359463
3806gxp0,11,3,71vgq3fw,30,1024,2048,17.333341608062838
3806gxp0,11,4,ptg8lmto,22,512,4608,17.383360947492225
3806gxp0,12,0,71vgq3fw,47,1536,4096,15.20373299708453
3806gxp0,12,1,mgxahqnk,28,1024,1024,16.094460514374752
3806gxp0,12,2,xgj4xftb,30,1024,2048,16.997863770943784
3806gxp0,12,3,pl8uabbv,51,1536,6144,17.25677987445903
3806gxp0,12,4,x7u69zsw,48,1536,4608,17.387336689825794
3806gxp0,13,0,pl8uabbv,41,1536,1024,14.341081646606765
3806gxp0,13,1,pl8uabbv,29,1024,1536,14.411264871499567
3806gxp0,13,2,hzumfsms,13,512,0,14.868761265794927
3806gxp0,13,3,ufdvpb81,26,1024,0,15.409232434715433
3806gxp0,13,4,hzumfsms,46,1536,3584,15.62901535374293
3806gxp0,14,0,71vgq3fw,25,512,6144,15.592086320210921
3806gxp0,14,1,pl8uabbv,29,1024,1536,15.71177771784237
3806gxp0,14,2,pl8uabbv,32,1024,3072,15.76359609646048
3806gxp0,14,3,hzumfsms,46,1536,3584,16.56275029677289
3806gxp0,14,4,mgxahqnk,28,1024,1024,16.90022738710704
3806gxp0,15,0,pl8uabbv,24,512,5632,17.307933425714324
3806gxp0,15,1,ptg8lmto,28,1024,1024,18.356803863004473
3806gxp0,15,2,mgxahqnk,28,1024,1024,18.42912157919547
3806gxp0,15,3,0grcilhi,20,512,3584,18.48418911418749
3806gxp0,15,4,0grcilhi,5,0,2560,19.35643629078446
3806gxp0,16,0,71vgq3fw,25,512,6144,13.462190511815319
3806gxp0,16,1,x7u69zsw,28,1024,1024,14.49490910722902
3806gxp0,16,2,hzumfsms,46,1536,3584,14.632061583367365
3806gxp0,16,3,hzumfsms,45,1536,3072,15.484293941902337
3806gxp0,16,4,pl8uabbv,29,1024,1536,15.487563164490794
3806gxp0,17,0,pl8uabbv,40,1536,512,13.944855987183262
3806gxp0,17,1,cfe5vt7s,39,1536,0,14.183168476579308
3806gxp0,17,2,ptg8lmto,10,0,5120,14.620809478633012
3806gxp0,17,3,71vgq3fw,25,512,6144,14.70425439644185
3806gxp0,17,4,0grcilhi,4,0,2048,15.48472299320139
3806gxp0,18,0,0grcilhi,13,512,0,15.730791193110374
3806gxp0,18,1,cfe5vt7s,35,1024,4608,15.93915772486143
3806gxp0,18,2,vc2whyaq,37,1024,5632,16.704566073790506
3806gxp0,18,3,vc2whyaq,41,1536,1024,16.80628049528437
3806gxp0,18,4,ptg8lmto,22,512,4608,16.89217091820587
3806gxp0,19,0,mgxahqnk,8,0,4096,12.986798448541993
3806gxp0,19,1,utfgcjfa,20,512,3584,14.483915908545757
3806gxp0,19,2,vc2whyaq,29,1024,1536,15.649527331513612
3806gxp0,19,3,x77cy643,31,1024,2560,16.26768488020461
3806gxp0,19,4,71vgq3fw,33,1024,3584,16.287539974607302
3806gxp0,20,0,cfe5vt7s,32,1024,3072,19.98394641369134
3806gxp0,20,1,vc2whyaq,28,1024,1024,20.911140669339005
3806gxp0,20,2,ufdvpb81,27,1024,512,22.112424766113847
3806gxp0,20,3,vc2whyaq,20,512,3584,22.269907725514578
3806gxp0,20,4,mgxahqnk,38,1024,6144,22.939672181952773
3806gxp0,21,0,mgxahqnk,3,0,1536,17.244435294940445
3806gxp0,21,1,kbdh4tri,50,1536,5632,18.643353432734568
3806gxp0,21,2,ufdvpb81,0,0,0,18.90746353605228
3806gxp0,21,3,kbdh4tri,1,0,512,18.949054000579878
3806gxp0,21,4,x7u69zsw,30,1024,2048,18.962217881044275
3806gxp0,22,0,mgxahqnk,37,1024,5632,15.060840135865773
3806gxp0,22,1,vc2whyaq,20,512,3584,15.181244680263912
3806gxp0,22,2,vc2whyaq,47,1536,4096,16.07137029606413
3806gxp0,22,3,pl8uabbv,25,512,6144,16.791641793749797
3806gxp0,22,4,pl8uabbv,24,512,5632,16.80726497050986
3806gxp0,23,0,ptg8lmto,7,0,3584,13.291030577297244
3806gxp0,23,1,ptg8lmto,22,512,4608,14.44627184856211
3806gxp0,23,2,pl8uabbv,50,1536,5632,14.816222796066148
3806gxp0,23,3,ptg8lmto,34,1024,4096,14.826352307523447
3806gxp0,23,4,9luzk4jm,4,0,2048,15.906245546670108
3806gxp0,24,0,x77cy643,33,1024,3584,16.372090185740717
3806gxp0,24,1,cfe5vt7s,19,512,3072,16.503382257859073
3806gxp0,24,2,pl8uabbv,25,512,6144,16.52127858035924
3806gxp0,24,3,cfe5vt7s,48,1536,4608,17.424842119527906
3806gxp0,24,4,tuy3zymq,14,512,512,17.91680358303251
3806gxp0,25,0,71vgq3fw,50,1536,5632,18.353981858579527
3806gxp0,25,1,ufdvpb81,27,1024,512,19.713789004300544
3806gxp0,25,2,mgxahqnk,38,1024,6144,20.017843116432555
3806gxp0,25,3,x7u69zsw,23,512,5120,20.050175575167152
3806gxp0,25,4,0grcilhi,30,1024,2048,20.066381877744313
3806gxp0,26,0,vc2whyaq,10,0,5120,19.112039301563822
3806gxp0,26,1,vc2whyaq,30,1024,2048,19.435736926352128
3806gxp0,26,2,utfgcjfa,4,0,2048,19.629573607857992
3806gxp0,26,3,x77cy643,38,1024,6144,19.719635084308052
3806gxp0,26,4,mgxahqnk,36,1024,5120,20.41448531046399
3806gxp0,27,0,pl8uabbv,41,1536,1024,13.662260057914935
3806gxp0,27,1,utfgcjfa,19,512,3072,14.333078277148777
3806gxp0,27,2,cfe5vt7s,33,1024,3584,14.855520959957152
3806gxp0,27,3,x77cy643,17,512,2048,14.96970265790476
3806gxp0,27,4,ufdvpb81,2,0,1024,14.97362987787575
3806gxp0,28,0,utfgcjfa,32,1024,3072,13.658309379339912
3806gxp0,28,1,vc2whyaq,32,1024,3072,13.974310671734345
3806gxp0,28,2,x77cy643,41,1536,1024,15.091514487137543
3806gxp0,28,3,cfe5vt7s,29,1024,1536,15.286378292649964
3806gxp0,28,4,x77cy643,48,1536,4608,15.492426866002036
3806gxp0,29,0,vc2whyaq,19,512,3072,13.322924207845523
3806gxp0,29,1,x77cy643,34,1024,4096,14.107520197333209
3806gxp0,29,2,x77cy643,24,512,5632,14.239231304668957
3806gxp0,29,3,x77cy643,25,512,6144,14.361177597888274
3806gxp0,29,4,9luzk4jm,51,1536,6144,14.39244432477232
3806gxp0,30,0,x7u69zsw,28,1024,1024,14.100955825371578
3806gxp0,30,1,mgxahqnk,35,1024,4608,14.529623511405578
3806gxp0,30,2,71vgq3fw,25,512,6144,15.806517083405215
3806gxp0,30,3,0grcilhi,4,0,2048,16.137313736635246
3806gxp0,30,4,kbdh4tri,14,512,512,16.76568717946313
3806gxp0,31,0,x7u69zsw,11,0,5632,12.624284241030468
3806gxp0,31,1,71vgq3fw,12,0,6144,14.272326649551431
3806gxp0,31,2,mgxahqnk,26,1024,0,14.506386177504227
3806gxp0,31,3,mgxahqnk,20,512,3584,14.850652425211
3806gxp0,31,4,hawkfj64,14,512,512,14.926705464408663
3806gxp0,32,0,cfe5vt7s,13,512,0,21.054060267733618
3806gxp0,32,1,mgxahqnk,3,0,1536,22.127988437614373
3806gxp0,32,2,hzumfsms,19,512,3072,22.413134788633908
3806gxp0,32,3,0grcilhi,9,0,4608,22.530289214184922
3806gxp0,32,4,mgxahqnk,37,1024,5632,22.772285289555366
3806gxp0,33,0,pl8uabbv,41,1536,1024,14.281584746361135
3806gxp0,33,1,ufdvpb81,32,1024,3072,14.333109909300235
3806gxp0,33,2,ufdvpb81,20,512,3584,15.414052323079636
3806gxp0,33,3,vc2whyaq,24,512,5632,15.4445244272232
3806gxp0,33,4,ufdvpb81,10,0,5120,15.487717720285497
3806gxp0,34,0,utfgcjfa,31,1024,2560,13.724926266289705
3806gxp0,34,1,utfgcjfa,39,1536,0,14.181565000997455
3806gxp0,34,2,x7u69zsw,17,512,2048,14.562791994214908
3806gxp0,34,3,utfgcjfa,23,512,5120,14.9054958218408
3806gxp0,34,4,vc2whyaq,21,512,4096,15.387229718938434
3806gxp0,35,0,pl8uabbv,41,1536,1024,13.681392346050911
3806gxp0,35,1,pl8uabbv,47,1536,4096,13.933740964527907
3806gxp0,35,2,utfgcjfa,21,512,4096,14.485500275153695
3806gxp0,35,3,utfgcjfa,1,0,512,14.532149412282678
3806gxp0,35,4,cfe5vt7s,14,512,512,14.578273921390553
3806gxp0,36,0,cfe5vt7s,20,512,3584,15.092214104865269
3806gxp0,36,1,pl8uabbv,41,1536,1024,15.548572387706582
3806gxp0,36,2,mgxahqnk,28,1024,1024,15.654098986954518
3806gxp0,36,3,9luzk4jm,8,0,4096,16.08958840097064
3806gxp0,36,4,xgj4xftb,4,0,2048,17.376814962640406
3806gxp0,37,0,utfgcjfa,2,0,1024,12.425059017286008
3806gxp0,37,1,71vgq3fw,25,512,6144,14.923001285112633
3806gxp0,37,2,pl8uabbv,19,512,3072,15.863868846832123
3806gxp0,37,3,pl8uabbv,40,1536,512,15.878121441961506
3806gxp0,37,4,pl8uabbv,17,512,2048,16.168591896875576
3806gxp0,38,0,utfgcjfa,40,1536,512,16.739222847337984
3806gxp0,38,1,x77cy643,33,1024,3584,16.81831508374942
3806gxp0,38,2,hzumfsms,40,1536,512,16.857188740131
3806gxp0,38,3,utfgcjfa,29,1024,1536,17.26097569819143
3806gxp0,38,4,9luzk4jm,51,1536,6144,17.320178454849632
3806gxp0,39,0,utfgcjfa,16,512,1536,12.630859174549038
3806gxp0,39,1,71vgq3fw,18,512,2560,12.937829768009468
3806gxp0,39,2,ptg8lmto,33,1024,3584,13.839086355515933
3806gxp0,39,3,vc2whyaq,0,0,0,14.531442241207499
3806gxp0,39,4,x77cy643,50,1536,5632,14.634946452717386
3806gxp0,40,0,9luzk4jm,23,512,5120,17.355263677610132
3806gxp0,40,1,x77cy643,41,1536,1024,17.37952793732
3806gxp0,40,2,hawkfj64,9,0,4608,18.882884257747747
3806gxp0,40,3,vc2whyaq,25,512,6144,18.93553548030755
3806gxp0,40,4,hawkfj64,12,0,6144,18.99740633046331
3806gxp0,41,0,71vgq3fw,25,512,6144,14.699861395850613
3806gxp0,41,1,ufdvpb81,10,0,5120,15.688508939730806
3806gxp0,41,2,hawkfj64,11,0,5632,15.806030175820553
3806gxp0,41,3,0grcilhi,4,0,2048,15.996527215649039
3806gxp0,41,4,x77cy643,9,0,4608,16.092213949737072
3806gxp0,42,0,cfe5vt7s,50,1536,5632,14.55991174704857
3806gxp0,42,1,ptg8lmto,27,1024,512,15.527347772123482
3806gxp0,42,2,pl8uabbv,9,0,4608,15.676850551121774
3806gxp0,42,3,hawkfj64,16,512,1536,15.910146531892748
3806gxp0,42,4,9luzk4jm,4,0,2048,16.978652193088948
3806gxp0,43,0,utfgcjfa,46,1536,3584,19.451858453426585
3806gxp0,43,1,vc2whyaq,26,1024,0,19.841734677871965
3806gxp0,43,2,ptg8lmto,16,512,1536,20.016623256166827
3806gxp0,43,3,vc2whyaq,47,1536,4096,20.200269449240768
3806gxp0,43,4,utfgcjfa,31,1024,2560,20.27789711462564
3806gxp0,44,0,9luzk4jm,36,1024,5120,13.46869708967578
3806gxp0,44,1,9luzk4jm,14,512,512,14.120710173668497
3806gxp0,44,2,pl8uabbv,12,0,6144,14.715805405811631
3806gxp0,44,3,x77cy643,29,1024,1536,14.881079944989798
3806gxp0,44,4,71vgq3fw,11,0,5632,14.972324769697185
3806gxp0,45,0,x7u69zsw,33,1024,3584,14.324537310152214
3806gxp0,45,1,ufdvpb81,12,0,6144,15.335112194718883
3806gxp0,45,2,x77cy643,17,512,2048,15.428570198102314
3806gxp0,45,3,hzumfsms,30,1024,2048,15.57312694544043
3806gxp0,45,4,vc2whyaq,39,1536,0,15.64713233765673
3806gxp0,46,0,71vgq3fw,28,1024,1024,13.697181571268606
3806gxp0,46,1,x77cy643,34,1024,4096,14.206498558097483
3806gxp0,46,2,tuy3zymq,29,1024,1536,15.086950154322267
3806gxp0,46,3,hzumfsms,41,1536,1024,16.01663353912958
3806gxp0,46,4,vc2whyaq,20,512,3584,16.076832951739732
3806gxp0,47,0,x77cy643,2,0,1024,13.666443236334157
3806gxp0,47,1,cfe5vt7s,33,1024,3584,13.666469816484897
3806gxp0,47,2,vc2whyaq,29,1024,1536,14.247752707791387
3806gxp0,47,3,cfe5vt7s,27,1024,512,14.910376265477524
3806gxp0,47,4,tuy3zymq,14,512,512,15.289997567133796
3806gxp0,48,0,vc2whyaq,41,1536,1024,13.52833258502582
3806gxp0,48,1,9luzk4jm,5,0,2560,13.697151730720295
3806gxp0,48,2,x7u69zsw,36,1024,5120,15.107513742221313
3806gxp0,48,3,x77cy643,0,0,0,15.26161395256711
3806gxp0,48,4,kbdh4tri,19,512,3072,15.658450949328554
3806gxp0,49,0,pl8uabbv,17,512,2048,12.538032333600608
3806gxp0,49,1,utfgcjfa,35,1024,4608,14.172225909714367
3806gxp0,49,2,pl8uabbv,38,1024,6144,14.343370558832106
3806gxp0,49,3,pl8uabbv,41,1536,1024,14.766828110832517
3806gxp0,49,4,pl8uabbv,47,1536,4096,14.850866051471693
3806gxp0,50,0,vc2whyaq,41,1536,1024,14.397394241130192
3806gxp0,50,1,ptg8lmto,23,512,5120,15.02455878705509
3806gxp0,50,2,0grcilhi,4,0,2048,15.044015661563758
3806gxp0,50,3,9luzk4jm,47,1536,4096,15.06194205030885
3806gxp0,50,4,x77cy643,0,0,0,15.826045984502096
3806gxp0,51,0,x77cy643,1,0,512,14.676872071085725
3806gxp0,51,1,utfgcjfa,2,0,1024,16.543341002569203
3806gxp0,51,2,71vgq3fw,25,512,6144,16.611661170565124
3806gxp0,51,3,utfgcjfa,9,0,4608,16.847687327606508
3806gxp0,51,4,pl8uabbv,40,1536,512,17.612641594143764
avn74qx1,0,0,9luzk4jm,4,0,2048,12.881056043938893
avn74qx1,0,1,9luzk4jm,27,1024,512,14.354102143430808
avn74qx1,0,2,pl8uabbv,9,0,4608,14.407749320832504
avn74qx1,0,3,tuy3zymq,48,1536,4608,14.874497240030873
avn74qx1,0,4,9luzk4jm,39,1536,0,15.179553002932932
avn74qx1,1,0,hawkfj64,16,512,1536,12.84955201774988
avn74qx1,1,1,pl8uabbv,9,0,4608,15.559894989207928
avn74qx1,1,2,9luzk4jm,4,0,2048,15.601658878084725
avn74qx1,1,3,9luzk4jm,39,1536,0,15.975890646488494
avn74qx1,1,4,71vgq3fw,30,1024,2048,16.320281247518977
avn74qx1,2,0,71vgq3fw,47,1536,4096,13.904068832301183
avn74qx1,2,1,71vgq3fw,25,512,6144,14.926690754515505
avn74qx1,2,2,tuy3zymq,23,512,5120,15.042158541234457
avn74qx1,2,3,pl8uabbv,27,1024,512,15.228236234049891
avn74qx1,2,4,kbdh4tri,27,1024,512,15.52915202730852
avn74qx1,3,0,x77cy643,41,1536,1024,12.324776758701105
avn74qx1,3,1,vc2whyaq,51,1536,6144,13.183591954404118
avn74qx1,3,2,vc2whyaq,39,1536,0,13.721950524837204
avn74qx1,3,3,x7u69zsw,39,1536,0,14.548889119001995
avn74qx1,3,4,pl8uabbv,10,0,5120,14.707067962892191
avn74qx1,4,0,pl8uabbv,41,1536,1024,16.289686054614393
avn74qx1,4,1,x7u69zsw,41,1536,1024,17.836211567301493
avn74qx1,4,2,ufdvpb81,10,0,5120,17.941519260578502
avn74qx1,4,3,pl8uabbv,17,512,2048,18.601049016322957
avn74qx1,4,4,x7u69zsw,49,1536,5120,18.812412882694595
avn74qx1,5,0,ptg8lmto,7,0,3584,10.464048516250605
avn74qx1,5,1,ptg8lmto,10,0,5120,14.527281283252037
avn74qx1,5,2,xgj4xftb,27,1024,512,15.317263447131849
avn74qx1,5,3,ptg8lmto,34,1024,4096,15.80423703516254
avn74qx1,5,4,tuy3zymq,48,1536,4608,15.817739972407344
avn74qx1,6,0,x77cy643,17,512,2048,13.99344623449634
avn74qx1,6,1,0grcilhi,20,512,3584,14.43920971483968
avn74qx1,6,2,hzumfsms,37,1024,5632,14.977586591171697
avn74qx1,6,3,ufdvpb81,12,0,6144,15.18387871592749
avn74qx1,6,4,9luzk4jm,36,1024,5120,15.447754049859041
avn74qx1,7,0,hzumfsms,16,512,1536,15.470985777108131
avn74qx1,7,1,71vgq3fw,21,512,4096,15.879122652028485
avn74qx1,7,2,tuy3zymq,38,1024,6144,15.879899548668833
avn74qx1,7,3,x77cy643,41,1536,1024,15.8813757884462
avn74qx1,7,4,71vgq3fw,42,1536,1536,16.398885368154488
avn74qx1,8,0,9luzk4jm,33,1024,3584,15.783266788440264
avn74qx1,8,1,tuy3zymq,14,512,512,15.7889875540231
avn74qx1,8,2,x7u69zsw,33,1024,3584,16.03843188404443
avn74qx1,8,3,x77cy643,24,512,5632,16.44775399182988
avn74qx1,8,4,vc2whyaq,47,1536,4096,16.637638149754117
avn74qx1,9,0,0grcilhi,28,1024,1024,13.505306285307695
avn74qx1,9,1,ptg8lmto,0,0,0,14.26687663821355
avn74qx1,9,2,mgxahqnk,35,1024,4608,15.401492228029204
avn74qx1,9,3,ptg8lmto,27,1024,512,15.431851473255401
avn74qx1,9,4,ufdvpb81,25,512,6144,15.638248407614693
avn74qx1,10,0,mgxahqnk,20,512,3584,16.629344419343415
avn74qx1,10,1,utfgcjfa,2,0,1024,18.640585567347447
avn74qx1,10,2,hawkfj64,17,512,2048,18.698666738100947
avn74qx1,10,3,mgxahqnk,17,512,2048,19.159847075236463
avn74qx1,10,4,hawkfj64,14,512,512,19.59428565802652
avn74qx1,11,0,kbdh4tri,4,0,2048,12.749907174033078
avn74qx1,11,1,ptg8lmto,23,512,5120,13.329924411652378
avn74qx1,11,2,xgj4xftb,8,0,4096,14.117190759533294
avn74qx1,11,3,pl8uabbv,10,0,5120,14.567573027737268
avn74qx1,11,4,kbdh4tri,13,512,0,14.999268852037872
avn74qx1,12,0,utfgcjfa,16,512,1536,14.860890334897855
avn74qx1,12,1,pl8uabbv,28,1024,1024,15.213607395725386
avn74qx1,12,2,x7u69zsw,22,512,4608,15.631158159403109
avn74qx1,12,3,9luzk4jm,32,1024,3072,16.009144037407353
avn74qx1,12,4,pl8uabbv,41,1536,1024,16.128912506568863
avn74qx1,13,0,hawkfj64,26,1024,0,19.67343237289086
avn74qx1,13,1,9luzk4jm,39,1536,0,20.311259887139567
avn74qx1,13,2,hawkfj64,16,512,1536,20.441759220744625
avn74qx1,13,3,0grcilhi,28,1024,1024,20.98435289877404
avn74qx1,13,4,utfgcjfa,43,1536,2048,21.131385532855848
avn74qx1,14,0,xgj4xftb,25,512,6144,17.247676004805218
avn74qx1,14,1,hawkfj64,0,0,0,17.56045353091678
avn74qx1,14,2,0grcilhi,28,1024,1024,18.105183245896804
avn74qx1,14,3,hawkfj64,26,1024,0,18.281206003340245
avn74qx1,14,4,9luzk4jm,39,1536,0,19.1460741360855
avn74qx1,15,0,hzumfsms,50,1536,5632,13.244199704900195
avn74qx1,15,1,cfe5vt7s,33,1024,3584,13.715154765779708
avn74qx1,15,2,vc2whyaq,39,1536,0,14.279239578591122
avn74qx1,15,3,x77cy643,2,0,1024,15.19498386379194
avn74qx1,15,4,ufdvpb81,7,0,3584,15.365662582189955
avn74qx1,16,0,utfgcjfa,44,1536,2560,16.12830611535037
avn74qx1,16,1,ufdvpb81,12,0,6144,16.760931026696156
avn74qx1,16,2,hawkfj64,3,0,1536,16.986437258978672
avn74qx1,16,3,0grcilhi,0,0,0,17.360914663087556
avn74qx1,16,4,9luzk4jm,45,1536,3072,17.54851171917229
avn74qx1,17,0,hawkfj64,2,0,1024,15.726941051898535
avn74qx1,17,1,x7u69zsw,43,1536,2048,16.379167799561635
avn74qx1,17,2,mgxahqnk,26,1024,0,16.62794884179588
avn74qx1,17,3,mgxahqnk,31,1024,2560,17.6492287725829
avn74qx1,17,4,hawkfj64,27,1024,512,17.92249079449709
avn74qx1,18,0,mgxahqnk,26,1024,0,14.659080379979422
avn74qx1,18,1,ufdvpb81,13,512,0,14.672034606060897
avn74qx1,18,2,71vgq3fw,43,1536,2048,14.87336298232073
avn74qx1,18,3,kbdh4tri,2,0,1024,14.974256372173334
avn74qx1,18,4,x77cy643,47,1536,4096,15.191520024418104
avn74qx1,19,0,ufdvpb81,12,0,6144,13.788528158263217
avn74qx1,19,1,9luzk4jm,16,512,1536,14.349572517922438
avn74qx1,19,2,vc2whyaq,51,1536,6144,14.827466028060888
avn74qx1,19,3,cfe5vt7s,31,1024,2560,15.651103697308821
avn74qx1,19,4,x77cy643,17,512,2048,16.34016551660632
avn74qx1,20,0,x77cy643,8,0,4096,19.07554184263291
avn74qx1,20,1,cfe5vt7s,49,1536,5120,21.19673223231426
avn74qx1,20,2,x7u69zsw,30,1024,2048,21.359045703031157
avn74qx1,20,3,pl8uabbv,34,1024,4096,21.93635640667396
avn74qx1,20,4,ufdvpb81,17,512,2048,22.217703967555334
avn74qx1,21,0,71vgq3fw,25,512,6144,16.089646600624288
avn74qx1,21,1,vc2whyaq,37,1024,5632,16.435562478407356
avn74qx1,21,2,utfgcjfa,8,0,4096,16.658802490704716
avn74qx1,21,3,pl8uabbv,29,1024,1536,17.001360318361773
avn74qx1,21,4,cfe5vt7s,13,512,0,17.152049615021888
avn74qx1,22,0,cfe5vt7s,13,512,0,16.462129776302426
avn74qx1,22,1,mgxahqnk,37,1024,5632,16.710679944797516
avn74qx1,22,2,vc2whyaq,2,0,1024,17.956371662391376
avn74qx1,22,3,x77cy643,5,0,2560,18.628670750072615
avn74qx1,22,4,utfgcjfa,23,512,5120,19.244990105474812
avn74qx1,23,0,utfgcjfa,19,512,3072,16.473994366381874
avn74qx1,23,1,pl8uabbv,33,1024,3584,16.599628744290353
avn74qx1,23,2,vc2whyaq,2,0,1024,17.096794157295907
avn74qx1,23,3,pl8uabbv,41,1536,1024,17.23947668051895
avn74qx1,23,4,ufdvpb81,39,1536,0,17.341072455965612
avn74qx1,24,0,hzumfsms,37,1024,5632,14.559244968862709
avn74qx1,24,1,vc2whyaq,7,0,3584,14.746961816946628
avn74qx1,24,2,x77cy643,35,1024,4608,14.851516715842493
avn74qx1,24,3,x77cy643,17,512,2048,15.393846710822423
avn74qx1,24,4,hzumfsms,27,1024,512,15.68435339012799
avn74qx1,25,0,utfgcjfa,0,0,0,12.209272359962009
avn74qx1,25,1,vc2whyaq,24,512,5632,16.164832516068135
avn74qx1,25,2,vc2whyaq,45,1536,3072,17.281748336015777
avn74qx1,25,3,x7u69zsw,16,512,1536,17.46710665074849
avn74qx1,25,4,vc2whyaq,2,0,1024,17.748741448892964
avn74qx1,26,0,utfgcjfa,11,0,5632,14.233289995494491
avn74qx1,26,1,mgxahqnk,37,1024,5632,14.584135879783839
avn74qx1,26,2,utfgcjfa,46,1536,3584,15.064903941944287
avn74qx1,26,3,utfgcjfa,31,1024,2560,15.46585028591267
avn74qx1,26,4,vc2whyaq,47,1536,4096,15.53434272909656
avn74qx1,27,0,vc2whyaq,47,1536,4096,14.810067409870882
avn74qx1,27,1,0grcilhi,30,1024,2048,15.22995562669389
avn74qx1,27,2,x77cy643,24,512,5632,15.950007304389057
avn74qx1,27,3,vc2whyaq,19,512,3072,16.733586612844448
avn74qx1,27,4,x77cy643,17,512,2048,16.793091974428105
avn74qx1,28,0,0grcilhi,5,0,2560,16.23059623787
avn74qx1,28,1,0grcilhi,20,512,3584,16.31595642722467
avn74qx1,28,2,pl8uabbv,28,1024,1024,16.332439438807857
avn74qx1,28,3,cfe5vt7s,32,1024,3072,17.105233612319424
avn74qx1,28,4,ufdvpb81,27,1024,512,17.293413855618187
avn74qx1,29,0,x77cy643,34,1024,4096,12.950066403439562
avn74qx1,29,1,utfgcjfa,33,1024,3584,13.897784249216773
avn74qx1,29,2,utfgcjfa,40,1536,512,14.07977061668988
avn74qx1,29,3,cfe5vt7s,47,1536,4096,14.429180909261385
avn74qx1,29,4,vc2whyaq,47,1536,4096,14.458302866853632
avn74qx1,30,0,hzumfsms,49,1536,5120,12.669056462686251
avn74qx1,30,1,9luzk4jm,30,1024,2048,13.090960230890401
avn74qx1,30,2,cfe5vt7s,33,1024,3584,14.038006923527778
avn74qx1,30,3,cfe5vt7s,47,1536,4096,14.213228562633516
avn74qx1,30,4,x77cy643,35,1024,4608,14.564255606945132
avn74qx1,31,0,utfgcjfa,8,0,4096,13.360013250077344
avn74qx1,31,1,hzumfsms,13,512,0,14.176062910966165
avn74qx1,31,2,vc2whyaq,17,512,2048,14.629771581022325
avn74qx1,31,3,9luzk4jm,17,512,2048,15.363919678370513
avn74qx1,31,4,ufdvpb81,34,1024,4096,15.426754411572505
avn74qx1,32,0,x77cy643,27,1024,512,17.123970084092633
avn74qx1,32,1,ufdvpb81,10,0,5120,17.14869872125364
avn74qx1,32,2,pl8uabbv,41,1536,1024,17.457994431567965
avn74qx1,32,3,hawkfj64,11,0,5632,17.700357715878468
avn74qx1,32,4,utfgcjfa,2,0,1024,18.12363600061378
avn74qx1,33,0,kbdh4tri,42,1536,1536,16.80522338212017
avn74qx1,33,1,ptg8lmto,30,1024,2048,16.92472759759414
avn74qx1,33,2,pl8uabbv,34,1024,4096,17.574296994646126
avn74qx1,33,3,ptg8lmto,10,0,5120,17.71627570617487
avn74qx1,33,4,xgj4xftb,27,1024,512,17.723738958816547
avn74qx1,34,0,71vgq3fw,50,1536,5632,15.554786720885405
avn74qx1,34,1,ufdvpb81,27,1024,512,16.88263968786146
avn74qx1,34,2,pl8uabbv,37,1024,5632,18.41599616929525
avn74qx1,34,3,mgxahqnk,38,1024,6144,18.432468945804374
avn74qx1,34,4,ufdvpb81,12,0,6144,19.128735857425436
avn74qx1,35,0,vc2whyaq,5,0,2560,14.922071909460422
avn74qx1,35,1,pl8uabbv,40,1536,512,15.422603848921817
avn74qx1,35,2,71vgq3fw,30,1024,2048,15.631643792051293
avn74qx1,35,3,pl8uabbv,9,0,4608,15.829049456866024
avn74qx1,35,4,9luzk4jm,4,0,2048,15.986493154578591
avn74qx1,36,0,xgj4xftb,4,0,2048,16.00498520546552
avn74qx1,36,1,utfgcjfa,9,0,4608,17.209442572243205
avn74qx1,36,2,ufdvpb81,10,0,5120,17.254394761299547
avn74qx1,36,3,x77cy643,1,0,512,17.43503420691896
avn74qx1,36,4,ufdvpb81,20,512,3584,17.86624680122793
avn74qx1,37,0,71vgq3fw,19,512,3072,15.037804817949246
avn74qx1,37,1,71vgq3fw,25,512,6144,15.131537331553046
avn74qx1,37,2,kbdh4tri,27,1024,512,15.382625995892589
avn74qx1,37,3,kbdh4tri,4,0,2048,15.848365741315671
avn74qx1,37,4,71vgq3fw,38,1024,6144,16.242803314301025
avn74qx1,38,0,71vgq3fw,25,512,6144,19.036141017024587
avn74qx1,38,1,pl8uabbv,41,1536,1024,19.137659238521064
avn74qx1,38,2,x7u69zsw,49,1536,5120,19.2506509849354
avn74qx1,38,3,pl8uabbv,24,512,5632,19.27750503406975
avn74qx1,38,4,71vgq3fw,44,1536,2560,19.6438632285646
avn74qx1,39,0,xgj4xftb,27,1024,512,13.584445860539443
avn74qx1,39,1,pl8uabbv,30,1024,2048,14.369719052368408
avn74qx1,39,2,pl8uabbv,34,1024,4096,14.768569026683897
avn74qx1,39,3,pl8uabbv,40,1536,512,15.668162454507982
avn74qx1,39,4,ptg8lmto,10,0,5120,16.462487247939045
avn74qx1,40,0,ufdvpb81,10,0,5120,14.508409111815332
avn74qx1,40,1,71vgq3fw,25,512,6144,16.445172845271124
avn74qx1,40,2,x77cy643,27,1024,512,17.11967888553113
avn74qx1,40,3,pl8uabbv,40,1536,512,17.704176509881286
avn74qx1,40,4,utfgcjfa,2,0,1024,17.878775561479515
avn74qx1,41,0,vc2whyaq,14,512,512,12.50000092281077
avn74qx1,41,1,x77cy643,23,512,5120,16.20814606130171
avn74qx1,41,2,x7u69zsw,51,1536,6144,16.845862554154454
avn74qx1,41,3,vc2whyaq,26,1024,0,18.50204588317528
avn74qx1,41,4,x77cy643,43,1536,2048,18.589040615830548
avn74qx1,42,0,utfgcjfa,16,512,1536,17.566990993203987
avn74qx1,42,1,vc2whyaq,27,1024,512,17.582914260449787
avn74qx1,42,2,utfgcjfa,19,512,3072,18.334919313271882
avn74qx1,42,3,utfgcjfa,46,1536,3584,18.4012344674318
avn74qx1,42,4,mgxahqnk,37,1024,5632,18.42977993041479
avn74qx1,43,0,71vgq3fw,38,1024,6144,13.395975143911109
avn74qx1,43,1,kbdh4tri,27,1024,512,15.582582886636512
avn74qx1,43,2,cfe5vt7s,10,0,5120,16.240781582934858
avn74qx1,43,3,x77cy643,50,1536,5632,16.401153204472013
avn74qx1,43,4,kbdh4tri,12,0,6144,16.43891634565704
avn74qx1,44,0,9luzk4jm,4,0,2048,13.13760624402844
avn74qx1,44,1,9luzk4jm,39,1536,0,15.424217833262452
avn74qx1,44,2,ptg8lmto,27,1024,512,15.52573146640949
avn74qx1,44,3,pl8uabbv,40,1536,512,16.04768149412138
avn74qx1,44,4,cfe5vt7s,40,1536,512,16.485115865339907
avn74qx1,45,0,utfgcjfa,2,0,1024,14.487149395479012
avn74qx1,45,1,71vgq3fw,25,512,6144,17.762291818994925
avn74qx1,45,2,pl8uabbv,17,512,2048,19.032900930517037
avn74qx1,45,3,utfgcjfa,9,0,4608,19.082626998042205
avn74qx1,45,4,utfgcjfa,35,1024,4608,19.129873960160438
avn74qx1,46,0,pl8uabbv,29,1024,1536,12.559090191952073
avn74qx1,46,1,pl8uabbv,41,1536,1024,13.042816208224679
avn74qx1,46,2,pl8uabbv,47,1536,4096,14.35511859256977
avn74qx1,46,3,pl8uabbv,27,1024,512,14.50549062480453
avn74qx1,46,4,hzumfsms,2,0,1024,14.540715230664741
avn74qx1,47,0,utfgcjfa,8,0,4096,11.17612633806083
avn74qx1,47,1,hzumfsms,13,512,0,13.117099202961048
avn74qx1,47,2,x77cy643,48,1536,4608,13.143035721776013
avn74qx1,47,3,71vgq3fw,25,512,6144,13.31388900552349
avn74qx1,47,4,vc2whyaq,37,1024,5632,13.408245508681494
avn74qx1,48,0,0grcilhi,4,0,2048,14.161556489778722
avn74qx1,48,1,ufdvpb81,10,0,5120,16.396226240547257
avn74qx1,48,2,utfgcjfa,9,0,4608,16.571073472800187
avn74qx1,48,3,xgj4xftb,4,0,2048,16.789159990593124
avn74qx1,48,4,vc2whyaq,12,0,6144,17.17409843846687
avn74qx1,49,0,vc2whyaq,34,1024,4096,12.273918039234848
avn74qx1,49,1,pl8uabbv,40,1536,512,12.999803959654983
avn74qx1,49,2,ufdvpb81,17,512,2048,14.475417739801184
avn74qx1,49,3,vc2whyaq,43,1536,2048,14.634921872834731
avn74qx1,49,4,ptg8lmto,30,1024,2048,15.080531500456345
avn74qx1,50,0,utfgcjfa,31,1024,2560,14.298857538034008
avn74qx1,50,1,vc2whyaq,47,1536,4096,14.323408311170809
avn74qx1,50,2,x7u69zsw,25,512,6144,14.976377628275172
avn74qx1,50,3,mgxahqnk,37,1024,5632,15.083710825109163
avn74qx1,50,4,x77cy643,24,512,5632,15.143805200910439
avn74qx1,51,0,mgxahqnk,28,1024,1024,17.126820555472126
avn74qx1,51,1,mgxahqnk,37,1024,5632,18.213574951787386
avn74qx1,51,2,pl8uabbv,28,1024,1024,18.3235608401417
avn74qx1,51,3,cfe5vt7s,13,512,0,19.080021481166987
avn74qx1,51,4,0grcilhi,5,0,2560,20.056525481072924
b3esycq1,0,0,hzumfsms,14,512,512,14.091731237127314
b3esycq1,0,1,x7u69zsw,31,1024,2560,14.576840052287052
b3esycq1,0,2,cfe5vt7s,42,1536,1536,15.134510569579739
b3esycq1,0,3,vc2whyaq,45,1536,3072,15.322249811990195
b3esycq1,0,4,kbdh4tri,40,1536,512,16.14774408803137
b3esycq1,1,0,x77cy643,34,1024,4096,13.045536266821529
b3esycq1,1,1,9luzk4jm,33,1024,3584,13.566999293775812
b3esycq1,1,2,x77cy643,24,512,5632,13.956352804025105
b3esycq1,1,3,utfgcjfa,11,0,5632,14.172396422542283
b3esycq1,1,4,cfe5vt7s,29,1024,1536,14.249161806658325
b3esycq1,2,0,vc2whyaq,39,1536,0,13.958769167529034
b3esycq1,2,1,cfe5vt7s,25,512,6144,14.845447387255602
b3esycq1,2,2,0grcilhi,22,512,4608,14.97085788680323
b3esycq1,2,3,hawkfj64,21,512,4096,16.301439016364895
b3esycq1,2,4,71vgq3fw,38,1024,6144,16.45667134498437
b3esycq1,3,0,hawkfj64,12,0,6144,17.517235123043736
b3esycq1,3,1,cfe5vt7s,9,0,4608,18.21019912608965
b3esycq1,3,2,cfe5vt7s,16,512,1536,18.418338877114923
b3esycq1,3,3,71vgq3fw,38,1024,6144,18.69234333018014
b3esycq1,3,4,mgxahqnk,11,0,5632,19.158692163103698
b3esycq1,4,0,x7u69zsw,8,0,4096,16.154338462872197
b3esycq1,4,1,utfgcjfa,47,1536,4096,18.42637081142324
b3esycq1,4,2,cfe5vt7s,27,1024,512,19.415567832320683
b3esycq1,4,3,ufdvpb81,4,0,2048,19.819551495460413
b3esycq1,4,4,x77cy643,35,1024,4608,19.999928353870036
b3esycq1,5,0,71vgq3fw,11,0,5632,16.478877269298593
b3esycq1,5,1,x7u69zsw,3,0,1536,16.79312657160886
b3esycq1,5,2,mgxahqnk,22,512,4608,17.180456422972394
b3esycq1,5,3,kbdh4tri,32,1024,3072,17.71479441979561
b3esycq1,5,4,71vgq3fw,35,1024,4608,17.71852249722533
b3esycq1,6,0,9luzk4jm,21,512,4096,16.15804557160963
b3esycq1,6,1,9luzk4jm,16,512,1536,16.48247592340553
b3esycq1,6,2,tuy3zymq,6,0,3072,17.447814137920336
b3esycq1,6,3,cfe5vt7s,36,1024,5120,17.467811605078346
b3esycq1,6,4,utfgcjfa,47,1536,4096,17.718096114461865
b3esycq1,7,0,ufdvpb81,38,1024,6144,14.448192279331675
b3esycq1,7,1,71vgq3fw,28,1024,1024,16.171523324804582
b3esycq1,7,2,hawkfj64,19,512,3072,16.755589039174428
b3esycq1,7,3,hawkfj64,20,512,3584,17.44444338921549
b3esycq1,7,4,9luzk4jm,14,512,512,17.499781654917452
b3esycq1,8,0,xgj4xftb,4,0,2048,16.149441064481262
b3esycq1,8,1,vc2whyaq,45,1536,3072,16.673486326928106
b3esycq1,8,2,x7u69zsw,28,1024,1024,17.22708674916831
b3esycq1,8,3,vc2whyaq,23,512,5120,17.43740570074102
b3esycq1,8,4,vc2whyaq,12,0,6144,17.77702659695827
b3esycq1,9,0,pl8uabbv,45,1536,3072,19.617423723516524
b3esycq1,9,1,hawkfj64,27,1024,512,19.959505771843343
b3esycq1,9,2,hawkfj64,2,0,1024,20.31745397979494
b3esycq1,9,3,mgxahqnk,3,0,1536,20.382534633783944
b3esycq1,9,4,mgxahqnk,34,1024,4096,20.567625176004032
b3esycq1,10,0,pl8uabbv,38,1024,6144,13.96692560830027
b3esycq1,10,1,pl8uabbv,18,512,2560,14.954880140640787
b3esycq1,10,2,hzumfsms,18,512,2560,16.446347879676704
b3esycq1,10,3,pl8uabbv,29,1024,1536,16.59810631429979
b3esycq1,10,4,vc2whyaq,6,0,3072,17.85025793262079
b3esycq1,11,0,mgxahqnk,8,0,4096,14.337230778834378
b3esycq1,11,1,vc2whyaq,40,1536,512,14.786122744695406
b3esycq1,11,2,x77cy643,17,512,2048,15.068719918152425
b3esycq1,11,3,cfe5vt7s,12,0,6144,15.337601282221446
b3esycq1,11,4,kbdh4tri,49,1536,5120,15.461325680269777
b3esycq1,12,0,ufdvpb81,46,1536,3584,17.999044943955006
b3esycq1,12,1,9luzk4jm,33,1024,3584,18.625455441719716
b3esycq1,12,2,x77cy643,33,1024,3584,18.80469596255539
b3esycq1,12,3,hzumfsms,41,1536,1024,19.412681007054736
b3esycq1,12,4,vc2whyaq,47,1536,4096,19.457162275032694
b3esycq1,13,0,ufdvpb81,49,1536,5120,16.70618189085841
b3esycq1,13,1,9luzk4jm,38,1024,6144,18.020890252619214
b3esycq1,13,2,xgj4xftb,22,512,4608,18.34712117594847
b3esycq1,13,3,hzumfsms,41,1536,1024,18.508020876260257
b3esycq1,13,4,hzumfsms,43,1536,2048,18.626400034053095
b3esycq1,14,0,pl8uabbv,51,1536,6144,13.491447482989779
b3esycq1,14,1,pl8uabbv,38,1024,6144,13.94838428677819
b3esycq1,14,2,x77cy643,33,1024,3584,15.140616729357372
b3esycq1,14,3,utfgcjfa,31,1024,2560,15.511532028362007
b3esycq1,14,4,vc2whyaq,47,1536,4096,15.65461227606497
b3esycq1,15,0,tuy3zymq,13,512,0,14.529669163479317
b3esycq1,15,1,cfe5vt7s,29,1024,1536,14.850428945421553
b3esycq1,15,2,pl8uabbv,47,1536,4096,15.06225925300134
b3esycq1,15,3,pl8uabbv,27,1024,512,15.140298445167542
b3esycq1,15,4,utfgcjfa,15,512,1024,15.230961191031154
b3esycq1,16,0,vc2whyaq,9,0,4608,18.27412028728404
b3esycq1,16,1,hawkfj64,17,512,2048,19.051422899024935
b3esycq1,16,2,tuy3zymq,40,1536,512,19.141181518946464
b3esycq1,16,3,utfgcjfa,9,0,4608,19.272687065107924
b3esycq1,16,4,cfe5vt7s,49,1536,5120,19.85870750597578
b3esycq1,17,0,pl8uabbv,46,1536,3584,14.621597292222644
b3esycq1,17,1,ptg8lmto,19,512,3072,14.680872667578143
b3esycq1,17,2,xgj4xftb,8,0,4096,14.686261009976109
b3esycq1,17,3,pl8uabbv,45,1536,3072,14.781296172315802
b3esycq1,17,4,0grcilhi,19,512,3072,15.646495782324937
b3esycq1,18,0,cfe5vt7s,13,512,0,17.87371851965232
b3esycq1,18,1,utfgcjfa,36,1024,5120,19.3601198765793
b3esycq1,18,2,pl8uabbv,24,512,5632,20.342139117068758
b3esycq1,18,3,pl8uabbv,38,1024,6144,20.781940436023604
b3esycq1,18,4,x77cy643,33,1024,3584,20.921218076597082
b3esycq1,19,0,cfe5vt7s,43,1536,2048,15.331947930678508
b3esycq1,19,1,xgj4xftb,8,0,4096,16.45528164863293
b3esycq1,19,2,ptg8lmto,19,512,3072,16.760599933313316
b3esycq1,19,3,utfgcjfa,19,512,3072,16.925918631507706
b3esycq1,19,4,kbdh4tri,38,1024,6144,17.881371439607666
b3esycq1,20,0,mgxahqnk,8,0,4096,13.816584010922844
b3esycq1,20,1,pl8uabbv,25,512,6144,14.550881431668707
b3esycq1,20,2,x77cy643,17,512,2048,14.82339203590784
b3esycq1,20,3,x77cy643,35,1024,4608,15.414927103986228
b3esycq1,20,4,cfe5vt7s,37,1024,5632,15.535410663073863
b3esycq1,21,0,71vgq3fw,13,512,0,15.82780292424503
b3esycq1,21,1,ufdvpb81,41,1536,1024,16.059519499272902
b3esycq1,21,2,x77cy643,2,0,1024,16.391091461905177
b3esycq1,21,3,utfgcjfa,15,512,1024,16.420803539236715
b3esycq1,21,4,hzumfsms,30,1024,2048,16.43100640925689
b3esycq1,22,0,9luzk4jm,26,1024,0,14.251385917368443
b3esycq1,22,1,vc2whyaq,26,1024,0,14.358253555770332
b3esycq1,22,2,ptg8lmto,4,0,2048,15.48727334844281
b3esycq1,22,3,ufdvpb81,50,1536,5632,15.64440625081726
b3esycq1,22,4,kbdh4tri,25,512,6144,15.944433772368352
b3esycq1,23,0,xgj4xftb,8,0,4096,12.31682155159708
b3esycq1,23,1,cfe5vt7s,0,0,0,14.057863354573856
b3esycq1,23,2,vc2whyaq,23,512,5120,14.988609124629736
b3esycq1,23,3,kbdh4tri,4,0,2048,15.06544496780652
b3esycq1,23,4,hzumfsms,51,1536,6144,15.068291277969367
b3esycq1,24,0,cfe5vt7s,43,1536,2048,16.144532318458037
b3esycq1,24,1,0grcilhi,37,1024,5632,16.758348416710703
b3esycq1,24,2,tuy3zymq,30,1024,2048,16.980256568637
b3esycq1,24,3,hzumfsms,40,1536,512,17.381940435961727
b3esycq1,24,4,utfgcjfa,5,0,2560,17.905602333776407
b3esycq1,25,0,tuy3zymq,36,1024,5120,17.748523718624263
b3esycq1,25,1,utfgcjfa,38,1024,6144,18.045217977119094
b3esycq1,25,2,x77cy643,27,1024,512,18.149218103415265
b3esycq1,25,3,pl8uabbv,17,512,2048,18.758710051934006
b3esycq1,25,4,utfgcjfa,9,0,4608,18.950010961390177
b3esycq1,26,0,ptg8lmto,7,0,3584,11.157593380803549
b3esycq1,26,1,9luzk4jm,4,0,2048,11.852622662961123
b3esycq1,26,2,ptg8lmto,34,1024,4096,12.557379726265749
b3esycq1,26,3,xgj4xftb,33,1024,3584,13.068579049298165
b3esycq1,26,4,ptg8lmto,22,512,4608,13.559798176943673
b3esycq1,27,0,hzumfsms,9,0,4608,15.963846813052372
b3esycq1,27,1,xgj4xftb,16,512,1536,16.05994005488946
b3esycq1,27,2,utfgcjfa,8,0,4096,16.62811737234927
b3esycq1,27,3,ptg8lmto,0,0,0,16.816506200434187
b3esycq1,27,4,ptg8lmto,26,1024,0,16.868402646460954
b3esycq1,28,0,x7u69zsw,22,512,4608,11.27684864540452
b3esycq1,28,1,utfgcjfa,42,1536,1536,13.940759165845686
b3esycq1,28,2,71vgq3fw,45,1536,3072,14.210591545059831
b3esycq1,28,3,pl8uabbv,28,1024,1024,14.802313142617672
b3esycq1,28,4,9luzk4jm,8,0,4096,14.890470036826516
b3esycq1,29,0,vc2whyaq,21,512,4096,13.092681056185066
b3esycq1,29,1,x7u69zsw,13,512,0,13.217125708964105
b3esycq1,29,2,utfgcjfa,31,1024,2560,13.510234969063413
b3esycq1,29,3,x77cy643,5,0,2560,14.02518903683637
b3esycq1,29,4,9luzk4jm,32,1024,3072,14.247790226535528
b3esycq1,30,0,kbdh4tri,30,1024,2048,16.591116775504204
b3esycq1,30,1,vc2whyaq,21,512,4096,16.712235240887214
b3esycq1,30,2,tuy3zymq,31,1024,2560,16.74075534755994
b3esycq1,30,3,vc2whyaq,37,1024,5632,16.824765602324984
b3esycq1,30,4,utfgcjfa,31,1024,2560,17.082518134833098
b3esycq1,31,0,ptg8lmto,26,1024,0,15.147176321159188
b3esycq1,31,1,ufdvpb81,32,1024,3072,15.940540346574162
b3esycq1,31,2,x77cy643,26,1024,0,16.014446911191012
b3esycq1,31,3,utfgcjfa,31,1024,2560,16.32081439261359
b3esycq1,31,4,utfgcjfa,8,0,4096,16.41339494133499
b3esycq1,32,0,ufdvpb81,1,0,512,13.75537096617322
b3esycq1,32,1,x77cy643,47,1536,4096,13.861035130636816
b3esycq1,32,2,utfgcjfa,49,1536,5120,14.5151448906632
b3esycq1,32,3,x7u69zsw,20,512,3584,14.550088230420638
b3esycq1,32,4,ptg8lmto,10,0,5120,14.92134269002828
b3esycq1,33,0,cfe5vt7s,20,512,3584,14.274356843501945
b3esycq1,33,1,pl8uabbv,15,512,1024,15.889949703776928
b3esycq1,33,2,utfgcjfa,16,512,1536,15.911459884679818
b3esycq1,33,3,x7u69zsw,17,512,2048,16.113724759107726
b3esycq1,33,4,pl8uabbv,27,1024,512,16.364967965570994
b3esycq1,34,0,pl8uabbv,36,1024,5120,16.041954773503292
b3esycq1,34,1,ptg8lmto,5,0,2560,17.164660311904807
b3esycq1,34,2,utfgcjfa,2,0,1024,17.183347893097267
b3esycq1,34,3,hawkfj64,16,512,1536,17.31614967549329
b3esycq1,34,4,xgj4xftb,4,0,2048,17.75981034583199
b3esycq1,35,0,hzumfsms,4,0,2048,13.567308294494595
b3esycq1,35,1,tuy3zymq,23,512,5120,14.574989594829653
b3esycq1,35,2,pl8uabbv,27,1024,512,14.608276062733891
b3esycq1,35,3,71vgq3fw,25,512,6144,15.839318258881999
b3esycq1,35,4,cfe5vt7s,20,512,3584,15.965575928857778
b3esycq1,36,0,71vgq3fw,25,512,6144,15.152545193422842
b3esycq1,36,1,71vgq3fw,44,1536,2560,15.948859990362413
b3esycq1,36,2,x77cy643,9,0,4608,16.020093905386094
b3esycq1,36,3,xgj4xftb,4,0,2048,16.212027058613977
b3esycq1,36,4,x7u69zsw,28,1024,1024,16.354961077571552
b3esycq1,37,0,x77cy643,35,1024,4608,11.497334701853259
b3esycq1,37,1,cfe5vt7s,31,1024,2560,13.926867804843189
b3esycq1,37,2,vc2whyaq,20,512,3584,14.014325283353665
b3esycq1,37,3,71vgq3fw,33,1024,3584,14.04761599321124
b3esycq1,37,4,x77cy643,17,512,2048,14.504522064929912
b3esycq1,38,0,x77cy643,8,0,4096,14.949238761649578
b3esycq1,38,1,pl8uabbv,16,512,1536,17.759654801853614
b3esycq1,38,2,utfgcjfa,36,1024,5120,17.763860042062625
b3esycq1,38,3,ufdvpb81,31,1024,2560,17.87745089267516
b3esycq1,38,4,vc2whyaq,37,1024,5632,17.87852996326746
b3esycq1,39,0,kbdh4tri,41,1536,1024,13.55478999001308
b3esycq1,39,1,vc2whyaq,26,1024,0,15.827708820520055
b3esycq1,39,2,mgxahqnk,13,512,0,16.34830713960373
b3esycq1,39,3,hzumfsms,14,512,512,16.846611189676075
b3esycq1,39,4,vc2whyaq,12,0,6144,16.915685406174212
b3esycq1,40,0,utfgcjfa,16,512,1536,13.730889506234652
b3esycq1,40,1,vc2whyaq,12,0,6144,14.622101237447767
b3esycq1,40,2,kbdh4tri,26,1024,0,14.917021045416508
b3esycq1,40,3,ufdvpb81,50,1536,5632,15.1655333769339
b3esycq1,40,4,utfgcjfa,35,1024,4608,15.26412855645628
b3esycq1,41,0,utfgcjfa,35,1024,4608,13.57651476949435
b3esycq1,41,1,utfgcjfa,2,0,1024,14.172354882512018
b3esycq1,41,2,utfgcjfa,9,0,4608,14.841533340980611
b3esycq1,41,3,pl8uabbv,17,512,2048,15.153282002061468
b3esycq1,41,4,kbdh4tri,30,1024,2048,15.746742328508226
b3esycq1,42,0,pl8uabbv,27,1024,512,13.30402322683106
b3esycq1,42,1,hzumfsms,2,0,1024,13.97620856777438
b3esycq1,42,2,xgj4xftb,19,512,3072,14.145817096924098
b3esycq1,42,3,71vgq3fw,20,512,3584,14.595313648756754
b3esycq1,42,4,tuy3zymq,49,1536,5120,14.75394242368683
b3esycq1,43,0,vc2whyaq,12,0,6144,14.968896802278266
b3esycq1,43,1,71vgq3fw,25,512,6144,15.55759906437256
b3esycq1,43,2,xgj4xftb,4,0,2048,16.27702500334618
b3esycq1,43,3,tuy3zymq,23,512,5120,16.320483137514582
b3esycq1,43,4,ufdvpb81,10,0,5120,16.432934573527948
b3esycq1,44,0,x7u69zsw,13,512,0,14.243287716118473
b3esycq1,44,1,utfgcjfa,31,1024,2560,14.361772656104291
b3esycq1,44,2,utfgcjfa,46,1536,3584,14.969892509082921
b3esycq1,44,3,vc2whyaq,2,0,1024,15.14259028877985
b3esycq1,44,4,cfe5vt7s,13,512,0,15.633592839709289
b3esycq1,45,0,ptg8lmto,9,0,4608,13.834634629070257
b3esycq1,45,1,utfgcjfa,22,512,4608,14.722805257102163
b3esycq1,45,2,vc2whyaq,21,512,4096,14.785861171561116
b3esycq1,45,3,vc2whyaq,0,0,0,14.979846263529089
b3esycq1,45,4,x7u69zsw,13,512,0,15.366747283103457
b3esycq1,46,0,kbdh4tri,45,1536,3072,13.859034617616505
b3esycq1,46,1,vc2whyaq,29,1024,1536,14.323039410067912
b3esycq1,46,2,kbdh4tri,48,1536,4608,14.754146291792786
b3esycq1,46,3,vc2whyaq,44,1536,2560,15.053441632998215
b3esycq1,46,4,x7u69zsw,8,0,4096,15.417398323210211
b3esycq1,47,0,71vgq3fw,46,1536,3584,12.947503701351938
b3esycq1,47,1,vc2whyaq,39,1536,0,12.966624985950993
b3esycq1,47,2,9luzk4jm,12,0,6144,13.49125706630682
b3esycq1,47,3,cfe5vt7s,25,512,6144,13.654120770611813
b3esycq1,47,4,ufdvpb81,36,1024,5120,13.825324079499504
b3esycq1,48,0,pl8uabbv,38,1024,6144,14.354604893113496
b3esycq1,48,1,x7u69zsw,5,0,2560,14.547909561035372
b3esycq1,48,2,pl8uabbv,27,1024,512,14.911404996614293
b3esycq1,48,3,mgxahqnk,28,1024,1024,15.14841289392001
b3esycq1,48,4,x77cy643,24,512,5632,15.407866187105144
b3esycq1,49,0,pl8uabbv,11,0,5632,14.508686584842001
b3esycq1,49,1,cfe5vt7s,42,1536,1536,16.009045044531625
b3esycq1,49,2,x77cy643,32,1024,3072,16.226202813177995
b3esycq1,49,3,vc2whyaq,45,1536,3072,16.49577199626347
b3esycq1,49,4,utfgcjfa,10,0,5120,16.746061939475904
b3esycq1,50,0,xgj4xftb,30,1024,2048,16.699681268409773
b3esycq1,50,1,tuy3zymq,46,1536,3584,17.79163836236204
b3esycq1,50,2,hawkfj64,12,0,6144,17.82507522300194
b3esycq1,50,3,xgj4xftb,19,512,3072,17.986123876098638
b3esycq1,50,4,x7u69zsw,43,1536,2048,18.02868943736409
b3esycq1,51,0,hzumfsms,13,512,0,12.23576626477702
b3esycq1,51,1,pl8uabbv,33,1024,3584,12.988729189465893
b3esycq1,51,2,vc2whyaq,16,512,1536,13.216013246699362
b3esycq1,51,3,ptg8lmto,11,0,5632,13.774636336339512
b3esycq1,51,4,x77cy643,48,1536,4608,14.165819834816984
epqdaau9,0,0,vc2whyaq,45,1536,3072,14.054922202668505
epqdaau9,0,1,pl8uabbv,41,1536,1024,14.677433971155555
epqdaau9,0,2,kbdh4tri,4,0,2048,14.762175993696115
epqdaau9,0,3,71vgq3fw,25,512,6144,14.828989757171854
epqdaau9,0,4,x77cy643,4,0,2048,14.857795504049223
epqdaau9,1,0,71vgq3fw,25,512,6144,15.153702731939338
epqdaau9,1,1,ufdvpb81,10,0,5120,18.710037390045585
epqdaau9,1,2,utfgcjfa,2,0,1024,18.92750180039963
epqdaau9,1,3,71vgq3fw,44,1536,2560,18.939934269329775
epqdaau9,1,4,pl8uabbv,40,1536,512,18.9572193211355
epqdaau9,2,0,vc2whyaq,45,1536,3072,12.298368330443713
epqdaau9,2,1,xgj4xftb,8,0,4096,13.823352996195899
epqdaau9,2,2,x7u69zsw,41,1536,1024,14.258179621806931
epqdaau9,2,3,pl8uabbv,41,1536,1024,15.082338823793409
epqdaau9,2,4,ptg8lmto,23,512,5120,15.309757317583445
epqdaau9,3,0,x77cy643,8,0,4096,17.271253590385562
epqdaau9,3,1,vc2whyaq,34,1024,4096,19.200314539845817
epqdaau9,3,2,pl8uabbv,40,1536,512,20.15877018324365
epqdaau9,3,3,pl8uabbv,21,512,4096,20.74167184803187
epqdaau9,3,4,ptg8lmto,13,512,0,20.851484934414234
epqdaau9,4,0,utfgcjfa,2,0,1024,15.58407804721325
epqdaau9,4,1,cfe5vt7s,50,1536,5632,15.938619718447223
epqdaau9,4,2,0grcilhi,4,0,2048,16.60500184499451
epqdaau9,4,3,x77cy643,1,0,512,16.61466781732565
epqdaau9,4,4,71vgq3fw,25,512,6144,17.1001008303564
epqdaau9,5,0,x77cy643,16,512,1536,13.149309050778026
epqdaau9,5,1,utfgcjfa,31,1024,2560,13.579244752038237
epqdaau9,5,2,x77cy643,12,0,6144,13.675927240306017
epqdaau9,5,3,vc2whyaq,24,512,5632,14.286451569948722
epqdaau9,5,4,x77cy643,6,0,3072,14.387365675554205
epqdaau9,6,0,71vgq3fw,25,512,6144,12.45621018029892
epqdaau9,6,1,pl8uabbv,40,1536,512,14.241214696848012
epqdaau9,6,2,tuy3zymq,40,1536,512,14.590243634108019
epqdaau9,6,3,utfgcjfa,2,0,1024,15.558902363805595
epqdaau9,6,4,x7u69zsw,26,1024,0,15.958613789975512
epqdaau9,7,0,ufdvpb81,10,0,5120,13.697604881896027
epqdaau9,7,1,71vgq3fw,44,1536,2560,14.10098106354495
epqdaau9,7,2,71vgq3fw,25,512,6144,14.158436901220599
epqdaau9,7,3,vc2whyaq,45,1536,3072,14.988491657686003
epqdaau9,7,4,xgj4xftb,4,0,2048,15.292675356815899
epqdaau9,8,0,tuy3zymq,23,512,5120,13.842993460523694
epqdaau9,8,1,71vgq3fw,25,512,6144,13.903857474011835
epqdaau9,8,2,xgj4xftb,4,0,2048,14.139636157298003
epqdaau9,8,3,x77cy643,9,0,4608,14.20154379747012
epqdaau9,8,4,vc2whyaq,36,1024,5120,14.629895542429196
epqdaau9,9,0,71vgq3fw,44,1536,2560,17.294393497521433
epqdaau9,9,1,71vgq3fw,25,512,6144,17.577637127708112
epqdaau9,9,2,x7u69zsw,41,1536,1024,18.853048832374576
epqdaau9,9,3,ptg8lmto,29,1024,1536,19.09402549647491
epqdaau9,9,4,x7u69zsw,28,1024,1024,19.13290494960117
epqdaau9,10,0,9luzk4jm,39,1536,0,18.013511674584706
epqdaau9,10,1,9luzk4jm,4,0,2048,19.32315865524379
epqdaau9,10,2,pl8uabbv,8,0,4096,20.027529390423556
epqdaau9,10,3,vc2whyaq,5,0,2560,20.21071111687975
epqdaau9,10,4,hawkfj64,16,512,1536,20.526253203013525
epqdaau9,11,0,71vgq3fw,25,512,6144,15.224068248871873
epqdaau9,11,1,x7u69zsw,28,1024,1024,15.93183179928814
epqdaau9,11,2,kbdh4tri,14,512,512,17.177001207128644
epqdaau9,11,3,x7u69zsw,26,1024,0,17.479491257677626
epqdaau9,11,4,0grcilhi,4,0,2048,17.598833488847163
epqdaau9,12,0,utfgcjfa,43,1536,2048,17.911485470875146
epqdaau9,12,1,pl8uabbv,36,1024,5120,22.61930581655285
epqdaau9,12,2,hawkfj64,26,1024,0,24.273048810456483
epqdaau9,12,3,mgxahqnk,18,512,2560,24.711305255353494
epqdaau9,12,4,x7u69zsw,42,1536,1536,25.24639450164039
epqdaau9,13,0,71vgq3fw,25,512,6144,15.687149661652583
epqdaau9,13,1,utfgcjfa,2,0,1024,17.5839084722358
epqdaau9,13,2,x77cy643,1,0,512,17.77268127756655
epqdaau9,13,3,x7u69zsw,26,1024,0,18.507870750476826
epqdaau9,13,4,pl8uabbv,36,1024,5120,18.927609607978614
epqdaau9,14,0,ptg8lmto,6,0,3072,12.748197961190773
epqdaau9,14,1,ptg8lmto,30,1024,2048,13.149670417517505
epqdaau9,14,2,hzumfsms,13,512,0,13.367820135605594
epqdaau9,14,3,71vgq3fw,14,512,512,13.39123928384317
epqdaau9,14,4,ptg8lmto,11,0,5632,13.806449386854112
epqdaau9,15,0,xgj4xftb,4,0,2048,15.66736641560741
epqdaau9,15,1,vc2whyaq,24,512,5632,16.390197598230866
epqdaau9,15,2,x7u69zsw,49,1536,5120,17.50017760086284
epqdaau9,15,3,ufdvpb81,10,0,5120,17.90265440181109
epqdaau9,15,4,pl8uabbv,41,1536,1024,18.35320928918099
epqdaau9,16,0,vc2whyaq,47,1536,4096,12.828284602452742
epqdaau9,16,1,tuy3zymq,18,512,2560,14.617884290938257
epqdaau9,16,2,0grcilhi,20,512,3584,14.637061222228224
epqdaau9,16,3,0grcilhi,5,0,2560,14.983547268491902
epqdaau9,16,4,vc2whyaq,26,1024,0,15.232608488006768
epqdaau9,17,0,x77cy643,8,0,4096,13.898560068013788
epqdaau9,17,1,ufdvpb81,31,1024,2560,14.820666092846857
epqdaau9,17,2,ufdvpb81,43,1536,2048,15.338450660264014
epqdaau9,17,3,71vgq3fw,10,0,5120,15.673209891068764
epqdaau9,17,4,ptg8lmto,11,0,5632,15.70672534219162
epqdaau9,18,0,71vgq3fw,34,1024,4096,14.714469896700411
epqdaau9,18,1,utfgcjfa,35,1024,4608,15.268963968354123
epqdaau9,18,2,ptg8lmto,26,1024,0,15.502193443826465
epqdaau9,18,3,0grcilhi,4,0,2048,15.791887639844449
epqdaau9,18,4,ufdvpb81,1,0,512,16.095639289800324
epqdaau9,19,0,x77cy643,12,0,6144,12.976038433086762
epqdaau9,19,1,utfgcjfa,31,1024,2560,13.710894381629787
epqdaau9,19,2,cfe5vt7s,21,512,4096,14.621737945137387
epqdaau9,19,3,x7u69zsw,0,0,0,16.03468057636713
epqdaau9,19,4,9luzk4jm,46,1536,3584,16.255108102923494
epqdaau9,20,0,x77cy643,48,1536,4608,11.847289912868034
epqdaau9,20,1,x7u69zsw,30,1024,2048,13.240702581490948
epqdaau9,20,2,kbdh4tri,1,0,512,13.304342666697776
epqdaau9,20,3,utfgcjfa,31,1024,2560,13.338080220528463
epqdaau9,20,4,ptg8lmto,11,0,5632,13.449219472444575
epqdaau9,21,0,71vgq3fw,25,512,6144,13.68024220018211
epqdaau9,21,1,x7u69zsw,26,1024,0,14.130293780360342
epqdaau9,21,2,pl8uabbv,40,1536,512,14.483980394153411
epqdaau9,21,3,71vgq3fw,30,1024,2048,15.132042175912964
epqdaau9,21,4,tuy3zymq,40,1536,512,15.22099907710772
epqdaau9,22,0,utfgcjfa,2,0,1024,13.450400006060109
epqdaau9,22,1,71vgq3fw,25,512,6144,15.100939390750646
epqdaau9,22,2,x7u69zsw,26,1024,0,15.221351164244098
epqdaau9,22,3,pl8uabbv,19,512,3072,15.443769934986214
epqdaau9,22,4,hzumfsms,45,1536,3072,15.662675662675754
epqdaau9,23,0,kbdh4tri,30,1024,2048,12.99576621789155
epqdaau9,23,1,utfgcjfa,35,1024,4608,14.3588695391274
epqdaau9,23,2,pl8uabbv,45,1536,3072,15.582232094111527
epqdaau9,23,3,mgxahqnk,3,0,1536,16.186094793210504
epqdaau9,23,4,71vgq3fw,34,1024,4096,16.68436637302152
epqdaau9,24,0,x77cy643,9,0,4608,12.522901044965488
epqdaau9,24,1,utfgcjfa,35,1024,4608,13.941037575005474
epqdaau9,24,2,utfgcjfa,3,0,1536,15.057050463780605
epqdaau9,24,3,vc2whyaq,12,0,6144,15.35789173633869
epqdaau9,24,4,cfe5vt7s,10,0,5120,15.495405373824475
epqdaau9,25,0,xgj4xftb,4,0,2048,13.000557493665562
epqdaau9,25,1,ufdvpb81,10,0,5120,13.643462365616795
epqdaau9,25,2,x77cy643,9,0,4608,13.66594006626119
epqdaau9,25,3,vc2whyaq,45,1536,3072,13.896865648189198
epqdaau9,25,4,vc2whyaq,12,0,6144,14.310483719775416
epqdaau9,26,0,vc2whyaq,46,1536,3584,14.319502676986803
epqdaau9,26,1,71vgq3fw,10,0,5120,15.897449088455845
epqdaau9,26,2,ptg8lmto,0,0,0,16.272741032691986
epqdaau9,26,3,vc2whyaq,21,512,4096,16.62413780440654
epqdaau9,26,4,ptg8lmto,6,0,3072,16.704556213232355
epqdaau9,27,0,71vgq3fw,25,512,6144,15.745970878138232
epqdaau9,27,1,ufdvpb81,10,0,5120,16.2768511946185
epqdaau9,27,2,xgj4xftb,4,0,2048,16.28685857298395
epqdaau9,27,3,x7u69zsw,26,1024,0,16.36156597891872
epqdaau9,27,4,pl8uabbv,40,1536,512,16.45409494308851
epqdaau9,28,0,kbdh4tri,14,512,512,13.077849104146095
epqdaau9,28,1,0grcilhi,4,0,2048,13.546047250991842
epqdaau9,28,2,vc2whyaq,41,1536,1024,13.862497462014778
epqdaau9,28,3,ptg8lmto,30,1024,2048,14.415826816773368
epqdaau9,28,4,71vgq3fw,25,512,6144,14.739640264846019
epqdaau9,29,0,vc2whyaq,36,1024,5120,14.009338256139687
epqdaau9,29,1,cfe5vt7s,10,0,5120,14.053078827291031
epqdaau9,29,2,utfgcjfa,3,0,1536,14.345402957508359
epqdaau9,29,3,kbdh4tri,27,1024,512,14.560209599235023
epqdaau9,29,4,x77cy643,13,512,0,14.974632194079685
epqdaau9,30,0,kbdh4tri,42,1536,1536,11.720925798229825
epqdaau9,30,1,71vgq3fw,14,512,512,11.89812333507071
epqdaau9,30,2,71vgq3fw,20,512,3584,12.118111918029301
epqdaau9,30,3,hzumfsms,13,512,0,12.55187959492429
epqdaau9,30,4,ptg8lmto,33,1024,3584,12.699982415552268
epqdaau9,31,0,cfe5vt7s,25,512,6144,13.415702419105806
epqdaau9,31,1,xgj4xftb,8,0,4096,14.971072489491759
epqdaau9,31,2,ufdvpb81,16,512,1536,15.815760755794457
epqdaau9,31,3,xgj4xftb,28,1024,1024,15.988493755522125
epqdaau9,31,4,cfe5vt7s,3,0,1536,16.102664187778934
epqdaau9,32,0,x77cy643,12,0,6144,13.978886591804029
epqdaau9,32,1,ufdvpb81,23,512,5120,14.528163132506533
epqdaau9,32,2,kbdh4tri,41,1536,1024,14.941316178741442
epqdaau9,32,3,vc2whyaq,21,512,4096,14.97793117648107
epqdaau9,32,4,vc2whyaq,26,1024,0,15.139244201453689
epqdaau9,33,0,9luzk4jm,13,512,0,23.054514431574514
epqdaau9,33,1,utfgcjfa,36,1024,5120,23.79903253757625
epqdaau9,33,2,hzumfsms,9,0,4608,24.550510786074163
epqdaau9,33,3,ufdvpb81,32,1024,3072,24.6351424991416
epqdaau9,33,4,utfgcjfa,8,0,4096,24.79615619005662
epqdaau9,34,0,ptg8lmto,7,0,3584,11.409158099020495
epqdaau9,34,1,pl8uabbv,50,1536,5632,14.325230615445841
epqdaau9,34,2,x7u69zsw,47,1536,4096,14.638895774360916
epqdaau9,34,3,kbdh4tri,19,512,3072,14.952007108957144
epqdaau9,34,4,hzumfsms,45,1536,3072,15.043192983034213
epqdaau9,35,0,utfgcjfa,43,1536,2048,15.71401065014872
epqdaau9,35,1,pl8uabbv,36,1024,5120,16.796583921310045
epqdaau9,35,2,9luzk4jm,39,1536,0,17.21982307035161
epqdaau9,35,3,cfe5vt7s,50,1536,5632,17.351962353217374
epqdaau9,35,4,hawkfj64,26,1024,0,18.23664619936587
epqdaau9,36,0,utfgcjfa,31,1024,2560,16.410958598241443
epqdaau9,36,1,pl8uabbv,27,1024,512,16.495446208974816
epqdaau9,36,2,71vgq3fw,44,1536,2560,16.88293845709201
epqdaau9,36,3,tuy3zymq,13,512,0,17.116496781057652
epqdaau9,36,4,pl8uabbv,24,512,5632,17.132048946223822
epqdaau9,37,0,pl8uabbv,33,1024,3584,13.291971046584392
epqdaau9,37,1,pl8uabbv,38,1024,6144,14.619650768047993
epqdaau9,37,2,utfgcjfa,48,1536,4608,14.873150781447414
epqdaau9,37,3,vc2whyaq,47,1536,4096,15.099067094511902
epqdaau9,37,4,x77cy643,48,1536,4608,15.208836592430993
epqdaau9,38,0,pl8uabbv,45,1536,3072,14.352856392447613
epqdaau9,38,1,vc2whyaq,2,0,1024,14.57359168341393
epqdaau9,38,2,utfgcjfa,19,512,3072,14.634112723977864
epqdaau9,38,3,vc2whyaq,21,512,4096,14.892085277711555
epqdaau9,38,4,x7u69zsw,13,512,0,15.243745899317549
epqdaau9,39,0,0grcilhi,4,0,2048,15.136909763211868
epqdaau9,39,1,mgxahqnk,35,1024,4608,16.294394127166274
epqdaau9,39,2,cfe5vt7s,0,0,0,16.68376785935571
epqdaau9,39,3,x77cy643,3,0,1536,18.213258899077214
epqdaau9,39,4,71vgq3fw,4,0,2048,18.49021689728152
epqdaau9,40,0,xgj4xftb,34,1024,4096,14.66233011572814
epqdaau9,40,1,tuy3zymq,0,0,0,14.782109537477437
epqdaau9,40,2,ptg8lmto,7,0,3584,14.811992315666592
epqdaau9,40,3,kbdh4tri,18,512,2560,15.066439460205165
epqdaau9,40,4,71vgq3fw,21,512,4096,15.082779107336506
epqdaau9,41,0,pl8uabbv,22,512,4608,16.72906536306786
epqdaau9,41,1,pl8uabbv,5,0,2560,16.84190554748103
epqdaau9,41,2,9luzk4jm,21,512,4096,16.972755534913254
epqdaau9,41,3,ufdvpb81,7,0,3584,17.44227162373031
epqdaau9,41,4,9luzk4jm,16,512,1536,17.73582844798809
epqdaau9,42,0,0grcilhi,28,1024,1024,15.651807389371182
epqdaau9,42,1,pl8uabbv,8,0,4096,15.876152401851808
epqdaau9,42,2,9luzk4jm,39,1536,0,16.69917699803794
epqdaau9,42,3,pl8uabbv,36,1024,5120,16.701226672691366
epqdaau9,42,4,cfe5vt7s,50,1536,5632,17.320500896929772
epqdaau9,43,0,ufdvpb81,25,512,6144,15.541161527682716
epqdaau9,43,1,9luzk4jm,4,0,2048,16.879714566022002
epqdaau9,43,2,ptg8lmto,27,1024,512,17.497460260557013
epqdaau9,43,3,pl8uabbv,8,0,4096,18.193494482962322
epqdaau9,43,4,0grcilhi,28,1024,1024,18.57924586839043
epqdaau9,44,0,ptg8lmto,27,1024,512,15.189139063990115
epqdaau9,44,1,cfe5vt7s,50,1536,5632,15.957873037659692
epqdaau9,44,2,pl8uabbv,9,0,4608,16.06051529289563
epqdaau9,44,3,pl8uabbv,8,0,4096,16.244418394133234
epqdaau9,44,4,0grcilhi,28,1024,1024,16.363210009285503
epqdaau9,45,0,71vgq3fw,25,512,6144,12.770179095182396
epqdaau9,45,1,pl8uabbv,41,1536,1024,12.786281367769458
epqdaau9,45,2,tuy3zymq,13,512,0,13.573893312913349
epqdaau9,45,3,hzumfsms,13,512,0,13.643403467026516
epqdaau9,45,4,x77cy643,48,1536,4608,13.967484368292942
epqdaau9,46,0,utfgcjfa,43,1536,2048,17.08090017562385
epqdaau9,46,1,mgxahqnk,18,512,2560,20.391657688583983
epqdaau9,46,2,x7u69zsw,42,1536,1536,21.84411726806061
epqdaau9,46,3,0grcilhi,32,1024,3072,23.388065626483357
epqdaau9,46,4,hawkfj64,26,1024,0,24.540054559528702
epqdaau9,47,0,ufdvpb81,10,0,5120,15.186927939001936
epqdaau9,47,1,xgj4xftb,4,0,2048,15.602595249064107
epqdaau9,47,2,71vgq3fw,25,512,6144,15.653642864116076
epqdaau9,47,3,utfgcjfa,8,0,4096,16.262077662866076
epqdaau9,47,4,ptg8lmto,6,0,3072,16.77399478320672
epqdaau9,48,0,utfgcjfa,43,1536,2048,15.18586781021804
epqdaau9,48,1,pl8uabbv,36,1024,5120,17.50712719036304
epqdaau9,48,2,x77cy643,1,0,512,18.217913599565062
epqdaau9,48,3,utfgcjfa,2,0,1024,19.72935568377789
epqdaau9,48,4,cfe5vt7s,50,1536,5632,20.566276820087733
epqdaau9,49,0,xgj4xftb,28,1024,1024,12.86151590299979
epqdaau9,49,1,71vgq3fw,17,512,2048,13.830141684190732
epqdaau9,49,2,x7u69zsw,45,1536,3072,14.41142667112854
epqdaau9,49,3,kbdh4tri,38,1024,6144,14.482887595747611
epqdaau9,49,4,71vgq3fw,20,512,3584,14.796236100001432
epqdaau9,50,0,vc2whyaq,21,512,4096,16.665139199722542
epqdaau9,50,1,cfe5vt7s,49,1536,5120,16.932873740660636
epqdaau9,50,2,pl8uabbv,45,1536,3072,17.16697009983712
epqdaau9,50,3,utfgcjfa,9,0,4608,17.25106960499368
epqdaau9,50,4,utfgcjfa,38,1024,6144,17.809566083964757
epqdaau9,51,0,ptg8lmto,22,512,4608,12.15765542966272
epqdaau9,51,1,pl8uabbv,21,512,4096,12.626447562190522
epqdaau9,51,2,pl8uabbv,40,1536,512,12.762426488846408
epqdaau9,51,3,pl8uabbv,23,512,5120,13.696633563768618
epqdaau9,51,4,0grcilhi,13,512,0,14.189916853968484
i9jiqjwl,0,0,vc2whyaq,16,512,1536,12.373133680795512
i9jiqjwl,0,1,vc2whyaq,33,1024,3584,13.317908501342979
i9jiqjwl,0,2,pl8uabbv,33,1024,3584,13.643210444173029
i9jiqjwl,0,3,ufdvpb81,31,1024,2560,14.081074086695647
i9jiqjwl,0,4,cfe5vt7s,29,1024,1536,14.611661892393117
i9jiqjwl,1,0,cfe5vt7s,45,1536,3072,13.355571973730457
i9jiqjwl,1,1,pl8uabbv,16,512,1536,15.119459752143348
i9jiqjwl,1,2,pl8uabbv,47,1536,4096,15.156319089728877
i9jiqjwl,1,3,pl8uabbv,26,1024,0,15.725774318123497
i9jiqjwl,1,4,ufdvpb81,3,0,1536,16.02466149364543
i9jiqjwl,2,0,x77cy643,14,512,512,16.156889140147396
i9jiqjwl,2,1,pl8uabbv,11,0,5632,16.325981584858805
i9jiqjwl,2,2,hzumfsms,6,0,3072,16.432872734427626
i9jiqjwl,2,3,utfgcjfa,17,512,2048,16.759825182818076
i9jiqjwl,2,4,cfe5vt7s,7,0,3584,16.974408429682807
i9jiqjwl,3,0,vc2whyaq,2,0,1024,14.451102355475749
i9jiqjwl,3,1,x77cy643,19,512,3072,14.714212153774303
i9jiqjwl,3,2,ptg8lmto,9,0,4608,15.317654241755937
i9jiqjwl,3,3,x7u69zsw,13,512,0,15.619205759449887
i9jiqjwl,3,4,x77cy643,16,512,1536,15.817690731349279
i9jiqjwl,4,0,pl8uabbv,21,512,4096,13.421703638465502
i9jiqjwl,4,1,tuy3zymq,40,1536,512,15.943144488170693
i9jiqjwl,4,2,pl8uabbv,40,1536,512,16.09489671529014
i9jiqjwl,4,3,hzumfsms,4,0,2048,16.602401137550377
i9jiqjwl,4,4,tuy3zymq,36,1024,5120,16.630049874240488
i9jiqjwl,5,0,kbdh4tri,4,0,2048,14.3748141781874
i9jiqjwl,5,1,utfgcjfa,9,0,4608,16.292118726653207
i9jiqjwl,5,2,cfe5vt7s,10,0,5120,16.634243178605587
i9jiqjwl,5,3,tuy3zymq,40,1536,512,16.821280428264856
i9jiqjwl,5,4,71vgq3fw,25,512,6144,17.072929919621465
i9jiqjwl,6,0,mgxahqnk,37,1024,5632,13.52528954521279
i9jiqjwl,6,1,utfgcjfa,39,1536,0,13.994457305536645
i9jiqjwl,6,2,x7u69zsw,25,512,6144,14.029448199194237
i9jiqjwl,6,3,x77cy643,51,1536,6144,14.682467215153855
i9jiqjwl,6,4,hzumfsms,27,1024,512,14.977623715262814
i9jiqjwl,7,0,kbdh4tri,27,1024,512,14.383419830738234
i9jiqjwl,7,1,x7u69zsw,39,1536,0,15.41275007064914
i9jiqjwl,7,2,x77cy643,41,1536,1024,16.445614073998332
i9jiqjwl,7,3,cfe5vt7s,4,0,2048,16.451789102423202
i9jiqjwl,7,4,hawkfj64,10,0,5120,16.67046145293873
i9jiqjwl,8,0,vc2whyaq,37,1024,5632,17.766286895445795
i9jiqjwl,8,1,hawkfj64,11,0,5632,19.745116851303745
i9jiqjwl,8,2,vc2whyaq,42,1536,1536,19.83861011887855
i9jiqjwl,8,3,cfe5vt7s,6,0,3072,19.863218685237793
i9jiqjwl,8,4,vc2whyaq,2,0,1024,20.506948751843737
i9jiqjwl,9,0,pl8uabbv,51,1536,6144,17.86080042532326
i9jiqjwl,9,1,cfe5vt7s,7,0,3584,18.41584804250662
i9jiqjwl,9,2,9luzk4jm,51,1536,6144,18.732913939840977
i9jiqjwl,9,3,pl8uabbv,37,1024,5632,19.15627867148116
i9jiqjwl,9,4,x77cy643,24,512,5632,19.288654276959587
i9jiqjwl,10,0,x77cy643,51,1536,6144,16.77390144770925
i9jiqjwl,10,1,x77cy643,24,512,5632,17.062858005758212
i9jiqjwl,10,2,cfe5vt7s,30,1024,2048,17.533841496704852
i9jiqjwl,10,3,cfe5vt7s,5,0,2560,17.53959621379263
i9jiqjwl,10,4,x77cy643,25,512,6144,18.154808442113683
i9jiqjwl,11,0,hawkfj64,11,0,5632,18.113940262933525
i9jiqjwl,11,1,x77cy643,8,0,4096,20.245983639159572
i9jiqjwl,11,2,utfgcjfa,30,1024,2048,20.27778656880196
i9jiqjwl,11,3,pl8uabbv,4,0,2048,20.34766286668517
i9jiqjwl,11,4,cfe5vt7s,6,0,3072,20.58159366946009
i9jiqjwl,12,0,hzumfsms,37,1024,5632,13.757334077745668
i9jiqjwl,12,1,mgxahqnk,8,0,4096,14.705796285215673
i9jiqjwl,12,2,hzumfsms,32,1024,3072,15.014782191248516
i9jiqjwl,12,3,0grcilhi,5,0,2560,15.084154656881143
i9jiqjwl,12,4,0grcilhi,20,512,3584,15.091663462885363
i9jiqjwl,13,0,ptg8lmto,16,512,1536,13.929372006953056
i9jiqjwl,13,1,utfgcjfa,8,0,4096,14.08122354070561
i9jiqjwl,13,2,utfgcjfa,31,1024,2560,14.8959581802093
i9jiqjwl,13,3,utfgcjfa,36,1024,5120,14.99793647836199
i9jiqjwl,13,4,cfe5vt7s,13,512,0,15.339382147216034
i9jiqjwl,14,0,utfgcjfa,36,1024,5120,16.589617258292453
i9jiqjwl,14,1,ptg8lmto,16,512,1536,17.27092125687792
i9jiqjwl,14,2,utfgcjfa,8,0,4096,17.2944804821791
i9jiqjwl,14,3,cfe5vt7s,13,512,0,17.659505587568447
i9jiqjwl,14,4,vc2whyaq,48,1536,4608,19.596875734207046
i9jiqjwl,15,0,pl8uabbv,24,512,5632,14.476728946624778
i9jiqjwl,15,1,vc2whyaq,12,0,6144,17.26047150849644
i9jiqjwl,15,2,pl8uabbv,27,1024,512,17.34232057910748
i9jiqjwl,15,3,71vgq3fw,25,512,6144,17.503649787212236
i9jiqjwl,15,4,0grcilhi,14,512,512,17.666457111376403
i9jiqjwl,16,0,utfgcjfa,35,1024,4608,13.790354954471896
i9jiqjwl,16,1,xgj4xftb,16,512,1536,13.957796329939985
i9jiqjwl,16,2,vc2whyaq,12,0,6144,14.40021163831747
i9jiqjwl,16,3,pl8uabbv,17,512,2048,14.542291058357504
i9jiqjwl,16,4,pl8uabbv,44,1536,2560,14.633958072398164
i9jiqjwl,17,0,pl8uabbv,41,1536,1024,16.40116975019773
i9jiqjwl,17,1,vc2whyaq,10,0,5120,18.522757903903656
i9jiqjwl,17,2,cfe5vt7s,49,1536,5120,19.0164354300111
i9jiqjwl,17,3,vc2whyaq,26,1024,0,19.11522246857778
i9jiqjwl,17,4,pl8uabbv,24,512,5632,19.58805859768839
i9jiqjwl,18,0,utfgcjfa,15,512,1024,11.368404105333076
i9jiqjwl,18,1,vc2whyaq,51,1536,6144,14.061496201509147
i9jiqjwl,18,2,cfe5vt7s,43,1536,2048,14.084818825599058
i9jiqjwl,18,3,x77cy643,17,512,2048,14.209541728844533
i9jiqjwl,18,4,vc2whyaq,40,1536,512,14.540096325762992
i9jiqjwl,19,0,pl8uabbv,41,1536,1024,13.065147043196507
i9jiqjwl,19,1,pl8uabbv,33,1024,3584,13.592906310717316
i9jiqjwl,19,2,x77cy643,12,0,6144,13.919837131191617
i9jiqjwl,19,3,ufdvpb81,32,1024,3072,13.925349966883944
i9jiqjwl,19,4,utfgcjfa,31,1024,2560,14.316008302345729
i9jiqjwl,20,0,vc2whyaq,33,1024,3584,14.24696081727553
i9jiqjwl,20,1,cfe5vt7s,26,1024,0,14.380899522513227
i9jiqjwl,20,2,ufdvpb81,30,1024,2048,14.51260360193602
i9jiqjwl,20,3,vc2whyaq,19,512,3072,14.569549714429025
i9jiqjwl,20,4,cfe5vt7s,43,1536,2048,15.131656891373517
i9jiqjwl,21,0,utfgcjfa,2,0,1024,12.929016717489418
i9jiqjwl,21,1,hzumfsms,45,1536,3072,14.085248935277145
i9jiqjwl,21,2,kbdh4tri,51,1536,6144,14.1498655757379
i9jiqjwl,21,3,71vgq3fw,25,512,6144,14.223656198501216
i9jiqjwl,21,4,pl8uabbv,19,512,3072,14.243600939965221
i9jiqjwl,22,0,cfe5vt7s,22,512,4608,14.76166022890073
i9jiqjwl,22,1,utfgcjfa,23,512,5120,15.726755656928878
i9jiqjwl,22,2,x77cy643,5,0,2560,15.84235752129791
i9jiqjwl,22,3,cfe5vt7s,14,512,512,16.3541757788837
i9jiqjwl,22,4,vc2whyaq,20,512,3584,16.376872122303617
i9jiqjwl,23,0,pl8uabbv,41,1536,1024,14.146081878223454
i9jiqjwl,23,1,ufdvpb81,20,512,3584,14.904480586023451
i9jiqjwl,23,2,x77cy643,12,0,6144,15.935080774335765
i9jiqjwl,23,3,vc2whyaq,24,512,5632,16.003248401005738
i9jiqjwl,23,4,x77cy643,16,512,1536,16.58328783780379
i9jiqjwl,24,0,cfe5vt7s,21,512,4096,14.240445771871556
i9jiqjwl,24,1,utfgcjfa,40,1536,512,14.587522588292103
i9jiqjwl,24,2,utfgcjfa,31,1024,2560,14.922553104458604
i9jiqjwl,24,3,cfe5vt7s,45,1536,3072,15.096169698508776
i9jiqjwl,24,4,utfgcjfa,29,1024,1536,15.773301062444494
i9jiqjwl,25,0,pl8uabbv,43,1536,2048,13.32906117363931
i9jiqjwl,25,1,cfe5vt7s,41,1536,1024,14.896943134337533
i9jiqjwl,25,2,utfgcjfa,22,512,4608,14.960425097460973
i9jiqjwl,25,3,pl8uabbv,33,1024,3584,14.980392225022118
i9jiqjwl,25,4,cfe5vt7s,43,1536,2048,15.024712547731555
i9jiqjwl,26,0,pl8uabbv,40,1536,512,12.01324966850048
i9jiqjwl,26,1,71vgq3fw,25,512,6144,14.209217610782844
i9jiqjwl,26,2,ufdvpb81,17,512,2048,15.070582988509369
i9jiqjwl,26,3,hzumfsms,46,1536,3584,15.093496496120032
i9jiqjwl,26,4,hzumfsms,45,1536,3072,16.001249076246076
i9jiqjwl,27,0,hzumfsms,45,1536,3072,14.954088104057202
i9jiqjwl,27,1,cfe5vt7s,0,0,0,15.404712789719852
i9jiqjwl,27,2,vc2whyaq,45,1536,3072,16.06154023562849
i9jiqjwl,27,3,x7u69zsw,28,1024,1024,16.147589847111206
i9jiqjwl,27,4,xgj4xftb,8,0,4096,16.171071443161203
i9jiqjwl,28,0,ufdvpb81,32,1024,3072,11.816367562425969
i9jiqjwl,28,1,pl8uabbv,41,1536,1024,12.334140064265503
i9jiqjwl,28,2,pl8uabbv,24,512,5632,13.74158344149529
i9jiqjwl,28,3,x77cy643,27,1024,512,14.798003673260869
i9jiqjwl,28,4,utfgcjfa,31,1024,2560,14.872453131473048
i9jiqjwl,29,0,x77cy643,48,1536,4608,13.521441679703116
i9jiqjwl,29,1,x77cy643,26,1024,0,13.653981276292512
i9jiqjwl,29,2,71vgq3fw,14,512,512,13.91976553605739
i9jiqjwl,29,3,ufdvpb81,31,1024,2560,14.199208778858456
i9jiqjwl,29,4,ptg8lmto,26,1024,0,14.478625019556704
i9jiqjwl,30,0,ptg8lmto,22,512,4608,14.092558072808849
i9jiqjwl,30,1,ptg8lmto,7,0,3584,14.235863635299923
i9jiqjwl,30,2,9luzk4jm,4,0,2048,14.682084223019839
i9jiqjwl,30,3,ufdvpb81,17,512,2048,14.967322023723005
i9jiqjwl,30,4,tuy3zymq,48,1536,4608,16.23321739590534
i9jiqjwl,31,0,ufdvpb81,16,512,1536,13.811054844452183
i9jiqjwl,31,1,ufdvpb81,31,1024,2560,16.07035277267874
i9jiqjwl,31,2,cfe5vt7s,25,512,6144,16.747130751050527
i9jiqjwl,31,3,ufdvpb81,34,1024,4096,16.95831054910824
i9jiqjwl,31,4,pl8uabbv,47,1536,4096,17.628180308190554
i9jiqjwl,32,0,x77cy643,47,1536,4096,14.391482749420776
i9jiqjwl,32,1,ufdvpb81,34,1024,4096,15.677347697345844
i9jiqjwl,32,2,ufdvpb81,1,0,512,15.684299019038702
i9jiqjwl,32,3,9luzk4jm,11,0,5632,15.749254440117216
i9jiqjwl,32,4,utfgcjfa,35,1024,4608,16.571372186481444
i9jiqjwl,33,0,vc2whyaq,21,512,4096,13.362233872625804
i9jiqjwl,33,1,vc2whyaq,16,512,1536,13.807790649954097
i9jiqjwl,33,2,pl8uabbv,47,1536,4096,14.853224603239605
i9jiqjwl,33,3,hzumfsms,26,1024,0,14.915723139850517
i9jiqjwl,33,4,utfgcjfa,31,1024,2560,15.330715463306033
i9jiqjwl,34,0,cfe5vt7s,42,1536,1536,14.559848593576225
i9jiqjwl,34,1,utfgcjfa,19,512,3072,14.908027898869
i9jiqjwl,34,2,cfe5vt7s,14,512,512,14.985430346734393
i9jiqjwl,34,3,ptg8lmto,31,1024,2560,15.303524228933629
i9jiqjwl,34,4,cfe5vt7s,33,1024,3584,15.424337978440457
i9jiqjwl,35,0,pl8uabbv,41,1536,1024,13.644253674018014
i9jiqjwl,35,1,ufdvpb81,20,512,3584,14.630320492971924
i9jiqjwl,35,2,utfgcjfa,35,1024,4608,14.721599461787577
i9jiqjwl,35,3,ufdvpb81,10,0,5120,14.834515326765075
i9jiqjwl,35,4,vc2whyaq,21,512,4096,15.23832855274956
i9jiqjwl,36,0,vc2whyaq,19,512,3072,14.377782332184866
i9jiqjwl,36,1,vc2whyaq,33,1024,3584,14.943438545600712
i9jiqjwl,36,2,utfgcjfa,15,512,1024,15.017566557709374
i9jiqjwl,36,3,vc2whyaq,29,1024,1536,15.275241470343028
i9jiqjwl,36,4,ufdvpb81,2,0,1024,16.179731937017877
i9jiqjwl,37,0,vc2whyaq,14,512,512,13.60242500690773
i9jiqjwl,37,1,vc2whyaq,20,512,3584,14.518765121848215
i9jiqjwl,37,2,x77cy643,35,1024,4608,15.279592777789274
i9jiqjwl,37,3,vc2whyaq,29,1024,1536,15.701651884265674
i9jiqjwl,37,4,hzumfsms,49,1536,5120,15.976255154473652
i9jiqjwl,38,0,utfgcjfa,15,512,1024,12.386437165533652
i9jiqjwl,38,1,vc2whyaq,21,512,4096,14.707043851009924
i9jiqjwl,38,2,x77cy643,33,1024,3584,15.128577022731289
i9jiqjwl,38,3,pl8uabbv,47,1536,4096,15.176718118832268
i9jiqjwl,38,4,ufdvpb81,31,1024,2560,15.667519952609132
i9jiqjwl,39,0,cfe5vt7s,50,1536,5632,15.604978445241949
i9jiqjwl,39,1,71vgq3fw,30,1024,2048,16.530953371928316
i9jiqjwl,39,2,utfgcjfa,9,0,4608,16.973889668506743
i9jiqjwl,39,3,9luzk4jm,39,1536,0,16.998409595646052
i9jiqjwl,39,4,hawkfj64,16,512,1536,17.31663874642136
i9jiqjwl,40,0,hawkfj64,19,512,3072,17.005308898167243
i9jiqjwl,40,1,x77cy643,43,1536,2048,17.43369401461898
i9jiqjwl,40,2,ufdvpb81,46,1536,3584,18.082536585553168
i9jiqjwl,40,3,hzumfsms,41,1536,1024,18.714132982498995
i9jiqjwl,40,4,ufdvpb81,48,1536,4608,19.04618864150451
i9jiqjwl,41,0,ufdvpb81,15,512,1024,16.00709545375178
i9jiqjwl,41,1,vc2whyaq,26,1024,0,16.781268256226202
i9jiqjwl,41,2,pl8uabbv,12,0,6144,16.87607525685936
i9jiqjwl,41,3,vc2whyaq,10,0,5120,16.888844816177553
i9jiqjwl,41,4,x77cy643,33,1024,3584,17.368483802281915
i9jiqjwl,42,0,vc2whyaq,24,512,5632,11.673349211847484
i9jiqjwl,42,1,vc2whyaq,26,1024,0,15.21911993915443
i9jiqjwl,42,2,utfgcjfa,0,0,0,15.827858471364753
i9jiqjwl,42,3,vc2whyaq,23,512,5120,16.031307343085953
i9jiqjwl,42,4,xgj4xftb,16,512,1536,16.45261411893313
i9jiqjwl,43,0,ufdvpb81,7,0,3584,13.840651286167766
i9jiqjwl,43,1,hzumfsms,51,1536,6144,14.058577763575427
i9jiqjwl,43,2,cfe5vt7s,25,512,6144,14.820919765791892
i9jiqjwl,43,3,vc2whyaq,45,1536,3072,15.022917572720713
i9jiqjwl,43,4,xgj4xftb,8,0,4096,15.464569063366687
i9jiqjwl,44,0,ufdvpb81,31,1024,2560,16.122389934921774
i9jiqjwl,44,1,pl8uabbv,33,1024,3584,16.85178354758054
i9jiqjwl,44,2,pl8uabbv,16,512,1536,16.964542913025028
i9jiqjwl,44,3,vc2whyaq,21,512,4096,17.24230797272138
i9jiqjwl,44,4,utfgcjfa,35,1024,4608,17.621807642944418
i9jiqjwl,45,0,71vgq3fw,44,1536,2560,17.35098793367792
i9jiqjwl,45,1,ufdvpb81,10,0,5120,17.647994248570324
i9jiqjwl,45,2,xgj4xftb,4,0,2048,18.63147414452314
i9jiqjwl,45,3,tuy3zymq,23,512,5120,19.087408682409936
i9jiqjwl,45,4,utfgcjfa,35,1024,4608,19.324234591552965
i9jiqjwl,46,0,utfgcjfa,2,0,1024,14.813807777205085
i9jiqjwl,46,1,pl8uabbv,17,512,2048,14.88052710363333
i9jiqjwl,46,2,pl8uabbv,40,1536,512,15.257209241365326
i9jiqjwl,46,3,mgxahqnk,20,512,3584,16.071160288981016
i9jiqjwl,46,4,ufdvpb81,10,0,5120,16.339763421868586
i9jiqjwl,47,0,pl8uabbv,41,1536,1024,14.359296946248756
i9jiqjwl,47,1,x77cy643,33,1024,3584,14.637073175400719
i9jiqjwl,47,2,ufdvpb81,50,1536,5632,15.675226502484042
i9jiqjwl,47,3,utfgcjfa,15,512,1024,15.830000006682797
i9jiqjwl,47,4,cfe5vt7s,29,1024,1536,15.950697400106794
i9jiqjwl,48,0,x77cy643,33,1024,3584,16.881428251283353
i9jiqjwl,48,1,pl8uabbv,24,512,5632,17.354559467781172
i9jiqjwl,48,2,pl8uabbv,38,1024,6144,17.43543695431873
i9jiqjwl,48,3,ufdvpb81,32,1024,3072,17.621479178968936
i9jiqjwl,48,4,cfe5vt7s,29,1024,1536,18.183569530146574
i9jiqjwl,49,0,pl8uabbv,10,0,5120,14.751201643047038
i9jiqjwl,49,1,ptg8lmto,23,512,5120,14.984709551271962
i9jiqjwl,49,2,71vgq3fw,34,1024,4096,15.66954104429769
i9jiqjwl,49,3,ufdvpb81,34,1024,4096,15.809131725408543
i9jiqjwl,49,4,x77cy643,47,1536,4096,15.903683810079
i9jiqjwl,50,0,ptg8lmto,7,0,3584,12.608772032574496
i9jiqjwl,50,1,kbdh4tri,18,512,2560,13.321407864901294
i9jiqjwl,50,2,kbdh4tri,21,512,4096,13.978164033240263
i9jiqjwl,50,3,kbdh4tri,19,512,3072,14.229021512794525
i9jiqjwl,50,4,ptg8lmto,30,1024,2048,14.438893034268721
i9jiqjwl,51,0,utfgcjfa,1,0,512,15.095331357254961
i9jiqjwl,51,1,utfgcjfa,35,1024,4608,15.10262786581026
i9jiqjwl,51,2,ptg8lmto,24,512,5632,15.125993053445042
i9jiqjwl,51,3,kbdh4tri,30,1024,2048,15.28345515425526
i9jiqjwl,51,4,pl8uabbv,29,1024,1536,15.545103991776799
r17byphk,0,0,cfe5vt7s,47,1536,4096,12.573569200820254
r17byphk,0,1,utfgcjfa,40,1536,512,13.327689525664853
r17byphk,0,2,utfgcjfa,21,512,4096,13.485090900198683
r17byphk,0,3,xgj4xftb,2,0,1024,13.98559496041673
r17byphk,0,4,utfgcjfa,11,0,5632,14.004226422827717
r17byphk,1,0,utfgcjfa,9,0,4608,16.09667019479048
r17byphk,1,1,pl8uabbv,45,1536,3072,16.405142138756425
r17byphk,1,2,pl8uabbv,46,1536,3584,16.49815408623129
r17byphk,1,3,pl8uabbv,17,512,2048,16.51920662675489
r17byphk,1,4,kbdh4tri,4,0,2048,16.818079984508852
r17byphk,2,0,tuy3zymq,15,512,1024,13.594721141563891
r17byphk,2,1,xgj4xftb,2,0,1024,13.596396439068016
r17byphk,2,2,kbdh4tri,34,1024,4096,14.514334253382469
r17byphk,2,3,utfgcjfa,11,0,5632,14.788954355523984
r17byphk,2,4,tuy3zymq,14,512,512,14.829423527866913
r17byphk,3,0,71vgq3fw,44,1536,2560,13.415591332566336
r17byphk,3,1,x7u69zsw,14,512,512,13.906091104583236
r17byphk,3,2,vc2whyaq,12,0,6144,14.089633449776434
r17byphk,3,3,x7u69zsw,41,1536,1024,15.376104867230323
r17byphk,3,4,71vgq3fw,25,512,6144,15.466058757300946
r17byphk,4,0,utfgcjfa,17,512,2048,15.554845132055709
r17byphk,4,1,xgj4xftb,2,0,1024,16.412661764194183
r17byphk,4,2,kbdh4tri,48,1536,4608,16.784858863406683
r17byphk,4,3,0grcilhi,12,0,6144,16.96113817720068
r17byphk,4,4,utfgcjfa,5,0,2560,17.10682203335756
r17byphk,5,0,ptg8lmto,10,0,5120,11.633977768459808
r17byphk,5,1,ptg8lmto,30,1024,2048,13.306481561951273
r17byphk,5,2,xgj4xftb,34,1024,4096,13.593366923698209
r17byphk,5,3,ptg8lmto,7,0,3584,13.841131962895554
r17byphk,5,4,xgj4xftb,28,1024,1024,13.98995608940793
r17byphk,6,0,x7u69zsw,48,1536,4608,12.829623118162141
r17byphk,6,1,x7u69zsw,5,0,2560,14.008008095820484
r17byphk,6,2,tuy3zymq,34,1024,4096,14.545010658407733
r17byphk,6,3,ufdvpb81,50,1536,5632,14.938271704232612
r17byphk,6,4,71vgq3fw,11,0,5632,15.100690309811139
r17byphk,7,0,pl8uabbv,40,1536,512,10.442187006867117
r17byphk,7,1,pl8uabbv,21,512,4096,12.352766224496294
r17byphk,7,2,xgj4xftb,33,1024,3584,12.660571365932604
r17byphk,7,3,x7u69zsw,26,1024,0,12.72760452112203
r17byphk,7,4,ptg8lmto,22,512,4608,12.990020526932714
r17byphk,8,0,ufdvpb81,10,0,5120,11.211724749611001
r17byphk,8,1,utfgcjfa,8,0,4096,15.406338743209497
r17byphk,8,2,x77cy643,11,0,5632,15.412204926199882
r17byphk,8,3,x77cy643,27,1024,512,15.681386804188953
r17byphk,8,4,71vgq3fw,25,512,6144,15.693552718558891
r17byphk,9,0,xgj4xftb,2,0,1024,11.746223433793647
r17byphk,9,1,kbdh4tri,48,1536,4608,12.418730823722441
r17byphk,9,2,utfgcjfa,17,512,2048,14.094538379502865
r17byphk,9,3,tuy3zymq,14,512,512,14.212872178250077
r17byphk,9,4,ptg8lmto,21,512,4096,14.672931652075592
r17byphk,10,0,x7u69zsw,16,512,1536,12.684922361131889
r17byphk,10,1,utfgcjfa,0,0,0,14.189111578823008
r17byphk,10,2,vc2whyaq,45,1536,3072,14.824910735845537
r17byphk,10,3,xgj4xftb,4,0,2048,15.030049648384402
r17byphk,10,4,vc2whyaq,24,512,5632,15.899080941222612
r17byphk,11,0,x77cy643,32,1024,3072,10.753797320628966
r17byphk,11,1,utfgcjfa,40,1536,512,12.575692099453844
r17byphk,11,2,vc2whyaq,47,1536,4096,12.8165760632169
r17byphk,11,3,9luzk4jm,32,1024,3072,13.14826000418143
r17byphk,11,4,cfe5vt7s,47,1536,4096,13.177358525300498
r17byphk,12,0,ptg8lmto,23,512,5120,10.451296338321834
r17byphk,12,1,x77cy643,41,1536,1024,12.484301186917415
r17byphk,12,2,9luzk4jm,47,1536,4096,12.990029185094304
r17byphk,12,3,pl8uabbv,0,0,0,13.183222627005405
r17byphk,12,4,kbdh4tri,27,1024,512,13.200433612455862
r17byphk,13,0,vc2whyaq,37,1024,5632,13.5327236856304
r17byphk,13,1,ptg8lmto,33,1024,3584,15.12815251028304
r17byphk,13,2,utfgcjfa,22,512,4608,15.572772803125023
r17byphk,13,3,utfgcjfa,49,1536,5120,15.892331275019636
r17byphk,13,4,utfgcjfa,16,512,1536,16.14471363685315
r17byphk,14,0,cfe5vt7s,46,1536,3584,16.959417542126715
r17byphk,14,1,hzumfsms,31,1024,2560,19.20985810026973
r17byphk,14,2,ufdvpb81,47,1536,4096,19.847162673177937
r17byphk,14,3,cfe5vt7s,38,1024,6144,20.18401023344753
r17byphk,14,4,pl8uabbv,16,512,1536,20.418684632827045
r17byphk,15,0,vc2whyaq,33,1024,3584,18.081788124045403
r17byphk,15,1,cfe5vt7s,30,1024,2048,18.430935547698155
r17byphk,15,2,9luzk4jm,14,512,512,18.456402979032507
r17byphk,15,3,utfgcjfa,27,1024,512,18.643595205388056
r17byphk,15,4,hzumfsms,6,0,3072,18.64735972744645
r17byphk,16,0,tuy3zymq,14,512,512,13.540824270476453
r17byphk,16,1,x77cy643,17,512,2048,14.718110285731134
r17byphk,16,2,ufdvpb81,12,0,6144,14.978135866094297
r17byphk,16,3,utfgcjfa,11,0,5632,15.165299429476061
r17byphk,16,4,cfe5vt7s,28,1024,1024,15.210485001459931
r17byphk,17,0,utfgcjfa,40,1536,512,14.844092091642217
r17byphk,17,1,pl8uabbv,28,1024,1024,14.918226544673377
r17byphk,17,2,utfgcjfa,29,1024,1536,14.991249650399435
r17byphk,17,3,x77cy643,22,512,4608,15.365449777667205
r17byphk,17,4,pl8uabbv,47,1536,4096,15.421518410915494
r17byphk,18,0,x77cy643,5,0,2560,15.106564561932919
r17byphk,18,1,mgxahqnk,28,1024,1024,15.292177750404711
r17byphk,18,2,pl8uabbv,28,1024,1024,15.391762000106905
r17byphk,18,3,cfe5vt7s,20,512,3584,15.858928979272557
r17byphk,18,4,tuy3zymq,16,512,1536,15.893571444098102
r17byphk,19,0,x77cy643,33,1024,3584,13.637501913107048
r17byphk,19,1,ptg8lmto,17,512,2048,14.01787351048961
r17byphk,19,2,x77cy643,45,1536,3072,14.4038364607472
r17byphk,19,3,pl8uabbv,33,1024,3584,14.573978949438864
r17byphk,19,4,kbdh4tri,23,512,5120,14.98259985503499
r17byphk,20,0,cfe5vt7s,22,512,4608,13.116112970754473
r17byphk,20,1,9luzk4jm,51,1536,6144,13.521909896340404
r17byphk,20,2,hzumfsms,41,1536,1024,13.962427689279862
r17byphk,20,3,vc2whyaq,20,512,3584,14.243806362057677
r17byphk,20,4,utfgcjfa,50,1536,5632,14.382570269677398
r17byphk,21,0,9luzk4jm,49,1536,5120,14.523556204927578
r17byphk,21,1,cfe5vt7s,23,512,5120,17.09930790961421
r17byphk,21,2,9luzk4jm,41,1536,1024,17.183799462204732
r17byphk,21,3,cfe5vt7s,1,0,512,17.612481913197893
r17byphk,21,4,cfe5vt7s,22,512,4608,17.988323852111165
r17byphk,22,0,pl8uabbv,42,1536,1536,16.860603470572674
r17byphk,22,1,pl8uabbv,45,1536,3072,16.971346849262144
r17byphk,22,2,0grcilhi,36,1024,5120,17.227215200360884
r17byphk,22,3,pl8uabbv,47,1536,4096,17.38470736514047
r17byphk,22,4,cfe5vt7s,19,512,3072,17.555732859390144
r17byphk,23,0,mgxahqnk,23,512,5120,13.355794768919084
r17byphk,23,1,hzumfsms,37,1024,5632,15.677972628610958
r17byphk,23,2,ufdvpb81,27,1024,512,15.733320211339183
r17byphk,23,3,mgxahqnk,38,1024,6144,16.17126863800133
r17byphk,23,4,cfe5vt7s,48,1536,4608,16.68513870569555
r17byphk,24,0,cfe5vt7s,37,1024,5632,16.027820752385818
r17byphk,24,1,vc2whyaq,20,512,3584,16.162649978569554
r17byphk,24,2,ufdvpb81,38,1024,6144,16.201247375721174
r17byphk,24,3,x77cy643,35,1024,4608,16.336940188306766
r17byphk,24,4,cfe5vt7s,31,1024,2560,17.026743855292025
r17byphk,25,0,9luzk4jm,21,512,4096,13.616642548433955
r17byphk,25,1,vc2whyaq,45,1536,3072,14.275704551930165
r17byphk,25,2,hzumfsms,14,512,512,14.698277097416419
r17byphk,25,3,cfe5vt7s,42,1536,1536,14.792817110456825
r17byphk,25,4,9luzk4jm,24,512,5632,15.04988976940209
r17byphk,26,0,cfe5vt7s,30,1024,2048,13.09706217965716
r17byphk,26,1,x77cy643,28,1024,1024,15.895396336286712
r17byphk,26,2,cfe5vt7s,19,512,3072,16.77721417604634
r17byphk,26,3,cfe5vt7s,28,1024,1024,16.86871512469472
r17byphk,26,4,vc2whyaq,33,1024,3584,17.165652961479648
r17byphk,27,0,ptg8lmto,10,0,5120,16.121100813538096
r17byphk,27,1,vc2whyaq,42,1536,1536,16.558393165539673
r17byphk,27,2,pl8uabbv,48,1536,4608,16.903639751455064
r17byphk,27,3,utfgcjfa,38,1024,6144,17.00487839216765
r17byphk,27,4,x77cy643,47,1536,4096,17.482974815891527
r17byphk,28,0,9luzk4jm,27,1024,512,12.563500116020315
r17byphk,28,1,pl8uabbv,48,1536,4608,13.731194505017257
r17byphk,28,2,mgxahqnk,26,1024,0,13.745753935091264
r17byphk,28,3,ptg8lmto,22,512,4608,14.249505692560014
r17byphk,28,4,ptg8lmto,34,1024,4096,14.847615844398634
r17byphk,29,0,cfe5vt7s,23,512,5120,12.51923870770299
r17byphk,29,1,cfe5vt7s,27,1024,512,13.892098768341981
r17byphk,29,2,vc2whyaq,29,1024,1536,14.195229699937164
r17byphk,29,3,cfe5vt7s,30,1024,2048,14.474667105927885
r17byphk,29,4,hzumfsms,10,0,5120,14.50433572262122
r17byphk,30,0,cfe5vt7s,29,1024,1536,12.054606721978486
r17byphk,30,1,utfgcjfa,15,512,1024,12.688985593815488
r17byphk,30,2,vc2whyaq,17,512,2048,13.107527181544627
r17byphk,30,3,vc2whyaq,33,1024,3584,13.28751130168101
r17byphk,30,4,hzumfsms,33,1024,3584,13.818301291993954
r17byphk,31,0,vc2whyaq,44,1536,2560,14.567209847731913
r17byphk,31,1,x77cy643,10,0,5120,15.378961358394994
r17byphk,31,2,cfe5vt7s,30,1024,2048,15.990499307033248
r17byphk,31,3,vc2whyaq,33,1024,3584,16.00081399784323
r17byphk,31,4,cfe5vt7s,27,1024,512,16.246924718627213
r17byphk,32,0,vc2whyaq,47,1536,4096,14.59674904896937
r17byphk,32,1,pl8uabbv,39,1536,0,14.613114549228722
r17byphk,32,2,cfe5vt7s,21,512,4096,15.123688941389068
r17byphk,32,3,ufdvpb81,39,1536,0,15.499718730095458
r17byphk,32,4,ufdvpb81,40,1536,512,15.846176549775056
r17byphk,33,0,vc2whyaq,51,1536,6144,12.582660965696812
r17byphk,33,1,vc2whyaq,16,512,1536,13.110169931040454
r17byphk,33,2,hzumfsms,27,1024,512,13.349089278406797
r17byphk,33,3,utfgcjfa,15,512,1024,13.411318408245126
r17byphk,33,4,utfgcjfa,10,0,5120,14.481002794987464
r17byphk,34,0,hzumfsms,13,512,0,12.02597949508494
r17byphk,34,1,pl8uabbv,29,1024,1536,12.889195357716348
r17byphk,34,2,ufdvpb81,34,1024,4096,13.461851930715175
r17byphk,34,3,hzumfsms,18,512,2560,13.633957330253814
r17byphk,34,4,cfe5vt7s,51,1536,6144,13.810222084248602
r17byphk,35,0,ufdvpb81,21,512,4096,11.863555844251456
r17byphk,35,1,cfe5vt7s,16,512,1536,12.049975776056687
r17byphk,35,2,ufdvpb81,0,0,0,13.517899533529993
r17byphk,35,3,ufdvpb81,34,1024,4096,13.779142559124658
r17byphk,35,4,vc2whyaq,39,1536,0,14.396567744308092
r17byphk,36,0,hzumfsms,39,1536,0,19.36579353964955
r17byphk,36,1,vc2whyaq,37,1024,5632,19.466794389185125
r17byphk,36,2,pl8uabbv,26,1024,0,19.631426020119576
r17byphk,36,3,vc2whyaq,13,512,0,20.17198335625415
r17byphk,36,4,cfe5vt7s,49,1536,5120,20.247850241046986
r17byphk,37,0,vc2whyaq,29,1024,1536,15.418335594899798
r17byphk,37,1,utfgcjfa,10,0,5120,16.53446395089856
r17byphk,37,2,hzumfsms,10,0,5120,16.62238631998301
r17byphk,37,3,cfe5vt7s,31,1024,2560,16.770138769840216
r17byphk,37,4,x7u69zsw,31,1024,2560,17.012253389138582
r17byphk,38,0,cfe5vt7s,28,1024,1024,11.358754518779852
r17byphk,38,1,vc2whyaq,33,1024,3584,13.665977212841886
r17byphk,38,2,cfe5vt7s,29,1024,1536,13.984215486815403
r17byphk,38,3,hzumfsms,27,1024,512,14.745018113583507
r17byphk,38,4,9luzk4jm,51,1536,6144,15.403065125856493
r17byphk,39,0,cfe5vt7s,30,1024,2048,12.871532036796681
r17byphk,39,1,pl8uabbv,47,1536,4096,13.627030369038033
r17byphk,39,2,utfgcjfa,15,512,1024,13.915833755774837
r17byphk,39,3,ufdvpb81,9,0,4608,14.02269661305103
r17byphk,39,4,cfe5vt7s,25,512,6144,14.20519662175889
r17byphk,40,0,cfe5vt7s,45,1536,3072,14.835681308975646
r17byphk,40,1,pl8uabbv,15,512,1024,16.946110392875273
r17byphk,40,2,cfe5vt7s,20,512,3584,17.435102555608456
r17byphk,40,3,pl8uabbv,24,512,5632,17.437534326834633
r17byphk,40,4,vc2whyaq,13,512,0,17.563060829614745
r17byphk,41,0,hzumfsms,45,1536,3072,12.462084314940421
r17byphk,41,1,hzumfsms,13,512,0,13.06638511537438
r17byphk,41,2,xgj4xftb,8,0,4096,14.024501543185927
r17byphk,41,3,x7u69zsw,28,1024,1024,14.271327007944826
r17byphk,41,4,71vgq3fw,25,512,6144,14.319232125213817
r17byphk,42,0,71vgq3fw,38,1024,6144,13.164401521411724
r17byphk,42,1,ufdvpb81,0,0,0,13.245301595116308
r17byphk,42,2,hzumfsms,48,1536,4608,13.836496485320868
r17byphk,42,3,pl8uabbv,0,0,0,14.074172529075124
r17byphk,42,4,vc2whyaq,39,1536,0,14.433625408538388
r17byphk,43,0,ufdvpb81,4,0,2048,16.167289096608453
r17byphk,43,1,ptg8lmto,1,0,512,16.83257321081324
r17byphk,43,2,x77cy643,30,1024,2048,17.173070538326556
r17byphk,43,3,cfe5vt7s,43,1536,2048,17.56789942230723
r17byphk,43,4,cfe5vt7s,42,1536,1536,17.816300806008492
r17byphk,44,0,vc2whyaq,50,1536,5632,13.31973660207509
r17byphk,44,1,vc2whyaq,39,1536,0,15.910730789632037
r17byphk,44,2,0grcilhi,29,1024,1536,16.215263079395957
r17byphk,44,3,ufdvpb81,18,512,2560,17.735260848621575
r17byphk,44,4,cfe5vt7s,33,1024,3584,17.76814958599991
r17byphk,45,0,x77cy643,34,1024,4096,13.693943074574339
r17byphk,45,1,cfe5vt7s,37,1024,5632,13.708124150856056
r17byphk,45,2,cfe5vt7s,26,1024,0,14.08942412806877
r17byphk,45,3,mgxahqnk,8,0,4096,14.303156539505716
r17byphk,45,4,x77cy643,28,1024,1024,14.38822574615389
r17byphk,46,0,mgxahqnk,8,0,4096,15.038345254437614
r17byphk,46,1,x77cy643,35,1024,4608,16.4984323025585
r17byphk,46,2,cfe5vt7s,19,512,3072,16.61621633709111
r17byphk,46,3,hzumfsms,41,1536,1024,17.055074130265723
r17byphk,46,4,ufdvpb81,38,1024,6144,17.308578413529975
r17byphk,47,0,ufdvpb81,21,512,4096,13.198584036995062
r17byphk,47,1,ufdvpb81,35,1024,4608,14.264384091385502
r17byphk,47,2,vc2whyaq,17,512,2048,14.320403121802693
r17byphk,47,3,utfgcjfa,18,512,2560,15.475189110356142
r17byphk,47,4,vc2whyaq,39,1536,0,15.562309167457713
r17byphk,48,0,x77cy643,33,1024,3584,13.118399620930818
r17byphk,48,1,vc2whyaq,47,1536,4096,13.512934340548107
r17byphk,48,2,cfe5vt7s,37,1024,5632,13.74786632751829
r17byphk,48,3,pl8uabbv,47,1536,4096,13.788704828947967
r17byphk,48,4,cfe5vt7s,29,1024,1536,14.18661745657513
r17byphk,49,0,9luzk4jm,14,512,512,12.537944892304845
r17byphk,49,1,xgj4xftb,24,512,5632,14.481707896758001
r17byphk,49,2,ufdvpb81,35,1024,4608,14.924379340496763
r17byphk,49,3,9luzk4jm,28,1024,1024,15.182340139360258
r17byphk,49,4,cfe5vt7s,16,512,1536,15.285926368299085
r17byphk,50,0,x77cy643,34,1024,4096,12.84301748603919
r17byphk,50,1,vc2whyaq,20,512,3584,13.17538588915471
r17byphk,50,2,cfe5vt7s,28,1024,1024,13.611998391729543
r17byphk,50,3,utfgcjfa,33,1024,3584,13.768992196855717
r17byphk,50,4,tuy3zymq,29,1024,1536,14.483669842161756
r17byphk,51,0,vc2whyaq,17,512,2048,13.350074314233623
r17byphk,51,1,ufdvpb81,34,1024,4096,13.409856036394642
r17byphk,51,2,ufdvpb81,31,1024,2560,13.92069161555958
r17byphk,51,3,cfe5vt7s,43,1536,2048,14.352708098367584
r17byphk,51,4,pl8uabbv,33,1024,3584,14.57677549555831
rxax5ozo,0,0,x77cy643,41,1536,1024,12.386221143716602
rxax5ozo,0,1,9luzk4jm,16,512,1536,14.871547187203111
rxax5ozo,0,2,9luzk4jm,1,0,512,14.89350628025629
rxax5ozo,0,3,tuy3zymq,28,1024,1024,15.329527415499152
rxax5ozo,0,4,71vgq3fw,38,1024,6144,15.465410785818792
rxax5ozo,1,0,x77cy643,26,1024,0,12.751132378991683
rxax5ozo,1,1,ufdvpb81,1,0,512,13.881108050371294
rxax5ozo,1,2,pl8uabbv,33,1024,3584,15.178022346267614
rxax5ozo,1,3,ptg8lmto,38,1024,6144,15.770155249517524
rxax5ozo,1,4,x77cy643,47,1536,4096,16.073785283616235
rxax5ozo,2,0,xgj4xftb,16,512,1536,15.979210593521893
rxax5ozo,2,1,xgj4xftb,4,0,2048,15.996257566516901
rxax5ozo,2,2,utfgcjfa,16,512,1536,16.345722322832938
rxax5ozo,2,3,ufdvpb81,10,0,5120,16.71297635311011
rxax5ozo,2,4,utfgcjfa,9,0,4608,17.046104563791957
rxax5ozo,3,0,utfgcjfa,17,512,2048,12.87996605857497
rxax5ozo,3,1,utfgcjfa,47,1536,4096,13.353203600428836
rxax5ozo,3,2,hzumfsms,49,1536,5120,14.129353918586418
rxax5ozo,3,3,cfe5vt7s,47,1536,4096,14.371550860643923
rxax5ozo,3,4,x77cy643,35,1024,4608,14.404221297759456
rxax5ozo,4,0,pl8uabbv,45,1536,3072,13.93889199506476
rxax5ozo,4,1,utfgcjfa,35,1024,4608,14.065917900091844
rxax5ozo,4,2,pl8uabbv,17,512,2048,14.088691537426875
rxax5ozo,4,3,tuy3zymq,31,1024,2560,14.475227927630613
rxax5ozo,4,4,pl8uabbv,44,1536,2560,15.309487284193237
rxax5ozo,5,0,ptg8lmto,22,512,4608,13.511649144492923
rxax5ozo,5,1,pl8uabbv,34,1024,4096,13.739341353534476
rxax5ozo,5,2,pl8uabbv,40,1536,512,14.075779302474574
rxax5ozo,5,3,ptg8lmto,10,0,5120,14.310948265773279
rxax5ozo,5,4,pl8uabbv,21,512,4096,14.367673736286944
rxax5ozo,6,0,utfgcjfa,7,0,3584,11.503316784068048
rxax5ozo,6,1,ptg8lmto,10,0,5120,12.311230822788199
rxax5ozo,6,2,kbdh4tri,21,512,4096,14.388266868207745
rxax5ozo,6,3,ufdvpb81,21,512,4096,14.557057337469985
rxax5ozo,6,4,71vgq3fw,21,512,4096,14.624514542117227
rxax5ozo,7,0,hzumfsms,5,0,2560,11.542432568030343
rxax5ozo,7,1,utfgcjfa,21,512,4096,13.761210019947804
rxax5ozo,7,2,utfgcjfa,45,1536,3072,13.875020688679198
rxax5ozo,7,3,hzumfsms,49,1536,5120,14.258691527866826
rxax5ozo,7,4,ufdvpb81,50,1536,5632,14.314030743203544
rxax5ozo,8,0,71vgq3fw,24,512,5632,16.04978131281596
rxax5ozo,8,1,mgxahqnk,8,0,4096,16.360882633818438
rxax5ozo,8,2,x77cy643,40,1536,512,16.384529390928947
rxax5ozo,8,3,ufdvpb81,51,1536,6144,16.943012676072772
rxax5ozo,8,4,utfgcjfa,28,1024,1024,17.127713802246298
rxax5ozo,9,0,x77cy643,32,1024,3072,13.268518124539165
rxax5ozo,9,1,utfgcjfa,40,1536,512,13.951490940195905
rxax5ozo,9,2,9luzk4jm,32,1024,3072,14.188535977496938
rxax5ozo,9,3,utfgcjfa,31,1024,2560,14.942022575598779
rxax5ozo,9,4,ptg8lmto,4,0,2048,15.211328489251262
rxax5ozo,10,0,x77cy643,41,1536,1024,14.823766835586545
rxax5ozo,10,1,ufdvpb81,41,1536,1024,14.843583794259503
rxax5ozo,10,2,ptg8lmto,17,512,2048,15.764737338437014
rxax5ozo,10,3,x7u69zsw,2,0,1024,15.807354281962612
rxax5ozo,10,4,cfe5vt7s,13,512,0,16.202492774204234
rxax5ozo,11,0,x77cy643,17,512,2048,10.63732322405724
rxax5ozo,11,1,cfe5vt7s,33,1024,3584,12.29129179423086
rxax5ozo,11,2,vc2whyaq,29,1024,1536,12.59725148286667
rxax5ozo,11,3,utfgcjfa,15,512,1024,12.692221286862914
rxax5ozo,11,4,vc2whyaq,39,1536,0,12.756206049351071
rxax5ozo,12,0,71vgq3fw,3,0,1536,12.685381687477085
rxax5ozo,12,1,x7u69zsw,24,512,5632,14.233863420238656
rxax5ozo,12,2,pl8uabbv,28,1024,1024,15.228530131331913
rxax5ozo,12,3,9luzk4jm,10,0,5120,15.314344614539882
rxax5ozo,12,4,utfgcjfa,39,1536,0,15.525530506374547
rxax5ozo,13,0,utfgcjfa,22,512,4608,12.566025714545953
rxax5ozo,13,1,utfgcjfa,18,512,2560,12.63024939599452
rxax5ozo,13,2,cfe5vt7s,41,1536,1024,12.87181895955247
rxax5ozo,13,3,cfe5vt7s,33,1024,3584,13.219179323676538
rxax5ozo,13,4,cfe5vt7s,25,512,6144,13.682778417605698
rxax5ozo,14,0,vc2whyaq,45,1536,3072,11.882151133069511
rxax5ozo,14,1,hzumfsms,14,512,512,12.983030443449133
rxax5ozo,14,2,vc2whyaq,29,1024,1536,13.10710568948274
rxax5ozo,14,3,cfe5vt7s,14,512,512,13.37780432727811
rxax5ozo,14,4,cfe5vt7s,42,1536,1536,13.406211680004184
rxax5ozo,15,0,vc2whyaq,26,1024,0,13.263967881280243
rxax5ozo,15,1,vc2whyaq,14,512,512,15.948304997313844
rxax5ozo,15,2,ptg8lmto,1,0,512,16.33629492421197
rxax5ozo,15,3,cfe5vt7s,44,1536,2560,17.004397419532367
rxax5ozo,15,4,utfgcjfa,23,512,5120,17.26877781210217
rxax5ozo,16,0,utfgcjfa,17,512,2048,13.058232809162016
rxax5ozo,16,1,vc2whyaq,29,1024,1536,13.291158139123171
rxax5ozo,16,2,9luzk4jm,51,1536,6144,13.703848335142476
rxax5ozo,16,3,ufdvpb81,5,0,2560,14.147159864220612
rxax5ozo,16,4,hzumfsms,43,1536,2048,14.218977312780869
rxax5ozo,17,0,hzumfsms,13,512,0,10.473877619290343
rxax5ozo,17,1,ptg8lmto,33,1024,3584,12.302951007107389
rxax5ozo,17,2,pl8uabbv,0,0,0,13.304266451586383
rxax5ozo,17,3,71vgq3fw,20,512,3584,13.451751009895254
rxax5ozo,17,4,x77cy643,50,1536,5632,13.700633035405515
rxax5ozo,18,0,ptg8lmto,23,512,5120,12.905130114652072
rxax5ozo,18,1,cfe5vt7s,25,512,6144,13.356159943662997
rxax5ozo,18,2,x7u69zsw,30,1024,2048,13.813876963331435
rxax5ozo,18,3,x77cy643,0,0,0,13.896169162760891
rxax5ozo,18,4,ufdvpb81,34,1024,4096,14.144927358948278
rxax5ozo,19,0,utfgcjfa,22,512,4608,15.08500913157759
rxax5ozo,19,1,utfgcjfa,26,1024,0,15.878743187287638
rxax5ozo,19,2,utfgcjfa,31,1024,2560,15.940803110598681
rxax5ozo,19,3,utfgcjfa,39,1536,0,16.20602473976176
rxax5ozo,19,4,cfe5vt7s,45,1536,3072,16.420053618528076
rxax5ozo,20,0,x7u69zsw,19,512,3072,18.008521379318136
rxax5ozo,20,1,pl8uabbv,4,0,2048,18.994115731321923
rxax5ozo,20,2,hzumfsms,9,0,4608,19.439235339611507
rxax5ozo,20,3,0grcilhi,18,512,2560,19.6268220219449
rxax5ozo,20,4,utfgcjfa,30,1024,2048,19.915650196071205
rxax5ozo,21,0,utfgcjfa,0,0,0,14.600652309160271
rxax5ozo,21,1,vc2whyaq,44,1536,2560,15.55449296349638
rxax5ozo,21,2,ufdvpb81,50,1536,5632,15.829168755763202
rxax5ozo,21,3,vc2whyaq,29,1024,1536,16.255002335808452
rxax5ozo,21,4,ufdvpb81,2,0,1024,16.464399752958606
rxax5ozo,22,0,pl8uabbv,40,1536,512,14.43864864365715
rxax5ozo,22,1,vc2whyaq,5,0,2560,16.059783875252933
rxax5ozo,22,2,ptg8lmto,27,1024,512,16.382011220534345
rxax5ozo,22,3,9luzk4jm,4,0,2048,17.802505734268713
rxax5ozo,22,4,cfe5vt7s,40,1536,512,18.09950668909212
rxax5ozo,23,0,ufdvpb81,3,0,1536,15.570236815149677
rxax5ozo,23,1,utfgcjfa,27,1024,512,15.719753097353586
rxax5ozo,23,2,pl8uabbv,14,512,512,16.766688587334517
rxax5ozo,23,3,9luzk4jm,50,1536,5632,16.770607267042433
rxax5ozo,23,4,ufdvpb81,30,1024,2048,16.777027059624675
rxax5ozo,24,0,pl8uabbv,33,1024,3584,13.402542852219684
rxax5ozo,24,1,ptg8lmto,33,1024,3584,13.763434958071336
rxax5ozo,24,2,pl8uabbv,38,1024,6144,13.79047404000772
rxax5ozo,24,3,utfgcjfa,48,1536,4608,14.173659198017996
rxax5ozo,24,4,x77cy643,33,1024,3584,14.768509529989878
rxax5ozo,25,0,vc2whyaq,16,512,1536,13.599624405738664
rxax5ozo,25,1,x77cy643,33,1024,3584,14.026116236032008
rxax5ozo,25,2,utfgcjfa,31,1024,2560,14.284649207546986
rxax5ozo,25,3,vc2whyaq,21,512,4096,14.353416353426127
rxax5ozo,25,4,vc2whyaq,19,512,3072,14.529186495223449
rxax5ozo,26,0,ptg8lmto,10,0,5120,12.465034664635583
rxax5ozo,26,1,pl8uabbv,21,512,4096,14.008234048429374
rxax5ozo,26,2,71vgq3fw,25,512,6144,14.261984221915979
rxax5ozo,26,3,kbdh4tri,30,1024,2048,14.450442981803313
rxax5ozo,26,4,pl8uabbv,40,1536,512,14.845167874245671
rxax5ozo,27,0,vc2whyaq,39,1536,0,12.839742184233103
rxax5ozo,27,1,71vgq3fw,32,1024,3072,14.914895990921915
rxax5ozo,27,2,hzumfsms,50,1536,5632,14.921603504704288
rxax5ozo,27,3,x77cy643,41,1536,1024,15.177774446762792
rxax5ozo,27,4,pl8uabbv,33,1024,3584,15.182282367105119
rxax5ozo,28,0,mgxahqnk,8,0,4096,14.550043774112835
rxax5ozo,28,1,x77cy643,34,1024,4096,15.135910302300193
rxax5ozo,28,2,tuy3zymq,29,1024,1536,15.337951453577407
rxax5ozo,28,3,71vgq3fw,33,1024,3584,15.564550648797752
rxax5ozo,28,4,x77cy643,43,1536,2048,15.929808084262223
rxax5ozo,29,0,71vgq3fw,15,512,1024,15.706499833384033
rxax5ozo,29,1,vc2whyaq,10,0,5120,15.926279486437561
rxax5ozo,29,2,utfgcjfa,23,512,5120,16.426071991533895
rxax5ozo,29,3,tuy3zymq,18,512,2560,16.71514104605812
rxax5ozo,29,4,utfgcjfa,5,0,2560,17.09056873959994
rxax5ozo,30,0,kbdh4tri,37,1024,5632,15.711156726770085
rxax5ozo,30,1,mgxahqnk,0,0,0,16.07539044939687
rxax5ozo,30,2,x77cy643,3,0,1536,16.191043368701383
rxax5ozo,30,3,ptg8lmto,0,0,0,16.201347486784197
rxax5ozo,30,4,cfe5vt7s,0,0,0,16.740029617922282
rxax5ozo,31,0,utfgcjfa,40,1536,512,13.884421208570085
rxax5ozo,31,1,vc2whyaq,47,1536,4096,14.1837843889413
rxax5ozo,31,2,utfgcjfa,50,1536,5632,14.281763142274396
rxax5ozo,31,3,vc2whyaq,20,512,3584,15.377458840483502
rxax5ozo,31,4,vc2whyaq,26,1024,0,15.55858607718636
rxax5ozo,32,0,pl8uabbv,41,1536,1024,17.844641815108645
rxax5ozo,32,1,utfgcjfa,24,512,5632,18.650176965111065
rxax5ozo,32,2,pl8uabbv,17,512,2048,19.381331693990997
rxax5ozo,32,3,vc2whyaq,24,512,5632,19.863032269694504
rxax5ozo,32,4,ufdvpb81,32,1024,3072,20.225779961804662
rxax5ozo,33,0,ufdvpb81,14,512,512,12.632119018399846
rxax5ozo,33,1,x77cy643,16,512,1536,14.933356430088573
rxax5ozo,33,2,9luzk4jm,1,0,512,15.51065931303327
rxax5ozo,33,3,hzumfsms,49,1536,5120,15.593928565108426
rxax5ozo,33,4,kbdh4tri,45,1536,3072,15.636553913621748
rxax5ozo,34,0,vc2whyaq,2,0,1024,14.69403371812995
rxax5ozo,34,1,utfgcjfa,48,1536,4608,14.96229998017072
rxax5ozo,34,2,vc2whyaq,21,512,4096,14.962788055866756
rxax5ozo,34,3,pl8uabbv,33,1024,3584,15.066160715364843
rxax5ozo,34,4,utfgcjfa,31,1024,2560,15.655158412621256
rxax5ozo,35,0,0grcilhi,36,1024,5120,20.49648467252478
rxax5ozo,35,1,71vgq3fw,16,512,1536,20.62840595277445
rxax5ozo,35,2,pl8uabbv,42,1536,1536,20.749846292084708
rxax5ozo,35,3,vc2whyaq,50,1536,5632,20.94887105184003
rxax5ozo,35,4,pl8uabbv,16,512,1536,21.41418138411814
rxax5ozo,36,0,ptg8lmto,38,1024,6144,15.473026722803793
rxax5ozo,36,1,kbdh4tri,30,1024,2048,16.195204555239926
rxax5ozo,36,2,utfgcjfa,35,1024,4608,17.1236352488426
rxax5ozo,36,3,pl8uabbv,45,1536,3072,17.206403746284785
rxax5ozo,36,4,pl8uabbv,42,1536,1536,17.494983848076306
rxax5ozo,37,0,pl8uabbv,33,1024,3584,13.278619055722194
rxax5ozo,37,1,vc2whyaq,39,1536,0,13.337162274282727
rxax5ozo,37,2,utfgcjfa,11,0,5632,13.433992932437478
rxax5ozo,37,3,vc2whyaq,29,1024,1536,14.142504747396881
rxax5ozo,37,4,utfgcjfa,3,0,1536,14.151328914729184
rxax5ozo,38,0,utfgcjfa,49,1536,5120,13.52831403603031
rxax5ozo,38,1,vc2whyaq,37,1024,5632,13.666932881692277
rxax5ozo,38,2,ptg8lmto,33,1024,3584,13.720091952352465
rxax5ozo,38,3,71vgq3fw,20,512,3584,14.025028749701018
rxax5ozo,38,4,x77cy643,9,0,4608,14.385504301145362
rxax5ozo,39,0,vc2whyaq,40,1536,512,13.025163277963978
rxax5ozo,39,1,tuy3zymq,14,512,512,13.351337019929213
rxax5ozo,39,2,ufdvpb81,46,1536,3584,14.678885219174337
rxax5ozo,39,3,kbdh4tri,0,0,0,14.68559723092508
rxax5ozo,39,4,utfgcjfa,11,0,5632,14.704951196190171
rxax5ozo,40,0,x77cy643,41,1536,1024,14.227163604906249
rxax5ozo,40,1,xgj4xftb,14,512,512,15.135759802027076
rxax5ozo,40,2,71vgq3fw,42,1536,1536,15.229748818931268
rxax5ozo,40,3,tuy3zymq,4,0,2048,15.258986029635308
rxax5ozo,40,4,kbdh4tri,38,1024,6144,15.542430940221823
rxax5ozo,41,0,ufdvpb81,10,0,5120,14.481839611774143
rxax5ozo,41,1,utfgcjfa,31,1024,2560,14.613856455000777
rxax5ozo,41,2,x77cy643,48,1536,4608,14.74612472105969
rxax5ozo,41,3,hzumfsms,4,0,2048,14.932287477497166
rxax5ozo,41,4,vc2whyaq,24,512,5632,15.228074971880044
rxax5ozo,42,0,x77cy643,17,512,2048,12.655021121215825
rxax5ozo,42,1,vc2whyaq,40,1536,512,13.712407561889275
rxax5ozo,42,2,utfgcjfa,11,0,5632,14.09407118185101
rxax5ozo,42,3,cfe5vt7s,42,1536,1536,14.29171467956904
rxax5ozo,42,4,tuy3zymq,14,512,512,14.313781972247968
rxax5ozo,43,0,xgj4xftb,23,512,5120,15.51312741299033
rxax5ozo,43,1,x77cy643,49,1536,5120,15.957587130221453
rxax5ozo,43,2,mgxahqnk,11,0,5632,16.039283117351356
rxax5ozo,43,3,x77cy643,41,1536,1024,16.193647544109794
rxax5ozo,43,4,kbdh4tri,27,1024,512,17.187575795178958
rxax5ozo,44,0,ufdvpb81,20,512,3584,13.445962189366766
rxax5ozo,44,1,xgj4xftb,16,512,1536,14.214752706911726
rxax5ozo,44,2,vc2whyaq,0,0,0,14.629099175011039
rxax5ozo,44,3,xgj4xftb,4,0,2048,14.76291656210097
rxax5ozo,44,4,71vgq3fw,4,0,2048,14.940713051317935
rxax5ozo,45,0,cfe5vt7s,42,1536,1536,11.176269327733845
rxax5ozo,45,1,x77cy643,9,0,4608,12.090239456212082
rxax5ozo,45,2,vc2whyaq,45,1536,3072,13.082738848631873
rxax5ozo,45,3,vc2whyaq,12,0,6144,13.452722284760952
rxax5ozo,45,4,ptg8lmto,24,512,5632,13.74981747991707
rxax5ozo,46,0,vc2whyaq,14,512,512,12.789937211994811
rxax5ozo,46,1,vc2whyaq,20,512,3584,14.044188073677226
rxax5ozo,46,2,x77cy643,43,1536,2048,15.180404541014916
rxax5ozo,46,3,ufdvpb81,48,1536,4608,15.604728451067034
rxax5ozo,46,4,x77cy643,34,1024,4096,16.171211517452882
rxax5ozo,47,0,vc2whyaq,18,512,2560,14.465289848561618
rxax5ozo,47,1,kbdh4tri,39,1536,0,15.746797694115871
rxax5ozo,47,2,tuy3zymq,20,512,3584,15.76912349873683
rxax5ozo,47,3,kbdh4tri,17,512,2048,16.277864680848964
rxax5ozo,47,4,tuy3zymq,34,1024,4096,16.344212930799436
rxax5ozo,48,0,pl8uabbv,22,512,4608,18.241459893522222
rxax5ozo,48,1,x77cy643,44,1536,2560,18.73682195893289
rxax5ozo,48,2,71vgq3fw,9,0,4608,19.315435703057272
rxax5ozo,48,3,vc2whyaq,25,512,6144,19.909800121188425
rxax5ozo,48,4,9luzk4jm,16,512,1536,20.09688705599861
rxax5ozo,49,0,utfgcjfa,15,512,1024,13.272482868872805
rxax5ozo,49,1,x77cy643,17,512,2048,13.743349655489272
rxax5ozo,49,2,cfe5vt7s,42,1536,1536,13.77275923613083
rxax5ozo,49,3,vc2whyaq,26,1024,0,14.756432005241605
rxax5ozo,49,4,utfgcjfa,23,512,5120,14.8089754148917
rxax5ozo,50,0,ptg8lmto,21,512,4096,13.98397890406656
rxax5ozo,50,1,utfgcjfa,11,0,5632,14.061474626243282
rxax5ozo,50,2,x77cy643,24,512,5632,14.171998534756135
rxax5ozo,50,3,9luzk4jm,33,1024,3584,14.211954187888173
rxax5ozo,50,4,xgj4xftb,18,512,2560,14.40056288902247
rxax5ozo,51,0,x77cy643,43,1536,2048,14.793707723297954
rxax5ozo,51,1,utfgcjfa,50,1536,5632,14.914740526319914
rxax5ozo,51,2,vc2whyaq,20,512,3584,15.686908117953125
rxax5ozo,51,3,x77cy643,34,1024,4096,16.08937737633243
rxax5ozo,51,4,vc2whyaq,47,1536,4096,16.380288975759047
