site,patch_id,rank,ref_site,ref_patch_id,ref_y0,ref_x0,distance
4ih2ggld,0,0,x7u69zsw,27,1024,512,18.575751978852534
4ih2ggld,0,1,utfgcjfa,10,0,5120,18.67123754831993
4ih2ggld,0,2,hawkfj64,36,1024,5120,19.06016017860626
4ih2ggld,0,3,utfgcjfa,31,1024,2560,19.379433238438132
4ih2ggld,0,4,ufdvpb81,31,1024,2560,19.40101177079813
4ih2ggld,1,0,utfgcjfa,31,1024,2560,17.883531969503682
4ih2ggld,1,1,utfgcjfa,10,0,5120,18.51901691737798
4ih2ggld,1,2,vc2whyaq,3,0,1536,18.81559045829329
4ih2ggld,1,3,tuy3zymq,19,512,3072,19.125278244618993
4ih2ggld,1,4,pl8uabbv,41,1536,1024,19.466590054692304
4ih2ggld,2,0,vc2whyaq,22,512,4608,16.58463655355594
4ih2ggld,2,1,utfgcjfa,50,1536,5632,19.529339278565054
4ih2ggld,2,2,cfe5vt7s,22,512,4608,20.054933409682736
4ih2ggld,2,3,cfe5vt7s,26,1024,0,20.205327790514094
4ih2ggld,2,4,cfe5vt7s,21,512,4096,20.910112833539205
4ih2ggld,3,0,x77cy643,48,1536,4608,17.62133307105724
4ih2ggld,3,1,utfgcjfa,31,1024,2560,18.118627351123877
4ih2ggld,3,2,hawkfj64,12,0,6144,18.238967638411946
4ih2ggld,3,3,hawkfj64,36,1024,5120,18.4592883647982
4ih2ggld,3,4,utfgcjfa,8,0,4096,19.38448881334321
4ih2ggld,4,0,utfgcjfa,31,1024,2560,15.102309529503472
4ih2ggld,4,1,utfgcjfa,22,512,4608,17.050235666157096
4ih2ggld,4,2,x77cy643,20,512,3584,17.311687130122827
4ih2ggld,4,3,kbdh4tri,15,512,1024,18.264472639818546
4ih2ggld,4,4,vc2whyaq,21,512,4096,18.469446732341396
4ih2ggld,5,0,x7u69zsw,0,0,0,16.42789812028077
4ih2ggld,5,1,ptg8lmto,9,0,4608,16.724143582753562
4ih2ggld,5,2,x7u69zsw,14,512,512,17.374233678190667
4ih2ggld,5,3,kbdh4tri,3,0,1536,17.533563014726404
4ih2ggld,5,4,hzumfsms,51,1536,6144,17.739108066784212
4ih2ggld,6,0,x7u69zsw,1,0,512,16.39211231400763
4ih2ggld,6,1,kbdh4tri,37,1024,5632,18.43481211206394
4ih2ggld,6,2,pl8uabbv,3,0,1536,18.43838228663134
4ih2ggld,6,3,x77cy643,3,0,1536,19.93632115370171
4ih2ggld,6,4,utfgcjfa,51,1536,6144,20.03013034349186
4ih2ggld,7,0,0grcilhi,37,1024,5632,16.945826423309633
4ih2ggld,7,1,utfgcjfa,31,1024,2560,17.120031976773486
4ih2ggld,7,2,9luzk4jm,10,0,5120,17.993282497152233
4ih2ggld,7,3,x77cy643,16,512,1536,18.78974029352776
4ih2ggld,7,4,kbdh4tri,15,512,1024,18.987995814715337
4ih2ggld,8,0,pl8uabbv,43,1536,2048,14.881213744113813
4ih2ggld,8,1,utfgcjfa,10,0,5120,15.052711376637497
4ih2ggld,8,2,cfe5vt7s,35,1024,4608,16.11683271358854
4ih2ggld,8,3,utfgcjfa,22,512,4608,16.454965662698182
4ih2ggld,8,4,vc2whyaq,21,512,4096,16.69019163583601
4ih2ggld,9,0,hzumfsms,5,0,2560,18.816947235048794
4ih2ggld,9,1,x77cy643,34,1024,4096,19.324273481122955
4ih2ggld,9,2,0grcilhi,24,512,5632,19.43807113151246
4ih2ggld,9,3,tuy3zymq,1,0,512,20.256918899015698
4ih2ggld,9,4,x77cy643,43,1536,2048,20.273959766502703
4ih2ggld,10,0,tuy3zymq,19,512,3072,15.012444832824679
4ih2ggld,10,1,9luzk4jm,46,1536,3584,15.75224640663243
4ih2ggld,10,2,0grcilhi,5,0,2560,16.792887215965745
4ih2ggld,10,3,0grcilhi,7,0,3584,16.823332678804242
4ih2ggld,10,4,vc2whyaq,3,0,1536,16.85047141944395
4ih2ggld,11,0,kbdh4tri,37,1024,5632,15.451170751354653
4ih2ggld,11,1,x7u69zsw,0,0,0,16.854156540349223
4ih2ggld,11,2,pl8uabbv,8,0,4096,17.582830565134753
4ih2ggld,11,3,pl8uabbv,36,1024,5120,18.739869742636543
4ih2ggld,11,4,cfe5vt7s,0,0,0,18.782577200386466
4ih2ggld,12,0,tuy3zymq,18,512,2560,16.781991483550282
4ih2ggld,12,1,tuy3zymq,19,512,3072,17.660031989174346
4ih2ggld,12,2,tuy3zymq,32,1024,3072,18.922454658736303
4ih2ggld,12,3,0grcilhi,20,512,3584,19.51716326000754
4ih2ggld,12,4,cfe5vt7s,35,1024,4608,19.831495564074597
4ih2ggld,13,0,0grcilhi,20,512,3584,20.455050688653042
4ih2ggld,13,1,pl8uabbv,28,1024,1024,21.10892153232335
4ih2ggld,13,2,71vgq3fw,41,1536,1024,22.29340596946746
4ih2ggld,13,3,tuy3zymq,32,1024,3072,22.50108924809015
4ih2ggld,13,4,tuy3zymq,18,512,2560,22.604257001099565
4ih2ggld,14,0,71vgq3fw,41,1536,1024,14.819956390173536
4ih2ggld,14,1,utfgcjfa,31,1024,2560,18.12799669485627
4ih2ggld,14,2,cfe5vt7s,13,512,0,18.699769287066932
4ih2ggld,14,3,utfgcjfa,10,0,5120,18.827755999600576
4ih2ggld,14,4,pl8uabbv,39,1536,0,19.31121160052289
4ih2ggld,15,0,cfe5vt7s,35,1024,4608,18.260934040823614
4ih2ggld,15,1,x77cy643,5,0,2560,18.350133298093372
4ih2ggld,15,2,tuy3zymq,19,512,3072,18.494431370718594
4ih2ggld,15,3,pl8uabbv,43,1536,2048,19.286461920657064
4ih2ggld,15,4,hawkfj64,2,0,1024,19.323733968738303
4ih2ggld,16,0,x7u69zsw,0,0,0,17.00240831259972
4ih2ggld,16,1,ptg8lmto,9,0,4608,17.61666770647934
4ih2ggld,16,2,kbdh4tri,27,1024,512,17.736241543408717
4ih2ggld,16,3,kbdh4tri,3,0,1536,18.117598156232777
4ih2ggld,16,4,xgj4xftb,19,512,3072,18.1229065558117
4ih2ggld,17,0,xgj4xftb,28,1024,1024,16.26113865017145
4ih2ggld,17,1,utfgcjfa,31,1024,2560,16.535706864720762
4ih2ggld,17,2,x77cy643,48,1536,4608,16.665212574232257
4ih2ggld,17,3,x77cy643,16,512,1536,16.701172342249073
4ih2ggld,17,4,hzumfsms,7,0,3584,17.201414801288298
4ih2ggld,18,0,x7u69zsw,17,512,2048,16.339466752781533
4ih2ggld,18,1,xgj4xftb,7,0,3584,17.295127426990682
4ih2ggld,18,2,pl8uabbv,24,512,5632,18.089134482698537
4ih2ggld,18,3,0grcilhi,14,512,512,18.263541312682886
4ih2ggld,18,4,pl8uabbv,15,512,1024,18.486587536476033
4ih2ggld,19,0,ptg8lmto,9,0,4608,17.595054306579627
4ih2ggld,19,1,71vgq3fw,19,512,3072,19.183234568072212
4ih2ggld,19,2,vc2whyaq,4,0,2048,19.400069514325583
4ih2ggld,19,3,tuy3zymq,40,1536,512,19.983718662291498
4ih2ggld,19,4,vc2whyaq,46,1536,3584,20.214077415301553
4ih2ggld,20,0,utfgcjfa,31,1024,2560,18.471709865414656
4ih2ggld,20,1,x7u69zsw,37,1024,5632,18.76987103609315
4ih2ggld,20,2,vc2whyaq,39,1536,0,18.86193834775939
4ih2ggld,20,3,x7u69zsw,2,0,1024,20.454339618597732
4ih2ggld,20,4,vc2whyaq,21,512,4096,20.516236126263244
4ih2ggld,21,0,pl8uabbv,43,1536,2048,17.64588470662767
4ih2ggld,21,1,71vgq3fw,3,0,1536,18.6830957708167
4ih2ggld,21,2,vc2whyaq,21,512,4096,19.49335225435558
4ih2ggld,21,3,x77cy643,7,0,3584,19.94399246332665
4ih2ggld,21,4,xgj4xftb,22,512,4608,20.04257094209956
4ih2ggld,22,0,utfgcjfa,31,1024,2560,12.625593737361243
4ih2ggld,22,1,cfe5vt7s,13,512,0,15.966445748613385
4ih2ggld,22,2,utfgcjfa,30,1024,2048,16.24544152587078
4ih2ggld,22,3,utfgcjfa,15,512,1024,16.31022772138913
4ih2ggld,22,4,hawkfj64,12,0,6144,16.3674553140583
4ih2ggld,23,0,utfgcjfa,31,1024,2560,14.666340230058783
4ih2ggld,23,1,hzumfsms,40,1536,512,16.431717918051326
4ih2ggld,23,2,vc2whyaq,21,512,4096,17.173070280667392
4ih2ggld,23,3,x77cy643,48,1536,4608,17.585045153641307
4ih2ggld,23,4,xgj4xftb,28,1024,1024,17.585526615098043
4ih2ggld,24,0,vc2whyaq,21,512,4096,14.764556936231527
4ih2ggld,24,1,utfgcjfa,15,512,1024,15.886135909709946
4ih2ggld,24,2,utfgcjfa,31,1024,2560,16.17803491198785
4ih2ggld,24,3,cfe5vt7s,1,0,512,16.860960112585612
4ih2ggld,24,4,pl8uabbv,41,1536,1024,18.132854663320078
4ih2ggld,25,0,vc2whyaq,21,512,4096,13.4396679746789
4ih2ggld,25,1,x7u69zsw,17,512,2048,15.975361253864008
4ih2ggld,25,2,0grcilhi,14,512,512,16.34511389762308
4ih2ggld,25,3,utfgcjfa,31,1024,2560,17.24638966525605
4ih2ggld,25,4,pl8uabbv,45,1536,3072,17.46661897470128
4ih2ggld,26,0,cfe5vt7s,13,512,0,14.920897547010107
4ih2ggld,26,1,utfgcjfa,31,1024,2560,15.592539151325953
4ih2ggld,26,2,hawkfj64,12,0,6144,15.78498934922736
4ih2ggld,26,3,x7u69zsw,0,0,0,15.953314485132205
4ih2ggld,26,4,xgj4xftb,8,0,4096,15.962064890819889
4ih2ggld,27,0,utfgcjfa,31,1024,2560,13.713459874585544
4ih2ggld,27,1,x77cy643,42,1536,1536,15.320388266313675
4ih2ggld,27,2,x7u69zsw,0,0,0,17.126606167638307
4ih2ggld,27,3,kbdh4tri,15,512,1024,17.300518582062917
4ih2ggld,27,4,xgj4xftb,28,1024,1024,17.867816519890855
4ih2ggld,28,0,xgj4xftb,7,0,3584,18.237340364348626
4ih2ggld,28,1,x7u69zsw,17,512,2048,18.898808560481726
4ih2ggld,28,2,ptg8lmto,4,0,2048,19.082860853697113
4ih2ggld,28,3,pl8uabbv,41,1536,1024,19.241185840008104
4ih2ggld,28,4,9luzk4jm,26,1024,0,19.788651359236276
4ih2ggld,29,0,utfgcjfa,31,1024,2560,18.188481904737415
4ih2ggld,29,1,kbdh4tri,15,512,1024,18.52940831977878
4ih2ggld,29,2,x77cy643,48,1536,4608,18.88759185271987
4ih2ggld,29,3,9luzk4jm,10,0,5120,20.216437336691282
4ih2ggld,29,4,xgj4xftb,28,1024,1024,20.296395366463905
4ih2ggld,30,0,kbdh4tri,30,1024,2048,16.786191331954953
4ih2ggld,30,1,utfgcjfa,31,1024,2560,16.836849582267302
4ih2ggld,30,2,utfgcjfa,49,1536,5120,17.546486840552323
4ih2ggld,30,3,pl8uabbv,51,1536,6144,18.130602500101094
4ih2ggld,30,4,xgj4xftb,28,1024,1024,18.17362190098152
4ih2ggld,31,0,vc2whyaq,42,1536,1536,19.530660352198247
4ih2ggld,31,1,utfgcjfa,36,1024,5120,20.081065742553516
4ih2ggld,31,2,cfe5vt7s,38,1024,6144,20.225566349659797
4ih2ggld,31,3,ptg8lmto,26,1024,0,20.26599945611903
4ih2ggld,31,4,0grcilhi,25,512,6144,20.40949642922727
4ih2ggld,32,0,hzumfsms,38,1024,6144,16.46878682400621
4ih2ggld,32,1,vc2whyaq,39,1536,0,17.138995615035977
4ih2ggld,32,2,0grcilhi,18,512,2560,17.984491900856654
4ih2ggld,32,3,71vgq3fw,3,0,1536,18.064734339051256
4ih2ggld,32,4,pl8uabbv,43,1536,2048,18.60305281299997
4ih2ggld,33,0,ufdvpb81,16,512,1536,20.46895986654798
4ih2ggld,33,1,vc2whyaq,4,0,2048,20.968738352611176
4ih2ggld,33,2,0grcilhi,37,1024,5632,21.22481260642502
4ih2ggld,33,3,xgj4xftb,35,1024,4608,21.355639877186906
4ih2ggld,33,4,vc2whyaq,34,1024,4096,21.775290322373458
4ih2ggld,34,0,cfe5vt7s,0,0,0,17.92794559394281
4ih2ggld,34,1,x77cy643,19,512,3072,18.187350375591045
4ih2ggld,34,2,pl8uabbv,8,0,4096,18.741519883617954
4ih2ggld,34,3,ptg8lmto,5,0,2560,19.456447050315024
4ih2ggld,34,4,x7u69zsw,0,0,0,19.718913511404136
4ih2ggld,35,0,utfgcjfa,31,1024,2560,17.015404581550875
4ih2ggld,35,1,x77cy643,21,512,4096,18.118806831762978
4ih2ggld,35,2,71vgq3fw,30,1024,2048,18.200501169404003
4ih2ggld,35,3,pl8uabbv,47,1536,4096,18.31101053454907
4ih2ggld,35,4,pl8uabbv,51,1536,6144,18.51565999800986
4ih2ggld,36,0,ufdvpb81,16,512,1536,14.671554615670956
4ih2ggld,36,1,x77cy643,7,0,3584,16.408859484258087
4ih2ggld,36,2,cfe5vt7s,25,512,6144,16.844063225937372
4ih2ggld,36,3,vc2whyaq,34,1024,4096,17.198858211681173
4ih2ggld,36,4,0grcilhi,37,1024,5632,17.94459960316348
4ih2ggld,37,0,cfe5vt7s,26,1024,0,18.881684650772467
4ih2ggld,37,1,cfe5vt7s,22,512,4608,19.194987752787547
4ih2ggld,37,2,utfgcjfa,31,1024,2560,19.910702802032073
4ih2ggld,37,3,hzumfsms,40,1536,512,19.947252731250927
4ih2ggld,37,4,mgxahqnk,6,0,3072,20.048549082258866
4ih2ggld,38,0,x7u69zsw,17,512,2048,17.199639392422483
4ih2ggld,38,1,0grcilhi,23,512,5120,18.609550785715896
4ih2ggld,38,2,pl8uabbv,27,1024,512,18.77349807826683
4ih2ggld,38,3,utfgcjfa,39,1536,0,19.31311381039666
4ih2ggld,38,4,utfgcjfa,49,1536,5120,19.32269035310645
4ih2ggld,39,0,x7u69zsw,0,0,0,19.871308747001528
4ih2ggld,39,1,xgj4xftb,19,512,3072,20.591898312596662
4ih2ggld,39,2,ptg8lmto,5,0,2560,21.370545201083573
4ih2ggld,39,3,cfe5vt7s,3,0,1536,21.393611857489677
4ih2ggld,39,4,pl8uabbv,36,1024,5120,22.24471833881103
4ih2ggld,40,0,x7u69zsw,0,0,0,13.68376558559838
4ih2ggld,40,1,xgj4xftb,19,512,3072,17.46150744151764
4ih2ggld,40,2,mgxahqnk,20,512,3584,19.11133138708002
4ih2ggld,40,3,kbdh4tri,19,512,3072,19.32784888180447
4ih2ggld,40,4,x7u69zsw,14,512,512,19.35113266241917
4ih2ggld,41,0,x7u69zsw,0,0,0,19.899225727390224
4ih2ggld,41,1,vc2whyaq,0,0,0,21.908166592829858
4ih2ggld,41,2,cfe5vt7s,3,0,1536,22.298230516180464
4ih2ggld,41,3,ptg8lmto,5,0,2560,22.6387205217314
4ih2ggld,41,4,tuy3zymq,6,0,3072,22.81472249084851
4ih2ggld,42,0,pl8uabbv,3,0,1536,20.739510378982068
4ih2ggld,42,1,x7u69zsw,1,0,512,21.47935962791662
4ih2ggld,42,2,kbdh4tri,37,1024,5632,22.05051563637334
4ih2ggld,42,3,pl8uabbv,8,0,4096,23.312152498313175
4ih2ggld,42,4,x7u69zsw,0,0,0,24.577434144972223
4ih2ggld,43,0,71vgq3fw,16,512,1536,21.147389530333346
4ih2ggld,43,1,tuy3zymq,27,1024,512,21.989246915889524
4ih2ggld,43,2,x7u69zsw,45,1536,3072,23.379470571469685
4ih2ggld,43,3,tuy3zymq,35,1024,4608,23.53966893429764
4ih2ggld,43,4,x7u69zsw,38,1024,6144,23.944139547037338
4ih2ggld,44,0,tuy3zymq,35,1024,4608,22.99735323520933
4ih2ggld,44,1,cfe5vt7s,38,1024,6144,23.44851253146935
4ih2ggld,44,2,9luzk4jm,27,1024,512,24.071171044097177
4ih2ggld,44,3,utfgcjfa,38,1024,6144,24.948868289152056
4ih2ggld,44,4,xgj4xftb,36,1024,5120,24.98129071553711
4ih2ggld,45,0,cfe5vt7s,35,1024,4608,17.48928004140261
4ih2ggld,45,1,utfgcjfa,10,0,5120,18.28787822979842
4ih2ggld,45,2,utfgcjfa,23,512,5120,18.512550622244472
4ih2ggld,45,3,utfgcjfa,31,1024,2560,18.600904636166216
4ih2ggld,45,4,tuy3zymq,41,1536,1024,18.637635743103203
4ih2ggld,46,0,hzumfsms,7,0,3584,17.573381252036974
4ih2ggld,46,1,vc2whyaq,34,1024,4096,19.333533460191504
4ih2ggld,46,2,x77cy643,49,1536,5120,20.34641532294873
4ih2ggld,46,3,ptg8lmto,2,0,1024,20.63599350203276
4ih2ggld,46,4,vc2whyaq,37,1024,5632,20.776260114450352
4ih2ggld,47,0,0grcilhi,37,1024,5632,16.559918553110016
4ih2ggld,47,1,cfe5vt7s,0,0,0,17.609019322949464
4ih2ggld,47,2,x7u69zsw,13,512,0,17.95100417335662
4ih2ggld,47,3,x77cy643,3,0,1536,18.281013429638907
4ih2ggld,47,4,x7u69zsw,0,0,0,18.524564199308386
4ih2ggld,48,0,ufdvpb81,25,512,6144,16.460122482090892
4ih2ggld,48,1,pl8uabbv,8,0,4096,17.54848071035331
4ih2ggld,48,2,kbdh4tri,51,1536,6144,17.715406010059212
4ih2ggld,48,3,kbdh4tri,37,1024,5632,17.80558821636719
4ih2ggld,48,4,x7u69zsw,13,512,0,18.292595053843478
4ih2ggld,49,0,utfgcjfa,31,1024,2560,15.059720237158318
4ih2ggld,49,1,x77cy643,48,1536,4608,15.25045402519531
4ih2ggld,49,2,kbdh4tri,15,512,1024,15.383766321026084
4ih2ggld,49,3,xgj4xftb,28,1024,1024,16.893862200725465
4ih2ggld,49,4,vc2whyaq,21,512,4096,17.055479252300696
4ih2ggld,50,0,0grcilhi,37,1024,5632,19.161677595690954
4ih2ggld,50,1,x77cy643,19,512,3072,19.972568380085477
4ih2ggld,50,2,xgj4xftb,4,0,2048,20.5953754960111
4ih2ggld,50,3,cfe5vt7s,3,0,1536,21.73054421404676
4ih2ggld,50,4,ptg8lmto,35,1024,4608,22.091827848138383
4ih2ggld,51,0,71vgq3fw,22,512,4608,17.343612517312998
4ih2ggld,51,1,pl8uabbv,28,1024,1024,17.87029927315702
4ih2ggld,51,2,kbdh4tri,26,1024,0,18.29342121533356
4ih2ggld,51,3,71vgq3fw,3,0,1536,19.006249159711828
4ih2ggld,51,4,cfe5vt7s,20,512,3584,20.017178897987883
5n1q8atc,0,0,utfgcjfa,31,1024,2560,21.708215087742335
5n1q8atc,0,1,ptg8lmto,13,512,0,22.52826872321839
5n1q8atc,0,2,kbdh4tri,15,512,1024,22.739211921934867
5n1q8atc,0,3,x77cy643,11,0,5632,22.844354650622236
5n1q8atc,0,4,x7u69zsw,0,0,0,22.852130763331683
5n1q8atc,1,0,ptg8lmto,14,512,512,18.37098036363779
5n1q8atc,1,1,x77cy643,7,0,3584,19.17334645802773
5n1q8atc,1,2,xgj4xftb,19,512,3072,19.95423112949575
5n1q8atc,1,3,x7u69zsw,0,0,0,20.067607749120093
5n1q8atc,1,4,pl8uabbv,40,1536,512,20.080746170694333
5n1q8atc,2,0,x77cy643,19,512,3072,16.07927294318055
5n1q8atc,2,1,x7u69zsw,0,0,0,16.100616119287995
5n1q8atc,2,2,utfgcjfa,31,1024,2560,17.368756456023945
5n1q8atc,2,3,xgj4xftb,19,512,3072,17.929101394200472
5n1q8atc,2,4,0grcilhi,37,1024,5632,18.0052655828493
5n1q8atc,3,0,x77cy643,19,512,3072,16.827492440147942
5n1q8atc,3,1,x77cy643,9,0,4608,17.12639430590884
5n1q8atc,3,2,pl8uabbv,17,512,2048,18.256990310622932
5n1q8atc,3,3,x7u69zsw,0,0,0,18.285316997839256
5n1q8atc,3,4,utfgcjfa,6,0,3072,18.461003436229102
5n1q8atc,4,0,pl8uabbv,15,512,1024,16.7800297141078
5n1q8atc,4,1,vc2whyaq,47,1536,4096,16.813466672638892
5n1q8atc,4,2,vc2whyaq,30,1024,2048,16.952591150106763
5n1q8atc,4,3,utfgcjfa,31,1024,2560,16.982115224931345
5n1q8atc,4,4,utfgcjfa,23,512,5120,17.355923907267854
5n1q8atc,5,0,71vgq3fw,4,0,2048,19.426586111596514
5n1q8atc,5,1,x7u69zsw,1,0,512,21.061388362712197
5n1q8atc,5,2,x77cy643,3,0,1536,21.661179458641033
5n1q8atc,5,3,ptg8lmto,0,0,0,22.00682701037552
5n1q8atc,5,4,ufdvpb81,25,512,6144,22.031120982456645
5n1q8atc,6,0,utfgcjfa,31,1024,2560,17.33703660302985
5n1q8atc,6,1,x77cy643,48,1536,4608,17.569252723255868
5n1q8atc,6,2,vc2whyaq,34,1024,4096,17.6822685385369
5n1q8atc,6,3,vc2whyaq,39,1536,0,17.81878154160157
5n1q8atc,6,4,vc2whyaq,22,512,4608,18.176033983990894
5n1q8atc,7,0,71vgq3fw,41,1536,1024,21.69942006927963
5n1q8atc,7,1,71vgq3fw,23,512,5120,21.86256342140252
5n1q8atc,7,2,71vgq3fw,34,1024,4096,22.572008248592507
5n1q8atc,7,3,mgxahqnk,2,0,1024,22.658483850083506
5n1q8atc,7,4,x7u69zsw,43,1536,2048,23.027153772685494
5n1q8atc,8,0,x7u69zsw,0,0,0,16.823599330196224
5n1q8atc,8,1,71vgq3fw,44,1536,2560,17.146271121713788
5n1q8atc,8,2,x77cy643,12,0,6144,17.28203456145053
5n1q8atc,8,3,x77cy643,16,512,1536,17.332047719717067
5n1q8atc,8,4,xgj4xftb,4,0,2048,17.43336813523446
5n1q8atc,9,0,cfe5vt7s,3,0,1536,18.407924667439037
5n1q8atc,9,1,x7u69zsw,0,0,0,20.200911299548178
5n1q8atc,9,2,vc2whyaq,0,0,0,20.51946091826951
5n1q8atc,9,3,ptg8lmto,9,0,4608,20.60464660851817
5n1q8atc,9,4,hzumfsms,51,1536,6144,20.97557313311416
5n1q8atc,10,0,x7u69zsw,1,0,512,18.330100563586782
5n1q8atc,10,1,pl8uabbv,3,0,1536,21.302846286801284
5n1q8atc,10,2,ufdvpb81,25,512,6144,21.41687060602763
5n1q8atc,10,3,71vgq3fw,4,0,2048,22.72565265012437
5n1q8atc,10,4,pl8uabbv,8,0,4096,23.552166570213448
5n1q8atc,11,0,utfgcjfa,31,1024,2560,17.44035971481554
5n1q8atc,11,1,9luzk4jm,10,0,5120,18.329200327074666
5n1q8atc,11,2,x77cy643,19,512,3072,18.433925858678307
5n1q8atc,11,3,x77cy643,48,1536,4608,18.76869155950213
5n1q8atc,11,4,vc2whyaq,21,512,4096,18.76885603621978
5n1q8atc,12,0,pl8uabbv,3,0,1536,16.3989219580723
5n1q8atc,12,1,ufdvpb81,25,512,6144,17.10535288858128
5n1q8atc,12,2,kbdh4tri,37,1024,5632,17.5744519610675
5n1q8atc,12,3,9luzk4jm,4,0,2048,18.179114196921933
5n1q8atc,12,4,x77cy643,3,0,1536,19.523484586369683
5n1q8atc,13,0,pl8uabbv,40,1536,512,17.441772928376007
5n1q8atc,13,1,x7u69zsw,36,1024,5120,18.63561220777571
5n1q8atc,13,2,xgj4xftb,35,1024,4608,18.75050349967535
5n1q8atc,13,3,utfgcjfa,31,1024,2560,18.905002353366655
5n1q8atc,13,4,71vgq3fw,22,512,4608,19.568951193058858
5n1q8atc,14,0,x77cy643,11,0,5632,13.869584996459
5n1q8atc,14,1,x77cy643,1,0,512,16.544982323576047
5n1q8atc,14,2,x77cy643,16,512,1536,16.773946781629704
5n1q8atc,14,3,tuy3zymq,41,1536,1024,18.345528725007576
5n1q8atc,14,4,utfgcjfa,6,0,3072,18.70194481010096
5n1q8atc,15,0,0grcilhi,14,512,512,18.668873883739835
5n1q8atc,15,1,xgj4xftb,16,512,1536,19.02997456134723
5n1q8atc,15,2,71vgq3fw,15,512,1024,19.030340538418866
5n1q8atc,15,3,x77cy643,12,0,6144,19.684542028438234
5n1q8atc,15,4,x7u69zsw,49,1536,5120,19.947233823752757
5n1q8atc,16,0,pl8uabbv,28,1024,1024,14.625691848182543
5n1q8atc,16,1,pl8uabbv,47,1536,4096,15.007986732818676
5n1q8atc,16,2,utfgcjfa,11,0,5632,16.019517319236744
5n1q8atc,16,3,pl8uabbv,29,1024,1536,16.04341050581906
5n1q8atc,16,4,tuy3zymq,49,1536,5120,16.921936368502777
5n1q8atc,17,0,utfgcjfa,49,1536,5120,16.425745724578913
5n1q8atc,17,1,71vgq3fw,41,1536,1024,17.612788835604814
5n1q8atc,17,2,pl8uabbv,27,1024,512,18.091839593887222
5n1q8atc,17,3,pl8uabbv,18,512,2560,18.2655164640099
5n1q8atc,17,4,cfe5vt7s,48,1536,4608,18.88993928679708
5n1q8atc,18,0,utfgcjfa,31,1024,2560,18.1100924277339
5n1q8atc,18,1,vc2whyaq,21,512,4096,18.569951344235744
5n1q8atc,18,2,cfe5vt7s,21,512,4096,19.386243097400843
5n1q8atc,18,3,utfgcjfa,22,512,4608,19.543835075034032
5n1q8atc,18,4,0grcilhi,37,1024,5632,19.607467614013075
5n1q8atc,19,0,utfgcjfa,49,1536,5120,17.235499936207994
5n1q8atc,19,1,vc2whyaq,12,0,6144,17.516739842509253
5n1q8atc,19,2,cfe5vt7s,3,0,1536,17.842001806941276
5n1q8atc,19,3,71vgq3fw,41,1536,1024,18.041439910960392
5n1q8atc,19,4,ptg8lmto,9,0,4608,18.338876990227973
5n1q8atc,20,0,utfgcjfa,31,1024,2560,17.388691847756036
5n1q8atc,20,1,vc2whyaq,21,512,4096,17.62973565133191
5n1q8atc,20,2,0grcilhi,37,1024,5632,17.638980451231593
5n1q8atc,20,3,x77cy643,48,1536,4608,18.29141602371868
5n1q8atc,20,4,x77cy643,19,512,3072,18.719357755578503
5n1q8atc,21,0,x77cy643,19,512,3072,16.625098877119584
5n1q8atc,21,1,0grcilhi,37,1024,5632,17.534743654085535
5n1q8atc,21,2,ptg8lmto,9,0,4608,18.690413029818004
5n1q8atc,21,3,pl8uabbv,8,0,4096,18.93220843552294
5n1q8atc,21,4,vc2whyaq,4,0,2048,18.957057147872778
5n1q8atc,22,0,xgj4xftb,16,512,1536,17.932243845953916
5n1q8atc,22,1,x7u69zsw,0,0,0,18.067257174785848
5n1q8atc,22,2,xgj4xftb,4,0,2048,18.95938302637378
5n1q8atc,22,3,x77cy643,12,0,6144,19.263139758541435
5n1q8atc,22,4,ptg8lmto,5,0,2560,19.41644198548391
5n1q8atc,23,0,ptg8lmto,5,0,2560,19.42924701970948
5n1q8atc,23,1,kbdh4tri,37,1024,5632,19.62202522979877
5n1q8atc,23,2,ufdvpb81,25,512,6144,20.04085167261088
5n1q8atc,23,3,xgj4xftb,16,512,1536,20.166319831941035
5n1q8atc,23,4,x7u69zsw,1,0,512,21.11164406836637
5n1q8atc,24,0,xgj4xftb,16,512,1536,16.02711506612922
5n1q8atc,24,1,x7u69zsw,0,0,0,16.907601079043808
5n1q8atc,24,2,vc2whyaq,24,512,5632,17.76750418639787
5n1q8atc,24,3,hawkfj64,11,0,5632,19.327590047153826
5n1q8atc,24,4,x77cy643,11,0,5632,19.328141424038616
5n1q8atc,25,0,cfe5vt7s,26,1024,0,15.606405165103029
5n1q8atc,25,1,pl8uabbv,16,512,1536,16.88952121887796
5n1q8atc,25,2,cfe5vt7s,22,512,4608,17.818628587527538
5n1q8atc,25,3,pl8uabbv,49,1536,5120,18.44315578647813
5n1q8atc,25,4,utfgcjfa,31,1024,2560,18.46207349821434
5n1q8atc,26,0,x7u69zsw,0,0,0,13.607115774610705
5n1q8atc,26,1,utfgcjfa,2,0,1024,14.173458560961652
5n1q8atc,26,2,mgxahqnk,20,512,3584,15.574166783665047
5n1q8atc,26,3,cfe5vt7s,0,0,0,15.778815142194928
5n1q8atc,26,4,x77cy643,11,0,5632,15.864150070397013
5n1q8atc,27,0,utfgcjfa,11,0,5632,15.297189201203615
5n1q8atc,27,1,x77cy643,12,0,6144,15.842255304669562
5n1q8atc,27,2,x7u69zsw,0,0,0,15.92315347570988
5n1q8atc,27,3,utfgcjfa,31,1024,2560,16.14345105891361
5n1q8atc,27,4,vc2whyaq,12,0,6144,16.157896969679232
5n1q8atc,28,0,x7u69zsw,0,0,0,15.77885650071585
5n1q8atc,28,1,tuy3zymq,0,0,0,17.77272122460886
5n1q8atc,28,2,cfe5vt7s,3,0,1536,18.441511338062497
5n1q8atc,28,3,mgxahqnk,20,512,3584,18.468785503907696
5n1q8atc,28,4,kbdh4tri,40,1536,512,18.532290402371277
5n1q8atc,29,0,x7u69zsw,0,0,0,16.742871003148647
5n1q8atc,29,1,0grcilhi,37,1024,5632,17.665410041661154
5n1q8atc,29,2,kbdh4tri,1,0,512,18.08696932280716
5n1q8atc,29,3,kbdh4tri,41,1536,1024,18.452979893329367
5n1q8atc,29,4,hawkfj64,12,0,6144,18.610199212749954
5n1q8atc,30,0,vc2whyaq,46,1536,3584,16.266186640847017
5n1q8atc,30,1,x77cy643,1,0,512,17.074236303737305
5n1q8atc,30,2,x77cy643,16,512,1536,17.673507871702423
5n1q8atc,30,3,x77cy643,19,512,3072,18.125574634957896
5n1q8atc,30,4,x7u69zsw,0,0,0,18.177318791456464
5n1q8atc,31,0,vc2whyaq,48,1536,4608,14.44179544350819
5n1q8atc,31,1,utfgcjfa,49,1536,5120,15.591351058984253
5n1q8atc,31,2,vc2whyaq,39,1536,0,15.975789899542878
5n1q8atc,31,3,pl8uabbv,43,1536,2048,16.269359842445343
5n1q8atc,31,4,tuy3zymq,19,512,3072,16.666460037588806
5n1q8atc,32,0,cfe5vt7s,42,1536,1536,17.726646252006514
5n1q8atc,32,1,x7u69zsw,0,0,0,18.12838566160849
5n1q8atc,32,2,vc2whyaq,0,0,0,18.788980567177653
5n1q8atc,32,3,ptg8lmto,5,0,2560,19.09742230421179
5n1q8atc,32,4,kbdh4tri,37,1024,5632,19.16377243825459
5n1q8atc,33,0,x77cy643,19,512,3072,20.740339754262685
5n1q8atc,33,1,cfe5vt7s,3,0,1536,21.557751220553623
5n1q8atc,33,2,vc2whyaq,12,0,6144,22.175824252247335
5n1q8atc,33,3,x77cy643,12,0,6144,22.630542017835886
5n1q8atc,33,4,xgj4xftb,4,0,2048,22.66077676854488
5n1q8atc,34,0,0grcilhi,37,1024,5632,17.47395633889695
5n1q8atc,34,1,x77cy643,1,0,512,17.96224856879119
5n1q8atc,34,2,x77cy643,19,512,3072,18.28470883039573
5n1q8atc,34,3,pl8uabbv,40,1536,512,18.29409562561577
5n1q8atc,34,4,x7u69zsw,0,0,0,18.302028165320632
5n1q8atc,35,0,x77cy643,12,0,6144,17.335869034041764
5n1q8atc,35,1,xgj4xftb,16,512,1536,17.826163351581435
5n1q8atc,35,2,vc2whyaq,12,0,6144,18.85690158080092
5n1q8atc,35,3,xgj4xftb,4,0,2048,19.03497766700847
5n1q8atc,35,4,ptg8lmto,5,0,2560,19.073711249343358
5n1q8atc,36,0,ptg8lmto,5,0,2560,20.012081531950155
5n1q8atc,36,1,kbdh4tri,37,1024,5632,20.318404027627917
5n1q8atc,36,2,pl8uabbv,3,0,1536,20.433836330700135
5n1q8atc,36,3,ufdvpb81,25,512,6144,20.811087153816967
5n1q8atc,36,4,x7u69zsw,1,0,512,22.357008543710222
5n1q8atc,37,0,utfgcjfa,11,0,5632,14.307634389420594
5n1q8atc,37,1,utfgcjfa,31,1024,2560,16.047288323361794
5n1q8atc,37,2,x77cy643,42,1536,1536,16.971810533036525
5n1q8atc,37,3,ufdvpb81,10,0,5120,17.15895423765515
5n1q8atc,37,4,cfe5vt7s,13,512,0,17.482052754879966
5n1q8atc,38,0,x7u69zsw,0,0,0,15.404635781811765
5n1q8atc,38,1,ptg8lmto,9,0,4608,16.195907548964776
5n1q8atc,38,2,xgj4xftb,19,512,3072,16.589428204683237
5n1q8atc,38,3,x77cy643,19,512,3072,16.80347227296372
5n1q8atc,38,4,0grcilhi,37,1024,5632,16.977643796681892
5n1q8atc,39,0,9luzk4jm,15,512,1024,17.598266491261757
5n1q8atc,39,1,utfgcjfa,10,0,5120,17.984336415397134
5n1q8atc,39,2,utfgcjfa,37,1024,5632,19.0657488205316
5n1q8atc,39,3,hzumfsms,38,1024,6144,19.376535527888166
5n1q8atc,39,4,vc2whyaq,20,512,3584,19.793702885402297
5n1q8atc,40,0,pl8uabbv,24,512,5632,16.34873764203379
5n1q8atc,40,1,utfgcjfa,33,1024,3584,17.899693673541034
5n1q8atc,40,2,utfgcjfa,39,1536,0,18.313628915466964
5n1q8atc,40,3,pl8uabbv,27,1024,512,18.78751542873068
5n1q8atc,40,4,ufdvpb81,15,512,1024,19.180767547973915
5n1q8atc,41,0,utfgcjfa,31,1024,2560,13.244381884898422
5n1q8atc,41,1,cfe5vt7s,13,512,0,14.62473898600931
5n1q8atc,41,2,x77cy643,6,0,3072,15.248734618016632
5n1q8atc,41,3,x77cy643,20,512,3584,15.745627213827122
5n1q8atc,41,4,utfgcjfa,35,1024,4608,15.808001652372345
5n1q8atc,42,0,mgxahqnk,6,0,3072,18.668855698741847
5n1q8atc,42,1,cfe5vt7s,13,512,0,18.809435632165503
5n1q8atc,42,2,vc2whyaq,21,512,4096,18.890154946169798
5n1q8atc,42,3,utfgcjfa,31,1024,2560,19.233429566901542
5n1q8atc,42,4,x7u69zsw,2,0,1024,19.60731844235508
5n1q8atc,43,0,mgxahqnk,29,1024,1536,21.278017884155968
5n1q8atc,43,1,vc2whyaq,12,0,6144,21.593457319450426
5n1q8atc,43,2,x77cy643,4,0,2048,21.96668512570838
5n1q8atc,43,3,x77cy643,12,0,6144,22.19541415453433
5n1q8atc,43,4,71vgq3fw,41,1536,1024,22.28354466128718
5n1q8atc,44,0,xgj4xftb,19,512,3072,14.983195872373575
5n1q8atc,44,1,tuy3zymq,40,1536,512,16.381096311119066
5n1q8atc,44,2,ptg8lmto,14,512,512,17.056399282820887
5n1q8atc,44,3,kbdh4tri,3,0,1536,17.241741480610134
5n1q8atc,44,4,xgj4xftb,35,1024,4608,17.289203192614256
5n1q8atc,45,0,ufdvpb81,25,512,6144,15.724071780813247
5n1q8atc,45,1,kbdh4tri,37,1024,5632,17.025403108579557
5n1q8atc,45,2,x7u69zsw,1,0,512,19.119781537137232
5n1q8atc,45,3,tuy3zymq,50,1536,5632,19.796487680518275
5n1q8atc,45,4,pl8uabbv,8,0,4096,19.941019794317903
5n1q8atc,46,0,71vgq3fw,41,1536,1024,18.62599897512811
5n1q8atc,46,1,utfgcjfa,31,1024,2560,20.770340117501753
5n1q8atc,46,2,utfgcjfa,11,0,5632,20.803039772437316
5n1q8atc,46,3,x7u69zsw,0,0,0,21.096665191046366
5n1q8atc,46,4,utfgcjfa,49,1536,5120,21.538363700638822
5n1q8atc,47,0,x7u69zsw,0,0,0,15.875944064042463
5n1q8atc,47,1,x77cy643,7,0,3584,16.99006318666919
5n1q8atc,47,2,0grcilhi,37,1024,5632,17.698705817038732
5n1q8atc,47,3,x7u69zsw,43,1536,2048,17.7034063665985
5n1q8atc,47,4,x77cy643,19,512,3072,18.036312097820215
5n1q8atc,48,0,vc2whyaq,38,1024,6144,13.800154703558217
5n1q8atc,48,1,utfgcjfa,37,1024,5632,15.077631691026875
5n1q8atc,48,2,71vgq3fw,28,1024,1024,15.600779002281254
5n1q8atc,48,3,kbdh4tri,22,512,4608,16.467032931429095
5n1q8atc,48,4,vc2whyaq,20,512,3584,16.610207659482338
5n1q8atc,49,0,vc2whyaq,12,0,6144,14.954249553846923
5n1q8atc,49,1,utfgcjfa,6,0,3072,15.279746263808901
5n1q8atc,49,2,mgxahqnk,20,512,3584,15.35788584404012
5n1q8atc,49,3,0grcilhi,37,1024,5632,15.649566582340045
5n1q8atc,49,4,x7u69zsw,13,512,0,15.74369918816809
5n1q8atc,50,0,0grcilhi,37,1024,5632,14.343899388705474
5n1q8atc,50,1,hzumfsms,4,0,2048,14.943817576423436
5n1q8atc,50,2,x77cy643,19,512,3072,15.718013248247285
5n1q8atc,50,3,x7u69zsw,0,0,0,16.609588713102735
5n1q8atc,50,4,cfe5vt7s,0,0,0,17.50934168120407
5n1q8atc,51,0,ptg8lmto,0,0,0,18.42372210990248
5n1q8atc,51,1,xgj4xftb,16,512,1536,18.94117946939202
5n1q8atc,51,2,pl8uabbv,8,0,4096,18.963060627897015
5n1q8atc,51,3,mgxahqnk,1,0,512,19.64140660079157
5n1q8atc,51,4,x7u69zsw,1,0,512,19.98242253109527
f1vzngrs,0,0,0grcilhi,32,1024,3072,23.45465776880348
f1vzngrs,0,1,vc2whyaq,5,0,2560,24.30482397474633
f1vzngrs,0,2,utfgcjfa,43,1536,2048,25.664884388596743
f1vzngrs,0,3,71vgq3fw,1,0,512,27.165893617626168
f1vzngrs,0,4,ptg8lmto,13,512,0,27.254989073696297
f1vzngrs,1,0,x7u69zsw,41,1536,1024,15.90318515826126
f1vzngrs,1,1,71vgq3fw,43,1536,2048,16.118270080292916
f1vzngrs,1,2,71vgq3fw,38,1024,6144,16.605040915604633
f1vzngrs,1,3,kbdh4tri,8,0,4096,16.699329919565844
f1vzngrs,1,4,utfgcjfa,2,0,1024,16.714955728641883
f1vzngrs,2,0,vc2whyaq,45,1536,3072,18.081507370346685
f1vzngrs,2,1,pl8uabbv,36,1024,5120,19.237512775714517
f1vzngrs,2,2,x7u69zsw,0,0,0,19.264723533818252
f1vzngrs,2,3,tuy3zymq,6,0,3072,19.28854932021404
f1vzngrs,2,4,ptg8lmto,5,0,2560,19.36050656088034
f1vzngrs,3,0,x77cy643,12,0,6144,16.13003848386585
f1vzngrs,3,1,x7u69zsw,0,0,0,16.141720884858486
f1vzngrs,3,2,utfgcjfa,31,1024,2560,16.986490052849003
f1vzngrs,3,3,ufdvpb81,10,0,5120,17.113696767836274
f1vzngrs,3,4,cfe5vt7s,42,1536,1536,17.280094384986054
f1vzngrs,4,0,utfgcjfa,2,0,1024,13.80905213210721
f1vzngrs,4,1,pl8uabbv,36,1024,5120,14.750227349359097
f1vzngrs,4,2,hzumfsms,45,1536,3072,15.517021238643174
f1vzngrs,4,3,0grcilhi,28,1024,1024,16.06853922739768
f1vzngrs,4,4,ufdvpb81,34,1024,4096,16.139217895543734
f1vzngrs,5,0,pl8uabbv,36,1024,5120,14.844424617638147
f1vzngrs,5,1,utfgcjfa,2,0,1024,15.933240217385313
f1vzngrs,5,2,pl8uabbv,40,1536,512,16.076046497854055
f1vzngrs,5,3,kbdh4tri,13,512,0,16.142697577240888
f1vzngrs,5,4,mgxahqnk,20,512,3584,16.397486655527665
f1vzngrs,6,0,utfgcjfa,43,1536,2048,18.489733319794972
f1vzngrs,6,1,tuy3zymq,50,1536,5632,19.64853643618071
f1vzngrs,6,2,kbdh4tri,37,1024,5632,20.03230788346198
f1vzngrs,6,3,pl8uabbv,36,1024,5120,20.56899398241727
f1vzngrs,6,4,ptg8lmto,27,1024,512,21.233544745052342
f1vzngrs,7,0,utfgcjfa,2,0,1024,17.438433536323554
f1vzngrs,7,1,mgxahqnk,14,512,512,17.958870016489495
f1vzngrs,7,2,9luzk4jm,47,1536,4096,18.446190530296285
f1vzngrs,7,3,pl8uabbv,21,512,4096,18.87825857272639
f1vzngrs,7,4,ptg8lmto,11,0,5632,19.13163164401135
f1vzngrs,8,0,kbdh4tri,37,1024,5632,15.542121040218259
f1vzngrs,8,1,pl8uabbv,44,1536,2560,16.825577534959155
f1vzngrs,8,2,ufdvpb81,25,512,6144,16.97850718508806
f1vzngrs,8,3,xgj4xftb,16,512,1536,17.383473266299067
f1vzngrs,8,4,utfgcjfa,43,1536,2048,17.567432549569862
f1vzngrs,9,0,pl8uabbv,44,1536,2560,17.276363761758088
f1vzngrs,9,1,0grcilhi,28,1024,1024,17.279419990861616
f1vzngrs,9,2,utfgcjfa,2,0,1024,17.497048337589774
f1vzngrs,9,3,cfe5vt7s,42,1536,1536,18.235169151736933
f1vzngrs,9,4,x77cy643,19,512,3072,18.402075448890105
f1vzngrs,10,0,ptg8lmto,5,0,2560,16.73905815274447
f1vzngrs,10,1,x77cy643,9,0,4608,16.84986571277448
f1vzngrs,10,2,pl8uabbv,44,1536,2560,16.88656586676435
f1vzngrs,10,3,x7u69zsw,28,1024,1024,16.968250343542074
f1vzngrs,10,4,cfe5vt7s,42,1536,1536,17.90952283617776
f1vzngrs,11,0,x7u69zsw,0,0,0,19.37766247842939
f1vzngrs,11,1,ptg8lmto,5,0,2560,20.29315452261989
f1vzngrs,11,2,cfe5vt7s,42,1536,1536,20.86690917217724
f1vzngrs,11,3,pl8uabbv,36,1024,5120,20.906425919548848
f1vzngrs,11,4,tuy3zymq,6,0,3072,20.95775509888468
f1vzngrs,12,0,ufdvpb81,50,1536,5632,15.68151711532889
f1vzngrs,12,1,vc2whyaq,30,1024,2048,15.991203332094354
f1vzngrs,12,2,vc2whyaq,38,1024,6144,16.028966599186862
f1vzngrs,12,3,kbdh4tri,41,1536,1024,16.44391271276046
f1vzngrs,12,4,71vgq3fw,35,1024,4608,16.522026124333237
f1vzngrs,13,0,utfgcjfa,9,0,4608,18.170003661275413
f1vzngrs,13,1,xgj4xftb,13,512,0,18.799973744564742
f1vzngrs,13,2,hawkfj64,16,512,1536,19.320458379003608
f1vzngrs,13,3,hzumfsms,45,1536,3072,19.658928419935002
f1vzngrs,13,4,71vgq3fw,12,0,6144,19.680457857372772
f1vzngrs,14,0,pl8uabbv,40,1536,512,14.154218541486964
f1vzngrs,14,1,pl8uabbv,44,1536,2560,14.648502221616347
f1vzngrs,14,2,pl8uabbv,8,0,4096,15.79683742467083
f1vzngrs,14,3,kbdh4tri,37,1024,5632,16.812913527814622
f1vzngrs,14,4,hzumfsms,45,1536,3072,17.783876396997663
f1vzngrs,15,0,utfgcjfa,15,512,1024,15.515921786536786
f1vzngrs,15,1,pl8uabbv,47,1536,4096,15.5944785663622
f1vzngrs,15,2,utfgcjfa,8,0,4096,15.785537093353287
f1vzngrs,15,3,pl8uabbv,29,1024,1536,16.070776787368974
f1vzngrs,15,4,pl8uabbv,33,1024,3584,16.177673086885843
f1vzngrs,16,0,xgj4xftb,16,512,1536,18.36239274282262
f1vzngrs,16,1,utfgcjfa,43,1536,2048,18.39708895437843
f1vzngrs,16,2,tuy3zymq,6,0,3072,18.586403232454945
f1vzngrs,16,3,pl8uabbv,44,1536,2560,19.047581877985245
f1vzngrs,16,4,ptg8lmto,5,0,2560,19.490174900637612
f1vzngrs,17,0,0grcilhi,28,1024,1024,14.797176961960504
f1vzngrs,17,1,x7u69zsw,13,512,0,15.894228941444075
f1vzngrs,17,2,cfe5vt7s,23,512,5120,16.921546695205908
f1vzngrs,17,3,hzumfsms,45,1536,3072,17.119385179129786
f1vzngrs,17,4,x7u69zsw,41,1536,1024,17.254940710195502
f1vzngrs,18,0,kbdh4tri,3,0,1536,16.081243004145424
f1vzngrs,18,1,hzumfsms,45,1536,3072,16.802602850027544
f1vzngrs,18,2,pl8uabbv,36,1024,5120,17.659018166032816
f1vzngrs,18,3,utfgcjfa,9,0,4608,18.248149932886847
f1vzngrs,18,4,pl8uabbv,21,512,4096,18.492428045716142
f1vzngrs,19,0,x77cy643,11,0,5632,18.03750240253541
f1vzngrs,19,1,utfgcjfa,6,0,3072,18.769636103840217
f1vzngrs,19,2,x7u69zsw,13,512,0,18.99497877495695
f1vzngrs,19,3,vc2whyaq,46,1536,3584,19.214424000933175
f1vzngrs,19,4,x77cy643,1,0,512,19.271025704625636
f1vzngrs,20,0,cfe5vt7s,50,1536,5632,16.99814496557475
f1vzngrs,20,1,ufdvpb81,25,512,6144,18.679130785117774
f1vzngrs,20,2,x77cy643,19,512,3072,18.84063661479014
f1vzngrs,20,3,kbdh4tri,3,0,1536,18.869646967592107
f1vzngrs,20,4,0grcilhi,28,1024,1024,18.9855785021209
f1vzngrs,21,0,utfgcjfa,6,0,3072,14.737656881366673
f1vzngrs,21,1,71vgq3fw,43,1536,2048,15.691825183989
f1vzngrs,21,2,kbdh4tri,4,0,2048,16.342098049308856
f1vzngrs,21,3,pl8uabbv,23,512,5120,16.43502685596357
f1vzngrs,21,4,ufdvpb81,0,0,0,16.564891389587395
f1vzngrs,22,0,ufdvpb81,25,512,6144,13.738135433830777
f1vzngrs,22,1,xgj4xftb,13,512,0,16.818008365647273
f1vzngrs,22,2,9luzk4jm,4,0,2048,17.059333872059316
f1vzngrs,22,3,hzumfsms,45,1536,3072,17.654424613017724
f1vzngrs,22,4,kbdh4tri,13,512,0,17.95767495583617
f1vzngrs,23,0,pl8uabbv,17,512,2048,14.419036564697356
f1vzngrs,23,1,utfgcjfa,0,0,0,16.17543403314416
f1vzngrs,23,2,ufdvpb81,50,1536,5632,16.478999800718302
f1vzngrs,23,3,kbdh4tri,19,512,3072,16.496513298056804
f1vzngrs,23,4,xgj4xftb,4,0,2048,16.533717935961164
f1vzngrs,24,0,utfgcjfa,2,0,1024,13.495413120072012
f1vzngrs,24,1,vc2whyaq,42,1536,1536,14.007281201635518
f1vzngrs,24,2,mgxahqnk,20,512,3584,14.479188880617496
f1vzngrs,24,3,cfe5vt7s,23,512,5120,14.7640892321662
f1vzngrs,24,4,cfe5vt7s,0,0,0,14.852653445314722
f1vzngrs,25,0,utfgcjfa,2,0,1024,16.929528305065197
f1vzngrs,25,1,0grcilhi,28,1024,1024,18.336607798089293
f1vzngrs,25,2,kbdh4tri,37,1024,5632,19.113768642601595
f1vzngrs,25,3,pl8uabbv,36,1024,5120,19.669867981554297
f1vzngrs,25,4,utfgcjfa,43,1536,2048,19.86395231587954
f1vzngrs,26,0,utfgcjfa,2,0,1024,15.621573429256632
f1vzngrs,26,1,kbdh4tri,37,1024,5632,15.81500757718499
f1vzngrs,26,2,hzumfsms,45,1536,3072,16.517032669622715
f1vzngrs,26,3,pl8uabbv,35,1024,4608,16.669095074653505
f1vzngrs,26,4,utfgcjfa,43,1536,2048,16.843162246298473
f1vzngrs,27,0,pl8uabbv,40,1536,512,17.109791808612037
f1vzngrs,27,1,pl8uabbv,21,512,4096,18.00812310228419
f1vzngrs,27,2,hawkfj64,11,0,5632,18.211880524673347
f1vzngrs,27,3,x7u69zsw,36,1024,5120,18.490026836211694
f1vzngrs,27,4,vc2whyaq,17,512,2048,18.757413437709424
f1vzngrs,28,0,pl8uabbv,8,0,4096,15.424874061805216
f1vzngrs,28,1,x77cy643,3,0,1536,16.939103911046004
f1vzngrs,28,2,hawkfj64,16,512,1536,17.566714166400196
f1vzngrs,28,3,0grcilhi,28,1024,1024,17.717331264175247
f1vzngrs,28,4,x7u69zsw,1,0,512,18.037708830550976
f1vzngrs,29,0,ptg8lmto,11,0,5632,15.051536737695647
f1vzngrs,29,1,kbdh4tri,3,0,1536,15.084015616176323
f1vzngrs,29,2,kbdh4tri,50,1536,5632,15.234591021671802
f1vzngrs,29,3,mgxahqnk,31,1024,2560,15.758986924421352
f1vzngrs,29,4,pl8uabbv,30,1024,2048,16.08759005487275
f1vzngrs,30,0,0grcilhi,28,1024,1024,16.33887972522873
f1vzngrs,30,1,pl8uabbv,40,1536,512,17.44148163706562
f1vzngrs,30,2,9luzk4jm,4,0,2048,17.636368525081963
f1vzngrs,30,3,hzumfsms,45,1536,3072,18.19309782208845
f1vzngrs,30,4,ptg8lmto,7,0,3584,18.280472164837235
f1vzngrs,31,0,utfgcjfa,9,0,4608,15.553943498266646
f1vzngrs,31,1,hawkfj64,16,512,1536,16.81362238217776
f1vzngrs,31,2,pl8uabbv,44,1536,2560,16.81393070524687
f1vzngrs,31,3,x77cy643,9,0,4608,18.58107818450743
f1vzngrs,31,4,x77cy643,19,512,3072,18.919091807460834
f1vzngrs,32,0,71vgq3fw,43,1536,2048,13.391284864821191
f1vzngrs,32,1,mgxahqnk,5,0,2560,15.214157423970857
f1vzngrs,32,2,kbdh4tri,3,0,1536,15.600462298891188
f1vzngrs,32,3,kbdh4tri,21,512,4096,15.670149075855715
f1vzngrs,32,4,mgxahqnk,31,1024,2560,15.726129830389064
f1vzngrs,33,0,0grcilhi,37,1024,5632,16.989649382533337
f1vzngrs,33,1,ufdvpb81,37,1024,5632,17.319641725735845
f1vzngrs,33,2,cfe5vt7s,23,512,5120,17.564832971902163
f1vzngrs,33,3,utfgcjfa,47,1536,4096,18.179365568215367
f1vzngrs,33,4,cfe5vt7s,25,512,6144,18.293051801851913
f1vzngrs,34,0,utfgcjfa,2,0,1024,15.377962020572124
f1vzngrs,34,1,xgj4xftb,16,512,1536,16.32559424907274
f1vzngrs,34,2,pl8uabbv,17,512,2048,16.388446287169955
f1vzngrs,34,3,pl8uabbv,35,1024,4608,17.147382462317484
f1vzngrs,34,4,vc2whyaq,24,512,5632,18.749602372682627
f1vzngrs,35,0,kbdh4tri,19,512,3072,17.31719237046636
f1vzngrs,35,1,tuy3zymq,6,0,3072,17.538813081226564
f1vzngrs,35,2,pl8uabbv,36,1024,5120,17.559990190257945
f1vzngrs,35,3,ptg8lmto,23,512,5120,17.95869457272135
f1vzngrs,35,4,ptg8lmto,5,0,2560,18.027377541760547
f1vzngrs,36,0,mgxahqnk,20,512,3584,13.523855398563441
f1vzngrs,36,1,vc2whyaq,42,1536,1536,14.3160008449207
f1vzngrs,36,2,x7u69zsw,13,512,0,14.552591821921165
f1vzngrs,36,3,ptg8lmto,11,0,5632,14.621004681064969
f1vzngrs,36,4,kbdh4tri,13,512,0,14.76595075443446
f1vzngrs,37,0,cfe5vt7s,23,512,5120,18.4983720241826
f1vzngrs,37,1,cfe5vt7s,16,512,1536,19.05152806267089
f1vzngrs,37,2,vc2whyaq,12,0,6144,19.73395522942503
f1vzngrs,37,3,x77cy643,9,0,4608,20.26967630630137
f1vzngrs,37,4,71vgq3fw,38,1024,6144,20.332397427451344
f1vzngrs,38,0,x7u69zsw,16,512,1536,15.0646131043864
f1vzngrs,38,1,x7u69zsw,0,0,0,15.42712518038157
f1vzngrs,38,2,kbdh4tri,3,0,1536,15.495395649121345
f1vzngrs,38,3,ptg8lmto,23,512,5120,15.982656145969347
f1vzngrs,38,4,x7u69zsw,13,512,0,16.033293271420106
f1vzngrs,39,0,utfgcjfa,2,0,1024,15.029531409404301
f1vzngrs,39,1,pl8uabbv,35,1024,4608,17.295832981117417
f1vzngrs,39,2,x7u69zsw,41,1536,1024,17.96279929037694
f1vzngrs,39,3,vc2whyaq,0,0,0,18.215911119431
f1vzngrs,39,4,xgj4xftb,16,512,1536,18.303433629657167
f1vzngrs,40,0,kbdh4tri,37,1024,5632,15.437370186680683
f1vzngrs,40,1,kbdh4tri,13,512,0,15.575748647773771
f1vzngrs,40,2,ufdvpb81,25,512,6144,15.622982825931112
f1vzngrs,40,3,9luzk4jm,4,0,2048,16.55451752707156
f1vzngrs,40,4,ptg8lmto,26,1024,0,16.901761963907884
f1vzngrs,41,0,pl8uabbv,17,512,2048,13.067036078358038
f1vzngrs,41,1,pl8uabbv,47,1536,4096,14.793496964056914
f1vzngrs,41,2,vc2whyaq,30,1024,2048,15.660806690011503
f1vzngrs,41,3,pl8uabbv,11,0,5632,15.917281640189103
f1vzngrs,41,4,71vgq3fw,38,1024,6144,16.173922256847884
f1vzngrs,42,0,kbdh4tri,50,1536,5632,14.326017295120847
f1vzngrs,42,1,71vgq3fw,39,1536,0,14.715038863092557
f1vzngrs,42,2,71vgq3fw,1,0,512,17.408569053642314
f1vzngrs,42,3,tuy3zymq,40,1536,512,17.682583082670583
f1vzngrs,42,4,tuy3zymq,4,0,2048,18.148924744316993
f1vzngrs,43,0,vc2whyaq,4,0,2048,16.506576483044405
f1vzngrs,43,1,x77cy643,47,1536,4096,17.310784349788175
f1vzngrs,43,2,tuy3zymq,17,512,2048,17.46752979015252
f1vzngrs,43,3,tuy3zymq,40,1536,512,18.321497180079906
f1vzngrs,43,4,71vgq3fw,5,0,2560,18.499782064582387
f1vzngrs,44,0,0grcilhi,13,512,0,13.583920158723242
f1vzngrs,44,1,kbdh4tri,3,0,1536,14.059515902131027
f1vzngrs,44,2,x77cy643,47,1536,4096,14.142340092584996
f1vzngrs,44,3,vc2whyaq,17,512,2048,14.163699157016662
f1vzngrs,44,4,ptg8lmto,11,0,5632,14.443481744492582
f1vzngrs,45,0,kbdh4tri,13,512,0,14.587321120173634
f1vzngrs,45,1,ufdvpb81,25,512,6144,15.803581408053132
f1vzngrs,45,2,tuy3zymq,50,1536,5632,15.831713630332304
f1vzngrs,45,3,cfe5vt7s,40,1536,512,15.91739077362268
f1vzngrs,45,4,hzumfsms,45,1536,3072,15.932837147104404
f1vzngrs,46,0,xgj4xftb,19,512,3072,13.671230361779244
f1vzngrs,46,1,ptg8lmto,23,512,5120,14.50291860260388
f1vzngrs,46,2,kbdh4tri,3,0,1536,15.293048141289015
f1vzngrs,46,3,vc2whyaq,17,512,2048,15.363267303168511
f1vzngrs,46,4,hawkfj64,1,0,512,15.655066675545969
f1vzngrs,47,0,x77cy643,20,512,3584,15.011908348255574
f1vzngrs,47,1,cfe5vt7s,47,1536,4096,15.659443994163796
f1vzngrs,47,2,utfgcjfa,31,1024,2560,15.782382296165174
f1vzngrs,47,3,x77cy643,48,1536,4608,15.942572841633996
f1vzngrs,47,4,x77cy643,47,1536,4096,16.502724828073873
f1vzngrs,48,0,mgxahqnk,13,512,0,16.755699448593777
f1vzngrs,48,1,kbdh4tri,31,1024,2560,17.56833873456948
f1vzngrs,48,2,x7u69zsw,31,1024,2560,17.84364638873485
f1vzngrs,48,3,tuy3zymq,45,1536,3072,18.10903826631462
f1vzngrs,48,4,x7u69zsw,27,1024,512,18.19280309202133
f1vzngrs,49,0,pl8uabbv,21,512,4096,15.406358808272884
f1vzngrs,49,1,xgj4xftb,35,1024,4608,17.330578632786935
f1vzngrs,49,2,vc2whyaq,17,512,2048,17.508125573106003
f1vzngrs,49,3,kbdh4tri,3,0,1536,17.586273482493915
f1vzngrs,49,4,71vgq3fw,1,0,512,17.638501807553997
f1vzngrs,50,0,kbdh4tri,37,1024,5632,15.35749320234447
f1vzngrs,50,1,hawkfj64,11,0,5632,18.4581893997328
f1vzngrs,50,2,ptg8lmto,5,0,2560,18.656720305078853
f1vzngrs,50,3,pl8uabbv,40,1536,512,18.891789344395633
f1vzngrs,50,4,vc2whyaq,24,512,5632,19.034764567377742
f1vzngrs,51,0,kbdh4tri,37,1024,5632,16.81364574191081
f1vzngrs,51,1,ufdvpb81,25,512,6144,16.974770826566143
f1vzngrs,51,2,utfgcjfa,43,1536,2048,18.18841763275001
f1vzngrs,51,3,tuy3zymq,50,1536,5632,18.19922776938916
f1vzngrs,51,4,xgj4xftb,20,512,3584,18.500450239334135
ffwubibz,0,0,mgxahqnk,30,1024,2048,15.395254610721452
ffwubibz,0,1,cfe5vt7s,2,0,1024,17.353766813147057
ffwubibz,0,2,vc2whyaq,42,1536,1536,17.835046789345963
ffwubibz,0,3,cfe5vt7s,38,1024,6144,18.30484961057871
ffwubibz,0,4,pl8uabbv,46,1536,3584,18.316718324187896
ffwubibz,1,0,pl8uabbv,38,1024,6144,15.993309448537492
ffwubibz,1,1,pl8uabbv,17,512,2048,16.166074378860625
ffwubibz,1,2,utfgcjfa,31,1024,2560,16.726702295386442
ffwubibz,1,3,kbdh4tri,19,512,3072,16.86049285714013
ffwubibz,1,4,kbdh4tri,27,1024,512,16.92493830041674
ffwubibz,2,0,kbdh4tri,11,0,5632,14.736442514440016
ffwubibz,2,1,cfe5vt7s,36,1024,5120,15.182789479427052
ffwubibz,2,2,kbdh4tri,29,1024,1536,15.342591245111883
ffwubibz,2,3,71vgq3fw,25,512,6144,15.657372691378505
ffwubibz,2,4,hzumfsms,34,1024,4096,16.377357817191502
ffwubibz,3,0,utfgcjfa,6,0,3072,16.28708415040554
ffwubibz,3,1,cfe5vt7s,2,0,1024,16.776328659839205
ffwubibz,3,2,ptg8lmto,33,1024,3584,16.88969399810699
ffwubibz,3,3,x77cy643,47,1536,4096,17.57281379655423
ffwubibz,3,4,utfgcjfa,18,512,2560,17.596812091590103
ffwubibz,4,0,hzumfsms,50,1536,5632,17.053871436589223
ffwubibz,4,1,vc2whyaq,33,1024,3584,17.756037421181194
ffwubibz,4,2,vc2whyaq,37,1024,5632,18.69950904566028
ffwubibz,4,3,ufdvpb81,21,512,4096,18.785569055953612
ffwubibz,4,4,hzumfsms,35,1024,4608,18.97852185196206
ffwubibz,5,0,cfe5vt7s,14,512,512,15.646561844762788
ffwubibz,5,1,ufdvpb81,14,512,512,15.690795462275169
ffwubibz,5,2,pl8uabbv,22,512,4608,17.547683688865387
ffwubibz,5,3,ptg8lmto,11,0,5632,17.93067445133187
ffwubibz,5,4,71vgq3fw,43,1536,2048,17.934052733446578
ffwubibz,6,0,ufdvpb81,14,512,512,15.533893011204443
ffwubibz,6,1,0grcilhi,37,1024,5632,15.936933360608876
ffwubibz,6,2,x7u69zsw,16,512,1536,15.955289858493332
ffwubibz,6,3,cfe5vt7s,23,512,5120,16.35779648029069
ffwubibz,6,4,hzumfsms,4,0,2048,16.59990024866458
ffwubibz,7,0,utfgcjfa,30,1024,2048,13.618978311765247
ffwubibz,7,1,utfgcjfa,31,1024,2560,14.995608016704727
ffwubibz,7,2,vc2whyaq,32,1024,3072,15.155182034748359
ffwubibz,7,3,vc2whyaq,39,1536,0,15.853210787823755
ffwubibz,7,4,vc2whyaq,16,512,1536,16.109559253158228
ffwubibz,8,0,utfgcjfa,2,0,1024,16.814920973396266
ffwubibz,8,1,ufdvpb81,34,1024,4096,16.82022229955198
ffwubibz,8,2,pl8uabbv,34,1024,4096,17.098008561097075
ffwubibz,8,3,x7u69zsw,36,1024,5120,17.67607673093515
ffwubibz,8,4,ptg8lmto,33,1024,3584,17.72836398883226
ffwubibz,9,0,0grcilhi,11,0,5632,16.09454134272285
ffwubibz,9,1,hawkfj64,2,0,1024,16.644573063562703
ffwubibz,9,2,tuy3zymq,37,1024,5632,16.996630626917955
ffwubibz,9,3,pl8uabbv,27,1024,512,17.063711228328387
ffwubibz,9,4,tuy3zymq,15,512,1024,17.07869482677074
ffwubibz,10,0,vc2whyaq,39,1536,0,18.368402125037523
ffwubibz,10,1,kbdh4tri,27,1024,512,18.63514744580079
ffwubibz,10,2,kbdh4tri,38,1024,6144,19.428359621545066
ffwubibz,10,3,mgxahqnk,2,0,1024,19.4659522811886
ffwubibz,10,4,ptg8lmto,28,1024,1024,19.49354301811971
ffwubibz,11,0,x77cy643,19,512,3072,13.085733118237272
ffwubibz,11,1,x7u69zsw,0,0,0,14.304623098679404
ffwubibz,11,2,cfe5vt7s,42,1536,1536,14.570797916156511
ffwubibz,11,3,vc2whyaq,12,0,6144,15.110387187926612
ffwubibz,11,4,kbdh4tri,41,1536,1024,15.768578106715287
ffwubibz,12,0,utfgcjfa,6,0,3072,15.384082143619263
ffwubibz,12,1,hzumfsms,7,0,3584,16.01498242137101
ffwubibz,12,2,0grcilhi,13,512,0,16.729068776395092
ffwubibz,12,3,vc2whyaq,17,512,2048,16.90360913873811
ffwubibz,12,4,ufdvpb81,34,1024,4096,16.92738611698962
ffwubibz,13,0,0grcilhi,13,512,0,13.324868473853003
ffwubibz,13,1,71vgq3fw,3,0,1536,16.146087562673532
ffwubibz,13,2,ptg8lmto,33,1024,3584,17.12382183550766
ffwubibz,13,3,pl8uabbv,43,1536,2048,17.144812401777298
ffwubibz,13,4,x7u69zsw,35,1024,4608,17.395812608285965
ffwubibz,14,0,71vgq3fw,16,512,1536,17.51682901345795
ffwubibz,14,1,71vgq3fw,9,0,4608,17.8700215653258
ffwubibz,14,2,cfe5vt7s,38,1024,6144,17.912275161397815
ffwubibz,14,3,utfgcjfa,6,0,3072,18.009399602422967
ffwubibz,14,4,x7u69zsw,13,512,0,18.248008280005845
ffwubibz,15,0,9luzk4jm,35,1024,4608,13.869002082374733
ffwubibz,15,1,x77cy643,34,1024,4096,16.807061675345974
ffwubibz,15,2,utfgcjfa,39,1536,0,17.391918513692804
ffwubibz,15,3,ufdvpb81,27,1024,512,17.460360014286184
ffwubibz,15,4,9luzk4jm,36,1024,5120,17.817115772188338
ffwubibz,16,0,cfe5vt7s,16,512,1536,13.835089768844771
ffwubibz,16,1,ufdvpb81,15,512,1024,14.551597217425561
ffwubibz,16,2,hzumfsms,36,1024,5120,14.623307100040524
ffwubibz,16,3,x77cy643,5,0,2560,14.940474173849664
ffwubibz,16,4,ufdvpb81,32,1024,3072,15.179466012311643
ffwubibz,17,0,utfgcjfa,10,0,5120,13.929145133863752
ffwubibz,17,1,x77cy643,5,0,2560,13.983884460420274
ffwubibz,17,2,cfe5vt7s,22,512,4608,14.682154208414891
ffwubibz,17,3,ufdvpb81,32,1024,3072,14.915650496364181
ffwubibz,17,4,vc2whyaq,21,512,4096,15.386365260831008
ffwubibz,18,0,vc2whyaq,33,1024,3584,13.97184190174565
ffwubibz,18,1,9luzk4jm,33,1024,3584,14.817984379711877
ffwubibz,18,2,x77cy643,24,512,5632,14.820428187997196
ffwubibz,18,3,cfe5vt7s,28,1024,1024,14.832544927556734
ffwubibz,18,4,kbdh4tri,45,1536,3072,15.30476546596763
ffwubibz,19,0,vc2whyaq,33,1024,3584,13.845519744248195
ffwubibz,19,1,utfgcjfa,46,1536,3584,14.09753126669081
ffwubibz,19,2,utfgcjfa,22,512,4608,14.28788621296583
ffwubibz,19,3,cfe5vt7s,1,0,512,14.593328852201795
ffwubibz,19,4,x7u69zsw,12,0,6144,14.811975340762254
ffwubibz,20,0,vc2whyaq,33,1024,3584,15.84499640910529
ffwubibz,20,1,9luzk4jm,20,512,3584,16.109759916585276
ffwubibz,20,2,utfgcjfa,15,512,1024,16.810230774201944
ffwubibz,20,3,pl8uabbv,49,1536,5120,17.233416529873836
ffwubibz,20,4,utfgcjfa,44,1536,2560,17.323332742498394
ffwubibz,21,0,vc2whyaq,46,1536,3584,15.837198293624484
ffwubibz,21,1,pl8uabbv,22,512,4608,16.919073242202234
ffwubibz,21,2,9luzk4jm,21,512,4096,17.07295861653263
ffwubibz,21,3,cfe5vt7s,36,1024,5120,17.853050376360468
ffwubibz,21,4,9luzk4jm,12,0,6144,18.071952103667925
ffwubibz,22,0,hzumfsms,49,1536,5120,13.129329836542471
ffwubibz,22,1,vc2whyaq,3,0,1536,13.604271068251256
ffwubibz,22,2,x77cy643,35,1024,4608,14.221244002220656
ffwubibz,22,3,9luzk4jm,12,0,6144,14.335793716850766
ffwubibz,22,4,cfe5vt7s,36,1024,5120,14.957667156329446
ffwubibz,23,0,pl8uabbv,30,1024,2048,17.874801738646582
ffwubibz,23,1,pl8uabbv,34,1024,4096,17.94884687976662
ffwubibz,23,2,kbdh4tri,21,512,4096,20.04586708102983
ffwubibz,23,3,cfe5vt7s,50,1536,5632,20.136434095522997
ffwubibz,23,4,ufdvpb81,0,0,0,20.180136452714425
ffwubibz,24,0,utfgcjfa,31,1024,2560,13.460075623741565
ffwubibz,24,1,utfgcjfa,15,512,1024,14.19071332827783
ffwubibz,24,2,ufdvpb81,23,512,5120,14.419732162830263
ffwubibz,24,3,utfgcjfa,1,0,512,15.109148435342105
ffwubibz,24,4,utfgcjfa,39,1536,0,15.267325416227724
ffwubibz,25,0,pl8uabbv,41,1536,1024,14.209336497210744
ffwubibz,25,1,9luzk4jm,1,0,512,14.43102257815746
ffwubibz,25,2,xgj4xftb,8,0,4096,15.413038958687668
ffwubibz,25,3,71vgq3fw,44,1536,2560,15.452512013650027
ffwubibz,25,4,vc2whyaq,17,512,2048,15.639123529806794
ffwubibz,26,0,vc2whyaq,34,1024,4096,15.378610438610108
ffwubibz,26,1,cfe5vt7s,2,0,1024,15.528144671062396
ffwubibz,26,2,pl8uabbv,33,1024,3584,15.62114761206155
ffwubibz,26,3,vc2whyaq,42,1536,1536,15.686749657895072
ffwubibz,26,4,9luzk4jm,47,1536,4096,16.106112651167493
ffwubibz,27,0,cfe5vt7s,29,1024,1536,15.804952169726159
ffwubibz,27,1,9luzk4jm,28,1024,1024,16.083872031319636
ffwubibz,27,2,71vgq3fw,10,0,5120,16.495300586546577
ffwubibz,27,3,cfe5vt7s,28,1024,1024,16.64656098027888
ffwubibz,27,4,ptg8lmto,33,1024,3584,16.96046197437731
ffwubibz,28,0,x77cy643,23,512,5120,18.756914366179032
ffwubibz,28,1,mgxahqnk,13,512,0,19.873009313545317
ffwubibz,28,2,vc2whyaq,47,1536,4096,19.924712701675393
ffwubibz,28,3,utfgcjfa,23,512,5120,20.220991005659936
ffwubibz,28,4,vc2whyaq,20,512,3584,20.22928475798713
ffwubibz,29,0,mgxahqnk,13,512,0,18.593253689147705
ffwubibz,29,1,ufdvpb81,46,1536,3584,18.697260283968834
ffwubibz,29,2,ufdvpb81,39,1536,0,18.699529650790534
ffwubibz,29,3,vc2whyaq,47,1536,4096,19.03081366334216
ffwubibz,29,4,vc2whyaq,16,512,1536,19.22898870262701
ffwubibz,30,0,cfe5vt7s,47,1536,4096,17.31770873917863
ffwubibz,30,1,utfgcjfa,15,512,1024,17.81598049782435
ffwubibz,30,2,vc2whyaq,47,1536,4096,17.852644980493043
ffwubibz,30,3,pl8uabbv,41,1536,1024,18.15845532141055
ffwubibz,30,4,cfe5vt7s,22,512,4608,18.363698529818656
ffwubibz,31,0,ufdvpb81,21,512,4096,13.698872483336311
ffwubibz,31,1,71vgq3fw,19,512,3072,15.527978629162766
ffwubibz,31,2,vc2whyaq,41,1536,1024,16.199603374348357
ffwubibz,31,3,x77cy643,47,1536,4096,16.83511344830383
ffwubibz,31,4,vc2whyaq,4,0,2048,16.92389162540767
ffwubibz,32,0,vc2whyaq,20,512,3584,15.064035988461375
ffwubibz,32,1,vc2whyaq,48,1536,4608,15.862764730732575
ffwubibz,32,2,x77cy643,20,512,3584,16.6995856956458
ffwubibz,32,3,9luzk4jm,24,512,5632,16.73504551904061
ffwubibz,32,4,utfgcjfa,31,1024,2560,17.811861991273524
ffwubibz,33,0,9luzk4jm,1,0,512,10.17249286229463
ffwubibz,33,1,9luzk4jm,20,512,3584,13.962329534806818
ffwubibz,33,2,mgxahqnk,36,1024,5120,14.755144297841426
ffwubibz,33,3,hzumfsms,49,1536,5120,14.821736580516523
ffwubibz,33,4,71vgq3fw,46,1536,3584,14.875478751928501
ffwubibz,34,0,x77cy643,35,1024,4608,14.915785733404897
ffwubibz,34,1,mgxahqnk,8,0,4096,15.75477079263193
ffwubibz,34,2,utfgcjfa,10,0,5120,17.037640482804182
ffwubibz,34,3,mgxahqnk,22,512,4608,17.196247350777337
ffwubibz,34,4,ufdvpb81,15,512,1024,17.47903835365607
ffwubibz,35,0,cfe5vt7s,24,512,5632,15.133655155722852
ffwubibz,35,1,x77cy643,12,0,6144,15.521960521380402
ffwubibz,35,2,pl8uabbv,17,512,2048,16.485725836171273
ffwubibz,35,3,kbdh4tri,19,512,3072,16.649911326648645
ffwubibz,35,4,cfe5vt7s,13,512,0,16.964341803169734
ffwubibz,36,0,ufdvpb81,32,1024,3072,13.832761046260101
ffwubibz,36,1,pl8uabbv,41,1536,1024,15.628266155829818
ffwubibz,36,2,utfgcjfa,15,512,1024,16.14424895410804
ffwubibz,36,3,ufdvpb81,34,1024,4096,16.602335556373987
ffwubibz,36,4,ufdvpb81,23,512,5120,16.775602994014406
ffwubibz,37,0,ufdvpb81,27,1024,512,15.450987842815106
ffwubibz,37,1,vc2whyaq,20,512,3584,17.42531925178706
ffwubibz,37,2,ufdvpb81,15,512,1024,17.513240411493577
ffwubibz,37,3,vc2whyaq,38,1024,6144,17.599794815606128
ffwubibz,37,4,cfe5vt7s,48,1536,4608,17.733235340936254
ffwubibz,38,0,vc2whyaq,21,512,4096,16.182491294339776
ffwubibz,38,1,utfgcjfa,10,0,5120,16.279095744248778
ffwubibz,38,2,x77cy643,19,512,3072,16.537844509485897
ffwubibz,38,3,vc2whyaq,39,1536,0,16.965779338663
ffwubibz,38,4,cfe5vt7s,30,1024,2048,17.424865118129674
ffwubibz,39,0,pl8uabbv,22,512,4608,11.54181253060167
ffwubibz,39,1,71vgq3fw,21,512,4096,14.113628246562277
ffwubibz,39,2,cfe5vt7s,23,512,5120,15.366107758679107
ffwubibz,39,3,x77cy643,26,1024,0,15.60540617280426
ffwubibz,39,4,pl8uabbv,10,0,5120,15.672901590967498
ffwubibz,40,0,hzumfsms,16,512,1536,14.543748054749896
ffwubibz,40,1,hzumfsms,29,1024,1536,15.58456166485545
ffwubibz,40,2,hzumfsms,49,1536,5120,15.638291052448395
ffwubibz,40,3,hzumfsms,36,1024,5120,15.952994581863264
ffwubibz,40,4,x77cy643,47,1536,4096,16.576331290531773
ffwubibz,41,0,pl8uabbv,11,0,5632,17.39729051004765
ffwubibz,41,1,ufdvpb81,30,1024,2048,18.154521002390386
ffwubibz,41,2,utfgcjfa,24,512,5632,18.909501880420773
ffwubibz,41,3,pl8uabbv,16,512,1536,19.100470915062516
ffwubibz,41,4,hzumfsms,25,512,6144,19.116756998715527
ffwubibz,42,0,cfe5vt7s,49,1536,5120,17.579788595324477
ffwubibz,42,1,9luzk4jm,9,0,4608,17.72091718827481
ffwubibz,42,2,vc2whyaq,39,1536,0,17.803045543488118
ffwubibz,42,3,9luzk4jm,36,1024,5120,17.865482519841372
ffwubibz,42,4,vc2whyaq,7,0,3584,18.062240153882765
ffwubibz,43,0,vc2whyaq,4,0,2048,17.310810135412595
ffwubibz,43,1,vc2whyaq,34,1024,4096,17.519319246950644
ffwubibz,43,2,cfe5vt7s,0,0,0,18.35899166877486
ffwubibz,43,3,9luzk4jm,27,1024,512,18.733383609653817
ffwubibz,43,4,cfe5vt7s,2,0,1024,18.800144023320083
ffwubibz,44,0,vc2whyaq,20,512,3584,14.279236272464315
ffwubibz,44,1,71vgq3fw,33,1024,3584,15.268444371101216
ffwubibz,44,2,ufdvpb81,15,512,1024,15.93008540397789
ffwubibz,44,3,71vgq3fw,28,1024,1024,16.911266135562077
ffwubibz,44,4,0grcilhi,11,0,5632,17.017611370803984
ffwubibz,45,0,cfe5vt7s,47,1536,4096,12.378950578893111
ffwubibz,45,1,mgxahqnk,8,0,4096,15.336485430557383
ffwubibz,45,2,utfgcjfa,45,1536,3072,15.352604224961343
ffwubibz,45,3,pl8uabbv,6,0,3072,15.353528573732396
ffwubibz,45,4,utfgcjfa,29,1024,1536,15.402423190151666
ffwubibz,46,0,cfe5vt7s,47,1536,4096,13.530088634594417
ffwubibz,46,1,cfe5vt7s,26,1024,0,13.82933196044744
ffwubibz,46,2,hzumfsms,27,1024,512,14.435575989835113
ffwubibz,46,3,utfgcjfa,31,1024,2560,14.728754525889306
ffwubibz,46,4,ufdvpb81,3,0,1536,14.815903681783904
ffwubibz,47,0,vc2whyaq,47,1536,4096,19.16166924747193
ffwubibz,47,1,0grcilhi,9,0,4608,20.017849354437995
ffwubibz,47,2,utfgcjfa,33,1024,3584,20.050204670087844
ffwubibz,47,3,vc2whyaq,20,512,3584,20.757620825253376
ffwubibz,47,4,pl8uabbv,18,512,2560,20.90579704878224
ffwubibz,48,0,pl8uabbv,6,0,3072,16.08288807418843
ffwubibz,48,1,hawkfj64,1,0,512,16.981350891196435
ffwubibz,48,2,mgxahqnk,19,512,3072,17.143705424581245
ffwubibz,48,3,utfgcjfa,15,512,1024,17.70521085616777
ffwubibz,48,4,cfe5vt7s,47,1536,4096,17.71293779936674
ffwubibz,49,0,9luzk4jm,47,1536,4096,17.417098366994338
ffwubibz,49,1,0grcilhi,37,1024,5632,17.572176782999932
ffwubibz,49,2,kbdh4tri,8,0,4096,18.039316815646224
ffwubibz,49,3,vc2whyaq,42,1536,1536,18.82844252466722
ffwubibz,49,4,x7u69zsw,13,512,0,19.04942762353533
ffwubibz,50,0,x77cy643,20,512,3584,17.376928731821216
ffwubibz,50,1,hawkfj64,12,0,6144,17.39527025585326
ffwubibz,50,2,utfgcjfa,11,0,5632,17.422143537680626
ffwubibz,50,3,x7u69zsw,17,512,2048,17.462586621640607
ffwubibz,50,4,utfgcjfa,8,0,4096,17.565133084914354
ffwubibz,51,0,vc2whyaq,39,1536,0,15.02723606010753
ffwubibz,51,1,pl8uabbv,10,0,5120,16.27717070166051
ffwubibz,51,2,vc2whyaq,16,512,1536,16.37365220795568
ffwubibz,51,3,x77cy643,46,1536,3584,16.47571516019883
ffwubibz,51,4,x77cy643,17,512,2048,16.496378354438868
fzrt2k6r,0,0,x7u69zsw,0,0,0,13.773130746384803
fzrt2k6r,0,1,ufdvpb81,20,512,3584,14.213470169877558
fzrt2k6r,0,2,cfe5vt7s,14,512,512,14.341955874703087
fzrt2k6r,0,3,71vgq3fw,21,512,4096,14.62792167582967
fzrt2k6r,0,4,tuy3zymq,0,0,0,14.784009240257197
fzrt2k6r,1,0,hawkfj64,21,512,4096,15.76180749711571
fzrt2k6r,1,1,pl8uabbv,38,1024,6144,16.176591022345644
fzrt2k6r,1,2,x7u69zsw,36,1024,5120,16.37461222777206
fzrt2k6r,1,3,utfgcjfa,6,0,3072,16.450431451508653
fzrt2k6r,1,4,vc2whyaq,34,1024,4096,16.458884585754873
fzrt2k6r,2,0,xgj4xftb,22,512,4608,14.87521730307356
fzrt2k6r,2,1,kbdh4tri,41,1536,1024,16.683954066006606
fzrt2k6r,2,2,x7u69zsw,49,1536,5120,17.18545705600736
fzrt2k6r,2,3,utfgcjfa,33,1024,3584,17.23722422742994
fzrt2k6r,2,4,kbdh4tri,4,0,2048,17.445992908274153
fzrt2k6r,3,0,vc2whyaq,39,1536,0,14.50674588402044
fzrt2k6r,3,1,pl8uabbv,27,1024,512,15.198671160263322
fzrt2k6r,3,2,x77cy643,24,512,5632,15.621552840456562
fzrt2k6r,3,3,hzumfsms,29,1024,1536,15.71642279168772
fzrt2k6r,3,4,0grcilhi,10,0,5120,15.830302349074389
fzrt2k6r,4,0,vc2whyaq,47,1536,4096,14.14777042022087
fzrt2k6r,4,1,hawkfj64,12,0,6144,15.806395264203307
fzrt2k6r,4,2,utfgcjfa,31,1024,2560,16.513594699659205
fzrt2k6r,4,3,hzumfsms,30,1024,2048,16.706687586516058
fzrt2k6r,4,4,vc2whyaq,40,1536,512,16.71583238189853
fzrt2k6r,5,0,x77cy643,48,1536,4608,14.215344403140532
fzrt2k6r,5,1,x7u69zsw,27,1024,512,16.586691359080454
fzrt2k6r,5,2,ufdvpb81,34,1024,4096,16.68776702554492
fzrt2k6r,5,3,vc2whyaq,17,512,2048,16.798742175838388
fzrt2k6r,5,4,kbdh4tri,3,0,1536,16.80556573624289
fzrt2k6r,6,0,utfgcjfa,31,1024,2560,14.212505848573594
fzrt2k6r,6,1,x77cy643,48,1536,4608,14.348900205739449
fzrt2k6r,6,2,xgj4xftb,28,1024,1024,16.6005352398217
fzrt2k6r,6,3,ufdvpb81,31,1024,2560,17.502496174673787
fzrt2k6r,6,4,pl8uabbv,51,1536,6144,18.37701281397721
fzrt2k6r,7,0,hzumfsms,2,0,1024,13.531789728605776
fzrt2k6r,7,1,mgxahqnk,26,1024,0,14.494472846761365
fzrt2k6r,7,2,9luzk4jm,39,1536,0,14.54806221103636
fzrt2k6r,7,3,utfgcjfa,35,1024,4608,15.283477460824836
fzrt2k6r,7,4,x7u69zsw,0,0,0,15.421837475685178
fzrt2k6r,8,0,hzumfsms,2,0,1024,14.370351927750988
fzrt2k6r,8,1,utfgcjfa,46,1536,3584,16.270723335303455
fzrt2k6r,8,2,0grcilhi,0,0,0,16.681877474933646
fzrt2k6r,8,3,pl8uabbv,27,1024,512,17.2001907237502
fzrt2k6r,8,4,kbdh4tri,25,512,6144,17.225997026336348
fzrt2k6r,9,0,cfe5vt7s,16,512,1536,16.05162144732124
fzrt2k6r,9,1,pl8uabbv,45,1536,3072,16.322011245448962
fzrt2k6r,9,2,ufdvpb81,34,1024,4096,16.424563469970337
fzrt2k6r,9,3,pl8uabbv,47,1536,4096,16.728139029244186
fzrt2k6r,9,4,cfe5vt7s,23,512,5120,17.129595391378352
fzrt2k6r,10,0,hawkfj64,26,1024,0,15.719978076510314
fzrt2k6r,10,1,ptg8lmto,35,1024,4608,16.664197868211787
fzrt2k6r,10,2,mgxahqnk,31,1024,2560,16.722031457902396
fzrt2k6r,10,3,ptg8lmto,22,512,4608,17.963656413863525
fzrt2k6r,10,4,utfgcjfa,9,0,4608,17.979581132460346
fzrt2k6r,11,0,0grcilhi,4,0,2048,15.01323898211868
fzrt2k6r,11,1,utfgcjfa,17,512,2048,15.88393963435609
fzrt2k6r,11,2,hzumfsms,14,512,512,17.021520938518165
fzrt2k6r,11,3,xgj4xftb,2,0,1024,17.18743940057441
fzrt2k6r,11,4,ufdvpb81,50,1536,5632,17.35990218567183
fzrt2k6r,12,0,cfe5vt7s,16,512,1536,15.999918503997543
fzrt2k6r,12,1,vc2whyaq,30,1024,2048,16.61835304798578
fzrt2k6r,12,2,cfe5vt7s,22,512,4608,16.87853308865415
fzrt2k6r,12,3,pl8uabbv,47,1536,4096,17.04628070251011
fzrt2k6r,12,4,pl8uabbv,17,512,2048,17.071403562242377
fzrt2k6r,13,0,x7u69zsw,13,512,0,14.864394037939956
fzrt2k6r,13,1,utfgcjfa,3,0,1536,16.027054735337817
fzrt2k6r,13,2,mgxahqnk,20,512,3584,16.36477837988934
fzrt2k6r,13,3,71vgq3fw,12,0,6144,16.47366604448014
fzrt2k6r,13,4,kbdh4tri,13,512,0,17.43516820435842
fzrt2k6r,14,0,71vgq3fw,12,0,6144,14.041546737888368
fzrt2k6r,14,1,pl8uabbv,19,512,3072,15.577799713218765
fzrt2k6r,14,2,tuy3zymq,31,1024,2560,16.78721708740767
fzrt2k6r,14,3,mgxahqnk,20,512,3584,17.486613705109164
fzrt2k6r,14,4,kbdh4tri,26,1024,0,17.749478817213372
fzrt2k6r,15,0,hzumfsms,51,1536,6144,15.352617386586337
fzrt2k6r,15,1,utfgcjfa,47,1536,4096,16.32707124763038
fzrt2k6r,15,2,tuy3zymq,0,0,0,16.557663361890803
fzrt2k6r,15,3,71vgq3fw,44,1536,2560,16.577182244165893
fzrt2k6r,15,4,tuy3zymq,23,512,5120,16.59755738961889
fzrt2k6r,16,0,ufdvpb81,35,1024,4608,14.881223306115585
fzrt2k6r,16,1,utfgcjfa,1,0,512,16.4253442672711
fzrt2k6r,16,2,0grcilhi,18,512,2560,16.881317676419133
fzrt2k6r,16,3,ufdvpb81,26,1024,0,17.25920645728123
fzrt2k6r,16,4,utfgcjfa,35,1024,4608,17.60026131781733
fzrt2k6r,17,0,utfgcjfa,6,0,3072,15.102782289984349
fzrt2k6r,17,1,utfgcjfa,35,1024,4608,15.596608001266366
fzrt2k6r,17,2,utfgcjfa,31,1024,2560,16.135149056966128
fzrt2k6r,17,3,x77cy643,16,512,1536,16.1899141786569
fzrt2k6r,17,4,hzumfsms,7,0,3584,16.587538427424235
fzrt2k6r,18,0,pl8uabbv,41,1536,1024,17.6479612027838
fzrt2k6r,18,1,mgxahqnk,13,512,0,17.69606051162239
fzrt2k6r,18,2,x77cy643,43,1536,2048,18.789318145298086
fzrt2k6r,18,3,ufdvpb81,39,1536,0,19.094022548253694
fzrt2k6r,18,4,ufdvpb81,23,512,5120,19.71353520301262
fzrt2k6r,19,0,ufdvpb81,39,1536,0,16.606735596898773
fzrt2k6r,19,1,x77cy643,43,1536,2048,18.202916508269027
fzrt2k6r,19,2,x77cy643,22,512,4608,19.974797066475762
fzrt2k6r,19,3,cfe5vt7s,22,512,4608,20.011885124493745
fzrt2k6r,19,4,hzumfsms,42,1536,1536,20.2191839920195
fzrt2k6r,20,0,vc2whyaq,38,1024,6144,15.022892132739626
fzrt2k6r,20,1,x7u69zsw,17,512,2048,15.037660567883169
fzrt2k6r,20,2,utfgcjfa,23,512,5120,15.128972791061189
fzrt2k6r,20,3,71vgq3fw,28,1024,1024,16.37777739316843
fzrt2k6r,20,4,vc2whyaq,20,512,3584,16.89737251531053
fzrt2k6r,21,0,ptg8lmto,33,1024,3584,14.175596019861901
fzrt2k6r,21,1,utfgcjfa,18,512,2560,14.385446300627317
fzrt2k6r,21,2,hawkfj64,6,0,3072,14.939306230891239
fzrt2k6r,21,3,0grcilhi,1,0,512,15.742034035826315
fzrt2k6r,21,4,x77cy643,16,512,1536,16.130868542529118
fzrt2k6r,22,0,0grcilhi,37,1024,5632,15.907125643547502
fzrt2k6r,22,1,cfe5vt7s,24,512,5632,16.513708153417305
fzrt2k6r,22,2,vc2whyaq,23,512,5120,16.877147123465917
fzrt2k6r,22,3,71vgq3fw,18,512,2560,17.153753842664422
fzrt2k6r,22,4,x77cy643,16,512,1536,17.189613582629768
fzrt2k6r,23,0,cfe5vt7s,47,1536,4096,13.430167895597764
fzrt2k6r,23,1,9luzk4jm,26,1024,0,14.480727263031513
fzrt2k6r,23,2,vc2whyaq,30,1024,2048,14.51301772336794
fzrt2k6r,23,3,vc2whyaq,28,1024,1024,15.146563504230368
fzrt2k6r,23,4,ufdvpb81,32,1024,3072,15.283442276891776
fzrt2k6r,24,0,x77cy643,16,512,1536,14.778948310938022
fzrt2k6r,24,1,cfe5vt7s,22,512,4608,15.352043867165897
fzrt2k6r,24,2,utfgcjfa,22,512,4608,15.735191048846596
fzrt2k6r,24,3,vc2whyaq,21,512,4096,15.90799399015772
fzrt2k6r,24,4,9luzk4jm,49,1536,5120,16.035737868075966
fzrt2k6r,25,0,vc2whyaq,21,512,4096,17.737397769662387
fzrt2k6r,25,1,pl8uabbv,29,1024,1536,18.904523561392033
fzrt2k6r,25,2,mgxahqnk,3,0,1536,19.053661302512978
fzrt2k6r,25,3,ufdvpb81,41,1536,1024,19.229453963428472
fzrt2k6r,25,4,x77cy643,19,512,3072,19.2583144725062
fzrt2k6r,26,0,vc2whyaq,47,1536,4096,16.424213455801162
fzrt2k6r,26,1,pl8uabbv,39,1536,0,16.838996160233705
fzrt2k6r,26,2,utfgcjfa,23,512,5120,17.608661906059186
fzrt2k6r,26,3,pl8uabbv,41,1536,1024,17.953235798377722
fzrt2k6r,26,4,utfgcjfa,39,1536,0,18.294861672697387
fzrt2k6r,27,0,mgxahqnk,13,512,0,20.19189782086685
fzrt2k6r,27,1,ufdvpb81,39,1536,0,21.28285607303066
fzrt2k6r,27,2,vc2whyaq,14,512,512,21.474961953642524
fzrt2k6r,27,3,pl8uabbv,39,1536,0,21.534032977559104
fzrt2k6r,27,4,ufdvpb81,46,1536,3584,21.58617072799917
fzrt2k6r,28,0,vc2whyaq,39,1536,0,12.776045077487357
fzrt2k6r,28,1,kbdh4tri,38,1024,6144,14.771248183720832
fzrt2k6r,28,2,vc2whyaq,16,512,1536,14.780675629457548
fzrt2k6r,28,3,tuy3zymq,40,1536,512,15.154831882663528
fzrt2k6r,28,4,71vgq3fw,39,1536,0,15.224895005434393
fzrt2k6r,29,0,9luzk4jm,43,1536,2048,15.612399621183023
fzrt2k6r,29,1,tuy3zymq,22,512,4608,16.032779137559626
fzrt2k6r,29,2,kbdh4tri,45,1536,3072,16.419144421543933
fzrt2k6r,29,3,x77cy643,29,1024,1536,16.508270845266487
fzrt2k6r,29,4,cfe5vt7s,34,1024,4096,17.35869598614112
fzrt2k6r,30,0,ufdvpb81,43,1536,2048,17.651962413730693
fzrt2k6r,30,1,kbdh4tri,4,0,2048,17.93193842674568
fzrt2k6r,30,2,cfe5vt7s,27,1024,512,18.788794921356367
fzrt2k6r,30,3,71vgq3fw,11,0,5632,19.190832907131945
fzrt2k6r,30,4,9luzk4jm,42,1536,1536,19.88938120152619
fzrt2k6r,31,0,utfgcjfa,31,1024,2560,13.116344497321762
fzrt2k6r,31,1,pl8uabbv,41,1536,1024,16.3701356083395
fzrt2k6r,31,2,cfe5vt7s,47,1536,4096,16.432453830627463
fzrt2k6r,31,3,pl8uabbv,51,1536,6144,16.447095730690737
fzrt2k6r,31,4,hzumfsms,5,0,2560,16.70508146708818
fzrt2k6r,32,0,vc2whyaq,30,1024,2048,15.984599237071858
fzrt2k6r,32,1,pl8uabbv,17,512,2048,15.990104340788346
fzrt2k6r,32,2,pl8uabbv,47,1536,4096,18.58880954508032
fzrt2k6r,32,3,ufdvpb81,43,1536,2048,18.710825601527606
fzrt2k6r,32,4,x7u69zsw,41,1536,1024,19.255067356599383
fzrt2k6r,33,0,x77cy643,9,0,4608,16.653957264219184
fzrt2k6r,33,1,kbdh4tri,4,0,2048,16.770736725201147
fzrt2k6r,33,2,utfgcjfa,0,0,0,17.81258600937805
fzrt2k6r,33,3,ufdvpb81,15,512,1024,18.103160283816578
fzrt2k6r,33,4,kbdh4tri,19,512,3072,18.144291832711396
fzrt2k6r,34,0,x77cy643,19,512,3072,13.746227436649821
fzrt2k6r,34,1,x7u69zsw,0,0,0,15.46715282109085
fzrt2k6r,34,2,x77cy643,9,0,4608,15.544298779013708
fzrt2k6r,34,3,cfe5vt7s,3,0,1536,15.726200375038902
fzrt2k6r,34,4,hzumfsms,51,1536,6144,16.07820954033236
fzrt2k6r,35,0,hzumfsms,27,1024,512,15.993293718565045
fzrt2k6r,35,1,ptg8lmto,21,512,4096,16.117523829301682
fzrt2k6r,35,2,x77cy643,23,512,5120,16.30355278627478
fzrt2k6r,35,3,utfgcjfa,17,512,2048,16.508583529462697
fzrt2k6r,35,4,9luzk4jm,20,512,3584,16.79401046973738
fzrt2k6r,36,0,x77cy643,12,0,6144,15.609889949800959
fzrt2k6r,36,1,x7u69zsw,49,1536,5120,17.121054030874014
fzrt2k6r,36,2,vc2whyaq,26,1024,0,17.53145343874169
fzrt2k6r,36,3,vc2whyaq,38,1024,6144,17.62981621413318
fzrt2k6r,36,4,71vgq3fw,15,512,1024,17.664066873610086
fzrt2k6r,37,0,utfgcjfa,31,1024,2560,14.10612905585469
fzrt2k6r,37,1,0grcilhi,37,1024,5632,14.564889039817643
fzrt2k6r,37,2,vc2whyaq,39,1536,0,14.577406580170274
fzrt2k6r,37,3,x7u69zsw,27,1024,512,14.895990541716122
fzrt2k6r,37,4,utfgcjfa,22,512,4608,14.91868055351376
fzrt2k6r,38,0,utfgcjfa,23,512,5120,16.84412198222047
fzrt2k6r,38,1,cfe5vt7s,20,512,3584,18.09500345512211
fzrt2k6r,38,2,vc2whyaq,20,512,3584,18.472275073467287
fzrt2k6r,38,3,vc2whyaq,47,1536,4096,18.551417506093614
fzrt2k6r,38,4,0grcilhi,20,512,3584,18.656468259924257
fzrt2k6r,39,0,ptg8lmto,5,0,2560,16.16343354830933
fzrt2k6r,39,1,ufdvpb81,25,512,6144,18.72779613624849
fzrt2k6r,39,2,xgj4xftb,16,512,1536,18.770229123908166
fzrt2k6r,39,3,kbdh4tri,37,1024,5632,19.439616585734985
fzrt2k6r,39,4,0grcilhi,28,1024,1024,19.772227471087138
fzrt2k6r,40,0,71vgq3fw,41,1536,1024,18.90087514460807
fzrt2k6r,40,1,tuy3zymq,49,1536,5120,18.970787719494574
fzrt2k6r,40,2,kbdh4tri,34,1024,4096,19.053501772693032
fzrt2k6r,40,3,71vgq3fw,13,512,0,19.694300017220367
fzrt2k6r,40,4,x7u69zsw,48,1536,4608,20.244566255886145
fzrt2k6r,41,0,mgxahqnk,0,0,0,15.90476280904609
fzrt2k6r,41,1,hzumfsms,51,1536,6144,16.982987022217216
fzrt2k6r,41,2,71vgq3fw,21,512,4096,17.062655091180048
fzrt2k6r,41,3,kbdh4tri,3,0,1536,17.087175216073327
fzrt2k6r,41,4,ptg8lmto,9,0,4608,17.456612073193124
fzrt2k6r,42,0,pl8uabbv,45,1536,3072,14.08935766456045
fzrt2k6r,42,1,mgxahqnk,26,1024,0,15.861955765355184
fzrt2k6r,42,2,kbdh4tri,34,1024,4096,16.141262947932294
fzrt2k6r,42,3,ufdvpb81,15,512,1024,16.26344655993951
fzrt2k6r,42,4,cfe5vt7s,16,512,1536,16.33677698122988
fzrt2k6r,43,0,cfe5vt7s,45,1536,3072,16.906504642029642
fzrt2k6r,43,1,pl8uabbv,6,0,3072,17.015461859309763
fzrt2k6r,43,2,pl8uabbv,15,512,1024,17.33105548336234
fzrt2k6r,43,3,vc2whyaq,30,1024,2048,17.668817555297757
fzrt2k6r,43,4,71vgq3fw,28,1024,1024,18.21784447756115
fzrt2k6r,44,0,utfgcjfa,24,512,5632,15.661266724845195
fzrt2k6r,44,1,utfgcjfa,15,512,1024,17.78487601699023
fzrt2k6r,44,2,pl8uabbv,15,512,1024,18.28495276493742
fzrt2k6r,44,3,pl8uabbv,6,0,3072,18.40811849969629
fzrt2k6r,44,4,utfgcjfa,30,1024,2048,18.408811576210674
fzrt2k6r,45,0,cfe5vt7s,38,1024,6144,18.459425504020597
fzrt2k6r,45,1,x7u69zsw,42,1536,1536,19.079662512481224
fzrt2k6r,45,2,ptg8lmto,27,1024,512,19.295276338784337
fzrt2k6r,45,3,mgxahqnk,18,512,2560,20.02393512353564
fzrt2k6r,45,4,ptg8lmto,22,512,4608,20.462818803126282
fzrt2k6r,46,0,mgxahqnk,20,512,3584,13.357876618736066
fzrt2k6r,46,1,pl8uabbv,46,1536,3584,14.789944954887302
fzrt2k6r,46,2,hawkfj64,0,0,0,15.15647805826643
fzrt2k6r,46,3,ptg8lmto,22,512,4608,15.385915992031295
fzrt2k6r,46,4,hawkfj64,14,512,512,16.038285780170852
fzrt2k6r,47,0,9luzk4jm,28,1024,1024,14.823053371438586
fzrt2k6r,47,1,utfgcjfa,30,1024,2048,15.145325541310767
fzrt2k6r,47,2,utfgcjfa,31,1024,2560,15.372835033007696
fzrt2k6r,47,3,mgxahqnk,37,1024,5632,15.375207286532545
fzrt2k6r,47,4,x7u69zsw,7,0,3584,15.949807765701875
fzrt2k6r,48,0,71vgq3fw,38,1024,6144,14.06427124111511
fzrt2k6r,48,1,utfgcjfa,9,0,4608,15.640800635807699
fzrt2k6r,48,2,x77cy643,19,512,3072,15.998278189468902
fzrt2k6r,48,3,x7u69zsw,41,1536,1024,16.291810440875842
fzrt2k6r,48,4,kbdh4tri,8,0,4096,16.517820311055832
fzrt2k6r,49,0,cfe5vt7s,47,1536,4096,12.213048621367577
fzrt2k6r,49,1,hzumfsms,14,512,512,13.180431979465029
fzrt2k6r,49,2,utfgcjfa,17,512,2048,13.391026571377687
fzrt2k6r,49,3,mgxahqnk,37,1024,5632,13.518373339304965
fzrt2k6r,49,4,9luzk4jm,20,512,3584,13.58159632386346
fzrt2k6r,50,0,cfe5vt7s,25,512,6144,18.055342895744612
fzrt2k6r,50,1,hzumfsms,36,1024,5120,18.738479341583968
fzrt2k6r,50,2,utfgcjfa,30,1024,2048,19.949137793732415
fzrt2k6r,50,3,cfe5vt7s,43,1536,2048,20.62194301285548
fzrt2k6r,50,4,kbdh4tri,8,0,4096,20.735322070568007
fzrt2k6r,51,0,hawkfj64,36,1024,5120,16.67548381817535
fzrt2k6r,51,1,vc2whyaq,39,1536,0,17.066818891880853
fzrt2k6r,51,2,utfgcjfa,46,1536,3584,17.39295387856964
fzrt2k6r,51,3,71vgq3fw,10,0,5120,17.950419985636795
fzrt2k6r,51,4,hawkfj64,12,0,6144,18.45684531768752
iv6g2oq0,0,0,x77cy643,33,1024,3584,12.693330841031457
iv6g2oq0,0,1,hzumfsms,5,0,2560,14.226064894998434
iv6g2oq0,0,2,cfe5vt7s,37,1024,5632,14.538265268773186
iv6g2oq0,0,3,hzumfsms,24,512,5632,16.329032620982844
iv6g2oq0,0,4,cfe5vt7s,47,1536,4096,16.38633217040137
iv6g2oq0,1,0,kbdh4tri,27,1024,512,14.719958201560358
iv6g2oq0,1,1,utfgcjfa,6,0,3072,15.52580352783289
iv6g2oq0,1,2,x7u69zsw,36,1024,5120,16.07387819677093
iv6g2oq0,1,3,ptg8lmto,33,1024,3584,16.43675666033726
iv6g2oq0,1,4,tuy3zymq,40,1536,512,16.786095306594618
iv6g2oq0,2,0,cfe5vt7s,16,512,1536,14.756798272147506
iv6g2oq0,2,1,pl8uabbv,47,1536,4096,15.73226961901231
iv6g2oq0,2,2,vc2whyaq,17,512,2048,17.34751955791164
iv6g2oq0,2,3,pl8uabbv,16,512,1536,17.826019770356726
iv6g2oq0,2,4,cfe5vt7s,30,1024,2048,18.32529068404516
iv6g2oq0,3,0,hawkfj64,1,0,512,15.757953013953076
iv6g2oq0,3,1,mgxahqnk,31,1024,2560,16.186559015298045
iv6g2oq0,3,2,vc2whyaq,42,1536,1536,16.379023085871488
iv6g2oq0,3,3,cfe5vt7s,23,512,5120,16.386298501384267
iv6g2oq0,3,4,pl8uabbv,46,1536,3584,17.470162873626613
iv6g2oq0,4,0,x77cy643,19,512,3072,15.11301273846585
iv6g2oq0,4,1,cfe5vt7s,23,512,5120,15.2006398428174
iv6g2oq0,4,2,pl8uabbv,33,1024,3584,15.314256292503941
iv6g2oq0,4,3,vc2whyaq,45,1536,3072,15.361255216976597
iv6g2oq0,4,4,x7u69zsw,0,0,0,15.519012203120965
iv6g2oq0,5,0,x77cy643,29,1024,1536,17.574505835904134
iv6g2oq0,5,1,cfe5vt7s,34,1024,4096,18.09673018984493
iv6g2oq0,5,2,xgj4xftb,8,0,4096,18.12834584940013
iv6g2oq0,5,3,utfgcjfa,10,0,5120,18.546063099283472
iv6g2oq0,5,4,ufdvpb81,5,0,2560,19.021622401869983
iv6g2oq0,6,0,xgj4xftb,8,0,4096,14.54167756415342
iv6g2oq0,6,1,utfgcjfa,46,1536,3584,15.338459358373585
iv6g2oq0,6,2,vc2whyaq,7,0,3584,15.358624081515662
iv6g2oq0,6,3,x77cy643,35,1024,4608,15.45848027021833
iv6g2oq0,6,4,utfgcjfa,11,0,5632,16.132143417823823
iv6g2oq0,7,0,hzumfsms,14,512,512,12.972966064696058
iv6g2oq0,7,1,x7u69zsw,31,1024,2560,14.383044227685586
iv6g2oq0,7,2,xgj4xftb,8,0,4096,14.77231974159791
iv6g2oq0,7,3,x77cy643,35,1024,4608,14.79478758776297
iv6g2oq0,7,4,71vgq3fw,42,1536,1536,15.451169054000843
iv6g2oq0,8,0,utfgcjfa,31,1024,2560,14.75858435722683
iv6g2oq0,8,1,utfgcjfa,22,512,4608,15.562592578727022
iv6g2oq0,8,2,x77cy643,20,512,3584,16.119063670906858
iv6g2oq0,8,3,x77cy643,42,1536,1536,16.29699482983356
iv6g2oq0,8,4,ptg8lmto,3,0,1536,16.367949970203803
iv6g2oq0,9,0,0grcilhi,0,0,0,16.180160032586976
iv6g2oq0,9,1,9luzk4jm,36,1024,5120,17.92335762733901
iv6g2oq0,9,2,hawkfj64,25,512,6144,18.774729696106675
iv6g2oq0,9,3,kbdh4tri,48,1536,4608,19.04098321105758
iv6g2oq0,9,4,cfe5vt7s,15,512,1024,19.114483633289847
iv6g2oq0,10,0,vc2whyaq,29,1024,1536,16.28389807369526
iv6g2oq0,10,1,pl8uabbv,25,512,6144,16.40679911631476
iv6g2oq0,10,2,ufdvpb81,23,512,5120,17.186009099688025
iv6g2oq0,10,3,utfgcjfa,10,0,5120,17.42063619744947
iv6g2oq0,10,4,cfe5vt7s,22,512,4608,17.45704271727304
iv6g2oq0,11,0,ufdvpb81,32,1024,3072,14.316498622809682
iv6g2oq0,11,1,mgxahqnk,26,1024,0,14.595884179847154
iv6g2oq0,11,2,utfgcjfa,22,512,4608,15.928687701232693
iv6g2oq0,11,3,utfgcjfa,10,0,5120,16.35254894622236
iv6g2oq0,11,4,mgxahqnk,36,1024,5120,16.487362328978442
iv6g2oq0,12,0,vc2whyaq,39,1536,0,14.082327676355714
iv6g2oq0,12,1,hawkfj64,36,1024,5120,14.099501520763976
iv6g2oq0,12,2,utfgcjfa,46,1536,3584,14.256706906897035
iv6g2oq0,12,3,9luzk4jm,46,1536,3584,14.954521246568294
iv6g2oq0,12,4,x77cy643,35,1024,4608,14.957514921381401
iv6g2oq0,13,0,pl8uabbv,17,512,2048,12.533338175669671
iv6g2oq0,13,1,vc2whyaq,30,1024,2048,13.116793280466705
iv6g2oq0,13,2,pl8uabbv,47,1536,4096,14.257549844639579
iv6g2oq0,13,3,utfgcjfa,11,0,5632,15.086822384448489
iv6g2oq0,13,4,x7u69zsw,31,1024,2560,15.495680029532165
iv6g2oq0,14,0,ptg8lmto,36,1024,5120,18.64442527307249
iv6g2oq0,14,1,vc2whyaq,2,0,1024,19.761751929726543
iv6g2oq0,14,2,0grcilhi,17,512,2048,20.015161140549967
iv6g2oq0,14,3,tuy3zymq,20,512,3584,20.266284301522628
iv6g2oq0,14,4,hawkfj64,34,1024,4096,20.566409614690585
iv6g2oq0,15,0,x77cy643,10,0,5120,13.854694608008275
iv6g2oq0,15,1,9luzk4jm,20,512,3584,14.531321374250561
iv6g2oq0,15,2,hzumfsms,41,1536,1024,14.951542676613004
iv6g2oq0,15,3,hzumfsms,14,512,512,16.061598469431008
iv6g2oq0,15,4,pl8uabbv,12,0,6144,16.31177514494091
iv6g2oq0,16,0,cfe5vt7s,47,1536,4096,14.332736772631165
iv6g2oq0,16,1,utfgcjfa,29,1024,1536,14.410458950442933
iv6g2oq0,16,2,hzumfsms,49,1536,5120,14.506314436624768
iv6g2oq0,16,3,mgxahqnk,36,1024,5120,14.558561794458065
iv6g2oq0,16,4,hzumfsms,36,1024,5120,14.563402187721284
iv6g2oq0,17,0,utfgcjfa,33,1024,3584,16.929712751205255
iv6g2oq0,17,1,0grcilhi,9,0,4608,17.560185314441974
iv6g2oq0,17,2,pl8uabbv,15,512,1024,17.894401603971108
iv6g2oq0,17,3,ufdvpb81,10,0,5120,18.86823236465364
iv6g2oq0,17,4,vc2whyaq,12,0,6144,18.8942252378576
iv6g2oq0,18,0,utfgcjfa,31,1024,2560,14.43974956866644
iv6g2oq0,18,1,cfe5vt7s,13,512,0,15.068169674130116
iv6g2oq0,18,2,cfe5vt7s,22,512,4608,15.26121196874535
iv6g2oq0,18,3,vc2whyaq,13,512,0,15.594444436989988
iv6g2oq0,18,4,utfgcjfa,39,1536,0,16.05452488614936
iv6g2oq0,19,0,cfe5vt7s,9,0,4608,19.619732431009542
iv6g2oq0,19,1,pl8uabbv,29,1024,1536,19.8452631543098
iv6g2oq0,19,2,pl8uabbv,51,1536,6144,20.18418521474607
iv6g2oq0,19,3,pl8uabbv,18,512,2560,20.396680771685894
iv6g2oq0,19,4,hawkfj64,27,1024,512,20.52436442147125
iv6g2oq0,20,0,utfgcjfa,22,512,4608,14.383307247378173
iv6g2oq0,20,1,vc2whyaq,2,0,1024,14.578717536827732
iv6g2oq0,20,2,cfe5vt7s,47,1536,4096,14.8374344799358
iv6g2oq0,20,3,utfgcjfa,39,1536,0,15.330798624005075
iv6g2oq0,20,4,cfe5vt7s,27,1024,512,15.395395030257463
iv6g2oq0,21,0,x77cy643,19,512,3072,12.461591471361357
iv6g2oq0,21,1,pl8uabbv,17,512,2048,12.910721966147056
iv6g2oq0,21,2,utfgcjfa,31,1024,2560,13.185704742195808
iv6g2oq0,21,3,utfgcjfa,22,512,4608,14.775081331411767
iv6g2oq0,21,4,x77cy643,12,0,6144,15.129346736290005
iv6g2oq0,22,0,kbdh4tri,19,512,3072,16.05469917104987
iv6g2oq0,22,1,pl8uabbv,17,512,2048,16.267043177551198
iv6g2oq0,22,2,pl8uabbv,38,1024,6144,16.59261145270844
iv6g2oq0,22,3,x7u69zsw,39,1536,0,17.069284735708123
iv6g2oq0,22,4,vc2whyaq,17,512,2048,17.24268490910723
iv6g2oq0,23,0,kbdh4tri,6,0,3072,15.866503353461184
iv6g2oq0,23,1,kbdh4tri,49,1536,5120,17.011253321712985
iv6g2oq0,23,2,9luzk4jm,24,512,5632,17.07621734124238
iv6g2oq0,23,3,hzumfsms,49,1536,5120,17.61276311249991
iv6g2oq0,23,4,cfe5vt7s,44,1536,2560,18.124325914491788
iv6g2oq0,24,0,x77cy643,9,0,4608,14.952225856636634
iv6g2oq0,24,1,ptg8lmto,35,1024,4608,17.02981167060169
iv6g2oq0,24,2,vc2whyaq,23,512,5120,17.09914621269997
iv6g2oq0,24,3,x7u69zsw,13,512,0,17.10520754730997
iv6g2oq0,24,4,mgxahqnk,31,1024,2560,17.210371433927776
iv6g2oq0,25,0,vc2whyaq,20,512,3584,14.545072515526389
iv6g2oq0,25,1,kbdh4tri,22,512,4608,15.33816943598467
iv6g2oq0,25,2,vc2whyaq,47,1536,4096,15.90990833773946
iv6g2oq0,25,3,utfgcjfa,10,0,5120,15.948334311187516
iv6g2oq0,25,4,x7u69zsw,27,1024,512,17.126689192440427
iv6g2oq0,26,0,cfe5vt7s,47,1536,4096,13.10770771225154
iv6g2oq0,26,1,ufdvpb81,15,512,1024,13.83170428888224
iv6g2oq0,26,2,utfgcjfa,31,1024,2560,13.988035766418072
iv6g2oq0,26,3,pl8uabbv,41,1536,1024,14.562078648969406
iv6g2oq0,26,4,pl8uabbv,47,1536,4096,14.646739830179767
iv6g2oq0,27,0,ptg8lmto,27,1024,512,18.06970132926185
iv6g2oq0,27,1,vc2whyaq,5,0,2560,18.491894932971782
iv6g2oq0,27,2,ptg8lmto,22,512,4608,19.19182798959676
iv6g2oq0,27,3,ufdvpb81,17,512,2048,19.19243778610098
iv6g2oq0,27,4,71vgq3fw,1,0,512,19.533292566622887
iv6g2oq0,28,0,vc2whyaq,43,1536,2048,14.438143508374745
iv6g2oq0,28,1,xgj4xftb,33,1024,3584,17.79889863881144
iv6g2oq0,28,2,9luzk4jm,4,0,2048,18.07960337508294
iv6g2oq0,28,3,9luzk4jm,27,1024,512,18.656967911703454
iv6g2oq0,28,4,ptg8lmto,26,1024,0,19.361153126495434
iv6g2oq0,29,0,pl8uabbv,33,1024,3584,16.091285230022716
iv6g2oq0,29,1,mgxahqnk,19,512,3072,18.116928259396463
iv6g2oq0,29,2,pl8uabbv,45,1536,3072,18.48133331416523
iv6g2oq0,29,3,x7u69zsw,35,1024,4608,18.63586303996999
iv6g2oq0,29,4,x77cy643,47,1536,4096,18.965626143791194
iv6g2oq0,30,0,pl8uabbv,17,512,2048,15.839604645992631
iv6g2oq0,30,1,pl8uabbv,47,1536,4096,16.00283918979212
iv6g2oq0,30,2,cfe5vt7s,16,512,1536,16.3624884803581
iv6g2oq0,30,3,x77cy643,9,0,4608,16.734008133178985
iv6g2oq0,30,4,vc2whyaq,30,1024,2048,16.73983864569188
iv6g2oq0,31,0,9luzk4jm,14,512,512,16.048036949762484
iv6g2oq0,31,1,x77cy643,15,512,1024,16.344629123755062
iv6g2oq0,31,2,x77cy643,33,1024,3584,17.743181711035433
iv6g2oq0,31,3,utfgcjfa,27,1024,512,17.944201749448492
iv6g2oq0,31,4,vc2whyaq,28,1024,1024,18.169185153463943
iv6g2oq0,32,0,hawkfj64,22,512,4608,15.178600315909462
iv6g2oq0,32,1,0grcilhi,10,0,5120,15.560989723466
iv6g2oq0,32,2,pl8uabbv,42,1536,1536,15.872512842001898
iv6g2oq0,32,3,utfgcjfa,6,0,3072,16.28126058381812
iv6g2oq0,32,4,hzumfsms,26,1024,0,16.41137912970421
iv6g2oq0,33,0,x77cy643,23,512,5120,14.290509307424795
iv6g2oq0,33,1,ufdvpb81,51,1536,6144,15.962767800121691
iv6g2oq0,33,2,x77cy643,39,1536,0,18.131203871950685
iv6g2oq0,33,3,vc2whyaq,14,512,512,18.18454507869486
iv6g2oq0,33,4,vc2whyaq,26,1024,0,18.434802789517445
iv6g2oq0,34,0,x77cy643,9,0,4608,15.657631994717939
iv6g2oq0,34,1,kbdh4tri,19,512,3072,16.777353016528906
iv6g2oq0,34,2,kbdh4tri,4,0,2048,16.836837681101727
iv6g2oq0,34,3,x7u69zsw,15,512,1024,17.148147927362714
iv6g2oq0,34,4,tuy3zymq,23,512,5120,17.334334604766713
iv6g2oq0,35,0,vc2whyaq,17,512,2048,13.326972160780556
iv6g2oq0,35,1,pl8uabbv,41,1536,1024,14.97581316096458
iv6g2oq0,35,2,x77cy643,47,1536,4096,15.008889674528128
iv6g2oq0,35,3,ufdvpb81,34,1024,4096,15.114983431670215
iv6g2oq0,35,4,9luzk4jm,1,0,512,15.752108182393318
iv6g2oq0,36,0,pl8uabbv,6,0,3072,18.15561093479747
iv6g2oq0,36,1,ufdvpb81,43,1536,2048,18.29347580984752
iv6g2oq0,36,2,pl8uabbv,38,1024,6144,19.178460120443706
iv6g2oq0,36,3,x77cy643,21,512,4096,19.671647287473515
iv6g2oq0,36,4,utfgcjfa,24,512,5632,19.72224322311296
iv6g2oq0,37,0,x77cy643,13,512,0,18.148529819945455
iv6g2oq0,37,1,ufdvpb81,15,512,1024,19.80177377240485
iv6g2oq0,37,2,ufdvpb81,27,1024,512,20.38098813095868
iv6g2oq0,37,3,pl8uabbv,15,512,1024,20.704005739291976
iv6g2oq0,37,4,utfgcjfa,39,1536,0,20.71858577295615
iv6g2oq0,38,0,ufdvpb81,15,512,1024,18.80318700622909
iv6g2oq0,38,1,pl8uabbv,6,0,3072,20.834857524363393
iv6g2oq0,38,2,pl8uabbv,26,1024,0,21.054709548020085
iv6g2oq0,38,3,x7u69zsw,30,1024,2048,21.08693497844952
iv6g2oq0,38,4,x77cy643,21,512,4096,21.480409048382892
uhdslk0o,0,0,x7u69zsw,22,512,4608,18.141994988896585
uhdslk0o,0,1,x7u69zsw,14,512,512,18.224909315872466
uhdslk0o,0,2,mgxahqnk,29,1024,1536,18.690498083741403
uhdslk0o,0,3,9luzk4jm,39,1536,0,18.731485933924755
uhdslk0o,0,4,pl8uabbv,27,1024,512,18.780996741107312
uhdslk0o,1,0,x77cy643,19,512,3072,14.314474277152874
uhdslk0o,1,1,utfgcjfa,2,0,1024,14.425310250898056
uhdslk0o,1,2,mgxahqnk,20,512,3584,15.22134866937553
uhdslk0o,1,3,cfe5vt7s,0,0,0,15.393350127610894
uhdslk0o,1,4,pl8uabbv,17,512,2048,15.698276533226029
uhdslk0o,2,0,9luzk4jm,27,1024,512,20.04519155372514
uhdslk0o,2,1,vc2whyaq,43,1536,2048,20.63557625521624
uhdslk0o,2,2,vc2whyaq,4,0,2048,20.65063405515843
uhdslk0o,2,3,9luzk4jm,7,0,3584,21.57444953904394
uhdslk0o,2,4,vc2whyaq,34,1024,4096,21.71711621477694
uhdslk0o,3,0,ufdvpb81,17,512,2048,18.812574341381968
uhdslk0o,3,1,ptg8lmto,7,0,3584,19.801236069951788
uhdslk0o,3,2,cfe5vt7s,2,0,1024,19.88888290620334
uhdslk0o,3,3,mgxahqnk,32,1024,3072,19.966038289287198
uhdslk0o,3,4,9luzk4jm,27,1024,512,20.356958183485645
uhdslk0o,4,0,71vgq3fw,42,1536,1536,13.230277378698643
uhdslk0o,4,1,x7u69zsw,0,0,0,14.27742476991461
uhdslk0o,4,2,71vgq3fw,44,1536,2560,14.434610870640789
uhdslk0o,4,3,xgj4xftb,34,1024,4096,15.37236325504447
uhdslk0o,4,4,vc2whyaq,45,1536,3072,15.528125692299158
uhdslk0o,5,0,ufdvpb81,37,1024,5632,14.41375439856138
uhdslk0o,5,1,utfgcjfa,3,0,1536,16.024987394677698
uhdslk0o,5,2,hzumfsms,51,1536,6144,16.102599034006815
uhdslk0o,5,3,71vgq3fw,17,512,2048,17.089517862257715
uhdslk0o,5,4,kbdh4tri,3,0,1536,17.0928847917354
uhdslk0o,6,0,vc2whyaq,34,1024,4096,16.803286981139966
uhdslk0o,6,1,0grcilhi,37,1024,5632,17.0603354261335
uhdslk0o,6,2,vc2whyaq,42,1536,1536,17.319718498384656
uhdslk0o,6,3,ufdvpb81,17,512,2048,17.66496544971209
uhdslk0o,6,4,9luzk4jm,47,1536,4096,17.688276473246226
uhdslk0o,7,0,xgj4xftb,28,1024,1024,14.79727201736537
uhdslk0o,7,1,utfgcjfa,31,1024,2560,15.236560922128138
uhdslk0o,7,2,71vgq3fw,2,0,1024,15.627406765278998
uhdslk0o,7,3,vc2whyaq,39,1536,0,15.820644487222772
uhdslk0o,7,4,tuy3zymq,40,1536,512,15.899322911649865
uhdslk0o,8,0,utfgcjfa,30,1024,2048,15.850292454522119
uhdslk0o,8,1,cfe5vt7s,1,0,512,16.441888602733872
uhdslk0o,8,2,ufdvpb81,15,512,1024,16.51746258476876
uhdslk0o,8,3,vc2whyaq,21,512,4096,16.632791166201105
uhdslk0o,8,4,utfgcjfa,31,1024,2560,16.70506201997627
uhdslk0o,9,0,kbdh4tri,41,1536,1024,13.289678298936735
uhdslk0o,9,1,utfgcjfa,11,0,5632,15.661558243058908
uhdslk0o,9,2,vc2whyaq,12,0,6144,16.283813120722638
uhdslk0o,9,3,vc2whyaq,26,1024,0,16.765332952456646
uhdslk0o,9,4,x7u69zsw,49,1536,5120,16.969129559993313
uhdslk0o,10,0,utfgcjfa,31,1024,2560,13.271907109676729
uhdslk0o,10,1,xgj4xftb,28,1024,1024,13.359741774737154
uhdslk0o,10,2,utfgcjfa,22,512,4608,13.579220962849458
uhdslk0o,10,3,kbdh4tri,15,512,1024,13.864937367662495
uhdslk0o,10,4,x7u69zsw,12,0,6144,13.903681740236479
uhdslk0o,11,0,utfgcjfa,39,1536,0,14.927146675671198
uhdslk0o,11,1,pl8uabbv,29,1024,1536,15.516505518582353
uhdslk0o,11,2,pl8uabbv,51,1536,6144,16.202761831095817
uhdslk0o,11,3,pl8uabbv,26,1024,0,16.612135851444584
uhdslk0o,11,4,utfgcjfa,31,1024,2560,16.614464435834453
uhdslk0o,12,0,kbdh4tri,40,1536,512,14.82183001533151
uhdslk0o,12,1,cfe5vt7s,23,512,5120,15.37458628501142
uhdslk0o,12,2,cfe5vt7s,14,512,512,15.81506534500192
uhdslk0o,12,3,kbdh4tri,41,1536,1024,16.052397338859297
uhdslk0o,12,4,hzumfsms,2,0,1024,16.066617824965995
uhdslk0o,13,0,x7u69zsw,0,0,0,14.072831541343087
uhdslk0o,13,1,cfe5vt7s,42,1536,1536,14.202118677854576
uhdslk0o,13,2,71vgq3fw,38,1024,6144,14.61373320392938
uhdslk0o,13,3,kbdh4tri,40,1536,512,14.703336449095037
uhdslk0o,13,4,tuy3zymq,41,1536,1024,14.92656437236449
uhdslk0o,14,0,cfe5vt7s,47,1536,4096,15.892120948937334
uhdslk0o,14,1,hzumfsms,42,1536,1536,16.30164625894903
uhdslk0o,14,2,hawkfj64,20,512,3584,16.683218954464316
uhdslk0o,14,3,hawkfj64,7,0,3584,16.943609916051063
uhdslk0o,14,4,tuy3zymq,39,1536,0,17.104182013467558
uhdslk0o,15,0,vc2whyaq,13,512,0,19.583625040164918
uhdslk0o,15,1,cfe5vt7s,15,512,1024,20.377459220587326
uhdslk0o,15,2,0grcilhi,13,512,0,20.39286317778685
uhdslk0o,15,3,pl8uabbv,42,1536,1536,20.421552543663978
uhdslk0o,15,4,0grcilhi,10,0,5120,20.849902003977032
uhdslk0o,16,0,pl8uabbv,42,1536,1536,21.00419200865313
uhdslk0o,16,1,cfe5vt7s,38,1024,6144,21.877307463111418
uhdslk0o,16,2,71vgq3fw,16,512,1536,22.571450512162926
uhdslk0o,16,3,tuy3zymq,31,1024,2560,22.61560445448716
uhdslk0o,16,4,71vgq3fw,30,1024,2048,22.620922837342658
uhdslk0o,17,0,vc2whyaq,34,1024,4096,18.662274251988638
uhdslk0o,17,1,pl8uabbv,43,1536,2048,18.85704678188957
uhdslk0o,17,2,71vgq3fw,3,0,1536,18.927451487723236
uhdslk0o,17,3,hzumfsms,29,1024,1536,19.640057386195416
uhdslk0o,17,4,ptg8lmto,36,1024,5120,19.82195687763571
uhdslk0o,18,0,x7u69zsw,27,1024,512,15.20116626369538
uhdslk0o,18,1,x7u69zsw,22,512,4608,15.39749692261189
uhdslk0o,18,2,x77cy643,20,512,3584,15.558177435418319
uhdslk0o,18,3,hzumfsms,2,0,1024,15.571107883434236
uhdslk0o,18,4,utfgcjfa,33,1024,3584,15.787981699558507
uhdslk0o,19,0,utfgcjfa,30,1024,2048,15.731309260867569
uhdslk0o,19,1,utfgcjfa,31,1024,2560,16.211860147220424
uhdslk0o,19,2,0grcilhi,20,512,3584,17.966517203288753
uhdslk0o,19,3,utfgcjfa,39,1536,0,18.126682405612275
uhdslk0o,19,4,utfgcjfa,22,512,4608,18.23143630837778
uhdslk0o,20,0,utfgcjfa,31,1024,2560,12.858124615499909
uhdslk0o,20,1,utfgcjfa,39,1536,0,15.930462782526924
uhdslk0o,20,2,pl8uabbv,41,1536,1024,16.04292858810751
uhdslk0o,20,3,71vgq3fw,41,1536,1024,16.08330387310128
uhdslk0o,20,4,71vgq3fw,18,512,2560,16.226384174379163
uhdslk0o,21,0,kbdh4tri,3,0,1536,15.561234053849596
uhdslk0o,21,1,cfe5vt7s,50,1536,5632,16.45995330117638
uhdslk0o,21,2,xgj4xftb,19,512,3072,16.723690243952987
uhdslk0o,21,3,9luzk4jm,39,1536,0,17.959947075772305
uhdslk0o,21,4,pl8uabbv,40,1536,512,18.259607567694008
uhdslk0o,22,0,mgxahqnk,26,1024,0,16.299672988237745
uhdslk0o,22,1,x77cy643,9,0,4608,16.734244040552227
uhdslk0o,22,2,0grcilhi,37,1024,5632,17.15735625682711
uhdslk0o,22,3,ptg8lmto,17,512,2048,17.351177457508612
uhdslk0o,22,4,x77cy643,19,512,3072,17.472513552695514
uhdslk0o,23,0,pl8uabbv,43,1536,2048,16.13350787686957
uhdslk0o,23,1,71vgq3fw,3,0,1536,16.368756595317414
uhdslk0o,23,2,vc2whyaq,21,512,4096,17.674860359029914
uhdslk0o,23,3,xgj4xftb,22,512,4608,17.90878517221226
uhdslk0o,23,4,71vgq3fw,32,1024,3072,18.254547125701457
uhdslk0o,24,0,cfe5vt7s,16,512,1536,15.639385132820951
uhdslk0o,24,1,vc2whyaq,12,0,6144,16.130100940972827
uhdslk0o,24,2,ufdvpb81,15,512,1024,16.184180370155506
uhdslk0o,24,3,utfgcjfa,39,1536,0,16.818039922279947
uhdslk0o,24,4,pl8uabbv,27,1024,512,17.0310075489967
uhdslk0o,25,0,x7u69zsw,49,1536,5120,16.258344261372336
uhdslk0o,25,1,xgj4xftb,16,512,1536,18.717765572827712
uhdslk0o,25,2,x7u69zsw,31,1024,2560,19.100503490279735
uhdslk0o,25,3,71vgq3fw,15,512,1024,19.13058759760396
uhdslk0o,25,4,utfgcjfa,11,0,5632,19.313277744531185
uhdslk0o,26,0,x77cy643,35,1024,4608,14.67737896115766
uhdslk0o,26,1,x77cy643,5,0,2560,15.747275592262048
uhdslk0o,26,2,cfe5vt7s,49,1536,5120,15.807381161276146
uhdslk0o,26,3,xgj4xftb,8,0,4096,16.041185237980372
uhdslk0o,26,4,cfe5vt7s,15,512,1024,16.420923388951408
uhdslk0o,27,0,vc2whyaq,38,1024,6144,15.32116142351646
uhdslk0o,27,1,pl8uabbv,27,1024,512,17.115388855046174
uhdslk0o,27,2,tuy3zymq,49,1536,5120,17.805454974778243
uhdslk0o,27,3,cfe5vt7s,32,1024,3072,18.00008098665026
uhdslk0o,27,4,0grcilhi,0,0,0,18.03307518133929
uhdslk0o,28,0,71vgq3fw,3,0,1536,16.157060368949455
uhdslk0o,28,1,71vgq3fw,9,0,4608,16.99696231840257
uhdslk0o,28,2,x7u69zsw,13,512,0,17.323256791371968
uhdslk0o,28,3,vc2whyaq,12,0,6144,17.329277622535418
uhdslk0o,28,4,utfgcjfa,33,1024,3584,17.365301367047657
uhdslk0o,29,0,cfe5vt7s,16,512,1536,15.167562092863896
uhdslk0o,29,1,pl8uabbv,47,1536,4096,16.08878598136057
uhdslk0o,29,2,vc2whyaq,17,512,2048,17.784420247716096
uhdslk0o,29,3,pl8uabbv,18,512,2560,18.515341657194018
uhdslk0o,29,4,pl8uabbv,42,1536,1536,18.608974800529527
uhdslk0o,30,0,cfe5vt7s,10,0,5120,19.95146714022923
uhdslk0o,30,1,hzumfsms,43,1536,2048,20.21850144890014
uhdslk0o,30,2,ufdvpb81,5,0,2560,20.22704000677568
uhdslk0o,30,3,mgxahqnk,23,512,5120,20.290185773143854
uhdslk0o,30,4,9luzk4jm,43,1536,2048,20.40178618951674
uhdslk0o,31,0,utfgcjfa,31,1024,2560,13.337266140743395
uhdslk0o,31,1,x77cy643,48,1536,4608,13.35406318601682
uhdslk0o,31,2,x77cy643,20,512,3584,14.348250916396303
uhdslk0o,31,3,vc2whyaq,21,512,4096,14.668385576858133
uhdslk0o,31,4,x77cy643,16,512,1536,15.696633677905478
uhdslk0o,32,0,0grcilhi,13,512,0,14.989720544296219
uhdslk0o,32,1,xgj4xftb,28,1024,1024,15.0835951137696
uhdslk0o,32,2,x7u69zsw,12,0,6144,15.334310392310485
uhdslk0o,32,3,utfgcjfa,35,1024,4608,15.61018164713931
uhdslk0o,32,4,utfgcjfa,6,0,3072,15.761786373302716
uhdslk0o,33,0,vc2whyaq,21,512,4096,16.283655001460314
uhdslk0o,33,1,vc2whyaq,13,512,0,17.67030713375906
uhdslk0o,33,2,cfe5vt7s,1,0,512,18.091345288068585
uhdslk0o,33,3,pl8uabbv,49,1536,5120,18.262481677313986
uhdslk0o,33,4,pl8uabbv,33,1024,3584,18.58315802735459
uhdslk0o,34,0,x77cy643,5,0,2560,15.329785399562189
uhdslk0o,34,1,9luzk4jm,26,1024,0,16.43665422516101
uhdslk0o,34,2,cfe5vt7s,1,0,512,16.690304289089706
uhdslk0o,34,3,vc2whyaq,21,512,4096,17.06331193983236
uhdslk0o,34,4,pl8uabbv,16,512,1536,17.10762389057939
uhdslk0o,35,0,mgxahqnk,20,512,3584,15.939328452935923
uhdslk0o,35,1,vc2whyaq,42,1536,1536,16.77675425116449
uhdslk0o,35,2,cfe5vt7s,25,512,6144,17.044352893158887
uhdslk0o,35,3,71vgq3fw,22,512,4608,17.30632170192931
uhdslk0o,35,4,x7u69zsw,43,1536,2048,17.333841328335875
uhdslk0o,36,0,vc2whyaq,23,512,5120,13.61075569172012
uhdslk0o,36,1,71vgq3fw,18,512,2560,14.14584812421003
uhdslk0o,36,2,x7u69zsw,0,0,0,14.485152943644575
uhdslk0o,36,3,cfe5vt7s,42,1536,1536,14.65097577594404
uhdslk0o,36,4,x77cy643,19,512,3072,14.743945713901244
uhdslk0o,37,0,71vgq3fw,14,512,512,19.601723726918767
uhdslk0o,37,1,9luzk4jm,39,1536,0,20.637464414934858
uhdslk0o,37,2,71vgq3fw,30,1024,2048,20.855641518464516
uhdslk0o,37,3,utfgcjfa,6,0,3072,20.93008787279032
uhdslk0o,37,4,71vgq3fw,27,1024,512,21.326689588638523
uhdslk0o,38,0,kbdh4tri,37,1024,5632,18.400713197460796
uhdslk0o,38,1,pl8uabbv,40,1536,512,18.402921271090705
uhdslk0o,38,2,kbdh4tri,18,512,2560,18.772419086119566
uhdslk0o,38,3,pl8uabbv,21,512,4096,19.32884692025417
uhdslk0o,38,4,71vgq3fw,1,0,512,20.367566854633164
3806gxp0,0,0,utfgcjfa,11,0,5632,13.617995282980031
3806gxp0,0,1,pl8uabbv,47,1536,4096,13.655395881863088
3806gxp0,0,2,x7u69zsw,0,0,0,14.601215312018299
3806gxp0,0,3,kbdh4tri,19,512,3072,14.824511258150356
3806gxp0,0,4,mgxahqnk,20,512,3584,15.649948050913707
3806gxp0,1,0,cfe5vt7s,16,512,1536,14.05177305694278
3806gxp0,1,1,vc2whyaq,17,512,2048,14.681856418992409
3806gxp0,1,2,utfgcjfa,15,512,1024,15.07998934023397
3806gxp0,1,3,pl8uabbv,29,1024,1536,15.40203049790549
3806gxp0,1,4,cfe5vt7s,30,1024,2048,15.440289142990052
3806gxp0,2,0,vc2whyaq,23,512,5120,14.359726772149939
3806gxp0,2,1,pl8uabbv,35,1024,4608,15.050990057126272
3806gxp0,2,2,xgj4xftb,16,512,1536,15.253991612128539
3806gxp0,2,3,vc2whyaq,24,512,5632,15.724864173440878
3806gxp0,2,4,pl8uabbv,17,512,2048,18.099092433975656
3806gxp0,3,0,hawkfj64,35,1024,4608,15.52092448596989
3806gxp0,3,1,vc2whyaq,44,1536,2560,16.96446700886167
3806gxp0,3,2,9luzk4jm,9,0,4608,17.14480412290857
3806gxp0,3,3,vc2whyaq,6,0,3072,17.322475652527125
3806gxp0,3,4,xgj4xftb,38,1024,6144,17.514445228883773
3806gxp0,4,0,kbdh4tri,27,1024,512,15.164747445160476
3806gxp0,4,1,vc2whyaq,39,1536,0,16.10320158584857
3806gxp0,4,2,pl8uabbv,43,1536,2048,16.682302832991837
3806gxp0,4,3,x77cy643,17,512,2048,17.06783231604963
3806gxp0,4,4,x77cy643,41,1536,1024,17.162815924702066
3806gxp0,5,0,vc2whyaq,46,1536,3584,11.986097037385148
3806gxp0,5,1,x7u69zsw,16,512,1536,15.090910875530412
3806gxp0,5,2,71vgq3fw,44,1536,2560,15.576218354984933
3806gxp0,5,3,71vgq3fw,42,1536,1536,15.60572495156063
3806gxp0,5,4,utfgcjfa,47,1536,4096,16.184949229498265
3806gxp0,6,0,x77cy643,24,512,5632,15.599603199175467
3806gxp0,6,1,tuy3zymq,22,512,4608,16.178981936846927
3806gxp0,6,2,0grcilhi,0,0,0,16.8562637493136
3806gxp0,6,3,utfgcjfa,17,512,2048,17.22565655487136
3806gxp0,6,4,pl8uabbv,12,0,6144,17.301532547819193
3806gxp0,7,0,utfgcjfa,17,512,2048,15.454079810413045
3806gxp0,7,1,pl8uabbv,28,1024,1024,16.739720628630415
3806gxp0,7,2,vc2whyaq,2,0,1024,16.746047540267977
3806gxp0,7,3,pl8uabbv,43,1536,2048,17.038690536826277
3806gxp0,7,4,cfe5vt7s,47,1536,4096,17.158365846555494
3806gxp0,8,0,utfgcjfa,17,512,2048,15.142244168711759
3806gxp0,8,1,xgj4xftb,2,0,1024,17.069769840380708
3806gxp0,8,2,hzumfsms,14,512,512,17.41796709558834
3806gxp0,8,3,hawkfj64,23,512,5120,18.19775589160109
3806gxp0,8,4,x7u69zsw,39,1536,0,18.41039118868524
3806gxp0,9,0,utfgcjfa,49,1536,5120,17.246571175978612
3806gxp0,9,1,cfe5vt7s,9,0,4608,17.738141829054992
3806gxp0,9,2,x7u69zsw,37,1024,5632,17.748734865870983
3806gxp0,9,3,71vgq3fw,3,0,1536,17.87408076109245
3806gxp0,9,4,utfgcjfa,30,1024,2048,17.977931638193542
3806gxp0,10,0,utfgcjfa,30,1024,2048,13.661692759199367
3806gxp0,10,1,vc2whyaq,32,1024,3072,14.471643527410157
3806gxp0,10,2,tuy3zymq,11,0,5632,14.48226567200394
3806gxp0,10,3,x77cy643,5,0,2560,14.959131342286339
3806gxp0,10,4,x77cy643,14,512,512,15.27054897703406
3806gxp0,11,0,0grcilhi,37,1024,5632,16.697761364346125
3806gxp0,11,1,9luzk4jm,10,0,5120,18.638693322567917
3806gxp0,11,2,x77cy643,19,512,3072,18.645597095267213
3806gxp0,11,3,kbdh4tri,8,0,4096,18.688614055471355
3806gxp0,11,4,vc2whyaq,34,1024,4096,18.6987659324933
3806gxp0,12,0,tuy3zymq,4,0,2048,15.535346264754534
3806gxp0,12,1,utfgcjfa,30,1024,2048,15.76723234019982
3806gxp0,12,2,xgj4xftb,35,1024,4608,16.97481701975931
3806gxp0,12,3,hzumfsms,18,512,2560,17.689424739711715
3806gxp0,12,4,tuy3zymq,40,1536,512,18.040346734198476
3806gxp0,13,0,pl8uabbv,23,512,5120,14.32894235167005
3806gxp0,13,1,cfe5vt7s,47,1536,4096,14.384149504820854
3806gxp0,13,2,utfgcjfa,22,512,4608,14.717932414237644
3806gxp0,13,3,x77cy643,47,1536,4096,14.729085741051984
3806gxp0,13,4,vc2whyaq,33,1024,3584,14.961012685193166
3806gxp0,14,0,utfgcjfa,13,512,0,15.325143272919622
3806gxp0,14,1,utfgcjfa,44,1536,2560,16.580296535459574
3806gxp0,14,2,ufdvpb81,35,1024,4608,16.72248540493775
3806gxp0,14,3,9luzk4jm,33,1024,3584,16.821663110628997
3806gxp0,14,4,ufdvpb81,24,512,5632,17.024914103826756
3806gxp0,15,0,cfe5vt7s,48,1536,4608,16.94039458100265
3806gxp0,15,1,cfe5vt7s,20,512,3584,17.30918661380911
3806gxp0,15,2,vc2whyaq,7,0,3584,17.843652150119528
3806gxp0,15,3,pl8uabbv,27,1024,512,18.063702578540106
3806gxp0,15,4,utfgcjfa,49,1536,5120,18.7245571484717
3806gxp0,16,0,cfe5vt7s,16,512,1536,14.831411548609717
3806gxp0,16,1,pl8uabbv,17,512,2048,15.937901775280185
3806gxp0,16,2,x77cy643,9,0,4608,16.224629638637566
3806gxp0,16,3,vc2whyaq,17,512,2048,16.28305918752027
3806gxp0,16,4,pl8uabbv,38,1024,6144,16.327939163665793
3806gxp0,17,0,x77cy643,19,512,3072,14.497546836234026
3806gxp0,17,1,cfe5vt7s,0,0,0,14.7191084152984
3806gxp0,17,2,cfe5vt7s,23,512,5120,15.00384291527367
3806gxp0,17,3,vc2whyaq,42,1536,1536,15.166761458996543
3806gxp0,17,4,x77cy643,11,0,5632,15.414605424703858
3806gxp0,18,0,utfgcjfa,19,512,3072,13.598201180113808
3806gxp0,18,1,vc2whyaq,33,1024,3584,15.19154446491086
3806gxp0,18,2,ufdvpb81,21,512,4096,16.615082908636303
3806gxp0,18,3,cfe5vt7s,28,1024,1024,16.663192276763795
3806gxp0,18,4,9luzk4jm,17,512,2048,16.936425859019067
3806gxp0,19,0,hawkfj64,20,512,3584,14.605102633722359
3806gxp0,19,1,hzumfsms,49,1536,5120,14.843282350174576
3806gxp0,19,2,9luzk4jm,25,512,6144,15.12431497002569
3806gxp0,19,3,mgxahqnk,37,1024,5632,15.197976209760318
3806gxp0,19,4,mgxahqnk,8,0,4096,15.354034409865948
3806gxp0,20,0,pl8uabbv,39,1536,0,19.6771121465383
3806gxp0,20,1,pl8uabbv,15,512,1024,21.362907798147436
3806gxp0,20,2,vc2whyaq,20,512,3584,21.446329401377216
3806gxp0,20,3,x77cy643,34,1024,4096,21.602906067109508
3806gxp0,20,4,vc2whyaq,47,1536,4096,22.393821176474233
3806gxp0,21,0,mgxahqnk,3,0,1536,18.240786771618225
3806gxp0,21,1,9luzk4jm,39,1536,0,19.031258532036063
3806gxp0,21,2,x7u69zsw,36,1024,5120,19.253529435882005
3806gxp0,21,3,ptg8lmto,34,1024,4096,19.385780301125003
3806gxp0,21,4,hawkfj64,38,1024,6144,19.45580821705035
3806gxp0,22,0,cfe5vt7s,13,512,0,14.704563750579041
3806gxp0,22,1,x77cy643,20,512,3584,15.227153356350287
3806gxp0,22,2,x77cy643,5,0,2560,15.327692447165054
3806gxp0,22,3,vc2whyaq,33,1024,3584,15.621222984842234
3806gxp0,22,4,cfe5vt7s,29,1024,1536,15.848334660266396
3806gxp0,23,0,mgxahqnk,20,512,3584,16.65812556535222
3806gxp0,23,1,ptg8lmto,23,512,5120,16.82733355519233
3806gxp0,23,2,kbdh4tri,13,512,0,16.83670018187826
3806gxp0,23,3,utfgcjfa,2,0,1024,17.021596239102248
3806gxp0,23,4,pl8uabbv,19,512,3072,17.049989404040286
3806gxp0,24,0,utfgcjfa,44,1536,2560,16.76589098783199
3806gxp0,24,1,cfe5vt7s,28,1024,1024,19.493054125616204
3806gxp0,24,2,x77cy643,24,512,5632,20.28075358450245
3806gxp0,24,3,vc2whyaq,32,1024,3072,21.25985703188322
3806gxp0,24,4,9luzk4jm,34,1024,4096,21.412686311133072
3806gxp0,25,0,hzumfsms,30,1024,2048,17.766376986330098
3806gxp0,25,1,71vgq3fw,28,1024,1024,18.133115005515595
3806gxp0,25,2,vc2whyaq,47,1536,4096,19.5211823423164
3806gxp0,25,3,cfe5vt7s,20,512,3584,19.667010944015264
3806gxp0,25,4,x7u69zsw,24,512,5632,19.705613465613148
3806gxp0,26,0,pl8uabbv,15,512,1024,16.273041588563782
3806gxp0,26,1,hzumfsms,36,1024,5120,17.760839614438815
3806gxp0,26,2,0grcilhi,12,0,6144,18.07385651318666
3806gxp0,26,3,vc2whyaq,10,0,5120,18.076141462826936
3806gxp0,26,4,vc2whyaq,38,1024,6144,18.427598965466043
3806gxp0,27,0,pl8uabbv,33,1024,3584,16.689249396884748
3806gxp0,27,1,hzumfsms,35,1024,4608,16.910353701834474
3806gxp0,27,2,ufdvpb81,0,0,0,17.13567522068245
3806gxp0,27,3,pl8uabbv,22,512,4608,17.32663484158605
3806gxp0,27,4,71vgq3fw,43,1536,2048,17.352695848645055
3806gxp0,28,0,pl8uabbv,49,1536,5120,16.548054960145862
3806gxp0,28,1,utfgcjfa,15,512,1024,17.193998387254613
3806gxp0,28,2,cfe5vt7s,13,512,0,17.566892308371006
3806gxp0,28,3,cfe5vt7s,22,512,4608,17.62927637368585
3806gxp0,28,4,utfgcjfa,31,1024,2560,17.951791256704947
3806gxp0,29,0,pl8uabbv,51,1536,6144,15.463397750889314
3806gxp0,29,1,x77cy643,34,1024,4096,15.830477626949868
3806gxp0,29,2,ufdvpb81,3,0,1536,16.423689749923135
3806gxp0,29,3,hzumfsms,5,0,2560,16.82086698448675
3806gxp0,29,4,utfgcjfa,31,1024,2560,16.879738968230964
3806gxp0,30,0,utfgcjfa,47,1536,4096,13.610693816032539
3806gxp0,30,1,ufdvpb81,37,1024,5632,15.888709031560353
3806gxp0,30,2,pl8uabbv,43,1536,2048,16.330515685702455
3806gxp0,30,3,ufdvpb81,0,0,0,16.442346755376526
3806gxp0,30,4,hzumfsms,51,1536,6144,16.70668635556406
3806gxp0,31,0,71vgq3fw,30,1024,2048,12.975248715478706
3806gxp0,31,1,utfgcjfa,6,0,3072,13.524370171894487
3806gxp0,31,2,cfe5vt7s,16,512,1536,14.174653088631892
3806gxp0,31,3,pl8uabbv,23,512,5120,14.184672219584302
3806gxp0,31,4,ptg8lmto,17,512,2048,14.767564207188885
3806gxp0,32,0,cfe5vt7s,16,512,1536,20.538175657519247
3806gxp0,32,1,0grcilhi,14,512,512,21.499987129316498
3806gxp0,32,2,hzumfsms,19,512,3072,21.598181801754325
3806gxp0,32,3,hawkfj64,16,512,1536,22.294915484707914
3806gxp0,32,4,0grcilhi,28,1024,1024,22.516455129778027
3806gxp0,33,0,ufdvpb81,10,0,5120,16.463227380608913
3806gxp0,33,1,ufdvpb81,15,512,1024,16.471136355796922
3806gxp0,33,2,cfe5vt7s,22,512,4608,16.481872994780826
3806gxp0,33,3,vc2whyaq,23,512,5120,17.01734923152539
3806gxp0,33,4,mgxahqnk,13,512,0,17.17864468309326
3806gxp0,34,0,cfe5vt7s,37,1024,5632,13.923415822188131
3806gxp0,34,1,vc2whyaq,47,1536,4096,14.347229630674745
3806gxp0,34,2,9luzk4jm,35,1024,4608,14.487556334192766
3806gxp0,34,3,ufdvpb81,23,512,5120,15.16960505827786
3806gxp0,34,4,cfe5vt7s,22,512,4608,15.55512255688471
3806gxp0,35,0,cfe5vt7s,16,512,1536,14.088866649544537
3806gxp0,35,1,9luzk4jm,26,1024,0,16.142573292511287
3806gxp0,35,2,pl8uabbv,47,1536,4096,16.215187710628744
3806gxp0,35,3,0grcilhi,14,512,512,16.822639880579707
3806gxp0,35,4,x77cy643,5,0,2560,17.276715793351656
3806gxp0,36,0,utfgcjfa,21,512,4096,13.491969228474927
3806gxp0,36,1,mgxahqnk,28,1024,1024,14.409878592305084
3806gxp0,36,2,hzumfsms,18,512,2560,14.491480527641556
3806gxp0,36,3,utfgcjfa,6,0,3072,15.577014852134097
3806gxp0,36,4,utfgcjfa,30,1024,2048,15.951829731946408
3806gxp0,37,0,pl8uabbv,17,512,2048,13.759915151402183
3806gxp0,37,1,ufdvpb81,34,1024,4096,14.584634171901309
3806gxp0,37,2,vc2whyaq,17,512,2048,14.751409649870576
3806gxp0,37,3,utfgcjfa,2,0,1024,14.854123317240592
3806gxp0,37,4,x77cy643,19,512,3072,15.863791766842136
3806gxp0,38,0,ufdvpb81,23,512,5120,14.292807614517827
3806gxp0,38,1,x77cy643,31,1024,2560,15.227913435276973
3806gxp0,38,2,cfe5vt7s,37,1024,5632,15.752869341796556
3806gxp0,38,3,vc2whyaq,3,0,1536,16.629435687943293
3806gxp0,38,4,hawkfj64,20,512,3584,16.974386525022414
3806gxp0,39,0,utfgcjfa,22,512,4608,13.504596846005182
3806gxp0,39,1,x77cy643,16,512,1536,14.298239309127474
3806gxp0,39,2,hawkfj64,6,0,3072,15.053545978562399
3806gxp0,39,3,ptg8lmto,33,1024,3584,15.23351123002478
3806gxp0,39,4,cfe5vt7s,47,1536,4096,15.287413610528743
3806gxp0,40,0,x77cy643,41,1536,1024,16.52248199335631
3806gxp0,40,1,x77cy643,17,512,2048,17.220725327109818
3806gxp0,40,2,vc2whyaq,39,1536,0,17.84107349847901
3806gxp0,40,3,cfe5vt7s,36,1024,5120,17.97143804199384
3806gxp0,40,4,ufdvpb81,12,0,6144,18.181321775774407
3806gxp0,41,0,kbdh4tri,19,512,3072,11.095916768552911
3806gxp0,41,1,x7u69zsw,0,0,0,15.162653929311304
3806gxp0,41,2,cfe5vt7s,42,1536,1536,15.377817357485064
3806gxp0,41,3,vc2whyaq,24,512,5632,15.412416364342334
3806gxp0,41,4,tuy3zymq,40,1536,512,15.555363141829748
3806gxp0,42,0,71vgq3fw,1,0,512,14.534221708669653
3806gxp0,42,1,pl8uabbv,40,1536,512,15.231958629517687
3806gxp0,42,2,x7u69zsw,26,1024,0,15.323045071852654
3806gxp0,42,3,hzumfsms,45,1536,3072,15.374382477683833
3806gxp0,42,4,pl8uabbv,48,1536,4608,15.888859849926309
3806gxp0,43,0,utfgcjfa,10,0,5120,16.18134333386222
3806gxp0,43,1,vc2whyaq,39,1536,0,16.26259635157006
3806gxp0,43,2,hawkfj64,36,1024,5120,16.33077312730578
3806gxp0,43,3,71vgq3fw,44,1536,2560,16.52186648337172
3806gxp0,43,4,ufdvpb81,31,1024,2560,16.738817595953144
3806gxp0,44,0,cfe5vt7s,16,512,1536,14.044567027222405
3806gxp0,44,1,x77cy643,5,0,2560,14.208659436748205
3806gxp0,44,2,cfe5vt7s,27,1024,512,15.398176697853758
3806gxp0,44,3,cfe5vt7s,8,0,4096,15.556234803914746
3806gxp0,44,4,x77cy643,29,1024,1536,15.670319088998315
3806gxp0,45,0,ptg8lmto,33,1024,3584,16.34309374239234
3806gxp0,45,1,71vgq3fw,10,0,5120,16.38191506913986
3806gxp0,45,2,mgxahqnk,38,1024,6144,16.833704425732748
3806gxp0,45,3,x7u69zsw,33,1024,3584,17.318574094061322
3806gxp0,45,4,0grcilhi,1,0,512,17.81425418149204
3806gxp0,46,0,utfgcjfa,29,1024,1536,13.731494918382122
3806gxp0,46,1,vc2whyaq,20,512,3584,16.133192114757787
3806gxp0,46,2,vc2whyaq,47,1536,4096,16.312481434970255
3806gxp0,46,3,mgxahqnk,37,1024,5632,16.853699988369847
3806gxp0,46,4,vc2whyaq,28,1024,1024,16.95089510310039
3806gxp0,47,0,cfe5vt7s,37,1024,5632,14.581717105703268
3806gxp0,47,1,vc2whyaq,3,0,1536,16.592470798439454
3806gxp0,47,2,utfgcjfa,10,0,5120,16.696176392989738
3806gxp0,47,3,x77cy643,31,1024,2560,16.76189561272963
3806gxp0,47,4,cfe5vt7s,8,0,4096,17.13821777072896
3806gxp0,48,0,mgxahqnk,5,0,2560,14.796318837636816
3806gxp0,48,1,vc2whyaq,27,1024,512,16.167986033165725
3806gxp0,48,2,ufdvpb81,0,0,0,17.127997925657766
3806gxp0,48,3,9luzk4jm,6,0,3072,17.71669731240799
3806gxp0,48,4,71vgq3fw,43,1536,2048,17.814073425115296
3806gxp0,49,0,vc2whyaq,17,512,2048,13.715805500839053
3806gxp0,49,1,cfe5vt7s,16,512,1536,14.271141736364372
3806gxp0,49,2,pl8uabbv,17,512,2048,15.088943824449514
3806gxp0,49,3,pl8uabbv,47,1536,4096,15.502242212044063
3806gxp0,49,4,x77cy643,47,1536,4096,15.860515773285957
3806gxp0,50,0,pl8uabbv,17,512,2048,16.26380799562863
3806gxp0,50,1,hawkfj64,11,0,5632,16.263835939216893
3806gxp0,50,2,pl8uabbv,44,1536,2560,17.193489542632243
3806gxp0,50,3,ptg8lmto,11,0,5632,17.555389241938546
3806gxp0,50,4,x77cy643,16,512,1536,18.022080463983027
3806gxp0,51,0,vc2whyaq,42,1536,1536,17.36247210502363
3806gxp0,51,1,x77cy643,16,512,1536,17.960530782883005
3806gxp0,51,2,x77cy643,19,512,3072,18.38641090630701
3806gxp0,51,3,utfgcjfa,16,512,1536,18.40657196801971
3806gxp0,51,4,utfgcjfa,31,1024,2560,18.51749815391518
avn74qx1,0,0,cfe5vt7s,50,1536,5632,13.37311818271137
avn74qx1,0,1,kbdh4tri,3,0,1536,14.709880290046993
avn74qx1,0,2,71vgq3fw,1,0,512,14.745469738734224
avn74qx1,0,3,pl8uabbv,21,512,4096,14.880003307876171
avn74qx1,0,4,vc2whyaq,17,512,2048,15.30578696154405
avn74qx1,1,0,pl8uabbv,8,0,4096,17.702771723193298
avn74qx1,1,1,utfgcjfa,9,0,4608,19.281266896403256
avn74qx1,1,2,x77cy643,19,512,3072,19.55026720870583
avn74qx1,1,3,0grcilhi,28,1024,1024,19.74437444484554
avn74qx1,1,4,hawkfj64,16,512,1536,19.842751004281446
avn74qx1,2,0,mgxahqnk,36,1024,5120,16.159179683286066
avn74qx1,2,1,tuy3zymq,23,512,5120,16.66026848210086
avn74qx1,2,2,pl8uabbv,7,0,3584,17.08567758173697
avn74qx1,2,3,cfe5vt7s,47,1536,4096,17.198134524672387
avn74qx1,2,4,pl8uabbv,17,512,2048,17.229721932408594
avn74qx1,3,0,xgj4xftb,22,512,4608,16.78739447284963
avn74qx1,3,1,pl8uabbv,10,0,5120,16.83818321325918
avn74qx1,3,2,pl8uabbv,22,512,4608,17.196052287654496
avn74qx1,3,3,71vgq3fw,2,0,1024,17.25737550627108
avn74qx1,3,4,9luzk4jm,24,512,5632,17.488394291113007
avn74qx1,4,0,pl8uabbv,17,512,2048,15.581403693747848
avn74qx1,4,1,vc2whyaq,30,1024,2048,16.807474026118534
avn74qx1,4,2,9luzk4jm,26,1024,0,17.638529175527594
avn74qx1,4,3,x77cy643,12,0,6144,19.03385988311454
avn74qx1,4,4,pl8uabbv,41,1536,1024,19.12155969892807
avn74qx1,5,0,kbdh4tri,21,512,4096,16.222281159858074
avn74qx1,5,1,mgxahqnk,15,512,1024,16.261572779906363
avn74qx1,5,2,ufdvpb81,21,512,4096,16.43515347569795
avn74qx1,5,3,x77cy643,47,1536,4096,16.797807793807106
avn74qx1,5,4,hawkfj64,22,512,4608,17.144692385564703
avn74qx1,6,0,pl8uabbv,15,512,1024,17.305950748606346
avn74qx1,6,1,ufdvpb81,15,512,1024,18.689495849168654
avn74qx1,6,2,pl8uabbv,29,1024,1536,18.852528460810063
avn74qx1,6,3,vc2whyaq,21,512,4096,19.089573419505854
avn74qx1,6,4,utfgcjfa,39,1536,0,19.14277403834822
avn74qx1,7,0,vc2whyaq,32,1024,3072,15.41473552877997
avn74qx1,7,1,x77cy643,45,1536,3072,15.870760041504738
avn74qx1,7,2,mgxahqnk,16,512,1536,16.34528588371729
avn74qx1,7,3,vc2whyaq,6,0,3072,16.644955594319832
avn74qx1,7,4,utfgcjfa,19,512,3072,16.747443492147635
avn74qx1,8,0,ufdvpb81,3,0,1536,16.16184703805886
avn74qx1,8,1,0grcilhi,18,512,2560,16.761872659908416
avn74qx1,8,2,pl8uabbv,4,0,2048,18.205870682310636
avn74qx1,8,3,ufdvpb81,42,1536,1536,18.292929391315788
avn74qx1,8,4,cfe5vt7s,28,1024,1024,18.32336153393251
avn74qx1,9,0,vc2whyaq,23,512,5120,14.487674362193403
avn74qx1,9,1,vc2whyaq,0,0,0,15.811419763791475
avn74qx1,9,2,utfgcjfa,2,0,1024,16.253595867015683
avn74qx1,9,3,xgj4xftb,16,512,1536,16.37294605895376
avn74qx1,9,4,x7u69zsw,0,0,0,16.657953096896634
avn74qx1,10,0,utfgcjfa,2,0,1024,14.103369080553685
avn74qx1,10,1,mgxahqnk,20,512,3584,14.485442664919718
avn74qx1,10,2,9luzk4jm,47,1536,4096,16.3603848743902
avn74qx1,10,3,vc2whyaq,42,1536,1536,16.476085041721312
avn74qx1,10,4,xgj4xftb,33,1024,3584,17.381170243244448
avn74qx1,11,0,kbdh4tri,4,0,2048,14.385690925940562
avn74qx1,11,1,x7u69zsw,0,0,0,15.347311753741554
avn74qx1,11,2,vc2whyaq,12,0,6144,15.582620768035222
avn74qx1,11,3,x77cy643,19,512,3072,15.707728061832846
avn74qx1,11,4,vc2whyaq,23,512,5120,15.804661763265445
avn74qx1,12,0,vc2whyaq,12,0,6144,15.046121525521233
avn74qx1,12,1,cfe5vt7s,30,1024,2048,16.849645640938988
avn74qx1,12,2,9luzk4jm,26,1024,0,17.76746088037072
avn74qx1,12,3,cfe5vt7s,41,1536,1024,18.02127905502089
avn74qx1,12,4,hzumfsms,42,1536,1536,18.236529955317422
avn74qx1,13,0,vc2whyaq,5,0,2560,19.21343024896498
avn74qx1,13,1,ptg8lmto,27,1024,512,19.398935211633322
avn74qx1,13,2,pl8uabbv,9,0,4608,19.667639049350154
avn74qx1,13,3,tuy3zymq,50,1536,5632,20.16386514955926
avn74qx1,13,4,pl8uabbv,36,1024,5120,20.529891064853658
avn74qx1,14,0,pl8uabbv,48,1536,4608,16.263464539994512
avn74qx1,14,1,xgj4xftb,25,512,6144,17.80682109906935
avn74qx1,14,2,pl8uabbv,40,1536,512,18.979365836898133
avn74qx1,14,3,hawkfj64,14,512,512,19.173212227518064
avn74qx1,14,4,pl8uabbv,44,1536,2560,19.5388954869987
avn74qx1,15,0,hzumfsms,49,1536,5120,13.128501740767359
avn74qx1,15,1,vc2whyaq,3,0,1536,13.26803068203334
avn74qx1,15,2,kbdh4tri,45,1536,3072,14.965459126643783
avn74qx1,15,3,x77cy643,35,1024,4608,15.296336164901005
avn74qx1,15,4,9luzk4jm,12,0,6144,15.31881981063856
avn74qx1,16,0,ufdvpb81,45,1536,3072,19.764338138027416
avn74qx1,16,1,71vgq3fw,40,1536,512,20.81397982074446
avn74qx1,16,2,utfgcjfa,44,1536,2560,21.032941077738496
avn74qx1,16,3,x77cy643,17,512,2048,21.214756075026415
avn74qx1,16,4,9luzk4jm,33,1024,3584,21.254473174781218
avn74qx1,17,0,ptg8lmto,35,1024,4608,18.250890194177025
avn74qx1,17,1,utfgcjfa,9,0,4608,19.714606396778304
avn74qx1,17,2,x7u69zsw,11,0,5632,19.793438205185247
avn74qx1,17,3,tuy3zymq,46,1536,3584,19.934662538796584
avn74qx1,17,4,ptg8lmto,38,1024,6144,20.43651756570179
avn74qx1,18,0,utfgcjfa,6,0,3072,14.38679800849373
avn74qx1,18,1,pl8uabbv,22,512,4608,14.73046353929864
avn74qx1,18,2,71vgq3fw,21,512,4096,15.30343315543987
avn74qx1,18,3,9luzk4jm,39,1536,0,15.697528977146868
avn74qx1,18,4,cfe5vt7s,23,512,5120,16.0188308614245
avn74qx1,19,0,9luzk4jm,20,512,3584,18.573396506776657
avn74qx1,19,1,hzumfsms,27,1024,512,18.998213595982012
avn74qx1,19,2,ufdvpb81,15,512,1024,19.049482723100287
avn74qx1,19,3,9luzk4jm,35,1024,4608,19.27897764154195
avn74qx1,19,4,9luzk4jm,36,1024,5120,19.886799704001092
avn74qx1,20,0,pl8uabbv,21,512,4096,16.36841531407434
avn74qx1,20,1,vc2whyaq,33,1024,3584,17.24046496647917
avn74qx1,20,2,cfe5vt7s,13,512,0,17.704027537686606
avn74qx1,20,3,hzumfsms,46,1536,3584,17.803384267877256
avn74qx1,20,4,mgxahqnk,14,512,512,18.293214990771638
avn74qx1,21,0,cfe5vt7s,13,512,0,16.584785051981385
avn74qx1,21,1,pl8uabbv,47,1536,4096,18.034601057288334
avn74qx1,21,2,utfgcjfa,31,1024,2560,18.2734112563104
avn74qx1,21,3,utfgcjfa,8,0,4096,18.669948800330562
avn74qx1,21,4,utfgcjfa,15,512,1024,18.74164155141432
avn74qx1,22,0,cfe5vt7s,22,512,4608,17.54404267273567
avn74qx1,22,1,vc2whyaq,49,1536,5120,17.977297593647744
avn74qx1,22,2,x77cy643,15,512,1024,18.080463792776204
avn74qx1,22,3,9luzk4jm,35,1024,4608,18.206532662526993
avn74qx1,22,4,xgj4xftb,17,512,2048,18.222858009427675
avn74qx1,23,0,cfe5vt7s,22,512,4608,11.774529550655874
avn74qx1,23,1,x77cy643,27,1024,512,15.757177103688429
avn74qx1,23,2,vc2whyaq,49,1536,5120,16.06608793148521
avn74qx1,23,3,cfe5vt7s,47,1536,4096,16.16496964821316
avn74qx1,23,4,vc2whyaq,33,1024,3584,16.479975409371466
avn74qx1,24,0,0grcilhi,1,0,512,15.825656222876901
avn74qx1,24,1,hzumfsms,50,1536,5632,15.879653330360407
avn74qx1,24,2,x77cy643,35,1024,4608,16.44733657634176
avn74qx1,24,3,vc2whyaq,44,1536,2560,16.94843940333787
avn74qx1,24,4,hzumfsms,27,1024,512,17.081400214325768
avn74qx1,25,0,utfgcjfa,0,0,0,13.46410328794969
avn74qx1,25,1,x7u69zsw,31,1024,2560,14.42340118973041
avn74qx1,25,2,pl8uabbv,17,512,2048,15.401487441223956
avn74qx1,25,3,xgj4xftb,16,512,1536,15.609859216690454
avn74qx1,25,4,kbdh4tri,19,512,3072,15.768805202283124
avn74qx1,26,0,vc2whyaq,47,1536,4096,15.461858853185356
avn74qx1,26,1,utfgcjfa,31,1024,2560,16.561401622327026
avn74qx1,26,2,pl8uabbv,51,1536,6144,16.926965125494743
avn74qx1,26,3,utfgcjfa,11,0,5632,17.634773676476478
avn74qx1,26,4,cfe5vt7s,8,0,4096,17.71838137619671
avn74qx1,27,0,0grcilhi,9,0,4608,14.793135152103387
avn74qx1,27,1,pl8uabbv,15,512,1024,16.56378196991923
avn74qx1,27,2,vc2whyaq,19,512,3072,16.61627411941446
avn74qx1,27,3,vc2whyaq,47,1536,4096,16.81898225961251
avn74qx1,27,4,71vgq3fw,35,1024,4608,17.477158009912294
avn74qx1,28,0,0grcilhi,20,512,3584,19.150293518441696
avn74qx1,28,1,pl8uabbv,15,512,1024,20.087836268684292
avn74qx1,28,2,vc2whyaq,47,1536,4096,20.56135313683189
avn74qx1,28,3,vc2whyaq,20,512,3584,20.587244975215967
avn74qx1,28,4,0grcilhi,9,0,4608,20.676092303164424
avn74qx1,29,0,vc2whyaq,47,1536,4096,15.004021912771275
avn74qx1,29,1,pl8uabbv,41,1536,1024,15.060758711714142
avn74qx1,29,2,utfgcjfa,31,1024,2560,15.219322582418764
avn74qx1,29,3,utfgcjfa,10,0,5120,15.86846426644052
avn74qx1,29,4,x77cy643,20,512,3584,16.48587214182736
avn74qx1,30,0,x77cy643,5,0,2560,14.583493517124209
avn74qx1,30,1,hzumfsms,49,1536,5120,15.597999710710948
avn74qx1,30,2,cfe5vt7s,19,512,3072,15.765759902291613
avn74qx1,30,3,9luzk4jm,36,1024,5120,15.858657202866752
avn74qx1,30,4,mgxahqnk,37,1024,5632,15.871854049098854
avn74qx1,31,0,0grcilhi,13,512,0,14.423201549552358
avn74qx1,31,1,x77cy643,47,1536,4096,14.440193862773635
avn74qx1,31,2,9luzk4jm,1,0,512,14.703030281983251
avn74qx1,31,3,hzumfsms,7,0,3584,15.050026356954168
avn74qx1,31,4,vc2whyaq,33,1024,3584,15.173307674753456
avn74qx1,32,0,pl8uabbv,17,512,2048,15.665546309305222
avn74qx1,32,1,pl8uabbv,41,1536,1024,17.810797667374388
avn74qx1,32,2,x77cy643,12,0,6144,17.93186561858619
avn74qx1,32,3,ufdvpb81,10,0,5120,17.948817630077038
avn74qx1,32,4,71vgq3fw,18,512,2560,17.94961756990047
avn74qx1,33,0,mgxahqnk,28,1024,1024,15.981619217164218
avn74qx1,33,1,hzumfsms,48,1536,4608,17.906294093512674
avn74qx1,33,2,pl8uabbv,23,512,5120,18.44867389566844
avn74qx1,33,3,71vgq3fw,37,1024,5632,18.827742121165162
avn74qx1,33,4,pl8uabbv,31,1024,2560,18.8378832473112
avn74qx1,34,0,kbdh4tri,17,512,2048,17.721186115759956
avn74qx1,34,1,utfgcjfa,48,1536,4608,17.826878483201256
avn74qx1,34,2,71vgq3fw,47,1536,4096,18.38592106443458
avn74qx1,34,3,utfgcjfa,15,512,1024,18.429323578438986
avn74qx1,34,4,ufdvpb81,41,1536,1024,18.619263793549887
avn74qx1,35,0,pl8uabbv,40,1536,512,13.342497252924648
avn74qx1,35,1,kbdh4tri,37,1024,5632,16.872654563974248
avn74qx1,35,2,pl8uabbv,8,0,4096,17.10205094454205
avn74qx1,35,3,pl8uabbv,44,1536,2560,18.481711080672603
avn74qx1,35,4,pl8uabbv,9,0,4608,19.02289002645549
avn74qx1,36,0,xgj4xftb,16,512,1536,16.857664161066705
avn74qx1,36,1,cfe5vt7s,42,1536,1536,18.42294336868892
avn74qx1,36,2,vc2whyaq,23,512,5120,18.581067435051693
avn74qx1,36,3,x77cy643,9,0,4608,18.807229641313693
avn74qx1,36,4,pl8uabbv,8,0,4096,18.827514272269866
avn74qx1,37,0,tuy3zymq,40,1536,512,13.67238592429813
avn74qx1,37,1,hzumfsms,51,1536,6144,15.447401189454478
avn74qx1,37,2,utfgcjfa,47,1536,4096,15.643676941891739
avn74qx1,37,3,x7u69zsw,15,512,1024,15.709414382176504
avn74qx1,37,4,cfe5vt7s,36,1024,5120,16.064880797710636
avn74qx1,38,0,pl8uabbv,17,512,2048,18.06955694235707
avn74qx1,38,1,vc2whyaq,23,512,5120,18.940219923776755
avn74qx1,38,2,xgj4xftb,16,512,1536,19.694217975634857
avn74qx1,38,3,cfe5vt7s,42,1536,1536,20.013068555793186
avn74qx1,38,4,x77cy643,9,0,4608,20.034703063355654
avn74qx1,39,0,pl8uabbv,34,1024,4096,15.530923311308559
avn74qx1,39,1,kbdh4tri,50,1536,5632,16.230900715945484
avn74qx1,39,2,pl8uabbv,21,512,4096,17.64089810011674
avn74qx1,39,3,x77cy643,47,1536,4096,17.692668574110193
avn74qx1,39,4,ptg8lmto,33,1024,3584,17.982993664949003
avn74qx1,40,0,utfgcjfa,31,1024,2560,14.530500631314762
avn74qx1,40,1,x77cy643,48,1536,4608,14.86203077174012
avn74qx1,40,2,cfe5vt7s,22,512,4608,16.508158092747735
avn74qx1,40,3,vc2whyaq,21,512,4096,17.27425659160624
avn74qx1,40,4,x77cy643,7,0,3584,17.503252002535678
avn74qx1,41,0,mgxahqnk,13,512,0,17.605889338068952
avn74qx1,41,1,vc2whyaq,26,1024,0,17.841999129856163
avn74qx1,41,2,utfgcjfa,17,512,2048,19.292141087524122
avn74qx1,41,3,pl8uabbv,41,1536,1024,19.48773727966131
avn74qx1,41,4,cfe5vt7s,22,512,4608,20.09231503206616
avn74qx1,42,0,vc2whyaq,28,1024,1024,18.540112958641384
avn74qx1,42,1,utfgcjfa,17,512,2048,18.634498903016706
avn74qx1,42,2,mgxahqnk,22,512,4608,18.850323578241117
avn74qx1,42,3,x7u69zsw,3,0,1536,18.870903690677867
avn74qx1,42,4,hzumfsms,42,1536,1536,18.90994882758239
avn74qx1,43,0,x7u69zsw,41,1536,1024,14.487625930624581
avn74qx1,43,1,vc2whyaq,12,0,6144,14.741677509288824
avn74qx1,43,2,0grcilhi,37,1024,5632,15.854340955909855
avn74qx1,43,3,x7u69zsw,13,512,0,15.908273833014468
avn74qx1,43,4,x7u69zsw,39,1536,0,16.038867384541792
avn74qx1,44,0,utfgcjfa,9,0,4608,18.006626475380752
avn74qx1,44,1,vc2whyaq,42,1536,1536,18.441746833256893
avn74qx1,44,2,mgxahqnk,30,1024,2048,18.70035655624463
avn74qx1,44,3,cfe5vt7s,4,0,2048,19.063733536784603
avn74qx1,44,4,pl8uabbv,46,1536,3584,19.158667667150333
avn74qx1,45,0,pl8uabbv,21,512,4096,15.561553605925846
avn74qx1,45,1,mgxahqnk,20,512,3584,16.259809350423485
avn74qx1,45,2,utfgcjfa,2,0,1024,16.325187488809632
avn74qx1,45,3,ptg8lmto,14,512,512,16.850481521101024
avn74qx1,45,4,vc2whyaq,17,512,2048,17.347594887664364
avn74qx1,46,0,pl8uabbv,34,1024,4096,13.615376101669062
avn74qx1,46,1,pl8uabbv,23,512,5120,14.041723192780784
avn74qx1,46,2,utfgcjfa,18,512,2560,14.998490316953259
avn74qx1,46,3,vc2whyaq,39,1536,0,15.179900870353084
avn74qx1,46,4,ptg8lmto,33,1024,3584,15.281568056627
avn74qx1,47,0,vc2whyaq,37,1024,5632,14.848391541017014
avn74qx1,47,1,71vgq3fw,10,0,5120,15.602851543645015
avn74qx1,47,2,utfgcjfa,7,0,3584,16.34077950502812
avn74qx1,47,3,x77cy643,49,1536,5120,16.761249521726256
avn74qx1,47,4,vc2whyaq,39,1536,0,17.047862679581154
avn74qx1,48,0,cfe5vt7s,23,512,5120,15.420362532839437
avn74qx1,48,1,x77cy643,19,512,3072,15.731419937374483
avn74qx1,48,2,pl8uabbv,45,1536,3072,15.77329209830088
avn74qx1,48,3,cfe5vt7s,27,1024,512,16.069742910417858
avn74qx1,48,4,vc2whyaq,42,1536,1536,16.162468803693276
avn74qx1,49,0,pl8uabbv,40,1536,512,15.579864575394433
avn74qx1,49,1,utfgcjfa,2,0,1024,15.613301298286181
avn74qx1,49,2,vc2whyaq,42,1536,1536,17.626032961625484
avn74qx1,49,3,pl8uabbv,21,512,4096,17.71747021672578
avn74qx1,49,4,kbdh4tri,37,1024,5632,17.73065260924255
avn74qx1,50,0,utfgcjfa,31,1024,2560,12.66529976487943
avn74qx1,50,1,vc2whyaq,17,512,2048,15.3341012288059
avn74qx1,50,2,pl8uabbv,6,0,3072,16.51128293193466
avn74qx1,50,3,xgj4xftb,19,512,3072,16.56705840261934
avn74qx1,50,4,utfgcjfa,45,1536,3072,16.747891392669313
avn74qx1,51,0,0grcilhi,9,0,4608,17.578659781978892
avn74qx1,51,1,vc2whyaq,10,0,5120,19.014824582296054
avn74qx1,51,2,mgxahqnk,13,512,0,19.127667612163926
avn74qx1,51,3,71vgq3fw,47,1536,4096,19.373191880571085
avn74qx1,51,4,vc2whyaq,47,1536,4096,19.68402523901389
b3esycq1,0,0,9luzk4jm,16,512,1536,16.939388360555498
b3esycq1,0,1,utfgcjfa,23,512,5120,17.822451416512067
b3esycq1,0,2,hawkfj64,18,512,2560,18.079932885353465
b3esycq1,0,3,xgj4xftb,8,0,4096,18.325907677311143
b3esycq1,0,4,tuy3zymq,19,512,3072,18.60490812586867
b3esycq1,1,0,0grcilhi,9,0,4608,15.3576504949895
b3esycq1,1,1,cfe5vt7s,32,1024,3072,15.640532989493826
b3esycq1,1,2,hzumfsms,36,1024,5120,15.827439610779146
b3esycq1,1,3,9luzk4jm,35,1024,4608,15.959212175561051
b3esycq1,1,4,vc2whyaq,28,1024,1024,16.79106011115195
b3esycq1,2,0,hzumfsms,7,0,3584,14.51311951363712
b3esycq1,2,1,utfgcjfa,18,512,2560,15.295657325818713
b3esycq1,2,2,0grcilhi,13,512,0,15.357660194138044
b3esycq1,2,3,9luzk4jm,28,1024,1024,16.033756500802447
b3esycq1,2,4,vc2whyaq,34,1024,4096,16.170584624618005
b3esycq1,3,0,9luzk4jm,39,1536,0,14.211953212367494
b3esycq1,3,1,kbdh4tri,30,1024,2048,16.536703704255384
b3esycq1,3,2,pl8uabbv,27,1024,512,16.546419876276783
b3esycq1,3,3,utfgcjfa,49,1536,5120,17.218062349296762
b3esycq1,3,4,ufdvpb81,26,1024,0,19.02529956377898
b3esycq1,4,0,vc2whyaq,3,0,1536,13.8826727872127
b3esycq1,4,1,hawkfj64,20,512,3584,15.195536351398406
b3esycq1,4,2,ufdvpb81,4,0,2048,15.317087331805633
b3esycq1,4,3,71vgq3fw,32,1024,3072,15.327317722256359
b3esycq1,4,4,9luzk4jm,12,0,6144,15.750921715715606
b3esycq1,5,0,hzumfsms,36,1024,5120,15.262185404935094
b3esycq1,5,1,9luzk4jm,42,1536,1536,15.694379557802938
b3esycq1,5,2,x77cy643,36,1024,5120,15.857164344986364
b3esycq1,5,3,hzumfsms,28,1024,1024,15.894386551061972
b3esycq1,5,4,ufdvpb81,50,1536,5632,16.468012171854326
b3esycq1,6,0,hzumfsms,14,512,512,14.129072420644261
b3esycq1,6,1,71vgq3fw,42,1536,1536,15.365781913459644
b3esycq1,6,2,cfe5vt7s,36,1024,5120,15.641423341479737
b3esycq1,6,3,9luzk4jm,16,512,1536,16.32318498056976
b3esycq1,6,4,71vgq3fw,44,1536,2560,16.61456900290924
b3esycq1,7,0,hawkfj64,23,512,5120,12.207330227895174
b3esycq1,7,1,71vgq3fw,35,1024,4608,16.397731469349647
b3esycq1,7,2,hzumfsms,42,1536,1536,16.47849484052354
b3esycq1,7,3,utfgcjfa,29,1024,1536,16.75575702684572
b3esycq1,7,4,tuy3zymq,39,1536,0,16.778395150950686
b3esycq1,8,0,x7u69zsw,13,512,0,16.455108770915945
b3esycq1,8,1,utfgcjfa,3,0,1536,17.855931241949726
b3esycq1,8,2,ufdvpb81,37,1024,5632,18.318110187700277
b3esycq1,8,3,x7u69zsw,41,1536,1024,18.328938735482428
b3esycq1,8,4,tuy3zymq,0,0,0,18.439139862353507
b3esycq1,9,0,tuy3zymq,26,1024,0,18.75623789173982
b3esycq1,9,1,0grcilhi,17,512,2048,18.8226898654002
b3esycq1,9,2,71vgq3fw,3,0,1536,19.069031471011815
b3esycq1,9,3,mgxahqnk,3,0,1536,19.821981160342514
b3esycq1,9,4,kbdh4tri,32,1024,3072,19.932946410635978
b3esycq1,10,0,mgxahqnk,23,512,5120,16.97547795638744
b3esycq1,10,1,x7u69zsw,24,512,5632,17.254985570799878
b3esycq1,10,2,ptg8lmto,36,1024,5120,18.065181802016433
b3esycq1,10,3,xgj4xftb,24,512,5632,18.47104416260579
b3esycq1,10,4,mgxahqnk,37,1024,5632,18.575579565204098
b3esycq1,11,0,tuy3zymq,21,512,4096,15.959763198883225
b3esycq1,11,1,kbdh4tri,24,512,5632,16.32973730875615
b3esycq1,11,2,ufdvpb81,51,1536,6144,16.409415183436842
b3esycq1,11,3,ufdvpb81,5,0,2560,17.051115478877556
b3esycq1,11,4,xgj4xftb,2,0,1024,17.34130929866097
b3esycq1,12,0,vc2whyaq,50,1536,5632,19.47654588394114
b3esycq1,12,1,hzumfsms,5,0,2560,19.661173249553546
b3esycq1,12,2,0grcilhi,34,1024,4096,19.662126789972273
b3esycq1,12,3,ptg8lmto,31,1024,2560,19.71913083589914
b3esycq1,12,4,ufdvpb81,46,1536,3584,19.831234462099694
b3esycq1,13,0,pl8uabbv,15,512,1024,16.331437668600326
b3esycq1,13,1,vc2whyaq,10,0,5120,16.800898506660108
b3esycq1,13,2,vc2whyaq,38,1024,6144,16.841505388699716
b3esycq1,13,3,0grcilhi,9,0,4608,17.256726238634425
b3esycq1,13,4,hzumfsms,42,1536,1536,17.700155055262954
b3esycq1,14,0,utfgcjfa,39,1536,0,14.393042585837724
b3esycq1,14,1,pl8uabbv,51,1536,6144,14.713060926736416
b3esycq1,14,2,utfgcjfa,31,1024,2560,15.137185588442538
b3esycq1,14,3,utfgcjfa,30,1024,2048,16.465206650881044
b3esycq1,14,4,utfgcjfa,24,512,5632,16.518944441147532
b3esycq1,15,0,pl8uabbv,15,512,1024,14.548541172113875
b3esycq1,15,1,pl8uabbv,24,512,5632,15.297547610929684
b3esycq1,15,2,vc2whyaq,30,1024,2048,15.851703077148
b3esycq1,15,3,pl8uabbv,39,1536,0,16.020980190957324
b3esycq1,15,4,utfgcjfa,39,1536,0,16.52005990777041
b3esycq1,16,0,71vgq3fw,13,512,0,20.58923769449254
b3esycq1,16,1,71vgq3fw,34,1024,4096,21.516179567566553
b3esycq1,16,2,ptg8lmto,35,1024,4608,21.579486701166573
b3esycq1,16,3,cfe5vt7s,24,512,5632,21.680938553581484
b3esycq1,16,4,utfgcjfa,0,0,0,21.79152356847483
b3esycq1,17,0,pl8uabbv,8,0,4096,15.142967314610694
b3esycq1,17,1,0grcilhi,37,1024,5632,16.22051745938976
b3esycq1,17,2,0grcilhi,14,512,512,16.67682843034099
b3esycq1,17,3,utfgcjfa,2,0,1024,17.368990970815048
b3esycq1,17,4,x77cy643,19,512,3072,17.52985387058408
b3esycq1,18,0,x7u69zsw,13,512,0,17.42420306938357
b3esycq1,18,1,x7u69zsw,39,1536,0,17.425476141035357
b3esycq1,18,2,71vgq3fw,12,0,6144,17.692326182761636
b3esycq1,18,3,hawkfj64,16,512,1536,17.734643212891694
b3esycq1,18,4,mgxahqnk,20,512,3584,17.93836342843883
b3esycq1,19,0,9luzk4jm,41,1536,1024,15.734582040960102
b3esycq1,19,1,cfe5vt7s,23,512,5120,16.816961526995943
b3esycq1,19,2,hzumfsms,14,512,512,17.126037326469323
b3esycq1,19,3,9luzk4jm,49,1536,5120,17.187881060679874
b3esycq1,19,4,9luzk4jm,21,512,4096,17.515588017006593
b3esycq1,20,0,71vgq3fw,33,1024,3584,13.530021328257405
b3esycq1,20,1,71vgq3fw,28,1024,1024,15.446697189006732
b3esycq1,20,2,9luzk4jm,44,1536,2560,16.2595718559274
b3esycq1,20,3,ufdvpb81,15,512,1024,16.297907215677963
b3esycq1,20,4,pl8uabbv,15,512,1024,16.372104198668694
b3esycq1,21,0,0grcilhi,1,0,512,16.070643733895256
b3esycq1,21,1,x77cy643,36,1024,5120,16.96325918866176
b3esycq1,21,2,utfgcjfa,31,1024,2560,17.373577766897654
b3esycq1,21,3,vc2whyaq,46,1536,3584,17.694076191715876
b3esycq1,21,4,x7u69zsw,35,1024,4608,17.72218006952402
b3esycq1,22,0,9luzk4jm,26,1024,0,14.333205300758607
b3esycq1,22,1,cfe5vt7s,47,1536,4096,14.521802234148447
b3esycq1,22,2,x77cy643,12,0,6144,14.941593490770058
b3esycq1,22,3,x77cy643,20,512,3584,15.060955992358842
b3esycq1,22,4,utfgcjfa,29,1024,1536,15.41048820495413
b3esycq1,23,0,x77cy643,29,1024,1536,13.721692717362227
b3esycq1,23,1,ufdvpb81,15,512,1024,14.72689512282854
b3esycq1,23,2,kbdh4tri,41,1536,1024,14.840295244625736
b3esycq1,23,3,0grcilhi,37,1024,5632,14.903213364583333
b3esycq1,23,4,ptg8lmto,31,1024,2560,15.336367369143582
b3esycq1,24,0,x77cy643,19,512,3072,14.760009790382748
b3esycq1,24,1,x77cy643,12,0,6144,15.63860561955847
b3esycq1,24,2,vc2whyaq,0,0,0,15.724574066838612
b3esycq1,24,3,0grcilhi,37,1024,5632,15.90943531316993
b3esycq1,24,4,cfe5vt7s,42,1536,1536,16.138011976453548
b3esycq1,25,0,hawkfj64,14,512,512,20.821524768274532
b3esycq1,25,1,pl8uabbv,40,1536,512,21.339438597044904
b3esycq1,25,2,ufdvpb81,43,1536,2048,22.01760915156008
b3esycq1,25,3,cfe5vt7s,40,1536,512,22.208296028840213
b3esycq1,25,4,hawkfj64,11,0,5632,22.3497526054684
b3esycq1,26,0,pl8uabbv,36,1024,5120,16.294837943447234
b3esycq1,26,1,kbdh4tri,19,512,3072,17.95765965417993
b3esycq1,26,2,kbdh4tri,3,0,1536,18.055097694288474
b3esycq1,26,3,x7u69zsw,0,0,0,18.067861122597378
b3esycq1,26,4,ptg8lmto,23,512,5120,18.8003043540359
b3esycq1,27,0,pl8uabbv,17,512,2048,16.37757448875341
b3esycq1,27,1,pl8uabbv,47,1536,4096,17.731710365537218
b3esycq1,27,2,x77cy643,21,512,4096,18.136121743517087
b3esycq1,27,3,utfgcjfa,31,1024,2560,18.888768281186284
b3esycq1,27,4,hawkfj64,11,0,5632,18.896575420954186
b3esycq1,28,0,kbdh4tri,2,0,1024,18.19593080379229
b3esycq1,28,1,vc2whyaq,10,0,5120,20.19692931204307
b3esycq1,28,2,kbdh4tri,30,1024,2048,21.452147800033927
b3esycq1,28,3,pl8uabbv,24,512,5632,21.52203985335354
b3esycq1,28,4,utfgcjfa,26,1024,0,21.672510045068627
b3esycq1,29,0,utfgcjfa,31,1024,2560,13.236740309362665
b3esycq1,29,1,cfe5vt7s,13,512,0,13.453616416735303
b3esycq1,29,2,cfe5vt7s,47,1536,4096,13.539441840547115
b3esycq1,29,3,cfe5vt7s,22,512,4608,13.75714924455475
b3esycq1,29,4,utfgcjfa,30,1024,2048,14.034425602511234
b3esycq1,30,0,pl8uabbv,47,1536,4096,16.723066985550282
b3esycq1,30,1,pl8uabbv,18,512,2560,16.738184116872592
b3esycq1,30,2,cfe5vt7s,45,1536,3072,17.07066220122626
b3esycq1,30,3,utfgcjfa,31,1024,2560,17.408244245088717
b3esycq1,30,4,kbdh4tri,30,1024,2048,17.424188316349543
b3esycq1,31,0,mgxahqnk,20,512,3584,15.94242961392818
b3esycq1,31,1,xgj4xftb,33,1024,3584,16.45855391035023
b3esycq1,31,2,x7u69zsw,13,512,0,16.594437852878773
b3esycq1,31,3,ptg8lmto,26,1024,0,17.005987267747816
b3esycq1,31,4,x77cy643,7,0,3584,18.479143301624863
b3esycq1,32,0,ptg8lmto,16,512,1536,13.450544409812641
b3esycq1,32,1,vc2whyaq,34,1024,4096,14.6225309014836
b3esycq1,32,2,utfgcjfa,35,1024,4608,15.20898462597333
b3esycq1,32,3,x77cy643,47,1536,4096,15.631796168742037
b3esycq1,32,4,xgj4xftb,34,1024,4096,15.899523776804976
b3esycq1,33,0,hzumfsms,15,512,1024,16.695139995758485
b3esycq1,33,1,pl8uabbv,5,0,2560,18.153171975063927
b3esycq1,33,2,utfgcjfa,16,512,1536,18.153899100871932
b3esycq1,33,3,71vgq3fw,11,0,5632,19.182236656476995
b3esycq1,33,4,ufdvpb81,8,0,4096,19.283551784168697
b3esycq1,34,0,ptg8lmto,5,0,2560,16.310462916399445
b3esycq1,34,1,x7u69zsw,28,1024,1024,16.70362335677476
b3esycq1,34,2,hzumfsms,51,1536,6144,17.352381257977726
b3esycq1,34,3,x7u69zsw,41,1536,1024,18.367786666438324
b3esycq1,34,4,vc2whyaq,45,1536,3072,18.873771466992295
b3esycq1,35,0,cfe5vt7s,42,1536,1536,17.04933807641148
b3esycq1,35,1,kbdh4tri,4,0,2048,17.109614148311557
b3esycq1,35,2,x7u69zsw,28,1024,1024,17.175426577093926
b3esycq1,35,3,ptg8lmto,5,0,2560,17.199960214302415
b3esycq1,35,4,hzumfsms,4,0,2048,18.17423107596608
b3esycq1,36,0,kbdh4tri,2,0,1024,18.6964829361415
b3esycq1,36,1,utfgcjfa,42,1536,1536,18.804768766778956
b3esycq1,36,2,utfgcjfa,49,1536,5120,18.805272483319182
b3esycq1,36,3,pl8uabbv,27,1024,512,18.943239388273295
b3esycq1,36,4,0grcilhi,20,512,3584,19.741746145643933
b3esycq1,37,0,vc2whyaq,14,512,512,14.379615505706973
b3esycq1,37,1,vc2whyaq,20,512,3584,15.984255060344882
b3esycq1,37,2,cfe5vt7s,32,1024,3072,16.045706750275926
b3esycq1,37,3,utfgcjfa,23,512,5120,17.332840794181024
b3esycq1,37,4,ptg8lmto,21,512,4096,17.41703126202808
b3esycq1,38,0,pl8uabbv,21,512,4096,16.604533525658226
b3esycq1,38,1,vc2whyaq,17,512,2048,17.322837256489976
b3esycq1,38,2,xgj4xftb,33,1024,3584,17.456487545428207
b3esycq1,38,3,ufdvpb81,17,512,2048,17.616003312249354
b3esycq1,38,4,vc2whyaq,34,1024,4096,17.704366614675287
b3esycq1,39,0,x7u69zsw,0,0,0,15.7067338237137
b3esycq1,39,1,x7u69zsw,16,512,1536,16.429292672455645
b3esycq1,39,2,kbdh4tri,40,1536,512,16.940700362985602
b3esycq1,39,3,utfgcjfa,47,1536,4096,17.800981971272183
b3esycq1,39,4,x7u69zsw,13,512,0,17.870833067484188
b3esycq1,40,0,x77cy643,29,1024,1536,14.70464727023301
b3esycq1,40,1,cfe5vt7s,30,1024,2048,14.716391324684759
b3esycq1,40,2,utfgcjfa,22,512,4608,15.002665834822158
b3esycq1,40,3,vc2whyaq,12,0,6144,15.0943175898969
b3esycq1,40,4,hzumfsms,42,1536,1536,15.34894245123061
b3esycq1,41,0,pl8uabbv,40,1536,512,14.405444367472459
b3esycq1,41,1,hzumfsms,4,0,2048,15.73254658766706
b3esycq1,41,2,mgxahqnk,20,512,3584,15.883509904905905
b3esycq1,41,3,x77cy643,19,512,3072,16.30665068580251
b3esycq1,41,4,utfgcjfa,31,1024,2560,16.467701114433126
b3esycq1,42,0,vc2whyaq,39,1536,0,15.614353457605514
b3esycq1,42,1,tuy3zymq,40,1536,512,16.08020247810335
b3esycq1,42,2,xgj4xftb,8,0,4096,16.62697496485196
b3esycq1,42,3,hawkfj64,36,1024,5120,16.88254769174638
b3esycq1,42,4,utfgcjfa,46,1536,3584,16.91392295881108
b3esycq1,43,0,utfgcjfa,22,512,4608,13.704542656984398
b3esycq1,43,1,tuy3zymq,41,1536,1024,14.568558665787483
b3esycq1,43,2,utfgcjfa,6,0,3072,14.580733042506889
b3esycq1,43,3,x7u69zsw,22,512,4608,14.853610096344049
b3esycq1,43,4,utfgcjfa,39,1536,0,15.26032937961593
b3esycq1,44,0,utfgcjfa,31,1024,2560,13.489719913861569
b3esycq1,44,1,pl8uabbv,47,1536,4096,14.490729603038996
b3esycq1,44,2,utfgcjfa,45,1536,3072,14.64995781154206
b3esycq1,44,3,utfgcjfa,39,1536,0,15.787070364222426
b3esycq1,44,4,utfgcjfa,1,0,512,15.858302557778007
b3esycq1,45,0,utfgcjfa,31,1024,2560,15.83792708839581
b3esycq1,45,1,hzumfsms,49,1536,5120,16.148632832969835
b3esycq1,45,2,utfgcjfa,22,512,4608,16.24100447696714
b3esycq1,45,3,xgj4xftb,28,1024,1024,16.331296838769752
b3esycq1,45,4,utfgcjfa,10,0,5120,16.389361349789507
b3esycq1,46,0,vc2whyaq,3,0,1536,14.542389876684956
b3esycq1,46,1,9luzk4jm,2,0,1024,16.204713224990233
b3esycq1,46,2,9luzk4jm,46,1536,3584,16.480210490189506
b3esycq1,46,3,kbdh4tri,49,1536,5120,16.591810690312702
b3esycq1,46,4,vc2whyaq,39,1536,0,16.68110397953089
b3esycq1,47,0,x77cy643,20,512,3584,12.887522128539212
b3esycq1,47,1,x7u69zsw,22,512,4608,13.742888646369993
b3esycq1,47,2,utfgcjfa,22,512,4608,14.854010020273783
b3esycq1,47,3,utfgcjfa,35,1024,4608,15.889180483219272
b3esycq1,47,4,vc2whyaq,21,512,4096,15.972914047341307
b3esycq1,48,0,hzumfsms,48,1536,4608,20.077808755584886
b3esycq1,48,1,71vgq3fw,3,0,1536,20.248643898799905
b3esycq1,48,2,x7u69zsw,37,1024,5632,20.409149643258083
b3esycq1,48,3,9luzk4jm,39,1536,0,20.875325932197654
b3esycq1,48,4,x7u69zsw,5,0,2560,20.95658441147962
b3esycq1,49,0,utfgcjfa,17,512,2048,17.371924260403123
b3esycq1,49,1,vc2whyaq,30,1024,2048,17.547399435418498
b3esycq1,49,2,x7u69zsw,31,1024,2560,18.75160203288606
b3esycq1,49,3,vc2whyaq,26,1024,0,19.294294267133434
b3esycq1,49,4,vc2whyaq,40,1536,512,19.58385200834721
b3esycq1,50,0,tuy3zymq,40,1536,512,15.424645692709358
b3esycq1,50,1,ptg8lmto,9,0,4608,16.111492492349992
b3esycq1,50,2,xgj4xftb,19,512,3072,16.502621255845103
b3esycq1,50,3,x77cy643,19,512,3072,16.820719652341033
b3esycq1,50,4,9luzk4jm,39,1536,0,16.93462221119476
b3esycq1,51,0,x77cy643,20,512,3584,13.995463492937708
b3esycq1,51,1,vc2whyaq,21,512,4096,15.346710357796624
b3esycq1,51,2,utfgcjfa,31,1024,2560,15.362509593835782
b3esycq1,51,3,71vgq3fw,46,1536,3584,15.751707942821245
b3esycq1,51,4,x77cy643,48,1536,4608,15.76240280571866
epqdaau9,0,0,kbdh4tri,4,0,2048,14.935513175639128
epqdaau9,0,1,vc2whyaq,7,0,3584,16.37811870269771
epqdaau9,0,2,x7u69zsw,31,1024,2560,17.161961759649444
epqdaau9,0,3,x77cy643,29,1024,1536,17.18103109417331
epqdaau9,0,4,utfgcjfa,10,0,5120,17.46770936256203
epqdaau9,1,0,x7u69zsw,22,512,4608,16.901711023798985
epqdaau9,1,1,x77cy643,1,0,512,16.904881638537706
epqdaau9,1,2,vc2whyaq,46,1536,3584,18.224782347356886
epqdaau9,1,3,tuy3zymq,41,1536,1024,18.5100349772527
epqdaau9,1,4,ptg8lmto,16,512,1536,19.062699279394277
epqdaau9,2,0,vc2whyaq,23,512,5120,13.696071328578347
epqdaau9,2,1,cfe5vt7s,23,512,5120,14.798289837681265
epqdaau9,2,2,x7u69zsw,41,1536,1024,15.313182452224897
epqdaau9,2,3,vc2whyaq,45,1536,3072,15.577701882992303
epqdaau9,2,4,x77cy643,19,512,3072,15.8660680284911
epqdaau9,3,0,x77cy643,1,0,512,19.676530598918536
epqdaau9,3,1,0grcilhi,37,1024,5632,20.239211133722804
epqdaau9,3,2,vc2whyaq,34,1024,4096,20.660386145427825
epqdaau9,3,3,pl8uabbv,3,0,1536,20.81148023195161
epqdaau9,3,4,vc2whyaq,42,1536,1536,21.718079690736626
epqdaau9,4,0,ufdvpb81,25,512,6144,13.612937145386931
epqdaau9,4,1,x77cy643,3,0,1536,13.671253346791064
epqdaau9,4,2,71vgq3fw,4,0,2048,13.997296507810816
epqdaau9,4,3,kbdh4tri,37,1024,5632,14.454917922164691
epqdaau9,4,4,x7u69zsw,1,0,512,15.098713774956154
epqdaau9,5,0,pl8uabbv,17,512,2048,14.18050924488322
epqdaau9,5,1,vc2whyaq,30,1024,2048,16.465871120833327
epqdaau9,5,2,vc2whyaq,24,512,5632,17.018595433991397
epqdaau9,5,3,0grcilhi,14,512,512,17.43865918376951
epqdaau9,5,4,xgj4xftb,16,512,1536,17.73253032842074
epqdaau9,6,0,cfe5vt7s,0,0,0,14.241971364152572
epqdaau9,6,1,utfgcjfa,2,0,1024,15.950413281591345
epqdaau9,6,2,kbdh4tri,37,1024,5632,16.45600938196128
epqdaau9,6,3,cfe5vt7s,23,512,5120,16.61214366227988
epqdaau9,6,4,cfe5vt7s,50,1536,5632,16.69840198977757
epqdaau9,7,0,cfe5vt7s,42,1536,1536,16.494372812712758
epqdaau9,7,1,71vgq3fw,18,512,2560,17.984651585452394
epqdaau9,7,2,pl8uabbv,17,512,2048,18.212609560041432
epqdaau9,7,3,vc2whyaq,24,512,5632,18.401704529040863
epqdaau9,7,4,xgj4xftb,4,0,2048,18.585275661648172
epqdaau9,8,0,cfe5vt7s,4,0,2048,15.514024835329511
epqdaau9,8,1,utfgcjfa,6,0,3072,15.761480821485048
epqdaau9,8,2,vc2whyaq,12,0,6144,16.25019354573596
epqdaau9,8,3,pl8uabbv,28,1024,1024,16.26483304966053
epqdaau9,8,4,utfgcjfa,3,0,1536,16.374362146748396
epqdaau9,9,0,ptg8lmto,37,1024,5632,18.985567133219366
epqdaau9,9,1,mgxahqnk,29,1024,1536,19.101382245975522
epqdaau9,9,2,x7u69zsw,22,512,4608,19.13133190798305
epqdaau9,9,3,xgj4xftb,8,0,4096,19.443980040512255
epqdaau9,9,4,x7u69zsw,25,512,6144,20.347324288320426
epqdaau9,10,0,9luzk4jm,4,0,2048,11.818950295278238
epqdaau9,10,1,kbdh4tri,37,1024,5632,15.750769604742764
epqdaau9,10,2,ufdvpb81,25,512,6144,16.39873573472008
epqdaau9,10,3,vc2whyaq,43,1536,2048,16.405384086685867
epqdaau9,10,4,x77cy643,3,0,1536,17.013544393638124
epqdaau9,11,0,x7u69zsw,0,0,0,16.2965485595848
epqdaau9,11,1,ufdvpb81,25,512,6144,16.46660987918773
epqdaau9,11,2,9luzk4jm,4,0,2048,16.581032324178477
epqdaau9,11,3,ptg8lmto,9,0,4608,17.827337098274004
epqdaau9,11,4,cfe5vt7s,3,0,1536,17.852122886251447
epqdaau9,12,0,tuy3zymq,50,1536,5632,17.34078018618159
epqdaau9,12,1,tuy3zymq,3,0,1536,20.133852421170793
epqdaau9,12,2,ptg8lmto,5,0,2560,20.651832952551104
epqdaau9,12,3,utfgcjfa,43,1536,2048,21.232574083660218
epqdaau9,12,4,mgxahqnk,1,0,512,22.29763289830297
epqdaau9,13,0,pl8uabbv,29,1024,1536,17.895803087560783
epqdaau9,13,1,kbdh4tri,30,1024,2048,17.952121396677466
epqdaau9,13,2,mgxahqnk,28,1024,1024,18.50214707360272
epqdaau9,13,3,xgj4xftb,7,0,3584,18.787390900306935
epqdaau9,13,4,kbdh4tri,4,0,2048,18.982920708200982
epqdaau9,14,0,utfgcjfa,31,1024,2560,12.941285050812013
epqdaau9,14,1,cfe5vt7s,47,1536,4096,14.33523484985421
epqdaau9,14,2,pl8uabbv,41,1536,1024,14.695407104941692
epqdaau9,14,3,x77cy643,16,512,1536,14.967803138185694
epqdaau9,14,4,vc2whyaq,46,1536,3584,15.054029522793268
epqdaau9,15,0,pl8uabbv,44,1536,2560,16.314477504209762
epqdaau9,15,1,hawkfj64,11,0,5632,16.87486304519368
epqdaau9,15,2,vc2whyaq,24,512,5632,18.959130719623133
epqdaau9,15,3,ptg8lmto,5,0,2560,19.091188248325082
epqdaau9,15,4,xgj4xftb,16,512,1536,19.596502159139522
epqdaau9,16,0,vc2whyaq,38,1024,6144,15.441323286312725
epqdaau9,16,1,kbdh4tri,22,512,4608,16.37708368422676
epqdaau9,16,2,cfe5vt7s,8,0,4096,16.435688060300073
epqdaau9,16,3,utfgcjfa,10,0,5120,16.62975027200433
epqdaau9,16,4,vc2whyaq,26,1024,0,17.742610045997615
epqdaau9,17,0,pl8uabbv,40,1536,512,14.731686844516133
epqdaau9,17,1,ptg8lmto,11,0,5632,15.998650390874092
epqdaau9,17,2,hawkfj64,11,0,5632,17.42803439271438
epqdaau9,17,3,pl8uabbv,6,0,3072,17.4833448545016
epqdaau9,17,4,mgxahqnk,20,512,3584,17.727460758825536
epqdaau9,18,0,x77cy643,42,1536,1536,13.805989634847727
epqdaau9,18,1,kbdh4tri,19,512,3072,14.187998538205393
epqdaau9,18,2,mgxahqnk,20,512,3584,14.551405427926689
epqdaau9,18,3,ptg8lmto,11,0,5632,15.43308840211893
epqdaau9,18,4,xgj4xftb,16,512,1536,15.634940799679322
epqdaau9,19,0,71vgq3fw,18,512,2560,14.877600107061328
epqdaau9,19,1,utfgcjfa,31,1024,2560,14.917523039600516
epqdaau9,19,2,pl8uabbv,41,1536,1024,16.288149874571232
epqdaau9,19,3,x77cy643,12,0,6144,16.531093899895403
epqdaau9,19,4,utfgcjfa,10,0,5120,17.317714136812214
epqdaau9,20,0,utfgcjfa,31,1024,2560,13.53452027670284
epqdaau9,20,1,cfe5vt7s,13,512,0,14.782543989272861
epqdaau9,20,2,xgj4xftb,28,1024,1024,15.472714244226799
epqdaau9,20,3,utfgcjfa,30,1024,2048,15.939984109575372
epqdaau9,20,4,x77cy643,20,512,3584,16.016907990705345
epqdaau9,21,0,pl8uabbv,40,1536,512,15.952685086724664
epqdaau9,21,1,utfgcjfa,6,0,3072,16.078476568431565
epqdaau9,21,2,x77cy643,11,0,5632,16.2157119261156
epqdaau9,21,3,mgxahqnk,20,512,3584,16.71630970753005
epqdaau9,21,4,71vgq3fw,30,1024,2048,17.525551596385448
epqdaau9,22,0,x77cy643,9,0,4608,14.091888998299757
epqdaau9,22,1,vc2whyaq,23,512,5120,16.30665258559876
epqdaau9,22,2,x77cy643,36,1024,5120,16.86089896499906
epqdaau9,22,3,kbdh4tri,26,1024,0,16.861647467635564
epqdaau9,22,4,pl8uabbv,38,1024,6144,17.049183521584073
epqdaau9,23,0,mgxahqnk,3,0,1536,15.72301845806474
epqdaau9,23,1,kbdh4tri,30,1024,2048,17.100350615239073
epqdaau9,23,2,cfe5vt7s,9,0,4608,17.421587553159448
epqdaau9,23,3,ufdvpb81,15,512,1024,17.675681654227894
epqdaau9,23,4,71vgq3fw,30,1024,2048,18.15767209370304
epqdaau9,24,0,x77cy643,0,0,0,16.35809531142668
epqdaau9,24,1,ufdvpb81,15,512,1024,17.348573435019144
epqdaau9,24,2,cfe5vt7s,9,0,4608,17.64478643276466
epqdaau9,24,3,0grcilhi,14,512,512,17.863690448908336
epqdaau9,24,4,kbdh4tri,41,1536,1024,18.058131087835044
epqdaau9,25,0,xgj4xftb,16,512,1536,13.774500187432201
epqdaau9,25,1,vc2whyaq,45,1536,3072,14.158352152639033
epqdaau9,25,2,x7u69zsw,0,0,0,14.292266219790495
epqdaau9,25,3,vc2whyaq,23,512,5120,16.277211882735585
epqdaau9,25,4,pl8uabbv,17,512,2048,16.537381140665723
epqdaau9,26,0,vc2whyaq,42,1536,1536,15.632335731752171
epqdaau9,26,1,pl8uabbv,33,1024,3584,17.011909237594228
epqdaau9,26,2,x77cy643,7,0,3584,17.56299754838959
epqdaau9,26,3,cfe5vt7s,14,512,512,18.15916788366468
epqdaau9,26,4,vc2whyaq,46,1536,3584,18.481888221789344
epqdaau9,27,0,x77cy643,16,512,1536,15.767624518166013
epqdaau9,27,1,x7u69zsw,0,0,0,15.826727496351902
epqdaau9,27,2,ptg8lmto,11,0,5632,15.934076914162745
epqdaau9,27,3,71vgq3fw,18,512,2560,15.978530840512834
epqdaau9,27,4,pl8uabbv,33,1024,3584,16.041142892518316
epqdaau9,28,0,cfe5vt7s,23,512,5120,15.719563757771045
epqdaau9,28,1,kbdh4tri,27,1024,512,15.792472983422156
epqdaau9,28,2,ptg8lmto,33,1024,3584,15.967192951210583
epqdaau9,28,3,ptg8lmto,23,512,5120,15.976914060183457
epqdaau9,28,4,xgj4xftb,4,0,2048,16.356125883039404
epqdaau9,29,0,x7u69zsw,36,1024,5120,13.372756398742553
epqdaau9,29,1,mgxahqnk,19,512,3072,13.586604971137142
epqdaau9,29,2,kbdh4tri,27,1024,512,14.684645937267653
epqdaau9,29,3,pl8uabbv,38,1024,6144,16.400294663183914
epqdaau9,29,4,hzumfsms,18,512,2560,16.446253696414303
epqdaau9,30,0,utfgcjfa,31,1024,2560,11.337023231179543
epqdaau9,30,1,x77cy643,20,512,3584,13.416047147723178
epqdaau9,30,2,cfe5vt7s,47,1536,4096,13.645687540091808
epqdaau9,30,3,vc2whyaq,2,0,1024,13.744610655189543
epqdaau9,30,4,cfe5vt7s,22,512,4608,14.06565444526878
epqdaau9,31,0,ufdvpb81,16,512,1536,14.970536295968731
epqdaau9,31,1,utfgcjfa,35,1024,4608,15.144560616156262
epqdaau9,31,2,vc2whyaq,34,1024,4096,16.57808034146133
epqdaau9,31,3,ufdvpb81,37,1024,5632,17.425016630057897
epqdaau9,31,4,ufdvpb81,14,512,512,17.52369539931465
epqdaau9,32,0,cfe5vt7s,1,0,512,14.930915196475388
epqdaau9,32,1,ufdvpb81,32,1024,3072,14.944996313989009
epqdaau9,32,2,cfe5vt7s,22,512,4608,16.061544956482624
epqdaau9,32,3,hzumfsms,49,1536,5120,16.214661077058313
epqdaau9,32,4,cfe5vt7s,21,512,4096,16.3226202972986
epqdaau9,33,0,hzumfsms,9,0,4608,22.1274275072256
epqdaau9,33,1,vc2whyaq,22,512,4608,22.84140764786579
epqdaau9,33,2,cfe5vt7s,26,1024,0,23.523998959922483
epqdaau9,33,3,0grcilhi,3,0,1536,23.5325535055912
epqdaau9,33,4,hzumfsms,5,0,2560,24.890878970332686
epqdaau9,34,0,pl8uabbv,50,1536,5632,14.154867314395513
epqdaau9,34,1,vc2whyaq,43,1536,2048,14.224336859530982
epqdaau9,34,2,kbdh4tri,18,512,2560,14.754765003569748
epqdaau9,34,3,x7u69zsw,18,512,2560,15.294125621905557
epqdaau9,34,4,mgxahqnk,32,1024,3072,15.885446050937553
epqdaau9,35,0,tuy3zymq,50,1536,5632,14.278317107252175
epqdaau9,35,1,pl8uabbv,40,1536,512,15.892402210295783
epqdaau9,35,2,ptg8lmto,27,1024,512,17.53815655068742
epqdaau9,35,3,utfgcjfa,43,1536,2048,17.658800631245168
epqdaau9,35,4,hawkfj64,14,512,512,17.80409980941302
epqdaau9,36,0,x7u69zsw,0,0,0,16.381265917717837
epqdaau9,36,1,kbdh4tri,30,1024,2048,16.813168640088463
epqdaau9,36,2,pl8uabbv,36,1024,5120,16.837454265591923
epqdaau9,36,3,kbdh4tri,42,1536,1536,16.88667015788487
epqdaau9,36,4,kbdh4tri,19,512,3072,17.065108487032653
epqdaau9,37,0,x77cy643,20,512,3584,12.81610135517163
epqdaau9,37,1,utfgcjfa,31,1024,2560,14.238083781172515
epqdaau9,37,2,x77cy643,42,1536,1536,15.112481947115588
epqdaau9,37,3,pl8uabbv,33,1024,3584,15.411471379099858
epqdaau9,37,4,vc2whyaq,21,512,4096,15.692981388428787
epqdaau9,38,0,utfgcjfa,31,1024,2560,13.480622111370936
epqdaau9,38,1,x7u69zsw,17,512,2048,15.294610389696212
epqdaau9,38,2,cfe5vt7s,22,512,4608,15.360998991031154
epqdaau9,38,3,utfgcjfa,22,512,4608,15.724376802142194
epqdaau9,38,4,cfe5vt7s,47,1536,4096,16.104658873938956
epqdaau9,39,0,kbdh4tri,37,1024,5632,13.736135895890158
epqdaau9,39,1,pl8uabbv,44,1536,2560,15.475002105300856
epqdaau9,39,2,vc2whyaq,23,512,5120,16.704614605083183
epqdaau9,39,3,vc2whyaq,24,512,5632,16.984516144077652
epqdaau9,39,4,ufdvpb81,25,512,6144,17.291393074848635
epqdaau9,40,0,utfgcjfa,7,0,3584,15.22794156629791
epqdaau9,40,1,hzumfsms,7,0,3584,15.792902195613152
epqdaau9,40,2,ptg8lmto,33,1024,3584,16.340160029198504
epqdaau9,40,3,x77cy643,47,1536,4096,16.456824435682034
epqdaau9,40,4,kbdh4tri,29,1024,1536,16.70477854394959
epqdaau9,41,0,cfe5vt7s,23,512,5120,18.037570520738985
epqdaau9,41,1,vc2whyaq,41,1536,1024,18.433008844978307
epqdaau9,41,2,cfe5vt7s,36,1024,5120,19.070820925148574
epqdaau9,41,3,ufdvpb81,14,512,512,19.42402883008359
epqdaau9,41,4,x77cy643,0,0,0,19.636645785251538
epqdaau9,42,0,utfgcjfa,43,1536,2048,18.952861431422296
epqdaau9,42,1,0grcilhi,28,1024,1024,19.218754763217976
epqdaau9,42,2,ptg8lmto,5,0,2560,19.406932904725714
epqdaau9,42,3,tuy3zymq,50,1536,5632,19.587424534238952
epqdaau9,42,4,kbdh4tri,37,1024,5632,20.226395072183365
epqdaau9,43,0,ufdvpb81,25,512,6144,16.1335660102069
epqdaau9,43,1,9luzk4jm,4,0,2048,17.024931201342614
epqdaau9,43,2,ptg8lmto,26,1024,0,17.147593519999727
epqdaau9,43,3,kbdh4tri,37,1024,5632,17.304638697388256
epqdaau9,43,4,xgj4xftb,33,1024,3584,17.873414263468685
epqdaau9,44,0,kbdh4tri,37,1024,5632,15.209274126124878
epqdaau9,44,1,pl8uabbv,40,1536,512,15.995376192528589
epqdaau9,44,2,pl8uabbv,8,0,4096,16.558863391912357
epqdaau9,44,3,hawkfj64,11,0,5632,16.76424553238241
epqdaau9,44,4,pl8uabbv,44,1536,2560,16.95888826520289
epqdaau9,45,0,hawkfj64,11,0,5632,15.797347847188034
epqdaau9,45,1,pl8uabbv,44,1536,2560,17.326649417946097
epqdaau9,45,2,pl8uabbv,17,512,2048,17.680379631521767
epqdaau9,45,3,vc2whyaq,23,512,5120,18.201530945060416
epqdaau9,45,4,pl8uabbv,40,1536,512,18.55974407055847
epqdaau9,46,0,utfgcjfa,43,1536,2048,17.161356881751164
epqdaau9,46,1,tuy3zymq,50,1536,5632,17.80987353712955
epqdaau9,46,2,ptg8lmto,27,1024,512,18.510540160691527
epqdaau9,46,3,kbdh4tri,37,1024,5632,19.577668746673503
epqdaau9,46,4,ptg8lmto,22,512,4608,19.697800242478067
epqdaau9,47,0,xgj4xftb,16,512,1536,17.847717488063314
epqdaau9,47,1,x7u69zsw,0,0,0,18.491304906098247
epqdaau9,47,2,xgj4xftb,4,0,2048,18.977845903436194
epqdaau9,47,3,vc2whyaq,24,512,5632,19.37263276869647
epqdaau9,47,4,mgxahqnk,20,512,3584,19.713442504012555
epqdaau9,48,0,kbdh4tri,37,1024,5632,19.142218136817586
epqdaau9,48,1,ptg8lmto,5,0,2560,19.48839445239603
epqdaau9,48,2,pl8uabbv,36,1024,5120,19.560088421289436
epqdaau9,48,3,pl8uabbv,44,1536,2560,20.36953027468732
epqdaau9,48,4,utfgcjfa,2,0,1024,20.535215722139338
epqdaau9,49,0,x7u69zsw,13,512,0,13.907522839100395
epqdaau9,49,1,hzumfsms,45,1536,3072,14.35957452764462
epqdaau9,49,2,vc2whyaq,42,1536,1536,15.417547852242922
epqdaau9,49,3,mgxahqnk,20,512,3584,15.629790257330495
epqdaau9,49,4,0grcilhi,28,1024,1024,15.922323876703281
epqdaau9,50,0,0grcilhi,36,1024,5120,13.641131980655693
epqdaau9,50,1,utfgcjfa,20,512,3584,16.027321900036913
epqdaau9,50,2,pl8uabbv,16,512,1536,16.68499349933523
epqdaau9,50,3,mgxahqnk,6,0,3072,16.81268037378798
epqdaau9,50,4,vc2whyaq,21,512,4096,17.320165818420413
epqdaau9,51,0,pl8uabbv,21,512,4096,11.699700468834209
epqdaau9,51,1,ptg8lmto,7,0,3584,15.216932809819063
epqdaau9,51,2,hawkfj64,0,0,0,15.463962708047509
epqdaau9,51,3,ufdvpb81,17,512,2048,15.70323927845624
epqdaau9,51,4,vc2whyaq,17,512,2048,16.043681419271355
i9jiqjwl,0,0,cfe5vt7s,29,1024,1536,14.639545400841701
i9jiqjwl,0,1,vc2whyaq,33,1024,3584,15.629619569247984
i9jiqjwl,0,2,pl8uabbv,49,1536,5120,15.64574031557191
i9jiqjwl,0,3,ptg8lmto,2,0,1024,15.911439975315524
i9jiqjwl,0,4,x77cy643,48,1536,4608,17.234839976657536
i9jiqjwl,1,0,xgj4xftb,26,1024,0,15.4944229479497
i9jiqjwl,1,1,utfgcjfa,15,512,1024,15.94087326243641
i9jiqjwl,1,2,ufdvpb81,23,512,5120,16.672117668247914
i9jiqjwl,1,3,utfgcjfa,1,0,512,17.053852763726706
i9jiqjwl,1,4,vc2whyaq,28,1024,1024,17.133570587911002
i9jiqjwl,2,0,x77cy643,21,512,4096,18.97024253070836
i9jiqjwl,2,1,pl8uabbv,11,0,5632,19.2572280791129
i9jiqjwl,2,2,kbdh4tri,15,512,1024,19.99207793874276
i9jiqjwl,2,3,cfe5vt7s,47,1536,4096,20.205007749315364
i9jiqjwl,2,4,71vgq3fw,18,512,2560,20.23491948347215
i9jiqjwl,3,0,cfe5vt7s,0,0,0,17.837254186775994
i9jiqjwl,3,1,vc2whyaq,23,512,5120,18.41876163751593
i9jiqjwl,3,2,cfe5vt7s,42,1536,1536,18.967265100592968
i9jiqjwl,3,3,x77cy643,19,512,3072,19.276101895374424
i9jiqjwl,3,4,hzumfsms,4,0,2048,19.421775689535647
i9jiqjwl,4,0,71vgq3fw,30,1024,2048,14.58787719963288
i9jiqjwl,4,1,x7u69zsw,10,0,5120,15.202360216981873
i9jiqjwl,4,2,9luzk4jm,39,1536,0,16.772839265063755
i9jiqjwl,4,3,kbdh4tri,30,1024,2048,17.2752672056427
i9jiqjwl,4,4,utfgcjfa,49,1536,5120,17.737439315735397
i9jiqjwl,5,0,71vgq3fw,11,0,5632,16.408458035151163
i9jiqjwl,5,1,kbdh4tri,8,0,4096,16.83593191209375
i9jiqjwl,5,2,mgxahqnk,23,512,5120,17.151953011179195
i9jiqjwl,5,3,71vgq3fw,38,1024,6144,17.545956175682832
i9jiqjwl,5,4,kbdh4tri,45,1536,3072,17.71323867919398
i9jiqjwl,6,0,vc2whyaq,28,1024,1024,14.168417721272379
i9jiqjwl,6,1,hzumfsms,13,512,0,15.552241334812194
i9jiqjwl,6,2,0grcilhi,9,0,4608,16.322408000717036
i9jiqjwl,6,3,pl8uabbv,18,512,2560,16.45519161160681
i9jiqjwl,6,4,hzumfsms,5,0,2560,16.457931457613256
i9jiqjwl,7,0,x77cy643,17,512,2048,20.094971662913736
i9jiqjwl,7,1,kbdh4tri,44,1536,2560,20.32621981867846
i9jiqjwl,7,2,hawkfj64,24,512,5632,20.851526321658135
i9jiqjwl,7,3,x77cy643,50,1536,5632,21.299449274315965
i9jiqjwl,7,4,cfe5vt7s,10,0,5120,21.549171182052348
i9jiqjwl,8,0,ufdvpb81,39,1536,0,21.110303105920504
i9jiqjwl,8,1,utfgcjfa,11,0,5632,22.042421802856037
i9jiqjwl,8,2,ufdvpb81,46,1536,3584,22.04421209748259
i9jiqjwl,8,3,vc2whyaq,40,1536,512,22.18092842733147
i9jiqjwl,8,4,pl8uabbv,51,1536,6144,22.43501075971671
i9jiqjwl,9,0,cfe5vt7s,7,0,3584,17.54121183219082
i9jiqjwl,9,1,utfgcjfa,12,0,6144,18.86604456727664
i9jiqjwl,9,2,cfe5vt7s,5,0,2560,19.22439457906027
i9jiqjwl,9,3,hawkfj64,25,512,6144,19.51723428823348
i9jiqjwl,9,4,ufdvpb81,45,1536,3072,19.705070794964307
i9jiqjwl,10,0,cfe5vt7s,5,0,2560,19.378916484051622
i9jiqjwl,10,1,xgj4xftb,21,512,4096,19.756760400103115
i9jiqjwl,10,2,hawkfj64,25,512,6144,19.92295287061006
i9jiqjwl,10,3,cfe5vt7s,7,0,3584,19.973021065882456
i9jiqjwl,10,4,kbdh4tri,45,1536,3072,20.837361428323632
i9jiqjwl,11,0,cfe5vt7s,7,0,3584,18.841747798747843
i9jiqjwl,11,1,0grcilhi,1,0,512,21.217454984358884
i9jiqjwl,11,2,0grcilhi,16,512,1536,22.077918374397658
i9jiqjwl,11,3,hawkfj64,35,1024,4608,22.21832138744331
i9jiqjwl,11,4,vc2whyaq,31,1024,2560,22.31549200309146
i9jiqjwl,12,0,utfgcjfa,23,512,5120,15.620261244880334
i9jiqjwl,12,1,0grcilhi,20,512,3584,16.244920802422335
i9jiqjwl,12,2,0grcilhi,9,0,4608,16.89815801112622
i9jiqjwl,12,3,vc2whyaq,20,512,3584,17.1674057081541
i9jiqjwl,12,4,utfgcjfa,42,1536,1536,17.705725306404293
i9jiqjwl,13,0,ufdvpb81,10,0,5120,15.553629701537536
i9jiqjwl,13,1,utfgcjfa,31,1024,2560,15.758005717089919
i9jiqjwl,13,2,x77cy643,42,1536,1536,15.798437144626371
i9jiqjwl,13,3,vc2whyaq,23,512,5120,15.873770457691986
i9jiqjwl,13,4,pl8uabbv,17,512,2048,16.72894865579152
i9jiqjwl,14,0,0grcilhi,14,512,512,20.723913241864793
i9jiqjwl,14,1,vc2whyaq,21,512,4096,21.533770515162836
i9jiqjwl,14,2,xgj4xftb,16,512,1536,22.040781581616276
i9jiqjwl,14,3,vc2whyaq,12,0,6144,22.412739187561925
i9jiqjwl,14,4,hzumfsms,19,512,3072,22.521535595662197
i9jiqjwl,15,0,utfgcjfa,24,512,5632,18.20568364675478
i9jiqjwl,15,1,pl8uabbv,24,512,5632,19.300802051924276
i9jiqjwl,15,2,x7u69zsw,10,0,5120,20.128543068716535
i9jiqjwl,15,3,71vgq3fw,37,1024,5632,20.559687389463736
i9jiqjwl,15,4,ufdvpb81,43,1536,2048,21.178438533820966
i9jiqjwl,16,0,pl8uabbv,41,1536,1024,12.871434767612826
i9jiqjwl,16,1,utfgcjfa,31,1024,2560,13.796429796817927
i9jiqjwl,16,2,x77cy643,16,512,1536,14.03519937090084
i9jiqjwl,16,3,cfe5vt7s,22,512,4608,14.481903604628771
i9jiqjwl,16,4,cfe5vt7s,47,1536,4096,14.663255826686644
i9jiqjwl,17,0,xgj4xftb,8,0,4096,16.99540221974774
i9jiqjwl,17,1,cfe5vt7s,13,512,0,17.64508680013006
i9jiqjwl,17,2,ufdvpb81,15,512,1024,17.732940949300467
i9jiqjwl,17,3,cfe5vt7s,22,512,4608,17.815077994841715
i9jiqjwl,17,4,tuy3zymq,49,1536,5120,18.0118107567855
i9jiqjwl,18,0,utfgcjfa,23,512,5120,16.168586612733503
i9jiqjwl,18,1,9luzk4jm,35,1024,4608,17.792400023984754
i9jiqjwl,18,2,hzumfsms,41,1536,1024,18.07441558666924
i9jiqjwl,18,3,hzumfsms,27,1024,512,18.330997996288318
i9jiqjwl,18,4,hzumfsms,37,1024,5632,18.365166260366227
i9jiqjwl,19,0,cfe5vt7s,47,1536,4096,14.276419398072285
i9jiqjwl,19,1,pl8uabbv,47,1536,4096,14.408833795385595
i9jiqjwl,19,2,cfe5vt7s,22,512,4608,14.531505582084534
i9jiqjwl,19,3,vc2whyaq,28,1024,1024,14.87638577230546
i9jiqjwl,19,4,pl8uabbv,41,1536,1024,15.536008065100248
i9jiqjwl,20,0,cfe5vt7s,26,1024,0,15.322753807044991
i9jiqjwl,20,1,ufdvpb81,30,1024,2048,17.05365538923469
i9jiqjwl,20,2,vc2whyaq,13,512,0,17.340615541147354
i9jiqjwl,20,3,cfe5vt7s,5,0,2560,17.6614016663837
i9jiqjwl,20,4,x77cy643,31,1024,2560,17.735144263255638
i9jiqjwl,21,0,ptg8lmto,33,1024,3584,13.16391001203419
i9jiqjwl,21,1,pl8uabbv,34,1024,4096,13.78567696506101
i9jiqjwl,21,2,0grcilhi,13,512,0,14.774883177658323
i9jiqjwl,21,3,x77cy643,16,512,1536,14.99090692336832
i9jiqjwl,21,4,ptg8lmto,11,0,5632,15.335787638029934
i9jiqjwl,22,0,cfe5vt7s,20,512,3584,15.380174221007083
i9jiqjwl,22,1,vc2whyaq,10,0,5120,15.640202044543326
i9jiqjwl,22,2,utfgcjfa,33,1024,3584,16.950374189571892
i9jiqjwl,22,3,utfgcjfa,42,1536,1536,17.067376510376075
i9jiqjwl,22,4,vc2whyaq,38,1024,6144,17.274902171654993
i9jiqjwl,23,0,utfgcjfa,10,0,5120,15.092074690115059
i9jiqjwl,23,1,ufdvpb81,32,1024,3072,15.400725472284737
i9jiqjwl,23,2,vc2whyaq,12,0,6144,15.718385243923795
i9jiqjwl,23,3,x77cy643,12,0,6144,16.40077138533637
i9jiqjwl,23,4,x77cy643,5,0,2560,16.533046216038745
i9jiqjwl,24,0,vc2whyaq,11,0,5632,16.80118297913115
i9jiqjwl,24,1,vc2whyaq,38,1024,6144,18.235293469595426
i9jiqjwl,24,2,utfgcjfa,26,1024,0,18.469258034608842
i9jiqjwl,24,3,pl8uabbv,28,1024,1024,18.635377489254516
i9jiqjwl,24,4,hzumfsms,42,1536,1536,18.759930575231838
i9jiqjwl,25,0,pl8uabbv,35,1024,4608,14.187060414195459
i9jiqjwl,25,1,x7u69zsw,13,512,0,15.854675900157536
i9jiqjwl,25,2,vc2whyaq,23,512,5120,16.105245478320995
i9jiqjwl,25,3,x77cy643,11,0,5632,16.946300121495423
i9jiqjwl,25,4,xgj4xftb,16,512,1536,17.29395490976265
i9jiqjwl,26,0,pl8uabbv,36,1024,5120,14.405129260020633
i9jiqjwl,26,1,utfgcjfa,2,0,1024,14.712457575252467
i9jiqjwl,26,2,ufdvpb81,34,1024,4096,15.246114797016803
i9jiqjwl,26,3,ptg8lmto,23,512,5120,15.417182496682448
i9jiqjwl,26,4,0grcilhi,28,1024,1024,15.531501285980262
i9jiqjwl,27,0,hzumfsms,45,1536,3072,14.577980892047178
i9jiqjwl,27,1,ptg8lmto,35,1024,4608,15.82752944613566
i9jiqjwl,27,2,pl8uabbv,44,1536,2560,16.256476614858187
i9jiqjwl,27,3,hawkfj64,26,1024,0,17.13121622388402
i9jiqjwl,27,4,vc2whyaq,23,512,5120,17.519833263493254
i9jiqjwl,28,0,pl8uabbv,41,1536,1024,13.863292617576642
i9jiqjwl,28,1,pl8uabbv,15,512,1024,17.099670876766957
i9jiqjwl,28,2,ufdvpb81,10,0,5120,17.113461357299393
i9jiqjwl,28,3,utfgcjfa,31,1024,2560,17.251043344394336
i9jiqjwl,28,4,ufdvpb81,23,512,5120,17.416896856788398
i9jiqjwl,29,0,kbdh4tri,19,512,3072,15.3568650810212
i9jiqjwl,29,1,tuy3zymq,13,512,0,16.266631737405742
i9jiqjwl,29,2,x77cy643,20,512,3584,16.40964492598514
i9jiqjwl,29,3,utfgcjfa,11,0,5632,16.46299485049383
i9jiqjwl,29,4,vc2whyaq,12,0,6144,16.521584407132043
i9jiqjwl,30,0,ptg8lmto,30,1024,2048,12.051431826543311
i9jiqjwl,30,1,pl8uabbv,21,512,4096,15.733873324755741
i9jiqjwl,30,2,x7u69zsw,20,512,3584,15.917958287854274
i9jiqjwl,30,3,kbdh4tri,3,0,1536,16.19771342938329
i9jiqjwl,30,4,pl8uabbv,30,1024,2048,16.313041597702835
i9jiqjwl,31,0,xgj4xftb,8,0,4096,16.948407240192918
i9jiqjwl,31,1,vc2whyaq,45,1536,3072,18.658635931352595
i9jiqjwl,31,2,mgxahqnk,34,1024,4096,18.679609403107648
i9jiqjwl,31,3,x7u69zsw,31,1024,2560,18.905722753600102
i9jiqjwl,31,4,71vgq3fw,44,1536,2560,19.0952257996837
i9jiqjwl,32,0,utfgcjfa,2,0,1024,16.123445547308084
i9jiqjwl,32,1,mgxahqnk,20,512,3584,16.93163380737594
i9jiqjwl,32,2,pl8uabbv,40,1536,512,16.94126724402925
i9jiqjwl,32,3,ufdvpb81,17,512,2048,17.121359386739655
i9jiqjwl,32,4,pl8uabbv,9,0,4608,17.490721053462266
i9jiqjwl,33,0,ufdvpb81,15,512,1024,14.446766741357926
i9jiqjwl,33,1,utfgcjfa,44,1536,2560,14.568271181830196
i9jiqjwl,33,2,71vgq3fw,3,0,1536,15.217131344698934
i9jiqjwl,33,3,x77cy643,21,512,4096,15.327355088516626
i9jiqjwl,33,4,utfgcjfa,31,1024,2560,15.442745034141314
i9jiqjwl,34,0,hzumfsms,34,1024,4096,15.081159545444786
i9jiqjwl,34,1,tuy3zymq,41,1536,1024,15.148840117608628
i9jiqjwl,34,2,vc2whyaq,39,1536,0,15.167627114019874
i9jiqjwl,34,3,hzumfsms,49,1536,5120,15.449842597680886
i9jiqjwl,34,4,utfgcjfa,22,512,4608,15.824036273396928
i9jiqjwl,35,0,cfe5vt7s,22,512,4608,11.580004809564437
i9jiqjwl,35,1,vc2whyaq,30,1024,2048,13.833228632761854
i9jiqjwl,35,2,pl8uabbv,47,1536,4096,14.135459715448432
i9jiqjwl,35,3,hzumfsms,13,512,0,14.282284533431483
i9jiqjwl,35,4,utfgcjfa,31,1024,2560,14.287777426820634
i9jiqjwl,36,0,pl8uabbv,42,1536,1536,13.838551902749101
i9jiqjwl,36,1,vc2whyaq,21,512,4096,14.934090446345053
i9jiqjwl,36,2,pl8uabbv,47,1536,4096,16.258576689949702
i9jiqjwl,36,3,pl8uabbv,16,512,1536,16.31370693474933
i9jiqjwl,36,4,vc2whyaq,28,1024,1024,16.7170300186379
i9jiqjwl,37,0,x77cy643,36,1024,5120,14.846305279337862
i9jiqjwl,37,1,utfgcjfa,10,0,5120,15.08644003845055
i9jiqjwl,37,2,utfgcjfa,33,1024,3584,15.79756005677599
i9jiqjwl,37,3,cfe5vt7s,8,0,4096,16.866479000834627
i9jiqjwl,37,4,utfgcjfa,31,1024,2560,17.241265416481696
i9jiqjwl,38,0,utfgcjfa,24,512,5632,15.157685722249806
i9jiqjwl,38,1,pl8uabbv,47,1536,4096,15.344446655144568
i9jiqjwl,38,2,cfe5vt7s,16,512,1536,16.23850915102756
i9jiqjwl,38,3,utfgcjfa,15,512,1024,16.7489345302915
i9jiqjwl,38,4,pl8uabbv,29,1024,1536,17.19764988845954
i9jiqjwl,39,0,vc2whyaq,23,512,5120,16.422987545778913
i9jiqjwl,39,1,x77cy643,9,0,4608,16.45381817893871
i9jiqjwl,39,2,kbdh4tri,13,512,0,17.317732730986435
i9jiqjwl,39,3,pl8uabbv,44,1536,2560,18.15228794569297
i9jiqjwl,39,4,pl8uabbv,40,1536,512,18.616185446253077
i9jiqjwl,40,0,x77cy643,22,512,4608,17.956253978978722
i9jiqjwl,40,1,71vgq3fw,28,1024,1024,18.47541411134064
i9jiqjwl,40,2,utfgcjfa,48,1536,4608,18.905166428597074
i9jiqjwl,40,3,vc2whyaq,47,1536,4096,19.241370430640032
i9jiqjwl,40,4,utfgcjfa,29,1024,1536,19.41140178021521
i9jiqjwl,41,0,71vgq3fw,35,1024,4608,19.795133414470932
i9jiqjwl,41,1,vc2whyaq,47,1536,4096,20.055622510061287
i9jiqjwl,41,2,71vgq3fw,28,1024,1024,20.14465037046493
i9jiqjwl,41,3,utfgcjfa,29,1024,1536,20.629739907854336
i9jiqjwl,41,4,utfgcjfa,48,1536,4608,20.91336694959943
i9jiqjwl,42,0,x77cy643,9,0,4608,14.321932596463466
i9jiqjwl,42,1,x7u69zsw,39,1536,0,14.509858013861878
i9jiqjwl,42,2,x77cy643,21,512,4096,16.15449780318116
i9jiqjwl,42,3,utfgcjfa,0,0,0,16.18148018014403
i9jiqjwl,42,4,vc2whyaq,23,512,5120,16.214170510241736
i9jiqjwl,43,0,x77cy643,0,0,0,13.820671841099912
i9jiqjwl,43,1,x7u69zsw,8,0,4096,14.398901138491212
i9jiqjwl,43,2,mgxahqnk,26,1024,0,15.079832416066562
i9jiqjwl,43,3,cfe5vt7s,15,512,1024,15.404857027395234
i9jiqjwl,43,4,ufdvpb81,14,512,512,15.825970994882576
i9jiqjwl,44,0,pl8uabbv,42,1536,1536,16.647144811372254
i9jiqjwl,44,1,pl8uabbv,47,1536,4096,16.975080884307147
i9jiqjwl,44,2,x77cy643,21,512,4096,17.117780469539003
i9jiqjwl,44,3,utfgcjfa,31,1024,2560,17.29655699806188
i9jiqjwl,44,4,vc2whyaq,34,1024,4096,17.358033092106535
i9jiqjwl,45,0,x7u69zsw,48,1536,4608,17.231363329904546
i9jiqjwl,45,1,vc2whyaq,10,0,5120,17.759715104557742
i9jiqjwl,45,2,x77cy643,9,0,4608,19.061010398369795
i9jiqjwl,45,3,vc2whyaq,38,1024,6144,19.20746849454482
i9jiqjwl,45,4,mgxahqnk,13,512,0,19.84193559136337
i9jiqjwl,46,0,mgxahqnk,20,512,3584,12.835089392789357
i9jiqjwl,46,1,utfgcjfa,2,0,1024,13.028217971211639
i9jiqjwl,46,2,x77cy643,11,0,5632,14.789738189995097
i9jiqjwl,46,3,ptg8lmto,11,0,5632,15.38163151365211
i9jiqjwl,46,4,pl8uabbv,33,1024,3584,15.97042526147364
i9jiqjwl,47,0,vc2whyaq,30,1024,2048,16.478937919004487
i9jiqjwl,47,1,x77cy643,22,512,4608,17.051322060449213
i9jiqjwl,47,2,vc2whyaq,28,1024,1024,18.03271474002381
i9jiqjwl,47,3,cfe5vt7s,22,512,4608,18.11327091281331
i9jiqjwl,47,4,mgxahqnk,13,512,0,18.193731075444823
i9jiqjwl,48,0,vc2whyaq,28,1024,1024,17.0728772730685
i9jiqjwl,48,1,x77cy643,22,512,4608,17.086875552629305
i9jiqjwl,48,2,ufdvpb81,32,1024,3072,17.6528481122511
i9jiqjwl,48,3,hzumfsms,42,1536,1536,17.72139556868146
i9jiqjwl,48,4,cfe5vt7s,30,1024,2048,17.723468735644847
i9jiqjwl,49,0,hzumfsms,35,1024,4608,14.785453492520851
i9jiqjwl,49,1,vc2whyaq,27,1024,512,14.822748092650045
i9jiqjwl,49,2,pl8uabbv,10,0,5120,16.6781035532902
i9jiqjwl,49,3,kbdh4tri,19,512,3072,17.025968188717215
i9jiqjwl,49,4,ufdvpb81,2,0,1024,17.192679697986943
i9jiqjwl,50,0,hzumfsms,29,1024,1536,17.22864518985847
i9jiqjwl,50,1,hawkfj64,17,512,2048,18.284712424818718
i9jiqjwl,50,2,pl8uabbv,10,0,5120,18.439212662132295
i9jiqjwl,50,3,vc2whyaq,39,1536,0,18.46865585491327
i9jiqjwl,50,4,ufdvpb81,12,0,6144,18.70076740823566
i9jiqjwl,51,0,cfe5vt7s,16,512,1536,14.55853083373815
i9jiqjwl,51,1,cfe5vt7s,30,1024,2048,14.61863514857273
i9jiqjwl,51,2,pl8uabbv,47,1536,4096,15.193267029281378
i9jiqjwl,51,3,pl8uabbv,29,1024,1536,15.268238515745159
i9jiqjwl,51,4,pl8uabbv,27,1024,512,16.388233780956302
r17byphk,0,0,cfe5vt7s,47,1536,4096,16.995991873281326
r17byphk,0,1,9luzk4jm,46,1536,3584,17.410811933717838
r17byphk,0,2,x77cy643,43,1536,2048,17.58650121407405
r17byphk,0,3,71vgq3fw,18,512,2560,17.588132118602157
r17byphk,0,4,hawkfj64,7,0,3584,17.771654493149256
r17byphk,1,0,pl8uabbv,21,512,4096,17.246686349354775
r17byphk,1,1,kbdh4tri,50,1536,5632,17.54869264767652
r17byphk,1,2,71vgq3fw,38,1024,6144,17.86905163135041
r17byphk,1,3,ptg8lmto,11,0,5632,18.258127477269575
r17byphk,1,4,kbdh4tri,3,0,1536,18.318313107991134
r17byphk,2,0,0grcilhi,0,0,0,13.9336540061093
r17byphk,2,1,mgxahqnk,37,1024,5632,15.403947337994168
r17byphk,2,2,kbdh4tri,25,512,6144,15.5405689316281
r17byphk,2,3,xgj4xftb,2,0,1024,16.025663620209077
r17byphk,2,4,xgj4xftb,24,512,5632,16.13514232514222
r17byphk,3,0,x7u69zsw,14,512,512,14.56106115273676
r17byphk,3,1,x7u69zsw,0,0,0,14.902418147832277
r17byphk,3,2,utfgcjfa,31,1024,2560,15.431500732648123
r17byphk,3,3,x77cy643,12,0,6144,15.683361148111933
r17byphk,3,4,x7u69zsw,27,1024,512,16.763867779268484
r17byphk,4,0,x7u69zsw,41,1536,1024,16.341123260563972
r17byphk,4,1,pl8uabbv,35,1024,4608,16.84344696519659
r17byphk,4,2,mgxahqnk,35,1024,4608,17.951038484567142
r17byphk,4,3,0grcilhi,14,512,512,17.961903882591436
r17byphk,4,4,xgj4xftb,16,512,1536,18.388915816657473
r17byphk,5,0,9luzk4jm,47,1536,4096,14.86299208569247
r17byphk,5,1,ptg8lmto,33,1024,3584,16.07772802923336
r17byphk,5,2,kbdh4tri,21,512,4096,16.18517207457802
r17byphk,5,3,cfe5vt7s,2,0,1024,16.441103301826193
r17byphk,5,4,vc2whyaq,34,1024,4096,17.06136749438224
r17byphk,6,0,9luzk4jm,42,1536,1536,14.933078090828998
r17byphk,6,1,utfgcjfa,49,1536,5120,15.158082569617692
r17byphk,6,2,cfe5vt7s,9,0,4608,16.21014904401015
r17byphk,6,3,utfgcjfa,33,1024,3584,16.21503773025957
r17byphk,6,4,kbdh4tri,43,1536,2048,16.839223720513015
r17byphk,7,0,pl8uabbv,40,1536,512,11.246485683366773
r17byphk,7,1,x7u69zsw,26,1024,0,13.809229761479298
r17byphk,7,2,kbdh4tri,37,1024,5632,15.142876720151442
r17byphk,7,3,71vgq3fw,1,0,512,15.506146325101332
r17byphk,7,4,kbdh4tri,3,0,1536,15.828095262537047
r17byphk,8,0,x77cy643,7,0,3584,15.093374141028937
r17byphk,8,1,pl8uabbv,33,1024,3584,15.135091902438983
r17byphk,8,2,xgj4xftb,16,512,1536,15.52483825696714
r17byphk,8,3,x77cy643,11,0,5632,15.525672856686738
r17byphk,8,4,cfe5vt7s,25,512,6144,15.997370967806006
r17byphk,9,0,ptg8lmto,33,1024,3584,14.441856495415571
r17byphk,9,1,utfgcjfa,22,512,4608,14.490474786874529
r17byphk,9,2,cfe5vt7s,47,1536,4096,14.865385780382468
r17byphk,9,3,pl8uabbv,0,0,0,14.969780469592449
r17byphk,9,4,utfgcjfa,18,512,2560,15.428512855662804
r17byphk,10,0,x7u69zsw,49,1536,5120,14.475148485318542
r17byphk,10,1,utfgcjfa,11,0,5632,16.27650121430079
r17byphk,10,2,cfe5vt7s,42,1536,1536,16.405700862560973
r17byphk,10,3,kbdh4tri,41,1536,1024,16.460905434568442
r17byphk,10,4,vc2whyaq,26,1024,0,16.79316043305098
r17byphk,11,0,x77cy643,29,1024,1536,13.522866527002327
r17byphk,11,1,ufdvpb81,5,0,2560,16.09932321785893
r17byphk,11,2,hzumfsms,49,1536,5120,16.12091617197591
r17byphk,11,3,cfe5vt7s,8,0,4096,16.42015409567752
r17byphk,11,4,hzumfsms,36,1024,5120,16.776487817738335
r17byphk,12,0,hzumfsms,50,1536,5632,12.814152690464411
r17byphk,12,1,mgxahqnk,16,512,1536,13.486509615830306
r17byphk,12,2,vc2whyaq,44,1536,2560,14.4542347702694
r17byphk,12,3,utfgcjfa,18,512,2560,14.520621438468128
r17byphk,12,4,0grcilhi,29,1024,1536,14.752419392204255
r17byphk,13,0,x77cy643,36,1024,5120,18.395627173475038
r17byphk,13,1,vc2whyaq,4,0,2048,19.764783167214368
r17byphk,13,2,vc2whyaq,42,1536,1536,20.150818735194854
r17byphk,13,3,vc2whyaq,34,1024,4096,20.189623774544977
r17byphk,13,4,utfgcjfa,31,1024,2560,20.292201959559364
r17byphk,14,0,ufdvpb81,47,1536,4096,21.47991129984235
r17byphk,14,1,9luzk4jm,49,1536,5120,24.01884898222462
r17byphk,14,2,0grcilhi,25,512,6144,24.278722646245054
r17byphk,14,3,vc2whyaq,34,1024,4096,24.93629119596125
r17byphk,14,4,utfgcjfa,38,1024,6144,25.597539415379
r17byphk,15,0,hzumfsms,6,0,3072,16.23271967497301
r17byphk,15,1,vc2whyaq,33,1024,3584,17.900341944443554
r17byphk,15,2,hzumfsms,31,1024,2560,19.160169500525587
r17byphk,15,3,9luzk4jm,50,1536,5632,19.75687898622006
r17byphk,15,4,cfe5vt7s,28,1024,1024,19.805099094522774
r17byphk,16,0,x77cy643,46,1536,3584,15.28097402706989
r17byphk,16,1,vc2whyaq,39,1536,0,16.521956206317252
r17byphk,16,2,kbdh4tri,38,1024,6144,16.834961728603226
r17byphk,16,3,71vgq3fw,23,512,5120,17.21798194397273
r17byphk,16,4,hawkfj64,31,1024,2560,17.463958053624406
r17byphk,17,0,utfgcjfa,39,1536,0,17.51495261444341
r17byphk,17,1,tuy3zymq,39,1536,0,17.81997143471043
r17byphk,17,2,utfgcjfa,45,1536,3072,18.272568007472376
r17byphk,17,3,x77cy643,21,512,4096,18.357030084676815
r17byphk,17,4,utfgcjfa,26,1024,0,18.46218497766016
r17byphk,18,0,utfgcjfa,46,1536,3584,15.124894535585216
r17byphk,18,1,hawkfj64,35,1024,4608,15.426525433903652
r17byphk,18,2,cfe5vt7s,17,512,2048,16.731797803472908
r17byphk,18,3,hzumfsms,2,0,1024,17.25505723208323
r17byphk,18,4,hawkfj64,34,1024,4096,17.592345543086047
r17byphk,19,0,cfe5vt7s,22,512,4608,16.39040071434742
r17byphk,19,1,mgxahqnk,38,1024,6144,16.676781462066604
r17byphk,19,2,utfgcjfa,48,1536,4608,16.908034338832188
r17byphk,19,3,hzumfsms,5,0,2560,17.329981860180304
r17byphk,19,4,x7u69zsw,27,1024,512,17.549205556585175
r17byphk,20,0,utfgcjfa,50,1536,5632,13.528174885224825
r17byphk,20,1,hzumfsms,5,0,2560,13.677183036331424
r17byphk,20,2,vc2whyaq,33,1024,3584,14.40470826834025
r17byphk,20,3,cfe5vt7s,29,1024,1536,15.390356076417596
r17byphk,20,4,cfe5vt7s,22,512,4608,15.608606496792904
r17byphk,21,0,cfe5vt7s,1,0,512,16.404251907717228
r17byphk,21,1,9luzk4jm,49,1536,5120,16.900026336267324
r17byphk,21,2,vc2whyaq,42,1536,1536,17.092276160328936
r17byphk,21,3,cfe5vt7s,23,512,5120,17.149193678284263
r17byphk,21,4,cfe5vt7s,25,512,6144,17.479742467420312
r17byphk,22,0,pl8uabbv,42,1536,1536,16.03588042452602
r17byphk,22,1,ptg8lmto,36,1024,5120,17.028052552401576
r17byphk,22,2,71vgq3fw,23,512,5120,17.75239787314711
r17byphk,22,3,pl8uabbv,45,1536,3072,17.84748467481671
r17byphk,22,4,kbdh4tri,48,1536,4608,17.956494079694068
r17byphk,23,0,71vgq3fw,3,0,1536,15.625555307311362
r17byphk,23,1,cfe5vt7s,20,512,3584,15.678082096898619
r17byphk,23,2,ufdvpb81,15,512,1024,16.92260963410656
r17byphk,23,3,tuy3zymq,49,1536,5120,17.509011357484848
r17byphk,23,4,utfgcjfa,30,1024,2048,17.7461405872575
r17byphk,24,0,pl8uabbv,25,512,6144,17.55777299148511
r17byphk,24,1,utfgcjfa,42,1536,1536,17.636949515212027
r17byphk,24,2,71vgq3fw,33,1024,3584,18.262110361951876
r17byphk,24,3,cfe5vt7s,20,512,3584,18.4406952081245
r17byphk,24,4,9luzk4jm,8,0,4096,19.656427712116784
r17byphk,25,0,9luzk4jm,21,512,4096,14.963522418571198
r17byphk,25,1,vc2whyaq,46,1536,3584,14.975936070293592
r17byphk,25,2,71vgq3fw,42,1536,1536,15.227906265303318
r17byphk,25,3,utfgcjfa,47,1536,4096,15.603920588565304
r17byphk,25,4,cfe5vt7s,14,512,512,15.85874996680106
r17byphk,26,0,vc2whyaq,33,1024,3584,14.694448137629701
r17byphk,26,1,x77cy643,33,1024,3584,15.606174399049607
r17byphk,26,2,hzumfsms,5,0,2560,16.778822199891515
r17byphk,26,3,x77cy643,15,512,1024,17.167342917554347
r17byphk,26,4,cfe5vt7s,29,1024,1536,17.543971700632078
r17byphk,27,0,ufdvpb81,40,1536,512,20.17555287618355
r17byphk,27,1,vc2whyaq,4,0,2048,20.842063878785464
r17byphk,27,2,utfgcjfa,49,1536,5120,20.92621664560616
r17byphk,27,3,cfe5vt7s,48,1536,4608,21.5237252245455
r17byphk,27,4,9luzk4jm,39,1536,0,21.557145804575324
r17byphk,28,0,pl8uabbv,48,1536,4608,15.951131409643295
r17byphk,28,1,ptg8lmto,27,1024,512,17.871357391017586
r17byphk,28,2,mgxahqnk,30,1024,2048,18.14780696265235
r17byphk,28,3,ptg8lmto,7,0,3584,18.83257799429372
r17byphk,28,4,cfe5vt7s,38,1024,6144,19.136432248070516
r17byphk,29,0,9luzk4jm,18,512,2560,16.7018228828823
r17byphk,29,1,x77cy643,24,512,5632,16.980936153053975
r17byphk,29,2,vc2whyaq,16,512,1536,17.37669965285991
r17byphk,29,3,cfe5vt7s,29,1024,1536,17.821606661256798
r17byphk,29,4,vc2whyaq,39,1536,0,17.863133731666444
r17byphk,30,0,0grcilhi,35,1024,4608,15.430194354267021
r17byphk,30,1,hzumfsms,33,1024,3584,15.66399973733551
r17byphk,30,2,9luzk4jm,35,1024,4608,16.061970568630123
r17byphk,30,3,utfgcjfa,29,1024,1536,16.380401597428488
r17byphk,30,4,utfgcjfa,1,0,512,16.44003933586112
r17byphk,31,0,hzumfsms,34,1024,4096,12.68967607284338
r17byphk,31,1,utfgcjfa,19,512,3072,13.943791702151797
r17byphk,31,2,9luzk4jm,19,512,3072,13.957667688679619
r17byphk,31,3,9luzk4jm,46,1536,3584,15.512451754889401
r17byphk,31,4,9luzk4jm,12,0,6144,15.700101764667114
r17byphk,32,0,pl8uabbv,41,1536,1024,14.375630321589357
r17byphk,32,1,utfgcjfa,31,1024,2560,14.672235001484058
r17byphk,32,2,pl8uabbv,26,1024,0,15.297653045263829
r17byphk,32,3,cfe5vt7s,47,1536,4096,16.09496281927613
r17byphk,32,4,cfe5vt7s,22,512,4608,16.468662026594718
r17byphk,33,0,xgj4xftb,8,0,4096,13.908882165765975
r17byphk,33,1,x77cy643,35,1024,4608,14.514319771448204
r17byphk,33,2,9luzk4jm,46,1536,3584,14.729739966913703
r17byphk,33,3,x7u69zsw,12,0,6144,14.981692313013614
r17byphk,33,4,cfe5vt7s,47,1536,4096,15.210332138704736
r17byphk,34,0,hzumfsms,18,512,2560,14.483485867074451
r17byphk,34,1,0grcilhi,13,512,0,14.695436870400817
r17byphk,34,2,pl8uabbv,23,512,5120,15.013789061414622
r17byphk,34,3,x77cy643,33,1024,3584,15.933466810202082
r17byphk,34,4,pl8uabbv,47,1536,4096,16.00131802871473
r17byphk,35,0,utfgcjfa,31,1024,2560,14.91243929899264
r17byphk,35,1,utfgcjfa,15,512,1024,14.93999242181746
r17byphk,35,2,x77cy643,20,512,3584,15.176824645175389
r17byphk,35,3,vc2whyaq,21,512,4096,15.515844612303123
r17byphk,35,4,cfe5vt7s,13,512,0,15.610665264081787
r17byphk,36,0,vc2whyaq,4,0,2048,19.138898739673326
r17byphk,36,1,vc2whyaq,34,1024,4096,22.46641223965304
r17byphk,36,2,ufdvpb81,21,512,4096,22.926025030738543
r17byphk,36,3,hzumfsms,7,0,3584,22.996726166876226
r17byphk,36,4,cfe5vt7s,26,1024,0,23.05192266957522
r17byphk,37,0,utfgcjfa,10,0,5120,16.070280389990824
r17byphk,37,1,vc2whyaq,3,0,1536,16.38756436990076
r17byphk,37,2,tuy3zymq,19,512,3072,17.057718255342103
r17byphk,37,3,cfe5vt7s,31,1024,2560,17.372752428848052
r17byphk,37,4,utfgcjfa,23,512,5120,17.58339323345421
r17byphk,38,0,hzumfsms,49,1536,5120,13.662003227808546
r17byphk,38,1,cfe5vt7s,37,1024,5632,14.020325390297126
r17byphk,38,2,9luzk4jm,1,0,512,15.032558730574817
r17byphk,38,3,ufdvpb81,23,512,5120,15.403030554580923
r17byphk,38,4,cfe5vt7s,29,1024,1536,15.65039265472589
r17byphk,39,0,utfgcjfa,44,1536,2560,16.265332098145397
r17byphk,39,1,ufdvpb81,33,1024,3584,16.315970573633866
r17byphk,39,2,utfgcjfa,30,1024,2048,16.37405535238458
r17byphk,39,3,cfe5vt7s,43,1536,2048,16.736006858061355
r17byphk,39,4,vc2whyaq,28,1024,1024,16.878680584028224
r17byphk,40,0,utfgcjfa,39,1536,0,12.469808989791142
r17byphk,40,1,pl8uabbv,15,512,1024,14.606801226948235
r17byphk,40,2,cfe5vt7s,45,1536,3072,15.436104012417635
r17byphk,40,3,pl8uabbv,24,512,5632,15.800512346392605
r17byphk,40,4,ufdvpb81,15,512,1024,16.38008518241479
r17byphk,41,0,vc2whyaq,45,1536,3072,13.217027483380095
r17byphk,41,1,hzumfsms,13,512,0,13.263299127868818
r17byphk,41,2,hzumfsms,2,0,1024,14.433609631304058
r17byphk,41,3,71vgq3fw,44,1536,2560,14.969175826734848
r17byphk,41,4,cfe5vt7s,47,1536,4096,15.297886029689597
r17byphk,42,0,x77cy643,3,0,1536,13.270405342666892
r17byphk,42,1,9luzk4jm,4,0,2048,16.391730404855885
r17byphk,42,2,kbdh4tri,37,1024,5632,16.650732288149364
r17byphk,42,3,tuy3zymq,8,0,4096,17.435455282372406
r17byphk,42,4,cfe5vt7s,0,0,0,17.77005706291617
r17byphk,43,0,vc2whyaq,3,0,1536,15.369045740852949
r17byphk,43,1,9luzk4jm,12,0,6144,15.54816088909732
r17byphk,43,2,hzumfsms,34,1024,4096,16.149526719437375
r17byphk,43,3,9luzk4jm,19,512,3072,16.167878142801328
r17byphk,43,4,9luzk4jm,46,1536,3584,16.787499522979026
r17byphk,44,0,hawkfj64,22,512,4608,18.80950579727764
r17byphk,44,1,tuy3zymq,38,1024,6144,18.810675944318046
r17byphk,44,2,ptg8lmto,16,512,1536,18.857199660482898
r17byphk,44,3,9luzk4jm,39,1536,0,18.969197045167338
r17byphk,44,4,mgxahqnk,15,512,1024,19.757400955763657
r17byphk,45,0,cfe5vt7s,37,1024,5632,13.475870510439083
r17byphk,45,1,kbdh4tri,45,1536,3072,15.25586740869315
r17byphk,45,2,x77cy643,28,1024,1024,16.8758380535335
r17byphk,45,3,x77cy643,33,1024,3584,16.87788038103466
r17byphk,45,4,x77cy643,31,1024,2560,17.026627890127997
r17byphk,46,0,cfe5vt7s,34,1024,4096,16.446148276444717
r17byphk,46,1,71vgq3fw,33,1024,3584,17.59734066016281
r17byphk,46,2,cfe5vt7s,32,1024,3072,17.716242417223892
r17byphk,46,3,x77cy643,35,1024,4608,17.867722804477076
r17byphk,46,4,9luzk4jm,15,512,1024,18.72353735929566
r17byphk,47,0,x77cy643,47,1536,4096,17.283098742005052
r17byphk,47,1,ufdvpb81,21,512,4096,17.401606888466677
r17byphk,47,2,71vgq3fw,46,1536,3584,17.455158354373314
r17byphk,47,3,71vgq3fw,2,0,1024,17.492601697224845
r17byphk,47,4,9luzk4jm,39,1536,0,17.60563770995967
r17byphk,48,0,pl8uabbv,15,512,1024,12.310605933744517
r17byphk,48,1,utfgcjfa,39,1536,0,14.235612724240875
r17byphk,48,2,ufdvpb81,15,512,1024,14.914373324785577
r17byphk,48,3,pl8uabbv,41,1536,1024,15.251379043581721
r17byphk,48,4,ufdvpb81,23,512,5120,15.435016979891612
r17byphk,49,0,9luzk4jm,28,1024,1024,15.912460728071322
r17byphk,49,1,utfgcjfa,18,512,2560,16.136841649679546
r17byphk,49,2,vc2whyaq,6,0,3072,16.903432501991542
r17byphk,49,3,pl8uabbv,4,0,2048,17.57146408564492
r17byphk,49,4,9luzk4jm,14,512,512,17.745764326731322
r17byphk,50,0,vc2whyaq,47,1536,4096,14.071856653899996
r17byphk,50,1,0grcilhi,9,0,4608,16.4038536379862
r17byphk,50,2,vc2whyaq,20,512,3584,17.282288569911223
r17byphk,50,3,9luzk4jm,36,1024,5120,17.282482950234495
r17byphk,50,4,utfgcjfa,29,1024,1536,17.320357330429793
r17byphk,51,0,cfe5vt7s,47,1536,4096,13.706243154814336
r17byphk,51,1,pl8uabbv,41,1536,1024,14.1343444763991
r17byphk,51,2,x7u69zsw,27,1024,512,14.18348793860886
r17byphk,51,3,vc2whyaq,39,1536,0,15.224593495917798
r17byphk,51,4,vc2whyaq,29,1024,1536,15.429421217835966
rxax5ozo,0,0,hzumfsms,14,512,512,16.003648638744213
rxax5ozo,0,1,xgj4xftb,8,0,4096,16.013509509273167
rxax5ozo,0,2,utfgcjfa,8,0,4096,16.802610858821208
rxax5ozo,0,3,kbdh4tri,31,1024,2560,16.931421834563462
rxax5ozo,0,4,9luzk4jm,24,512,5632,17.31079279595403
rxax5ozo,1,0,mgxahqnk,20,512,3584,17.45075675962662
rxax5ozo,1,1,vc2whyaq,42,1536,1536,17.91724700520323
rxax5ozo,1,2,utfgcjfa,6,0,3072,17.995538680224275
rxax5ozo,1,3,tuy3zymq,28,1024,1024,18.020668809785093
rxax5ozo,1,4,pl8uabbv,33,1024,3584,18.406252207882048
rxax5ozo,2,0,x77cy643,9,0,4608,16.80492399503448
rxax5ozo,2,1,kbdh4tri,41,1536,1024,17.243573123671645
rxax5ozo,2,2,cfe5vt7s,20,512,3584,17.25136582171564
rxax5ozo,2,3,utfgcjfa,11,0,5632,17.687620515728746
rxax5ozo,2,4,xgj4xftb,16,512,1536,17.840439793158634
rxax5ozo,3,0,x77cy643,35,1024,4608,14.684333372711235
rxax5ozo,3,1,tuy3zymq,19,512,3072,15.799201370159594
rxax5ozo,3,2,0grcilhi,5,0,2560,16.30320745988419
rxax5ozo,3,3,utfgcjfa,23,512,5120,16.482654555102098
rxax5ozo,3,4,vc2whyaq,3,0,1536,16.82500456317253
rxax5ozo,4,0,vc2whyaq,45,1536,3072,14.97858692763744
rxax5ozo,4,1,kbdh4tri,27,1024,512,15.529382632667708
rxax5ozo,4,2,xgj4xftb,4,0,2048,15.654919861570841
rxax5ozo,4,3,x77cy643,9,0,4608,15.72762533163372
rxax5ozo,4,4,hzumfsms,14,512,512,16.123398417234583
rxax5ozo,5,0,hzumfsms,2,0,1024,14.830571211716874
rxax5ozo,5,1,utfgcjfa,18,512,2560,14.87340351860056
rxax5ozo,5,2,hzumfsms,18,512,2560,15.407629900238904
rxax5ozo,5,3,pl8uabbv,47,1536,4096,15.875042191198926
rxax5ozo,5,4,utfgcjfa,30,1024,2048,15.97995724322129
rxax5ozo,6,0,ufdvpb81,21,512,4096,11.851206139897911
rxax5ozo,6,1,71vgq3fw,25,512,6144,13.710877982597273
rxax5ozo,6,2,utfgcjfa,7,0,3584,14.386664005248862
rxax5ozo,6,3,hzumfsms,35,1024,4608,14.879904817029827
rxax5ozo,6,4,vc2whyaq,4,0,2048,16.920260867330793
rxax5ozo,7,0,cfe5vt7s,22,512,4608,12.602341764773232
rxax5ozo,7,1,hzumfsms,42,1536,1536,14.250260549607678
rxax5ozo,7,2,cfe5vt7s,47,1536,4096,15.239828007068517
rxax5ozo,7,3,vc2whyaq,28,1024,1024,15.67432730795556
rxax5ozo,7,4,hzumfsms,13,512,0,15.763717280814873
rxax5ozo,8,0,x77cy643,31,1024,2560,14.373600738645488
rxax5ozo,8,1,x77cy643,28,1024,1024,14.70055942300319
rxax5ozo,8,2,mgxahqnk,8,0,4096,17.84011726369839
rxax5ozo,8,3,x77cy643,23,512,5120,17.99655976486751
rxax5ozo,8,4,cfe5vt7s,37,1024,5632,18.454553111754965
rxax5ozo,9,0,vc2whyaq,30,1024,2048,14.623632277826685
rxax5ozo,9,1,pl8uabbv,17,512,2048,15.425922445444572
rxax5ozo,9,2,pl8uabbv,15,512,1024,17.268913426233063
rxax5ozo,9,3,ufdvpb81,10,0,5120,17.391118734587227
rxax5ozo,9,4,9luzk4jm,26,1024,0,17.516828017736305
rxax5ozo,10,0,utfgcjfa,15,512,1024,14.138988723091027
rxax5ozo,10,1,utfgcjfa,30,1024,2048,14.842920356677208
rxax5ozo,10,2,mgxahqnk,37,1024,5632,14.890224140718717
rxax5ozo,10,3,utfgcjfa,31,1024,2560,15.271188569231352
rxax5ozo,10,4,cfe5vt7s,13,512,0,15.329920511079779
rxax5ozo,11,0,utfgcjfa,23,512,5120,16.063109086759386
rxax5ozo,11,1,kbdh4tri,38,1024,6144,16.346626527482478
rxax5ozo,11,2,mgxahqnk,33,1024,3584,16.720967160329234
rxax5ozo,11,3,x77cy643,17,512,2048,16.905823982991453
rxax5ozo,11,4,ptg8lmto,31,1024,2560,16.96288462122977
rxax5ozo,12,0,utfgcjfa,30,1024,2048,13.408514638611372
rxax5ozo,12,1,pl8uabbv,31,1024,2560,16.309185054535973
rxax5ozo,12,2,pl8uabbv,38,1024,6144,16.62385520273861
rxax5ozo,12,3,utfgcjfa,21,512,4096,16.83266389803613
rxax5ozo,12,4,mgxahqnk,3,0,1536,16.849485696248205
rxax5ozo,13,0,vc2whyaq,6,0,3072,11.785434120431765
rxax5ozo,13,1,utfgcjfa,18,512,2560,12.891903646650732
rxax5ozo,13,2,hzumfsms,50,1536,5632,14.238665018755068
rxax5ozo,13,3,vc2whyaq,36,1024,5120,15.427393293150251
rxax5ozo,13,4,ptg8lmto,33,1024,3584,15.519137379847544
rxax5ozo,14,0,cfe5vt7s,35,1024,4608,16.169026820428428
rxax5ozo,14,1,ptg8lmto,24,512,5632,16.67941201154526
rxax5ozo,14,2,x77cy643,20,512,3584,16.827919297408037
rxax5ozo,14,3,utfgcjfa,10,0,5120,16.89448662344513
rxax5ozo,14,4,pl8uabbv,43,1536,2048,16.907449417919143
rxax5ozo,15,0,cfe5vt7s,44,1536,2560,15.218154854667933
rxax5ozo,15,1,vc2whyaq,26,1024,0,15.723047998543814
rxax5ozo,15,2,vc2whyaq,14,512,512,17.088434448922012
rxax5ozo,15,3,pl8uabbv,41,1536,1024,17.44747815327023
rxax5ozo,15,4,vc2whyaq,11,0,5632,17.97524293523384
rxax5ozo,16,0,x77cy643,35,1024,4608,13.319392332504592
rxax5ozo,16,1,ufdvpb81,51,1536,6144,14.067751876355112
rxax5ozo,16,2,hawkfj64,20,512,3584,14.766430518543432
rxax5ozo,16,3,utfgcjfa,10,0,5120,15.964574872817893
rxax5ozo,16,4,mgxahqnk,8,0,4096,16.034383546818614
rxax5ozo,17,0,ufdvpb81,34,1024,4096,12.79129312215161
rxax5ozo,17,1,x77cy643,16,512,1536,13.181665630048581
rxax5ozo,17,2,pl8uabbv,0,0,0,13.407418017348766
rxax5ozo,17,3,vc2whyaq,46,1536,3584,13.96619128583246
rxax5ozo,17,4,x77cy643,47,1536,4096,14.18585074053698
rxax5ozo,18,0,cfe5vt7s,10,0,5120,15.353664552190937
rxax5ozo,18,1,utfgcjfa,30,1024,2048,15.912171319625834
rxax5ozo,18,2,pl8uabbv,27,1024,512,16.157494429162558
rxax5ozo,18,3,utfgcjfa,31,1024,2560,17.16464331174837
rxax5ozo,18,4,utfgcjfa,39,1536,0,17.537628004545066
rxax5ozo,19,0,pl8uabbv,6,0,3072,14.122196232883446
rxax5ozo,19,1,utfgcjfa,31,1024,2560,15.028812874270889
rxax5ozo,19,2,utfgcjfa,16,512,1536,15.344490285244566
rxax5ozo,19,3,pl8uabbv,47,1536,4096,15.846155616795446
rxax5ozo,19,4,utfgcjfa,1,0,512,16.136731021189238
rxax5ozo,20,0,kbdh4tri,8,0,4096,16.464390500188603
rxax5ozo,20,1,ptg8lmto,36,1024,5120,17.045895436197444
rxax5ozo,20,2,9luzk4jm,14,512,512,17.139738872120876
rxax5ozo,20,3,pl8uabbv,42,1536,1536,17.3162222233954
rxax5ozo,20,4,utfgcjfa,30,1024,2048,17.72851393093332
rxax5ozo,21,0,kbdh4tri,8,0,4096,17.48620487568172
rxax5ozo,21,1,vc2whyaq,2,0,1024,17.584373012484363
rxax5ozo,21,2,pl8uabbv,42,1536,1536,17.58716077759656
rxax5ozo,21,3,vc2whyaq,21,512,4096,18.35382020025594
rxax5ozo,21,4,x7u69zsw,41,1536,1024,18.547014859933487
rxax5ozo,22,0,ptg8lmto,6,0,3072,15.936061171643672
rxax5ozo,22,1,ptg8lmto,11,0,5632,17.19947952041498
rxax5ozo,22,2,9luzk4jm,4,0,2048,17.362639403641754
rxax5ozo,22,3,x7u69zsw,26,1024,0,18.333746426766023
rxax5ozo,22,4,ptg8lmto,26,1024,0,18.41522265152012
rxax5ozo,23,0,hzumfsms,24,512,5632,13.980573855728109
rxax5ozo,23,1,pl8uabbv,4,0,2048,14.953610249153407
rxax5ozo,23,2,ufdvpb81,3,0,1536,15.488707016116798
rxax5ozo,23,3,hzumfsms,5,0,2560,16.194852075396234
rxax5ozo,23,4,9luzk4jm,31,1024,2560,16.21414857218545
rxax5ozo,24,0,pl8uabbv,6,0,3072,13.827786273090648
rxax5ozo,24,1,pl8uabbv,38,1024,6144,14.155721072153291
rxax5ozo,24,2,vc2whyaq,28,1024,1024,15.6721867348816
rxax5ozo,24,3,cfe5vt7s,47,1536,4096,16.738808502513482
rxax5ozo,24,4,pl8uabbv,47,1536,4096,16.762014546183185
rxax5ozo,25,0,vc2whyaq,16,512,1536,16.438588742967177
rxax5ozo,25,1,hzumfsms,30,1024,2048,16.53862890334147
rxax5ozo,25,2,x77cy643,34,1024,4096,16.886668969051325
rxax5ozo,25,3,vc2whyaq,40,1536,512,16.91697788744403
rxax5ozo,25,4,hzumfsms,33,1024,3584,17.60462565430902
rxax5ozo,26,0,x77cy643,11,0,5632,17.028000947758528
rxax5ozo,26,1,xgj4xftb,16,512,1536,17.72034676398774
rxax5ozo,26,2,utfgcjfa,33,1024,3584,18.91545772006017
rxax5ozo,26,3,kbdh4tri,41,1536,1024,19.56854420582851
rxax5ozo,26,4,pl8uabbv,24,512,5632,19.88590322676401
rxax5ozo,27,0,vc2whyaq,39,1536,0,15.110896516300915
rxax5ozo,27,1,cfe5vt7s,36,1024,5120,16.153388189551535
rxax5ozo,27,2,kbdh4tri,38,1024,6144,16.819489741759334
rxax5ozo,27,3,ptg8lmto,1,0,512,17.264860132789945
rxax5ozo,27,4,x77cy643,41,1536,1024,17.329177037668494
rxax5ozo,28,0,kbdh4tri,49,1536,5120,14.404164179372954
rxax5ozo,28,1,tuy3zymq,29,1024,1536,14.613835090102706
rxax5ozo,28,2,utfgcjfa,23,512,5120,14.82895363980539
rxax5ozo,28,3,ptg8lmto,15,512,1024,15.403913623899852
rxax5ozo,28,4,hawkfj64,36,1024,5120,15.973339974935502
rxax5ozo,29,0,vc2whyaq,20,512,3584,14.048675909299595
rxax5ozo,29,1,0grcilhi,9,0,4608,16.5248413841635
rxax5ozo,29,2,utfgcjfa,23,512,5120,16.6902061522243
rxax5ozo,29,3,cfe5vt7s,33,1024,3584,17.161370912811897
rxax5ozo,29,4,vc2whyaq,47,1536,4096,17.31782761125917
rxax5ozo,30,0,vc2whyaq,43,1536,2048,15.219469645862523
rxax5ozo,30,1,cfe5vt7s,14,512,512,16.027490038718526
rxax5ozo,30,2,cfe5vt7s,23,512,5120,17.03704533052427
rxax5ozo,30,3,x7u69zsw,13,512,0,17.657799464759467
rxax5ozo,30,4,cfe5vt7s,39,1536,0,17.758987338066706
rxax5ozo,31,0,pl8uabbv,33,1024,3584,13.91057368568698
rxax5ozo,31,1,ufdvpb81,10,0,5120,14.552745064985144
rxax5ozo,31,2,x77cy643,20,512,3584,14.986429830734794
rxax5ozo,31,3,utfgcjfa,31,1024,2560,15.204172409418979
rxax5ozo,31,4,ufdvpb81,32,1024,3072,15.830778592913658
rxax5ozo,32,0,pl8uabbv,11,0,5632,17.688418843337804
rxax5ozo,32,1,pl8uabbv,16,512,1536,18.347612969024667
rxax5ozo,32,2,pl8uabbv,47,1536,4096,19.359250260912617
rxax5ozo,32,3,vc2whyaq,30,1024,2048,20.20107748746153
rxax5ozo,32,4,vc2whyaq,28,1024,1024,20.203102192649403
rxax5ozo,33,0,0grcilhi,14,512,512,15.883008472872367
rxax5ozo,33,1,vc2whyaq,21,512,4096,16.975721634425717
rxax5ozo,33,2,cfe5vt7s,1,0,512,17.703134177497468
rxax5ozo,33,3,mgxahqnk,26,1024,0,17.925352639619792
rxax5ozo,33,4,x7u69zsw,8,0,4096,18.449495952696402
rxax5ozo,34,0,hzumfsms,4,0,2048,15.209382534998536
rxax5ozo,34,1,x77cy643,19,512,3072,15.51440453348066
rxax5ozo,34,2,vc2whyaq,23,512,5120,15.892906289792322
rxax5ozo,34,3,pl8uabbv,40,1536,512,15.968876514217186
rxax5ozo,34,4,utfgcjfa,31,1024,2560,16.162651330335844
rxax5ozo,35,0,utfgcjfa,38,1024,6144,18.102660981967773
rxax5ozo,35,1,ufdvpb81,17,512,2048,19.53217498472458
rxax5ozo,35,2,0grcilhi,25,512,6144,19.792201132052472
rxax5ozo,35,3,vc2whyaq,34,1024,4096,20.21290586500462
rxax5ozo,35,4,ufdvpb81,47,1536,4096,20.378682696973893
rxax5ozo,36,0,ptg8lmto,28,1024,1024,14.168210831954761
rxax5ozo,36,1,utfgcjfa,49,1536,5120,14.67573118617967
rxax5ozo,36,2,mgxahqnk,34,1024,4096,15.264754222339612
rxax5ozo,36,3,71vgq3fw,14,512,512,15.85395026919586
rxax5ozo,36,4,kbdh4tri,32,1024,3072,16.094175156708715
rxax5ozo,37,0,0grcilhi,13,512,0,15.415307833793019
rxax5ozo,37,1,ptg8lmto,33,1024,3584,15.533739064658626
rxax5ozo,37,2,0grcilhi,10,0,5120,16.4196250497235
rxax5ozo,37,3,x77cy643,47,1536,4096,16.731278688483606
rxax5ozo,37,4,utfgcjfa,18,512,2560,17.13380800124854
rxax5ozo,38,0,cfe5vt7s,25,512,6144,14.599061174275729
rxax5ozo,38,1,x77cy643,11,0,5632,14.761703901385829
rxax5ozo,38,2,pl8uabbv,33,1024,3584,15.15297072062737
rxax5ozo,38,3,x77cy643,19,512,3072,15.432543903208593
rxax5ozo,38,4,mgxahqnk,20,512,3584,15.606611861375079
rxax5ozo,39,0,x77cy643,46,1536,3584,13.925056708784156
rxax5ozo,39,1,kbdh4tri,38,1024,6144,15.75845716251975
rxax5ozo,39,2,mgxahqnk,12,0,6144,16.419542835820085
rxax5ozo,39,3,x7u69zsw,33,1024,3584,16.56409285293236
rxax5ozo,39,4,x77cy643,41,1536,1024,16.790523454523843
rxax5ozo,40,0,xgj4xftb,32,1024,3072,16.621515840094442
rxax5ozo,40,1,ptg8lmto,2,0,1024,17.087964645941273
rxax5ozo,40,2,x77cy643,49,1536,5120,17.817065405019573
rxax5ozo,40,3,x77cy643,41,1536,1024,17.931834280525152
rxax5ozo,40,4,pl8uabbv,0,0,0,18.30605599405131
rxax5ozo,41,0,xgj4xftb,33,1024,3584,15.67318807098229
rxax5ozo,41,1,hzumfsms,4,0,2048,16.12132845183586
rxax5ozo,41,2,x77cy643,7,0,3584,16.678271281563394
rxax5ozo,41,3,kbdh4tri,37,1024,5632,16.861106911080412
rxax5ozo,41,4,mgxahqnk,0,0,0,16.96553062622919
rxax5ozo,42,0,kbdh4tri,39,1536,0,16.987570094409275
rxax5ozo,42,1,kbdh4tri,38,1024,6144,17.673797079427242
rxax5ozo,42,2,x77cy643,45,1536,3072,17.806597491937627
rxax5ozo,42,3,hawkfj64,35,1024,4608,17.991501391730143
rxax5ozo,42,4,hawkfj64,13,512,0,18.003089346942065
rxax5ozo,43,0,9luzk4jm,7,0,3584,17.64711179151391
rxax5ozo,43,1,tuy3zymq,8,0,4096,19.99354943782105
rxax5ozo,43,2,9luzk4jm,6,0,3072,20.59781852169399
rxax5ozo,43,3,xgj4xftb,35,1024,4608,20.673853690397593
rxax5ozo,43,4,kbdh4tri,50,1536,5632,20.70274655127025
rxax5ozo,44,0,x7u69zsw,13,512,0,13.336690136961028
rxax5ozo,44,1,utfgcjfa,9,0,4608,15.310644389357432
rxax5ozo,44,2,x77cy643,19,512,3072,16.690607279622455
rxax5ozo,44,3,utfgcjfa,3,0,1536,16.8794038520453
rxax5ozo,44,4,hzumfsms,45,1536,3072,16.931339245509115
rxax5ozo,45,0,cfe5vt7s,23,512,5120,13.364026599020303
rxax5ozo,45,1,x7u69zsw,0,0,0,14.480226269411046
rxax5ozo,45,2,vc2whyaq,12,0,6144,14.758583669443446
rxax5ozo,45,3,71vgq3fw,43,1536,2048,14.882329927450105
rxax5ozo,45,4,71vgq3fw,21,512,4096,14.925734578012177
rxax5ozo,46,0,9luzk4jm,20,512,3584,14.503878660798533
rxax5ozo,46,1,vc2whyaq,40,1536,512,15.771356617677778
rxax5ozo,46,2,mgxahqnk,13,512,0,17.00291480569142
rxax5ozo,46,3,vc2whyaq,16,512,1536,17.09141296379332
rxax5ozo,46,4,vc2whyaq,39,1536,0,17.382418738075195
rxax5ozo,47,0,0grcilhi,13,512,0,16.21320419609243
rxax5ozo,47,1,vc2whyaq,50,1536,5632,16.38648206721963
rxax5ozo,47,2,hawkfj64,22,512,4608,17.145443591795267
rxax5ozo,47,3,pl8uabbv,45,1536,3072,17.154340291342052
rxax5ozo,47,4,9luzk4jm,14,512,512,17.79511410765566
rxax5ozo,48,0,vc2whyaq,25,512,6144,18.579934309098732
rxax5ozo,48,1,x7u69zsw,51,1536,6144,20.1685273353112
rxax5ozo,48,2,kbdh4tri,39,1536,0,20.651322007336745
rxax5ozo,48,3,x77cy643,44,1536,2560,21.30416591970684
rxax5ozo,48,4,ptg8lmto,32,1024,3072,21.333264557918625
rxax5ozo,49,0,vc2whyaq,30,1024,2048,15.510254233544686
rxax5ozo,49,1,cfe5vt7s,47,1536,4096,16.17345324710523
rxax5ozo,49,2,pl8uabbv,6,0,3072,16.276474059411786
rxax5ozo,49,3,x77cy643,20,512,3584,16.317346750363523
rxax5ozo,49,4,cfe5vt7s,41,1536,1024,16.396628000733457
rxax5ozo,50,0,x77cy643,29,1024,1536,12.803319451484132
rxax5ozo,50,1,ptg8lmto,31,1024,2560,15.704698744146203
rxax5ozo,50,2,ptg8lmto,17,512,2048,16.543950873873484
rxax5ozo,50,3,x77cy643,24,512,5632,16.730550888434426
rxax5ozo,50,4,pl8uabbv,27,1024,512,16.739341589620853
rxax5ozo,51,0,utfgcjfa,23,512,5120,16.35727981090075
rxax5ozo,51,1,vc2whyaq,47,1536,4096,16.405801396405057
rxax5ozo,51,2,vc2whyaq,40,1536,512,16.526842705817167
rxax5ozo,51,3,kbdh4tri,22,512,4608,17.690077715720236
rxax5ozo,51,4,pl8uabbv,39,1536,0,17.84565158862398
