candidate,cohort,site,predicted_batch,comparison_batch,rank,root_or_intercept_margin,total_margin,explanation_type,feature,contribution,standardised_input,observed,acquisition_sensitive,family,feature_group,as_run_family
geometry_l2,known_oof,5n1q8atc,Batch_2,Batch_3,1,-0.4695757032349748,0.9451476173178672,linear_decision_margin,pore_count_per_Mpx,-0.7179571523455107,1.9050883367349645,True,True,phase-mask-dependent,existing_pore,phase-mask-dependent
geometry_l2,known_oof,5n1q8atc,Batch_2,Batch_3,2,-0.4695757032349748,0.9451476173178672,linear_decision_margin,pore_frac,0.6482658819578381,-1.6180137431010195,True,True,phase-mask-dependent,existing_pore,phase-mask-dependent
geometry_l2,known_oof,5n1q8atc,Batch_2,Batch_3,3,-0.4695757032349748,0.9451476173178672,linear_decision_margin,fft_slope,0.3837256887434779,4.160036638554001,True,True,image appearance,raw_BSE_anchors,image appearance
geometry_l2,known_oof,5n1q8atc,Batch_2,Batch_3,4,-0.4695757032349748,0.9451476173178672,linear_decision_margin,pore_elong,0.3568497437594902,-2.53737087272182,True,True,phase-mask-dependent,existing_pore,phase-mask-dependent
geometry_l2,known_oof,5n1q8atc,Batch_2,Batch_3,5,-0.4695757032349748,0.9451476173178672,linear_decision_margin,void_local_width_d50_px,-0.3328912734367468,-2.302077223902936,True,True,phase-mask-dependent geometry,new_width,image appearance
geometry_l2,known_oof,5n1q8atc,Batch_2,Batch_3,6,-0.4695757032349748,0.9451476173178672,linear_decision_margin,corr_len_px,0.2278225010732918,-1.1199102634290738,True,True,image appearance,raw_BSE_anchors,image appearance
geometry_l2,known_oof,5n1q8atc,Batch_2,Batch_3,7,-0.4695757032349748,0.9451476173178672,linear_decision_margin,pore_max_d,0.2096571288792865,-0.8911182320180866,True,True,phase-mask-dependent,existing_pore,phase-mask-dependent
geometry_l2,known_oof,5n1q8atc,Batch_2,Batch_3,8,-0.4695757032349748,0.9451476173178672,linear_decision_margin,crack_frac,0.1928582504313237,-1.0128812810066703,True,True,phase-mask-dependent,existing_pore,phase-mask-dependent
geometry_l2,known_oof,5n1q8atc,Batch_2,Batch_3,9,-0.4695757032349748,0.9451476173178672,linear_decision_margin,pore_d50,0.1269064417834759,-0.7325685466347436,True,True,phase-mask-dependent,existing_pore,phase-mask-dependent
geometry_l2,known_oof,5n1q8atc,Batch_2,Batch_3,10,-0.4695757032349748,0.9451476173178672,linear_decision_margin,crack_count_per_Mpx,0.0901997328083371,-1.034038552384392,True,True,phase-mask-dependent,existing_pore,phase-mask-dependent
geometry_l2,known_oof,5n1q8atc,Batch_2,Batch_3,11,-0.4695757032349748,0.9451476173178672,linear_decision_margin,pore_d90,0.0852661004417392,-0.5963284029121859,True,True,phase-mask-dependent,existing_pore,phase-mask-dependent
geometry_l2,known_oof,5n1q8atc,Batch_2,Batch_3,12,-0.4695757032349748,0.9451476173178672,linear_decision_margin,etd_crack_density_particles,0.0276825069252781,-0.3060165388091883,False,True,phase-mask-dependent,joint_appearance,phase-mask-dependent
geometry_l2,known_oof,5n1q8atc,Batch_2,Batch_3,13,-0.4695757032349748,0.9451476173178672,linear_decision_margin,graph_edge_length_iqr_ratio,0.0240330401252072,-0.0577068785245081,False,True,phase-mask-dependent geometry,new_spacing,image appearance
geometry_l2,known_oof,5n1q8atc,Batch_2,Batch_3,14,-0.4695757032349748,0.9451476173178672,linear_decision_margin,bright_d90,0.0230181749524809,-0.3043171909366917,False,True,phase-mask-dependent,existing_bright,phase-mask-dependent
geometry_l2,known_oof,5n1q8atc,Batch_2,Batch_3,15,-0.4695757032349748,0.9451476173178672,linear_decision_margin,inlens_particle_texture,0.0155973228463816,0.0479022446579216,False,True,phase-mask-dependent,particle_texture,phase-mask-dependent
geometry_l2,known_oof,5n1q8atc,Batch_2,Batch_3,16,-0.4695757032349748,0.9451476173178672,linear_decision_margin,inlens_grad_energy,0.0141027733970311,0.1077280600496951,False,True,phase-mask-dependent,joint_appearance,phase-mask-dependent
geometry_l2,known_oof,5n1q8atc,Batch_2,Batch_3,17,-0.4695757032349748,0.9451476173178672,linear_decision_margin,bright_circularity_count_iqr,0.014054791468518,0.1068746029631045,False,True,phase-mask-dependent geometry,new_shape,image appearance
geometry_l2,known_oof,5n1q8atc,Batch_2,Batch_3,18,-0.4695757032349748,0.9451476173178672,linear_decision_margin,bright_aspect_count_iqr,-0.0132516442461091,-0.3050751454953143,False,True,phase-mask-dependent geometry,new_shape,image appearance
geometry_l2,known_oof,5n1q8atc,Batch_2,Batch_3,19,-0.4695757032349748,0.9451476173178672,linear_decision_margin,bright_d50,-0.0124259608931719,-0.1716094398679276,False,True,phase-mask-dependent,existing_bright,phase-mask-dependent
geometry_l2,known_oof,5n1q8atc,Batch_2,Batch_3,20,-0.4695757032349748,0.9451476173178672,linear_decision_margin,inlens_particle_texture_p90,0.0094148213378307,0.0494403671064678,False,True,phase-mask-dependent,particle_texture,phase-mask-dependent
geometry_l2,known_oof,5n1q8atc,Batch_2,Batch_3,21,-0.4695757032349748,0.9451476173178672,linear_decision_margin,bright_count_per_Mpx,0.0093068602249208,-0.1602483290379517,False,True,phase-mask-dependent,existing_bright,phase-mask-dependent
geometry_l2,known_oof,5n1q8atc,Batch_2,Batch_3,22,-0.4695757032349748,0.9451476173178672,linear_decision_margin,bright_solidity,0.0085635802087213,-0.152813614002575,False,True,phase-mask-dependent,existing_bright,phase-mask-dependent
geometry_l2,known_oof,5n1q8atc,Batch_2,Batch_3,23,-0.4695757032349748,0.9451476173178672,linear_decision_margin,crack_g_0.05,0.007872880064678,0.2053616411047269,False,True,phase-mask-dependent,joint_appearance,phase-mask-dependent
geometry_l2,known_oof,5n1q8atc,Batch_2,Batch_3,24,-0.4695757032349748,0.9451476173178672,linear_decision_margin,etd_crack_density_graphite,0.0076423283062597,-0.1314329850411595,False,True,phase-mask-dependent,joint_appearance,phase-mask-dependent
geometry_l2,known_oof,5n1q8atc,Batch_2,Batch_3,25,-0.4695757032349748,0.9451476173178672,linear_decision_margin,crack_g_0.2,0.0056495381523989,-0.0531894290609363,False,True,phase-mask-dependent,joint_appearance,phase-mask-dependent
geometry_l2,known_oof,5n1q8atc,Batch_2,Batch_3,26,-0.4695757032349748,0.9451476173178672,linear_decision_margin,bright_max_d,0.00435277249596,-0.1328745772916542,False,True,phase-mask-dependent,existing_bright,phase-mask-dependent
geometry_l2,known_oof,5n1q8atc,Batch_2,Batch_3,27,-0.4695757032349748,0.9451476173178672,linear_decision_margin,void_local_width_d90_px,0.0036214847857487,-0.1834941013483326,True,True,phase-mask-dependent geometry,new_width,image appearance
geometry_l2,known_oof,5n1q8atc,Batch_2,Batch_3,28,-0.4695757032349748,0.9451476173178672,linear_decision_margin,bright_solidity_count_q10,-0.0030080087222799,0.0490713143964749,False,True,phase-mask-dependent geometry,new_shape,image appearance
geometry_l2,known_oof,5n1q8atc,Batch_2,Batch_3,29,-0.4695757032349748,0.9451476173178672,linear_decision_margin,bright_circ,-0.0025559583948262,0.0209021066709994,False,True,phase-mask-dependent,existing_bright,phase-mask-dependent
geometry_l2,known_oof,5n1q8atc,Batch_2,Batch_3,30,-0.4695757032349748,0.9451476173178672,linear_decision_margin,ridge_p97,0.0022959362336563,-0.1139233195556786,False,True,phase-mask-dependent,joint_appearance,phase-mask-dependent
geometry_l2,known_oof,5n1q8atc,Batch_2,Batch_3,31,-0.4695757032349748,0.9451476173178672,linear_decision_margin,bright_frac,-0.0022028889293562,0.0394571221358493,False,True,phase-mask-dependent,existing_bright,phase-mask-dependent
geometry_l2,known_oof,5n1q8atc,Batch_2,Batch_3,32,-0.4695757032349748,0.9451476173178672,linear_decision_margin,bright_d10,-0.0012163855169648,-0.1137666162855905,False,True,phase-mask-dependent,existing_bright,phase-mask-dependent
geometry_l2,known_oof,5n1q8atc,Batch_2,Batch_3,33,-0.4695757032349748,0.9451476173178672,linear_decision_margin,local_bright_std_512px,0.0011676761312932,-0.1444452333025929,False,True,phase-mask-dependent geometry,new_dispersion,image appearance
geometry_l2,known_oof,5n1q8atc,Batch_2,Batch_3,34,-0.4695757032349748,0.9451476173178672,linear_decision_margin,crack_g_0.3,0.0010510740677037,-0.0097258311953086,False,True,phase-mask-dependent,joint_appearance,phase-mask-dependent
geometry_l2,known_oof,5n1q8atc,Batch_2,Batch_3,35,-0.4695757032349748,0.9451476173178672,linear_decision_margin,inlens_speckled_particle_frac,-0.0009546033506871,-0.2498439078727581,False,True,phase-mask-dependent,particle_texture,phase-mask-dependent
geometry_l2,known_oof,5n1q8atc,Batch_2,Batch_3,36,-0.4695757032349748,0.9451476173178672,linear_decision_margin,crack_g_0.1,0.0004162931355779,-0.0519266329500189,False,True,phase-mask-dependent,joint_appearance,phase-mask-dependent
geometry_l2,known_oof,5n1q8atc,Batch_2,Batch_3,37,-0.4695757032349748,0.9451476173178672,linear_decision_margin,bright_pore_crosscorr_xy_contrast_256px,-0.0002081283494125,0.0162958672116344,False,True,phase-mask-dependent geometry,new_crossphase,image appearance
geometry_l2,known_oof,f1vzngrs,Batch_1,Batch_3,1,-0.7547379573222635,2.137041551030229,linear_decision_margin,void_local_width_d90_px,-0.8681496745370963,-2.9724348652979744,True,True,phase-mask-dependent geometry,new_width,image appearance
geometry_l2,known_oof,f1vzngrs,Batch_1,Batch_3,2,-0.7547379573222635,2.137041551030229,linear_decision_margin,pore_count_per_Mpx,0.7863584099460751,3.6263500108704463,True,True,phase-mask-dependent,existing_pore,phase-mask-dependent
geometry_l2,known_oof,f1vzngrs,Batch_1,Batch_3,3,-0.7547379573222635,2.137041551030229,linear_decision_margin,inlens_particle_texture,0.6390543848138797,1.8105711920239025,True,True,phase-mask-dependent,particle_texture,phase-mask-dependent
geometry_l2,known_oof,f1vzngrs,Batch_1,Batch_3,4,-0.7547379573222635,2.137041551030229,linear_decision_margin,inlens_particle_texture_p90,0.5010654483447421,1.7112964828993058,True,True,phase-mask-dependent,particle_texture,phase-mask-dependent
geometry_l2,known_oof,f1vzngrs,Batch_1,Batch_3,5,-0.7547379573222635,2.137041551030229,linear_decision_margin,pore_frac,0.4078025096364205,-1.860504005460828,True,True,phase-mask-dependent,existing_pore,phase-mask-dependent
geometry_l2,known_oof,f1vzngrs,Batch_1,Batch_3,6,-0.7547379573222635,2.137041551030229,linear_decision_margin,inlens_grad_energy,0.3825054309591481,1.361226432470213,True,True,phase-mask-dependent,joint_appearance,phase-mask-dependent
geometry_l2,known_oof,f1vzngrs,Batch_1,Batch_3,7,-0.7547379573222635,2.137041551030229,linear_decision_margin,etd_crack_density_particles,-0.3753144396490414,4.757434741279591,True,True,phase-mask-dependent,joint_appearance,phase-mask-dependent
geometry_l2,known_oof,f1vzngrs,Batch_1,Batch_3,8,-0.7547379573222635,2.137041551030229,linear_decision_margin,crack_count_per_Mpx,-0.3399546713091111,-2.13942165289284,True,True,phase-mask-dependent,existing_pore,phase-mask-dependent
geometry_l2,known_oof,f1vzngrs,Batch_1,Batch_3,9,-0.7547379573222635,2.137041551030229,linear_decision_margin,pore_max_d,0.2664804355228857,-1.2710043079205415,True,True,phase-mask-dependent,existing_pore,phase-mask-dependent
geometry_l2,known_oof,f1vzngrs,Batch_1,Batch_3,10,-0.7547379573222635,2.137041551030229,linear_decision_margin,fft_slope,0.2503641770028777,0.9226615143617451,True,True,image appearance,raw_BSE_anchors,image appearance
geometry_l2,known_oof,f1vzngrs,Batch_1,Batch_3,11,-0.7547379573222635,2.137041551030229,linear_decision_margin,inlens_speckled_particle_frac,0.2172244085611624,2.610905145055678,True,True,phase-mask-dependent,particle_texture,phase-mask-dependent
geometry_l2,known_oof,f1vzngrs,Batch_1,Batch_3,12,-0.7547379573222635,2.137041551030229,linear_decision_margin,crack_g_0.05,0.2133337542533471,1.163316694600628,True,True,phase-mask-dependent,joint_appearance,phase-mask-dependent
geometry_l2,known_oof,f1vzngrs,Batch_1,Batch_3,13,-0.7547379573222635,2.137041551030229,linear_decision_margin,graph_edge_length_iqr_ratio,-0.2120636752268279,0.7929717567841366,True,True,phase-mask-dependent geometry,new_spacing,image appearance
geometry_l2,known_oof,f1vzngrs,Batch_1,Batch_3,14,-0.7547379573222635,2.137041551030229,linear_decision_margin,crack_g_0.2,0.204225833874559,-0.987312659638152,True,True,phase-mask-dependent,joint_appearance,phase-mask-dependent
geometry_l2,known_oof,f1vzngrs,Batch_1,Batch_3,15,-0.7547379573222635,2.137041551030229,linear_decision_margin,bright_pore_crosscorr_xy_contrast_256px,0.2030541717546765,1.0691149863906952,True,True,phase-mask-dependent geometry,new_crossphase,image appearance
geometry_l2,known_oof,f1vzngrs,Batch_1,Batch_3,16,-0.7547379573222635,2.137041551030229,linear_decision_margin,crack_g_0.3,0.1788567466965866,-0.9259453160876132,True,True,phase-mask-dependent,joint_appearance,phase-mask-dependent
geometry_l2,known_oof,f1vzngrs,Batch_1,Batch_3,17,-0.7547379573222635,2.137041551030229,linear_decision_margin,bright_d90,0.155879882170023,-0.7626913076478656,True,True,phase-mask-dependent,existing_bright,phase-mask-dependent
geometry_l2,known_oof,f1vzngrs,Batch_1,Batch_3,18,-0.7547379573222635,2.137041551030229,linear_decision_margin,void_local_width_d50_px,0.1442019079148331,-2.302077223902936,True,True,phase-mask-dependent geometry,new_width,image appearance
geometry_l2,known_oof,f1vzngrs,Batch_1,Batch_3,19,-0.7547379573222635,2.137041551030229,linear_decision_margin,pore_d90,0.1200245025669358,-1.3974146714438351,True,True,phase-mask-dependent,existing_pore,phase-mask-dependent
geometry_l2,known_oof,f1vzngrs,Batch_1,Batch_3,20,-0.7547379573222635,2.137041551030229,linear_decision_margin,etd_crack_density_graphite,0.1163400870161638,-0.7002669659723545,True,True,phase-mask-dependent,joint_appearance,phase-mask-dependent
geometry_l2,known_oof,f1vzngrs,Batch_1,Batch_3,21,-0.7547379573222635,2.137041551030229,linear_decision_margin,bright_frac,-0.1134683402782775,1.4341016251044238,True,True,phase-mask-dependent,existing_bright,phase-mask-dependent
geometry_l2,known_oof,f1vzngrs,Batch_1,Batch_3,22,-0.7547379573222635,2.137041551030229,linear_decision_margin,ridge_p97,0.0981381366221945,-0.6155607285425774,True,True,phase-mask-dependent,joint_appearance,phase-mask-dependent
geometry_l2,known_oof,f1vzngrs,Batch_1,Batch_3,23,-0.7547379573222635,2.137041551030229,linear_decision_margin,bright_solidity,-0.0979803843296325,-0.6231964894639112,True,True,phase-mask-dependent,existing_bright,phase-mask-dependent
geometry_l2,known_oof,f1vzngrs,Batch_1,Batch_3,24,-0.7547379573222635,2.137041551030229,linear_decision_margin,bright_count_per_Mpx,-0.0956865155746671,0.4776605692366122,True,True,phase-mask-dependent,existing_bright,phase-mask-dependent
geometry_l2,known_oof,f1vzngrs,Batch_1,Batch_3,25,-0.7547379573222635,2.137041551030229,linear_decision_margin,bright_d50,0.0802783662979529,0.4242137325760518,True,True,phase-mask-dependent,existing_bright,phase-mask-dependent
geometry_l2,known_oof,f1vzngrs,Batch_1,Batch_3,26,-0.7547379573222635,2.137041551030229,linear_decision_margin,bright_aspect_count_iqr,0.0748668631503111,0.3515845935601915,True,True,phase-mask-dependent geometry,new_shape,image appearance
geometry_l2,known_oof,f1vzngrs,Batch_1,Batch_3,27,-0.7547379573222635,2.137041551030229,linear_decision_margin,pore_d50,-0.0701447830416893,-2.1055773891151137,True,True,phase-mask-dependent,existing_pore,phase-mask-dependent
geometry_l2,known_oof,f1vzngrs,Batch_1,Batch_3,28,-0.7547379573222635,2.137041551030229,linear_decision_margin,corr_len_px,0.0599113627562861,-0.4974958703567105,True,True,image appearance,raw_BSE_anchors,image appearance
geometry_l2,known_oof,f1vzngrs,Batch_1,Batch_3,29,-0.7547379573222635,2.137041551030229,linear_decision_margin,pore_elong,-0.0402297183541083,0.259577389190009,True,True,phase-mask-dependent,existing_pore,phase-mask-dependent
geometry_l2,known_oof,f1vzngrs,Batch_1,Batch_3,30,-0.7547379573222635,2.137041551030229,linear_decision_margin,crack_frac,0.0302432860038387,-1.542538573990968,True,True,phase-mask-dependent,existing_pore,phase-mask-dependent
geometry_l2,known_oof,f1vzngrs,Batch_1,Batch_3,31,-0.7547379573222635,2.137041551030229,linear_decision_margin,local_bright_std_512px,-0.0197955219132539,0.173501982177843,True,True,phase-mask-dependent geometry,new_dispersion,image appearance
geometry_l2,known_oof,f1vzngrs,Batch_1,Batch_3,32,-0.7547379573222635,2.137041551030229,linear_decision_margin,bright_circularity_count_iqr,-0.0066583764112793,0.1095628260716934,True,True,phase-mask-dependent geometry,new_shape,image appearance
geometry_l2,known_oof,f1vzngrs,Batch_1,Batch_3,33,-0.7547379573222635,2.137041551030229,linear_decision_margin,bright_solidity_count_q10,0.0041638755885927,-1.0877948299773514,True,True,phase-mask-dependent geometry,new_shape,image appearance
geometry_l2,known_oof,f1vzngrs,Batch_1,Batch_3,34,-0.7547379573222635,2.137041551030229,linear_decision_margin,bright_d10,-0.003798625658515,0.2492631164345397,True,True,phase-mask-dependent,existing_bright,phase-mask-dependent
geometry_l2,known_oof,f1vzngrs,Batch_1,Batch_3,35,-0.7547379573222635,2.137041551030229,linear_decision_margin,bright_max_d,0.0027193091360008,-0.0776354619185707,True,True,phase-mask-dependent,existing_bright,phase-mask-dependent
geometry_l2,known_oof,f1vzngrs,Batch_1,Batch_3,36,-0.7547379573222635,2.137041551030229,linear_decision_margin,crack_g_0.1,-0.0021911908695124,0.0296012955465246,True,True,phase-mask-dependent,joint_appearance,phase-mask-dependent
geometry_l2,known_oof,f1vzngrs,Batch_1,Batch_3,37,-0.7547379573222635,2.137041551030229,linear_decision_margin,bright_circ,0.000122134916011,0.4305697654454316,True,True,phase-mask-dependent,existing_bright,phase-mask-dependent
geometry_l2,known_oof,xgj4xftb,Batch_3,Batch_2,1,0.3918216538346428,1.617554837407252,linear_decision_margin,graph_edge_length_iqr_ratio,-0.553423658808881,-1.2931373806744413,True,True,phase-mask-dependent geometry,new_spacing,image appearance
geometry_l2,known_oof,xgj4xftb,Batch_3,Batch_2,2,0.3918216538346428,1.617554837407252,linear_decision_margin,inlens_particle_texture,0.4448231504990882,-1.283732603044502,True,True,phase-mask-dependent,particle_texture,phase-mask-dependent
geometry_l2,known_oof,xgj4xftb,Batch_3,Batch_2,3,0.3918216538346428,1.617554837407252,linear_decision_margin,crack_g_0.2,0.4116041223118771,3.8057003713401314,True,True,phase-mask-dependent,joint_appearance,phase-mask-dependent
geometry_l2,known_oof,xgj4xftb,Batch_3,Batch_2,4,0.3918216538346428,1.617554837407252,linear_decision_margin,crack_g_0.3,0.3357740856340678,3.72135761409666,True,True,phase-mask-dependent,joint_appearance,phase-mask-dependent
geometry_l2,known_oof,xgj4xftb,Batch_3,Batch_2,5,0.3918216538346428,1.617554837407252,linear_decision_margin,inlens_particle_texture_p90,0.2590514789569679,-1.296526442373212,True,True,phase-mask-dependent,particle_texture,phase-mask-dependent
geometry_l2,known_oof,xgj4xftb,Batch_3,Batch_2,6,0.3918216538346428,1.617554837407252,linear_decision_margin,corr_len_px,-0.2586869306253224,-1.1199102634290738,True,True,image appearance,raw_BSE_anchors,image appearance
geometry_l2,known_oof,xgj4xftb,Batch_3,Batch_2,7,0.3918216538346428,1.617554837407252,linear_decision_margin,inlens_grad_energy,0.2420189300633752,-1.7689309569774303,True,True,phase-mask-dependent,joint_appearance,phase-mask-dependent
geometry_l2,known_oof,xgj4xftb,Batch_3,Batch_2,8,0.3918216538346428,1.617554837407252,linear_decision_margin,bright_d50,-0.1647957003193441,1.7184327844025382,True,True,phase-mask-dependent,existing_bright,phase-mask-dependent
geometry_l2,known_oof,xgj4xftb,Batch_3,Batch_2,9,0.3918216538346428,1.617554837407252,linear_decision_margin,void_local_width_d50_px,0.1636721709213389,-1.195971517325744,True,True,phase-mask-dependent geometry,new_width,image appearance
geometry_l2,known_oof,xgj4xftb,Batch_3,Batch_2,10,0.3918216538346428,1.617554837407252,linear_decision_margin,bright_d90,0.1442661811144493,2.3362714054651232,True,True,phase-mask-dependent,existing_bright,phase-mask-dependent
geometry_l2,known_oof,xgj4xftb,Batch_3,Batch_2,11,0.3918216538346428,1.617554837407252,linear_decision_margin,pore_frac,-0.1392307964477126,-0.3579666325427512,True,True,phase-mask-dependent,existing_pore,phase-mask-dependent
geometry_l2,known_oof,xgj4xftb,Batch_3,Batch_2,12,0.3918216538346428,1.617554837407252,linear_decision_margin,pore_count_per_Mpx,0.1283595797572502,0.3303152221587969,True,True,phase-mask-dependent,existing_pore,phase-mask-dependent
geometry_l2,known_oof,xgj4xftb,Batch_3,Batch_2,13,0.3918216538346428,1.617554837407252,linear_decision_margin,etd_crack_density_graphite,0.1275593337162262,3.4383245707726946,True,True,phase-mask-dependent,joint_appearance,phase-mask-dependent
geometry_l2,known_oof,xgj4xftb,Batch_3,Batch_2,14,0.3918216538346428,1.617554837407252,linear_decision_margin,pore_d50,-0.1267729400334716,-0.6963099825795313,True,True,phase-mask-dependent,existing_pore,phase-mask-dependent
geometry_l2,known_oof,xgj4xftb,Batch_3,Batch_2,15,0.3918216538346428,1.617554837407252,linear_decision_margin,bright_count_per_Mpx,-0.1210777974203426,-1.5503552506692713,True,True,phase-mask-dependent,existing_bright,phase-mask-dependent
geometry_l2,known_oof,xgj4xftb,Batch_3,Batch_2,16,0.3918216538346428,1.617554837407252,linear_decision_margin,bright_circularity_count_iqr,0.1197707572462035,-1.0037570290927682,True,True,phase-mask-dependent geometry,new_shape,image appearance
geometry_l2,known_oof,xgj4xftb,Batch_3,Batch_2,17,0.3918216538346428,1.617554837407252,linear_decision_margin,pore_max_d,0.1115304441031487,0.5062597683454804,True,True,phase-mask-dependent,existing_pore,phase-mask-dependent
geometry_l2,known_oof,xgj4xftb,Batch_3,Batch_2,18,0.3918216538346428,1.617554837407252,linear_decision_margin,pore_elong,0.1098758461380821,1.3041124919454068,True,True,phase-mask-dependent,existing_pore,phase-mask-dependent
geometry_l2,known_oof,xgj4xftb,Batch_3,Batch_2,19,0.3918216538346428,1.617554837407252,linear_decision_margin,bright_solidity_count_q10,0.1083486528702459,1.798866715786257,True,True,phase-mask-dependent geometry,new_shape,image appearance
geometry_l2,known_oof,xgj4xftb,Batch_3,Batch_2,20,0.3918216538346428,1.617554837407252,linear_decision_margin,crack_count_per_Mpx,-0.0817963935358356,-0.8393137151530338,True,True,phase-mask-dependent,existing_pore,phase-mask-dependent
geometry_l2,known_oof,xgj4xftb,Batch_3,Batch_2,21,0.3918216538346428,1.617554837407252,linear_decision_margin,bright_solidity,0.0476275991403966,1.0074173960411623,True,True,phase-mask-dependent,existing_bright,phase-mask-dependent
geometry_l2,known_oof,xgj4xftb,Batch_3,Batch_2,22,0.3918216538346428,1.617554837407252,linear_decision_margin,crack_g_0.1,-0.0474269208852918,3.1156067804615346,True,True,phase-mask-dependent,joint_appearance,phase-mask-dependent
geometry_l2,known_oof,xgj4xftb,Batch_3,Batch_2,23,0.3918216538346428,1.617554837407252,linear_decision_margin,crack_g_0.05,-0.0464869678931298,1.151604060095767,True,True,phase-mask-dependent,joint_appearance,phase-mask-dependent
geometry_l2,known_oof,xgj4xftb,Batch_3,Batch_2,24,0.3918216538346428,1.617554837407252,linear_decision_margin,void_local_width_d90_px,-0.045522911320834,-0.960142762800093,True,True,phase-mask-dependent geometry,new_width,image appearance
geometry_l2,known_oof,xgj4xftb,Batch_3,Batch_2,25,0.3918216538346428,1.617554837407252,linear_decision_margin,bright_max_d,0.0435469282934075,1.523133784671111,True,True,phase-mask-dependent,existing_bright,phase-mask-dependent
geometry_l2,known_oof,xgj4xftb,Batch_3,Batch_2,26,0.3918216538346428,1.617554837407252,linear_decision_margin,bright_frac,-0.0428678475826457,-0.5503612345778451,True,True,phase-mask-dependent,existing_bright,phase-mask-dependent
geometry_l2,known_oof,xgj4xftb,Batch_3,Batch_2,27,0.3918216538346428,1.617554837407252,linear_decision_margin,crack_frac,-0.042158851737506,-0.2204922603294715,True,True,phase-mask-dependent,existing_pore,phase-mask-dependent
geometry_l2,known_oof,xgj4xftb,Batch_3,Batch_2,28,0.3918216538346428,1.617554837407252,linear_decision_margin,etd_crack_density_particles,0.0339343232960164,0.5011950231207658,True,True,phase-mask-dependent,joint_appearance,phase-mask-dependent
geometry_l2,known_oof,xgj4xftb,Batch_3,Batch_2,29,0.3918216538346428,1.617554837407252,linear_decision_margin,bright_aspect_count_iqr,0.0327150793515322,-0.7694910526478718,True,True,phase-mask-dependent geometry,new_shape,image appearance
geometry_l2,known_oof,xgj4xftb,Batch_3,Batch_2,30,0.3918216538346428,1.617554837407252,linear_decision_margin,bright_circ,0.0216240766957875,0.1976209602125374,True,True,phase-mask-dependent,existing_bright,phase-mask-dependent
geometry_l2,known_oof,xgj4xftb,Batch_3,Batch_2,31,0.3918216538346428,1.617554837407252,linear_decision_margin,inlens_speckled_particle_frac,0.0138711338071427,-0.9043583903715952,True,True,phase-mask-dependent,particle_texture,phase-mask-dependent
geometry_l2,known_oof,xgj4xftb,Batch_3,Batch_2,32,0.3918216538346428,1.617554837407252,linear_decision_margin,fft_slope,-0.0134675139744916,0.361805165979323,True,True,image appearance,raw_BSE_anchors,image appearance
geometry_l2,known_oof,xgj4xftb,Batch_3,Batch_2,33,0.3918216538346428,1.617554837407252,linear_decision_margin,ridge_p97,0.0100753107935064,2.5894429435210657,True,True,phase-mask-dependent,joint_appearance,phase-mask-dependent
geometry_l2,known_oof,xgj4xftb,Batch_3,Batch_2,34,0.3918216538346428,1.617554837407252,linear_decision_margin,local_bright_std_512px,0.0073987393826978,0.8883192524864884,True,True,phase-mask-dependent geometry,new_dispersion,image appearance
geometry_l2,known_oof,xgj4xftb,Batch_3,Batch_2,35,0.3918216538346428,1.617554837407252,linear_decision_margin,bright_d10,-0.0056224275390956,0.8487851923047928,True,True,phase-mask-dependent,existing_bright,phase-mask-dependent
geometry_l2,known_oof,xgj4xftb,Batch_3,Batch_2,36,0.3918216538346428,1.617554837407252,linear_decision_margin,pore_d90,-0.0035119964590407,-0.0261536990819301,True,True,phase-mask-dependent,existing_pore,phase-mask-dependent
geometry_l2,known_oof,xgj4xftb,Batch_3,Batch_2,37,0.3918216538346428,1.617554837407252,linear_decision_margin,bright_pore_crosscorr_xy_contrast_256px,0.0011349140627456,0.061032678646148,True,True,phase-mask-dependent geometry,new_crossphase,image appearance
geometry_l2,known_oof,71vgq3fw,Batch_3,Batch_2,1,0.4100321335670328,0.0906469231605426,linear_decision_margin,graph_edge_length_iqr_ratio,-0.4252771401102097,-0.9682819984804372,True,True,phase-mask-dependent geometry,new_spacing,image appearance
geometry_l2,known_oof,71vgq3fw,Batch_3,Batch_2,2,0.4100321335670328,0.0906469231605426,linear_decision_margin,inlens_particle_texture,0.2844053318675636,-0.8856017599696512,True,True,phase-mask-dependent,particle_texture,phase-mask-dependent
geometry_l2,known_oof,71vgq3fw,Batch_3,Batch_2,3,0.4100321335670328,0.0906469231605426,linear_decision_margin,inlens_particle_texture_p90,0.1782516386137764,-1.010999790696539,True,True,phase-mask-dependent,particle_texture,phase-mask-dependent
geometry_l2,known_oof,71vgq3fw,Batch_3,Batch_2,4,0.4100321335670328,0.0906469231605426,linear_decision_margin,bright_circ,-0.1241110277905598,-0.8873603303940306,True,True,phase-mask-dependent,existing_bright,phase-mask-dependent
geometry_l2,known_oof,71vgq3fw,Batch_3,Batch_2,5,0.4100321335670328,0.0906469231605426,linear_decision_margin,corr_len_px,0.0801621652703263,0.4091771842482655,True,True,image appearance,raw_BSE_anchors,image appearance
geometry_l2,known_oof,71vgq3fw,Batch_3,Batch_2,6,0.4100321335670328,0.0906469231605426,linear_decision_margin,bright_solidity,-0.0690674041377439,-0.86911495209789,True,True,phase-mask-dependent,existing_bright,phase-mask-dependent
geometry_l2,known_oof,71vgq3fw,Batch_3,Batch_2,7,0.4100321335670328,0.0906469231605426,linear_decision_margin,bright_circularity_count_iqr,-0.0675986337473699,0.4546859123091805,True,True,phase-mask-dependent geometry,new_shape,image appearance
geometry_l2,known_oof,71vgq3fw,Batch_3,Batch_2,8,0.4100321335670328,0.0906469231605426,linear_decision_margin,pore_max_d,-0.0663379635319636,-0.2799564204512079,False,True,phase-mask-dependent,existing_pore,phase-mask-dependent
geometry_l2,known_oof,71vgq3fw,Batch_3,Batch_2,9,0.4100321335670328,0.0906469231605426,linear_decision_margin,pore_count_per_Mpx,0.0351511706010419,0.0886724008430872,False,True,phase-mask-dependent,existing_pore,phase-mask-dependent
geometry_l2,known_oof,71vgq3fw,Batch_3,Batch_2,10,0.4100321335670328,0.0906469231605426,linear_decision_margin,pore_d90,-0.0312260996584806,-0.216243265525775,False,True,phase-mask-dependent,existing_pore,phase-mask-dependent
geometry_l2,known_oof,71vgq3fw,Batch_3,Batch_2,11,0.4100321335670328,0.0906469231605426,linear_decision_margin,bright_frac,0.0294238514347308,0.4980122872784104,True,True,phase-mask-dependent,existing_bright,phase-mask-dependent
geometry_l2,known_oof,71vgq3fw,Batch_3,Batch_2,12,0.4100321335670328,0.0906469231605426,linear_decision_margin,crack_frac,-0.0294130822119409,-0.1501089831762255,False,True,phase-mask-dependent,existing_pore,phase-mask-dependent
geometry_l2,known_oof,71vgq3fw,Batch_3,Batch_2,13,0.4100321335670328,0.0906469231605426,linear_decision_margin,etd_crack_density_particles,-0.0275196390253594,-0.3060165388091883,False,True,phase-mask-dependent,joint_appearance,phase-mask-dependent
geometry_l2,known_oof,71vgq3fw,Batch_3,Batch_2,14,0.4100321335670328,0.0906469231605426,linear_decision_margin,bright_d10,-0.0249851662074,0.7617238937920625,True,True,phase-mask-dependent,existing_bright,phase-mask-dependent
geometry_l2,known_oof,71vgq3fw,Batch_3,Batch_2,15,0.4100321335670328,0.0906469231605426,linear_decision_margin,bright_solidity_count_q10,-0.0233349079613501,-0.3022255537499658,True,True,phase-mask-dependent geometry,new_shape,image appearance
geometry_l2,known_oof,71vgq3fw,Batch_3,Batch_2,16,0.4100321335670328,0.0906469231605426,linear_decision_margin,pore_d50,-0.0202192168449692,-0.1130462903200624,False,True,phase-mask-dependent,existing_pore,phase-mask-dependent
geometry_l2,known_oof,71vgq3fw,Batch_3,Batch_2,17,0.4100321335670328,0.0906469231605426,linear_decision_margin,bright_count_per_Mpx,-0.0193211724232738,-0.240492634399829,True,True,phase-mask-dependent,existing_bright,phase-mask-dependent
geometry_l2,known_oof,71vgq3fw,Batch_3,Batch_2,18,0.4100321335670328,0.0906469231605426,linear_decision_margin,bright_aspect_count_iqr,0.0174688359665105,-0.593023789494318,True,True,phase-mask-dependent geometry,new_shape,image appearance
geometry_l2,known_oof,71vgq3fw,Batch_3,Batch_2,19,0.4100321335670328,0.0906469231605426,linear_decision_margin,inlens_grad_energy,-0.0172788380020961,0.1077280600496951,False,True,phase-mask-dependent,joint_appearance,phase-mask-dependent
geometry_l2,known_oof,71vgq3fw,Batch_3,Batch_2,20,0.4100321335670328,0.0906469231605426,linear_decision_margin,bright_d90,0.016756121267602,0.2608650703114361,True,True,phase-mask-dependent,existing_bright,phase-mask-dependent
geometry_l2,known_oof,71vgq3fw,Batch_3,Batch_2,21,0.4100321335670328,0.0906469231605426,linear_decision_margin,fft_slope,0.0118037044248113,-1.1228794290047397,True,True,image appearance,raw_BSE_anchors,image appearance
geometry_l2,known_oof,71vgq3fw,Batch_3,Batch_2,22,0.4100321335670328,0.0906469231605426,linear_decision_margin,crack_g_0.05,-0.0117485089285033,0.2053616411047269,False,True,phase-mask-dependent,joint_appearance,phase-mask-dependent
geometry_l2,known_oof,71vgq3fw,Batch_3,Batch_2,23,0.4100321335670328,0.0906469231605426,linear_decision_margin,etd_crack_density_graphite,-0.0085488210479118,-0.1314329850411595,False,True,phase-mask-dependent,joint_appearance,phase-mask-dependent
geometry_l2,known_oof,71vgq3fw,Batch_3,Batch_2,24,0.4100321335670328,0.0906469231605426,linear_decision_margin,crack_g_0.2,-0.006722606374919,-0.0531894290609363,False,True,phase-mask-dependent,joint_appearance,phase-mask-dependent
geometry_l2,known_oof,71vgq3fw,Batch_3,Batch_2,25,0.4100321335670328,0.0906469231605426,linear_decision_margin,bright_max_d,0.0056343957065635,0.1700890895976166,True,True,phase-mask-dependent,existing_bright,phase-mask-dependent
geometry_l2,known_oof,71vgq3fw,Batch_3,Batch_2,26,0.4100321335670328,0.0906469231605426,linear_decision_margin,local_bright_std_512px,-0.0055250650571983,0.6670971476248275,True,True,phase-mask-dependent geometry,new_dispersion,image appearance
geometry_l2,known_oof,71vgq3fw,Batch_3,Batch_2,27,0.4100321335670328,0.0906469231605426,linear_decision_margin,bright_d50,0.0045957942368195,-0.0827279759732603,True,True,phase-mask-dependent,existing_bright,phase-mask-dependent
geometry_l2,known_oof,71vgq3fw,Batch_3,Batch_2,28,0.4100321335670328,0.0906469231605426,linear_decision_margin,void_local_width_d90_px,-0.0044931168766972,-0.1113106010951124,False,True,phase-mask-dependent geometry,new_width,image appearance
geometry_l2,known_oof,71vgq3fw,Batch_3,Batch_2,29,0.4100321335670328,0.0906469231605426,linear_decision_margin,pore_elong,0.0037033788969291,0.0371199145853475,False,True,phase-mask-dependent,existing_pore,phase-mask-dependent
geometry_l2,known_oof,71vgq3fw,Batch_3,Batch_2,30,0.4100321335670328,0.0906469231605426,linear_decision_margin,void_local_width_d50_px,0.0031718926322901,-0.0224953400776534,False,True,phase-mask-dependent geometry,new_width,image appearance
geometry_l2,known_oof,71vgq3fw,Batch_3,Batch_2,31,0.4100321335670328,0.0906469231605426,linear_decision_margin,ridge_p97,-0.0026068353962725,-0.1139233195556786,False,True,phase-mask-dependent,joint_appearance,phase-mask-dependent
geometry_l2,known_oof,71vgq3fw,Batch_3,Batch_2,32,0.4100321335670328,0.0906469231605426,linear_decision_margin,crack_count_per_Mpx,-0.0022873521676739,-0.0242377957307777,False,True,phase-mask-dependent,existing_pore,phase-mask-dependent
geometry_l2,known_oof,71vgq3fw,Batch_3,Batch_2,33,0.4100321335670328,0.0906469231605426,linear_decision_margin,crack_g_0.1,-0.0011802148906666,-0.0519266329500189,False,True,phase-mask-dependent,joint_appearance,phase-mask-dependent
geometry_l2,known_oof,71vgq3fw,Batch_3,Batch_2,34,0.4100321335670328,0.0906469231605426,linear_decision_margin,crack_g_0.3,-0.0011554810758445,-0.0097258311953086,False,True,phase-mask-dependent,joint_appearance,phase-mask-dependent
geometry_l2,known_oof,71vgq3fw,Batch_3,Batch_2,35,0.4100321335670328,0.0906469231605426,linear_decision_margin,pore_frac,-0.0006137665349877,-0.0015971949442644,False,True,phase-mask-dependent,existing_pore,phase-mask-dependent
geometry_l2,known_oof,71vgq3fw,Batch_3,Batch_2,36,0.4100321335670328,0.0906469231605426,linear_decision_margin,inlens_speckled_particle_frac,0.0003600177079086,-0.9043583903715952,True,True,phase-mask-dependent,particle_texture,phase-mask-dependent
geometry_l2,known_oof,71vgq3fw,Batch_3,Batch_2,37,0.4100321335670328,0.0906469231605426,linear_decision_margin,bright_pore_crosscorr_xy_contrast_256px,0.0002985509700287,0.0162958672116344,False,True,phase-mask-dependent geometry,new_crossphase,image appearance
geometry_l2,known_oof,0grcilhi,Batch_1,Batch_3,1,-0.6682823368070796,0.6439720446887869,linear_decision_margin,crack_g_0.3,0.6344824975488159,-2.448962268364158,True,True,phase-mask-dependent,joint_appearance,phase-mask-dependent
geometry_l2,known_oof,0grcilhi,Batch_1,Batch_3,2,-0.6682823368070796,0.6439720446887869,linear_decision_margin,etd_crack_density_graphite,0.6001897780948156,-2.6193218633847875,True,True,phase-mask-dependent,joint_appearance,phase-mask-dependent
geometry_l2,known_oof,0grcilhi,Batch_1,Batch_3,3,-0.6682823368070796,0.6439720446887869,linear_decision_margin,crack_g_0.2,0.5893303524303066,-2.212080402368468,True,True,phase-mask-dependent,joint_appearance,phase-mask-dependent
geometry_l2,known_oof,0grcilhi,Batch_1,Batch_3,4,-0.6682823368070796,0.6439720446887869,linear_decision_margin,fft_slope,0.5681354920233266,1.5815043521091852,True,True,image appearance,raw_BSE_anchors,image appearance
geometry_l2,known_oof,0grcilhi,Batch_1,Batch_3,5,-0.6682823368070796,0.6439720446887869,linear_decision_margin,inlens_particle_texture_p90,-0.5103223296050367,-1.8480586567835269,True,True,phase-mask-dependent,particle_texture,phase-mask-dependent
geometry_l2,known_oof,0grcilhi,Batch_1,Batch_3,6,-0.6682823368070796,0.6439720446887869,linear_decision_margin,ridge_p97,0.4945563140013548,-2.3653778856670504,True,True,phase-mask-dependent,joint_appearance,phase-mask-dependent
geometry_l2,known_oof,0grcilhi,Batch_1,Batch_3,7,-0.6682823368070796,0.6439720446887869,linear_decision_margin,inlens_particle_texture,-0.483210011180511,-1.4925343584485478,True,True,phase-mask-dependent,particle_texture,phase-mask-dependent
geometry_l2,known_oof,0grcilhi,Batch_1,Batch_3,8,-0.6682823368070796,0.6439720446887869,linear_decision_margin,pore_frac,-0.4529391593176483,2.309808755705094,True,True,phase-mask-dependent,existing_pore,phase-mask-dependent
geometry_l2,known_oof,0grcilhi,Batch_1,Batch_3,9,-0.6682823368070796,0.6439720446887869,linear_decision_margin,void_local_width_d90_px,0.4412605912612415,1.9191547140126448,True,True,phase-mask-dependent geometry,new_width,image appearance
geometry_l2,known_oof,0grcilhi,Batch_1,Batch_3,10,-0.6682823368070796,0.6439720446887869,linear_decision_margin,crack_g_0.05,-0.3604754149210054,-2.1494790386820277,True,True,phase-mask-dependent,joint_appearance,phase-mask-dependent
geometry_l2,known_oof,0grcilhi,Batch_1,Batch_3,11,-0.6682823368070796,0.6439720446887869,linear_decision_margin,pore_max_d,-0.3337938252169359,1.8783725392065376,True,True,phase-mask-dependent,existing_pore,phase-mask-dependent
geometry_l2,known_oof,0grcilhi,Batch_1,Batch_3,12,-0.6682823368070796,0.6439720446887869,linear_decision_margin,bright_count_per_Mpx,0.2906849346463097,-1.2419156727615503,True,True,phase-mask-dependent,existing_bright,phase-mask-dependent
geometry_l2,known_oof,0grcilhi,Batch_1,Batch_3,13,-0.6682823368070796,0.6439720446887869,linear_decision_margin,inlens_grad_energy,-0.2841037573090748,-1.2412154992285744,True,True,phase-mask-dependent,joint_appearance,phase-mask-dependent
geometry_l2,known_oof,0grcilhi,Batch_1,Batch_3,14,-0.6682823368070796,0.6439720446887869,linear_decision_margin,crack_g_0.1,0.2468268563273808,-2.366866449062235,True,True,phase-mask-dependent,joint_appearance,phase-mask-dependent
geometry_l2,known_oof,0grcilhi,Batch_1,Batch_3,15,-0.6682823368070796,0.6439720446887869,linear_decision_margin,crack_count_per_Mpx,0.2369241708313514,1.7712099144678646,True,True,phase-mask-dependent,existing_pore,phase-mask-dependent
geometry_l2,known_oof,0grcilhi,Batch_1,Batch_3,16,-0.6682823368070796,0.6439720446887869,linear_decision_margin,bright_pore_crosscorr_xy_contrast_256px,-0.2232747155449214,-1.4169713854699668,True,True,phase-mask-dependent geometry,new_crossphase,image appearance
geometry_l2,known_oof,0grcilhi,Batch_1,Batch_3,17,-0.6682823368070796,0.6439720446887869,linear_decision_margin,pore_count_per_Mpx,-0.2084579959250902,-0.9684986330312442,True,True,phase-mask-dependent,existing_pore,phase-mask-dependent
geometry_l2,known_oof,0grcilhi,Batch_1,Batch_3,18,-0.6682823368070796,0.6439720446887869,linear_decision_margin,pore_d50,0.1930702649379268,3.3518117908037515,True,True,phase-mask-dependent,existing_pore,phase-mask-dependent
geometry_l2,known_oof,0grcilhi,Batch_1,Batch_3,19,-0.6682823368070796,0.6439720446887869,linear_decision_margin,graph_edge_length_iqr_ratio,0.1346180653428197,-0.5665686468207501,True,True,phase-mask-dependent geometry,new_spacing,image appearance
geometry_l2,known_oof,0grcilhi,Batch_1,Batch_3,20,-0.6682823368070796,0.6439720446887869,linear_decision_margin,crack_frac,0.122312467562466,3.3428781373331216,True,True,phase-mask-dependent,existing_pore,phase-mask-dependent
geometry_l2,known_oof,0grcilhi,Batch_1,Batch_3,21,-0.6682823368070796,0.6439720446887869,linear_decision_margin,bright_aspect_count_iqr,-0.1136388733905082,-0.5816804543371982,True,True,phase-mask-dependent geometry,new_shape,image appearance
geometry_l2,known_oof,0grcilhi,Batch_1,Batch_3,22,-0.6682823368070796,0.6439720446887869,linear_decision_margin,inlens_speckled_particle_frac,-0.1023366812025326,-0.9043583903715952,True,True,phase-mask-dependent,particle_texture,phase-mask-dependent
geometry_l2,known_oof,0grcilhi,Batch_1,Batch_3,23,-0.6682823368070796,0.6439720446887869,linear_decision_margin,pore_d90,-0.098753606450591,2.450704929390675,True,True,phase-mask-dependent,existing_pore,phase-mask-dependent
geometry_l2,known_oof,0grcilhi,Batch_1,Batch_3,24,-0.6682823368070796,0.6439720446887869,linear_decision_margin,pore_elong,-0.0977494911210127,1.4716953568474254,True,True,phase-mask-dependent,existing_pore,phase-mask-dependent
geometry_l2,known_oof,0grcilhi,Batch_1,Batch_3,25,-0.6682823368070796,0.6439720446887869,linear_decision_margin,bright_d10,0.0960429207970827,1.605752658635084,True,True,phase-mask-dependent,existing_bright,phase-mask-dependent
geometry_l2,known_oof,0grcilhi,Batch_1,Batch_3,26,-0.6682823368070796,0.6439720446887869,linear_decision_margin,void_local_width_d50_px,-0.0927910723712956,1.2932032328466991,True,True,phase-mask-dependent geometry,new_width,image appearance
geometry_l2,known_oof,0grcilhi,Batch_1,Batch_3,27,-0.6682823368070796,0.6439720446887869,linear_decision_margin,bright_solidity,-0.0861304416353378,-0.703481527011616,True,True,phase-mask-dependent,existing_bright,phase-mask-dependent
geometry_l2,known_oof,0grcilhi,Batch_1,Batch_3,28,-0.6682823368070796,0.6439720446887869,linear_decision_margin,bright_frac,0.0845137919782761,-1.0808574047334536,True,True,phase-mask-dependent,existing_bright,phase-mask-dependent
geometry_l2,known_oof,0grcilhi,Batch_1,Batch_3,29,-0.6682823368070796,0.6439720446887869,linear_decision_margin,corr_len_px,0.0702126019036503,-0.4974958703567105,True,True,image appearance,raw_BSE_anchors,image appearance
geometry_l2,known_oof,0grcilhi,Batch_1,Batch_3,30,-0.6682823368070796,0.6439720446887869,linear_decision_margin,bright_d50,-0.0625237653612659,-0.3368422971537503,True,True,phase-mask-dependent,existing_bright,phase-mask-dependent
geometry_l2,known_oof,0grcilhi,Batch_1,Batch_3,31,-0.6682823368070796,0.6439720446887869,linear_decision_margin,bright_circularity_count_iqr,0.0468631432163323,-0.6707632696078017,True,True,phase-mask-dependent geometry,new_shape,image appearance
geometry_l2,known_oof,0grcilhi,Batch_1,Batch_3,32,-0.6682823368070796,0.6439720446887869,linear_decision_margin,local_bright_std_512px,-0.0383877327485222,0.4456337192059524,True,True,phase-mask-dependent geometry,new_dispersion,image appearance
geometry_l2,known_oof,0grcilhi,Batch_1,Batch_3,33,-0.6682823368070796,0.6439720446887869,linear_decision_margin,etd_crack_density_particles,-0.0247060994423358,-0.7368432474013702,True,True,phase-mask-dependent,joint_appearance,phase-mask-dependent
geometry_l2,known_oof,0grcilhi,Batch_1,Batch_3,34,-0.6682823368070796,0.6439720446887869,linear_decision_margin,bright_circ,0.0152479120538405,-1.9576486624716956,True,True,phase-mask-dependent,existing_bright,phase-mask-dependent
geometry_l2,known_oof,0grcilhi,Batch_1,Batch_3,35,-0.6682823368070796,0.6439720446887869,linear_decision_margin,bright_d90,0.01205153387026,-0.0547734619761684,True,True,phase-mask-dependent,existing_bright,phase-mask-dependent
geometry_l2,known_oof,0grcilhi,Batch_1,Batch_3,36,-0.6682823368070796,0.6439720446887869,linear_decision_margin,bright_max_d,0.0088804205133783,-0.2441446557184199,True,True,phase-mask-dependent,existing_bright,phase-mask-dependent
geometry_l2,known_oof,0grcilhi,Batch_1,Batch_3,37,-0.6682823368070796,0.6439720446887869,linear_decision_margin,bright_solidity_count_q10,-0.0003547551014435,0.2819116697170517,True,True,phase-mask-dependent geometry,new_shape,image appearance
geometry_l2,known_oof,i9jiqjwl,Batch_1,Batch_3,1,-0.7718200156121249,2.1006568575524547,linear_decision_margin,inlens_particle_texture,0.8683780393992667,2.38097731896702,True,True,phase-mask-dependent,particle_texture,phase-mask-dependent
geometry_l2,known_oof,i9jiqjwl,Batch_1,Batch_3,2,-0.7718200156121249,2.1006568575524547,linear_decision_margin,inlens_grad_energy,0.6749194524473888,2.4134618647614468,True,True,phase-mask-dependent,joint_appearance,phase-mask-dependent
geometry_l2,known_oof,i9jiqjwl,Batch_1,Batch_3,3,-0.7718200156121249,2.1006568575524547,linear_decision_margin,inlens_particle_texture_p90,0.6698354524359207,2.1494055960918295,True,True,phase-mask-dependent,particle_texture,phase-mask-dependent
geometry_l2,known_oof,i9jiqjwl,Batch_1,Batch_3,4,-0.7718200156121249,2.1006568575524547,linear_decision_margin,inlens_speckled_particle_frac,0.540440881621037,3.659263847337907,True,True,phase-mask-dependent,particle_texture,phase-mask-dependent
geometry_l2,known_oof,i9jiqjwl,Batch_1,Batch_3,5,-0.7718200156121249,2.1006568575524547,linear_decision_margin,graph_edge_length_iqr_ratio,-0.5118656755442802,2.230931272171255,True,True,phase-mask-dependent geometry,new_spacing,image appearance
geometry_l2,known_oof,i9jiqjwl,Batch_1,Batch_3,6,-0.7718200156121249,2.1006568575524547,linear_decision_margin,pore_elong,0.3739999161871442,-2.372340408853532,True,True,phase-mask-dependent,existing_pore,phase-mask-dependent
geometry_l2,known_oof,i9jiqjwl,Batch_1,Batch_3,7,-0.7718200156121249,2.1006568575524547,linear_decision_margin,bright_pore_crosscorr_xy_contrast_256px,-0.359612277503849,-2.468709521393184,True,True,phase-mask-dependent geometry,new_crossphase,image appearance
geometry_l2,known_oof,i9jiqjwl,Batch_1,Batch_3,8,-0.7718200156121249,2.1006568575524547,linear_decision_margin,void_local_width_d90_px,-0.2923322966762265,-1.27223009015632,True,True,phase-mask-dependent geometry,new_width,image appearance
geometry_l2,known_oof,i9jiqjwl,Batch_1,Batch_3,9,-0.7718200156121249,2.1006568575524547,linear_decision_margin,bright_count_per_Mpx,-0.2705056620736504,1.3092801485290897,True,True,phase-mask-dependent,existing_bright,phase-mask-dependent
geometry_l2,known_oof,i9jiqjwl,Batch_1,Batch_3,10,-0.7718200156121249,2.1006568575524547,linear_decision_margin,crack_count_per_Mpx,-0.2674394406506499,-2.157537787593127,True,True,phase-mask-dependent,existing_pore,phase-mask-dependent
geometry_l2,known_oof,i9jiqjwl,Batch_1,Batch_3,11,-0.7718200156121249,2.1006568575524547,linear_decision_margin,fft_slope,0.2655896010718938,0.9017228096332366,True,True,image appearance,raw_BSE_anchors,image appearance
geometry_l2,known_oof,i9jiqjwl,Batch_1,Batch_3,12,-0.7718200156121249,2.1006568575524547,linear_decision_margin,bright_aspect_count_iqr,0.2629572743075302,1.2804675360485755,True,True,phase-mask-dependent geometry,new_shape,image appearance
geometry_l2,known_oof,i9jiqjwl,Batch_1,Batch_3,13,-0.7718200156121249,2.1006568575524547,linear_decision_margin,pore_frac,0.2262566060923926,-0.987191406186196,True,True,phase-mask-dependent,existing_pore,phase-mask-dependent
geometry_l2,known_oof,i9jiqjwl,Batch_1,Batch_3,14,-0.7718200156121249,2.1006568575524547,linear_decision_margin,crack_g_0.2,0.2183426204278184,-0.9366325537219068,True,True,phase-mask-dependent,joint_appearance,phase-mask-dependent
geometry_l2,known_oof,i9jiqjwl,Batch_1,Batch_3,15,-0.7718200156121249,2.1006568575524547,linear_decision_margin,bright_solidity,-0.2050265416217719,-1.6867552409267488,True,True,phase-mask-dependent,existing_bright,phase-mask-dependent
geometry_l2,known_oof,i9jiqjwl,Batch_1,Batch_3,16,-0.7718200156121249,2.1006568575524547,linear_decision_margin,corr_len_px,0.2009509853572529,-1.445503389261884,True,True,image appearance,raw_BSE_anchors,image appearance
geometry_l2,known_oof,i9jiqjwl,Batch_1,Batch_3,17,-0.7718200156121249,2.1006568575524547,linear_decision_margin,crack_g_0.3,0.1641772089380266,-0.7736707081951005,True,True,phase-mask-dependent,joint_appearance,phase-mask-dependent
geometry_l2,known_oof,i9jiqjwl,Batch_1,Batch_3,18,-0.7718200156121249,2.1006568575524547,linear_decision_margin,pore_max_d,0.1610619299263162,-0.7564393012676229,True,True,phase-mask-dependent,existing_pore,phase-mask-dependent
geometry_l2,known_oof,i9jiqjwl,Batch_1,Batch_3,19,-0.7718200156121249,2.1006568575524547,linear_decision_margin,bright_solidity_count_q10,0.1445652836011609,-2.8469964867210016,True,True,phase-mask-dependent geometry,new_shape,image appearance
geometry_l2,known_oof,i9jiqjwl,Batch_1,Batch_3,20,-0.7718200156121249,2.1006568575524547,linear_decision_margin,bright_d50,-0.136620588898123,-0.7915929534517158,True,True,phase-mask-dependent,existing_bright,phase-mask-dependent
geometry_l2,known_oof,i9jiqjwl,Batch_1,Batch_3,21,-0.7718200156121249,2.1006568575524547,linear_decision_margin,pore_count_per_Mpx,-0.100524610361606,-0.4808361173591126,True,True,phase-mask-dependent,existing_pore,phase-mask-dependent
geometry_l2,known_oof,i9jiqjwl,Batch_1,Batch_3,22,-0.7718200156121249,2.1006568575524547,linear_decision_margin,pore_d90,0.099513537006278,-1.0367737444170322,True,True,phase-mask-dependent,existing_pore,phase-mask-dependent
geometry_l2,known_oof,i9jiqjwl,Batch_1,Batch_3,23,-0.7718200156121249,2.1006568575524547,linear_decision_margin,etd_crack_density_graphite,0.0958208934809302,-0.5432477726403964,True,True,phase-mask-dependent,joint_appearance,phase-mask-dependent
geometry_l2,known_oof,i9jiqjwl,Batch_1,Batch_3,24,-0.7718200156121249,2.1006568575524547,linear_decision_margin,ridge_p97,0.063645429148996,-0.3922821650764574,True,True,phase-mask-dependent,joint_appearance,phase-mask-dependent
geometry_l2,known_oof,i9jiqjwl,Batch_1,Batch_3,25,-0.7718200156121249,2.1006568575524547,linear_decision_margin,crack_g_0.1,0.0615300121146,-0.7635546803627002,True,True,phase-mask-dependent,joint_appearance,phase-mask-dependent
geometry_l2,known_oof,i9jiqjwl,Batch_1,Batch_3,26,-0.7718200156121249,2.1006568575524547,linear_decision_margin,bright_circ,-0.0556046316614959,-1.1161562701150296,True,True,phase-mask-dependent,existing_bright,phase-mask-dependent
geometry_l2,known_oof,i9jiqjwl,Batch_1,Batch_3,27,-0.7718200156121249,2.1006568575524547,linear_decision_margin,bright_max_d,-0.053957798429252,1.787566047963131,True,True,phase-mask-dependent,existing_bright,phase-mask-dependent
geometry_l2,known_oof,i9jiqjwl,Batch_1,Batch_3,28,-0.7718200156121249,2.1006568575524547,linear_decision_margin,void_local_width_d50_px,0.0370688090903073,-0.8811099139668612,True,True,phase-mask-dependent geometry,new_width,image appearance
geometry_l2,known_oof,i9jiqjwl,Batch_1,Batch_3,29,-0.7718200156121249,2.1006568575524547,linear_decision_margin,crack_frac,0.0325703305315128,-1.4324733613712564,True,True,phase-mask-dependent,existing_pore,phase-mask-dependent
geometry_l2,known_oof,i9jiqjwl,Batch_1,Batch_3,30,-0.7718200156121249,2.1006568575524547,linear_decision_margin,bright_d90,-0.0160783200931409,0.0755565294768581,True,True,phase-mask-dependent,existing_bright,phase-mask-dependent
geometry_l2,known_oof,i9jiqjwl,Batch_1,Batch_3,31,-0.7718200156121249,2.1006568575524547,linear_decision_margin,bright_frac,-0.0156956882690491,0.1718499659907673,True,True,phase-mask-dependent,existing_bright,phase-mask-dependent
geometry_l2,known_oof,i9jiqjwl,Batch_1,Batch_3,32,-0.7718200156121249,2.1006568575524547,linear_decision_margin,pore_d50,-0.0136793602823775,-0.9000859046446507,True,True,phase-mask-dependent,existing_pore,phase-mask-dependent
geometry_l2,known_oof,i9jiqjwl,Batch_1,Batch_3,33,-0.7718200156121249,2.1006568575524547,linear_decision_margin,local_bright_std_512px,0.0131309321646514,-0.15262595385072,True,True,phase-mask-dependent geometry,new_dispersion,image appearance
geometry_l2,known_oof,i9jiqjwl,Batch_1,Batch_3,34,-0.7718200156121249,2.1006568575524547,linear_decision_margin,crack_g_0.05,-0.0064149192556645,-0.0336168613773289,True,True,phase-mask-dependent,joint_appearance,phase-mask-dependent
geometry_l2,known_oof,i9jiqjwl,Batch_1,Batch_3,35,-0.7718200156121249,2.1006568575524547,linear_decision_margin,bright_circularity_count_iqr,-0.0046206523688715,0.0658936022236912,True,True,phase-mask-dependent geometry,new_shape,image appearance
geometry_l2,known_oof,i9jiqjwl,Batch_1,Batch_3,36,-0.7718200156121249,2.1006568575524547,linear_decision_margin,etd_crack_density_particles,0.004325111928613,-0.2851419378319463,True,True,phase-mask-dependent,joint_appearance,phase-mask-dependent
geometry_l2,known_oof,i9jiqjwl,Batch_1,Batch_3,37,-0.7718200156121249,2.1006568575524547,linear_decision_margin,bright_d10,0.0033750295755503,-0.9359675953484546,True,True,phase-mask-dependent,existing_bright,phase-mask-dependent
geometry_l2,known_oof,kbdh4tri,Batch_3,Batch_2,1,0.3917084267965393,1.191366427294041,linear_decision_margin,inlens_particle_texture,0.4775848842976978,-1.466404150530534,True,True,phase-mask-dependent,particle_texture,phase-mask-dependent
geometry_l2,known_oof,kbdh4tri,Batch_3,Batch_2,2,0.3917084267965393,1.191366427294041,linear_decision_margin,graph_edge_length_iqr_ratio,0.4514004554581485,1.1144272376634528,True,True,phase-mask-dependent geometry,new_spacing,image appearance
geometry_l2,known_oof,kbdh4tri,Batch_3,Batch_2,3,0.3917084267965393,1.191366427294041,linear_decision_margin,inlens_particle_texture_p90,0.2564442377579015,-1.4428732594543474,True,True,phase-mask-dependent,particle_texture,phase-mask-dependent
geometry_l2,known_oof,kbdh4tri,Batch_3,Batch_2,4,0.3917084267965393,1.191366427294041,linear_decision_margin,bright_d90,-0.0854278064228011,-1.0284573732271418,True,True,phase-mask-dependent,existing_bright,phase-mask-dependent
geometry_l2,known_oof,kbdh4tri,Batch_3,Batch_2,5,0.3917084267965393,1.191366427294041,linear_decision_margin,bright_max_d,-0.0736294326141657,-1.3443251979478934,True,True,phase-mask-dependent,existing_bright,phase-mask-dependent
geometry_l2,known_oof,kbdh4tri,Batch_3,Batch_2,6,0.3917084267965393,1.191366427294041,linear_decision_margin,bright_solidity_count_q10,-0.0668441038805481,-0.8895755671742307,True,True,phase-mask-dependent geometry,new_shape,image appearance
geometry_l2,known_oof,kbdh4tri,Batch_3,Batch_2,7,0.3917084267965393,1.191366427294041,linear_decision_margin,pore_max_d,-0.0652048288086044,-0.2799564204512079,False,True,phase-mask-dependent,existing_pore,phase-mask-dependent
geometry_l2,known_oof,kbdh4tri,Batch_3,Batch_2,8,0.3917084267965393,1.191366427294041,linear_decision_margin,bright_count_per_Mpx,0.0617576679302029,1.87989263607212,True,True,phase-mask-dependent,existing_bright,phase-mask-dependent
geometry_l2,known_oof,kbdh4tri,Batch_3,Batch_2,9,0.3917084267965393,1.191366427294041,linear_decision_margin,bright_d50,0.0559505813938298,-0.9184341480306494,True,True,phase-mask-dependent,existing_bright,phase-mask-dependent
geometry_l2,known_oof,kbdh4tri,Batch_3,Batch_2,10,0.3917084267965393,1.191366427294041,linear_decision_margin,local_bright_std_512px,-0.0481905038644506,-1.6256430346681725,True,True,phase-mask-dependent geometry,new_dispersion,image appearance
geometry_l2,known_oof,kbdh4tri,Batch_3,Batch_2,11,0.3917084267965393,1.191366427294041,linear_decision_margin,corr_len_px,-0.0402518814170844,-0.1944406936956342,True,True,image appearance,raw_BSE_anchors,image appearance
geometry_l2,known_oof,kbdh4tri,Batch_3,Batch_2,12,0.3917084267965393,1.191366427294041,linear_decision_margin,pore_count_per_Mpx,0.0355384697127736,0.0886724008430872,False,True,phase-mask-dependent,existing_pore,phase-mask-dependent
geometry_l2,known_oof,kbdh4tri,Batch_3,Batch_2,13,0.3917084267965393,1.191366427294041,linear_decision_margin,pore_d90,-0.030671643572828,-0.216243265525775,False,True,phase-mask-dependent,existing_pore,phase-mask-dependent
geometry_l2,known_oof,kbdh4tri,Batch_3,Batch_2,14,0.3917084267965393,1.191366427294041,linear_decision_margin,bright_circ,0.0293967090367897,0.2850145715403949,True,True,phase-mask-dependent,existing_bright,phase-mask-dependent
geometry_l2,known_oof,kbdh4tri,Batch_3,Batch_2,15,0.3917084267965393,1.191366427294041,linear_decision_margin,crack_frac,-0.0290904797428594,-0.1501089831762255,False,True,phase-mask-dependent,existing_pore,phase-mask-dependent
geometry_l2,known_oof,kbdh4tri,Batch_3,Batch_2,16,0.3917084267965393,1.191366427294041,linear_decision_margin,etd_crack_density_particles,-0.0286055159702483,-0.3060165388091883,False,True,phase-mask-dependent,joint_appearance,phase-mask-dependent
geometry_l2,known_oof,kbdh4tri,Batch_3,Batch_2,17,0.3917084267965393,1.191366427294041,linear_decision_margin,bright_circularity_count_iqr,-0.0281385465388785,0.2382141623100649,True,True,phase-mask-dependent geometry,new_shape,image appearance
geometry_l2,known_oof,kbdh4tri,Batch_3,Batch_2,18,0.3917084267965393,1.191366427294041,linear_decision_margin,fft_slope,0.0212669513358147,-0.7276192159382242,True,True,image appearance,raw_BSE_anchors,image appearance
geometry_l2,known_oof,kbdh4tri,Batch_3,Batch_2,19,0.3917084267965393,1.191366427294041,linear_decision_margin,pore_d50,-0.0203753247113953,-0.1130462903200624,False,True,phase-mask-dependent,existing_pore,phase-mask-dependent
geometry_l2,known_oof,kbdh4tri,Batch_3,Batch_2,20,0.3917084267965393,1.191366427294041,linear_decision_margin,bright_aspect_count_iqr,-0.0158405996137303,0.2965658117821167,True,True,phase-mask-dependent geometry,new_shape,image appearance
geometry_l2,known_oof,kbdh4tri,Batch_3,Batch_2,21,0.3917084267965393,1.191366427294041,linear_decision_margin,inlens_grad_energy,-0.0157750363525336,0.1077280600496951,False,True,phase-mask-dependent,joint_appearance,phase-mask-dependent
geometry_l2,known_oof,kbdh4tri,Batch_3,Batch_2,22,0.3917084267965393,1.191366427294041,linear_decision_margin,crack_g_0.05,-0.0099210400683975,0.2053616411047269,False,True,phase-mask-dependent,joint_appearance,phase-mask-dependent
geometry_l2,known_oof,kbdh4tri,Batch_3,Batch_2,23,0.3917084267965393,1.191366427294041,linear_decision_margin,bright_frac,-0.0099045326307448,-0.1736665001804045,True,True,phase-mask-dependent,existing_bright,phase-mask-dependent
geometry_l2,known_oof,kbdh4tri,Batch_3,Batch_2,24,0.3917084267965393,1.191366427294041,linear_decision_margin,etd_crack_density_graphite,-0.0079168038622924,-0.1314329850411595,False,True,phase-mask-dependent,joint_appearance,phase-mask-dependent
geometry_l2,known_oof,kbdh4tri,Batch_3,Batch_2,25,0.3917084267965393,1.191366427294041,linear_decision_margin,inlens_speckled_particle_frac,0.0072979758939618,-0.9043583903715952,True,True,phase-mask-dependent,particle_texture,phase-mask-dependent
geometry_l2,known_oof,kbdh4tri,Batch_3,Batch_2,26,0.3917084267965393,1.191366427294041,linear_decision_margin,bright_solidity,-0.0069907464239198,-0.1477458619354308,True,True,phase-mask-dependent,existing_bright,phase-mask-dependent
geometry_l2,known_oof,kbdh4tri,Batch_3,Batch_2,27,0.3917084267965393,1.191366427294041,linear_decision_margin,crack_g_0.2,-0.006266869925257,-0.0531894290609363,False,True,phase-mask-dependent,joint_appearance,phase-mask-dependent
geometry_l2,known_oof,kbdh4tri,Batch_3,Batch_2,28,0.3917084267965393,1.191366427294041,linear_decision_margin,void_local_width_d90_px,-0.0050482178068158,-0.1113106010951124,False,True,phase-mask-dependent geometry,new_width,image appearance
geometry_l2,known_oof,kbdh4tri,Batch_3,Batch_2,29,0.3917084267965393,1.191366427294041,linear_decision_margin,pore_elong,0.0033018904188385,0.0371199145853475,False,True,phase-mask-dependent,existing_pore,phase-mask-dependent
geometry_l2,known_oof,kbdh4tri,Batch_3,Batch_2,30,0.3917084267965393,1.191366427294041,linear_decision_margin,void_local_width_d50_px,0.0032050058384791,-0.0224953400776534,False,True,phase-mask-dependent geometry,new_width,image appearance
geometry_l2,known_oof,kbdh4tri,Batch_3,Batch_2,31,0.3917084267965393,1.191366427294041,linear_decision_margin,bright_d10,-0.0028348049315829,-1.5651544588446036,True,True,phase-mask-dependent,existing_bright,phase-mask-dependent
geometry_l2,known_oof,kbdh4tri,Batch_3,Batch_2,32,0.3917084267965393,1.191366427294041,linear_decision_margin,crack_count_per_Mpx,-0.002324629482917,-0.0242377957307777,False,True,phase-mask-dependent,existing_pore,phase-mask-dependent
geometry_l2,known_oof,kbdh4tri,Batch_3,Batch_2,33,0.3917084267965393,1.191366427294041,linear_decision_margin,ridge_p97,-0.0020841742226293,-0.1139233195556786,False,True,phase-mask-dependent,joint_appearance,phase-mask-dependent
geometry_l2,known_oof,kbdh4tri,Batch_3,Batch_2,34,0.3917084267965393,1.191366427294041,linear_decision_margin,crack_g_0.3,-0.0011187103534076,-0.0097258311953086,False,True,phase-mask-dependent,joint_appearance,phase-mask-dependent
geometry_l2,known_oof,kbdh4tri,Batch_3,Batch_2,35,0.3917084267965393,1.191366427294041,linear_decision_margin,crack_g_0.1,-0.0007605305012439,-0.0519266329500189,False,True,phase-mask-dependent,joint_appearance,phase-mask-dependent
geometry_l2,known_oof,kbdh4tri,Batch_3,Batch_2,36,0.3917084267965393,1.191366427294041,linear_decision_margin,pore_frac,-0.0006113891917833,-0.0015971949442644,False,True,phase-mask-dependent,existing_pore,phase-mask-dependent
geometry_l2,known_oof,kbdh4tri,Batch_3,Batch_2,37,0.3917084267965393,1.191366427294041,linear_decision_margin,bright_pore_crosscorr_xy_contrast_256px,0.0003413243341835,0.0162958672116344,False,True,phase-mask-dependent geometry,new_crossphase,image appearance
geometry_l2,known_oof,ptg8lmto,Batch_3,Batch_2,1,0.4123464847301217,0.2604730271385747,linear_decision_margin,graph_edge_length_iqr_ratio,0.7937928293100709,2.0977432961614206,True,True,phase-mask-dependent geometry,new_spacing,image appearance
geometry_l2,known_oof,ptg8lmto,Batch_3,Batch_2,2,0.4123464847301217,0.2604730271385747,linear_decision_margin,inlens_particle_texture_p90,-0.4404902128184715,1.7395392927959252,True,True,phase-mask-dependent,particle_texture,phase-mask-dependent
geometry_l2,known_oof,ptg8lmto,Batch_3,Batch_2,3,0.4123464847301217,0.2604730271385747,linear_decision_margin,crack_g_0.2,0.2484985583018374,2.3247613985360447,True,True,phase-mask-dependent,joint_appearance,phase-mask-dependent
geometry_l2,known_oof,ptg8lmto,Batch_3,Batch_2,4,0.4123464847301217,0.2604730271385747,linear_decision_margin,crack_g_0.3,0.2423504103919004,3.0509231892782536,True,True,phase-mask-dependent,joint_appearance,phase-mask-dependent
geometry_l2,known_oof,ptg8lmto,Batch_3,Batch_2,5,0.4123464847301217,0.2604730271385747,linear_decision_margin,pore_frac,-0.222915476063065,-0.5839790105476047,True,True,phase-mask-dependent,existing_pore,phase-mask-dependent
geometry_l2,known_oof,ptg8lmto,Batch_3,Batch_2,6,0.4123464847301217,0.2604730271385747,linear_decision_margin,pore_d50,-0.1928127030821651,-1.015272080977532,True,True,phase-mask-dependent,existing_pore,phase-mask-dependent
geometry_l2,known_oof,ptg8lmto,Batch_3,Batch_2,7,0.4123464847301217,0.2604730271385747,linear_decision_margin,corr_len_px,-0.1790265372888327,-0.8050055431119826,True,True,image appearance,raw_BSE_anchors,image appearance
geometry_l2,known_oof,ptg8lmto,Batch_3,Batch_2,8,0.4123464847301217,0.2604730271385747,linear_decision_margin,fft_slope,-0.1443108035527397,1.8863031445334943,True,True,image appearance,raw_BSE_anchors,image appearance
geometry_l2,known_oof,ptg8lmto,Batch_3,Batch_2,9,0.4123464847301217,0.2604730271385747,linear_decision_margin,ridge_p97,-0.1375230614263258,3.838499675621102,True,True,phase-mask-dependent,joint_appearance,phase-mask-dependent
geometry_l2,known_oof,ptg8lmto,Batch_3,Batch_2,10,0.4123464847301217,0.2604730271385747,linear_decision_margin,bright_circ,-0.1286356748720001,-0.9648805361323726,True,True,phase-mask-dependent,existing_bright,phase-mask-dependent
geometry_l2,known_oof,ptg8lmto,Batch_3,Batch_2,11,0.4123464847301217,0.2604730271385747,linear_decision_margin,void_local_width_d50_px,0.1246346243675174,-0.8811099139668612,True,True,phase-mask-dependent geometry,new_width,image appearance
geometry_l2,known_oof,ptg8lmto,Batch_3,Batch_2,12,0.4123464847301217,0.2604730271385747,linear_decision_margin,inlens_grad_energy,0.1241856905269679,-1.020330338731797,True,True,phase-mask-dependent,joint_appearance,phase-mask-dependent
geometry_l2,known_oof,ptg8lmto,Batch_3,Batch_2,13,0.4123464847301217,0.2604730271385747,linear_decision_margin,inlens_particle_texture,0.1118995830774044,-0.3372159038569639,True,True,phase-mask-dependent,particle_texture,phase-mask-dependent
geometry_l2,known_oof,ptg8lmto,Batch_3,Batch_2,14,0.4123464847301217,0.2604730271385747,linear_decision_margin,pore_count_per_Mpx,-0.1036869628719311,-0.2478056566582882,True,True,phase-mask-dependent,existing_pore,phase-mask-dependent
geometry_l2,known_oof,ptg8lmto,Batch_3,Batch_2,15,0.4123464847301217,0.2604730271385747,linear_decision_margin,pore_max_d,-0.0986700700114931,-0.3975758548665565,True,True,phase-mask-dependent,existing_pore,phase-mask-dependent
geometry_l2,known_oof,ptg8lmto,Batch_3,Batch_2,16,0.4123464847301217,0.2604730271385747,linear_decision_margin,bright_circularity_count_iqr,-0.0982553357196776,0.7348585318933464,True,True,phase-mask-dependent geometry,new_shape,image appearance
geometry_l2,known_oof,ptg8lmto,Batch_3,Batch_2,17,0.4123464847301217,0.2604730271385747,linear_decision_margin,crack_g_0.05,-0.0929587806317516,1.499573255164289,True,True,phase-mask-dependent,joint_appearance,phase-mask-dependent
geometry_l2,known_oof,ptg8lmto,Batch_3,Batch_2,18,0.4123464847301217,0.2604730271385747,linear_decision_margin,void_local_width_d90_px,-0.0880748670456725,-1.3811781165767922,True,True,phase-mask-dependent geometry,new_width,image appearance
geometry_l2,known_oof,ptg8lmto,Batch_3,Batch_2,19,0.4123464847301217,0.2604730271385747,linear_decision_margin,pore_elong,0.0877134192601868,1.328294748411705,True,True,phase-mask-dependent,existing_pore,phase-mask-dependent
geometry_l2,known_oof,ptg8lmto,Batch_3,Batch_2,20,0.4123464847301217,0.2604730271385747,linear_decision_margin,crack_frac,-0.0799910096807128,-0.4213435718276815,True,True,phase-mask-dependent,existing_pore,phase-mask-dependent
geometry_l2,known_oof,ptg8lmto,Batch_3,Batch_2,21,0.4123464847301217,0.2604730271385747,linear_decision_margin,bright_d90,0.077058145281664,1.3737099622464923,True,True,phase-mask-dependent,existing_bright,phase-mask-dependent
geometry_l2,known_oof,ptg8lmto,Batch_3,Batch_2,22,0.4123464847301217,0.2604730271385747,linear_decision_margin,etd_crack_density_graphite,0.0641791698659774,3.5931675160499124,True,True,phase-mask-dependent,joint_appearance,phase-mask-dependent
geometry_l2,known_oof,ptg8lmto,Batch_3,Batch_2,23,0.4123464847301217,0.2604730271385747,linear_decision_margin,etd_crack_density_particles,0.062607456183593,1.0418667248300146,True,True,phase-mask-dependent,joint_appearance,phase-mask-dependent
geometry_l2,known_oof,ptg8lmto,Batch_3,Batch_2,24,0.4123464847301217,0.2604730271385747,linear_decision_margin,inlens_speckled_particle_frac,-0.0586071122235752,1.3154509276453474,True,True,phase-mask-dependent,particle_texture,phase-mask-dependent
geometry_l2,known_oof,ptg8lmto,Batch_3,Batch_2,25,0.4123464847301217,0.2604730271385747,linear_decision_margin,bright_d50,0.0501452619224108,-0.9046427783834996,True,True,phase-mask-dependent,existing_bright,phase-mask-dependent
geometry_l2,known_oof,ptg8lmto,Batch_3,Batch_2,26,0.4123464847301217,0.2604730271385747,linear_decision_margin,bright_frac,-0.0488860317419262,-0.6525006741895917,True,True,phase-mask-dependent,existing_bright,phase-mask-dependent
geometry_l2,known_oof,ptg8lmto,Batch_3,Batch_2,27,0.4123464847301217,0.2604730271385747,linear_decision_margin,pore_d90,-0.0470423020697081,-0.3110689309887095,True,True,phase-mask-dependent,existing_pore,phase-mask-dependent
geometry_l2,known_oof,ptg8lmto,Batch_3,Batch_2,28,0.4123464847301217,0.2604730271385747,linear_decision_margin,bright_solidity_count_q10,0.0461697846148016,0.996032418989539,True,True,phase-mask-dependent geometry,new_shape,image appearance
geometry_l2,known_oof,ptg8lmto,Batch_3,Batch_2,29,0.4123464847301217,0.2604730271385747,linear_decision_margin,bright_max_d,0.0261012060428172,0.5931986204303219,True,True,phase-mask-dependent,existing_bright,phase-mask-dependent
geometry_l2,known_oof,ptg8lmto,Batch_3,Batch_2,30,0.4123464847301217,0.2604730271385747,linear_decision_margin,local_bright_std_512px,-0.0215048276550709,0.9195627004400828,True,True,phase-mask-dependent geometry,new_dispersion,image appearance
geometry_l2,known_oof,ptg8lmto,Batch_3,Batch_2,31,0.4123464847301217,0.2604730271385747,linear_decision_margin,bright_d10,-0.0200305466147199,-1.0502463649792286,True,True,phase-mask-dependent,existing_bright,phase-mask-dependent
geometry_l2,known_oof,ptg8lmto,Batch_3,Batch_2,32,0.4123464847301217,0.2604730271385747,linear_decision_margin,crack_count_per_Mpx,0.0156867077071774,0.2492184219248405,True,True,phase-mask-dependent,existing_pore,phase-mask-dependent
geometry_l2,known_oof,ptg8lmto,Batch_3,Batch_2,33,0.4123464847301217,0.2604730271385747,linear_decision_margin,bright_pore_crosscorr_xy_contrast_256px,-0.0112157941128116,-0.4234692351547854,True,True,phase-mask-dependent geometry,new_crossphase,image appearance
geometry_l2,known_oof,ptg8lmto,Batch_3,Batch_2,34,0.4123464847301217,0.2604730271385747,linear_decision_margin,bright_count_per_Mpx,-0.0101215581777043,-0.16013872675882,True,True,phase-mask-dependent,existing_bright,phase-mask-dependent
geometry_l2,known_oof,ptg8lmto,Batch_3,Batch_2,35,0.4123464847301217,0.2604730271385747,linear_decision_margin,bright_aspect_count_iqr,-0.0045435578443726,0.0893038045177737,True,True,phase-mask-dependent geometry,new_shape,image appearance
geometry_l2,known_oof,ptg8lmto,Batch_3,Batch_2,36,0.4123464847301217,0.2604730271385747,linear_decision_margin,crack_g_0.1,0.0020878642961407,1.7029137008854756,True,True,phase-mask-dependent,joint_appearance,phase-mask-dependent
geometry_l2,known_oof,ptg8lmto,Batch_3,Batch_2,37,0.4123464847301217,0.2604730271385747,linear_decision_margin,bright_solidity,0.0003190567627132,0.0064689190677398,True,True,phase-mask-dependent,existing_bright,phase-mask-dependent
geometry_l2,known_oof,fzrt2k6r,Batch_2,Batch_3,1,-0.4094145182661912,0.4327314728176818,linear_decision_margin,inlens_particle_texture,0.4698202574954475,1.3437808495811374,True,True,phase-mask-dependent,particle_texture,phase-mask-dependent
geometry_l2,known_oof,fzrt2k6r,Batch_2,Batch_3,2,-0.4094145182661912,0.4327314728176818,linear_decision_margin,inlens_particle_texture_p90,0.2588527967214969,1.2359811864374834,True,True,phase-mask-dependent,particle_texture,phase-mask-dependent
geometry_l2,known_oof,fzrt2k6r,Batch_2,Batch_3,3,-0.4094145182661912,0.4327314728176818,linear_decision_margin,inlens_grad_energy,0.2436961873180138,1.6226988408863436,True,True,phase-mask-dependent,joint_appearance,phase-mask-dependent
geometry_l2,known_oof,fzrt2k6r,Batch_2,Batch_3,4,-0.4094145182661912,0.4327314728176818,linear_decision_margin,bright_circ,0.1833022847377954,-1.5446011593688789,True,True,phase-mask-dependent,existing_bright,phase-mask-dependent
geometry_l2,known_oof,fzrt2k6r,Batch_2,Batch_3,5,-0.4094145182661912,0.4327314728176818,linear_decision_margin,graph_edge_length_iqr_ratio,0.164992178043506,-0.4009951090296814,True,True,phase-mask-dependent geometry,new_spacing,image appearance
geometry_l2,known_oof,fzrt2k6r,Batch_2,Batch_3,6,-0.4094145182661912,0.4327314728176818,linear_decision_margin,corr_len_px,-0.1403145135757411,0.7151022790845143,True,True,image appearance,raw_BSE_anchors,image appearance
geometry_l2,known_oof,fzrt2k6r,Batch_2,Batch_3,7,-0.4094145182661912,0.4327314728176818,linear_decision_margin,pore_count_per_Mpx,-0.0892450125123025,0.2321512818347759,True,True,phase-mask-dependent,existing_pore,phase-mask-dependent
geometry_l2,known_oof,fzrt2k6r,Batch_2,Batch_3,8,-0.4094145182661912,0.4327314728176818,linear_decision_margin,pore_frac,-0.0880469993424166,0.2506788456381486,True,True,phase-mask-dependent,existing_pore,phase-mask-dependent
geometry_l2,known_oof,fzrt2k6r,Batch_2,Batch_3,9,-0.4094145182661912,0.4327314728176818,linear_decision_margin,etd_crack_density_particles,-0.0763524845362279,0.8761237431451911,True,True,phase-mask-dependent,joint_appearance,phase-mask-dependent
geometry_l2,known_oof,fzrt2k6r,Batch_2,Batch_3,10,-0.4094145182661912,0.4327314728176818,linear_decision_margin,bright_d90,0.0700556277101463,-0.8432474721425919,True,True,phase-mask-dependent,existing_bright,phase-mask-dependent
geometry_l2,known_oof,fzrt2k6r,Batch_2,Batch_3,11,-0.4094145182661912,0.4327314728176818,linear_decision_margin,bright_circularity_count_iqr,0.0643896023411554,0.5417399601524949,True,True,phase-mask-dependent geometry,new_shape,image appearance
geometry_l2,known_oof,fzrt2k6r,Batch_2,Batch_3,12,-0.4094145182661912,0.4327314728176818,linear_decision_margin,bright_max_d,-0.0626666153903205,1.8991495784139756,True,True,phase-mask-dependent,existing_bright,phase-mask-dependent
geometry_l2,known_oof,fzrt2k6r,Batch_2,Batch_3,13,-0.4094145182661912,0.4327314728176818,linear_decision_margin,bright_frac,-0.0452303855957268,0.6201967586562841,True,True,phase-mask-dependent,existing_bright,phase-mask-dependent
geometry_l2,known_oof,fzrt2k6r,Batch_2,Batch_3,14,-0.4094145182661912,0.4327314728176818,linear_decision_margin,pore_elong,-0.0415967562162131,0.4538375732229383,True,True,phase-mask-dependent,existing_pore,phase-mask-dependent
geometry_l2,known_oof,fzrt2k6r,Batch_2,Batch_3,15,-0.4094145182661912,0.4327314728176818,linear_decision_margin,pore_d50,-0.0372058852146633,0.227206264633297,True,True,phase-mask-dependent,existing_pore,phase-mask-dependent
geometry_l2,known_oof,fzrt2k6r,Batch_2,Batch_3,16,-0.4094145182661912,0.4327314728176818,linear_decision_margin,bright_d50,0.0294166723226561,0.4076933942404602,True,True,phase-mask-dependent,existing_bright,phase-mask-dependent
geometry_l2,known_oof,fzrt2k6r,Batch_2,Batch_3,17,-0.4094145182661912,0.4327314728176818,linear_decision_margin,inlens_speckled_particle_frac,0.0282171106792658,1.4385341172700703,True,True,phase-mask-dependent,particle_texture,phase-mask-dependent
geometry_l2,known_oof,fzrt2k6r,Batch_2,Batch_3,18,-0.4094145182661912,0.4327314728176818,linear_decision_margin,crack_g_0.2,-0.0278055709294711,0.2504735481120063,True,True,phase-mask-dependent,joint_appearance,phase-mask-dependent
geometry_l2,known_oof,fzrt2k6r,Batch_2,Batch_3,19,-0.4094145182661912,0.4327314728176818,linear_decision_margin,pore_d90,-0.0236722781646295,0.1845886155576911,True,True,phase-mask-dependent,existing_pore,phase-mask-dependent
geometry_l2,known_oof,fzrt2k6r,Batch_2,Batch_3,20,-0.4094145182661912,0.4327314728176818,linear_decision_margin,crack_g_0.05,0.021563029771866,0.6084576478701383,True,True,phase-mask-dependent,joint_appearance,phase-mask-dependent
geometry_l2,known_oof,fzrt2k6r,Batch_2,Batch_3,21,-0.4094145182661912,0.4327314728176818,linear_decision_margin,crack_frac,-0.0193940973761004,0.106005855368305,True,True,phase-mask-dependent,existing_pore,phase-mask-dependent
geometry_l2,known_oof,fzrt2k6r,Batch_2,Batch_3,22,-0.4094145182661912,0.4327314728176818,linear_decision_margin,bright_count_per_Mpx,-0.0171576604935221,0.2082644103728921,True,True,phase-mask-dependent,existing_bright,phase-mask-dependent
geometry_l2,known_oof,fzrt2k6r,Batch_2,Batch_3,23,-0.4094145182661912,0.4327314728176818,linear_decision_margin,pore_max_d,-0.0156329917485518,0.0694003829334619,True,True,phase-mask-dependent,existing_pore,phase-mask-dependent
geometry_l2,known_oof,fzrt2k6r,Batch_2,Batch_3,24,-0.4094145182661912,0.4327314728176818,linear_decision_margin,fft_slope,-0.0155591864785233,-0.386323216369367,True,True,image appearance,raw_BSE_anchors,image appearance
geometry_l2,known_oof,fzrt2k6r,Batch_2,Batch_3,25,-0.4094145182661912,0.4327314728176818,linear_decision_margin,crack_count_per_Mpx,0.0107145060592526,-0.1182926998351681,True,True,phase-mask-dependent,existing_pore,phase-mask-dependent
geometry_l2,known_oof,fzrt2k6r,Batch_2,Batch_3,26,-0.4094145182661912,0.4327314728176818,linear_decision_margin,bright_pore_crosscorr_xy_contrast_256px,-0.007867138538718,0.5305497794112413,True,True,phase-mask-dependent geometry,new_crossphase,image appearance
geometry_l2,known_oof,fzrt2k6r,Batch_2,Batch_3,27,-0.4094145182661912,0.4327314728176818,linear_decision_margin,etd_crack_density_graphite,0.0076984607478858,-0.1270002424375737,True,True,phase-mask-dependent,joint_appearance,phase-mask-dependent
geometry_l2,known_oof,fzrt2k6r,Batch_2,Batch_3,28,-0.4094145182661912,0.4327314728176818,linear_decision_margin,bright_solidity_count_q10,0.0068779063386965,-0.1579055197490907,True,True,phase-mask-dependent geometry,new_shape,image appearance
geometry_l2,known_oof,fzrt2k6r,Batch_2,Batch_3,29,-0.4094145182661912,0.4327314728176818,linear_decision_margin,void_local_width_d90_px,-0.0067307700362488,0.4051479600593501,True,True,phase-mask-dependent geometry,new_width,image appearance
geometry_l2,known_oof,fzrt2k6r,Batch_2,Batch_3,30,-0.4094145182661912,0.4327314728176818,linear_decision_margin,bright_solidity,-0.0062690627942115,0.1372986245342156,True,True,phase-mask-dependent,existing_bright,phase-mask-dependent
geometry_l2,known_oof,fzrt2k6r,Batch_2,Batch_3,31,-0.4094145182661912,0.4327314728176818,linear_decision_margin,bright_aspect_count_iqr,0.0050912925128323,0.1636117020781367,True,True,phase-mask-dependent geometry,new_shape,image appearance
geometry_l2,known_oof,fzrt2k6r,Batch_2,Batch_3,32,-0.4094145182661912,0.4327314728176818,linear_decision_margin,void_local_width_d50_px,-0.0031864532558939,-0.0224953400776534,True,True,phase-mask-dependent geometry,new_width,image appearance
geometry_l2,known_oof,fzrt2k6r,Batch_2,Batch_3,33,-0.4094145182661912,0.4327314728176818,linear_decision_margin,bright_d10,0.0029880071933704,0.2130393162534692,True,True,phase-mask-dependent,existing_bright,phase-mask-dependent
geometry_l2,known_oof,fzrt2k6r,Batch_2,Batch_3,34,-0.4094145182661912,0.4327314728176818,linear_decision_margin,crack_g_0.1,-0.0029379097672428,0.6890894866470401,True,True,phase-mask-dependent,joint_appearance,phase-mask-dependent
geometry_l2,known_oof,fzrt2k6r,Batch_2,Batch_3,35,-0.4094145182661912,0.4327314728176818,linear_decision_margin,local_bright_std_512px,0.0018144398067838,-0.2187669709327798,True,True,phase-mask-dependent geometry,new_dispersion,image appearance
geometry_l2,known_oof,fzrt2k6r,Batch_2,Batch_3,36,-0.4094145182661912,0.4327314728176818,linear_decision_margin,crack_g_0.3,-0.0010475932978924,0.0101320398682012,True,True,phase-mask-dependent,joint_appearance,phase-mask-dependent
geometry_l2,known_oof,fzrt2k6r,Batch_2,Batch_3,37,-0.4094145182661912,0.4327314728176818,linear_decision_margin,ridge_p97,0.0005749965483203,-0.0355888393787021,True,True,phase-mask-dependent,joint_appearance,phase-mask-dependent
geometry_l2,known_oof,mgxahqnk,Batch_3,Batch_2,1,0.3970182963905124,0.2616455104611452,linear_decision_margin,graph_edge_length_iqr_ratio,-0.5485119565095666,-1.323016478813018,True,True,phase-mask-dependent geometry,new_spacing,image appearance
geometry_l2,known_oof,mgxahqnk,Batch_3,Batch_2,2,0.3970182963905124,0.2616455104611452,linear_decision_margin,inlens_particle_texture,0.4067405495914175,-1.2323579487778624,True,True,phase-mask-dependent,particle_texture,phase-mask-dependent
geometry_l2,known_oof,mgxahqnk,Batch_3,Batch_2,3,0.3970182963905124,0.2616455104611452,linear_decision_margin,bright_d50,-0.3494921103418673,2.7934240368291325,True,True,phase-mask-dependent,existing_bright,phase-mask-dependent
geometry_l2,known_oof,mgxahqnk,Batch_3,Batch_2,4,0.3970182963905124,0.2616455104611452,linear_decision_margin,inlens_particle_texture_p90,0.307364638721795,-1.663054147254198,True,True,phase-mask-dependent,particle_texture,phase-mask-dependent
geometry_l2,known_oof,mgxahqnk,Batch_3,Batch_2,5,0.3970182963905124,0.2616455104611452,linear_decision_margin,bright_circularity_count_iqr,0.2919531027706487,-2.9312860266036127,True,True,phase-mask-dependent geometry,new_shape,image appearance
geometry_l2,known_oof,mgxahqnk,Batch_3,Batch_2,6,0.3970182963905124,0.2616455104611452,linear_decision_margin,void_local_width_d50_px,-0.2319736073298824,1.293203232846699,True,True,phase-mask-dependent geometry,new_width,image appearance
geometry_l2,known_oof,mgxahqnk,Batch_3,Batch_2,7,0.3970182963905124,0.2616455104611452,linear_decision_margin,corr_len_px,0.2022994213574931,1.0275395678278163,True,True,image appearance,raw_BSE_anchors,image appearance
geometry_l2,known_oof,mgxahqnk,Batch_3,Batch_2,8,0.3970182963905124,0.2616455104611452,linear_decision_margin,inlens_grad_energy,0.1674989066380448,-1.3867700665780165,True,True,phase-mask-dependent,joint_appearance,phase-mask-dependent
geometry_l2,known_oof,mgxahqnk,Batch_3,Batch_2,9,0.3970182963905124,0.2616455104611452,linear_decision_margin,local_bright_std_512px,-0.1353197393642567,3.5005845786649674,True,True,phase-mask-dependent geometry,new_dispersion,image appearance
geometry_l2,known_oof,mgxahqnk,Batch_3,Batch_2,10,0.3970182963905124,0.2616455104611452,linear_decision_margin,bright_count_per_Mpx,-0.1134828451498894,-1.3435122591172213,True,True,phase-mask-dependent,existing_bright,phase-mask-dependent
geometry_l2,known_oof,mgxahqnk,Batch_3,Batch_2,11,0.3970182963905124,0.2616455104611452,linear_decision_margin,etd_crack_density_particles,-0.1030180534359747,-1.0164247841303793,True,True,phase-mask-dependent,joint_appearance,phase-mask-dependent
geometry_l2,known_oof,mgxahqnk,Batch_3,Batch_2,12,0.3970182963905124,0.2616455104611452,linear_decision_margin,pore_frac,0.093818267468783,0.265620158429984,True,True,phase-mask-dependent,existing_pore,phase-mask-dependent
geometry_l2,known_oof,mgxahqnk,Batch_3,Batch_2,13,0.3970182963905124,0.2616455104611452,linear_decision_margin,pore_d90,-0.0891376483821764,-0.5421326513037896,True,True,phase-mask-dependent,existing_pore,phase-mask-dependent
geometry_l2,known_oof,mgxahqnk,Batch_3,Batch_2,14,0.3970182963905124,0.2616455104611452,linear_decision_margin,bright_circ,0.0854540643457976,0.8409786854050691,True,True,phase-mask-dependent,existing_bright,phase-mask-dependent
geometry_l2,known_oof,mgxahqnk,Batch_3,Batch_2,15,0.3970182963905124,0.2616455104611452,linear_decision_margin,bright_frac,0.0705877346911253,1.103333225173935,True,True,phase-mask-dependent,existing_bright,phase-mask-dependent
geometry_l2,known_oof,mgxahqnk,Batch_3,Batch_2,16,0.3970182963905124,0.2616455104611452,linear_decision_margin,pore_max_d,-0.0687596200188325,-0.281578050754364,True,True,phase-mask-dependent,existing_pore,phase-mask-dependent
geometry_l2,known_oof,mgxahqnk,Batch_3,Batch_2,17,0.3970182963905124,0.2616455104611452,linear_decision_margin,bright_d90,0.0674187507120365,3.562846168066833,True,True,phase-mask-dependent,existing_bright,phase-mask-dependent
geometry_l2,known_oof,mgxahqnk,Batch_3,Batch_2,18,0.3970182963905124,0.2616455104611452,linear_decision_margin,crack_frac,-0.0658127721115975,-0.3200389164251728,True,True,phase-mask-dependent,existing_pore,phase-mask-dependent
geometry_l2,known_oof,mgxahqnk,Batch_3,Batch_2,19,0.3970182963905124,0.2616455104611452,linear_decision_margin,bright_d10,-0.0657962407518625,2.148936104910293,True,True,phase-mask-dependent,existing_bright,phase-mask-dependent
geometry_l2,known_oof,mgxahqnk,Batch_3,Batch_2,20,0.3970182963905124,0.2616455104611452,linear_decision_margin,bright_solidity_count_q10,0.0535499163928563,1.2187147338976485,True,True,phase-mask-dependent geometry,new_shape,image appearance
geometry_l2,known_oof,mgxahqnk,Batch_3,Batch_2,21,0.3970182963905124,0.2616455104611452,linear_decision_margin,etd_crack_density_graphite,-0.0523195041510507,-0.6044283584431622,True,True,phase-mask-dependent,joint_appearance,phase-mask-dependent
geometry_l2,known_oof,mgxahqnk,Batch_3,Batch_2,22,0.3970182963905124,0.2616455104611452,linear_decision_margin,crack_g_0.3,-0.045246811581844,-0.328814382513692,True,True,phase-mask-dependent,joint_appearance,phase-mask-dependent
geometry_l2,known_oof,mgxahqnk,Batch_3,Batch_2,23,0.3970182963905124,0.2616455104611452,linear_decision_margin,pore_count_per_Mpx,0.0385538614331421,0.1024873783340014,True,True,phase-mask-dependent,existing_pore,phase-mask-dependent
geometry_l2,known_oof,mgxahqnk,Batch_3,Batch_2,24,0.3970182963905124,0.2616455104611452,linear_decision_margin,ridge_p97,-0.0384222296673027,-0.7958794480606034,True,True,phase-mask-dependent,joint_appearance,phase-mask-dependent
geometry_l2,known_oof,mgxahqnk,Batch_3,Batch_2,25,0.3970182963905124,0.2616455104611452,linear_decision_margin,bright_solidity,0.0357674377916471,1.666665561455197,True,True,phase-mask-dependent,existing_bright,phase-mask-dependent
geometry_l2,known_oof,mgxahqnk,Batch_3,Batch_2,26,0.3970182963905124,0.2616455104611452,linear_decision_margin,pore_elong,-0.0325213474285218,-0.2820640101800523,True,True,phase-mask-dependent,existing_pore,phase-mask-dependent
geometry_l2,known_oof,mgxahqnk,Batch_3,Batch_2,27,0.3970182963905124,0.2616455104611452,linear_decision_margin,pore_d50,-0.0315970654926035,-0.1690137480250342,True,True,phase-mask-dependent,existing_pore,phase-mask-dependent
geometry_l2,known_oof,mgxahqnk,Batch_3,Batch_2,28,0.3970182963905124,0.2616455104611452,linear_decision_margin,fft_slope,0.0242352897654917,-0.7102509624333163,True,True,image appearance,raw_BSE_anchors,image appearance
geometry_l2,known_oof,mgxahqnk,Batch_3,Batch_2,29,0.3970182963905124,0.2616455104611452,linear_decision_margin,crack_g_0.05,-0.0212698426077582,0.3674065847296331,True,True,phase-mask-dependent,joint_appearance,phase-mask-dependent
geometry_l2,known_oof,mgxahqnk,Batch_3,Batch_2,30,0.3970182963905124,0.2616455104611452,linear_decision_margin,inlens_speckled_particle_frac,0.0189860378358002,-0.9043583903715952,True,True,phase-mask-dependent,particle_texture,phase-mask-dependent
geometry_l2,known_oof,mgxahqnk,Batch_3,Batch_2,31,0.3970182963905124,0.2616455104611452,linear_decision_margin,crack_count_per_Mpx,0.0141702800652081,0.167555461255973,True,True,phase-mask-dependent,existing_pore,phase-mask-dependent
geometry_l2,known_oof,mgxahqnk,Batch_3,Batch_2,32,0.3970182963905124,0.2616455104611452,linear_decision_margin,bright_max_d,-0.0121878222777521,2.6278211121392565,True,True,phase-mask-dependent,existing_bright,phase-mask-dependent
geometry_l2,known_oof,mgxahqnk,Batch_3,Batch_2,33,0.3970182963905124,0.2616455104611452,linear_decision_margin,crack_g_0.2,-0.0065157910344727,-0.0509053273710465,True,True,phase-mask-dependent,joint_appearance,phase-mask-dependent
geometry_l2,known_oof,mgxahqnk,Batch_3,Batch_2,34,0.3970182963905124,0.2616455104611452,linear_decision_margin,void_local_width_d90_px,-0.0060165096938484,-0.1170359876701342,True,True,phase-mask-dependent geometry,new_width,image appearance
geometry_l2,known_oof,mgxahqnk,Batch_3,Batch_2,35,0.3970182963905124,0.2616455104611452,linear_decision_margin,bright_aspect_count_iqr,0.0029567652964368,-0.0713976566807518,True,True,phase-mask-dependent geometry,new_shape,image appearance
geometry_l2,known_oof,mgxahqnk,Batch_3,Batch_2,36,0.3970182963905124,0.2616455104611452,linear_decision_margin,crack_g_0.1,0.0011855601286491,0.192875439360433,True,True,phase-mask-dependent,joint_appearance,phase-mask-dependent
geometry_l2,known_oof,mgxahqnk,Batch_3,Batch_2,37,0.3970182963905124,0.2616455104611452,linear_decision_margin,bright_pore_crosscorr_xy_contrast_256px,-0.00051185360468,-0.0245898254324119,True,True,phase-mask-dependent geometry,new_crossphase,image appearance
geometry_l2,known_oof,tuy3zymq,Batch_2,Batch_3,1,-0.4005840535088664,0.0360432552039843,linear_decision_margin,corr_len_px,0.4649239280856866,-1.7856213257576532,True,True,image appearance,raw_BSE_anchors,image appearance
geometry_l2,known_oof,tuy3zymq,Batch_2,Batch_3,2,-0.4005840535088664,0.0360432552039843,linear_decision_margin,inlens_particle_texture,-0.4115974474658333,-1.3271959417009087,True,True,phase-mask-dependent,particle_texture,phase-mask-dependent
geometry_l2,known_oof,tuy3zymq,Batch_2,Batch_3,3,-0.4005840535088664,0.0360432552039843,linear_decision_margin,graph_edge_length_iqr_ratio,-0.3014705963881405,0.7262758404012629,True,True,phase-mask-dependent geometry,new_spacing,image appearance
geometry_l2,known_oof,tuy3zymq,Batch_2,Batch_3,4,-0.4005840535088664,0.0360432552039843,linear_decision_margin,inlens_particle_texture_p90,-0.1624613239223097,-0.9736043390012924,True,True,phase-mask-dependent,particle_texture,phase-mask-dependent
geometry_l2,known_oof,tuy3zymq,Batch_2,Batch_3,5,-0.4005840535088664,0.0360432552039843,linear_decision_margin,bright_circ,0.1347849598803286,-1.0005858121481015,True,True,phase-mask-dependent,existing_bright,phase-mask-dependent
geometry_l2,known_oof,tuy3zymq,Batch_2,Batch_3,6,-0.4005840535088664,0.0360432552039843,linear_decision_margin,bright_frac,0.1333742100286239,-1.3192819920098118,True,True,phase-mask-dependent,existing_bright,phase-mask-dependent
geometry_l2,known_oof,tuy3zymq,Batch_2,Batch_3,7,-0.4005840535088664,0.0360432552039843,linear_decision_margin,bright_circularity_count_iqr,0.1317806869261274,0.9856273008175144,True,True,phase-mask-dependent geometry,new_shape,image appearance
geometry_l2,known_oof,tuy3zymq,Batch_2,Batch_3,8,-0.4005840535088664,0.0360432552039843,linear_decision_margin,bright_solidity_count_q10,0.0869506779791712,-1.0489700314873427,True,True,phase-mask-dependent geometry,new_shape,image appearance
geometry_l2,known_oof,tuy3zymq,Batch_2,Batch_3,9,-0.4005840535088664,0.0360432552039843,linear_decision_margin,local_bright_std_512px,0.0855590166431217,-1.680967362676746,True,True,phase-mask-dependent geometry,new_dispersion,image appearance
geometry_l2,known_oof,tuy3zymq,Batch_2,Batch_3,10,-0.4005840535088664,0.0360432552039843,linear_decision_margin,bright_solidity,0.0821586930055232,-1.1202391769599496,True,True,phase-mask-dependent,existing_bright,phase-mask-dependent
geometry_l2,known_oof,tuy3zymq,Batch_2,Batch_3,11,-0.4005840535088664,0.0360432552039843,linear_decision_margin,bright_d50,-0.064330763745217,-1.0739078443529362,True,True,phase-mask-dependent,existing_bright,phase-mask-dependent
geometry_l2,known_oof,tuy3zymq,Batch_2,Batch_3,12,-0.4005840535088664,0.0360432552039843,linear_decision_margin,pore_max_d,0.0641546996195536,-0.2799564204512079,False,True,phase-mask-dependent,existing_pore,phase-mask-dependent
geometry_l2,known_oof,tuy3zymq,Batch_2,Batch_3,13,-0.4005840535088664,0.0360432552039843,linear_decision_margin,bright_d90,0.0570542858229281,-0.7050945266262021,True,True,phase-mask-dependent,existing_bright,phase-mask-dependent
geometry_l2,known_oof,tuy3zymq,Batch_2,Batch_3,14,-0.4005840535088664,0.0360432552039843,linear_decision_margin,bright_count_per_Mpx,-0.0377187682372899,1.7537191963033154,True,True,phase-mask-dependent,existing_bright,phase-mask-dependent
geometry_l2,known_oof,tuy3zymq,Batch_2,Batch_3,15,-0.4005840535088664,0.0360432552039843,linear_decision_margin,pore_count_per_Mpx,-0.0349888448331388,0.0886724008430872,False,True,phase-mask-dependent,existing_pore,phase-mask-dependent
geometry_l2,known_oof,tuy3zymq,Batch_2,Batch_3,16,-0.4005840535088664,0.0360432552039843,linear_decision_margin,bright_d10,0.0339736887740971,-2.0443399954986665,True,True,phase-mask-dependent,existing_bright,phase-mask-dependent
geometry_l2,known_oof,tuy3zymq,Batch_2,Batch_3,17,-0.4005840535088664,0.0360432552039843,linear_decision_margin,pore_d90,0.0308274273852234,-0.216243265525775,False,True,phase-mask-dependent,existing_pore,phase-mask-dependent
geometry_l2,known_oof,tuy3zymq,Batch_2,Batch_3,18,-0.4005840535088664,0.0360432552039843,linear_decision_margin,etd_crack_density_particles,0.0295905140783523,-0.3060165388091883,False,True,phase-mask-dependent,joint_appearance,phase-mask-dependent
geometry_l2,known_oof,tuy3zymq,Batch_2,Batch_3,19,-0.4005840535088664,0.0360432552039843,linear_decision_margin,crack_frac,0.0292990800832257,-0.1501089831762255,False,True,phase-mask-dependent,existing_pore,phase-mask-dependent
geometry_l2,known_oof,tuy3zymq,Batch_2,Batch_3,20,-0.4005840535088664,0.0360432552039843,linear_decision_margin,bright_max_d,0.0278918038137772,-0.6616111150412362,True,True,phase-mask-dependent,existing_bright,phase-mask-dependent
geometry_l2,known_oof,tuy3zymq,Batch_2,Batch_3,21,-0.4005840535088664,0.0360432552039843,linear_decision_margin,pore_d50,0.0204263170232287,-0.1130462903200624,False,True,phase-mask-dependent,existing_pore,phase-mask-dependent
geometry_l2,known_oof,tuy3zymq,Batch_2,Batch_3,22,-0.4005840535088664,0.0360432552039843,linear_decision_margin,inlens_grad_energy,0.0155821621215176,0.1077280600496951,False,True,phase-mask-dependent,joint_appearance,phase-mask-dependent
geometry_l2,known_oof,tuy3zymq,Batch_2,Batch_3,23,-0.4005840535088664,0.0360432552039843,linear_decision_margin,bright_aspect_count_iqr,-0.012115419108879,-0.3545430173698214,True,True,phase-mask-dependent geometry,new_shape,image appearance
geometry_l2,known_oof,tuy3zymq,Batch_2,Batch_3,24,-0.4005840535088664,0.0360432552039843,linear_decision_margin,crack_g_0.05,0.0115535623809587,0.2053616411047269,False,True,phase-mask-dependent,joint_appearance,phase-mask-dependent
geometry_l2,known_oof,tuy3zymq,Batch_2,Batch_3,25,-0.4005840535088664,0.0360432552039843,linear_decision_margin,etd_crack_density_graphite,0.0083366009647234,-0.1314329850411595,False,True,phase-mask-dependent,joint_appearance,phase-mask-dependent
geometry_l2,known_oof,tuy3zymq,Batch_2,Batch_3,26,-0.4005840535088664,0.0360432552039843,linear_decision_margin,inlens_speckled_particle_frac,0.006935858522797,-0.9043583903715952,True,True,phase-mask-dependent,particle_texture,phase-mask-dependent
geometry_l2,known_oof,tuy3zymq,Batch_2,Batch_3,27,-0.4005840535088664,0.0360432552039843,linear_decision_margin,crack_g_0.2,0.0061702041564905,-0.0531894290609363,False,True,phase-mask-dependent,joint_appearance,phase-mask-dependent
geometry_l2,known_oof,tuy3zymq,Batch_2,Batch_3,28,-0.4005840535088664,0.0360432552039843,linear_decision_margin,fft_slope,-0.0060043087757138,-0.1748231507431384,True,True,image appearance,raw_BSE_anchors,image appearance
geometry_l2,known_oof,tuy3zymq,Batch_2,Batch_3,29,-0.4005840535088664,0.0360432552039843,linear_decision_margin,void_local_width_d90_px,0.0056551335330765,-0.1113106010951124,False,True,phase-mask-dependent geometry,new_width,image appearance
geometry_l2,known_oof,tuy3zymq,Batch_2,Batch_3,30,-0.4005840535088664,0.0360432552039843,linear_decision_margin,void_local_width_d50_px,-0.0032733779807572,-0.0224953400776534,False,True,phase-mask-dependent geometry,new_width,image appearance
geometry_l2,known_oof,tuy3zymq,Batch_2,Batch_3,31,-0.4005840535088664,0.0360432552039843,linear_decision_margin,pore_elong,-0.0031967934794924,0.0371199145853475,False,True,phase-mask-dependent,existing_pore,phase-mask-dependent
geometry_l2,known_oof,tuy3zymq,Batch_2,Batch_3,32,-0.4005840535088664,0.0360432552039843,linear_decision_margin,ridge_p97,0.0024635547615463,-0.1139233195556786,False,True,phase-mask-dependent,joint_appearance,phase-mask-dependent
geometry_l2,known_oof,tuy3zymq,Batch_2,Batch_3,33,-0.4005840535088664,0.0360432552039843,linear_decision_margin,crack_count_per_Mpx,0.0024508835418022,-0.0242377957307777,False,True,phase-mask-dependent,existing_pore,phase-mask-dependent
geometry_l2,known_oof,tuy3zymq,Batch_2,Batch_3,34,-0.4005840535088664,0.0360432552039843,linear_decision_margin,crack_g_0.3,0.0011224938790281,-0.0097258311953086,False,True,phase-mask-dependent,joint_appearance,phase-mask-dependent
geometry_l2,known_oof,tuy3zymq,Batch_2,Batch_3,35,-0.4005840535088664,0.0360432552039843,linear_decision_margin,pore_frac,0.0005963633700202,-0.0015971949442644,False,True,phase-mask-dependent,existing_pore,phase-mask-dependent
geometry_l2,known_oof,tuy3zymq,Batch_2,Batch_3,36,-0.4005840535088664,0.0360432552039843,linear_decision_margin,crack_g_0.1,0.0003964252369901,-0.0519266329500189,False,True,phase-mask-dependent,joint_appearance,phase-mask-dependent
geometry_l2,known_oof,tuy3zymq,Batch_2,Batch_3,37,-0.4005840535088664,0.0360432552039843,linear_decision_margin,bright_pore_crosscorr_xy_contrast_256px,-0.0002282789682976,0.0162958672116344,False,True,phase-mask-dependent geometry,new_crossphase,image appearance
geometry_l2,known_oof,r17byphk,Batch_3,Batch_2,1,0.5819339338083744,0.6937705389423147,linear_decision_margin,pore_count_per_Mpx,-0.5144720867952671,-1.3933817139985258,True,True,phase-mask-dependent,existing_pore,phase-mask-dependent
geometry_l2,known_oof,r17byphk,Batch_3,Batch_2,2,0.5819339338083744,0.6937705389423147,linear_decision_margin,crack_g_0.05,0.4390573459575003,-2.132405149314472,True,True,phase-mask-dependent,joint_appearance,phase-mask-dependent
geometry_l2,known_oof,r17byphk,Batch_3,Batch_2,3,0.5819339338083744,0.6937705389423147,linear_decision_margin,crack_count_per_Mpx,0.2828199013954042,1.3952240458409744,True,True,phase-mask-dependent,existing_pore,phase-mask-dependent
geometry_l2,known_oof,r17byphk,Batch_3,Batch_2,4,0.5819339338083744,0.6937705389423147,linear_decision_margin,graph_edge_length_iqr_ratio,0.2421088748981462,0.5443699035826669,True,True,phase-mask-dependent geometry,new_spacing,image appearance
geometry_l2,known_oof,r17byphk,Batch_3,Batch_2,5,0.5819339338083744,0.6937705389423147,linear_decision_margin,pore_frac,-0.2123546238693459,-0.666861930326057,True,True,phase-mask-dependent,existing_pore,phase-mask-dependent
geometry_l2,known_oof,r17byphk,Batch_3,Batch_2,6,0.5819339338083744,0.6937705389423147,linear_decision_margin,bright_d10,0.1622075853566978,-1.5823926012972045,True,True,phase-mask-dependent,existing_bright,phase-mask-dependent
geometry_l2,known_oof,r17byphk,Batch_3,Batch_2,7,0.5819339338083744,0.6937705389423147,linear_decision_margin,pore_max_d,-0.1130257303175625,-0.5393895551369708,True,True,phase-mask-dependent,existing_pore,phase-mask-dependent
geometry_l2,known_oof,r17byphk,Batch_3,Batch_2,8,0.5819339338083744,0.6937705389423147,linear_decision_margin,void_local_width_d50_px,-0.0848329456937325,1.293203232846699,True,True,phase-mask-dependent geometry,new_width,image appearance
geometry_l2,known_oof,r17byphk,Batch_3,Batch_2,9,0.5819339338083744,0.6937705389423147,linear_decision_margin,inlens_particle_texture_p90,-0.0841634401363249,0.4881952620777561,True,True,phase-mask-dependent,particle_texture,phase-mask-dependent
geometry_l2,known_oof,r17byphk,Batch_3,Batch_2,10,0.5819339338083744,0.6937705389423147,linear_decision_margin,bright_frac,0.0687937776248835,-1.5277230545584342,True,True,phase-mask-dependent,existing_bright,phase-mask-dependent
geometry_l2,known_oof,r17byphk,Batch_3,Batch_2,11,0.5819339338083744,0.6937705389423147,linear_decision_margin,crack_g_0.2,-0.0677757406047776,-0.5374193804527594,True,True,phase-mask-dependent,joint_appearance,phase-mask-dependent
geometry_l2,known_oof,r17byphk,Batch_3,Batch_2,12,0.5819339338083744,0.6937705389423147,linear_decision_margin,crack_g_0.3,-0.0615130414689732,-0.4997051449808611,True,True,phase-mask-dependent,joint_appearance,phase-mask-dependent
geometry_l2,known_oof,r17byphk,Batch_3,Batch_2,13,0.5819339338083744,0.6937705389423147,linear_decision_margin,crack_g_0.1,0.0599259655344752,-1.308480886107161,True,True,phase-mask-dependent,joint_appearance,phase-mask-dependent
geometry_l2,known_oof,r17byphk,Batch_3,Batch_2,14,0.5819339338083744,0.6937705389423147,linear_decision_margin,crack_frac,0.0567784787937011,0.2639074160139491,True,True,phase-mask-dependent,existing_pore,phase-mask-dependent
geometry_l2,known_oof,r17byphk,Batch_3,Batch_2,15,0.5819339338083744,0.6937705389423147,linear_decision_margin,etd_crack_density_particles,-0.0502118639453137,-0.6027868373188782,True,True,phase-mask-dependent,joint_appearance,phase-mask-dependent
geometry_l2,known_oof,r17byphk,Batch_3,Batch_2,16,0.5819339338083744,0.6937705389423147,linear_decision_margin,void_local_width_d90_px,0.0445105708934688,0.6359357206345861,True,True,phase-mask-dependent geometry,new_width,image appearance
geometry_l2,known_oof,r17byphk,Batch_3,Batch_2,17,0.5819339338083744,0.6937705389423147,linear_decision_margin,corr_len_px,-0.0404572077766286,-0.1944406936956342,True,True,image appearance,raw_BSE_anchors,image appearance
geometry_l2,known_oof,r17byphk,Batch_3,Batch_2,18,0.5819339338083744,0.6937705389423147,linear_decision_margin,fft_slope,0.0362247758293783,-0.6015024242401259,True,True,image appearance,raw_BSE_anchors,image appearance
geometry_l2,known_oof,r17byphk,Batch_3,Batch_2,19,0.5819339338083744,0.6937705389423147,linear_decision_margin,bright_circ,-0.0355445422644234,-0.2928879591876519,True,True,phase-mask-dependent,existing_bright,phase-mask-dependent
geometry_l2,known_oof,r17byphk,Batch_3,Batch_2,20,0.5819339338083744,0.6937705389423147,linear_decision_margin,bright_circularity_count_iqr,0.032771219831874,1.9544576705500745,True,True,phase-mask-dependent geometry,new_shape,image appearance
geometry_l2,known_oof,r17byphk,Batch_3,Batch_2,21,0.5819339338083744,0.6937705389423147,linear_decision_margin,etd_crack_density_graphite,-0.0297657160436067,-0.4946148959126025,True,True,phase-mask-dependent,joint_appearance,phase-mask-dependent
geometry_l2,known_oof,r17byphk,Batch_3,Batch_2,22,0.5819339338083744,0.6937705389423147,linear_decision_margin,bright_solidity,-0.0277756738151844,-0.5229229985877516,True,True,phase-mask-dependent,existing_bright,phase-mask-dependent
geometry_l2,known_oof,r17byphk,Batch_3,Batch_2,23,0.5819339338083744,0.6937705389423147,linear_decision_margin,inlens_particle_texture,-0.0263961679061152,0.0759755554898508,True,True,phase-mask-dependent,particle_texture,phase-mask-dependent
geometry_l2,known_oof,r17byphk,Batch_3,Batch_2,24,0.5819339338083744,0.6937705389423147,linear_decision_margin,bright_count_per_Mpx,0.0239169638195366,0.4100847565276924,True,True,phase-mask-dependent,existing_bright,phase-mask-dependent
geometry_l2,known_oof,r17byphk,Batch_3,Batch_2,25,0.5819339338083744,0.6937705389423147,linear_decision_margin,pore_d50,0.0236834310676064,0.1370137816962736,True,True,phase-mask-dependent,existing_pore,phase-mask-dependent
geometry_l2,known_oof,r17byphk,Batch_3,Batch_2,26,0.5819339338083744,0.6937705389423147,linear_decision_margin,pore_d90,-0.0163179296195577,-0.1284750254848168,True,True,phase-mask-dependent,existing_pore,phase-mask-dependent
geometry_l2,known_oof,r17byphk,Batch_3,Batch_2,27,0.5819339338083744,0.6937705389423147,linear_decision_margin,bright_solidity_count_q10,-0.0143347479368762,-0.9824207955547796,True,True,phase-mask-dependent geometry,new_shape,image appearance
geometry_l2,known_oof,r17byphk,Batch_3,Batch_2,28,0.5819339338083744,0.6937705389423147,linear_decision_margin,pore_elong,0.0127781612976353,0.1104774594461893,True,True,phase-mask-dependent,existing_pore,phase-mask-dependent
geometry_l2,known_oof,r17byphk,Batch_3,Batch_2,29,0.5819339338083744,0.6937705389423147,linear_decision_margin,bright_d90,0.0111228042257028,0.0972039327616243,True,True,phase-mask-dependent,existing_bright,phase-mask-dependent
geometry_l2,known_oof,r17byphk,Batch_3,Batch_2,30,0.5819339338083744,0.6937705389423147,linear_decision_margin,local_bright_std_512px,-0.0089908775815552,-0.414089049561758,True,True,phase-mask-dependent geometry,new_dispersion,image appearance
geometry_l2,known_oof,r17byphk,Batch_3,Batch_2,31,0.5819339338083744,0.6937705389423147,linear_decision_margin,bright_max_d,-0.008810478743825,-0.1189174322044707,True,True,phase-mask-dependent,existing_bright,phase-mask-dependent
geometry_l2,known_oof,r17byphk,Batch_3,Batch_2,32,0.5819339338083744,0.6937705389423147,linear_decision_margin,bright_d50,0.0075740336532697,-0.1681067181765744,True,True,phase-mask-dependent,existing_bright,phase-mask-dependent
geometry_l2,known_oof,r17byphk,Batch_3,Batch_2,33,0.5819339338083744,0.6937705389423147,linear_decision_margin,bright_aspect_count_iqr,-0.0063023724608334,0.1351444057651376,True,True,phase-mask-dependent geometry,new_shape,image appearance
geometry_l2,known_oof,r17byphk,Batch_3,Batch_2,34,0.5819339338083744,0.6937705389423147,linear_decision_margin,inlens_speckled_particle_frac,0.0054659030086874,-0.1647942994266581,True,True,phase-mask-dependent,particle_texture,phase-mask-dependent
geometry_l2,known_oof,r17byphk,Batch_3,Batch_2,35,0.5819339338083744,0.6937705389423147,linear_decision_margin,bright_pore_crosscorr_xy_contrast_256px,0.0033592479847093,0.0593314711377975,True,True,phase-mask-dependent geometry,new_crossphase,image appearance
geometry_l2,known_oof,r17byphk,Batch_3,Batch_2,36,0.5819339338083744,0.6937705389423147,linear_decision_margin,inlens_grad_energy,0.0012427140932903,-0.0072341569054772,True,True,phase-mask-dependent,joint_appearance,phase-mask-dependent
geometry_l2,known_oof,r17byphk,Batch_3,Batch_2,37,0.5819339338083744,0.6937705389423147,linear_decision_margin,ridge_p97,0.0005400368478764,-0.6701383087346188,True,True,phase-mask-dependent,joint_appearance,phase-mask-dependent
geometry_l2,known_oof,4ih2ggld,Batch_3,Batch_1,1,0.8023907321684838,0.0870326628475167,linear_decision_margin,fft_slope,-0.3180570077823207,1.251373727173317,True,True,image appearance,raw_BSE_anchors,image appearance
geometry_l2,known_oof,4ih2ggld,Batch_3,Batch_1,2,0.8023907321684838,0.0870326628475167,linear_decision_margin,pore_count_per_Mpx,-0.296808999754544,1.9361076666545571,True,True,phase-mask-dependent,existing_pore,phase-mask-dependent
geometry_l2,known_oof,4ih2ggld,Batch_3,Batch_1,3,0.8023907321684838,0.0870326628475167,linear_decision_margin,void_local_width_d90_px,-0.2964691975148324,3.3505269457669895,True,True,phase-mask-dependent geometry,new_width,image appearance
geometry_l2,known_oof,4ih2ggld,Batch_3,Batch_1,4,0.8023907321684838,0.0870326628475167,linear_decision_margin,void_local_width_d50_px,0.1907751991667568,1.293203232846699,True,True,phase-mask-dependent geometry,new_width,image appearance
geometry_l2,known_oof,4ih2ggld,Batch_3,Batch_1,5,0.8023907321684838,0.0870326628475167,linear_decision_margin,pore_frac,0.1335678635530127,0.6060214653233007,True,True,phase-mask-dependent,existing_pore,phase-mask-dependent
geometry_l2,known_oof,4ih2ggld,Batch_3,Batch_1,6,0.8023907321684838,0.0870326628475167,linear_decision_margin,crack_count_per_Mpx,-0.1259961029417077,1.2683165362794535,True,True,phase-mask-dependent,existing_pore,phase-mask-dependent
geometry_l2,known_oof,4ih2ggld,Batch_3,Batch_1,7,0.8023907321684838,0.0870326628475167,linear_decision_margin,pore_max_d,0.0917028811003458,0.4162797219870472,True,True,phase-mask-dependent,existing_pore,phase-mask-dependent
geometry_l2,known_oof,4ih2ggld,Batch_3,Batch_1,8,0.8023907321684838,0.0870326628475167,linear_decision_margin,bright_d90,-0.0682109656591571,-0.3043171909366917,False,True,phase-mask-dependent,existing_bright,phase-mask-dependent
geometry_l2,known_oof,4ih2ggld,Batch_3,Batch_1,9,0.8023907321684838,0.0870326628475167,linear_decision_margin,bright_aspect_count_iqr,0.0665830365935206,-0.3050751454953135,False,True,phase-mask-dependent geometry,new_shape,image appearance
geometry_l2,known_oof,4ih2ggld,Batch_3,Batch_1,10,0.8023907321684838,0.0870326628475167,linear_decision_margin,crack_frac,0.0624362508772783,1.1054334078474433,True,True,phase-mask-dependent,existing_pore,phase-mask-dependent
geometry_l2,known_oof,4ih2ggld,Batch_3,Batch_1,11,0.8023907321684838,0.0870326628475167,linear_decision_margin,pore_elong,-0.0548277025203218,-1.538931309963398,True,True,phase-mask-dependent,existing_pore,phase-mask-dependent
geometry_l2,known_oof,4ih2ggld,Batch_3,Batch_1,12,0.8023907321684838,0.0870326628475167,linear_decision_margin,pore_d50,0.051670261196048,1.3591072029573013,True,True,phase-mask-dependent,existing_pore,phase-mask-dependent
geometry_l2,known_oof,4ih2ggld,Batch_3,Batch_1,13,0.8023907321684838,0.0870326628475167,linear_decision_margin,corr_len_px,-0.0468870713886476,-0.8050055431119826,True,True,image appearance,raw_BSE_anchors,image appearance
geometry_l2,known_oof,4ih2ggld,Batch_3,Batch_1,14,0.8023907321684838,0.0870326628475167,linear_decision_margin,bright_d50,0.0357961903748096,-0.1716094398679276,False,True,phase-mask-dependent,existing_bright,phase-mask-dependent
geometry_l2,known_oof,4ih2ggld,Batch_3,Batch_1,15,0.8023907321684838,0.0870326628475167,linear_decision_margin,crack_g_0.05,-0.0350137007392223,0.2053616411047269,False,True,phase-mask-dependent,joint_appearance,phase-mask-dependent
geometry_l2,known_oof,4ih2ggld,Batch_3,Batch_1,16,0.8023907321684838,0.0870326628475167,linear_decision_margin,bright_count_per_Mpx,-0.0333928239487363,-0.1602483290379512,False,True,phase-mask-dependent,existing_bright,phase-mask-dependent
geometry_l2,known_oof,4ih2ggld,Batch_3,Batch_1,17,0.8023907321684838,0.0870326628475167,linear_decision_margin,inlens_speckled_particle_frac,0.0306690992303835,-0.2498439078727581,False,True,phase-mask-dependent,particle_texture,phase-mask-dependent
geometry_l2,known_oof,4ih2ggld,Batch_3,Batch_1,18,0.8023907321684838,0.0870326628475167,linear_decision_margin,inlens_grad_energy,-0.029972519138423,0.1077280600496951,False,True,phase-mask-dependent,joint_appearance,phase-mask-dependent
geometry_l2,known_oof,4ih2ggld,Batch_3,Batch_1,19,0.8023907321684838,0.0870326628475167,linear_decision_margin,pore_d90,0.0271494969087216,0.3272179218578643,True,True,phase-mask-dependent,existing_pore,phase-mask-dependent
geometry_l2,known_oof,4ih2ggld,Batch_3,Batch_1,20,0.8023907321684838,0.0870326628475167,linear_decision_margin,etd_crack_density_graphite,-0.0265811581300396,-0.1314329850411595,False,True,phase-mask-dependent,joint_appearance,phase-mask-dependent
geometry_l2,known_oof,4ih2ggld,Batch_3,Batch_1,21,0.8023907321684838,0.0870326628475167,linear_decision_margin,bright_solidity,0.0236424466084143,-0.1528136140025656,False,True,phase-mask-dependent,existing_bright,phase-mask-dependent
geometry_l2,known_oof,4ih2ggld,Batch_3,Batch_1,22,0.8023907321684838,0.0870326628475167,linear_decision_margin,ridge_p97,-0.0224973943488686,-0.1139233195556786,False,True,phase-mask-dependent,joint_appearance,phase-mask-dependent
geometry_l2,known_oof,4ih2ggld,Batch_3,Batch_1,23,0.8023907321684838,0.0870326628475167,linear_decision_margin,inlens_particle_texture,-0.0173823537707324,0.0479022446579216,False,True,phase-mask-dependent,particle_texture,phase-mask-dependent
geometry_l2,known_oof,4ih2ggld,Batch_3,Batch_1,24,0.8023907321684838,0.0870326628475167,linear_decision_margin,local_bright_std_512px,-0.0167172461051838,-0.1444452333025929,False,True,phase-mask-dependent geometry,new_dispersion,image appearance
geometry_l2,known_oof,4ih2ggld,Batch_3,Batch_1,25,0.8023907321684838,0.0870326628475167,linear_decision_margin,inlens_particle_texture_p90,-0.0152485364812037,0.0494403671064678,False,True,phase-mask-dependent,particle_texture,phase-mask-dependent
geometry_l2,known_oof,4ih2ggld,Batch_3,Batch_1,26,0.8023907321684838,0.0870326628475167,linear_decision_margin,graph_edge_length_iqr_ratio,-0.0137400096252472,-0.0577068785245081,False,True,phase-mask-dependent geometry,new_spacing,image appearance
geometry_l2,known_oof,4ih2ggld,Batch_3,Batch_1,27,0.8023907321684838,0.0870326628475167,linear_decision_margin,crack_g_0.2,-0.0132053182461957,-0.0531894290609363,False,True,phase-mask-dependent,joint_appearance,phase-mask-dependent
geometry_l2,known_oof,4ih2ggld,Batch_3,Batch_1,28,0.8023907321684838,0.0870326628475167,linear_decision_margin,etd_crack_density_particles,0.0067855911666953,-0.3060165388091883,False,True,phase-mask-dependent,joint_appearance,phase-mask-dependent
geometry_l2,known_oof,4ih2ggld,Batch_3,Batch_1,29,0.8023907321684838,0.0870326628475167,linear_decision_margin,bright_circularity_count_iqr,0.0054078340499649,0.1068746029631045,False,True,phase-mask-dependent geometry,new_shape,image appearance
geometry_l2,known_oof,4ih2ggld,Batch_3,Batch_1,30,0.8023907321684838,0.0870326628475167,linear_decision_margin,crack_g_0.1,-0.0047896437250413,-0.0519266329500189,False,True,phase-mask-dependent,joint_appearance,phase-mask-dependent
geometry_l2,known_oof,4ih2ggld,Batch_3,Batch_1,31,0.8023907321684838,0.0870326628475167,linear_decision_margin,bright_max_d,-0.0042806697213269,-0.1328745772916542,False,True,phase-mask-dependent,existing_bright,phase-mask-dependent
geometry_l2,known_oof,4ih2ggld,Batch_3,Batch_1,32,0.8023907321684838,0.0870326628475167,linear_decision_margin,bright_pore_crosscorr_xy_contrast_256px,-0.0036271796218123,0.0162958672116344,False,True,phase-mask-dependent geometry,new_crossphase,image appearance
geometry_l2,known_oof,4ih2ggld,Batch_3,Batch_1,33,0.8023907321684838,0.0870326628475167,linear_decision_margin,bright_frac,0.0033694690547294,0.0394571221358493,False,True,phase-mask-dependent,existing_bright,phase-mask-dependent
geometry_l2,known_oof,4ih2ggld,Batch_3,Batch_1,34,0.8023907321684838,0.0870326628475167,linear_decision_margin,crack_g_0.3,-0.0023202370849048,-0.0097258311953086,False,True,phase-mask-dependent,joint_appearance,phase-mask-dependent
geometry_l2,known_oof,4ih2ggld,Batch_3,Batch_1,35,0.8023907321684838,0.0870326628475167,linear_decision_margin,bright_d10,0.0012457038589567,-0.1137666162855905,False,True,phase-mask-dependent,existing_bright,phase-mask-dependent
geometry_l2,known_oof,4ih2ggld,Batch_3,Batch_1,36,0.8023907321684838,0.0870326628475167,linear_decision_margin,bright_circ,-0.0006611756945166,0.0209021066709994,False,True,phase-mask-dependent,existing_bright,phase-mask-dependent
geometry_l2,known_oof,4ih2ggld,Batch_3,Batch_1,37,0.8023907321684838,0.0870326628475167,linear_decision_margin,bright_solidity_count_q10,0.0005276208823815,0.0490713143964749,False,True,phase-mask-dependent geometry,new_shape,image appearance
geometry_l2,known_oof,iv6g2oq0,Batch_1,Batch_3,1,-0.7089897899081883,1.5283857750722567,linear_decision_margin,bright_pore_crosscorr_xy_contrast_256px,0.3372921347650336,2.2204553898105512,True,True,phase-mask-dependent geometry,new_crossphase,image appearance
geometry_l2,known_oof,iv6g2oq0,Batch_1,Batch_3,2,-0.7089897899081883,1.5283857750722567,linear_decision_margin,void_local_width_d90_px,0.3349274220419705,1.4068784686391884,True,True,phase-mask-dependent geometry,new_width,image appearance
geometry_l2,known_oof,iv6g2oq0,Batch_1,Batch_3,3,-0.7089897899081883,1.5283857750722567,linear_decision_margin,inlens_particle_texture,0.3125371458993617,0.9303956456175176,True,True,phase-mask-dependent,particle_texture,phase-mask-dependent
geometry_l2,known_oof,iv6g2oq0,Batch_1,Batch_3,4,-0.7089897899081883,1.5283857750722567,linear_decision_margin,crack_g_0.2,0.2806209464031332,-1.3852043149930386,True,True,phase-mask-dependent,joint_appearance,phase-mask-dependent
geometry_l2,known_oof,iv6g2oq0,Batch_1,Batch_3,5,-0.7089897899081883,1.5283857750722567,linear_decision_margin,crack_g_0.3,0.2396381589702398,-1.260658453617599,True,True,phase-mask-dependent,joint_appearance,phase-mask-dependent
geometry_l2,known_oof,iv6g2oq0,Batch_1,Batch_3,6,-0.7089897899081883,1.5283857750722567,linear_decision_margin,inlens_particle_texture_p90,0.2329183660314072,0.8363659178951796,True,True,phase-mask-dependent,particle_texture,phase-mask-dependent
geometry_l2,known_oof,iv6g2oq0,Batch_1,Batch_3,7,-0.7089897899081883,1.5283857750722567,linear_decision_margin,pore_frac,-0.2056236195007751,0.8588883134731713,True,True,phase-mask-dependent,existing_pore,phase-mask-dependent
geometry_l2,known_oof,iv6g2oq0,Batch_1,Batch_3,8,-0.7089897899081883,1.5283857750722567,linear_decision_margin,crack_count_per_Mpx,0.1888245864933785,1.7395663735610822,True,True,phase-mask-dependent,existing_pore,phase-mask-dependent
geometry_l2,known_oof,iv6g2oq0,Batch_1,Batch_3,9,-0.7089897899081883,1.5283857750722567,linear_decision_margin,ridge_p97,0.1861833294520496,-1.222328458945936,True,True,phase-mask-dependent,joint_appearance,phase-mask-dependent
geometry_l2,known_oof,iv6g2oq0,Batch_1,Batch_3,10,-0.7089897899081883,1.5283857750722567,linear_decision_margin,corr_len_px,-0.1817272889932727,1.0275395678278163,True,True,image appearance,raw_BSE_anchors,image appearance
geometry_l2,known_oof,iv6g2oq0,Batch_1,Batch_3,11,-0.7089897899081883,1.5283857750722567,linear_decision_margin,etd_crack_density_graphite,0.1722575808942596,-1.0365454911906946,True,True,phase-mask-dependent,joint_appearance,phase-mask-dependent
geometry_l2,known_oof,iv6g2oq0,Batch_1,Batch_3,12,-0.7089897899081883,1.5283857750722567,linear_decision_margin,inlens_grad_energy,0.1629703765102353,0.613859718490767,True,True,phase-mask-dependent,joint_appearance,phase-mask-dependent
geometry_l2,known_oof,iv6g2oq0,Batch_1,Batch_3,13,-0.7089897899081883,1.5283857750722567,linear_decision_margin,bright_d90,0.1476367051748593,-0.716962917191596,True,True,phase-mask-dependent,existing_bright,phase-mask-dependent
geometry_l2,known_oof,iv6g2oq0,Batch_1,Batch_3,14,-0.7089897899081883,1.5283857750722567,linear_decision_margin,bright_d50,0.143842635125994,0.8879110706731471,True,True,phase-mask-dependent,existing_bright,phase-mask-dependent
geometry_l2,known_oof,iv6g2oq0,Batch_1,Batch_3,15,-0.7089897899081883,1.5283857750722567,linear_decision_margin,void_local_width_d50_px,-0.128838892075622,1.293203232846699,True,True,phase-mask-dependent geometry,new_width,image appearance
geometry_l2,known_oof,iv6g2oq0,Batch_1,Batch_3,16,-0.7089897899081883,1.5283857750722567,linear_decision_margin,bright_solidity,-0.0847919147351887,-0.4617112425637215,True,True,phase-mask-dependent,existing_bright,phase-mask-dependent
geometry_l2,known_oof,iv6g2oq0,Batch_1,Batch_3,17,-0.7089897899081883,1.5283857750722567,linear_decision_margin,graph_edge_length_iqr_ratio,0.0817507136676993,-0.3751451671899963,True,True,phase-mask-dependent geometry,new_spacing,image appearance
geometry_l2,known_oof,iv6g2oq0,Batch_1,Batch_3,18,-0.7089897899081883,1.5283857750722567,linear_decision_margin,crack_g_0.05,0.077587742427613,0.4671231548322675,True,True,phase-mask-dependent,joint_appearance,phase-mask-dependent
geometry_l2,known_oof,iv6g2oq0,Batch_1,Batch_3,19,-0.7089897899081883,1.5283857750722567,linear_decision_margin,pore_elong,-0.0740515707648094,0.4757988547976287,True,True,phase-mask-dependent,existing_pore,phase-mask-dependent
geometry_l2,known_oof,iv6g2oq0,Batch_1,Batch_3,20,-0.7089897899081883,1.5283857750722567,linear_decision_margin,fft_slope,-0.0564712701603247,-0.1887019627401427,True,True,image appearance,raw_BSE_anchors,image appearance
geometry_l2,known_oof,iv6g2oq0,Batch_1,Batch_3,21,-0.7089897899081883,1.5283857750722567,linear_decision_margin,crack_g_0.1,0.0540024336237092,-0.8895433923460717,True,True,phase-mask-dependent,joint_appearance,phase-mask-dependent
geometry_l2,known_oof,iv6g2oq0,Batch_1,Batch_3,22,-0.7089897899081883,1.5283857750722567,linear_decision_margin,local_bright_std_512px,0.0530800041980324,-0.5385446098967618,True,True,phase-mask-dependent geometry,new_dispersion,image appearance
geometry_l2,known_oof,iv6g2oq0,Batch_1,Batch_3,23,-0.7089897899081883,1.5283857750722567,linear_decision_margin,bright_aspect_count_iqr,-0.0513982594349207,-0.2258001346993366,True,True,phase-mask-dependent geometry,new_shape,image appearance
geometry_l2,known_oof,iv6g2oq0,Batch_1,Batch_3,24,-0.7089897899081883,1.5283857750722567,linear_decision_margin,pore_count_per_Mpx,0.0427704194052739,0.158705123104127,True,True,phase-mask-dependent,existing_pore,phase-mask-dependent
geometry_l2,known_oof,iv6g2oq0,Batch_1,Batch_3,25,-0.7089897899081883,1.5283857750722567,linear_decision_margin,etd_crack_density_particles,-0.0411583037832535,-0.797487085818788,True,True,phase-mask-dependent,joint_appearance,phase-mask-dependent
geometry_l2,known_oof,iv6g2oq0,Batch_1,Batch_3,26,-0.7089897899081883,1.5283857750722567,linear_decision_margin,crack_frac,-0.0191699281718114,0.7518606462259588,True,True,phase-mask-dependent,existing_pore,phase-mask-dependent
geometry_l2,known_oof,iv6g2oq0,Batch_1,Batch_3,27,-0.7089897899081883,1.5283857750722567,linear_decision_margin,bright_count_per_Mpx,0.01877187849457,-0.0833524258523868,True,True,phase-mask-dependent,existing_bright,phase-mask-dependent
geometry_l2,known_oof,iv6g2oq0,Batch_1,Batch_3,28,-0.7089897899081883,1.5283857750722567,linear_decision_margin,pore_max_d,0.0179446735272342,-0.087665594504459,True,True,phase-mask-dependent,existing_pore,phase-mask-dependent
geometry_l2,known_oof,iv6g2oq0,Batch_1,Batch_3,29,-0.7089897899081883,1.5283857750722567,linear_decision_margin,inlens_speckled_particle_frac,-0.0176705287944473,-0.1511464309800239,True,True,phase-mask-dependent,particle_texture,phase-mask-dependent
geometry_l2,known_oof,iv6g2oq0,Batch_1,Batch_3,30,-0.7089897899081883,1.5283857750722567,linear_decision_margin,pore_d50,0.0117765258958659,0.6119131150957744,True,True,phase-mask-dependent,existing_pore,phase-mask-dependent
geometry_l2,known_oof,iv6g2oq0,Batch_1,Batch_3,31,-0.7089897899081883,1.5283857750722567,linear_decision_margin,bright_d10,-0.0090459408891845,-0.3100882206387884,True,True,phase-mask-dependent,existing_bright,phase-mask-dependent
geometry_l2,known_oof,iv6g2oq0,Batch_1,Batch_3,32,-0.7089897899081883,1.5283857750722567,linear_decision_margin,bright_max_d,0.0088677868525664,-1.4004252586928048,True,True,phase-mask-dependent,existing_bright,phase-mask-dependent
geometry_l2,known_oof,iv6g2oq0,Batch_1,Batch_3,33,-0.7089897899081883,1.5283857750722567,linear_decision_margin,bright_circularity_count_iqr,-0.0071673249815202,0.1081647813272515,True,True,phase-mask-dependent geometry,new_shape,image appearance
geometry_l2,known_oof,iv6g2oq0,Batch_1,Batch_3,34,-0.7089897899081883,1.5283857750722567,linear_decision_margin,bright_frac,0.0062340423042016,-0.0914253608264245,True,True,phase-mask-dependent,existing_bright,phase-mask-dependent
geometry_l2,known_oof,iv6g2oq0,Batch_1,Batch_3,35,-0.7089897899081883,1.5283857750722567,linear_decision_margin,bright_circ,0.0059446159484723,0.6511854782031169,True,True,phase-mask-dependent,existing_bright,phase-mask-dependent
geometry_l2,known_oof,iv6g2oq0,Batch_1,Batch_3,36,-0.7089897899081883,1.5283857750722567,linear_decision_margin,pore_d90,-0.0038275627071867,0.046764509745438,True,True,phase-mask-dependent,existing_pore,phase-mask-dependent
geometry_l2,known_oof,iv6g2oq0,Batch_1,Batch_3,37,-0.7089897899081883,1.5283857750722567,linear_decision_margin,bright_solidity_count_q10,-6.225413439930739e-05,-0.1776579380363041,True,True,phase-mask-dependent geometry,new_shape,image appearance
geometry_l2,known_oof,uhdslk0o,Batch_2,Batch_3,1,-0.4571999525892646,2.0199391881136366,linear_decision_margin,bright_aspect_count_iqr,1.2829526620141734,8.964860112082233,True,True,phase-mask-dependent geometry,new_shape,image appearance
geometry_l2,known_oof,uhdslk0o,Batch_2,Batch_3,2,-0.4571999525892646,2.0199391881136366,linear_decision_margin,inlens_particle_texture,0.4094681070868885,1.1862801912200087,True,True,phase-mask-dependent,particle_texture,phase-mask-dependent
geometry_l2,known_oof,uhdslk0o,Batch_2,Batch_3,3,-0.4571999525892646,2.0199391881136366,linear_decision_margin,bright_d50,0.1952263450459665,2.228122351646306,True,True,phase-mask-dependent,existing_bright,phase-mask-dependent
geometry_l2,known_oof,uhdslk0o,Batch_2,Batch_3,4,-0.4571999525892646,2.0199391881136366,linear_decision_margin,inlens_particle_texture_p90,0.1844435346369481,0.942845841668376,True,True,phase-mask-dependent,particle_texture,phase-mask-dependent
geometry_l2,known_oof,uhdslk0o,Batch_2,Batch_3,5,-0.4571999525892646,2.0199391881136366,linear_decision_margin,bright_circularity_count_iqr,-0.1594258374659553,-1.3591052634666598,True,True,phase-mask-dependent geometry,new_shape,image appearance
geometry_l2,known_oof,uhdslk0o,Batch_2,Batch_3,6,-0.4571999525892646,2.0199391881136366,linear_decision_margin,inlens_grad_energy,0.1504475450969944,1.0290463889130634,True,True,phase-mask-dependent,joint_appearance,phase-mask-dependent
geometry_l2,known_oof,uhdslk0o,Batch_2,Batch_3,7,-0.4571999525892646,2.0199391881136366,linear_decision_margin,corr_len_px,0.1082034468384584,-0.4974958703567105,True,True,image appearance,raw_BSE_anchors,image appearance
geometry_l2,known_oof,uhdslk0o,Batch_2,Batch_3,8,-0.4571999525892646,2.0199391881136366,linear_decision_margin,crack_g_0.2,0.1024311530826266,-0.8386021024434094,True,True,phase-mask-dependent,joint_appearance,phase-mask-dependent
geometry_l2,known_oof,uhdslk0o,Batch_2,Batch_3,9,-0.4571999525892646,2.0199391881136366,linear_decision_margin,crack_g_0.3,0.0926502411937872,-0.7893610177268745,True,True,phase-mask-dependent,joint_appearance,phase-mask-dependent
geometry_l2,known_oof,uhdslk0o,Batch_2,Batch_3,10,-0.4571999525892646,2.0199391881136366,linear_decision_margin,bright_solidity_count_q10,0.0764387243954957,-1.4913066374889896,True,True,phase-mask-dependent geometry,new_shape,image appearance
geometry_l2,known_oof,uhdslk0o,Batch_2,Batch_3,11,-0.4571999525892646,2.0199391881136366,linear_decision_margin,crack_count_per_Mpx,-0.0632057052694913,0.8233071093068308,True,True,phase-mask-dependent,existing_pore,phase-mask-dependent
geometry_l2,known_oof,uhdslk0o,Batch_2,Batch_3,12,-0.4571999525892646,2.0199391881136366,linear_decision_margin,bright_count_per_Mpx,-0.062590390112419,0.84336274815943,True,True,phase-mask-dependent,existing_bright,phase-mask-dependent
geometry_l2,known_oof,uhdslk0o,Batch_2,Batch_3,13,-0.4571999525892646,2.0199391881136366,linear_decision_margin,bright_circ,0.0594089583376022,-0.5790816020450354,True,True,phase-mask-dependent,existing_bright,phase-mask-dependent
geometry_l2,known_oof,uhdslk0o,Batch_2,Batch_3,14,-0.4571999525892646,2.0199391881136366,linear_decision_margin,bright_d90,-0.0543579023428453,0.9420484621508765,True,True,phase-mask-dependent,existing_bright,phase-mask-dependent
geometry_l2,known_oof,uhdslk0o,Batch_2,Batch_3,15,-0.4571999525892646,2.0199391881136366,linear_decision_margin,pore_d90,0.05402658734917,-0.3746468894254302,True,True,phase-mask-dependent,existing_pore,phase-mask-dependent
geometry_l2,known_oof,uhdslk0o,Batch_2,Batch_3,16,-0.4571999525892646,2.0199391881136366,linear_decision_margin,bright_frac,-0.0523307191828883,0.6903709192450792,True,True,phase-mask-dependent,existing_bright,phase-mask-dependent
geometry_l2,known_oof,uhdslk0o,Batch_2,Batch_3,17,-0.4571999525892646,2.0199391881136366,linear_decision_margin,pore_count_per_Mpx,-0.0507352060403235,0.1337850988386476,True,True,phase-mask-dependent,existing_pore,phase-mask-dependent
geometry_l2,known_oof,uhdslk0o,Batch_2,Batch_3,18,-0.4571999525892646,2.0199391881136366,linear_decision_margin,pore_max_d,0.040468524296097,-0.1837935288564837,True,True,phase-mask-dependent,existing_pore,phase-mask-dependent
geometry_l2,known_oof,uhdslk0o,Batch_2,Batch_3,19,-0.4571999525892646,2.0199391881136366,linear_decision_margin,pore_d50,0.0398789482749704,-0.2214141459167386,True,True,phase-mask-dependent,existing_pore,phase-mask-dependent
geometry_l2,known_oof,uhdslk0o,Batch_2,Batch_3,20,-0.4571999525892646,2.0199391881136366,linear_decision_margin,etd_crack_density_graphite,0.0398098306422195,-0.6843184219378609,True,True,phase-mask-dependent,joint_appearance,phase-mask-dependent
geometry_l2,known_oof,uhdslk0o,Batch_2,Batch_3,21,-0.4571999525892646,2.0199391881136366,linear_decision_margin,crack_g_0.05,0.0243018666711076,0.4618697547245081,True,True,phase-mask-dependent,joint_appearance,phase-mask-dependent
geometry_l2,known_oof,uhdslk0o,Batch_2,Batch_3,22,-0.4571999525892646,2.0199391881136366,linear_decision_margin,graph_edge_length_iqr_ratio,0.0209168761618534,-0.0493393154217556,True,True,phase-mask-dependent geometry,new_spacing,image appearance
geometry_l2,known_oof,uhdslk0o,Batch_2,Batch_3,23,-0.4571999525892646,2.0199391881136366,linear_decision_margin,pore_elong,0.0157560832119521,-0.1706652250282646,True,True,phase-mask-dependent,existing_pore,phase-mask-dependent
geometry_l2,known_oof,uhdslk0o,Batch_2,Batch_3,24,-0.4571999525892646,2.0199391881136366,linear_decision_margin,bright_solidity,-0.0154283931342444,0.3389979159600505,True,True,phase-mask-dependent,existing_bright,phase-mask-dependent
geometry_l2,known_oof,uhdslk0o,Batch_2,Batch_3,25,-0.4571999525892646,2.0199391881136366,linear_decision_margin,void_local_width_d90_px,0.0142426768590272,-0.3180657702741696,True,True,phase-mask-dependent geometry,new_width,image appearance
geometry_l2,known_oof,uhdslk0o,Batch_2,Batch_3,26,-0.4571999525892646,2.0199391881136366,linear_decision_margin,etd_crack_density_particles,0.0104062775213794,-0.1097302156354854,True,True,phase-mask-dependent,joint_appearance,phase-mask-dependent
geometry_l2,known_oof,uhdslk0o,Batch_2,Batch_3,27,-0.4571999525892646,2.0199391881136366,linear_decision_margin,ridge_p97,0.0100638919980691,-0.6946375118589431,True,True,phase-mask-dependent,joint_appearance,phase-mask-dependent
geometry_l2,known_oof,uhdslk0o,Batch_2,Batch_3,28,-0.4571999525892646,2.0199391881136366,linear_decision_margin,bright_max_d,-0.008612812429118,0.1693073866460966,True,True,phase-mask-dependent,existing_bright,phase-mask-dependent
geometry_l2,known_oof,uhdslk0o,Batch_2,Batch_3,29,-0.4571999525892646,2.0199391881136366,linear_decision_margin,crack_g_0.1,0.0083091910648546,-0.3985440705717403,True,True,phase-mask-dependent,joint_appearance,phase-mask-dependent
geometry_l2,known_oof,uhdslk0o,Batch_2,Batch_3,30,-0.4571999525892646,2.0199391881136366,linear_decision_margin,pore_frac,-0.0062426861153863,0.0173140202150132,True,True,phase-mask-dependent,existing_pore,phase-mask-dependent
geometry_l2,known_oof,uhdslk0o,Batch_2,Batch_3,31,-0.4571999525892646,2.0199391881136366,linear_decision_margin,crack_frac,0.0044684653123372,-0.0247874004890832,True,True,phase-mask-dependent,existing_pore,phase-mask-dependent
geometry_l2,known_oof,uhdslk0o,Batch_2,Batch_3,32,-0.4571999525892646,2.0199391881136366,linear_decision_margin,fft_slope,0.0043940862230663,0.0913128893967271,True,True,image appearance,raw_BSE_anchors,image appearance
geometry_l2,known_oof,uhdslk0o,Batch_2,Batch_3,33,-0.4571999525892646,2.0199391881136366,linear_decision_margin,void_local_width_d50_px,-0.003214878222794,-0.0224953400776534,True,True,phase-mask-dependent geometry,new_width,image appearance
geometry_l2,known_oof,uhdslk0o,Batch_2,Batch_3,34,-0.4571999525892646,2.0199391881136366,linear_decision_margin,bright_d10,0.002859546364933,0.0949486838218782,True,True,phase-mask-dependent,existing_bright,phase-mask-dependent
geometry_l2,known_oof,uhdslk0o,Batch_2,Batch_3,35,-0.4571999525892646,2.0199391881136366,linear_decision_margin,inlens_speckled_particle_frac,0.0025097479869614,0.5082415531467472,True,True,phase-mask-dependent,particle_texture,phase-mask-dependent
geometry_l2,known_oof,uhdslk0o,Batch_2,Batch_3,36,-0.4571999525892646,2.0199391881136366,linear_decision_margin,bright_pore_crosscorr_xy_contrast_256px,-0.0009505228833646,0.9318920410189472,True,True,phase-mask-dependent geometry,new_crossphase,image appearance
geometry_l2,known_oof,uhdslk0o,Batch_2,Batch_3,37,-0.4571999525892646,2.0199391881136366,linear_decision_margin,local_bright_std_512px,0.0001508762347911,-0.0125341749362869,True,True,phase-mask-dependent geometry,new_dispersion,image appearance
geometry_l2,known_oof,ffwubibz,Batch_2,Batch_3,1,-0.4614814023253806,2.0084572489991803,linear_decision_margin,crack_g_0.2,0.3313361526454659,-2.256941246839145,True,True,phase-mask-dependent,joint_appearance,phase-mask-dependent
geometry_l2,known_oof,ffwubibz,Batch_2,Batch_3,2,-0.4614814023253806,2.0084572489991803,linear_decision_margin,pore_max_d,0.2892855446175982,-1.1823724862672984,True,True,phase-mask-dependent,existing_pore,phase-mask-dependent
geometry_l2,known_oof,ffwubibz,Batch_2,Batch_3,3,-0.4614814023253806,2.0084572489991803,linear_decision_margin,pore_count_per_Mpx,0.2704116145491981,-0.6543743311198735,True,True,phase-mask-dependent,existing_pore,phase-mask-dependent
geometry_l2,known_oof,ffwubibz,Batch_2,Batch_3,4,-0.4614814023253806,2.0084572489991803,linear_decision_margin,crack_g_0.3,0.2577566312229829,-1.8932778101541208,True,True,phase-mask-dependent,joint_appearance,phase-mask-dependent
geometry_l2,known_oof,ffwubibz,Batch_2,Batch_3,5,-0.4614814023253806,2.0084572489991803,linear_decision_margin,corr_len_px,0.25496940453652,-1.1199102634290738,True,True,image appearance,raw_BSE_anchors,image appearance
geometry_l2,known_oof,ffwubibz,Batch_2,Batch_3,6,-0.4614814023253806,2.0084572489991803,linear_decision_margin,inlens_particle_texture,0.2385693092072364,0.711870060366646,True,True,phase-mask-dependent,particle_texture,phase-mask-dependent
geometry_l2,known_oof,ffwubibz,Batch_2,Batch_3,7,-0.4614814023253806,2.0084572489991803,linear_decision_margin,graph_edge_length_iqr_ratio,-0.2125934478444046,0.5299687825523429,True,True,phase-mask-dependent geometry,new_spacing,image appearance
geometry_l2,known_oof,ffwubibz,Batch_2,Batch_3,8,-0.4614814023253806,2.0084572489991803,linear_decision_margin,pore_frac,0.2098735070845537,-0.5642524809924878,True,True,phase-mask-dependent,existing_pore,phase-mask-dependent
geometry_l2,known_oof,ffwubibz,Batch_2,Batch_3,9,-0.4614814023253806,2.0084572489991803,linear_decision_margin,bright_circ,-0.1464835806436991,1.4918931031490517,True,True,phase-mask-dependent,existing_bright,phase-mask-dependent
geometry_l2,known_oof,ffwubibz,Batch_2,Batch_3,10,-0.4614814023253806,2.0084572489991803,linear_decision_margin,bright_max_d,0.1406747286014989,-2.019255753832132,True,True,phase-mask-dependent,existing_bright,phase-mask-dependent
geometry_l2,known_oof,ffwubibz,Batch_2,Batch_3,11,-0.4614814023253806,2.0084572489991803,linear_decision_margin,inlens_grad_energy,0.1375839942184294,0.8717886836260766,True,True,phase-mask-dependent,joint_appearance,phase-mask-dependent
geometry_l2,known_oof,ffwubibz,Batch_2,Batch_3,12,-0.4614814023253806,2.0084572489991803,linear_decision_margin,etd_crack_density_graphite,0.1136960680210081,-1.574846760949327,True,True,phase-mask-dependent,joint_appearance,phase-mask-dependent
geometry_l2,known_oof,ffwubibz,Batch_2,Batch_3,13,-0.4614814023253806,2.0084572489991803,linear_decision_margin,inlens_particle_texture_p90,0.1036998651951155,0.5131642863214477,True,True,phase-mask-dependent,particle_texture,phase-mask-dependent
geometry_l2,known_oof,ffwubibz,Batch_2,Batch_3,14,-0.4614814023253806,2.0084572489991803,linear_decision_margin,crack_g_0.1,0.0994776343509958,-2.2859952699916155,True,True,phase-mask-dependent,joint_appearance,phase-mask-dependent
geometry_l2,known_oof,ffwubibz,Batch_2,Batch_3,15,-0.4614814023253806,2.0084572489991803,linear_decision_margin,void_local_width_d50_px,-0.0983049254903484,-0.8811099139668612,True,True,phase-mask-dependent geometry,new_width,image appearance
geometry_l2,known_oof,ffwubibz,Batch_2,Batch_3,16,-0.4614814023253806,2.0084572489991803,linear_decision_margin,pore_d90,0.0930037030173595,-0.6337616759216054,True,True,phase-mask-dependent,existing_pore,phase-mask-dependent
geometry_l2,known_oof,ffwubibz,Batch_2,Batch_3,17,-0.4614814023253806,2.0084572489991803,linear_decision_margin,crack_frac,0.0909106900025344,-0.4795436511495974,True,True,phase-mask-dependent,existing_pore,phase-mask-dependent
geometry_l2,known_oof,ffwubibz,Batch_2,Batch_3,18,-0.4614814023253806,2.0084572489991803,linear_decision_margin,bright_d90,0.0874615616287757,-1.1114397377453993,True,True,phase-mask-dependent,existing_bright,phase-mask-dependent
geometry_l2,known_oof,ffwubibz,Batch_2,Batch_3,19,-0.4614814023253806,2.0084572489991803,linear_decision_margin,pore_elong,0.0848890258426567,-0.8021527024964763,True,True,phase-mask-dependent,existing_pore,phase-mask-dependent
geometry_l2,known_oof,ffwubibz,Batch_2,Batch_3,20,-0.4614814023253806,2.0084572489991803,linear_decision_margin,bright_count_per_Mpx,0.0824569602649498,-1.0537225930444167,True,True,phase-mask-dependent,existing_bright,phase-mask-dependent
geometry_l2,known_oof,ffwubibz,Batch_2,Batch_3,21,-0.4614814023253806,2.0084572489991803,linear_decision_margin,etd_crack_density_particles,0.0771941085509691,-0.9363561488743836,True,True,phase-mask-dependent,joint_appearance,phase-mask-dependent
geometry_l2,known_oof,ffwubibz,Batch_2,Batch_3,22,-0.4614814023253806,2.0084572489991803,linear_decision_margin,bright_frac,0.0744578962107286,-1.196896876893863,True,True,phase-mask-dependent,existing_bright,phase-mask-dependent
geometry_l2,known_oof,ffwubibz,Batch_2,Batch_3,23,-0.4614814023253806,2.0084572489991803,linear_decision_margin,ridge_p97,0.072224767584023,-1.790591698740094,True,True,phase-mask-dependent,joint_appearance,phase-mask-dependent
geometry_l2,known_oof,ffwubibz,Batch_2,Batch_3,24,-0.4614814023253806,2.0084572489991803,linear_decision_margin,bright_circularity_count_iqr,-0.0490866566608839,-0.4237262199223356,True,True,phase-mask-dependent geometry,new_shape,image appearance
geometry_l2,known_oof,ffwubibz,Batch_2,Batch_3,25,-0.4614814023253806,2.0084572489991803,linear_decision_margin,bright_d50,-0.0321025751306146,-0.5948797273279336,True,True,phase-mask-dependent,existing_bright,phase-mask-dependent
geometry_l2,known_oof,ffwubibz,Batch_2,Batch_3,26,-0.4614814023253806,2.0084572489991803,linear_decision_margin,bright_solidity,-0.0229244234651378,0.6504101730734728,True,True,phase-mask-dependent,existing_bright,phase-mask-dependent
geometry_l2,known_oof,ffwubibz,Batch_2,Batch_3,27,-0.4614814023253806,2.0084572489991803,linear_decision_margin,bright_aspect_count_iqr,-0.0193583310399781,-0.734572815544594,True,True,phase-mask-dependent geometry,new_shape,image appearance
geometry_l2,known_oof,ffwubibz,Batch_2,Batch_3,28,-0.4614814023253806,2.0084572489991803,linear_decision_margin,crack_g_0.05,-0.0190838904678232,-0.494659805945727,True,True,phase-mask-dependent,joint_appearance,phase-mask-dependent
geometry_l2,known_oof,ffwubibz,Batch_2,Batch_3,29,-0.4614814023253806,2.0084572489991803,linear_decision_margin,bright_solidity_count_q10,-0.0188061302205013,0.4698734871837219,True,True,phase-mask-dependent geometry,new_shape,image appearance
geometry_l2,known_oof,ffwubibz,Batch_2,Batch_3,30,-0.4614814023253806,2.0084572489991803,linear_decision_margin,crack_count_per_Mpx,-0.0185415564576065,0.240213452915234,True,True,phase-mask-dependent,existing_pore,phase-mask-dependent
geometry_l2,known_oof,ffwubibz,Batch_2,Batch_3,31,-0.4614814023253806,2.0084572489991803,linear_decision_margin,local_bright_std_512px,0.0111527513166355,-1.0278302733092468,True,True,phase-mask-dependent geometry,new_dispersion,image appearance
geometry_l2,known_oof,ffwubibz,Batch_2,Batch_3,32,-0.4614814023253806,2.0084572489991803,linear_decision_margin,bright_d10,-0.0060701541019694,-0.560397574203768,True,True,phase-mask-dependent,existing_bright,phase-mask-dependent
geometry_l2,known_oof,ffwubibz,Batch_2,Batch_3,33,-0.4614814023253806,2.0084572489991803,linear_decision_margin,fft_slope,-0.0060160973019689,-0.2730453720735271,True,True,image appearance,raw_BSE_anchors,image appearance
geometry_l2,known_oof,ffwubibz,Batch_2,Batch_3,34,-0.4614814023253806,2.0084572489991803,linear_decision_margin,inlens_speckled_particle_frac,0.0040438373565403,0.1966323193790313,True,True,phase-mask-dependent,particle_texture,phase-mask-dependent
geometry_l2,known_oof,ffwubibz,Batch_2,Batch_3,35,-0.4614814023253806,2.0084572489991803,linear_decision_margin,bright_pore_crosscorr_xy_contrast_256px,-0.0036475575101598,0.1773447820032926,True,True,phase-mask-dependent geometry,new_crossphase,image appearance
geometry_l2,known_oof,ffwubibz,Batch_2,Batch_3,36,-0.4614814023253806,2.0084572489991803,linear_decision_margin,pore_d50,-0.0030273686107602,0.0187175365694513,True,True,phase-mask-dependent,existing_pore,phase-mask-dependent
geometry_l2,known_oof,ffwubibz,Batch_2,Batch_3,37,-0.4614814023253806,2.0084572489991803,linear_decision_margin,void_local_width_d90_px,0.0008555902446413,-0.0235174001835811,True,True,phase-mask-dependent geometry,new_width,image appearance
geometry_l2,known_oof,hzumfsms,Batch_3,Batch_1,1,0.614946162845101,3.990619797482624,linear_decision_margin,pore_max_d,1.0341401597540278,4.578129828494591,True,True,phase-mask-dependent,existing_pore,phase-mask-dependent
geometry_l2,known_oof,hzumfsms,Batch_3,Batch_1,2,0.614946162845101,3.990619797482624,linear_decision_margin,pore_frac,0.7299860431732973,3.3613703949643643,True,True,phase-mask-dependent,existing_pore,phase-mask-dependent
geometry_l2,known_oof,hzumfsms,Batch_3,Batch_1,3,0.614946162845101,3.990619797482624,linear_decision_margin,fft_slope,0.6683391199776597,-2.279334692827574,True,True,image appearance,raw_BSE_anchors,image appearance
geometry_l2,known_oof,hzumfsms,Batch_3,Batch_1,4,0.614946162845101,3.990619797482624,linear_decision_margin,pore_d90,0.5701429560189534,6.477771550123652,True,True,phase-mask-dependent,existing_pore,phase-mask-dependent
geometry_l2,known_oof,hzumfsms,Batch_3,Batch_1,5,0.614946162845101,3.990619797482624,linear_decision_margin,void_local_width_d90_px,-0.4916188130374246,1.984697444925396,True,True,phase-mask-dependent geometry,new_width,image appearance
geometry_l2,known_oof,hzumfsms,Batch_3,Batch_1,6,0.614946162845101,3.990619797482624,linear_decision_margin,crack_g_0.05,0.4321582322202374,-2.330779990894593,True,True,phase-mask-dependent,joint_appearance,phase-mask-dependent
geometry_l2,known_oof,hzumfsms,Batch_3,Batch_1,7,0.614946162845101,3.990619797482624,linear_decision_margin,bright_solidity,-0.420060695099911,3.042356462922864,True,True,phase-mask-dependent,existing_bright,phase-mask-dependent
geometry_l2,known_oof,hzumfsms,Batch_3,Batch_1,8,0.614946162845101,3.990619797482624,linear_decision_margin,bright_pore_crosscorr_xy_contrast_256px,0.2610203235094297,-1.3594027173818763,True,True,phase-mask-dependent geometry,new_crossphase,image appearance
geometry_l2,known_oof,hzumfsms,Batch_3,Batch_1,9,0.614946162845101,3.990619797482624,linear_decision_margin,bright_d50,0.1975566073587654,-0.9710174764734588,True,True,phase-mask-dependent,existing_bright,phase-mask-dependent
geometry_l2,known_oof,hzumfsms,Batch_3,Batch_1,10,0.614946162845101,3.990619797482624,linear_decision_margin,bright_count_per_Mpx,-0.1866922876540624,-0.8893045878998481,True,True,phase-mask-dependent,existing_bright,phase-mask-dependent
geometry_l2,known_oof,hzumfsms,Batch_3,Batch_1,11,0.614946162845101,3.990619797482624,linear_decision_margin,pore_elong,0.1843196666008771,1.751749108901642,True,True,phase-mask-dependent,existing_pore,phase-mask-dependent
geometry_l2,known_oof,hzumfsms,Batch_3,Batch_1,12,0.614946162845101,3.990619797482624,linear_decision_margin,bright_circ,-0.1157857387685067,2.69201650060242,True,True,phase-mask-dependent,existing_bright,phase-mask-dependent
geometry_l2,known_oof,hzumfsms,Batch_3,Batch_1,13,0.614946162845101,3.990619797482624,linear_decision_margin,crack_g_0.2,0.11331989132092,0.5043568146309099,True,True,phase-mask-dependent,joint_appearance,phase-mask-dependent
geometry_l2,known_oof,hzumfsms,Batch_3,Batch_1,14,0.614946162845101,3.990619797482624,linear_decision_margin,crack_g_0.3,0.1109334637361571,0.5257740748529863,True,True,phase-mask-dependent,joint_appearance,phase-mask-dependent
geometry_l2,known_oof,hzumfsms,Batch_3,Batch_1,15,0.614946162845101,3.990619797482624,linear_decision_margin,bright_circularity_count_iqr,0.1086052757073908,1.9126107997199504,True,True,phase-mask-dependent geometry,new_shape,image appearance
geometry_l2,known_oof,hzumfsms,Batch_3,Batch_1,16,0.614946162845101,3.990619797482624,linear_decision_margin,local_bright_std_512px,-0.0995244258783794,-1.0144300425436004,True,True,phase-mask-dependent geometry,new_dispersion,image appearance
geometry_l2,known_oof,hzumfsms,Batch_3,Batch_1,17,0.614946162845101,3.990619797482624,linear_decision_margin,graph_edge_length_iqr_ratio,0.0884291302974281,0.3547698127749834,True,True,phase-mask-dependent geometry,new_spacing,image appearance
geometry_l2,known_oof,hzumfsms,Batch_3,Batch_1,18,0.614946162845101,3.990619797482624,linear_decision_margin,pore_d50,-0.0871323803066811,2.4557895041159643,True,True,phase-mask-dependent,existing_pore,phase-mask-dependent
geometry_l2,known_oof,hzumfsms,Batch_3,Batch_1,19,0.614946162845101,3.990619797482624,linear_decision_margin,corr_len_px,0.0838059875819331,0.7151022790845143,True,True,image appearance,raw_BSE_anchors,image appearance
geometry_l2,known_oof,hzumfsms,Batch_3,Batch_1,20,0.614946162845101,3.990619797482624,linear_decision_margin,crack_count_per_Mpx,0.0812474864125721,-0.606442763999362,True,True,phase-mask-dependent,existing_pore,phase-mask-dependent
geometry_l2,known_oof,hzumfsms,Batch_3,Batch_1,21,0.614946162845101,3.990619797482624,linear_decision_margin,etd_crack_density_graphite,0.075069750143031,0.4258385968765246,True,True,phase-mask-dependent,joint_appearance,phase-mask-dependent
geometry_l2,known_oof,hzumfsms,Batch_3,Batch_1,22,0.614946162845101,3.990619797482624,linear_decision_margin,void_local_width_d50_px,0.0707110710832915,1.2932032328467014,True,True,phase-mask-dependent geometry,new_width,image appearance
geometry_l2,known_oof,hzumfsms,Batch_3,Batch_1,23,0.614946162845101,3.990619797482624,linear_decision_margin,bright_aspect_count_iqr,0.0694215460200033,-0.3348186996081353,True,True,phase-mask-dependent geometry,new_shape,image appearance
geometry_l2,known_oof,hzumfsms,Batch_3,Batch_1,24,0.614946162845101,3.990619797482624,linear_decision_margin,bright_frac,-0.0684735970627159,-1.00898415260647,True,True,phase-mask-dependent,existing_bright,phase-mask-dependent
geometry_l2,known_oof,hzumfsms,Batch_3,Batch_1,25,0.614946162845101,3.990619797482624,linear_decision_margin,pore_count_per_Mpx,-0.0403965976156395,0.1632483298069836,True,True,phase-mask-dependent,existing_pore,phase-mask-dependent
geometry_l2,known_oof,hzumfsms,Batch_3,Batch_1,26,0.614946162845101,3.990619797482624,linear_decision_margin,ridge_p97,0.0390265446487414,0.2361244921269696,True,True,phase-mask-dependent,joint_appearance,phase-mask-dependent
geometry_l2,known_oof,hzumfsms,Batch_3,Batch_1,27,0.614946162845101,3.990619797482624,linear_decision_margin,inlens_speckled_particle_frac,0.0383258364106652,-0.310234343918512,True,True,phase-mask-dependent,particle_texture,phase-mask-dependent
geometry_l2,known_oof,hzumfsms,Batch_3,Batch_1,28,0.614946162845101,3.990619797482624,linear_decision_margin,crack_g_0.1,-0.0374512991924138,-0.4717894607332707,True,True,phase-mask-dependent,joint_appearance,phase-mask-dependent
geometry_l2,known_oof,hzumfsms,Batch_3,Batch_1,29,0.614946162845101,3.990619797482624,linear_decision_margin,inlens_grad_energy,-0.0327754387947824,0.1231528070022938,True,True,phase-mask-dependent,joint_appearance,phase-mask-dependent
geometry_l2,known_oof,hzumfsms,Batch_3,Batch_1,30,0.614946162845101,3.990619797482624,linear_decision_margin,inlens_particle_texture,-0.0279913788939082,0.0786358997723391,True,True,phase-mask-dependent,particle_texture,phase-mask-dependent
geometry_l2,known_oof,hzumfsms,Batch_3,Batch_1,31,0.614946162845101,3.990619797482624,linear_decision_margin,crack_frac,-0.0214217611751911,3.155155070259908,True,True,phase-mask-dependent,existing_pore,phase-mask-dependent
geometry_l2,known_oof,hzumfsms,Batch_3,Batch_1,32,0.614946162845101,3.990619797482624,linear_decision_margin,bright_solidity_count_q10,0.0193434496203379,1.2363520608171998,True,True,phase-mask-dependent geometry,new_shape,image appearance
geometry_l2,known_oof,hzumfsms,Batch_3,Batch_1,33,0.614946162845101,3.990619797482624,linear_decision_margin,etd_crack_density_particles,0.0167506187875421,-0.6161200633895562,True,True,phase-mask-dependent,joint_appearance,phase-mask-dependent
geometry_l2,known_oof,hzumfsms,Batch_3,Batch_1,34,0.614946162845101,3.990619797482624,linear_decision_margin,inlens_particle_texture_p90,-0.0163736435447378,0.0542775849715708,True,True,phase-mask-dependent,particle_texture,phase-mask-dependent
geometry_l2,known_oof,hzumfsms,Batch_3,Batch_1,35,0.614946162845101,3.990619797482624,linear_decision_margin,bright_max_d,0.0131810413454183,0.2670172788823543,True,True,phase-mask-dependent,existing_bright,phase-mask-dependent
geometry_l2,known_oof,hzumfsms,Batch_3,Batch_1,36,0.614946162845101,3.990619797482624,linear_decision_margin,bright_d90,0.0102621229700515,0.0454503887814919,True,True,phase-mask-dependent,existing_bright,phase-mask-dependent
geometry_l2,known_oof,hzumfsms,Batch_3,Batch_1,37,0.614946162845101,3.990619797482624,linear_decision_margin,bright_d10,0.0052753669631449,-0.2391865018116807,True,True,phase-mask-dependent,existing_bright,phase-mask-dependent
geometry_l2,known_oof,ufdvpb81,Batch_3,Batch_1,1,0.6238805143485779,2.3220902533684766,linear_decision_margin,pore_max_d,0.4071512253844656,1.9769219109164808,True,True,phase-mask-dependent,existing_pore,phase-mask-dependent
geometry_l2,known_oof,ufdvpb81,Batch_3,Batch_1,2,0.6238805143485779,2.3220902533684766,linear_decision_margin,pore_frac,0.3675453738317418,1.7044754877877333,True,True,phase-mask-dependent,existing_pore,phase-mask-dependent
geometry_l2,known_oof,ufdvpb81,Batch_3,Batch_1,3,0.6238805143485779,2.3220902533684766,linear_decision_margin,crack_count_per_Mpx,-0.3644437787773019,2.3580665907326477,True,True,phase-mask-dependent,existing_pore,phase-mask-dependent
geometry_l2,known_oof,ufdvpb81,Batch_3,Batch_1,4,0.6238805143485779,2.3220902533684766,linear_decision_margin,fft_slope,0.3491002075813826,-1.2284162991874712,True,True,image appearance,raw_BSE_anchors,image appearance
geometry_l2,known_oof,ufdvpb81,Batch_3,Batch_1,5,0.6238805143485779,2.3220902533684766,linear_decision_margin,pore_elong,0.2599779974576875,2.4030572403187467,True,True,phase-mask-dependent,existing_pore,phase-mask-dependent
geometry_l2,known_oof,ufdvpb81,Batch_3,Batch_1,6,0.6238805143485779,2.3220902533684766,linear_decision_margin,ridge_p97,0.2203846438276927,1.4253648698947536,True,True,phase-mask-dependent,joint_appearance,phase-mask-dependent
geometry_l2,known_oof,ufdvpb81,Batch_3,Batch_1,7,0.6238805143485779,2.3220902533684766,linear_decision_margin,crack_g_0.05,0.2084175064656729,-1.108681991063778,True,True,phase-mask-dependent,joint_appearance,phase-mask-dependent
geometry_l2,known_oof,ufdvpb81,Batch_3,Batch_1,8,0.6238805143485779,2.3220902533684766,linear_decision_margin,graph_edge_length_iqr_ratio,0.2065052842447316,0.8405728576813823,True,True,phase-mask-dependent geometry,new_spacing,image appearance
geometry_l2,known_oof,ufdvpb81,Batch_3,Batch_1,9,0.6238805143485779,2.3220902533684766,linear_decision_margin,inlens_particle_texture,-0.1656026470125378,0.4533485706489794,True,True,phase-mask-dependent,particle_texture,phase-mask-dependent
geometry_l2,known_oof,ufdvpb81,Batch_3,Batch_1,10,0.6238805143485779,2.3220902533684766,linear_decision_margin,bright_solidity,0.160702196470262,-1.174502601191931,True,True,phase-mask-dependent,existing_bright,phase-mask-dependent
geometry_l2,known_oof,ufdvpb81,Batch_3,Batch_1,11,0.6238805143485779,2.3220902533684766,linear_decision_margin,bright_pore_crosscorr_xy_contrast_256px,0.1513611705968291,-0.7942912218159909,True,True,phase-mask-dependent geometry,new_crossphase,image appearance
geometry_l2,known_oof,ufdvpb81,Batch_3,Batch_1,12,0.6238805143485779,2.3220902533684766,linear_decision_margin,inlens_particle_texture_p90,-0.1356375989319458,0.4393891366119175,True,True,phase-mask-dependent,particle_texture,phase-mask-dependent
geometry_l2,known_oof,ufdvpb81,Batch_3,Batch_1,13,0.6238805143485779,2.3220902533684766,linear_decision_margin,pore_d90,0.1148896140012752,1.4295970665781428,True,True,phase-mask-dependent,existing_pore,phase-mask-dependent
geometry_l2,known_oof,ufdvpb81,Batch_3,Batch_1,14,0.6238805143485779,2.3220902533684766,linear_decision_margin,void_local_width_d90_px,-0.1144538238084386,0.5103526101587459,True,True,phase-mask-dependent geometry,new_width,image appearance
geometry_l2,known_oof,ufdvpb81,Batch_3,Batch_1,15,0.6238805143485779,2.3220902533684766,linear_decision_margin,bright_d50,0.1047813021406277,-0.5224109252989407,True,True,phase-mask-dependent,existing_bright,phase-mask-dependent
geometry_l2,known_oof,ufdvpb81,Batch_3,Batch_1,16,0.6238805143485779,2.3220902533684766,linear_decision_margin,void_local_width_d50_px,0.0762830083229706,1.2932032328467014,True,True,phase-mask-dependent geometry,new_width,image appearance
geometry_l2,known_oof,ufdvpb81,Batch_3,Batch_1,17,0.6238805143485779,2.3220902533684766,linear_decision_margin,etd_crack_density_graphite,0.0728230920680728,0.4239598454240686,True,True,phase-mask-dependent,joint_appearance,phase-mask-dependent
geometry_l2,known_oof,ufdvpb81,Batch_3,Batch_1,18,0.6238805143485779,2.3220902533684766,linear_decision_margin,pore_d50,-0.0701114869980646,2.441167220021042,True,True,phase-mask-dependent,existing_pore,phase-mask-dependent
geometry_l2,known_oof,ufdvpb81,Batch_3,Batch_1,19,0.6238805143485779,2.3220902533684766,linear_decision_margin,bright_d90,-0.066215266069298,-0.3119529382924673,True,True,phase-mask-dependent,existing_bright,phase-mask-dependent
geometry_l2,known_oof,ufdvpb81,Batch_3,Batch_1,20,0.6238805143485779,2.3220902533684766,linear_decision_margin,crack_g_0.1,-0.0620215023062257,-0.7807485206305862,True,True,phase-mask-dependent,joint_appearance,phase-mask-dependent
geometry_l2,known_oof,ufdvpb81,Batch_3,Batch_1,21,0.6238805143485779,2.3220902533684766,linear_decision_margin,bright_max_d,-0.0581316385254785,-1.0611252804100415,True,True,phase-mask-dependent,existing_bright,phase-mask-dependent
geometry_l2,known_oof,ufdvpb81,Batch_3,Batch_1,22,0.6238805143485779,2.3220902533684766,linear_decision_margin,crack_g_0.3,0.0534218520972341,0.2556795765036782,True,True,phase-mask-dependent,joint_appearance,phase-mask-dependent
geometry_l2,known_oof,ufdvpb81,Batch_3,Batch_1,23,0.6238805143485779,2.3220902533684766,linear_decision_margin,corr_len_px,0.0510965353298315,0.4091771842482655,True,True,image appearance,raw_BSE_anchors,image appearance
geometry_l2,known_oof,ufdvpb81,Batch_3,Batch_1,24,0.6238805143485779,2.3220902533684766,linear_decision_margin,etd_crack_density_particles,-0.0502333781903412,1.3974143622131672,True,True,phase-mask-dependent,joint_appearance,phase-mask-dependent
geometry_l2,known_oof,ufdvpb81,Batch_3,Batch_1,25,0.6238805143485779,2.3220902533684766,linear_decision_margin,bright_circ,0.0392664613212805,-0.6929225312035714,True,True,phase-mask-dependent,existing_bright,phase-mask-dependent
geometry_l2,known_oof,ufdvpb81,Batch_3,Batch_1,26,0.6238805143485779,2.3220902533684766,linear_decision_margin,pore_count_per_Mpx,0.0376261462856293,-0.1557782035311792,True,True,phase-mask-dependent,existing_pore,phase-mask-dependent
geometry_l2,known_oof,ufdvpb81,Batch_3,Batch_1,27,0.6238805143485779,2.3220902533684766,linear_decision_margin,bright_frac,-0.0346456898499694,-0.5132301681351544,True,True,phase-mask-dependent,existing_bright,phase-mask-dependent
geometry_l2,known_oof,ufdvpb81,Batch_3,Batch_1,28,0.6238805143485779,2.3220902533684766,linear_decision_margin,bright_aspect_count_iqr,-0.0323509028350448,0.1575201375749002,True,True,phase-mask-dependent geometry,new_shape,image appearance
geometry_l2,known_oof,ufdvpb81,Batch_3,Batch_1,29,0.6238805143485779,2.3220902533684766,linear_decision_margin,local_bright_std_512px,-0.0322646600587704,-0.326596811424894,True,True,phase-mask-dependent geometry,new_dispersion,image appearance
geometry_l2,known_oof,ufdvpb81,Batch_3,Batch_1,30,0.6238805143485779,2.3220902533684766,linear_decision_margin,inlens_grad_energy,-0.0319870931589653,0.1185150569547641,True,True,phase-mask-dependent,joint_appearance,phase-mask-dependent
geometry_l2,known_oof,ufdvpb81,Batch_3,Batch_1,31,0.6238805143485779,2.3220902533684766,linear_decision_margin,bright_solidity_count_q10,-0.0211395489372568,-0.941797712154581,True,True,phase-mask-dependent geometry,new_shape,image appearance
geometry_l2,known_oof,ufdvpb81,Batch_3,Batch_1,32,0.6238805143485779,2.3220902533684766,linear_decision_margin,bright_count_per_Mpx,0.0195249117773509,0.0899505988522725,True,True,phase-mask-dependent,existing_bright,phase-mask-dependent
geometry_l2,known_oof,ufdvpb81,Batch_3,Batch_1,33,0.6238805143485779,2.3220902533684766,linear_decision_margin,crack_frac,0.0186546085914676,1.9375870395116035,True,True,phase-mask-dependent,existing_pore,phase-mask-dependent
geometry_l2,known_oof,ufdvpb81,Batch_3,Batch_1,34,0.6238805143485779,2.3220902533684766,linear_decision_margin,inlens_speckled_particle_frac,0.0134099415812491,-0.1172176091117773,True,True,phase-mask-dependent,particle_texture,phase-mask-dependent
geometry_l2,known_oof,ufdvpb81,Batch_3,Batch_1,35,0.6238805143485779,2.3220902533684766,linear_decision_margin,bright_d10,0.0090810121225545,-0.6450715128615221,True,True,phase-mask-dependent,existing_bright,phase-mask-dependent
geometry_l2,known_oof,ufdvpb81,Batch_3,Batch_1,36,0.6238805143485779,2.3220902533684766,linear_decision_margin,bright_circularity_count_iqr,-0.0071479872605582,-0.1176229780368315,True,True,phase-mask-dependent geometry,new_shape,image appearance
geometry_l2,known_oof,ufdvpb81,Batch_3,Batch_1,37,0.6238805143485779,2.3220902533684766,linear_decision_margin,crack_g_0.2,0.002592650240086,0.0114920834906858,True,True,phase-mask-dependent,joint_appearance,phase-mask-dependent
geometry_l2,known_oof,9luzk4jm,Batch_3,Batch_2,1,0.3804593776297204,1.1890488317379064,linear_decision_margin,pore_frac,0.598732565825568,1.7273059324500402,True,True,phase-mask-dependent,existing_pore,phase-mask-dependent
geometry_l2,known_oof,9luzk4jm,Batch_3,Batch_2,2,0.3804593776297204,1.1890488317379064,linear_decision_margin,graph_edge_length_iqr_ratio,-0.3928116823698868,-0.8970726853287752,True,True,phase-mask-dependent geometry,new_spacing,image appearance
geometry_l2,known_oof,9luzk4jm,Batch_3,Batch_2,3,0.3804593776297204,1.1890488317379064,linear_decision_margin,corr_len_px,0.3210528974704173,1.685127221022349,True,True,image appearance,raw_BSE_anchors,image appearance
geometry_l2,known_oof,9luzk4jm,Batch_3,Batch_2,4,0.3804593776297204,1.1890488317379064,linear_decision_margin,void_local_width_d50_px,-0.2156500080849302,1.2932032328467014,True,True,phase-mask-dependent geometry,new_width,image appearance
geometry_l2,known_oof,9luzk4jm,Batch_3,Batch_2,5,0.3804593776297204,1.1890488317379064,linear_decision_margin,inlens_particle_texture,-0.206662619654928,0.5652674861232498,True,True,phase-mask-dependent,particle_texture,phase-mask-dependent
geometry_l2,known_oof,9luzk4jm,Batch_3,Batch_2,6,0.3804593776297204,1.1890488317379064,linear_decision_margin,crack_frac,0.1807430113383039,1.0124779832183333,True,True,phase-mask-dependent,existing_pore,phase-mask-dependent
geometry_l2,known_oof,9luzk4jm,Batch_3,Batch_2,7,0.3804593776297204,1.1890488317379064,linear_decision_margin,pore_d50,0.1547393131687168,0.9272818384282914,True,True,phase-mask-dependent,existing_pore,phase-mask-dependent
geometry_l2,known_oof,9luzk4jm,Batch_3,Batch_2,8,0.3804593776297204,1.1890488317379064,linear_decision_margin,bright_circularity_count_iqr,0.1447491794287507,-1.497620271426926,True,True,phase-mask-dependent geometry,new_shape,image appearance
geometry_l2,known_oof,9luzk4jm,Batch_3,Batch_2,9,0.3804593776297204,1.1890488317379064,linear_decision_margin,pore_max_d,0.1125474205219416,0.4999551329819211,True,True,phase-mask-dependent,existing_pore,phase-mask-dependent
geometry_l2,known_oof,9luzk4jm,Batch_3,Batch_2,10,0.3804593776297204,1.1890488317379064,linear_decision_margin,inlens_grad_energy,-0.0962811146552597,0.5758933740671849,True,True,phase-mask-dependent,joint_appearance,phase-mask-dependent
geometry_l2,known_oof,9luzk4jm,Batch_3,Batch_2,11,0.3804593776297204,1.1890488317379064,linear_decision_margin,crack_count_per_Mpx,0.0814614378586207,1.0821095031993224,True,True,phase-mask-dependent,existing_pore,phase-mask-dependent
geometry_l2,known_oof,9luzk4jm,Batch_3,Batch_2,12,0.3804593776297204,1.1890488317379064,linear_decision_margin,pore_elong,-0.0765741048421612,-0.6090296699913269,True,True,phase-mask-dependent,existing_pore,phase-mask-dependent
geometry_l2,known_oof,9luzk4jm,Batch_3,Batch_2,13,0.3804593776297204,1.1890488317379064,linear_decision_margin,crack_g_0.2,0.0762161907832405,0.736841155632409,True,True,phase-mask-dependent,joint_appearance,phase-mask-dependent
geometry_l2,known_oof,9luzk4jm,Batch_3,Batch_2,14,0.3804593776297204,1.1890488317379064,linear_decision_margin,pore_count_per_Mpx,0.0741569014941553,0.19173114269199,True,True,phase-mask-dependent,existing_pore,phase-mask-dependent
geometry_l2,known_oof,9luzk4jm,Batch_3,Batch_2,15,0.3804593776297204,1.1890488317379064,linear_decision_margin,crack_g_0.3,0.0683905494081381,0.7777935078254696,True,True,phase-mask-dependent,joint_appearance,phase-mask-dependent
geometry_l2,known_oof,9luzk4jm,Batch_3,Batch_2,16,0.3804593776297204,1.1890488317379064,linear_decision_margin,etd_crack_density_particles,-0.0640492310904987,-0.69790673926026,True,True,phase-mask-dependent,joint_appearance,phase-mask-dependent
geometry_l2,known_oof,9luzk4jm,Batch_3,Batch_2,17,0.3804593776297204,1.1890488317379064,linear_decision_margin,bright_pore_crosscorr_xy_contrast_256px,-0.0569137432343539,-1.3770762774811387,True,True,phase-mask-dependent geometry,new_crossphase,image appearance
geometry_l2,known_oof,9luzk4jm,Batch_3,Batch_2,18,0.3804593776297204,1.1890488317379064,linear_decision_margin,bright_circ,0.0558027339239914,0.5479995888731566,True,True,phase-mask-dependent,existing_bright,phase-mask-dependent
geometry_l2,known_oof,9luzk4jm,Batch_3,Batch_2,19,0.3804593776297204,1.1890488317379064,linear_decision_margin,bright_d10,-0.0487016351964189,1.5032459796228546,True,True,phase-mask-dependent,existing_bright,phase-mask-dependent
geometry_l2,known_oof,9luzk4jm,Batch_3,Batch_2,20,0.3804593776297204,1.1890488317379064,linear_decision_margin,bright_d90,-0.0486118407826732,-0.5077144281382755,True,True,phase-mask-dependent,existing_bright,phase-mask-dependent
geometry_l2,known_oof,9luzk4jm,Batch_3,Batch_2,21,0.3804593776297204,1.1890488317379064,linear_decision_margin,bright_count_per_Mpx,-0.0451108683068405,-0.6470303597953583,True,True,phase-mask-dependent,existing_bright,phase-mask-dependent
geometry_l2,known_oof,9luzk4jm,Batch_3,Batch_2,22,0.3804593776297204,1.1890488317379064,linear_decision_margin,bright_d50,0.0349919584113214,-0.6388666105847577,True,True,phase-mask-dependent,existing_bright,phase-mask-dependent
geometry_l2,known_oof,9luzk4jm,Batch_3,Batch_2,23,0.3804593776297204,1.1890488317379064,linear_decision_margin,fft_slope,0.0340438368066749,-0.9271639930544916,True,True,image appearance,raw_BSE_anchors,image appearance
geometry_l2,known_oof,9luzk4jm,Batch_3,Batch_2,24,0.3804593776297204,1.1890488317379064,linear_decision_margin,bright_solidity_count_q10,0.0311045881685375,0.5681390545159571,True,True,phase-mask-dependent geometry,new_shape,image appearance
geometry_l2,known_oof,9luzk4jm,Batch_3,Batch_2,25,0.3804593776297204,1.1890488317379064,linear_decision_margin,etd_crack_density_graphite,0.0289826656042615,0.6834093826784865,True,True,phase-mask-dependent,joint_appearance,phase-mask-dependent
geometry_l2,known_oof,9luzk4jm,Batch_3,Batch_2,26,0.3804593776297204,1.1890488317379064,linear_decision_margin,bright_max_d,0.0287145924647624,1.0848645597155764,True,True,phase-mask-dependent,existing_bright,phase-mask-dependent
geometry_l2,known_oof,9luzk4jm,Batch_3,Batch_2,27,0.3804593776297204,1.1890488317379064,linear_decision_margin,bright_solidity,0.0275951030794708,0.8310218591908088,True,True,phase-mask-dependent,existing_bright,phase-mask-dependent
geometry_l2,known_oof,9luzk4jm,Batch_3,Batch_2,28,0.3804593776297204,1.1890488317379064,linear_decision_margin,pore_d90,0.0239272082661179,0.1719076143148924,True,True,phase-mask-dependent,existing_pore,phase-mask-dependent
geometry_l2,known_oof,9luzk4jm,Batch_3,Batch_2,29,0.3804593776297204,1.1890488317379064,linear_decision_margin,bright_aspect_count_iqr,0.0207400855794338,-0.4634332791361684,True,True,phase-mask-dependent geometry,new_shape,image appearance
geometry_l2,known_oof,9luzk4jm,Batch_3,Batch_2,30,0.3804593776297204,1.1890488317379064,linear_decision_margin,inlens_particle_texture_p90,-0.0200268629890809,0.094250914035196,True,True,phase-mask-dependent,particle_texture,phase-mask-dependent
geometry_l2,known_oof,9luzk4jm,Batch_3,Batch_2,31,0.3804593776297204,1.1890488317379064,linear_decision_margin,crack_g_0.05,-0.0182062996724782,-2.2133313699441306,True,True,phase-mask-dependent,joint_appearance,phase-mask-dependent
geometry_l2,known_oof,9luzk4jm,Batch_3,Batch_2,32,0.3804593776297204,1.1890488317379064,linear_decision_margin,bright_frac,0.0143722876565519,0.2395849523739166,True,True,phase-mask-dependent,existing_bright,phase-mask-dependent
geometry_l2,known_oof,9luzk4jm,Batch_3,Batch_2,33,0.3804593776297204,1.1890488317379064,linear_decision_margin,crack_g_0.1,-0.008482248184216,-0.3163252823466461,True,True,phase-mask-dependent,joint_appearance,phase-mask-dependent
geometry_l2,known_oof,9luzk4jm,Batch_3,Batch_2,34,0.3804593776297204,1.1890488317379064,linear_decision_margin,void_local_width_d90_px,-0.0067026691734208,-0.1170359876701342,True,True,phase-mask-dependent geometry,new_width,image appearance
geometry_l2,known_oof,9luzk4jm,Batch_3,Batch_2,35,0.3804593776297204,1.1890488317379064,linear_decision_margin,inlens_speckled_particle_frac,-0.0038876097372851,0.1395169640309332,True,True,phase-mask-dependent,particle_texture,phase-mask-dependent
geometry_l2,known_oof,9luzk4jm,Batch_3,Batch_2,36,0.3804593776297204,1.1890488317379064,linear_decision_margin,ridge_p97,0.0025429674007898,0.6858973304630535,True,True,phase-mask-dependent,joint_appearance,phase-mask-dependent
geometry_l2,known_oof,9luzk4jm,Batch_3,Batch_2,37,0.3804593776297204,1.1890488317379064,linear_decision_margin,local_bright_std_512px,0.0016544974228521,0.6667371853403277,True,True,phase-mask-dependent geometry,new_dispersion,image appearance
geometry_l2,known_oof,utfgcjfa,Batch_3,Batch_2,1,0.3759201321258031,1.6177757778132744,linear_decision_margin,pore_max_d,0.3078367078755182,1.46242915673285,True,True,phase-mask-dependent,existing_pore,phase-mask-dependent
geometry_l2,known_oof,utfgcjfa,Batch_3,Batch_2,2,0.3759201321258031,1.6177757778132744,linear_decision_margin,corr_len_px,0.2631584734556112,1.3496626265097886,True,True,image appearance,raw_BSE_anchors,image appearance
geometry_l2,known_oof,utfgcjfa,Batch_3,Batch_2,3,0.3759201321258031,1.6177757778132744,linear_decision_margin,inlens_particle_texture,0.2202813055427761,-0.6298145757465391,True,True,phase-mask-dependent,particle_texture,phase-mask-dependent
geometry_l2,known_oof,utfgcjfa,Batch_3,Batch_2,4,0.3759201321258031,1.6177757778132744,linear_decision_margin,inlens_grad_energy,0.1915080193007158,-1.486351544343791,True,True,phase-mask-dependent,joint_appearance,phase-mask-dependent
geometry_l2,known_oof,utfgcjfa,Batch_3,Batch_2,5,0.3759201321258031,1.6177757778132744,linear_decision_margin,bright_d50,-0.1903259371102968,1.808686204168528,True,True,phase-mask-dependent,existing_bright,phase-mask-dependent
geometry_l2,known_oof,utfgcjfa,Batch_3,Batch_2,6,0.3759201321258031,1.6177757778132744,linear_decision_margin,pore_count_per_Mpx,-0.1727855056162226,-0.4079466507107682,True,True,phase-mask-dependent,existing_pore,phase-mask-dependent
geometry_l2,known_oof,utfgcjfa,Batch_3,Batch_2,7,0.3759201321258031,1.6177757778132744,linear_decision_margin,inlens_particle_texture_p90,0.1674785569679663,-0.823475763746293,True,True,phase-mask-dependent,particle_texture,phase-mask-dependent
geometry_l2,known_oof,utfgcjfa,Batch_3,Batch_2,8,0.3759201321258031,1.6177757778132744,linear_decision_margin,bright_circ,0.1576550031849196,1.9004386876695225,True,True,phase-mask-dependent,existing_bright,phase-mask-dependent
geometry_l2,known_oof,utfgcjfa,Batch_3,Batch_2,9,0.3759201321258031,1.6177757778132744,linear_decision_margin,pore_frac,0.1227041371532884,0.3415771212712888,True,True,phase-mask-dependent,existing_pore,phase-mask-dependent
geometry_l2,known_oof,utfgcjfa,Batch_3,Batch_2,10,0.3759201321258031,1.6177757778132744,linear_decision_margin,void_local_width_d50_px,0.0752677558883453,-0.5831042631301442,True,True,phase-mask-dependent geometry,new_width,image appearance
geometry_l2,known_oof,utfgcjfa,Batch_3,Batch_2,11,0.3759201321258031,1.6177757778132744,linear_decision_margin,pore_elong,-0.0581453026836739,-0.5236113071360348,True,True,phase-mask-dependent,existing_pore,phase-mask-dependent
geometry_l2,known_oof,utfgcjfa,Batch_3,Batch_2,12,0.3759201321258031,1.6177757778132744,linear_decision_margin,bright_pore_crosscorr_xy_contrast_256px,-0.0438151801621662,-1.076082516164868,True,True,phase-mask-dependent geometry,new_crossphase,image appearance
geometry_l2,known_oof,utfgcjfa,Batch_3,Batch_2,13,0.3759201321258031,1.6177757778132744,linear_decision_margin,pore_d90,0.0421195356818824,0.3207291924167084,True,True,phase-mask-dependent,existing_pore,phase-mask-dependent
geometry_l2,known_oof,utfgcjfa,Batch_3,Batch_2,14,0.3759201321258031,1.6177757778132744,linear_decision_margin,bright_circularity_count_iqr,-0.0400318809876954,0.2943246468835498,True,True,phase-mask-dependent geometry,new_shape,image appearance
geometry_l2,known_oof,utfgcjfa,Batch_3,Batch_2,15,0.3759201321258031,1.6177757778132744,linear_decision_margin,bright_solidity,0.0397824910994469,1.0652577999372372,True,True,phase-mask-dependent,existing_bright,phase-mask-dependent
geometry_l2,known_oof,utfgcjfa,Batch_3,Batch_2,16,0.3759201321258031,1.6177757778132744,linear_decision_margin,crack_g_0.2,0.035698300053337,0.2972337661720264,True,True,phase-mask-dependent,joint_appearance,phase-mask-dependent
geometry_l2,known_oof,utfgcjfa,Batch_3,Batch_2,17,0.3759201321258031,1.6177757778132744,linear_decision_margin,pore_d50,0.0343960269217399,0.1948490829845312,True,True,phase-mask-dependent,existing_pore,phase-mask-dependent
geometry_l2,known_oof,utfgcjfa,Batch_3,Batch_2,18,0.3759201321258031,1.6177757778132744,linear_decision_margin,etd_crack_density_particles,0.0261308941402073,0.4202962352723316,True,True,phase-mask-dependent,joint_appearance,phase-mask-dependent
geometry_l2,known_oof,utfgcjfa,Batch_3,Batch_2,19,0.3759201321258031,1.6177757778132744,linear_decision_margin,crack_frac,0.0258705183269546,0.1354978683426663,True,True,phase-mask-dependent,existing_pore,phase-mask-dependent
geometry_l2,known_oof,utfgcjfa,Batch_3,Batch_2,20,0.3759201321258031,1.6177757778132744,linear_decision_margin,bright_max_d,-0.025259161307842,-0.4993016783150397,True,True,phase-mask-dependent,existing_bright,phase-mask-dependent
geometry_l2,known_oof,utfgcjfa,Batch_3,Batch_2,21,0.3759201321258031,1.6177757778132744,linear_decision_margin,inlens_speckled_particle_frac,0.0145249851465484,-0.9043583903715952,True,True,phase-mask-dependent,particle_texture,phase-mask-dependent
geometry_l2,known_oof,utfgcjfa,Batch_3,Batch_2,22,0.3759201321258031,1.6177757778132744,linear_decision_margin,bright_aspect_count_iqr,0.0128359841068704,-0.3068794497140734,True,True,phase-mask-dependent geometry,new_shape,image appearance
geometry_l2,known_oof,utfgcjfa,Batch_3,Batch_2,23,0.3759201321258031,1.6177757778132744,linear_decision_margin,void_local_width_d90_px,0.0124589022138026,0.3205278809538188,True,True,phase-mask-dependent geometry,new_width,image appearance
geometry_l2,known_oof,utfgcjfa,Batch_3,Batch_2,24,0.3759201321258031,1.6177757778132744,linear_decision_margin,crack_g_0.3,0.0091269726858827,0.0848567237915807,True,True,phase-mask-dependent,joint_appearance,phase-mask-dependent
geometry_l2,known_oof,utfgcjfa,Batch_3,Batch_2,25,0.3759201321258031,1.6177757778132744,linear_decision_margin,local_bright_std_512px,-0.0090136678937247,1.0986118468050377,True,True,phase-mask-dependent geometry,new_dispersion,image appearance
geometry_l2,known_oof,utfgcjfa,Batch_3,Batch_2,26,0.3759201321258031,1.6177757778132744,linear_decision_margin,crack_g_0.05,0.0075663122375597,-0.2630516409675942,True,True,phase-mask-dependent,joint_appearance,phase-mask-dependent
geometry_l2,known_oof,utfgcjfa,Batch_3,Batch_2,27,0.3759201321258031,1.6177757778132744,linear_decision_margin,fft_slope,0.0072522219451516,-0.1693319535327569,True,True,image appearance,raw_BSE_anchors,image appearance
geometry_l2,known_oof,utfgcjfa,Batch_3,Batch_2,28,0.3759201321258031,1.6177757778132744,linear_decision_margin,bright_d90,0.0047583159247894,0.0607991398713469,True,True,phase-mask-dependent,existing_bright,phase-mask-dependent
geometry_l2,known_oof,utfgcjfa,Batch_3,Batch_2,29,0.3759201321258031,1.6177757778132744,linear_decision_margin,bright_frac,0.0045148016638005,0.0674068353760672,True,True,phase-mask-dependent,existing_bright,phase-mask-dependent
geometry_l2,known_oof,utfgcjfa,Batch_3,Batch_2,30,0.3759201321258031,1.6177757778132744,linear_decision_margin,graph_edge_length_iqr_ratio,0.0038331667561798,0.00926125386585,True,True,phase-mask-dependent geometry,new_spacing,image appearance
geometry_l2,known_oof,utfgcjfa,Batch_3,Batch_2,31,0.3759201321258031,1.6177757778132744,linear_decision_margin,etd_crack_density_graphite,-0.0028649826000937,-0.0468160330240038,True,True,phase-mask-dependent,joint_appearance,phase-mask-dependent
geometry_l2,known_oof,utfgcjfa,Batch_3,Batch_2,32,0.3759201321258031,1.6177757778132744,linear_decision_margin,ridge_p97,-0.002763553809182,-0.1101322761827695,True,True,phase-mask-dependent,joint_appearance,phase-mask-dependent
geometry_l2,known_oof,utfgcjfa,Batch_3,Batch_2,33,0.3759201321258031,1.6177757778132744,linear_decision_margin,crack_count_per_Mpx,-0.0025316992234613,-0.0254843171867699,True,True,phase-mask-dependent,existing_pore,phase-mask-dependent
geometry_l2,known_oof,utfgcjfa,Batch_3,Batch_2,34,0.3759201321258031,1.6177757778132744,linear_decision_margin,bright_solidity_count_q10,0.0022710521499526,0.0354006015204784,True,True,phase-mask-dependent geometry,new_shape,image appearance
geometry_l2,known_oof,utfgcjfa,Batch_3,Batch_2,35,0.3759201321258031,1.6177757778132744,linear_decision_margin,bright_d10,0.0019078145018967,-0.3647831715733429,True,True,phase-mask-dependent,existing_bright,phase-mask-dependent
geometry_l2,known_oof,utfgcjfa,Batch_3,Batch_2,36,0.3759201321258031,1.6177757778132744,linear_decision_margin,bright_count_per_Mpx,-0.0007790368927707,-0.0122209465026324,True,True,phase-mask-dependent,existing_bright,phase-mask-dependent
geometry_l2,known_oof,utfgcjfa,Batch_3,Batch_2,37,0.3759201321258031,1.6177757778132744,linear_decision_margin,crack_g_0.1,-0.0007667009505434,0.3779967808063565,True,True,phase-mask-dependent,joint_appearance,phase-mask-dependent
geometry_l2,known_oof,vc2whyaq,Batch_3,Batch_2,1,0.4006716342129004,0.8079584282836645,linear_decision_margin,pore_count_per_Mpx,-0.6304433653352562,-1.4320043674872365,True,True,phase-mask-dependent,existing_pore,phase-mask-dependent
geometry_l2,known_oof,vc2whyaq,Batch_3,Batch_2,2,0.4006716342129004,0.8079584282836645,linear_decision_margin,corr_len_px,0.4641206613146396,2.8210561939796057,True,True,image appearance,raw_BSE_anchors,image appearance
geometry_l2,known_oof,vc2whyaq,Batch_3,Batch_2,3,0.4006716342129004,0.8079584282836645,linear_decision_margin,graph_edge_length_iqr_ratio,-0.404854531149251,-0.9708159074492384,True,True,phase-mask-dependent geometry,new_spacing,image appearance
geometry_l2,known_oof,vc2whyaq,Batch_3,Batch_2,4,0.4006716342129004,0.8079584282836645,linear_decision_margin,pore_frac,-0.2218018502990677,-0.5469318733645053,True,True,phase-mask-dependent,existing_pore,phase-mask-dependent
geometry_l2,known_oof,vc2whyaq,Batch_3,Batch_2,5,0.4006716342129004,0.8079584282836645,linear_decision_margin,inlens_particle_texture,0.2125929194759628,-0.6257690268378717,True,True,phase-mask-dependent,particle_texture,phase-mask-dependent
geometry_l2,known_oof,vc2whyaq,Batch_3,Batch_2,6,0.4006716342129004,0.8079584282836645,linear_decision_margin,pore_max_d,0.187212994629364,0.9174698831502218,True,True,phase-mask-dependent,existing_pore,phase-mask-dependent
geometry_l2,known_oof,vc2whyaq,Batch_3,Batch_2,7,0.4006716342129004,0.8079584282836645,linear_decision_margin,inlens_grad_energy,0.148273097728968,-1.0929640827842806,True,True,phase-mask-dependent,joint_appearance,phase-mask-dependent
geometry_l2,known_oof,vc2whyaq,Batch_3,Batch_2,8,0.4006716342129004,0.8079584282836645,linear_decision_margin,inlens_particle_texture_p90,0.1450376198190589,-0.7259912279713067,True,True,phase-mask-dependent,particle_texture,phase-mask-dependent
geometry_l2,known_oof,vc2whyaq,Batch_3,Batch_2,9,0.4006716342129004,0.8079584282836645,linear_decision_margin,crack_g_0.2,0.144937941987294,1.3224426891822896,True,True,phase-mask-dependent,joint_appearance,phase-mask-dependent
geometry_l2,known_oof,vc2whyaq,Batch_3,Batch_2,10,0.4006716342129004,0.8079584282836645,linear_decision_margin,crack_g_0.3,0.1109727089619334,1.1593004651066905,True,True,phase-mask-dependent,joint_appearance,phase-mask-dependent
geometry_l2,known_oof,vc2whyaq,Batch_3,Batch_2,11,0.4006716342129004,0.8079584282836645,linear_decision_margin,bright_circ,0.0910031498361415,0.906415823385539,True,True,phase-mask-dependent,existing_bright,phase-mask-dependent
geometry_l2,known_oof,vc2whyaq,Batch_3,Batch_2,12,0.4006716342129004,0.8079584282836645,linear_decision_margin,bright_solidity_count_q10,0.0787597891111187,1.1879577475162648,True,True,phase-mask-dependent geometry,new_shape,image appearance
geometry_l2,known_oof,vc2whyaq,Batch_3,Batch_2,13,0.4006716342129004,0.8079584282836645,linear_decision_margin,pore_elong,0.0762846866142259,0.8374491991884045,True,True,phase-mask-dependent,existing_pore,phase-mask-dependent
geometry_l2,known_oof,vc2whyaq,Batch_3,Batch_2,14,0.4006716342129004,0.8079584282836645,linear_decision_margin,bright_circularity_count_iqr,0.0663693835327096,-0.6057540758887823,True,True,phase-mask-dependent geometry,new_shape,image appearance
geometry_l2,known_oof,vc2whyaq,Batch_3,Batch_2,15,0.4006716342129004,0.8079584282836645,linear_decision_margin,pore_d90,0.0623814216850034,0.5122341074616473,True,True,phase-mask-dependent,existing_pore,phase-mask-dependent
geometry_l2,known_oof,vc2whyaq,Batch_3,Batch_2,16,0.4006716342129004,0.8079584282836645,linear_decision_margin,bright_max_d,-0.0616460797418286,-1.0133690410823957,True,True,phase-mask-dependent,existing_bright,phase-mask-dependent
geometry_l2,known_oof,vc2whyaq,Batch_3,Batch_2,17,0.4006716342129004,0.8079584282836645,linear_decision_margin,bright_pore_crosscorr_xy_contrast_256px,-0.0571797890103927,2.0705845756206434,True,True,phase-mask-dependent geometry,new_crossphase,image appearance
geometry_l2,known_oof,vc2whyaq,Batch_3,Batch_2,18,0.4006716342129004,0.8079584282836645,linear_decision_margin,bright_count_per_Mpx,-0.0552531309383895,-0.8285266733309458,True,True,phase-mask-dependent,existing_bright,phase-mask-dependent
geometry_l2,known_oof,vc2whyaq,Batch_3,Batch_2,19,0.4006716342129004,0.8079584282836645,linear_decision_margin,etd_crack_density_graphite,0.0549144745220406,1.125347160045033,True,True,phase-mask-dependent,joint_appearance,phase-mask-dependent
geometry_l2,known_oof,vc2whyaq,Batch_3,Batch_2,20,0.4006716342129004,0.8079584282836645,linear_decision_margin,etd_crack_density_particles,0.0518577998954949,0.9845518553877626,True,True,phase-mask-dependent,joint_appearance,phase-mask-dependent
geometry_l2,known_oof,vc2whyaq,Batch_3,Batch_2,21,0.4006716342129004,0.8079584282836645,linear_decision_margin,bright_d10,-0.0502271829909636,1.3559934274349177,True,True,phase-mask-dependent,existing_bright,phase-mask-dependent
geometry_l2,known_oof,vc2whyaq,Batch_3,Batch_2,22,0.4006716342129004,0.8079584282836645,linear_decision_margin,crack_g_0.05,-0.0481734445069629,1.0234725030083551,True,True,phase-mask-dependent,joint_appearance,phase-mask-dependent
geometry_l2,known_oof,vc2whyaq,Batch_3,Batch_2,23,0.4006716342129004,0.8079584282836645,linear_decision_margin,bright_solidity,0.0441032514672532,0.7180733710405681,True,True,phase-mask-dependent,existing_bright,phase-mask-dependent
geometry_l2,known_oof,vc2whyaq,Batch_3,Batch_2,24,0.4006716342129004,0.8079584282836645,linear_decision_margin,bright_d90,-0.0425678669322985,-0.4831666396979047,True,True,phase-mask-dependent,existing_bright,phase-mask-dependent
geometry_l2,known_oof,vc2whyaq,Batch_3,Batch_2,25,0.4006716342129004,0.8079584282836645,linear_decision_margin,crack_frac,0.0224237450904231,0.1233579797485453,True,True,phase-mask-dependent,existing_pore,phase-mask-dependent
geometry_l2,known_oof,vc2whyaq,Batch_3,Batch_2,26,0.4006716342129004,0.8079584282836645,linear_decision_margin,bright_aspect_count_iqr,0.021574242719068,-0.4896728276749721,True,True,phase-mask-dependent geometry,new_shape,image appearance
geometry_l2,known_oof,vc2whyaq,Batch_3,Batch_2,27,0.4006716342129004,0.8079584282836645,linear_decision_margin,fft_slope,-0.0156706337960735,0.2921270367840129,True,True,image appearance,raw_BSE_anchors,image appearance
geometry_l2,known_oof,vc2whyaq,Batch_3,Batch_2,28,0.4006716342129004,0.8079584282836645,linear_decision_margin,inlens_speckled_particle_frac,0.0107828613247701,-0.4055476058451603,True,True,phase-mask-dependent,particle_texture,phase-mask-dependent
geometry_l2,known_oof,vc2whyaq,Batch_3,Batch_2,29,0.4006716342129004,0.8079584282836645,linear_decision_margin,ridge_p97,0.0106077387706619,1.0150637845456687,True,True,phase-mask-dependent,joint_appearance,phase-mask-dependent
geometry_l2,known_oof,vc2whyaq,Batch_3,Batch_2,30,0.4006716342129004,0.8079584282836645,linear_decision_margin,bright_frac,0.0085276551491246,0.1543975041972916,True,True,phase-mask-dependent,existing_bright,phase-mask-dependent
geometry_l2,known_oof,vc2whyaq,Batch_3,Batch_2,31,0.4006716342129004,0.8079584282836645,linear_decision_margin,pore_d50,-0.0074921633351488,-0.0438075652730175,True,True,phase-mask-dependent,existing_pore,phase-mask-dependent
geometry_l2,known_oof,vc2whyaq,Batch_3,Batch_2,32,0.4006716342129004,0.8079584282836645,linear_decision_margin,bright_d50,0.007434586605004,-0.1085225402235931,True,True,phase-mask-dependent,existing_bright,phase-mask-dependent
geometry_l2,known_oof,vc2whyaq,Batch_3,Batch_2,33,0.4006716342129004,0.8079584282836645,linear_decision_margin,local_bright_std_512px,-0.0072899183420775,-0.4522162041245203,True,True,phase-mask-dependent geometry,new_dispersion,image appearance
geometry_l2,known_oof,vc2whyaq,Batch_3,Batch_2,34,0.4006716342129004,0.8079584282836645,linear_decision_margin,crack_g_0.1,-0.0058653733482036,1.586012775656472,True,True,phase-mask-dependent,joint_appearance,phase-mask-dependent
geometry_l2,known_oof,vc2whyaq,Batch_3,Batch_2,35,0.4006716342129004,0.8079584282836645,linear_decision_margin,void_local_width_d90_px,-0.0049831935791325,-0.1170359876701342,True,True,phase-mask-dependent geometry,new_width,image appearance
geometry_l2,known_oof,vc2whyaq,Batch_3,Batch_2,36,0.4006716342129004,0.8079584282836645,linear_decision_margin,void_local_width_d50_px,0.0031468888847054,-0.0224953400776534,True,True,phase-mask-dependent geometry,new_width,image appearance
geometry_l2,known_oof,vc2whyaq,Batch_3,Batch_2,37,0.4006716342129004,0.8079584282836645,linear_decision_margin,crack_count_per_Mpx,-0.0025843017491551,-0.0268476067884898,True,True,phase-mask-dependent,existing_pore,phase-mask-dependent
geometry_l2,known_oof,b3esycq1,Batch_1,Batch_3,1,-0.6831396353847228,1.0858931906663076,linear_decision_margin,bright_count_per_Mpx,-0.458428247659671,2.4986789546125023,True,True,phase-mask-dependent,existing_bright,phase-mask-dependent
geometry_l2,known_oof,b3esycq1,Batch_1,Batch_3,2,-0.6831396353847228,1.0858931906663076,linear_decision_margin,inlens_grad_energy,0.3620021054308667,1.321995178052371,True,True,phase-mask-dependent,joint_appearance,phase-mask-dependent
geometry_l2,known_oof,b3esycq1,Batch_1,Batch_3,3,-0.6831396353847228,1.0858931906663076,linear_decision_margin,bright_pore_crosscorr_xy_contrast_256px,0.3524145905538008,1.611511640795697,True,True,phase-mask-dependent geometry,new_crossphase,image appearance
geometry_l2,known_oof,b3esycq1,Batch_1,Batch_3,4,-0.6831396353847228,1.0858931906663076,linear_decision_margin,inlens_particle_texture,0.3311531291210581,0.9856005379284858,True,True,phase-mask-dependent,particle_texture,phase-mask-dependent
geometry_l2,known_oof,b3esycq1,Batch_1,Batch_3,5,-0.6831396353847228,1.0858931906663076,linear_decision_margin,graph_edge_length_iqr_ratio,0.2167170698684199,-0.8659474420997947,True,True,phase-mask-dependent geometry,new_spacing,image appearance
geometry_l2,known_oof,b3esycq1,Batch_1,Batch_3,6,-0.6831396353847228,1.0858931906663076,linear_decision_margin,inlens_particle_texture_p90,0.186425188836562,0.6622548449077961,True,True,phase-mask-dependent,particle_texture,phase-mask-dependent
geometry_l2,known_oof,b3esycq1,Batch_1,Batch_3,7,-0.6831396353847228,1.0858931906663076,linear_decision_margin,pore_elong,0.181534864498667,-1.084767347081335,True,True,phase-mask-dependent,existing_pore,phase-mask-dependent
geometry_l2,known_oof,b3esycq1,Batch_1,Batch_3,8,-0.6831396353847228,1.0858931906663076,linear_decision_margin,ridge_p97,0.1489623841249767,-0.8249863909890599,True,True,phase-mask-dependent,joint_appearance,phase-mask-dependent
geometry_l2,known_oof,b3esycq1,Batch_1,Batch_3,9,-0.6831396353847228,1.0858931906663076,linear_decision_margin,bright_d50,0.1354985644665927,0.765034297897035,True,True,phase-mask-dependent,existing_bright,phase-mask-dependent
geometry_l2,known_oof,b3esycq1,Batch_1,Batch_3,10,-0.6831396353847228,1.0858931906663076,linear_decision_margin,etd_crack_density_graphite,0.1151710561055597,-0.6291461335490505,True,True,phase-mask-dependent,joint_appearance,phase-mask-dependent
geometry_l2,known_oof,b3esycq1,Batch_1,Batch_3,11,-0.6831396353847228,1.0858931906663076,linear_decision_margin,bright_aspect_count_iqr,0.1080710664363404,0.5838890807908537,True,True,phase-mask-dependent geometry,new_shape,image appearance
geometry_l2,known_oof,b3esycq1,Batch_1,Batch_3,12,-0.6831396353847228,1.0858931906663076,linear_decision_margin,crack_g_0.3,0.1002180582700356,-0.4791974687202202,True,True,phase-mask-dependent,joint_appearance,phase-mask-dependent
geometry_l2,known_oof,b3esycq1,Batch_1,Batch_3,13,-0.6831396353847228,1.0858931906663076,linear_decision_margin,crack_g_0.05,0.0969809422708247,0.5342027494191206,True,True,phase-mask-dependent,joint_appearance,phase-mask-dependent
geometry_l2,known_oof,b3esycq1,Batch_1,Batch_3,14,-0.6831396353847228,1.0858931906663076,linear_decision_margin,etd_crack_density_particles,0.0855729431359883,2.3360993968217993,True,True,phase-mask-dependent,joint_appearance,phase-mask-dependent
geometry_l2,known_oof,b3esycq1,Batch_1,Batch_3,15,-0.6831396353847228,1.0858931906663076,linear_decision_margin,bright_solidity,-0.0801935201758727,-0.6136917434807435,True,True,phase-mask-dependent,existing_bright,phase-mask-dependent
geometry_l2,known_oof,b3esycq1,Batch_1,Batch_3,16,-0.6831396353847228,1.0858931906663076,linear_decision_margin,bright_frac,-0.0708219077404669,3.1215673003105766,True,True,phase-mask-dependent,existing_bright,phase-mask-dependent
geometry_l2,known_oof,b3esycq1,Batch_1,Batch_3,17,-0.6831396353847228,1.0858931906663076,linear_decision_margin,bright_d90,0.0705683947058976,-0.3423632862868891,True,True,phase-mask-dependent,existing_bright,phase-mask-dependent
geometry_l2,known_oof,b3esycq1,Batch_1,Batch_3,18,-0.6831396353847228,1.0858931906663076,linear_decision_margin,corr_len_px,0.0686421855631259,-0.4974958703567105,True,True,image appearance,raw_BSE_anchors,image appearance
geometry_l2,known_oof,b3esycq1,Batch_1,Batch_3,19,-0.6831396353847228,1.0858931906663076,linear_decision_margin,bright_circ,-0.0666632872677562,-1.6766010918456005,True,True,phase-mask-dependent,existing_bright,phase-mask-dependent
geometry_l2,known_oof,b3esycq1,Batch_1,Batch_3,20,-0.6831396353847228,1.0858931906663076,linear_decision_margin,fft_slope,-0.0577047985664759,-0.2110513878483711,True,True,image appearance,raw_BSE_anchors,image appearance
geometry_l2,known_oof,b3esycq1,Batch_1,Batch_3,21,-0.6831396353847228,1.0858931906663076,linear_decision_margin,crack_g_0.2,0.0483029854383631,-0.218355064126493,True,True,phase-mask-dependent,joint_appearance,phase-mask-dependent
geometry_l2,known_oof,b3esycq1,Batch_1,Batch_3,22,-0.6831396353847228,1.0858931906663076,linear_decision_margin,local_bright_std_512px,-0.0477719963079235,0.5422537191185759,True,True,phase-mask-dependent geometry,new_dispersion,image appearance
geometry_l2,known_oof,b3esycq1,Batch_1,Batch_3,23,-0.6831396353847228,1.0858931906663076,linear_decision_margin,pore_d90,0.0473177255549542,-0.4912831137803425,True,True,phase-mask-dependent,existing_pore,phase-mask-dependent
geometry_l2,known_oof,b3esycq1,Batch_1,Batch_3,24,-0.6831396353847228,1.0858931906663076,linear_decision_margin,pore_count_per_Mpx,-0.0444084796938663,-0.204235311683803,True,True,phase-mask-dependent,existing_pore,phase-mask-dependent
geometry_l2,known_oof,b3esycq1,Batch_1,Batch_3,25,-0.6831396353847228,1.0858931906663076,linear_decision_margin,void_local_width_d90_px,-0.0439147440902627,-0.1834941013483314,True,True,phase-mask-dependent geometry,new_width,image appearance
geometry_l2,known_oof,b3esycq1,Batch_1,Batch_3,26,-0.6831396353847228,1.0858931906663076,linear_decision_margin,pore_max_d,0.0380841916257811,-0.1844295123457713,True,True,phase-mask-dependent,existing_pore,phase-mask-dependent
geometry_l2,known_oof,b3esycq1,Batch_1,Batch_3,27,-0.6831396353847228,1.0858931906663076,linear_decision_margin,bright_circularity_count_iqr,-0.0359628761750235,1.09115995064228,True,True,phase-mask-dependent geometry,new_shape,image appearance
geometry_l2,known_oof,b3esycq1,Batch_1,Batch_3,28,-0.6831396353847228,1.0858931906663076,linear_decision_margin,bright_solidity_count_q10,0.0330007264785988,-1.2318964025888255,True,True,phase-mask-dependent geometry,new_shape,image appearance
geometry_l2,known_oof,b3esycq1,Batch_1,Batch_3,29,-0.6831396353847228,1.0858931906663076,linear_decision_margin,pore_frac,-0.0293344678206468,0.1426413518186215,True,True,phase-mask-dependent,existing_pore,phase-mask-dependent
geometry_l2,known_oof,b3esycq1,Batch_1,Batch_3,30,-0.6831396353847228,1.0858931906663076,linear_decision_margin,crack_g_0.1,-0.0238586085732581,0.2962417768622121,True,True,phase-mask-dependent,joint_appearance,phase-mask-dependent
geometry_l2,known_oof,b3esycq1,Batch_1,Batch_3,31,-0.6831396353847228,1.0858931906663076,linear_decision_margin,inlens_speckled_particle_frac,0.0191219681468181,0.2471574299323586,True,True,phase-mask-dependent,particle_texture,phase-mask-dependent
geometry_l2,known_oof,b3esycq1,Batch_1,Batch_3,32,-0.6831396353847228,1.0858931906663076,linear_decision_margin,crack_count_per_Mpx,-0.0163482407472718,-0.1182926998351681,True,True,phase-mask-dependent,existing_pore,phase-mask-dependent
geometry_l2,known_oof,b3esycq1,Batch_1,Batch_3,33,-0.6831396353847228,1.0858931906663076,linear_decision_margin,crack_frac,0.0106634704689097,-0.4396035368292995,True,True,phase-mask-dependent,existing_pore,phase-mask-dependent
geometry_l2,known_oof,b3esycq1,Batch_1,Batch_3,34,-0.6831396353847228,1.0858931906663076,linear_decision_margin,pore_d50,-0.0056081856888099,-0.3857814552281924,True,True,phase-mask-dependent,existing_pore,phase-mask-dependent
geometry_l2,known_oof,b3esycq1,Batch_1,Batch_3,35,-0.6831396353847228,1.0858931906663076,linear_decision_margin,bright_max_d,-0.0047749193883182,0.0706064709271388,True,True,phase-mask-dependent,existing_bright,phase-mask-dependent
geometry_l2,known_oof,b3esycq1,Batch_1,Batch_3,36,-0.6831396353847228,1.0858931906663076,linear_decision_margin,bright_d10,-0.0030011653523463,-0.3805022720104659,True,True,phase-mask-dependent,existing_bright,phase-mask-dependent
geometry_l2,known_oof,b3esycq1,Batch_1,Batch_3,37,-0.6831396353847228,1.0858931906663076,linear_decision_margin,void_local_width_d50_px,0.0014046601968593,-0.0224953400776534,True,True,phase-mask-dependent geometry,new_width,image appearance
geometry_l2,known_oof,hawkfj64,Batch_3,Batch_2,1,0.3866149555258016,1.558526687486376,linear_decision_margin,inlens_particle_texture,0.5129712482127329,-1.4920284743794123,True,True,phase-mask-dependent,particle_texture,phase-mask-dependent
geometry_l2,known_oof,hawkfj64,Batch_3,Batch_2,2,0.3866149555258016,1.558526687486376,linear_decision_margin,graph_edge_length_iqr_ratio,0.4638050025973831,1.1516301849253412,True,True,phase-mask-dependent geometry,new_spacing,image appearance
geometry_l2,known_oof,hawkfj64,Batch_3,Batch_2,3,0.3866149555258016,1.558526687486376,linear_decision_margin,inlens_particle_texture_p90,0.2650267205746639,-1.338474167671636,True,True,phase-mask-dependent,particle_texture,phase-mask-dependent
geometry_l2,known_oof,hawkfj64,Batch_3,Batch_2,4,0.3866149555258016,1.558526687486376,linear_decision_margin,corr_len_px,0.2577341479329665,1.3496626265097886,True,True,image appearance,raw_BSE_anchors,image appearance
geometry_l2,known_oof,hawkfj64,Batch_3,Batch_2,5,0.3866149555258016,1.558526687486376,linear_decision_margin,void_local_width_d50_px,-0.2177774224326593,1.2932032328467014,True,True,phase-mask-dependent geometry,new_width,image appearance
geometry_l2,known_oof,hawkfj64,Batch_3,Batch_2,6,0.3866149555258016,1.558526687486376,linear_decision_margin,bright_d90,-0.2106588003286397,-2.0498609642802643,True,True,phase-mask-dependent,existing_bright,phase-mask-dependent
geometry_l2,known_oof,hawkfj64,Batch_3,Batch_2,7,0.3866149555258016,1.558526687486376,linear_decision_margin,pore_max_d,-0.1947863090633356,-0.7564720206029186,True,True,phase-mask-dependent,existing_pore,phase-mask-dependent
geometry_l2,known_oof,hawkfj64,Batch_3,Batch_2,8,0.3866149555258016,1.558526687486376,linear_decision_margin,inlens_grad_energy,0.1837607887148922,-1.449665398033597,True,True,phase-mask-dependent,joint_appearance,phase-mask-dependent
geometry_l2,known_oof,hawkfj64,Batch_3,Batch_2,9,0.3866149555258016,1.558526687486376,linear_decision_margin,bright_frac,-0.1444390402767168,-1.7671005530002055,True,True,phase-mask-dependent,existing_bright,phase-mask-dependent
geometry_l2,known_oof,hawkfj64,Batch_3,Batch_2,10,0.3866149555258016,1.558526687486376,linear_decision_margin,pore_count_per_Mpx,0.1095815037155094,0.2856274631711215,True,True,phase-mask-dependent,existing_pore,phase-mask-dependent
geometry_l2,known_oof,hawkfj64,Batch_3,Batch_2,11,0.3866149555258016,1.558526687486376,linear_decision_margin,bright_d50,0.1076674018920501,-1.7793701122118415,True,True,phase-mask-dependent,existing_bright,phase-mask-dependent
geometry_l2,known_oof,hawkfj64,Batch_3,Batch_2,12,0.3866149555258016,1.558526687486376,linear_decision_margin,pore_d90,-0.0893653710409341,-0.5557380278578951,True,True,phase-mask-dependent,existing_pore,phase-mask-dependent
geometry_l2,known_oof,hawkfj64,Batch_3,Batch_2,13,0.3866149555258016,1.558526687486376,linear_decision_margin,crack_g_0.05,-0.080045502464417,1.3027072482784658,True,True,phase-mask-dependent,joint_appearance,phase-mask-dependent
geometry_l2,known_oof,hawkfj64,Batch_3,Batch_2,14,0.3866149555258016,1.558526687486376,linear_decision_margin,bright_circ,0.0690959891855709,0.6365868672366044,True,True,phase-mask-dependent,existing_bright,phase-mask-dependent
geometry_l2,known_oof,hawkfj64,Batch_3,Batch_2,15,0.3866149555258016,1.558526687486376,linear_decision_margin,bright_count_per_Mpx,-0.0652681376480492,-0.8461348221645177,True,True,phase-mask-dependent,existing_bright,phase-mask-dependent
geometry_l2,known_oof,hawkfj64,Batch_3,Batch_2,16,0.3866149555258016,1.558526687486376,linear_decision_margin,crack_g_0.2,0.055234636038557,0.4580772170514547,True,True,phase-mask-dependent,joint_appearance,phase-mask-dependent
geometry_l2,known_oof,hawkfj64,Batch_3,Batch_2,17,0.3866149555258016,1.558526687486376,linear_decision_margin,pore_d50,-0.0548234661495196,-0.2872207151314788,True,True,phase-mask-dependent,existing_pore,phase-mask-dependent
geometry_l2,known_oof,hawkfj64,Batch_3,Batch_2,18,0.3866149555258016,1.558526687486376,linear_decision_margin,bright_solidity_count_q10,0.0529777016345565,0.996885490051257,True,True,phase-mask-dependent geometry,new_shape,image appearance
geometry_l2,known_oof,hawkfj64,Batch_3,Batch_2,19,0.3866149555258016,1.558526687486376,linear_decision_margin,bright_solidity,0.051226574348558,1.3665378022425794,True,True,phase-mask-dependent,existing_bright,phase-mask-dependent
geometry_l2,known_oof,hawkfj64,Batch_3,Batch_2,20,0.3866149555258016,1.558526687486376,linear_decision_margin,etd_crack_density_particles,0.0495372159238508,0.9074951696040512,True,True,phase-mask-dependent,joint_appearance,phase-mask-dependent
geometry_l2,known_oof,hawkfj64,Batch_3,Batch_2,21,0.3866149555258016,1.558526687486376,linear_decision_margin,bright_pore_crosscorr_xy_contrast_256px,-0.0458886628576593,-1.0887552787347785,True,True,phase-mask-dependent geometry,new_crossphase,image appearance
geometry_l2,known_oof,hawkfj64,Batch_3,Batch_2,22,0.3866149555258016,1.558526687486376,linear_decision_margin,crack_count_per_Mpx,0.0428362799211124,0.4732565932226125,True,True,phase-mask-dependent,existing_pore,phase-mask-dependent
geometry_l2,known_oof,hawkfj64,Batch_3,Batch_2,23,0.3866149555258016,1.558526687486376,linear_decision_margin,bright_circularity_count_iqr,-0.0380437365941272,0.3063206735116222,True,True,phase-mask-dependent geometry,new_shape,image appearance
geometry_l2,known_oof,hawkfj64,Batch_3,Batch_2,24,0.3866149555258016,1.558526687486376,linear_decision_margin,crack_g_0.3,0.0340801618803436,0.3178264500946253,True,True,phase-mask-dependent,joint_appearance,phase-mask-dependent
geometry_l2,known_oof,hawkfj64,Batch_3,Batch_2,25,0.3866149555258016,1.558526687486376,linear_decision_margin,pore_frac,0.0284734493329034,0.0794084845979825,True,True,phase-mask-dependent,existing_pore,phase-mask-dependent
geometry_l2,known_oof,hawkfj64,Batch_3,Batch_2,26,0.3866149555258016,1.558526687486376,linear_decision_margin,crack_frac,-0.0283399068336706,-0.1457989527516514,True,True,phase-mask-dependent,existing_pore,phase-mask-dependent
geometry_l2,known_oof,hawkfj64,Batch_3,Batch_2,27,0.3866149555258016,1.558526687486376,linear_decision_margin,bright_aspect_count_iqr,0.025747167656494,-0.5536571878604235,True,True,phase-mask-dependent geometry,new_shape,image appearance
geometry_l2,known_oof,hawkfj64,Batch_3,Batch_2,28,0.3866149555258016,1.558526687486376,linear_decision_margin,fft_slope,0.0244158165596433,-0.936655527288404,True,True,image appearance,raw_BSE_anchors,image appearance
geometry_l2,known_oof,hawkfj64,Batch_3,Batch_2,29,0.3866149555258016,1.558526687486376,linear_decision_margin,bright_max_d,-0.0228319592710778,-0.5859320896605271,True,True,phase-mask-dependent,existing_bright,phase-mask-dependent
geometry_l2,known_oof,hawkfj64,Batch_3,Batch_2,30,0.3866149555258016,1.558526687486376,linear_decision_margin,void_local_width_d90_px,0.0151537847743928,0.4051479600593501,True,True,phase-mask-dependent geometry,new_width,image appearance
geometry_l2,known_oof,hawkfj64,Batch_3,Batch_2,31,0.3866149555258016,1.558526687486376,linear_decision_margin,local_bright_std_512px,-0.0132972657840247,-1.249050492354555,True,True,phase-mask-dependent geometry,new_dispersion,image appearance
geometry_l2,known_oof,hawkfj64,Batch_3,Batch_2,32,0.3866149555258016,1.558526687486376,linear_decision_margin,inlens_speckled_particle_frac,0.0131537738234926,-0.9043583903715952,True,True,phase-mask-dependent,particle_texture,phase-mask-dependent
geometry_l2,known_oof,hawkfj64,Batch_3,Batch_2,33,0.3866149555258016,1.558526687486376,linear_decision_margin,etd_crack_density_graphite,0.0092623181156881,0.1462321422500266,True,True,phase-mask-dependent,joint_appearance,phase-mask-dependent
geometry_l2,known_oof,hawkfj64,Batch_3,Batch_2,34,0.3866149555258016,1.558526687486376,linear_decision_margin,pore_elong,0.0040896696869083,0.0424028588348752,True,True,phase-mask-dependent,existing_pore,phase-mask-dependent
geometry_l2,known_oof,hawkfj64,Batch_3,Batch_2,35,0.3866149555258016,1.558526687486376,linear_decision_margin,crack_g_0.1,-0.0037454769723464,1.0236733176563304,True,True,phase-mask-dependent,joint_appearance,phase-mask-dependent
geometry_l2,known_oof,hawkfj64,Batch_3,Batch_2,36,0.3866149555258016,1.558526687486376,linear_decision_margin,ridge_p97,0.003051592410408,0.1303502298168124,True,True,phase-mask-dependent,joint_appearance,phase-mask-dependent
geometry_l2,known_oof,hawkfj64,Batch_3,Batch_2,37,0.3866149555258016,1.558526687486376,linear_decision_margin,bright_d10,0.0023398447450736,-1.255339197256084,True,True,phase-mask-dependent,existing_bright,phase-mask-dependent
geometry_l2,known_oof,epqdaau9,Batch_3,Batch_2,1,0.529599776146549,0.0044742535133201,linear_decision_margin,pore_count_per_Mpx,0.6056464129647948,1.1891515823473413,True,True,phase-mask-dependent,existing_pore,phase-mask-dependent
geometry_l2,known_oof,epqdaau9,Batch_3,Batch_2,2,0.529599776146549,0.0044742535133201,linear_decision_margin,pore_frac,-0.4407534722471064,-1.239514552364509,True,True,phase-mask-dependent,existing_pore,phase-mask-dependent
geometry_l2,known_oof,epqdaau9,Batch_3,Batch_2,3,0.529599776146549,0.0044742535133201,linear_decision_margin,inlens_particle_texture,-0.3018442866396761,1.007488686014676,True,True,phase-mask-dependent,particle_texture,phase-mask-dependent
geometry_l2,known_oof,epqdaau9,Batch_3,Batch_2,4,0.529599776146549,0.0044742535133201,linear_decision_margin,void_local_width_d50_px,0.2149693989692487,-1.195971517325742,True,True,phase-mask-dependent geometry,new_width,image appearance
geometry_l2,known_oof,epqdaau9,Batch_3,Batch_2,5,0.529599776146549,0.0044742535133201,linear_decision_margin,bright_d10,0.1761588213496711,1.6771039756260528,True,True,phase-mask-dependent,existing_bright,phase-mask-dependent
geometry_l2,known_oof,epqdaau9,Batch_3,Batch_2,6,0.529599776146549,0.0044742535133201,linear_decision_margin,pore_d50,-0.1736599771776727,-1.246831480921927,True,True,phase-mask-dependent,existing_pore,phase-mask-dependent
geometry_l2,known_oof,epqdaau9,Batch_3,Batch_2,7,0.529599776146549,0.0044742535133201,linear_decision_margin,crack_frac,-0.167526630710114,-0.8891428217538158,True,True,phase-mask-dependent,existing_pore,phase-mask-dependent
geometry_l2,known_oof,epqdaau9,Batch_3,Batch_2,8,0.529599776146549,0.0044742535133201,linear_decision_margin,pore_max_d,-0.1615733692579316,-0.6910531967535859,True,True,phase-mask-dependent,existing_pore,phase-mask-dependent
geometry_l2,known_oof,epqdaau9,Batch_3,Batch_2,9,0.529599776146549,0.0044742535133201,linear_decision_margin,graph_edge_length_iqr_ratio,-0.1607756213207837,-0.3959874904445139,True,True,phase-mask-dependent geometry,new_spacing,image appearance
geometry_l2,known_oof,epqdaau9,Batch_3,Batch_2,10,0.529599776146549,0.0044742535133201,linear_decision_margin,inlens_particle_texture_p90,-0.1215312373729569,0.6762863455159132,True,True,phase-mask-dependent,particle_texture,phase-mask-dependent
geometry_l2,known_oof,epqdaau9,Batch_3,Batch_2,11,0.529599776146549,0.0044742535133201,linear_decision_margin,bright_aspect_count_iqr,0.0944002285445289,-0.8706115762926266,True,True,phase-mask-dependent geometry,new_shape,image appearance
geometry_l2,known_oof,epqdaau9,Batch_3,Batch_2,12,0.529599776146549,0.0044742535133201,linear_decision_margin,pore_d90,-0.0782729506598807,-0.5169400875365006,True,True,phase-mask-dependent,existing_pore,phase-mask-dependent
geometry_l2,known_oof,epqdaau9,Batch_3,Batch_2,13,0.529599776146549,0.0044742535133201,linear_decision_margin,crack_count_per_Mpx,-0.0779486957108819,-1.2083421816021576,True,True,phase-mask-dependent,existing_pore,phase-mask-dependent
geometry_l2,known_oof,epqdaau9,Batch_3,Batch_2,14,0.529599776146549,0.0044742535133201,linear_decision_margin,inlens_grad_energy,-0.0697053736972179,0.7435480788744806,True,True,phase-mask-dependent,joint_appearance,phase-mask-dependent
geometry_l2,known_oof,epqdaau9,Batch_3,Batch_2,15,0.529599776146549,0.0044742535133201,linear_decision_margin,ridge_p97,0.0675650571933728,0.8570395937223302,True,True,phase-mask-dependent,joint_appearance,phase-mask-dependent
geometry_l2,known_oof,epqdaau9,Batch_3,Batch_2,16,0.529599776146549,0.0044742535133201,linear_decision_margin,etd_crack_density_graphite,0.0533069300785901,0.5744751546169691,True,True,phase-mask-dependent,joint_appearance,phase-mask-dependent
geometry_l2,known_oof,epqdaau9,Batch_3,Batch_2,17,0.529599776146549,0.0044742535133201,linear_decision_margin,bright_circularity_count_iqr,-0.04487275909171,0.7731536498204472,True,True,phase-mask-dependent geometry,new_shape,image appearance
geometry_l2,known_oof,epqdaau9,Batch_3,Batch_2,18,0.529599776146549,0.0044742535133201,linear_decision_margin,corr_len_px,-0.0395369042955212,-0.1944406936956342,True,True,image appearance,raw_BSE_anchors,image appearance
geometry_l2,known_oof,epqdaau9,Batch_3,Batch_2,19,0.529599776146549,0.0044742535133201,linear_decision_margin,bright_frac,0.0374686674177757,0.4791970078482336,True,True,phase-mask-dependent,existing_bright,phase-mask-dependent
geometry_l2,known_oof,epqdaau9,Batch_3,Batch_2,20,0.529599776146549,0.0044742535133201,linear_decision_margin,bright_solidity_count_q10,0.0332345419608805,0.3464754776365941,True,True,phase-mask-dependent geometry,new_shape,image appearance
geometry_l2,known_oof,epqdaau9,Batch_3,Batch_2,21,0.529599776146549,0.0044742535133201,linear_decision_margin,bright_d90,0.0326875525957273,0.315811027095866,True,True,phase-mask-dependent,existing_bright,phase-mask-dependent
geometry_l2,known_oof,epqdaau9,Batch_3,Batch_2,22,0.529599776146549,0.0044742535133201,linear_decision_margin,bright_solidity,0.031825130525133,-1.3096643538541426,True,True,phase-mask-dependent,existing_bright,phase-mask-dependent
geometry_l2,known_oof,epqdaau9,Batch_3,Batch_2,23,0.529599776146549,0.0044742535133201,linear_decision_margin,crack_g_0.3,0.0292744416736425,0.2558672195460235,True,True,phase-mask-dependent,joint_appearance,phase-mask-dependent
geometry_l2,known_oof,epqdaau9,Batch_3,Batch_2,24,0.529599776146549,0.0044742535133201,linear_decision_margin,bright_d50,-0.0172050221649555,0.3997032056205088,True,True,phase-mask-dependent,existing_bright,phase-mask-dependent
geometry_l2,known_oof,epqdaau9,Batch_3,Batch_2,25,0.529599776146549,0.0044742535133201,linear_decision_margin,bright_count_per_Mpx,-0.0161531339021614,-0.3309564798462874,True,True,phase-mask-dependent,existing_bright,phase-mask-dependent
geometry_l2,known_oof,epqdaau9,Batch_3,Batch_2,26,0.529599776146549,0.0044742535133201,linear_decision_margin,pore_elong,-0.0149795468760039,-0.1127484673721747,True,True,phase-mask-dependent,existing_pore,phase-mask-dependent
geometry_l2,known_oof,epqdaau9,Batch_3,Batch_2,27,0.529599776146549,0.0044742535133201,linear_decision_margin,crack_g_0.2,-0.0145439286193416,-0.1392013275416774,True,True,phase-mask-dependent,joint_appearance,phase-mask-dependent
geometry_l2,known_oof,epqdaau9,Batch_3,Batch_2,28,0.529599776146549,0.0044742535133201,linear_decision_margin,crack_g_0.1,0.0138995420296597,-0.4656335786711605,True,True,phase-mask-dependent,joint_appearance,phase-mask-dependent
geometry_l2,known_oof,epqdaau9,Batch_3,Batch_2,29,0.529599776146549,0.0044742535133201,linear_decision_margin,etd_crack_density_particles,-0.0132292667136731,-0.8851126647390477,True,True,phase-mask-dependent,joint_appearance,phase-mask-dependent
geometry_l2,known_oof,epqdaau9,Batch_3,Batch_2,30,0.529599776146549,0.0044742535133201,linear_decision_margin,fft_slope,-0.0111713825191378,0.2085032835547466,True,True,image appearance,raw_BSE_anchors,image appearance
geometry_l2,known_oof,epqdaau9,Batch_3,Batch_2,31,0.529599776146549,0.0044742535133201,linear_decision_margin,crack_g_0.05,0.0091719107706458,-0.1858209376000369,True,True,phase-mask-dependent,joint_appearance,phase-mask-dependent
geometry_l2,known_oof,epqdaau9,Batch_3,Batch_2,32,0.529599776146549,0.0044742535133201,linear_decision_margin,void_local_width_d90_px,-0.0084520849564356,-1.1396766425192553,True,True,phase-mask-dependent geometry,new_width,image appearance
geometry_l2,known_oof,epqdaau9,Batch_3,Batch_2,33,0.529599776146549,0.0044742535133201,linear_decision_margin,inlens_speckled_particle_frac,-0.0068430451421822,0.4503432898451093,True,True,phase-mask-dependent,particle_texture,phase-mask-dependent
geometry_l2,known_oof,epqdaau9,Batch_3,Batch_2,34,0.529599776146549,0.0044742535133201,linear_decision_margin,bright_pore_crosscorr_xy_contrast_256px,0.0047227179009315,-0.4322591713909994,True,True,phase-mask-dependent geometry,new_crossphase,image appearance
geometry_l2,known_oof,epqdaau9,Batch_3,Batch_2,35,0.529599776146549,0.0044742535133201,linear_decision_margin,bright_max_d,0.0044168288670487,-0.4683234783699559,True,True,phase-mask-dependent,existing_bright,phase-mask-dependent
geometry_l2,known_oof,epqdaau9,Batch_3,Batch_2,36,0.529599776146549,0.0044742535133201,linear_decision_margin,local_bright_std_512px,0.0035623638580453,0.2701180960003458,True,True,phase-mask-dependent geometry,new_dispersion,image appearance
geometry_l2,known_oof,epqdaau9,Batch_3,Batch_2,37,0.529599776146549,0.0044742535133201,linear_decision_margin,bright_circ,0.0031426197424193,0.021781236956786,True,True,phase-mask-dependent,existing_bright,phase-mask-dependent
geometry_l2,known_oof,x7u69zsw,Batch_3,Batch_2,1,0.4011291434458188,0.3271300599143796,linear_decision_margin,inlens_particle_texture,0.4150516433468182,-1.320377237823385,True,True,phase-mask-dependent,particle_texture,phase-mask-dependent
geometry_l2,known_oof,x7u69zsw,Batch_3,Batch_2,2,0.4011291434458188,0.3271300599143796,linear_decision_margin,corr_len_px,-0.2598828133269208,-1.1199102634290738,True,True,image appearance,raw_BSE_anchors,image appearance
geometry_l2,known_oof,x7u69zsw,Batch_3,Batch_2,3,0.4011291434458188,0.3271300599143796,linear_decision_margin,local_bright_std_512px,-0.1345352863059852,2.8131521247662983,True,True,phase-mask-dependent geometry,new_dispersion,image appearance
geometry_l2,known_oof,x7u69zsw,Batch_3,Batch_2,4,0.4011291434458188,0.3271300599143796,linear_decision_margin,bright_solidity_count_q10,-0.1170271931366086,-1.38027032787783,True,True,phase-mask-dependent geometry,new_shape,image appearance
geometry_l2,known_oof,x7u69zsw,Batch_3,Batch_2,5,0.4011291434458188,0.3271300599143796,linear_decision_margin,bright_solidity,-0.1108562763333464,-1.3906600484451563,True,True,phase-mask-dependent,existing_bright,phase-mask-dependent
geometry_l2,known_oof,x7u69zsw,Batch_3,Batch_2,6,0.4011291434458188,0.3271300599143796,linear_decision_margin,bright_circularity_count_iqr,0.0974737133472977,-0.985948533177878,True,True,phase-mask-dependent geometry,new_shape,image appearance
geometry_l2,known_oof,x7u69zsw,Batch_3,Batch_2,7,0.4011291434458188,0.3271300599143796,linear_decision_margin,bright_d90,0.0799252560647513,2.3172816136290733,True,True,phase-mask-dependent,existing_bright,phase-mask-dependent
geometry_l2,known_oof,x7u69zsw,Batch_3,Batch_2,8,0.4011291434458188,0.3271300599143796,linear_decision_margin,pore_max_d,-0.0660131501238051,-0.2799564204512079,False,True,phase-mask-dependent,existing_pore,phase-mask-dependent
geometry_l2,known_oof,x7u69zsw,Batch_3,Batch_2,9,0.4011291434458188,0.3271300599143796,linear_decision_margin,bright_circ,-0.0597703487147221,-0.6000014081708646,True,True,phase-mask-dependent,existing_bright,phase-mask-dependent
geometry_l2,known_oof,x7u69zsw,Batch_3,Batch_2,10,0.4011291434458188,0.3271300599143796,linear_decision_margin,graph_edge_length_iqr_ratio,0.0553252835202807,0.1338127095584646,True,True,phase-mask-dependent geometry,new_spacing,image appearance
geometry_l2,known_oof,x7u69zsw,Batch_3,Batch_2,11,0.4011291434458188,0.3271300599143796,linear_decision_margin,bright_count_per_Mpx,0.0506999265954311,2.3028300815169187,True,True,phase-mask-dependent,existing_bright,phase-mask-dependent
geometry_l2,known_oof,x7u69zsw,Batch_3,Batch_2,12,0.4011291434458188,0.3271300599143796,linear_decision_margin,bright_frac,0.0472302332485621,2.634533691038066,True,True,phase-mask-dependent,existing_bright,phase-mask-dependent
geometry_l2,known_oof,x7u69zsw,Batch_3,Batch_2,13,0.4011291434458188,0.3271300599143796,linear_decision_margin,pore_count_per_Mpx,0.0365778076613338,0.0886724008430872,False,True,phase-mask-dependent,existing_pore,phase-mask-dependent
geometry_l2,known_oof,x7u69zsw,Batch_3,Batch_2,14,0.4011291434458188,0.3271300599143796,linear_decision_margin,etd_crack_density_particles,-0.0305279093778528,-0.3060165388091885,False,True,phase-mask-dependent,joint_appearance,phase-mask-dependent
geometry_l2,known_oof,x7u69zsw,Batch_3,Batch_2,15,0.4011291434458188,0.3271300599143796,linear_decision_margin,pore_d90,-0.0294154463069467,-0.2162432655257753,False,True,phase-mask-dependent,existing_pore,phase-mask-dependent
geometry_l2,known_oof,x7u69zsw,Batch_3,Batch_2,16,0.4011291434458188,0.3271300599143796,linear_decision_margin,crack_frac,-0.0285763033976535,-0.1501089831762255,False,True,phase-mask-dependent,existing_pore,phase-mask-dependent
geometry_l2,known_oof,x7u69zsw,Batch_3,Batch_2,17,0.4011291434458188,0.3271300599143796,linear_decision_margin,inlens_particle_texture_p90,0.0281861423540524,-0.1403802678599567,True,True,phase-mask-dependent,particle_texture,phase-mask-dependent
geometry_l2,known_oof,x7u69zsw,Batch_3,Batch_2,18,0.4011291434458188,0.3271300599143796,linear_decision_margin,pore_d50,-0.0198217694032749,-0.1130462903200613,False,True,phase-mask-dependent,existing_pore,phase-mask-dependent
geometry_l2,known_oof,x7u69zsw,Batch_3,Batch_2,19,0.4011291434458188,0.3271300599143796,linear_decision_margin,inlens_grad_energy,-0.0149111258982609,0.1077280600496951,False,True,phase-mask-dependent,joint_appearance,phase-mask-dependent
geometry_l2,known_oof,x7u69zsw,Batch_3,Batch_2,20,0.4011291434458188,0.3271300599143796,linear_decision_margin,fft_slope,0.0147757908825456,-0.4818006232088181,True,True,image appearance,raw_BSE_anchors,image appearance
geometry_l2,known_oof,x7u69zsw,Batch_3,Batch_2,21,0.4011291434458188,0.3271300599143796,linear_decision_margin,bright_d50,0.0143663544291121,-0.4878146378206156,True,True,phase-mask-dependent,existing_bright,phase-mask-dependent
geometry_l2,known_oof,x7u69zsw,Batch_3,Batch_2,22,0.4011291434458188,0.3271300599143796,linear_decision_margin,crack_g_0.05,-0.0105603455083838,0.2053616411047269,False,True,phase-mask-dependent,joint_appearance,phase-mask-dependent
geometry_l2,known_oof,x7u69zsw,Batch_3,Batch_2,23,0.4011291434458188,0.3271300599143796,linear_decision_margin,bright_aspect_count_iqr,-0.008910432753155,0.2241856109037949,True,True,phase-mask-dependent geometry,new_shape,image appearance
geometry_l2,known_oof,x7u69zsw,Batch_3,Batch_2,24,0.4011291434458188,0.3271300599143796,linear_decision_margin,etd_crack_density_graphite,-0.0084717085124639,-0.1314329850411605,False,True,phase-mask-dependent,joint_appearance,phase-mask-dependent
geometry_l2,known_oof,x7u69zsw,Batch_3,Batch_2,25,0.4011291434458188,0.3271300599143796,linear_decision_margin,crack_g_0.2,-0.0066335022103519,-0.0531894290609363,False,True,phase-mask-dependent,joint_appearance,phase-mask-dependent
geometry_l2,known_oof,x7u69zsw,Batch_3,Batch_2,26,0.4011291434458188,0.3271300599143796,linear_decision_margin,bright_max_d,-0.0047543129802014,2.31143120531797,True,True,phase-mask-dependent,existing_bright,phase-mask-dependent
geometry_l2,known_oof,x7u69zsw,Batch_3,Batch_2,27,0.4011291434458188,0.3271300599143796,linear_decision_margin,void_local_width_d90_px,-0.0037082866511788,-0.1113106010951124,False,True,phase-mask-dependent geometry,new_width,image appearance
geometry_l2,known_oof,x7u69zsw,Batch_3,Batch_2,28,0.4011291434458188,0.3271300599143796,linear_decision_margin,void_local_width_d50_px,0.0031606304130449,-0.0224953400776534,False,True,phase-mask-dependent geometry,new_width,image appearance
geometry_l2,known_oof,x7u69zsw,Batch_3,Batch_2,29,0.4011291434458188,0.3271300599143796,linear_decision_margin,pore_elong,0.002871879951831,0.0371199145853475,False,True,phase-mask-dependent,existing_pore,phase-mask-dependent
geometry_l2,known_oof,x7u69zsw,Batch_3,Batch_2,30,0.4011291434458188,0.3271300599143796,linear_decision_margin,ridge_p97,-0.0025310133475466,-0.1139233195556808,False,True,phase-mask-dependent,joint_appearance,phase-mask-dependent
geometry_l2,known_oof,x7u69zsw,Batch_3,Batch_2,31,0.4011291434458188,0.3271300599143796,linear_decision_margin,crack_count_per_Mpx,-0.0021448991556335,-0.0242377957307777,False,True,phase-mask-dependent,existing_pore,phase-mask-dependent
geometry_l2,known_oof,x7u69zsw,Batch_3,Batch_2,32,0.4011291434458188,0.3271300599143796,linear_decision_margin,inlens_speckled_particle_frac,0.0018912069842363,-0.5001739633520991,True,True,phase-mask-dependent,particle_texture,phase-mask-dependent
geometry_l2,known_oof,x7u69zsw,Batch_3,Batch_2,33,0.4011291434458188,0.3271300599143796,linear_decision_margin,crack_g_0.3,-0.0011766079437154,-0.0097258311953086,False,True,phase-mask-dependent,joint_appearance,phase-mask-dependent
geometry_l2,known_oof,x7u69zsw,Batch_3,Batch_2,34,0.4011291434458188,0.3271300599143796,linear_decision_margin,crack_g_0.1,-0.0008654780500099,-0.0519266329500189,False,True,phase-mask-dependent,joint_appearance,phase-mask-dependent
geometry_l2,known_oof,x7u69zsw,Batch_3,Batch_2,35,0.4011291434458188,0.3271300599143796,linear_decision_margin,pore_frac,-0.0006205847308926,-0.0015971949442644,False,True,phase-mask-dependent,existing_pore,phase-mask-dependent
geometry_l2,known_oof,x7u69zsw,Batch_3,Batch_2,36,0.4011291434458188,0.3271300599143796,linear_decision_margin,bright_pore_crosscorr_xy_contrast_256px,0.0002299435148865,0.0162958672116344,False,True,phase-mask-dependent geometry,new_crossphase,image appearance
geometry_l2,known_oof,x7u69zsw,Batch_3,Batch_2,37,0.4011291434458188,0.3271300599143796,linear_decision_margin,bright_d10,-5.0101676712514685e-05,-0.4890758503715856,True,True,phase-mask-dependent,existing_bright,phase-mask-dependent
geometry_l2,known_oof,avn74qx1,Batch_3,Batch_2,1,0.5830982354768405,0.7238141434854615,linear_decision_margin,pore_count_per_Mpx,-0.7702323097387173,-2.464782820030467,True,True,phase-mask-dependent,existing_pore,phase-mask-dependent
geometry_l2,known_oof,avn74qx1,Batch_3,Batch_2,2,0.5830982354768405,0.7238141434854615,linear_decision_margin,graph_edge_length_iqr_ratio,-0.4862289734527038,-1.3421686114121043,True,True,phase-mask-dependent geometry,new_spacing,image appearance
geometry_l2,known_oof,avn74qx1,Batch_3,Batch_2,3,0.5830982354768405,0.7238141434854615,linear_decision_margin,bright_circ,0.4694025452447089,1.933445939594901,True,True,phase-mask-dependent,existing_bright,phase-mask-dependent
geometry_l2,known_oof,avn74qx1,Batch_3,Batch_2,4,0.5830982354768405,0.7238141434854615,linear_decision_margin,pore_frac,-0.3524125733871973,-1.020357871676861,True,True,phase-mask-dependent,existing_pore,phase-mask-dependent
geometry_l2,known_oof,avn74qx1,Batch_3,Batch_2,5,0.5830982354768405,0.7238141434854615,linear_decision_margin,bright_solidity,0.2759736704720362,1.840167969790038,True,True,phase-mask-dependent,existing_bright,phase-mask-dependent
geometry_l2,known_oof,avn74qx1,Batch_3,Batch_2,6,0.5830982354768405,0.7238141434854615,linear_decision_margin,bright_d50,0.2325755423302147,-1.2986293462942329,True,True,phase-mask-dependent,existing_bright,phase-mask-dependent
geometry_l2,known_oof,avn74qx1,Batch_3,Batch_2,7,0.5830982354768405,0.7238141434854615,linear_decision_margin,bright_solidity_count_q10,0.2263195047235034,1.8000475603213926,True,True,phase-mask-dependent geometry,new_shape,image appearance
geometry_l2,known_oof,avn74qx1,Batch_3,Batch_2,8,0.5830982354768405,0.7238141434854615,linear_decision_margin,bright_d90,0.1379997444415678,0.8599366271033664,True,True,phase-mask-dependent,existing_bright,phase-mask-dependent
geometry_l2,known_oof,avn74qx1,Batch_3,Batch_2,9,0.5830982354768405,0.7238141434854615,linear_decision_margin,crack_g_0.05,0.1334294820008579,1.7049125979860995,True,True,phase-mask-dependent,joint_appearance,phase-mask-dependent
geometry_l2,known_oof,avn74qx1,Batch_3,Batch_2,10,0.5830982354768405,0.7238141434854615,linear_decision_margin,pore_elong,0.1169468613730915,0.9066151786171096,True,True,phase-mask-dependent,existing_pore,phase-mask-dependent
geometry_l2,known_oof,avn74qx1,Batch_3,Batch_2,11,0.5830982354768405,0.7238141434854615,linear_decision_margin,inlens_particle_texture_p90,0.1120220333419669,-0.5280889795360537,True,True,phase-mask-dependent,particle_texture,phase-mask-dependent
geometry_l2,known_oof,avn74qx1,Batch_3,Batch_2,12,0.5830982354768405,0.7238141434854615,linear_decision_margin,pore_max_d,-0.0966858727981067,-0.424194881678145,True,True,phase-mask-dependent,existing_pore,phase-mask-dependent
geometry_l2,known_oof,avn74qx1,Batch_3,Batch_2,13,0.5830982354768405,0.7238141434854615,linear_decision_margin,crack_g_0.1,0.0912778061301124,1.259196370716145,True,True,phase-mask-dependent,joint_appearance,phase-mask-dependent
geometry_l2,known_oof,avn74qx1,Batch_3,Batch_2,14,0.5830982354768405,0.7238141434854615,linear_decision_margin,void_local_width_d50_px,-0.0687517873910453,1.2932032328467014,True,True,phase-mask-dependent geometry,new_width,image appearance
geometry_l2,known_oof,avn74qx1,Batch_3,Batch_2,15,0.5830982354768405,0.7238141434854615,linear_decision_margin,local_bright_std_512px,0.0684522349466756,-0.991443161475308,True,True,phase-mask-dependent geometry,new_dispersion,image appearance
geometry_l2,known_oof,avn74qx1,Batch_3,Batch_2,16,0.5830982354768405,0.7238141434854615,linear_decision_margin,etd_crack_density_particles,-0.058303454831587,-0.8328283188664675,True,True,phase-mask-dependent,joint_appearance,phase-mask-dependent
geometry_l2,known_oof,avn74qx1,Batch_3,Batch_2,17,0.5830982354768405,0.7238141434854615,linear_decision_margin,crack_frac,-0.0551497980371188,-0.2991846101483893,True,True,phase-mask-dependent,existing_pore,phase-mask-dependent
geometry_l2,known_oof,avn74qx1,Batch_3,Batch_2,18,0.5830982354768405,0.7238141434854615,linear_decision_margin,bright_count_per_Mpx,-0.0545940894408526,-1.4142990688077155,True,True,phase-mask-dependent,existing_bright,phase-mask-dependent
geometry_l2,known_oof,avn74qx1,Batch_3,Batch_2,19,0.5830982354768405,0.7238141434854615,linear_decision_margin,inlens_grad_energy,0.0314090597665065,-0.313425979094816,True,True,phase-mask-dependent,joint_appearance,phase-mask-dependent
geometry_l2,known_oof,avn74qx1,Batch_3,Batch_2,20,0.5830982354768405,0.7238141434854615,linear_decision_margin,pore_d90,0.0295604911342265,0.1794345559640747,True,True,phase-mask-dependent,existing_pore,phase-mask-dependent
geometry_l2,known_oof,avn74qx1,Batch_3,Batch_2,21,0.5830982354768405,0.7238141434854615,linear_decision_margin,crack_g_0.2,0.0254439842671643,0.2449031251283169,True,True,phase-mask-dependent,joint_appearance,phase-mask-dependent
geometry_l2,known_oof,avn74qx1,Batch_3,Batch_2,22,0.5830982354768405,0.7238141434854615,linear_decision_margin,void_local_width_d90_px,0.0252355016616015,0.3205278809538188,True,True,phase-mask-dependent geometry,new_width,image appearance
geometry_l2,known_oof,avn74qx1,Batch_3,Batch_2,23,0.5830982354768405,0.7238141434854615,linear_decision_margin,crack_g_0.3,0.0234031078474439,0.2591163338061725,True,True,phase-mask-dependent,joint_appearance,phase-mask-dependent
geometry_l2,known_oof,avn74qx1,Batch_3,Batch_2,24,0.5830982354768405,0.7238141434854615,linear_decision_margin,etd_crack_density_graphite,0.023356726124972,0.4152632780873909,True,True,phase-mask-dependent,joint_appearance,phase-mask-dependent
geometry_l2,known_oof,avn74qx1,Batch_3,Batch_2,25,0.5830982354768405,0.7238141434854615,linear_decision_margin,corr_len_px,0.0209874133280889,0.1068969246418024,True,True,image appearance,raw_BSE_anchors,image appearance
geometry_l2,known_oof,avn74qx1,Batch_3,Batch_2,26,0.5830982354768405,0.7238141434854615,linear_decision_margin,bright_circularity_count_iqr,0.0205565603385929,-0.1749747324270673,True,True,phase-mask-dependent geometry,new_shape,image appearance
geometry_l2,known_oof,avn74qx1,Batch_3,Batch_2,27,0.5830982354768405,0.7238141434854615,linear_decision_margin,inlens_particle_texture,0.0197803708516531,-0.0619569083897002,True,True,phase-mask-dependent,particle_texture,phase-mask-dependent
geometry_l2,known_oof,avn74qx1,Batch_3,Batch_2,28,0.5830982354768405,0.7238141434854615,linear_decision_margin,bright_frac,-0.0177173896656194,-1.5872339057305005,True,True,phase-mask-dependent,existing_bright,phase-mask-dependent
geometry_l2,known_oof,avn74qx1,Batch_3,Batch_2,29,0.5830982354768405,0.7238141434854615,linear_decision_margin,pore_d50,-0.0162110142854243,-0.0862475846672243,True,True,phase-mask-dependent,existing_pore,phase-mask-dependent
geometry_l2,known_oof,avn74qx1,Batch_3,Batch_2,30,0.5830982354768405,0.7238141434854615,linear_decision_margin,fft_slope,0.0100081701900064,0.6132008110072564,True,True,image appearance,raw_BSE_anchors,image appearance
geometry_l2,known_oof,avn74qx1,Batch_3,Batch_2,31,0.5830982354768405,0.7238141434854615,linear_decision_margin,bright_aspect_count_iqr,0.0080570126687732,-0.3496683288903286,True,True,phase-mask-dependent geometry,new_shape,image appearance
geometry_l2,known_oof,avn74qx1,Batch_3,Batch_2,32,0.5830982354768405,0.7238141434854615,linear_decision_margin,ridge_p97,0.0078700073037328,0.4208845946687687,True,True,phase-mask-dependent,joint_appearance,phase-mask-dependent
geometry_l2,known_oof,avn74qx1,Batch_3,Batch_2,33,0.5830982354768405,0.7238141434854615,linear_decision_margin,bright_max_d,0.0050656086185581,0.0713952915221675,True,True,phase-mask-dependent,existing_bright,phase-mask-dependent
geometry_l2,known_oof,avn74qx1,Batch_3,Batch_2,34,0.5830982354768405,0.7238141434854615,linear_decision_margin,bright_d10,0.0025938494128592,0.5313544253244146,True,True,phase-mask-dependent,existing_bright,phase-mask-dependent
geometry_l2,known_oof,avn74qx1,Batch_3,Batch_2,35,0.5830982354768405,0.7238141434854615,linear_decision_margin,inlens_speckled_particle_frac,-0.0004027550486602,-0.2507226345962685,True,True,phase-mask-dependent,particle_texture,phase-mask-dependent
geometry_l2,known_oof,avn74qx1,Batch_3,Batch_2,36,0.5830982354768405,0.7238141434854615,linear_decision_margin,crack_count_per_Mpx,-0.0002897436151981,-0.0035634177121862,True,True,phase-mask-dependent,existing_pore,phase-mask-dependent
geometry_l2,known_oof,avn74qx1,Batch_3,Batch_2,37,0.5830982354768405,0.7238141434854615,linear_decision_margin,bright_pore_crosscorr_xy_contrast_256px,-3.161881806317889e-05,0.016066207698042,True,True,phase-mask-dependent geometry,new_crossphase,image appearance
geometry_l2,known_oof,x77cy643,Batch_3,Batch_2,1,0.4031970029589666,0.5637977638250316,linear_decision_margin,graph_edge_length_iqr_ratio,-0.7496000819481194,-1.6556245850360465,True,True,phase-mask-dependent geometry,new_spacing,image appearance
geometry_l2,known_oof,x77cy643,Batch_3,Batch_2,2,0.4031970029589666,0.5637977638250316,linear_decision_margin,bright_circularity_count_iqr,-0.3239533200291045,1.7847769975184098,True,True,phase-mask-dependent geometry,new_shape,image appearance
geometry_l2,known_oof,x77cy643,Batch_3,Batch_2,3,0.4031970029589666,0.5637977638250316,linear_decision_margin,inlens_particle_texture,0.250409697589799,-0.7189098301317588,True,True,phase-mask-dependent,particle_texture,phase-mask-dependent
geometry_l2,known_oof,x77cy643,Batch_3,Batch_2,4,0.4031970029589666,0.5637977638250316,linear_decision_margin,inlens_particle_texture_p90,0.2020354372098789,-1.003729299788488,True,True,phase-mask-dependent,particle_texture,phase-mask-dependent
geometry_l2,known_oof,x77cy643,Batch_3,Batch_2,5,0.4031970029589666,0.5637977638250316,linear_decision_margin,inlens_grad_energy,0.1682132550681854,-1.47455263852446,True,True,phase-mask-dependent,joint_appearance,phase-mask-dependent
geometry_l2,known_oof,x77cy643,Batch_3,Batch_2,6,0.4031970029589666,0.5637977638250316,linear_decision_margin,pore_count_per_Mpx,0.1460481264547085,0.3812787932384084,True,True,phase-mask-dependent,existing_pore,phase-mask-dependent
geometry_l2,known_oof,x77cy643,Batch_3,Batch_2,7,0.4031970029589666,0.5637977638250316,linear_decision_margin,corr_len_px,0.1440319663804031,0.7151022790845142,True,True,image appearance,raw_BSE_anchors,image appearance
geometry_l2,known_oof,x77cy643,Batch_3,Batch_2,8,0.4031970029589666,0.5637977638250316,linear_decision_margin,crack_g_0.2,0.1220278664428811,1.1330938635913514,True,True,phase-mask-dependent,joint_appearance,phase-mask-dependent
geometry_l2,known_oof,x77cy643,Batch_3,Batch_2,9,0.4031970029589666,0.5637977638250316,linear_decision_margin,void_local_width_d50_px,0.1046156314367225,-0.8811099139668612,True,True,phase-mask-dependent geometry,new_width,image appearance
geometry_l2,known_oof,x77cy643,Batch_3,Batch_2,10,0.4031970029589666,0.5637977638250316,linear_decision_margin,pore_max_d,-0.0911655330633213,-0.3540885914083919,True,True,phase-mask-dependent,existing_pore,phase-mask-dependent
geometry_l2,known_oof,x77cy643,Batch_3,Batch_2,11,0.4031970029589666,0.5637977638250316,linear_decision_margin,bright_d10,-0.0904550718324777,1.789986000278558,True,True,phase-mask-dependent,existing_bright,phase-mask-dependent
geometry_l2,known_oof,x77cy643,Batch_3,Batch_2,12,0.4031970029589666,0.5637977638250316,linear_decision_margin,crack_g_0.3,0.0797393791805618,0.7824158234686948,True,True,phase-mask-dependent,joint_appearance,phase-mask-dependent
geometry_l2,known_oof,x77cy643,Batch_3,Batch_2,13,0.4031970029589666,0.5637977638250316,linear_decision_margin,pore_frac,0.0618051975343858,0.1771455131772727,True,True,phase-mask-dependent,existing_pore,phase-mask-dependent
geometry_l2,known_oof,x77cy643,Batch_3,Batch_2,14,0.4031970029589666,0.5637977638250316,linear_decision_margin,bright_solidity_count_q10,0.0614911126081558,1.0995132648538637,True,True,phase-mask-dependent geometry,new_shape,image appearance
geometry_l2,known_oof,x77cy643,Batch_3,Batch_2,15,0.4031970029589666,0.5637977638250316,linear_decision_margin,bright_max_d,-0.0523933974197217,-0.9012580159867848,True,True,phase-mask-dependent,existing_bright,phase-mask-dependent
geometry_l2,known_oof,x77cy643,Batch_3,Batch_2,16,0.4031970029589666,0.5637977638250316,linear_decision_margin,pore_elong,0.0507597019357608,0.5973370943177762,True,True,phase-mask-dependent,existing_pore,phase-mask-dependent
geometry_l2,known_oof,x77cy643,Batch_3,Batch_2,17,0.4031970029589666,0.5637977638250316,linear_decision_margin,bright_d50,0.0459431329496078,-0.9986123458324994,True,True,phase-mask-dependent,existing_bright,phase-mask-dependent
geometry_l2,known_oof,x77cy643,Batch_3,Batch_2,18,0.4031970029589666,0.5637977638250316,linear_decision_margin,bright_circ,0.0444070392125478,0.4338835241783986,True,True,phase-mask-dependent,existing_bright,phase-mask-dependent
geometry_l2,known_oof,x77cy643,Batch_3,Batch_2,19,0.4031970029589666,0.5637977638250316,linear_decision_margin,crack_count_per_Mpx,0.0418389677516553,0.5385919332038411,True,True,phase-mask-dependent,existing_pore,phase-mask-dependent
geometry_l2,known_oof,x77cy643,Batch_3,Batch_2,20,0.4031970029589666,0.5637977638250316,linear_decision_margin,bright_d90,-0.0413688844193468,-0.4787942552170648,True,True,phase-mask-dependent,existing_bright,phase-mask-dependent
geometry_l2,known_oof,x77cy643,Batch_3,Batch_2,21,0.4031970029589666,0.5637977638250316,linear_decision_margin,bright_count_per_Mpx,-0.0404866653233428,-0.5825600911847588,True,True,phase-mask-dependent,existing_bright,phase-mask-dependent
geometry_l2,known_oof,x77cy643,Batch_3,Batch_2,22,0.4031970029589666,0.5637977638250316,linear_decision_margin,etd_crack_density_graphite,0.0360291565929485,0.6003364320050144,True,True,phase-mask-dependent,joint_appearance,phase-mask-dependent
geometry_l2,known_oof,x77cy643,Batch_3,Batch_2,23,0.4031970029589666,0.5637977638250316,linear_decision_margin,bright_aspect_count_iqr,0.0360285400248409,-0.6785591874697958,True,True,phase-mask-dependent geometry,new_shape,image appearance
geometry_l2,known_oof,x77cy643,Batch_3,Batch_2,24,0.4031970029589666,0.5637977638250316,linear_decision_margin,pore_d90,-0.0331143461867837,-0.2157578207328785,True,True,phase-mask-dependent,existing_pore,phase-mask-dependent
geometry_l2,known_oof,x77cy643,Batch_3,Batch_2,25,0.4031970029589666,0.5637977638250316,linear_decision_margin,crack_g_0.1,-0.0311205504738369,1.5531740915407537,True,True,phase-mask-dependent,joint_appearance,phase-mask-dependent
geometry_l2,known_oof,x77cy643,Batch_3,Batch_2,26,0.4031970029589666,0.5637977638250316,linear_decision_margin,bright_frac,0.0292506057296663,0.6446396130894443,True,True,phase-mask-dependent,existing_bright,phase-mask-dependent
geometry_l2,known_oof,x77cy643,Batch_3,Batch_2,27,0.4031970029589666,0.5637977638250316,linear_decision_margin,etd_crack_density_particles,-0.0230231872226143,-0.26100327938239,True,True,phase-mask-dependent,joint_appearance,phase-mask-dependent
geometry_l2,known_oof,x77cy643,Batch_3,Batch_2,28,0.4031970029589666,0.5637977638250316,linear_decision_margin,pore_d50,-0.0197028058370876,-0.1110097327845972,True,True,phase-mask-dependent,existing_pore,phase-mask-dependent
geometry_l2,known_oof,x77cy643,Batch_3,Batch_2,29,0.4031970029589666,0.5637977638250316,linear_decision_margin,bright_solidity,0.0184036981785633,0.3892268178916876,True,True,phase-mask-dependent,existing_bright,phase-mask-dependent
geometry_l2,known_oof,x77cy643,Batch_3,Batch_2,30,0.4031970029589666,0.5637977638250316,linear_decision_margin,inlens_speckled_particle_frac,0.0182589459820136,-0.9043583903715952,True,True,phase-mask-dependent,particle_texture,phase-mask-dependent
geometry_l2,known_oof,x77cy643,Batch_3,Batch_2,31,0.4031970029589666,0.5637977638250316,linear_decision_margin,crack_g_0.05,-0.0121281263410538,0.348004651878168,True,True,phase-mask-dependent,joint_appearance,phase-mask-dependent
geometry_l2,known_oof,x77cy643,Batch_3,Batch_2,32,0.4031970029589666,0.5637977638250316,linear_decision_margin,ridge_p97,0.0105772771616594,0.4167219933728432,True,True,phase-mask-dependent,joint_appearance,phase-mask-dependent
geometry_l2,known_oof,x77cy643,Batch_3,Batch_2,33,0.4031970029589666,0.5637977638250316,linear_decision_margin,bright_pore_crosscorr_xy_contrast_256px,0.0057387304078803,0.3206135913819807,True,True,phase-mask-dependent geometry,new_crossphase,image appearance
geometry_l2,known_oof,x77cy643,Batch_3,Batch_2,34,0.4031970029589666,0.5637977638250316,linear_decision_margin,fft_slope,-0.0034832184967713,0.0744264210991032,True,True,image appearance,raw_BSE_anchors,image appearance
geometry_l2,known_oof,x77cy643,Batch_3,Batch_2,35,0.4031970029589666,0.5637977638250316,linear_decision_margin,crack_frac,-0.0025839611684594,-0.0134829158534156,True,True,phase-mask-dependent,existing_pore,phase-mask-dependent
geometry_l2,known_oof,x77cy643,Batch_3,Batch_2,36,0.4031970029589666,0.5637977638250316,linear_decision_margin,local_bright_std_512px,-0.0015361830059455,-0.148642909238653,True,True,phase-mask-dependent geometry,new_dispersion,image appearance
geometry_l2,known_oof,x77cy643,Batch_3,Batch_2,37,0.4031970029589666,0.5637977638250316,linear_decision_margin,void_local_width_d90_px,-0.0009373721987747,-0.0235174001835811,True,True,phase-mask-dependent geometry,new_width,image appearance
geometry_l2,known_oof,pl8uabbv,Batch_1,Batch_3,1,-0.6079346061693682,1.8319837618189927,linear_decision_margin,inlens_particle_texture,0.5931520321185265,1.4853436117880612,True,True,phase-mask-dependent,particle_texture,phase-mask-dependent
geometry_l2,known_oof,pl8uabbv,Batch_1,Batch_3,2,-0.6079346061693682,1.8319837618189927,linear_decision_margin,inlens_grad_energy,0.4457979952945821,1.5091425925176585,True,True,phase-mask-dependent,joint_appearance,phase-mask-dependent
geometry_l2,known_oof,pl8uabbv,Batch_1,Batch_3,3,-0.6079346061693682,1.8319837618189927,linear_decision_margin,bright_pore_crosscorr_xy_contrast_256px,0.3971538405257483,1.4059779532423982,True,True,phase-mask-dependent geometry,new_crossphase,image appearance
geometry_l2,known_oof,pl8uabbv,Batch_1,Batch_3,4,-0.6079346061693682,1.8319837618189927,linear_decision_margin,inlens_particle_texture_p90,0.3789689954253246,1.192047986494846,True,True,phase-mask-dependent,particle_texture,phase-mask-dependent
geometry_l2,known_oof,pl8uabbv,Batch_1,Batch_3,5,-0.6079346061693682,1.8319837618189927,linear_decision_margin,graph_edge_length_iqr_ratio,-0.298458743943992,1.6321779221010655,True,True,phase-mask-dependent geometry,new_spacing,image appearance
geometry_l2,known_oof,pl8uabbv,Batch_1,Batch_3,6,-0.6079346061693682,1.8319837618189927,linear_decision_margin,inlens_speckled_particle_frac,0.2981808558366847,1.6973193655564531,True,True,phase-mask-dependent,particle_texture,phase-mask-dependent
geometry_l2,known_oof,pl8uabbv,Batch_1,Batch_3,7,-0.6079346061693682,1.8319837618189927,linear_decision_margin,pore_count_per_Mpx,0.2611358962373364,0.9363363726076004,True,True,phase-mask-dependent,existing_pore,phase-mask-dependent
geometry_l2,known_oof,pl8uabbv,Batch_1,Batch_3,8,-0.6079346061693682,1.8319837618189927,linear_decision_margin,local_bright_std_512px,0.2378245978455768,-1.5003022226865692,True,True,phase-mask-dependent geometry,new_dispersion,image appearance
geometry_l2,known_oof,pl8uabbv,Batch_1,Batch_3,9,-0.6079346061693682,1.8319837618189927,linear_decision_margin,corr_len_px,0.1969430988399252,-1.1199102634290738,True,True,image appearance,raw_BSE_anchors,image appearance
geometry_l2,known_oof,pl8uabbv,Batch_1,Batch_3,10,-0.6079346061693682,1.8319837618189927,linear_decision_margin,bright_count_per_Mpx,-0.1888865761157426,0.954041481526559,True,True,phase-mask-dependent,existing_bright,phase-mask-dependent
geometry_l2,known_oof,pl8uabbv,Batch_1,Batch_3,11,-0.6079346061693682,1.8319837618189927,linear_decision_margin,pore_elong,0.1773544774816987,-1.0287477022400449,True,True,phase-mask-dependent,existing_pore,phase-mask-dependent
geometry_l2,known_oof,pl8uabbv,Batch_1,Batch_3,12,-0.6079346061693682,1.8319837618189927,linear_decision_margin,bright_d50,-0.1683842851587959,-1.1241667943321736,True,True,phase-mask-dependent,existing_bright,phase-mask-dependent
geometry_l2,known_oof,pl8uabbv,Batch_1,Batch_3,13,-0.6079346061693682,1.8319837618189927,linear_decision_margin,bright_aspect_count_iqr,-0.1424955049437098,-0.9943972755473346,True,True,phase-mask-dependent geometry,new_shape,image appearance
geometry_l2,known_oof,pl8uabbv,Batch_1,Batch_3,14,-0.6079346061693682,1.8319837618189927,linear_decision_margin,bright_d90,0.129614213301305,-0.6471564194149667,True,True,phase-mask-dependent,existing_bright,phase-mask-dependent
geometry_l2,known_oof,pl8uabbv,Batch_1,Batch_3,15,-0.6079346061693682,1.8319837618189927,linear_decision_margin,pore_frac,-0.1090358080314169,0.7434855125387522,True,True,phase-mask-dependent,existing_pore,phase-mask-dependent
geometry_l2,known_oof,pl8uabbv,Batch_1,Batch_3,16,-0.6079346061693682,1.8319837618189927,linear_decision_margin,bright_solidity,-0.1022346331128879,-0.8298103385801996,True,True,phase-mask-dependent,existing_bright,phase-mask-dependent
geometry_l2,known_oof,pl8uabbv,Batch_1,Batch_3,17,-0.6079346061693682,1.8319837618189927,linear_decision_margin,fft_slope,0.0978847757247365,0.3442891681742723,True,True,image appearance,raw_BSE_anchors,image appearance
geometry_l2,known_oof,pl8uabbv,Batch_1,Batch_3,18,-0.6079346061693682,1.8319837618189927,linear_decision_margin,pore_max_d,-0.0958526635202033,0.6717921581971642,True,True,phase-mask-dependent,existing_pore,phase-mask-dependent
geometry_l2,known_oof,pl8uabbv,Batch_1,Batch_3,19,-0.6079346061693682,1.8319837618189927,linear_decision_margin,crack_g_0.2,0.0716262818291696,-0.3245574983547385,True,True,phase-mask-dependent,joint_appearance,phase-mask-dependent
geometry_l2,known_oof,pl8uabbv,Batch_1,Batch_3,20,-0.6079346061693682,1.8319837618189927,linear_decision_margin,ridge_p97,0.0652622145514219,-0.3612583010545896,True,True,phase-mask-dependent,joint_appearance,phase-mask-dependent
geometry_l2,known_oof,pl8uabbv,Batch_1,Batch_3,21,-0.6079346061693682,1.8319837618189927,linear_decision_margin,crack_g_0.3,0.0604422136750597,-0.2902582799871213,True,True,phase-mask-dependent,joint_appearance,phase-mask-dependent
geometry_l2,known_oof,pl8uabbv,Batch_1,Batch_3,22,-0.6079346061693682,1.8319837618189927,linear_decision_margin,void_local_width_d50_px,0.052007661312669,-0.5831042631301442,True,True,phase-mask-dependent geometry,new_width,image appearance
geometry_l2,known_oof,pl8uabbv,Batch_1,Batch_3,23,-0.6079346061693682,1.8319837618189927,linear_decision_margin,crack_count_per_Mpx,-0.0512526831561379,-0.4846093169254866,True,True,phase-mask-dependent,existing_pore,phase-mask-dependent
geometry_l2,known_oof,pl8uabbv,Batch_1,Batch_3,24,-0.6079346061693682,1.8319837618189927,linear_decision_margin,bright_circularity_count_iqr,-0.0501354809050504,0.9955772013071102,True,True,phase-mask-dependent geometry,new_shape,image appearance
geometry_l2,known_oof,pl8uabbv,Batch_1,Batch_3,25,-0.6079346061693682,1.8319837618189927,linear_decision_margin,etd_crack_density_graphite,0.0468757857936036,-0.2622107006507242,True,True,phase-mask-dependent,joint_appearance,phase-mask-dependent
geometry_l2,known_oof,pl8uabbv,Batch_1,Batch_3,26,-0.6079346061693682,1.8319837618189927,linear_decision_margin,bright_d10,0.0458586488032395,-1.323979258443123,True,True,phase-mask-dependent,existing_bright,phase-mask-dependent
geometry_l2,known_oof,pl8uabbv,Batch_1,Batch_3,27,-0.6079346061693682,1.8319837618189927,linear_decision_margin,crack_g_0.05,0.0409961011609721,0.205091601139027,True,True,phase-mask-dependent,joint_appearance,phase-mask-dependent
geometry_l2,known_oof,pl8uabbv,Batch_1,Batch_3,28,-0.6079346061693682,1.8319837618189927,linear_decision_margin,crack_g_0.1,0.0283015290518157,-0.3670337375744766,True,True,phase-mask-dependent,joint_appearance,phase-mask-dependent
geometry_l2,known_oof,pl8uabbv,Batch_1,Batch_3,29,-0.6079346061693682,1.8319837618189927,linear_decision_margin,bright_circ,-0.023359226438287,-0.5241856550514107,True,True,phase-mask-dependent,existing_bright,phase-mask-dependent
geometry_l2,known_oof,pl8uabbv,Batch_1,Batch_3,30,-0.6079346061693682,1.8319837618189927,linear_decision_margin,bright_frac,0.0208705808104128,-0.2234808523127409,True,True,phase-mask-dependent,existing_bright,phase-mask-dependent
geometry_l2,known_oof,pl8uabbv,Batch_1,Batch_3,31,-0.6079346061693682,1.8319837618189927,linear_decision_margin,void_local_width_d90_px,0.0137032760541176,0.0634813265862562,True,True,phase-mask-dependent geometry,new_width,image appearance
geometry_l2,known_oof,pl8uabbv,Batch_1,Batch_3,32,-0.6079346061693682,1.8319837618189927,linear_decision_margin,bright_max_d,0.0063038024448672,-0.1295689595337775,True,True,phase-mask-dependent,existing_bright,phase-mask-dependent
geometry_l2,known_oof,pl8uabbv,Batch_1,Batch_3,33,-0.6079346061693682,1.8319837618189927,linear_decision_margin,pore_d90,-0.0049559077108574,0.0683450853697259,True,True,phase-mask-dependent,existing_pore,phase-mask-dependent
geometry_l2,known_oof,pl8uabbv,Batch_1,Batch_3,34,-0.6079346061693682,1.8319837618189927,linear_decision_margin,etd_crack_density_particles,0.0045342072985882,0.3677251195567528,True,True,phase-mask-dependent,joint_appearance,phase-mask-dependent
geometry_l2,known_oof,pl8uabbv,Batch_1,Batch_3,35,-0.6079346061693682,1.8319837618189927,linear_decision_margin,crack_frac,0.0029734326545119,-0.1407586130753972,True,True,phase-mask-dependent,existing_pore,phase-mask-dependent
geometry_l2,known_oof,pl8uabbv,Batch_1,Batch_3,36,-0.6079346061693682,1.8319837618189927,linear_decision_margin,bright_solidity_count_q10,0.0016859282595554,0.0476071391048474,True,True,phase-mask-dependent geometry,new_shape,image appearance
geometry_l2,known_oof,pl8uabbv,Batch_1,Batch_3,37,-0.6079346061693682,1.8319837618189927,linear_decision_margin,pore_d50,-0.0004825613060073,-0.0411233360507711,True,True,phase-mask-dependent,existing_pore,phase-mask-dependent
geometry_l2,known_oof,cfe5vt7s,Batch_2,Batch_3,1,-0.3978492355371781,1.851018208810845,linear_decision_margin,graph_edge_length_iqr_ratio,-0.558016478888081,1.6850613644094214,True,True,phase-mask-dependent geometry,new_spacing,image appearance
geometry_l2,known_oof,cfe5vt7s,Batch_2,Batch_3,2,-0.3978492355371781,1.851018208810845,linear_decision_margin,pore_max_d,0.3098803524308973,-1.1119976627752413,True,True,phase-mask-dependent,existing_pore,phase-mask-dependent
geometry_l2,known_oof,cfe5vt7s,Batch_2,Batch_3,3,-0.3978492355371781,1.851018208810845,linear_decision_margin,pore_frac,0.2863604418106044,-0.7207759720621554,True,True,phase-mask-dependent,existing_pore,phase-mask-dependent
geometry_l2,known_oof,cfe5vt7s,Batch_2,Batch_3,4,-0.3978492355371781,1.851018208810845,linear_decision_margin,crack_frac,0.2846160001762691,-1.2121494520187497,True,True,phase-mask-dependent,existing_pore,phase-mask-dependent
geometry_l2,known_oof,cfe5vt7s,Batch_2,Batch_3,5,-0.3978492355371781,1.851018208810845,linear_decision_margin,inlens_particle_texture_p90,0.2558616910956802,1.0784114906826854,True,True,phase-mask-dependent,particle_texture,phase-mask-dependent
geometry_l2,known_oof,cfe5vt7s,Batch_2,Batch_3,6,-0.3978492355371781,1.851018208810845,linear_decision_margin,crack_count_per_Mpx,0.2526470031526172,-1.4813425758304486,True,True,phase-mask-dependent,existing_pore,phase-mask-dependent
geometry_l2,known_oof,cfe5vt7s,Batch_2,Batch_3,7,-0.3978492355371781,1.851018208810845,linear_decision_margin,inlens_particle_texture,0.1970472562775565,0.5836420366527331,True,True,phase-mask-dependent,particle_texture,phase-mask-dependent
geometry_l2,known_oof,cfe5vt7s,Batch_2,Batch_3,8,-0.3978492355371781,1.851018208810845,linear_decision_margin,pore_d50,0.1888806467882691,-0.941878025236533,True,True,phase-mask-dependent,existing_pore,phase-mask-dependent
geometry_l2,known_oof,cfe5vt7s,Batch_2,Batch_3,9,-0.3978492355371781,1.851018208810845,linear_decision_margin,pore_count_per_Mpx,0.1600349246010787,-0.3711460121174123,True,True,phase-mask-dependent,existing_pore,phase-mask-dependent
geometry_l2,known_oof,cfe5vt7s,Batch_2,Batch_3,10,-0.3978492355371781,1.851018208810845,linear_decision_margin,corr_len_px,-0.1437314821684471,1.3496626265097886,True,True,image appearance,raw_BSE_anchors,image appearance
geometry_l2,known_oof,cfe5vt7s,Batch_2,Batch_3,11,-0.3978492355371781,1.851018208810845,linear_decision_margin,bright_aspect_count_iqr,0.1427685210042681,1.2879783167844496,True,True,phase-mask-dependent geometry,new_shape,image appearance
geometry_l2,known_oof,cfe5vt7s,Batch_2,Batch_3,12,-0.3978492355371781,1.851018208810845,linear_decision_margin,pore_elong,0.1402488601145141,-1.0666800385119233,True,True,phase-mask-dependent,existing_pore,phase-mask-dependent
geometry_l2,known_oof,cfe5vt7s,Batch_2,Batch_3,13,-0.3978492355371781,1.851018208810845,linear_decision_margin,etd_crack_density_particles,0.120339202363398,-0.9202025875623632,True,True,phase-mask-dependent,joint_appearance,phase-mask-dependent
geometry_l2,known_oof,cfe5vt7s,Batch_2,Batch_3,14,-0.3978492355371781,1.851018208810845,linear_decision_margin,bright_d50,0.1151961385465333,1.0310112807136371,True,True,phase-mask-dependent,existing_bright,phase-mask-dependent
geometry_l2,known_oof,cfe5vt7s,Batch_2,Batch_3,15,-0.3978492355371781,1.851018208810845,linear_decision_margin,pore_d90,0.1037165547821242,-0.6893141909885283,True,True,phase-mask-dependent,existing_pore,phase-mask-dependent
geometry_l2,known_oof,cfe5vt7s,Batch_2,Batch_3,16,-0.3978492355371781,1.851018208810845,linear_decision_margin,bright_solidity,0.0990816698106976,-1.1393765652509988,True,True,phase-mask-dependent,existing_bright,phase-mask-dependent
geometry_l2,known_oof,cfe5vt7s,Batch_2,Batch_3,17,-0.3978492355371781,1.851018208810845,linear_decision_margin,void_local_width_d50_px,-0.0788963290884686,-0.5831042631301442,True,True,phase-mask-dependent geometry,new_width,image appearance
geometry_l2,known_oof,cfe5vt7s,Batch_2,Batch_3,18,-0.3978492355371781,1.851018208810845,linear_decision_margin,crack_g_0.05,0.075661614725295,-1.6718960872872322,True,True,phase-mask-dependent,joint_appearance,phase-mask-dependent
geometry_l2,known_oof,cfe5vt7s,Batch_2,Batch_3,19,-0.3978492355371781,1.851018208810845,linear_decision_margin,bright_solidity_count_q10,0.0584981182778572,-0.8559938752284919,True,True,phase-mask-dependent geometry,new_shape,image appearance
geometry_l2,known_oof,cfe5vt7s,Batch_2,Batch_3,20,-0.3978492355371781,1.851018208810845,linear_decision_margin,inlens_speckled_particle_frac,0.0536133190910168,0.9468234636085624,True,True,phase-mask-dependent,particle_texture,phase-mask-dependent
geometry_l2,known_oof,cfe5vt7s,Batch_2,Batch_3,21,-0.3978492355371781,1.851018208810845,linear_decision_margin,crack_g_0.1,0.0441175020214617,-1.0196867027489784,True,True,phase-mask-dependent,joint_appearance,phase-mask-dependent
geometry_l2,known_oof,cfe5vt7s,Batch_2,Batch_3,22,-0.3978492355371781,1.851018208810845,linear_decision_margin,crack_g_0.2,0.0382405142985316,-0.3426576915495866,True,True,phase-mask-dependent,joint_appearance,phase-mask-dependent
geometry_l2,known_oof,cfe5vt7s,Batch_2,Batch_3,23,-0.3978492355371781,1.851018208810845,linear_decision_margin,bright_pore_crosscorr_xy_contrast_256px,0.0369482283025241,-0.7092166676642895,True,True,phase-mask-dependent geometry,new_crossphase,image appearance
geometry_l2,known_oof,cfe5vt7s,Batch_2,Batch_3,24,-0.3978492355371781,1.851018208810845,linear_decision_margin,crack_g_0.3,0.0340010680641336,-0.3001702565962234,True,True,phase-mask-dependent,joint_appearance,phase-mask-dependent
geometry_l2,known_oof,cfe5vt7s,Batch_2,Batch_3,25,-0.3978492355371781,1.851018208810845,linear_decision_margin,bright_count_per_Mpx,-0.0282783818579425,0.5839392946466421,True,True,phase-mask-dependent,existing_bright,phase-mask-dependent
geometry_l2,known_oof,cfe5vt7s,Batch_2,Batch_3,26,-0.3978492355371781,1.851018208810845,linear_decision_margin,bright_max_d,0.0252745838793298,-0.3790029357848416,True,True,phase-mask-dependent,existing_bright,phase-mask-dependent
geometry_l2,known_oof,cfe5vt7s,Batch_2,Batch_3,27,-0.3978492355371781,1.851018208810845,linear_decision_margin,inlens_grad_energy,0.0236577867190959,0.1898461208643674,True,True,phase-mask-dependent,joint_appearance,phase-mask-dependent
geometry_l2,known_oof,cfe5vt7s,Batch_2,Batch_3,28,-0.3978492355371781,1.851018208810845,linear_decision_margin,bright_frac,-0.0201704590102081,0.6289783324038883,True,True,phase-mask-dependent,existing_bright,phase-mask-dependent
geometry_l2,known_oof,cfe5vt7s,Batch_2,Batch_3,29,-0.3978492355371781,1.851018208810845,linear_decision_margin,local_bright_std_512px,0.0195343043297372,-0.3847728779416312,True,True,phase-mask-dependent geometry,new_dispersion,image appearance
geometry_l2,known_oof,cfe5vt7s,Batch_2,Batch_3,30,-0.3978492355371781,1.851018208810845,linear_decision_margin,bright_circ,0.0178931393159755,-0.1821273433407367,True,True,phase-mask-dependent,existing_bright,phase-mask-dependent
geometry_l2,known_oof,cfe5vt7s,Batch_2,Batch_3,31,-0.3978492355371781,1.851018208810845,linear_decision_margin,bright_circularity_count_iqr,-0.0158583706601477,-0.1416012625869838,True,True,phase-mask-dependent geometry,new_shape,image appearance
geometry_l2,known_oof,cfe5vt7s,Batch_2,Batch_3,32,-0.3978492355371781,1.851018208810845,linear_decision_margin,etd_crack_density_graphite,0.0154877264508079,-0.2570142547815115,True,True,phase-mask-dependent,joint_appearance,phase-mask-dependent
geometry_l2,known_oof,cfe5vt7s,Batch_2,Batch_3,33,-0.3978492355371781,1.851018208810845,linear_decision_margin,ridge_p97,0.0152493394036737,-0.4278005343234325,True,True,phase-mask-dependent,joint_appearance,phase-mask-dependent
geometry_l2,known_oof,cfe5vt7s,Batch_2,Batch_3,34,-0.3978492355371781,1.851018208810845,linear_decision_margin,fft_slope,-0.0132324841438239,-0.5390324621386426,True,True,image appearance,raw_BSE_anchors,image appearance
geometry_l2,known_oof,cfe5vt7s,Batch_2,Batch_3,35,-0.3978492355371781,1.851018208810845,linear_decision_margin,bright_d90,-0.0105535897925114,0.2452845058980316,True,True,phase-mask-dependent,existing_bright,phase-mask-dependent
geometry_l2,known_oof,cfe5vt7s,Batch_2,Batch_3,36,-0.3978492355371781,1.851018208810845,linear_decision_margin,void_local_width_d90_px,0.0052523164718887,-0.3180657702741707,True,True,phase-mask-dependent geometry,new_width,image appearance
geometry_l2,known_oof,cfe5vt7s,Batch_2,Batch_3,37,-0.3978492355371781,1.851018208810845,linear_decision_margin,bright_d10,-0.0025038043481843,-0.1158823446094306,True,True,phase-mask-dependent,existing_bright,phase-mask-dependent
geometry_l2,known_oof,rxax5ozo,Batch_3,Batch_2,1,0.5612604246266367,0.712728198742042,linear_decision_margin,graph_edge_length_iqr_ratio,-0.3862905827436911,-1.1295084586045463,True,True,phase-mask-dependent geometry,new_spacing,image appearance
geometry_l2,known_oof,rxax5ozo,Batch_3,Batch_2,2,0.5612604246266367,0.712728198742042,linear_decision_margin,pore_count_per_Mpx,-0.3834987856785153,-1.0250526060811382,True,True,phase-mask-dependent,existing_pore,phase-mask-dependent
geometry_l2,known_oof,rxax5ozo,Batch_3,Batch_2,3,0.5612604246266367,0.712728198742042,linear_decision_margin,inlens_grad_energy,0.3512703623340791,-1.3831021874645588,True,True,phase-mask-dependent,joint_appearance,phase-mask-dependent
geometry_l2,known_oof,rxax5ozo,Batch_3,Batch_2,4,0.5612604246266367,0.712728198742042,linear_decision_margin,inlens_particle_texture,0.261731417617516,-0.692336898696944,True,True,phase-mask-dependent,particle_texture,phase-mask-dependent
geometry_l2,known_oof,rxax5ozo,Batch_3,Batch_2,5,0.5612604246266367,0.712728198742042,linear_decision_margin,bright_circularity_count_iqr,0.2256664143402396,-0.9952030995740322,True,True,phase-mask-dependent geometry,new_shape,image appearance
geometry_l2,known_oof,rxax5ozo,Batch_3,Batch_2,6,0.5612604246266367,0.712728198742042,linear_decision_margin,pore_frac,-0.1787789067186138,-0.4567744133161782,True,True,phase-mask-dependent,existing_pore,phase-mask-dependent
geometry_l2,known_oof,rxax5ozo,Batch_3,Batch_2,7,0.5612604246266367,0.712728198742042,linear_decision_margin,void_local_width_d50_px,0.1265101503748994,-0.5831042631301442,True,True,phase-mask-dependent geometry,new_width,image appearance
geometry_l2,known_oof,rxax5ozo,Batch_3,Batch_2,8,0.5612604246266367,0.712728198742042,linear_decision_margin,inlens_particle_texture_p90,0.1158335801001755,-0.5509415549279455,True,True,phase-mask-dependent,particle_texture,phase-mask-dependent
geometry_l2,known_oof,rxax5ozo,Batch_3,Batch_2,9,0.5612604246266367,0.712728198742042,linear_decision_margin,pore_max_d,-0.1061970397560659,-0.4608368610895241,True,True,phase-mask-dependent,existing_pore,phase-mask-dependent
geometry_l2,known_oof,rxax5ozo,Batch_3,Batch_2,10,0.5612604246266367,0.712728198742042,linear_decision_margin,corr_len_px,0.1001796479464224,0.4091771842482655,True,True,image appearance,raw_BSE_anchors,image appearance
geometry_l2,known_oof,rxax5ozo,Batch_3,Batch_2,11,0.5612604246266367,0.712728198742042,linear_decision_margin,crack_frac,-0.0964219136513551,-0.5493077869231013,True,True,phase-mask-dependent,existing_pore,phase-mask-dependent
geometry_l2,known_oof,rxax5ozo,Batch_3,Batch_2,12,0.5612604246266367,0.712728198742042,linear_decision_margin,bright_pore_crosscorr_xy_contrast_256px,0.0826822544274602,-0.9429983307728416,True,True,phase-mask-dependent geometry,new_crossphase,image appearance
geometry_l2,known_oof,rxax5ozo,Batch_3,Batch_2,13,0.5612604246266367,0.712728198742042,linear_decision_margin,pore_d50,-0.0793587104382257,-0.4595694249814238,True,True,phase-mask-dependent,existing_pore,phase-mask-dependent
geometry_l2,known_oof,rxax5ozo,Batch_3,Batch_2,14,0.5612604246266367,0.712728198742042,linear_decision_margin,fft_slope,0.0599243887982374,-0.6377522031208088,True,True,image appearance,raw_BSE_anchors,image appearance
geometry_l2,known_oof,rxax5ozo,Batch_3,Batch_2,15,0.5612604246266367,0.712728198742042,linear_decision_margin,inlens_speckled_particle_frac,0.0582689064898679,-0.9043583903715952,True,True,phase-mask-dependent,particle_texture,phase-mask-dependent
geometry_l2,known_oof,rxax5ozo,Batch_3,Batch_2,16,0.5612604246266367,0.712728198742042,linear_decision_margin,pore_d90,-0.0517136781435355,-0.3703281886932675,True,True,phase-mask-dependent,existing_pore,phase-mask-dependent
geometry_l2,known_oof,rxax5ozo,Batch_3,Batch_2,17,0.5612604246266367,0.712728198742042,linear_decision_margin,crack_g_0.2,0.0455721844583791,0.340940380299517,True,True,phase-mask-dependent,joint_appearance,phase-mask-dependent
geometry_l2,known_oof,rxax5ozo,Batch_3,Batch_2,18,0.5612604246266367,0.712728198742042,linear_decision_margin,etd_crack_density_particles,-0.0429574640563105,-0.5284360822178253,True,True,phase-mask-dependent,joint_appearance,phase-mask-dependent
geometry_l2,known_oof,rxax5ozo,Batch_3,Batch_2,19,0.5612604246266367,0.712728198742042,linear_decision_margin,crack_g_0.3,0.028681039987097,0.2571569039567692,True,True,phase-mask-dependent,joint_appearance,phase-mask-dependent
geometry_l2,known_oof,rxax5ozo,Batch_3,Batch_2,20,0.5612604246266367,0.712728198742042,linear_decision_margin,crack_count_per_Mpx,-0.0270380749309816,-0.3072840270703856,True,True,phase-mask-dependent,existing_pore,phase-mask-dependent
geometry_l2,known_oof,rxax5ozo,Batch_3,Batch_2,21,0.5612604246266367,0.712728198742042,linear_decision_margin,pore_elong,0.0195488251336249,0.2019450064643738,True,True,phase-mask-dependent,existing_pore,phase-mask-dependent
geometry_l2,known_oof,rxax5ozo,Batch_3,Batch_2,22,0.5612604246266367,0.712728198742042,linear_decision_margin,etd_crack_density_graphite,0.017403915579461,0.25987211694017,True,True,phase-mask-dependent,joint_appearance,phase-mask-dependent
geometry_l2,known_oof,rxax5ozo,Batch_3,Batch_2,23,0.5612604246266367,0.712728198742042,linear_decision_margin,bright_d50,-0.0159103007652095,0.3525755858998515,True,True,phase-mask-dependent,existing_bright,phase-mask-dependent
geometry_l2,known_oof,rxax5ozo,Batch_3,Batch_2,24,0.5612604246266367,0.712728198742042,linear_decision_margin,void_local_width_d90_px,-0.0156572722091321,-0.4782375931714734,True,True,phase-mask-dependent geometry,new_width,image appearance
geometry_l2,known_oof,rxax5ozo,Batch_3,Batch_2,25,0.5612604246266367,0.712728198742042,linear_decision_margin,bright_frac,-0.0124690885685649,-0.4324291081430728,True,True,phase-mask-dependent,existing_bright,phase-mask-dependent
geometry_l2,known_oof,rxax5ozo,Batch_3,Batch_2,26,0.5612604246266367,0.712728198742042,linear_decision_margin,crack_g_0.1,0.0098118227242615,0.3757881005340611,True,True,phase-mask-dependent,joint_appearance,phase-mask-dependent
geometry_l2,known_oof,rxax5ozo,Batch_3,Batch_2,27,0.5612604246266367,0.712728198742042,linear_decision_margin,ridge_p97,0.0077889211316968,0.2916979304142104,True,True,phase-mask-dependent,joint_appearance,phase-mask-dependent
geometry_l2,known_oof,rxax5ozo,Batch_3,Batch_2,28,0.5612604246266367,0.712728198742042,linear_decision_margin,bright_circ,0.0075059935556715,-1.028690772952484,True,True,phase-mask-dependent,existing_bright,phase-mask-dependent
geometry_l2,known_oof,rxax5ozo,Batch_3,Batch_2,29,0.5612604246266367,0.712728198742042,linear_decision_margin,bright_count_per_Mpx,0.00656487292991,-0.8285266733309459,True,True,phase-mask-dependent,existing_bright,phase-mask-dependent
geometry_l2,known_oof,rxax5ozo,Batch_3,Batch_2,30,0.5612604246266367,0.712728198742042,linear_decision_margin,bright_max_d,0.0065186772395992,-0.5653175888088615,True,True,phase-mask-dependent,existing_bright,phase-mask-dependent
geometry_l2,known_oof,rxax5ozo,Batch_3,Batch_2,31,0.5612604246266367,0.712728198742042,linear_decision_margin,bright_solidity,0.0063384331683375,-0.5200864946127276,True,True,phase-mask-dependent,existing_bright,phase-mask-dependent
geometry_l2,known_oof,rxax5ozo,Batch_3,Batch_2,32,0.5612604246266367,0.712728198742042,linear_decision_margin,bright_solidity_count_q10,0.0045861184345295,0.1065562471903147,True,True,phase-mask-dependent geometry,new_shape,image appearance
geometry_l2,known_oof,rxax5ozo,Batch_3,Batch_2,33,0.5612604246266367,0.712728198742042,linear_decision_margin,bright_d90,0.0039996147663558,-0.5276946475869592,True,True,phase-mask-dependent,existing_bright,phase-mask-dependent
geometry_l2,known_oof,rxax5ozo,Batch_3,Batch_2,34,0.5612604246266367,0.712728198742042,linear_decision_margin,bright_aspect_count_iqr,0.0036358794661675,0.3066556644359823,True,True,phase-mask-dependent geometry,new_shape,image appearance
geometry_l2,known_oof,rxax5ozo,Batch_3,Batch_2,35,0.5612604246266367,0.712728198742042,linear_decision_margin,bright_d10,-0.0032570423610778,0.0740886709731518,True,True,phase-mask-dependent,existing_bright,phase-mask-dependent
geometry_l2,known_oof,rxax5ozo,Batch_3,Batch_2,36,0.5612604246266367,0.712728198742042,linear_decision_margin,local_bright_std_512px,0.0020150356562661,0.180896554402336,True,True,phase-mask-dependent geometry,new_dispersion,image appearance
geometry_l2,known_oof,rxax5ozo,Batch_3,Batch_2,37,0.5612604246266367,0.712728198742042,linear_decision_margin,crack_g_0.05,-0.0010218225235714,0.0660940826708584,True,True,phase-mask-dependent,joint_appearance,phase-mask-dependent
geometry_l2,known_oof,3806gxp0,Batch_2,Batch_3,1,-0.4545303108460419,1.4933284455526783,linear_decision_margin,pore_count_per_Mpx,0.5788603564037225,-1.4678587794146638,True,True,phase-mask-dependent,existing_pore,phase-mask-dependent
geometry_l2,known_oof,3806gxp0,Batch_2,Batch_3,2,-0.4545303108460419,1.4933284455526783,linear_decision_margin,graph_edge_length_iqr_ratio,0.4893829840744267,-1.1592683097086938,True,True,phase-mask-dependent geometry,new_spacing,image appearance
geometry_l2,known_oof,3806gxp0,Batch_2,Batch_3,3,-0.4545303108460419,1.4933284455526783,linear_decision_margin,pore_frac,0.4385922900718785,-1.143844406225328,True,True,phase-mask-dependent,existing_pore,phase-mask-dependent
geometry_l2,known_oof,3806gxp0,Batch_2,Batch_3,4,-0.4545303108460419,1.4933284455526783,linear_decision_margin,bright_circularity_count_iqr,-0.357918579941115,-1.845363504889436,True,True,phase-mask-dependent geometry,new_shape,image appearance
geometry_l2,known_oof,3806gxp0,Batch_2,Batch_3,5,-0.4545303108460419,1.4933284455526783,linear_decision_margin,pore_max_d,0.2537731512495603,-1.150227514713504,True,True,phase-mask-dependent,existing_pore,phase-mask-dependent
geometry_l2,known_oof,3806gxp0,Batch_2,Batch_3,6,-0.4545303108460419,1.4933284455526783,linear_decision_margin,crack_frac,0.2271446061246562,-1.298853280967431,True,True,phase-mask-dependent,existing_pore,phase-mask-dependent
geometry_l2,known_oof,3806gxp0,Batch_2,Batch_3,7,-0.4545303108460419,1.4933284455526783,linear_decision_margin,pore_d50,0.1817318893514554,-1.1001957509652245,True,True,phase-mask-dependent,existing_pore,phase-mask-dependent
geometry_l2,known_oof,3806gxp0,Batch_2,Batch_3,8,-0.4545303108460419,1.4933284455526783,linear_decision_margin,bright_pore_crosscorr_xy_contrast_256px,-0.1451460365035733,1.630966433181947,True,True,phase-mask-dependent geometry,new_crossphase,image appearance
geometry_l2,known_oof,3806gxp0,Batch_2,Batch_3,9,-0.4545303108460419,1.4933284455526783,linear_decision_margin,corr_len_px,0.1386027255036742,-0.8050055431119825,True,True,image appearance,raw_BSE_anchors,image appearance
geometry_l2,known_oof,3806gxp0,Batch_2,Batch_3,10,-0.4545303108460419,1.4933284455526783,linear_decision_margin,pore_d90,0.1275417858640003,-1.022637058379252,True,True,phase-mask-dependent,existing_pore,phase-mask-dependent
geometry_l2,known_oof,3806gxp0,Batch_2,Batch_3,11,-0.4545303108460419,1.4933284455526783,linear_decision_margin,inlens_particle_texture_p90,-0.088619072021121,-0.4293727426057049,True,True,phase-mask-dependent,particle_texture,phase-mask-dependent
geometry_l2,known_oof,3806gxp0,Batch_2,Batch_3,12,-0.4545303108460419,1.4933284455526783,linear_decision_margin,crack_count_per_Mpx,0.0803653906293946,-1.466898986341511,True,True,phase-mask-dependent,existing_pore,phase-mask-dependent
geometry_l2,known_oof,3806gxp0,Batch_2,Batch_3,13,-0.4545303108460419,1.4933284455526783,linear_decision_margin,bright_solidity_count_q10,-0.0764170383255234,0.8924039228853371,True,True,phase-mask-dependent geometry,new_shape,image appearance
geometry_l2,known_oof,3806gxp0,Batch_2,Batch_3,14,-0.4545303108460419,1.4933284455526783,linear_decision_margin,bright_solidity,-0.0708212251185411,0.778474795946507,True,True,phase-mask-dependent,existing_bright,phase-mask-dependent
geometry_l2,known_oof,3806gxp0,Batch_2,Batch_3,15,-0.4545303108460419,1.4933284455526783,linear_decision_margin,etd_crack_density_particles,0.0651395058059956,-1.0585556904738629,True,True,phase-mask-dependent,joint_appearance,phase-mask-dependent
geometry_l2,known_oof,3806gxp0,Batch_2,Batch_3,16,-0.4545303108460419,1.4933284455526783,linear_decision_margin,crack_g_0.3,0.0552586290258514,-0.4964177778395356,True,True,phase-mask-dependent,joint_appearance,phase-mask-dependent
geometry_l2,known_oof,3806gxp0,Batch_2,Batch_3,17,-0.4545303108460419,1.4933284455526783,linear_decision_margin,bright_aspect_count_iqr,-0.0454531759867113,-0.6518416311393284,True,True,phase-mask-dependent geometry,new_shape,image appearance
geometry_l2,known_oof,3806gxp0,Batch_2,Batch_3,18,-0.4545303108460419,1.4933284455526783,linear_decision_margin,inlens_grad_energy,-0.045006099990378,-0.3124074249228926,True,True,phase-mask-dependent,joint_appearance,phase-mask-dependent
geometry_l2,known_oof,3806gxp0,Batch_2,Batch_3,19,-0.4545303108460419,1.4933284455526783,linear_decision_margin,crack_g_0.2,0.0413659784952981,-0.3507563237175749,True,True,phase-mask-dependent,joint_appearance,phase-mask-dependent
geometry_l2,known_oof,3806gxp0,Batch_2,Batch_3,20,-0.4545303108460419,1.4933284455526783,linear_decision_margin,bright_d50,0.0370333882284834,0.7947678990959968,True,True,phase-mask-dependent,existing_bright,phase-mask-dependent
geometry_l2,known_oof,3806gxp0,Batch_2,Batch_3,21,-0.4545303108460419,1.4933284455526783,linear_decision_margin,inlens_speckled_particle_frac,-0.0359567034033834,-0.9043583903715952,True,True,phase-mask-dependent,particle_texture,phase-mask-dependent
geometry_l2,known_oof,3806gxp0,Batch_2,Batch_3,22,-0.4545303108460419,1.4933284455526783,linear_decision_margin,bright_circ,-0.0335140760322834,0.2825415329749017,True,True,phase-mask-dependent,existing_bright,phase-mask-dependent
geometry_l2,known_oof,3806gxp0,Batch_2,Batch_3,23,-0.4545303108460419,1.4933284455526783,linear_decision_margin,bright_count_per_Mpx,0.0309376776594914,-0.5440222388513902,True,True,phase-mask-dependent,existing_bright,phase-mask-dependent
geometry_l2,known_oof,3806gxp0,Batch_2,Batch_3,24,-0.4545303108460419,1.4933284455526783,linear_decision_margin,etd_crack_density_graphite,0.0257138746230374,-0.5137715941148514,True,True,phase-mask-dependent,joint_appearance,phase-mask-dependent
geometry_l2,known_oof,3806gxp0,Batch_2,Batch_3,25,-0.4545303108460419,1.4933284455526783,linear_decision_margin,pore_elong,0.0211791634697359,-0.2065424288480609,True,True,phase-mask-dependent,existing_pore,phase-mask-dependent
geometry_l2,known_oof,3806gxp0,Batch_2,Batch_3,26,-0.4545303108460419,1.4933284455526783,linear_decision_margin,bright_d90,0.0200676265623351,-0.6691120942832445,True,True,phase-mask-dependent,existing_bright,phase-mask-dependent
geometry_l2,known_oof,3806gxp0,Batch_2,Batch_3,27,-0.4545303108460419,1.4933284455526783,linear_decision_margin,void_local_width_d90_px,0.0188927491395368,-1.0876980672173302,True,True,phase-mask-dependent geometry,new_width,image appearance
geometry_l2,known_oof,3806gxp0,Batch_2,Batch_3,28,-0.4545303108460419,1.4933284455526783,linear_decision_margin,inlens_particle_texture,0.0171286001955397,0.0506327863100345,True,True,phase-mask-dependent,particle_texture,phase-mask-dependent
geometry_l2,known_oof,3806gxp0,Batch_2,Batch_3,29,-0.4545303108460419,1.4933284455526783,linear_decision_margin,bright_max_d,0.0151816250771136,-0.3694280445379231,True,True,phase-mask-dependent,existing_bright,phase-mask-dependent
geometry_l2,known_oof,3806gxp0,Batch_2,Batch_3,30,-0.4545303108460419,1.4933284455526783,linear_decision_margin,fft_slope,-0.0148142084078313,-0.3185088589212156,True,True,image appearance,raw_BSE_anchors,image appearance
geometry_l2,known_oof,3806gxp0,Batch_2,Batch_3,31,-0.4545303108460419,1.4933284455526783,linear_decision_margin,local_bright_std_512px,-0.0101889167156282,0.4173770392984456,True,True,phase-mask-dependent geometry,new_dispersion,image appearance
geometry_l2,known_oof,3806gxp0,Batch_2,Batch_3,32,-0.4545303108460419,1.4933284455526783,linear_decision_margin,bright_d10,0.0067776121753838,0.3141426865329318,True,True,phase-mask-dependent,existing_bright,phase-mask-dependent
geometry_l2,known_oof,3806gxp0,Batch_2,Batch_3,33,-0.4545303108460419,1.4933284455526783,linear_decision_margin,ridge_p97,0.0058408860496499,-0.2274061584315201,True,True,phase-mask-dependent,joint_appearance,phase-mask-dependent
geometry_l2,known_oof,3806gxp0,Batch_2,Batch_3,34,-0.4545303108460419,1.4933284455526783,linear_decision_margin,void_local_width_d50_px,-0.0030411512922375,-0.0224953400776534,True,True,phase-mask-dependent geometry,new_width,image appearance
geometry_l2,known_oof,3806gxp0,Batch_2,Batch_3,35,-0.4545303108460419,1.4933284455526783,linear_decision_margin,bright_frac,-0.0026595737428497,0.0428904446553649,True,True,phase-mask-dependent,existing_bright,phase-mask-dependent
geometry_l2,known_oof,3806gxp0,Batch_2,Batch_3,36,-0.4545303108460419,1.4933284455526783,linear_decision_margin,crack_g_0.05,0.0009823093202441,0.0200477868318153,True,True,phase-mask-dependent,joint_appearance,phase-mask-dependent
geometry_l2,known_oof,3806gxp0,Batch_2,Batch_3,37,-0.4545303108460419,1.4933284455526783,linear_decision_margin,crack_g_0.1,-8.019122056841796e-05,-0.0323443657297027,True,True,phase-mask-dependent,joint_appearance,phase-mask-dependent
geometry_l2,feedback_development,3e122cbj,Batch_1,Batch_3,1,-0.6762209384158686,1.0406294269372514,linear_decision_margin,fft_slope,0.5343091348727929,1.8406738636694735,True,True,image appearance,raw_BSE_anchors,image appearance
geometry_l2,feedback_development,3e122cbj,Batch_1,Batch_3,2,-0.6762209384158686,1.0406294269372514,linear_decision_margin,pore_count_per_Mpx,0.4600826371293501,1.858263986404128,True,True,phase-mask-dependent,existing_pore,phase-mask-dependent
geometry_l2,feedback_development,3e122cbj,Batch_1,Batch_3,3,-0.6762209384158686,1.0406294269372514,linear_decision_margin,corr_len_px,0.2464157113175336,-1.9689718105814116,True,True,image appearance,raw_BSE_anchors,image appearance
geometry_l2,feedback_development,3e122cbj,Batch_1,Batch_3,4,-0.6762209384158686,1.0406294269372514,linear_decision_margin,pore_elong,0.1825977181956306,-1.455620409404713,True,True,phase-mask-dependent,existing_pore,phase-mask-dependent
geometry_l2,feedback_development,3e122cbj,Batch_1,Batch_3,5,-0.6762209384158686,1.0406294269372514,linear_decision_margin,crack_count_per_Mpx,-0.1727412789927398,-1.2441463842137217,True,True,phase-mask-dependent,existing_pore,phase-mask-dependent
geometry_l2,feedback_development,3e122cbj,Batch_1,Batch_3,6,-0.6762209384158686,1.0406294269372514,linear_decision_margin,pore_frac,0.1532544505627801,-0.6632237365418768,True,True,phase-mask-dependent,existing_pore,phase-mask-dependent
geometry_l2,feedback_development,3e122cbj,Batch_1,Batch_3,7,-0.6762209384158686,1.0406294269372514,linear_decision_margin,void_local_width_d50_px,0.0692990500553546,-1.1502855404497374,True,True,phase-mask-dependent geometry,new_width,image appearance
geometry_l2,feedback_development,3e122cbj,Batch_1,Batch_3,8,-0.6762209384158686,1.0406294269372514,linear_decision_margin,bright_d90,0.0674686414283428,-0.2989224487975166,False,True,phase-mask-dependent,existing_bright,phase-mask-dependent
geometry_l2,feedback_development,3e122cbj,Batch_1,Batch_3,9,-0.6762209384158686,1.0406294269372514,linear_decision_margin,bright_aspect_count_iqr,-0.0619495591935409,-0.2996647410139048,False,True,phase-mask-dependent geometry,new_shape,image appearance
geometry_l2,feedback_development,3e122cbj,Batch_1,Batch_3,10,-0.6762209384158686,1.0406294269372514,linear_decision_margin,pore_d90,0.0409569976693145,-0.4636951106809104,True,True,phase-mask-dependent,existing_pore,phase-mask-dependent
geometry_l2,feedback_development,3e122cbj,Batch_1,Batch_3,11,-0.6762209384158686,1.0406294269372514,linear_decision_margin,crack_g_0.05,0.0388766084586755,0.2018849261521207,False,True,phase-mask-dependent,joint_appearance,phase-mask-dependent
geometry_l2,feedback_development,3e122cbj,Batch_1,Batch_3,12,-0.6762209384158686,1.0406294269372514,linear_decision_margin,bright_count_per_Mpx,0.0340724228600012,-0.1575772387236478,False,True,phase-mask-dependent,existing_bright,phase-mask-dependent
geometry_l2,feedback_development,3e122cbj,Batch_1,Batch_3,13,-0.6762209384158686,1.0406294269372514,linear_decision_margin,bright_d50,-0.0337847934360969,-0.1687387251715079,False,True,phase-mask-dependent,existing_bright,phase-mask-dependent
geometry_l2,feedback_development,3e122cbj,Batch_1,Batch_3,14,-0.6762209384158686,1.0406294269372514,linear_decision_margin,void_local_width_d90_px,0.0299690673073822,0.1261403496393379,True,True,phase-mask-dependent geometry,new_width,image appearance
geometry_l2,feedback_development,3e122cbj,Batch_1,Batch_3,15,-0.6762209384158686,1.0406294269372514,linear_decision_margin,inlens_grad_energy,0.0282682860971936,0.1059564361604269,False,True,phase-mask-dependent,joint_appearance,phase-mask-dependent
geometry_l2,feedback_development,3e122cbj,Batch_1,Batch_3,16,-0.6762209384158686,1.0406294269372514,linear_decision_margin,inlens_speckled_particle_frac,-0.026894930809351,-0.2455340536795781,False,True,phase-mask-dependent,particle_texture,phase-mask-dependent
geometry_l2,feedback_development,3e122cbj,Batch_1,Batch_3,17,-0.6762209384158686,1.0406294269372514,linear_decision_margin,etd_crack_density_graphite,0.022940526331861,-0.1292597111762458,False,True,phase-mask-dependent,joint_appearance,phase-mask-dependent
geometry_l2,feedback_development,3e122cbj,Batch_1,Batch_3,18,-0.6762209384158686,1.0406294269372514,linear_decision_margin,bright_solidity,-0.0210119029408214,-0.1502720855830761,False,True,phase-mask-dependent,existing_bright,phase-mask-dependent
geometry_l2,feedback_development,3e122cbj,Batch_1,Batch_3,19,-0.6762209384158686,1.0406294269372514,linear_decision_margin,ridge_p97,0.0188315757445913,-0.1120473318673827,False,True,phase-mask-dependent,joint_appearance,phase-mask-dependent
geometry_l2,feedback_development,3e122cbj,Batch_1,Batch_3,20,-0.6762209384158686,1.0406294269372514,linear_decision_margin,inlens_particle_texture,0.0167839461550256,0.047121550517917,False,True,phase-mask-dependent,particle_texture,phase-mask-dependent
geometry_l2,feedback_development,3e122cbj,Batch_1,Batch_3,21,-0.6762209384158686,1.0406294269372514,linear_decision_margin,crack_frac,0.0160249986197802,-0.995854142248169,True,True,phase-mask-dependent,existing_pore,phase-mask-dependent
geometry_l2,feedback_development,3e122cbj,Batch_1,Batch_3,22,-0.6762209384158686,1.0406294269372514,linear_decision_margin,inlens_particle_texture_p90,0.0150135117121254,0.0486344877417918,False,True,phase-mask-dependent,particle_texture,phase-mask-dependent
geometry_l2,feedback_development,3e122cbj,Batch_1,Batch_3,23,-0.6762209384158686,1.0406294269372514,linear_decision_margin,local_bright_std_512px,0.0149314636003792,-0.1420485792114525,False,True,phase-mask-dependent geometry,new_dispersion,image appearance
geometry_l2,feedback_development,3e122cbj,Batch_1,Batch_3,24,-0.6762209384158686,1.0406294269372514,linear_decision_margin,graph_edge_length_iqr_ratio,0.013443239832033,-0.0567654439096709,False,True,phase-mask-dependent geometry,new_spacing,image appearance
geometry_l2,feedback_development,3e122cbj,Batch_1,Batch_3,25,-0.6762209384158686,1.0406294269372514,linear_decision_margin,crack_g_0.2,0.0118251057350536,-0.0523221152027713,False,True,phase-mask-dependent,joint_appearance,phase-mask-dependent
geometry_l2,feedback_development,3e122cbj,Batch_1,Batch_3,26,-0.6762209384158686,1.0406294269372514,linear_decision_margin,pore_max_d,0.0115068869009312,-0.0544193794275808,True,True,phase-mask-dependent,existing_pore,phase-mask-dependent
geometry_l2,feedback_development,3e122cbj,Batch_1,Batch_3,27,-0.6762209384158686,1.0406294269372514,linear_decision_margin,pore_d50,0.0067336647567898,0.4511510992608382,True,True,phase-mask-dependent,existing_pore,phase-mask-dependent
geometry_l2,feedback_development,3e122cbj,Batch_1,Batch_3,28,-0.6762209384158686,1.0406294269372514,linear_decision_margin,bright_circularity_count_iqr,-0.0063544833282376,0.1051173248716501,False,True,phase-mask-dependent geometry,new_shape,image appearance
geometry_l2,feedback_development,3e122cbj,Batch_1,Batch_3,29,-0.6762209384158686,1.0406294269372514,linear_decision_margin,bright_max_d,0.0056878105839632,-0.1306766637463136,False,True,phase-mask-dependent,existing_bright,phase-mask-dependent
geometry_l2,feedback_development,3e122cbj,Batch_1,Batch_3,30,-0.6762209384158686,1.0406294269372514,linear_decision_margin,etd_crack_density_particles,-0.0053395934671129,-0.300586658352363,False,True,phase-mask-dependent,joint_appearance,phase-mask-dependent
geometry_l2,feedback_development,3e122cbj,Batch_1,Batch_3,31,-0.6762209384158686,1.0406294269372514,linear_decision_margin,crack_g_0.1,0.0037522193773499,-0.0510800197630302,False,True,phase-mask-dependent,joint_appearance,phase-mask-dependent
geometry_l2,feedback_development,3e122cbj,Batch_1,Batch_3,32,-0.6762209384158686,1.0406294269372514,linear_decision_margin,bright_pore_crosscorr_xy_contrast_256px,0.003175776263859,0.0160308074386388,False,True,phase-mask-dependent geometry,new_crossphase,image appearance
geometry_l2,feedback_development,3e122cbj,Batch_1,Batch_3,33,-0.6762209384158686,1.0406294269372514,linear_decision_margin,bright_frac,-0.0026444179238082,0.0388145255052106,False,True,phase-mask-dependent,existing_bright,phase-mask-dependent
geometry_l2,feedback_development,3e122cbj,Batch_1,Batch_3,34,-0.6762209384158686,1.0406294269372514,linear_decision_margin,crack_g_0.3,0.0020048394759397,-0.0095676624614115,False,True,phase-mask-dependent,joint_appearance,phase-mask-dependent
geometry_l2,feedback_development,3e122cbj,Batch_1,Batch_3,35,-0.6762209384158686,1.0406294269372514,linear_decision_margin,bright_circ,0.0010148278796458,0.0205620674706378,False,True,phase-mask-dependent,existing_bright,phase-mask-dependent
geometry_l2,feedback_development,3e122cbj,Batch_1,Batch_3,36,-0.6762209384158686,1.0406294269372514,linear_decision_margin,bright_d10,-0.0010062300104192,-0.1118932734124825,False,True,phase-mask-dependent,existing_bright,phase-mask-dependent
geometry_l2,feedback_development,3e122cbj,Batch_1,Batch_3,37,-0.6762209384158686,1.0406294269372514,linear_decision_margin,bright_solidity_count_q10,-0.0006635634684325,0.0482714789048321,False,True,phase-mask-dependent geometry,new_shape,image appearance
geometry_l2,feedback_development,fn0mhxef,Batch_1,Batch_3,1,-0.6762209384158686,1.2170102098971771,linear_decision_margin,fft_slope,-0.3612264267540382,-1.2444107712123835,True,True,image appearance,raw_BSE_anchors,image appearance
geometry_l2,feedback_development,fn0mhxef,Batch_1,Batch_3,2,-0.6762209384158686,1.2170102098971771,linear_decision_margin,crack_g_0.3,0.2635784857089882,-1.2578712727967962,True,True,phase-mask-dependent,joint_appearance,phase-mask-dependent
geometry_l2,feedback_development,fn0mhxef,Batch_1,Batch_3,3,-0.6762209384158686,1.2170102098971771,linear_decision_margin,crack_g_0.2,0.2511934342000304,-1.1114464510396265,True,True,phase-mask-dependent,joint_appearance,phase-mask-dependent
geometry_l2,feedback_development,fn0mhxef,Batch_1,Batch_3,4,-0.6762209384158686,1.2170102098971771,linear_decision_margin,bright_solidity,0.2466407098442237,1.7639151466846104,True,True,phase-mask-dependent,existing_bright,phase-mask-dependent
geometry_l2,feedback_development,fn0mhxef,Batch_1,Batch_3,5,-0.6762209384158686,1.2170102098971771,linear_decision_margin,crack_g_0.05,0.2340090133728949,1.2152009719143837,True,True,phase-mask-dependent,joint_appearance,phase-mask-dependent
geometry_l2,feedback_development,fn0mhxef,Batch_1,Batch_3,6,-0.6762209384158686,1.2170102098971771,linear_decision_margin,pore_count_per_Mpx,-0.2253113404902104,-0.9100277123556918,True,True,phase-mask-dependent,existing_pore,phase-mask-dependent
geometry_l2,feedback_development,fn0mhxef,Batch_1,Batch_3,7,-0.6762209384158686,1.2170102098971771,linear_decision_margin,ridge_p97,0.2056975452189389,-1.2238944539769645,True,True,phase-mask-dependent,joint_appearance,phase-mask-dependent
geometry_l2,feedback_development,fn0mhxef,Batch_1,Batch_3,8,-0.6762209384158686,1.2170102098971771,linear_decision_margin,etd_crack_density_graphite,0.1893969476853446,-1.0671679629891089,True,True,phase-mask-dependent,joint_appearance,phase-mask-dependent
geometry_l2,feedback_development,fn0mhxef,Batch_1,Batch_3,9,-0.6762209384158686,1.2170102098971771,linear_decision_margin,pore_frac,0.1795572748198092,-0.777051800400975,True,True,phase-mask-dependent,existing_pore,phase-mask-dependent
geometry_l2,feedback_development,fn0mhxef,Batch_1,Batch_3,10,-0.6762209384158686,1.2170102098971771,linear_decision_margin,bright_circularity_count_iqr,0.1565613532113568,-2.589873917007772,True,True,phase-mask-dependent geometry,new_shape,image appearance
geometry_l2,feedback_development,fn0mhxef,Batch_1,Batch_3,11,-0.6762209384158686,1.2170102098971771,linear_decision_margin,inlens_particle_texture,0.148477669421742,0.4168565566056834,True,True,phase-mask-dependent,particle_texture,phase-mask-dependent
geometry_l2,feedback_development,fn0mhxef,Batch_1,Batch_3,12,-0.6762209384158686,1.2170102098971771,linear_decision_margin,corr_len_px,0.1351697833926276,-1.0800670611441725,True,True,image appearance,raw_BSE_anchors,image appearance
geometry_l2,feedback_development,fn0mhxef,Batch_1,Batch_3,13,-0.6762209384158686,1.2170102098971771,linear_decision_margin,pore_max_d,0.1312641439270676,-0.6207859097863888,True,True,phase-mask-dependent,existing_pore,phase-mask-dependent
geometry_l2,feedback_development,fn0mhxef,Batch_1,Batch_3,14,-0.6762209384158686,1.2170102098971771,linear_decision_margin,inlens_grad_energy,0.1001898546103682,0.3755360299328454,True,True,phase-mask-dependent,joint_appearance,phase-mask-dependent
geometry_l2,feedback_development,fn0mhxef,Batch_1,Batch_3,15,-0.6762209384158686,1.2170102098971771,linear_decision_margin,bright_aspect_count_iqr,-0.0934142230178073,-0.4518667979572168,True,True,phase-mask-dependent geometry,new_shape,image appearance
geometry_l2,feedback_development,fn0mhxef,Batch_1,Batch_3,16,-0.6762209384158686,1.2170102098971771,linear_decision_margin,pore_elong,0.0911533025603369,-0.7266498667267812,True,True,phase-mask-dependent,existing_pore,phase-mask-dependent
geometry_l2,feedback_development,fn0mhxef,Batch_1,Batch_3,17,-0.6762209384158686,1.2170102098971771,linear_decision_margin,bright_count_per_Mpx,0.0867785795838838,-0.4013312762457376,True,True,phase-mask-dependent,existing_bright,phase-mask-dependent
geometry_l2,feedback_development,fn0mhxef,Batch_1,Batch_3,18,-0.6762209384158686,1.2170102098971771,linear_decision_margin,bright_d90,-0.0695935757782949,0.3083370533600861,True,True,phase-mask-dependent,existing_bright,phase-mask-dependent
geometry_l2,feedback_development,fn0mhxef,Batch_1,Batch_3,19,-0.6762209384158686,1.2170102098971771,linear_decision_margin,bright_circ,0.054297688731259,1.1001597035169035,True,True,phase-mask-dependent,existing_bright,phase-mask-dependent
geometry_l2,feedback_development,fn0mhxef,Batch_1,Batch_3,20,-0.6762209384158686,1.2170102098971771,linear_decision_margin,graph_edge_length_iqr_ratio,0.0506258581433622,-0.2137728216354661,True,True,phase-mask-dependent geometry,new_spacing,image appearance
geometry_l2,feedback_development,fn0mhxef,Batch_1,Batch_3,21,-0.6762209384158686,1.2170102098971771,linear_decision_margin,pore_d90,0.0457312257217457,-0.5177465873800098,True,True,phase-mask-dependent,existing_pore,phase-mask-dependent
geometry_l2,feedback_development,fn0mhxef,Batch_1,Batch_3,22,-0.6762209384158686,1.2170102098971771,linear_decision_margin,bright_d50,0.0423321176266635,0.2114284811492025,True,True,phase-mask-dependent,existing_bright,phase-mask-dependent
geometry_l2,feedback_development,fn0mhxef,Batch_1,Batch_3,23,-0.6762209384158686,1.2170102098971771,linear_decision_margin,bright_frac,-0.0419266641268563,0.6153957585330164,True,True,phase-mask-dependent,existing_bright,phase-mask-dependent
geometry_l2,feedback_development,fn0mhxef,Batch_1,Batch_3,24,-0.6762209384158686,1.2170102098971771,linear_decision_margin,local_bright_std_512px,0.0394777818203047,-0.375566854534712,True,True,phase-mask-dependent geometry,new_dispersion,image appearance
geometry_l2,feedback_development,fn0mhxef,Batch_1,Batch_3,25,-0.6762209384158686,1.2170102098971771,linear_decision_margin,bright_pore_crosscorr_xy_contrast_256px,0.0368695751186015,0.1861116810390555,True,True,phase-mask-dependent geometry,new_crossphase,image appearance
geometry_l2,feedback_development,fn0mhxef,Batch_1,Batch_3,26,-0.6762209384158686,1.2170102098971771,linear_decision_margin,inlens_speckled_particle_frac,0.0323836859820356,0.2956429874692659,True,True,phase-mask-dependent,particle_texture,phase-mask-dependent
geometry_l2,feedback_development,fn0mhxef,Batch_1,Batch_3,27,-0.6762209384158686,1.2170102098971771,linear_decision_margin,crack_g_0.1,-0.0183488892060496,0.2497885994972474,True,True,phase-mask-dependent,joint_appearance,phase-mask-dependent
geometry_l2,feedback_development,fn0mhxef,Batch_1,Batch_3,28,-0.6762209384158686,1.2170102098971771,linear_decision_margin,bright_solidity_count_q10,-0.0163265646050027,1.1876895827017382,True,True,phase-mask-dependent geometry,new_shape,image appearance
geometry_l2,feedback_development,fn0mhxef,Batch_1,Batch_3,29,-0.6762209384158686,1.2170102098971771,linear_decision_margin,etd_crack_density_particles,-0.0126750336187912,-0.7135273543654835,True,True,phase-mask-dependent,joint_appearance,phase-mask-dependent
geometry_l2,feedback_development,fn0mhxef,Batch_1,Batch_3,30,-0.6762209384158686,1.2170102098971771,linear_decision_margin,inlens_particle_texture_p90,0.0122894069900179,0.0398100740899416,True,True,phase-mask-dependent,particle_texture,phase-mask-dependent
geometry_l2,feedback_development,fn0mhxef,Batch_1,Batch_3,31,-0.6762209384158686,1.2170102098971771,linear_decision_margin,pore_d50,-0.0099910265859385,-0.6693921942646979,True,True,phase-mask-dependent,existing_pore,phase-mask-dependent
geometry_l2,feedback_development,fn0mhxef,Batch_1,Batch_3,32,-0.6762209384158686,1.2170102098971771,linear_decision_margin,crack_frac,0.0089633717696305,-0.5570178891796543,True,True,phase-mask-dependent,existing_pore,phase-mask-dependent
geometry_l2,feedback_development,fn0mhxef,Batch_1,Batch_3,33,-0.6762209384158686,1.2170102098971771,linear_decision_margin,bright_d10,-0.001396919487512,-0.1553381359459591,True,True,phase-mask-dependent,existing_bright,phase-mask-dependent
geometry_l2,feedback_development,fn0mhxef,Batch_1,Batch_3,34,-0.6762209384158686,1.2170102098971771,linear_decision_margin,void_local_width_d50_px,0.0013331850031447,-0.0221293571937408,True,True,phase-mask-dependent geometry,new_width,image appearance
geometry_l2,feedback_development,fn0mhxef,Batch_1,Batch_3,35,-0.6762209384158686,1.2170102098971771,linear_decision_margin,crack_count_per_Mpx,-0.0004979961170334,-0.0035867516552642,True,True,phase-mask-dependent,existing_pore,phase-mask-dependent
geometry_l2,feedback_development,fn0mhxef,Batch_1,Batch_3,36,-0.6762209384158686,1.2170102098971771,linear_decision_margin,void_local_width_d90_px,-0.0003965266268086,-0.0016689877877723,True,True,phase-mask-dependent geometry,new_width,image appearance
geometry_l2,feedback_development,fn0mhxef,Batch_1,Batch_3,37,-0.6762209384158686,1.2170102098971771,linear_decision_margin,bright_max_d,0.0003643402630107,-0.0083706672955918,True,True,phase-mask-dependent,existing_bright,phase-mask-dependent
geometry_l2,feedback_development,xrv9xvzb,Batch_3,Batch_1,1,0.6762209384158686,1.8916235731885216,linear_decision_margin,crack_g_0.05,0.4511079177670593,-2.3425883140461132,True,True,phase-mask-dependent,joint_appearance,phase-mask-dependent
geometry_l2,feedback_development,xrv9xvzb,Batch_3,Batch_1,2,0.6762209384158686,1.8916235731885216,linear_decision_margin,fft_slope,0.4444086364902515,-1.530970197938585,True,True,image appearance,raw_BSE_anchors,image appearance
geometry_l2,feedback_development,xrv9xvzb,Batch_3,Batch_1,3,0.6762209384158686,1.8916235731885216,linear_decision_margin,void_local_width_d90_px,-0.3410738817071702,1.435586174575101,True,True,phase-mask-dependent geometry,new_width,image appearance
geometry_l2,feedback_development,xrv9xvzb,Batch_3,Batch_1,4,0.6762209384158686,1.8916235731885216,linear_decision_margin,pore_max_d,0.2961126296124923,1.4004018361279658,True,True,phase-mask-dependent,existing_pore,phase-mask-dependent
geometry_l2,feedback_development,xrv9xvzb,Batch_3,Batch_1,5,0.6762209384158686,1.8916235731885216,linear_decision_margin,pore_frac,0.2844809358310095,1.2311192826304391,True,True,phase-mask-dependent,existing_pore,phase-mask-dependent
geometry_l2,feedback_development,xrv9xvzb,Batch_3,Batch_1,6,0.6762209384158686,1.8916235731885216,linear_decision_margin,ridge_p97,0.1976266947448375,1.1758731267238056,True,True,phase-mask-dependent,joint_appearance,phase-mask-dependent
geometry_l2,feedback_development,xrv9xvzb,Batch_3,Batch_1,7,0.6762209384158686,1.8916235731885216,linear_decision_margin,bright_solidity,-0.1958165039230803,1.4004326271153773,True,True,phase-mask-dependent,existing_bright,phase-mask-dependent
geometry_l2,feedback_development,xrv9xvzb,Batch_3,Batch_1,8,0.6762209384158686,1.8916235731885216,linear_decision_margin,inlens_particle_texture_p90,-0.189994732603333,0.6154653668627728,True,True,phase-mask-dependent,particle_texture,phase-mask-dependent
geometry_l2,feedback_development,xrv9xvzb,Batch_3,Batch_1,9,0.6762209384158686,1.8916235731885216,linear_decision_margin,corr_len_px,0.1614860244071216,1.290345604021799,True,True,image appearance,raw_BSE_anchors,image appearance
geometry_l2,feedback_development,xrv9xvzb,Batch_3,Batch_1,10,0.6762209384158686,1.8916235731885216,linear_decision_margin,crack_g_0.3,0.1516516343181702,0.7237246005431698,True,True,phase-mask-dependent,joint_appearance,phase-mask-dependent
geometry_l2,feedback_development,xrv9xvzb,Batch_3,Batch_1,11,0.6762209384158686,1.8916235731885216,linear_decision_margin,crack_g_0.2,0.1434705512716316,0.6348089294108408,True,True,phase-mask-dependent,joint_appearance,phase-mask-dependent
geometry_l2,feedback_development,xrv9xvzb,Batch_3,Batch_1,12,0.6762209384158686,1.8916235731885216,linear_decision_margin,etd_crack_density_graphite,0.1262833999282792,0.7115510588095332,True,True,phase-mask-dependent,joint_appearance,phase-mask-dependent
geometry_l2,feedback_development,xrv9xvzb,Batch_3,Batch_1,13,0.6762209384158686,1.8916235731885216,linear_decision_margin,crack_count_per_Mpx,-0.1072020944316427,0.7721090114938416,True,True,phase-mask-dependent,existing_pore,phase-mask-dependent
geometry_l2,feedback_development,xrv9xvzb,Batch_3,Batch_1,14,0.6762209384158686,1.8916235731885216,linear_decision_margin,inlens_grad_energy,-0.1015947101891159,0.3808017715463412,True,True,phase-mask-dependent,joint_appearance,phase-mask-dependent
geometry_l2,feedback_development,xrv9xvzb,Batch_3,Batch_1,15,0.6762209384158686,1.8916235731885216,linear_decision_margin,pore_d90,0.0925097634018458,1.047350328899284,True,True,phase-mask-dependent,existing_pore,phase-mask-dependent
geometry_l2,feedback_development,xrv9xvzb,Batch_3,Batch_1,16,0.6762209384158686,1.8916235731885216,linear_decision_margin,pore_elong,-0.090011335882635,-0.7175464123170052,True,True,phase-mask-dependent,existing_pore,phase-mask-dependent
geometry_l2,feedback_development,xrv9xvzb,Batch_3,Batch_1,17,0.6762209384158686,1.8916235731885216,linear_decision_margin,inlens_particle_texture,-0.0830012160518676,0.2330289884816808,True,True,phase-mask-dependent,particle_texture,phase-mask-dependent
geometry_l2,feedback_development,xrv9xvzb,Batch_3,Batch_1,18,0.6762209384158686,1.8916235731885216,linear_decision_margin,local_bright_std_512px,0.0817629421206471,0.777841347052617,True,True,phase-mask-dependent geometry,new_dispersion,image appearance
geometry_l2,feedback_development,xrv9xvzb,Batch_3,Batch_1,19,0.6762209384158686,1.8916235731885216,linear_decision_margin,bright_d90,-0.0760616570668559,-0.3369941399245391,True,True,phase-mask-dependent,existing_bright,phase-mask-dependent
geometry_l2,feedback_development,xrv9xvzb,Batch_3,Batch_1,20,0.6762209384158686,1.8916235731885216,linear_decision_margin,void_local_width_d50_px,0.0746549622000144,1.2391876003048172,True,True,phase-mask-dependent geometry,new_width,image appearance
geometry_l2,feedback_development,xrv9xvzb,Batch_3,Batch_1,21,0.6762209384158686,1.8916235731885216,linear_decision_margin,bright_aspect_count_iqr,-0.0519446476756051,0.2512686061919825,True,True,phase-mask-dependent geometry,new_shape,image appearance
geometry_l2,feedback_development,xrv9xvzb,Batch_3,Batch_1,22,0.6762209384158686,1.8916235731885216,linear_decision_margin,bright_circ,-0.0504667044553171,1.0225377158470712,True,True,phase-mask-dependent,existing_bright,phase-mask-dependent
geometry_l2,feedback_development,xrv9xvzb,Batch_3,Batch_1,23,0.6762209384158686,1.8916235731885216,linear_decision_margin,bright_max_d,-0.0490543455729583,-1.1270168243307177,True,True,phase-mask-dependent,existing_bright,phase-mask-dependent
geometry_l2,feedback_development,xrv9xvzb,Batch_3,Batch_1,24,0.6762209384158686,1.8916235731885216,linear_decision_margin,graph_edge_length_iqr_ratio,0.0448824306392327,0.1895206163703294,True,True,phase-mask-dependent geometry,new_spacing,image appearance
geometry_l2,feedback_development,xrv9xvzb,Batch_3,Batch_1,25,0.6762209384158686,1.8916235731885216,linear_decision_margin,bright_pore_crosscorr_xy_contrast_256px,-0.043211012673934,0.2181222371637366,True,True,phase-mask-dependent geometry,new_crossphase,image appearance
geometry_l2,feedback_development,xrv9xvzb,Batch_3,Batch_1,26,0.6762209384158686,1.8916235731885216,linear_decision_margin,bright_circularity_count_iqr,0.0428266690682238,0.7084486107013976,True,True,phase-mask-dependent geometry,new_shape,image appearance
geometry_l2,feedback_development,xrv9xvzb,Batch_3,Batch_1,27,0.6762209384158686,1.8916235731885216,linear_decision_margin,bright_d50,0.0397921127572601,-0.1987423836478747,True,True,phase-mask-dependent,existing_bright,phase-mask-dependent
geometry_l2,feedback_development,xrv9xvzb,Batch_3,Batch_1,28,0.6762209384158686,1.8916235731885216,linear_decision_margin,crack_g_0.1,-0.037401994773766,-0.5091638947747391,True,True,phase-mask-dependent,joint_appearance,phase-mask-dependent
geometry_l2,feedback_development,xrv9xvzb,Batch_3,Batch_1,29,0.6762209384158686,1.8916235731885216,linear_decision_margin,pore_count_per_Mpx,0.0305488795105801,-0.1233862746347239,True,True,phase-mask-dependent,existing_pore,phase-mask-dependent
geometry_l2,feedback_development,xrv9xvzb,Batch_3,Batch_1,30,0.6762209384158686,1.8916235731885216,linear_decision_margin,bright_frac,-0.0303222537248996,-0.4450672792618461,True,True,phase-mask-dependent,existing_bright,phase-mask-dependent
geometry_l2,feedback_development,xrv9xvzb,Batch_3,Batch_1,31,0.6762209384158686,1.8916235731885216,linear_decision_margin,inlens_speckled_particle_frac,-0.0260652641902104,0.2379597115240153,True,True,phase-mask-dependent,particle_texture,phase-mask-dependent
geometry_l2,feedback_development,xrv9xvzb,Batch_3,Batch_1,32,0.6762209384158686,1.8916235731885216,linear_decision_margin,crack_frac,0.0220376226002999,1.3695013817175294,True,True,phase-mask-dependent,existing_pore,phase-mask-dependent
geometry_l2,feedback_development,xrv9xvzb,Batch_3,Batch_1,33,0.6762209384158686,1.8916235731885216,linear_decision_margin,etd_crack_density_particles,0.0166116519685528,-0.9351350408403916,True,True,phase-mask-dependent,joint_appearance,phase-mask-dependent
geometry_l2,feedback_development,xrv9xvzb,Batch_3,Batch_1,34,0.6762209384158686,1.8916235731885216,linear_decision_margin,pore_d50,-0.0115548377645754,0.7741665122268456,True,True,phase-mask-dependent,existing_pore,phase-mask-dependent
geometry_l2,feedback_development,xrv9xvzb,Batch_3,Batch_1,35,0.6762209384158686,1.8916235731885216,linear_decision_margin,bright_solidity_count_q10,-0.0059640086932769,-0.4338567951997155,True,True,phase-mask-dependent geometry,new_shape,image appearance
geometry_l2,feedback_development,xrv9xvzb,Batch_3,Batch_1,36,0.6762209384158686,1.8916235731885216,linear_decision_margin,bright_d10,0.003488963662044,-0.3879744799110675,True,True,phase-mask-dependent,existing_bright,phase-mask-dependent
geometry_l2,feedback_development,xrv9xvzb,Batch_3,Batch_1,37,0.6762209384158686,1.8916235731885216,linear_decision_margin,bright_count_per_Mpx,0.0003994138533427,0.0018471986091607,True,True,phase-mask-dependent,existing_bright,phase-mask-dependent
