candidate,cohort,site,predicted_batch,comparison_batch,rank,root_or_intercept_margin,total_margin,explanation_type,feature,contribution,standardised_input,observed,acquisition_sensitive,family,feature_group
geometry_l2,known_oof,5n1q8atc,Batch_2,Batch_3,1,-0.46957570323497483,0.9451476173178672,linear_decision_margin,pore_count_per_Mpx,-0.7179571523455107,1.9050883367349645,True,True,phase-mask-dependent,existing_pore
geometry_l2,known_oof,5n1q8atc,Batch_2,Batch_3,2,-0.46957570323497483,0.9451476173178672,linear_decision_margin,pore_frac,0.6482658819578381,-1.6180137431010195,True,True,phase-mask-dependent,existing_pore
geometry_l2,known_oof,5n1q8atc,Batch_2,Batch_3,3,-0.46957570323497483,0.9451476173178672,linear_decision_margin,fft_slope,0.38372568874347796,4.160036638554001,True,True,image appearance,raw_BSE_anchors
geometry_l2,known_oof,5n1q8atc,Batch_2,Batch_3,4,-0.46957570323497483,0.9451476173178672,linear_decision_margin,pore_elong,0.35684974375949025,-2.53737087272182,True,True,phase-mask-dependent,existing_pore
geometry_l2,known_oof,5n1q8atc,Batch_2,Batch_3,5,-0.46957570323497483,0.9451476173178672,linear_decision_margin,void_local_width_d50_px,-0.33289127343674685,-2.302077223902936,True,True,image appearance,new_width
geometry_l2,known_oof,5n1q8atc,Batch_2,Batch_3,6,-0.46957570323497483,0.9451476173178672,linear_decision_margin,corr_len_px,0.22782250107329183,-1.1199102634290738,True,True,image appearance,raw_BSE_anchors
geometry_l2,known_oof,5n1q8atc,Batch_2,Batch_3,7,-0.46957570323497483,0.9451476173178672,linear_decision_margin,pore_max_d,0.2096571288792865,-0.8911182320180866,True,True,phase-mask-dependent,existing_pore
geometry_l2,known_oof,5n1q8atc,Batch_2,Batch_3,8,-0.46957570323497483,0.9451476173178672,linear_decision_margin,crack_frac,0.1928582504313237,-1.0128812810066705,True,True,phase-mask-dependent,existing_pore
geometry_l2,known_oof,5n1q8atc,Batch_2,Batch_3,9,-0.46957570323497483,0.9451476173178672,linear_decision_margin,pore_d50,0.1269064417834759,-0.7325685466347436,True,True,phase-mask-dependent,existing_pore
geometry_l2,known_oof,5n1q8atc,Batch_2,Batch_3,10,-0.46957570323497483,0.9451476173178672,linear_decision_margin,crack_count_per_Mpx,0.09019973280833711,-1.034038552384392,True,True,phase-mask-dependent,existing_pore
geometry_l2,known_oof,5n1q8atc,Batch_2,Batch_3,11,-0.46957570323497483,0.9451476173178672,linear_decision_margin,pore_d90,0.08526610044173921,-0.5963284029121859,True,True,phase-mask-dependent,existing_pore
geometry_l2,known_oof,5n1q8atc,Batch_2,Batch_3,12,-0.46957570323497483,0.9451476173178672,linear_decision_margin,etd_crack_density_particles,0.027682506925278162,-0.30601653880918833,False,True,phase-mask-dependent,joint_appearance
geometry_l2,known_oof,5n1q8atc,Batch_2,Batch_3,13,-0.46957570323497483,0.9451476173178672,linear_decision_margin,graph_edge_length_iqr_ratio,0.024033040125207288,-0.05770687852450815,False,True,image appearance,new_spacing
geometry_l2,known_oof,5n1q8atc,Batch_2,Batch_3,14,-0.46957570323497483,0.9451476173178672,linear_decision_margin,bright_d90,0.02301817495248098,-0.30431719093669174,False,True,phase-mask-dependent,existing_bright
geometry_l2,known_oof,5n1q8atc,Batch_2,Batch_3,15,-0.46957570323497483,0.9451476173178672,linear_decision_margin,inlens_particle_texture,0.015597322846381698,0.04790224465792165,False,True,phase-mask-dependent,particle_texture
geometry_l2,known_oof,5n1q8atc,Batch_2,Batch_3,16,-0.46957570323497483,0.9451476173178672,linear_decision_margin,inlens_grad_energy,0.014102773397031147,0.1077280600496951,False,True,phase-mask-dependent,joint_appearance
geometry_l2,known_oof,5n1q8atc,Batch_2,Batch_3,17,-0.46957570323497483,0.9451476173178672,linear_decision_margin,bright_circularity_count_iqr,0.014054791468518098,0.10687460296310455,False,True,image appearance,new_shape
geometry_l2,known_oof,5n1q8atc,Batch_2,Batch_3,18,-0.46957570323497483,0.9451476173178672,linear_decision_margin,bright_aspect_count_iqr,-0.013251644246109152,-0.30507514549531434,False,True,image appearance,new_shape
geometry_l2,known_oof,5n1q8atc,Batch_2,Batch_3,19,-0.46957570323497483,0.9451476173178672,linear_decision_margin,bright_d50,-0.012425960893171936,-0.17160943986792765,False,True,phase-mask-dependent,existing_bright
geometry_l2,known_oof,5n1q8atc,Batch_2,Batch_3,20,-0.46957570323497483,0.9451476173178672,linear_decision_margin,inlens_particle_texture_p90,0.009414821337830776,0.049440367106467896,False,True,phase-mask-dependent,particle_texture
geometry_l2,known_oof,5n1q8atc,Batch_2,Batch_3,21,-0.46957570323497483,0.9451476173178672,linear_decision_margin,bright_count_per_Mpx,0.009306860224920877,-0.16024832903795178,False,True,phase-mask-dependent,existing_bright
geometry_l2,known_oof,5n1q8atc,Batch_2,Batch_3,22,-0.46957570323497483,0.9451476173178672,linear_decision_margin,bright_solidity,0.008563580208721382,-0.15281361400257507,False,True,phase-mask-dependent,existing_bright
geometry_l2,known_oof,5n1q8atc,Batch_2,Batch_3,23,-0.46957570323497483,0.9451476173178672,linear_decision_margin,crack_g_0.05,0.007872880064678053,0.20536164110472693,False,True,phase-mask-dependent,joint_appearance
geometry_l2,known_oof,5n1q8atc,Batch_2,Batch_3,24,-0.46957570323497483,0.9451476173178672,linear_decision_margin,etd_crack_density_graphite,0.007642328306259793,-0.13143298504115952,False,True,phase-mask-dependent,joint_appearance
geometry_l2,known_oof,5n1q8atc,Batch_2,Batch_3,25,-0.46957570323497483,0.9451476173178672,linear_decision_margin,crack_g_0.2,0.005649538152398968,-0.053189429060936357,False,True,phase-mask-dependent,joint_appearance
geometry_l2,known_oof,5n1q8atc,Batch_2,Batch_3,26,-0.46957570323497483,0.9451476173178672,linear_decision_margin,bright_max_d,0.004352772495960043,-0.13287457729165425,False,True,phase-mask-dependent,existing_bright
geometry_l2,known_oof,5n1q8atc,Batch_2,Batch_3,27,-0.46957570323497483,0.9451476173178672,linear_decision_margin,void_local_width_d90_px,0.0036214847857487286,-0.18349410134833263,True,True,image appearance,new_width
geometry_l2,known_oof,5n1q8atc,Batch_2,Batch_3,28,-0.46957570323497483,0.9451476173178672,linear_decision_margin,bright_solidity_count_q10,-0.003008008722279939,0.04907131439647492,False,True,image appearance,new_shape
geometry_l2,known_oof,5n1q8atc,Batch_2,Batch_3,29,-0.46957570323497483,0.9451476173178672,linear_decision_margin,bright_circ,-0.0025559583948262026,0.02090210667099949,False,True,phase-mask-dependent,existing_bright
geometry_l2,known_oof,5n1q8atc,Batch_2,Batch_3,30,-0.46957570323497483,0.9451476173178672,linear_decision_margin,ridge_p97,0.0022959362336563275,-0.11392331955567864,False,True,phase-mask-dependent,joint_appearance
geometry_l2,known_oof,5n1q8atc,Batch_2,Batch_3,31,-0.46957570323497483,0.9451476173178672,linear_decision_margin,bright_frac,-0.002202888929356223,0.03945712213584931,False,True,phase-mask-dependent,existing_bright
geometry_l2,known_oof,5n1q8atc,Batch_2,Batch_3,32,-0.46957570323497483,0.9451476173178672,linear_decision_margin,bright_d10,-0.0012163855169648897,-0.11376661628559057,False,True,phase-mask-dependent,existing_bright
geometry_l2,known_oof,5n1q8atc,Batch_2,Batch_3,33,-0.46957570323497483,0.9451476173178672,linear_decision_margin,local_bright_std_512px,0.0011676761312932609,-0.1444452333025929,False,True,image appearance,new_dispersion
geometry_l2,known_oof,5n1q8atc,Batch_2,Batch_3,34,-0.46957570323497483,0.9451476173178672,linear_decision_margin,crack_g_0.3,0.0010510740677037273,-0.009725831195308619,False,True,phase-mask-dependent,joint_appearance
geometry_l2,known_oof,5n1q8atc,Batch_2,Batch_3,35,-0.46957570323497483,0.9451476173178672,linear_decision_margin,inlens_speckled_particle_frac,-0.0009546033506871149,-0.24984390787275818,False,True,phase-mask-dependent,particle_texture
geometry_l2,known_oof,5n1q8atc,Batch_2,Batch_3,36,-0.46957570323497483,0.9451476173178672,linear_decision_margin,crack_g_0.1,0.00041629313557793417,-0.05192663295001895,False,True,phase-mask-dependent,joint_appearance
geometry_l2,known_oof,5n1q8atc,Batch_2,Batch_3,37,-0.46957570323497483,0.9451476173178672,linear_decision_margin,bright_pore_crosscorr_xy_contrast_256px,-0.00020812834941255542,0.016295867211634407,False,True,image appearance,new_crossphase
geometry_l2,known_oof,f1vzngrs,Batch_1,Batch_3,1,-0.7547379573222635,2.137041551030229,linear_decision_margin,void_local_width_d90_px,-0.8681496745370963,-2.9724348652979744,True,True,image appearance,new_width
geometry_l2,known_oof,f1vzngrs,Batch_1,Batch_3,2,-0.7547379573222635,2.137041551030229,linear_decision_margin,pore_count_per_Mpx,0.7863584099460751,3.6263500108704463,True,True,phase-mask-dependent,existing_pore
geometry_l2,known_oof,f1vzngrs,Batch_1,Batch_3,3,-0.7547379573222635,2.137041551030229,linear_decision_margin,inlens_particle_texture,0.6390543848138797,1.8105711920239023,True,True,phase-mask-dependent,particle_texture
geometry_l2,known_oof,f1vzngrs,Batch_1,Batch_3,4,-0.7547379573222635,2.137041551030229,linear_decision_margin,inlens_particle_texture_p90,0.5010654483447421,1.7112964828993058,True,True,phase-mask-dependent,particle_texture
geometry_l2,known_oof,f1vzngrs,Batch_1,Batch_3,5,-0.7547379573222635,2.137041551030229,linear_decision_margin,pore_frac,0.40780250963642056,-1.8605040054608282,True,True,phase-mask-dependent,existing_pore
geometry_l2,known_oof,f1vzngrs,Batch_1,Batch_3,6,-0.7547379573222635,2.137041551030229,linear_decision_margin,inlens_grad_energy,0.3825054309591481,1.361226432470213,True,True,phase-mask-dependent,joint_appearance
geometry_l2,known_oof,f1vzngrs,Batch_1,Batch_3,7,-0.7547379573222635,2.137041551030229,linear_decision_margin,etd_crack_density_particles,-0.3753144396490414,4.757434741279591,True,True,phase-mask-dependent,joint_appearance
geometry_l2,known_oof,f1vzngrs,Batch_1,Batch_3,8,-0.7547379573222635,2.137041551030229,linear_decision_margin,crack_count_per_Mpx,-0.3399546713091111,-2.13942165289284,True,True,phase-mask-dependent,existing_pore
geometry_l2,known_oof,f1vzngrs,Batch_1,Batch_3,9,-0.7547379573222635,2.137041551030229,linear_decision_margin,pore_max_d,0.26648043552288575,-1.2710043079205415,True,True,phase-mask-dependent,existing_pore
geometry_l2,known_oof,f1vzngrs,Batch_1,Batch_3,10,-0.7547379573222635,2.137041551030229,linear_decision_margin,fft_slope,0.2503641770028777,0.9226615143617451,True,True,image appearance,raw_BSE_anchors
geometry_l2,known_oof,f1vzngrs,Batch_1,Batch_3,11,-0.7547379573222635,2.137041551030229,linear_decision_margin,inlens_speckled_particle_frac,0.21722440856116243,2.610905145055678,True,True,phase-mask-dependent,particle_texture
geometry_l2,known_oof,f1vzngrs,Batch_1,Batch_3,12,-0.7547379573222635,2.137041551030229,linear_decision_margin,crack_g_0.05,0.21333375425334716,1.1633166946006281,True,True,phase-mask-dependent,joint_appearance
geometry_l2,known_oof,f1vzngrs,Batch_1,Batch_3,13,-0.7547379573222635,2.137041551030229,linear_decision_margin,graph_edge_length_iqr_ratio,-0.21206367522682792,0.7929717567841366,True,True,image appearance,new_spacing
geometry_l2,known_oof,f1vzngrs,Batch_1,Batch_3,14,-0.7547379573222635,2.137041551030229,linear_decision_margin,crack_g_0.2,0.20422583387455903,-0.9873126596381521,True,True,phase-mask-dependent,joint_appearance
geometry_l2,known_oof,f1vzngrs,Batch_1,Batch_3,15,-0.7547379573222635,2.137041551030229,linear_decision_margin,bright_pore_crosscorr_xy_contrast_256px,0.2030541717546765,1.0691149863906952,True,True,image appearance,new_crossphase
geometry_l2,known_oof,f1vzngrs,Batch_1,Batch_3,16,-0.7547379573222635,2.137041551030229,linear_decision_margin,crack_g_0.3,0.17885674669658666,-0.9259453160876133,True,True,phase-mask-dependent,joint_appearance
geometry_l2,known_oof,f1vzngrs,Batch_1,Batch_3,17,-0.7547379573222635,2.137041551030229,linear_decision_margin,bright_d90,0.15587988217002305,-0.7626913076478656,True,True,phase-mask-dependent,existing_bright
geometry_l2,known_oof,f1vzngrs,Batch_1,Batch_3,18,-0.7547379573222635,2.137041551030229,linear_decision_margin,void_local_width_d50_px,0.14420190791483314,-2.302077223902936,True,True,image appearance,new_width
geometry_l2,known_oof,f1vzngrs,Batch_1,Batch_3,19,-0.7547379573222635,2.137041551030229,linear_decision_margin,pore_d90,0.12002450256693586,-1.3974146714438351,True,True,phase-mask-dependent,existing_pore
geometry_l2,known_oof,f1vzngrs,Batch_1,Batch_3,20,-0.7547379573222635,2.137041551030229,linear_decision_margin,etd_crack_density_graphite,0.1163400870161638,-0.7002669659723545,True,True,phase-mask-dependent,joint_appearance
geometry_l2,known_oof,f1vzngrs,Batch_1,Batch_3,21,-0.7547379573222635,2.137041551030229,linear_decision_margin,bright_frac,-0.11346834027827754,1.4341016251044238,True,True,phase-mask-dependent,existing_bright
geometry_l2,known_oof,f1vzngrs,Batch_1,Batch_3,22,-0.7547379573222635,2.137041551030229,linear_decision_margin,ridge_p97,0.09813813662219456,-0.6155607285425774,True,True,phase-mask-dependent,joint_appearance
geometry_l2,known_oof,f1vzngrs,Batch_1,Batch_3,23,-0.7547379573222635,2.137041551030229,linear_decision_margin,bright_solidity,-0.09798038432963255,-0.6231964894639112,True,True,phase-mask-dependent,existing_bright
geometry_l2,known_oof,f1vzngrs,Batch_1,Batch_3,24,-0.7547379573222635,2.137041551030229,linear_decision_margin,bright_count_per_Mpx,-0.0956865155746671,0.4776605692366122,True,True,phase-mask-dependent,existing_bright
geometry_l2,known_oof,f1vzngrs,Batch_1,Batch_3,25,-0.7547379573222635,2.137041551030229,linear_decision_margin,bright_d50,0.08027836629795292,0.4242137325760518,True,True,phase-mask-dependent,existing_bright
geometry_l2,known_oof,f1vzngrs,Batch_1,Batch_3,26,-0.7547379573222635,2.137041551030229,linear_decision_margin,bright_aspect_count_iqr,0.07486686315031117,0.35158459356019156,True,True,image appearance,new_shape
geometry_l2,known_oof,f1vzngrs,Batch_1,Batch_3,27,-0.7547379573222635,2.137041551030229,linear_decision_margin,pore_d50,-0.07014478304168933,-2.1055773891151137,True,True,phase-mask-dependent,existing_pore
geometry_l2,known_oof,f1vzngrs,Batch_1,Batch_3,28,-0.7547379573222635,2.137041551030229,linear_decision_margin,corr_len_px,0.059911362756286106,-0.49749587035671056,True,True,image appearance,raw_BSE_anchors
geometry_l2,known_oof,f1vzngrs,Batch_1,Batch_3,29,-0.7547379573222635,2.137041551030229,linear_decision_margin,pore_elong,-0.040229718354108365,0.25957738919000906,True,True,phase-mask-dependent,existing_pore
geometry_l2,known_oof,f1vzngrs,Batch_1,Batch_3,30,-0.7547379573222635,2.137041551030229,linear_decision_margin,crack_frac,0.030243286003838705,-1.542538573990968,True,True,phase-mask-dependent,existing_pore
geometry_l2,known_oof,f1vzngrs,Batch_1,Batch_3,31,-0.7547379573222635,2.137041551030229,linear_decision_margin,local_bright_std_512px,-0.019795521913253986,0.17350198217784302,True,True,image appearance,new_dispersion
geometry_l2,known_oof,f1vzngrs,Batch_1,Batch_3,32,-0.7547379573222635,2.137041551030229,linear_decision_margin,bright_circularity_count_iqr,-0.006658376411279371,0.10956282607169346,True,True,image appearance,new_shape
geometry_l2,known_oof,f1vzngrs,Batch_1,Batch_3,33,-0.7547379573222635,2.137041551030229,linear_decision_margin,bright_solidity_count_q10,0.004163875588592742,-1.0877948299773514,True,True,image appearance,new_shape
geometry_l2,known_oof,f1vzngrs,Batch_1,Batch_3,34,-0.7547379573222635,2.137041551030229,linear_decision_margin,bright_d10,-0.003798625658515072,0.24926311643453977,True,True,phase-mask-dependent,existing_bright
geometry_l2,known_oof,f1vzngrs,Batch_1,Batch_3,35,-0.7547379573222635,2.137041551030229,linear_decision_margin,bright_max_d,0.0027193091360008504,-0.07763546191857074,True,True,phase-mask-dependent,existing_bright
geometry_l2,known_oof,f1vzngrs,Batch_1,Batch_3,36,-0.7547379573222635,2.137041551030229,linear_decision_margin,crack_g_0.1,-0.002191190869512406,0.029601295546524624,True,True,phase-mask-dependent,joint_appearance
geometry_l2,known_oof,f1vzngrs,Batch_1,Batch_3,37,-0.7547379573222635,2.137041551030229,linear_decision_margin,bright_circ,0.0001221349160110832,0.43056976544543163,True,True,phase-mask-dependent,existing_bright
geometry_l2,known_oof,xgj4xftb,Batch_3,Batch_2,1,0.39182165383464285,1.617554837407252,linear_decision_margin,graph_edge_length_iqr_ratio,-0.553423658808881,-1.2931373806744413,True,True,image appearance,new_spacing
geometry_l2,known_oof,xgj4xftb,Batch_3,Batch_2,2,0.39182165383464285,1.617554837407252,linear_decision_margin,inlens_particle_texture,0.44482315049908827,-1.283732603044502,True,True,phase-mask-dependent,particle_texture
geometry_l2,known_oof,xgj4xftb,Batch_3,Batch_2,3,0.39182165383464285,1.617554837407252,linear_decision_margin,crack_g_0.2,0.4116041223118771,3.8057003713401314,True,True,phase-mask-dependent,joint_appearance
geometry_l2,known_oof,xgj4xftb,Batch_3,Batch_2,4,0.39182165383464285,1.617554837407252,linear_decision_margin,crack_g_0.3,0.33577408563406785,3.72135761409666,True,True,phase-mask-dependent,joint_appearance
geometry_l2,known_oof,xgj4xftb,Batch_3,Batch_2,5,0.39182165383464285,1.617554837407252,linear_decision_margin,inlens_particle_texture_p90,0.25905147895696795,-1.2965264423732121,True,True,phase-mask-dependent,particle_texture
geometry_l2,known_oof,xgj4xftb,Batch_3,Batch_2,6,0.39182165383464285,1.617554837407252,linear_decision_margin,corr_len_px,-0.2586869306253224,-1.1199102634290738,True,True,image appearance,raw_BSE_anchors
geometry_l2,known_oof,xgj4xftb,Batch_3,Batch_2,7,0.39182165383464285,1.617554837407252,linear_decision_margin,inlens_grad_energy,0.2420189300633752,-1.7689309569774303,True,True,phase-mask-dependent,joint_appearance
geometry_l2,known_oof,xgj4xftb,Batch_3,Batch_2,8,0.39182165383464285,1.617554837407252,linear_decision_margin,bright_d50,-0.16479570031934415,1.7184327844025382,True,True,phase-mask-dependent,existing_bright
geometry_l2,known_oof,xgj4xftb,Batch_3,Batch_2,9,0.39182165383464285,1.617554837407252,linear_decision_margin,void_local_width_d50_px,0.16367217092133893,-1.195971517325744,True,True,image appearance,new_width
geometry_l2,known_oof,xgj4xftb,Batch_3,Batch_2,10,0.39182165383464285,1.617554837407252,linear_decision_margin,bright_d90,0.14426618111444933,2.3362714054651232,True,True,phase-mask-dependent,existing_bright
geometry_l2,known_oof,xgj4xftb,Batch_3,Batch_2,11,0.39182165383464285,1.617554837407252,linear_decision_margin,pore_frac,-0.1392307964477126,-0.35796663254275124,True,True,phase-mask-dependent,existing_pore
geometry_l2,known_oof,xgj4xftb,Batch_3,Batch_2,12,0.39182165383464285,1.617554837407252,linear_decision_margin,pore_count_per_Mpx,0.12835957975725026,0.33031522215879694,True,True,phase-mask-dependent,existing_pore
geometry_l2,known_oof,xgj4xftb,Batch_3,Batch_2,13,0.39182165383464285,1.617554837407252,linear_decision_margin,etd_crack_density_graphite,0.12755933371622627,3.4383245707726946,True,True,phase-mask-dependent,joint_appearance
geometry_l2,known_oof,xgj4xftb,Batch_3,Batch_2,14,0.39182165383464285,1.617554837407252,linear_decision_margin,pore_d50,-0.12677294003347164,-0.6963099825795313,True,True,phase-mask-dependent,existing_pore
geometry_l2,known_oof,xgj4xftb,Batch_3,Batch_2,15,0.39182165383464285,1.617554837407252,linear_decision_margin,bright_count_per_Mpx,-0.12107779742034262,-1.5503552506692713,True,True,phase-mask-dependent,existing_bright
geometry_l2,known_oof,xgj4xftb,Batch_3,Batch_2,16,0.39182165383464285,1.617554837407252,linear_decision_margin,bright_circularity_count_iqr,0.11977075724620352,-1.0037570290927682,True,True,image appearance,new_shape
geometry_l2,known_oof,xgj4xftb,Batch_3,Batch_2,17,0.39182165383464285,1.617554837407252,linear_decision_margin,pore_max_d,0.11153044410314875,0.5062597683454804,True,True,phase-mask-dependent,existing_pore
geometry_l2,known_oof,xgj4xftb,Batch_3,Batch_2,18,0.39182165383464285,1.617554837407252,linear_decision_margin,pore_elong,0.10987584613808218,1.3041124919454068,True,True,phase-mask-dependent,existing_pore
geometry_l2,known_oof,xgj4xftb,Batch_3,Batch_2,19,0.39182165383464285,1.617554837407252,linear_decision_margin,bright_solidity_count_q10,0.10834865287024598,1.798866715786257,True,True,image appearance,new_shape
geometry_l2,known_oof,xgj4xftb,Batch_3,Batch_2,20,0.39182165383464285,1.617554837407252,linear_decision_margin,crack_count_per_Mpx,-0.08179639353583563,-0.8393137151530338,True,True,phase-mask-dependent,existing_pore
geometry_l2,known_oof,xgj4xftb,Batch_3,Batch_2,21,0.39182165383464285,1.617554837407252,linear_decision_margin,bright_solidity,0.047627599140396694,1.0074173960411623,True,True,phase-mask-dependent,existing_bright
geometry_l2,known_oof,xgj4xftb,Batch_3,Batch_2,22,0.39182165383464285,1.617554837407252,linear_decision_margin,crack_g_0.1,-0.047426920885291816,3.1156067804615346,True,True,phase-mask-dependent,joint_appearance
geometry_l2,known_oof,xgj4xftb,Batch_3,Batch_2,23,0.39182165383464285,1.617554837407252,linear_decision_margin,crack_g_0.05,-0.04648696789312985,1.1516040600957673,True,True,phase-mask-dependent,joint_appearance
geometry_l2,known_oof,xgj4xftb,Batch_3,Batch_2,24,0.39182165383464285,1.617554837407252,linear_decision_margin,void_local_width_d90_px,-0.04552291132083401,-0.960142762800093,True,True,image appearance,new_width
geometry_l2,known_oof,xgj4xftb,Batch_3,Batch_2,25,0.39182165383464285,1.617554837407252,linear_decision_margin,bright_max_d,0.04354692829340757,1.523133784671111,True,True,phase-mask-dependent,existing_bright
geometry_l2,known_oof,xgj4xftb,Batch_3,Batch_2,26,0.39182165383464285,1.617554837407252,linear_decision_margin,bright_frac,-0.04286784758264578,-0.5503612345778451,True,True,phase-mask-dependent,existing_bright
geometry_l2,known_oof,xgj4xftb,Batch_3,Batch_2,27,0.39182165383464285,1.617554837407252,linear_decision_margin,crack_frac,-0.04215885173750607,-0.22049226032947156,True,True,phase-mask-dependent,existing_pore
geometry_l2,known_oof,xgj4xftb,Batch_3,Batch_2,28,0.39182165383464285,1.617554837407252,linear_decision_margin,etd_crack_density_particles,0.03393432329601642,0.5011950231207658,True,True,phase-mask-dependent,joint_appearance
geometry_l2,known_oof,xgj4xftb,Batch_3,Batch_2,29,0.39182165383464285,1.617554837407252,linear_decision_margin,bright_aspect_count_iqr,0.03271507935153221,-0.7694910526478718,True,True,image appearance,new_shape
geometry_l2,known_oof,xgj4xftb,Batch_3,Batch_2,30,0.39182165383464285,1.617554837407252,linear_decision_margin,bright_circ,0.021624076695787593,0.19762096021253742,True,True,phase-mask-dependent,existing_bright
geometry_l2,known_oof,xgj4xftb,Batch_3,Batch_2,31,0.39182165383464285,1.617554837407252,linear_decision_margin,inlens_speckled_particle_frac,0.01387113380714273,-0.9043583903715952,True,True,phase-mask-dependent,particle_texture
geometry_l2,known_oof,xgj4xftb,Batch_3,Batch_2,32,0.39182165383464285,1.617554837407252,linear_decision_margin,fft_slope,-0.013467513974491674,0.36180516597932305,True,True,image appearance,raw_BSE_anchors
geometry_l2,known_oof,xgj4xftb,Batch_3,Batch_2,33,0.39182165383464285,1.617554837407252,linear_decision_margin,ridge_p97,0.01007531079350644,2.5894429435210657,True,True,phase-mask-dependent,joint_appearance
geometry_l2,known_oof,xgj4xftb,Batch_3,Batch_2,34,0.39182165383464285,1.617554837407252,linear_decision_margin,local_bright_std_512px,0.0073987393826978115,0.8883192524864884,True,True,image appearance,new_dispersion
geometry_l2,known_oof,xgj4xftb,Batch_3,Batch_2,35,0.39182165383464285,1.617554837407252,linear_decision_margin,bright_d10,-0.005622427539095639,0.8487851923047928,True,True,phase-mask-dependent,existing_bright
geometry_l2,known_oof,xgj4xftb,Batch_3,Batch_2,36,0.39182165383464285,1.617554837407252,linear_decision_margin,pore_d90,-0.003511996459040735,-0.026153699081930114,True,True,phase-mask-dependent,existing_pore
geometry_l2,known_oof,xgj4xftb,Batch_3,Batch_2,37,0.39182165383464285,1.617554837407252,linear_decision_margin,bright_pore_crosscorr_xy_contrast_256px,0.0011349140627456898,0.061032678646148024,True,True,image appearance,new_crossphase
geometry_l2,known_oof,71vgq3fw,Batch_3,Batch_2,1,0.4100321335670328,0.09064692316054263,linear_decision_margin,graph_edge_length_iqr_ratio,-0.4252771401102097,-0.9682819984804373,True,True,image appearance,new_spacing
geometry_l2,known_oof,71vgq3fw,Batch_3,Batch_2,2,0.4100321335670328,0.09064692316054263,linear_decision_margin,inlens_particle_texture,0.2844053318675636,-0.8856017599696512,True,True,phase-mask-dependent,particle_texture
geometry_l2,known_oof,71vgq3fw,Batch_3,Batch_2,3,0.4100321335670328,0.09064692316054263,linear_decision_margin,inlens_particle_texture_p90,0.17825163861377646,-1.010999790696539,True,True,phase-mask-dependent,particle_texture
geometry_l2,known_oof,71vgq3fw,Batch_3,Batch_2,4,0.4100321335670328,0.09064692316054263,linear_decision_margin,bright_circ,-0.12411102779055987,-0.8873603303940306,True,True,phase-mask-dependent,existing_bright
geometry_l2,known_oof,71vgq3fw,Batch_3,Batch_2,5,0.4100321335670328,0.09064692316054263,linear_decision_margin,corr_len_px,0.08016216527032634,0.40917718424826555,True,True,image appearance,raw_BSE_anchors
geometry_l2,known_oof,71vgq3fw,Batch_3,Batch_2,6,0.4100321335670328,0.09064692316054263,linear_decision_margin,bright_solidity,-0.06906740413774393,-0.86911495209789,True,True,phase-mask-dependent,existing_bright
geometry_l2,known_oof,71vgq3fw,Batch_3,Batch_2,7,0.4100321335670328,0.09064692316054263,linear_decision_margin,bright_circularity_count_iqr,-0.06759863374736996,0.45468591230918054,True,True,image appearance,new_shape
geometry_l2,known_oof,71vgq3fw,Batch_3,Batch_2,8,0.4100321335670328,0.09064692316054263,linear_decision_margin,pore_max_d,-0.06633796353196368,-0.27995642045120794,False,True,phase-mask-dependent,existing_pore
geometry_l2,known_oof,71vgq3fw,Batch_3,Batch_2,9,0.4100321335670328,0.09064692316054263,linear_decision_margin,pore_count_per_Mpx,0.035151170601041955,0.08867240084308725,False,True,phase-mask-dependent,existing_pore
geometry_l2,known_oof,71vgq3fw,Batch_3,Batch_2,10,0.4100321335670328,0.09064692316054263,linear_decision_margin,pore_d90,-0.03122609965848066,-0.21624326552577502,False,True,phase-mask-dependent,existing_pore
geometry_l2,known_oof,71vgq3fw,Batch_3,Batch_2,11,0.4100321335670328,0.09064692316054263,linear_decision_margin,bright_frac,0.029423851434730888,0.49801228727841046,True,True,phase-mask-dependent,existing_bright
geometry_l2,known_oof,71vgq3fw,Batch_3,Batch_2,12,0.4100321335670328,0.09064692316054263,linear_decision_margin,crack_frac,-0.029413082211940986,-0.15010898317622556,False,True,phase-mask-dependent,existing_pore
geometry_l2,known_oof,71vgq3fw,Batch_3,Batch_2,13,0.4100321335670328,0.09064692316054263,linear_decision_margin,etd_crack_density_particles,-0.02751963902535949,-0.30601653880918833,False,True,phase-mask-dependent,joint_appearance
geometry_l2,known_oof,71vgq3fw,Batch_3,Batch_2,14,0.4100321335670328,0.09064692316054263,linear_decision_margin,bright_d10,-0.0249851662074,0.7617238937920625,True,True,phase-mask-dependent,existing_bright
geometry_l2,known_oof,71vgq3fw,Batch_3,Batch_2,15,0.4100321335670328,0.09064692316054263,linear_decision_margin,bright_solidity_count_q10,-0.02333490796135016,-0.30222555374996585,True,True,image appearance,new_shape
geometry_l2,known_oof,71vgq3fw,Batch_3,Batch_2,16,0.4100321335670328,0.09064692316054263,linear_decision_margin,pore_d50,-0.020219216844969266,-0.11304629032006243,False,True,phase-mask-dependent,existing_pore
geometry_l2,known_oof,71vgq3fw,Batch_3,Batch_2,17,0.4100321335670328,0.09064692316054263,linear_decision_margin,bright_count_per_Mpx,-0.019321172423273896,-0.24049263439982907,True,True,phase-mask-dependent,existing_bright
geometry_l2,known_oof,71vgq3fw,Batch_3,Batch_2,18,0.4100321335670328,0.09064692316054263,linear_decision_margin,bright_aspect_count_iqr,0.017468835966510547,-0.593023789494318,True,True,image appearance,new_shape
geometry_l2,known_oof,71vgq3fw,Batch_3,Batch_2,19,0.4100321335670328,0.09064692316054263,linear_decision_margin,inlens_grad_energy,-0.017278838002096102,0.1077280600496951,False,True,phase-mask-dependent,joint_appearance
geometry_l2,known_oof,71vgq3fw,Batch_3,Batch_2,20,0.4100321335670328,0.09064692316054263,linear_decision_margin,bright_d90,0.016756121267602078,0.26086507031143613,True,True,phase-mask-dependent,existing_bright
geometry_l2,known_oof,71vgq3fw,Batch_3,Batch_2,21,0.4100321335670328,0.09064692316054263,linear_decision_margin,fft_slope,0.01180370442481136,-1.1228794290047397,True,True,image appearance,raw_BSE_anchors
geometry_l2,known_oof,71vgq3fw,Batch_3,Batch_2,22,0.4100321335670328,0.09064692316054263,linear_decision_margin,crack_g_0.05,-0.011748508928503399,0.20536164110472693,False,True,phase-mask-dependent,joint_appearance
geometry_l2,known_oof,71vgq3fw,Batch_3,Batch_2,23,0.4100321335670328,0.09064692316054263,linear_decision_margin,etd_crack_density_graphite,-0.008548821047911872,-0.13143298504115952,False,True,phase-mask-dependent,joint_appearance
geometry_l2,known_oof,71vgq3fw,Batch_3,Batch_2,24,0.4100321335670328,0.09064692316054263,linear_decision_margin,crack_g_0.2,-0.006722606374919066,-0.053189429060936357,False,True,phase-mask-dependent,joint_appearance
geometry_l2,known_oof,71vgq3fw,Batch_3,Batch_2,25,0.4100321335670328,0.09064692316054263,linear_decision_margin,bright_max_d,0.005634395706563545,0.17008908959761662,True,True,phase-mask-dependent,existing_bright
geometry_l2,known_oof,71vgq3fw,Batch_3,Batch_2,26,0.4100321335670328,0.09064692316054263,linear_decision_margin,local_bright_std_512px,-0.0055250650571983485,0.6670971476248275,True,True,image appearance,new_dispersion
geometry_l2,known_oof,71vgq3fw,Batch_3,Batch_2,27,0.4100321335670328,0.09064692316054263,linear_decision_margin,bright_d50,0.004595794236819569,-0.0827279759732603,True,True,phase-mask-dependent,existing_bright
geometry_l2,known_oof,71vgq3fw,Batch_3,Batch_2,28,0.4100321335670328,0.09064692316054263,linear_decision_margin,void_local_width_d90_px,-0.00449311687669725,-0.11131060109511245,False,True,image appearance,new_width
geometry_l2,known_oof,71vgq3fw,Batch_3,Batch_2,29,0.4100321335670328,0.09064692316054263,linear_decision_margin,pore_elong,0.0037033788969291557,0.037119914585347566,False,True,phase-mask-dependent,existing_pore
geometry_l2,known_oof,71vgq3fw,Batch_3,Batch_2,30,0.4100321335670328,0.09064692316054263,linear_decision_margin,void_local_width_d50_px,0.0031718926322901343,-0.022495340077653487,False,True,image appearance,new_width
geometry_l2,known_oof,71vgq3fw,Batch_3,Batch_2,31,0.4100321335670328,0.09064692316054263,linear_decision_margin,ridge_p97,-0.002606835396272553,-0.11392331955567864,False,True,phase-mask-dependent,joint_appearance
geometry_l2,known_oof,71vgq3fw,Batch_3,Batch_2,32,0.4100321335670328,0.09064692316054263,linear_decision_margin,crack_count_per_Mpx,-0.002287352167673999,-0.024237795730777726,False,True,phase-mask-dependent,existing_pore
geometry_l2,known_oof,71vgq3fw,Batch_3,Batch_2,33,0.4100321335670328,0.09064692316054263,linear_decision_margin,crack_g_0.1,-0.0011802148906666832,-0.05192663295001895,False,True,phase-mask-dependent,joint_appearance
geometry_l2,known_oof,71vgq3fw,Batch_3,Batch_2,34,0.4100321335670328,0.09064692316054263,linear_decision_margin,crack_g_0.3,-0.0011554810758445302,-0.009725831195308619,False,True,phase-mask-dependent,joint_appearance
geometry_l2,known_oof,71vgq3fw,Batch_3,Batch_2,35,0.4100321335670328,0.09064692316054263,linear_decision_margin,pore_frac,-0.0006137665349877648,-0.0015971949442644471,False,True,phase-mask-dependent,existing_pore
geometry_l2,known_oof,71vgq3fw,Batch_3,Batch_2,36,0.4100321335670328,0.09064692316054263,linear_decision_margin,inlens_speckled_particle_frac,0.0003600177079086571,-0.9043583903715952,True,True,phase-mask-dependent,particle_texture
geometry_l2,known_oof,71vgq3fw,Batch_3,Batch_2,37,0.4100321335670328,0.09064692316054263,linear_decision_margin,bright_pore_crosscorr_xy_contrast_256px,0.00029855097002870685,0.016295867211634407,False,True,image appearance,new_crossphase
geometry_l2,known_oof,0grcilhi,Batch_1,Batch_3,1,-0.6682823368070796,0.6439720446887869,linear_decision_margin,crack_g_0.3,0.6344824975488159,-2.448962268364158,True,True,phase-mask-dependent,joint_appearance
geometry_l2,known_oof,0grcilhi,Batch_1,Batch_3,2,-0.6682823368070796,0.6439720446887869,linear_decision_margin,etd_crack_density_graphite,0.6001897780948156,-2.6193218633847875,True,True,phase-mask-dependent,joint_appearance
geometry_l2,known_oof,0grcilhi,Batch_1,Batch_3,3,-0.6682823368070796,0.6439720446887869,linear_decision_margin,crack_g_0.2,0.5893303524303066,-2.212080402368468,True,True,phase-mask-dependent,joint_appearance
geometry_l2,known_oof,0grcilhi,Batch_1,Batch_3,4,-0.6682823368070796,0.6439720446887869,linear_decision_margin,fft_slope,0.5681354920233266,1.5815043521091852,True,True,image appearance,raw_BSE_anchors
geometry_l2,known_oof,0grcilhi,Batch_1,Batch_3,5,-0.6682823368070796,0.6439720446887869,linear_decision_margin,inlens_particle_texture_p90,-0.5103223296050367,-1.8480586567835267,True,True,phase-mask-dependent,particle_texture
geometry_l2,known_oof,0grcilhi,Batch_1,Batch_3,6,-0.6682823368070796,0.6439720446887869,linear_decision_margin,ridge_p97,0.49455631400135486,-2.3653778856670504,True,True,phase-mask-dependent,joint_appearance
geometry_l2,known_oof,0grcilhi,Batch_1,Batch_3,7,-0.6682823368070796,0.6439720446887869,linear_decision_margin,inlens_particle_texture,-0.483210011180511,-1.4925343584485478,True,True,phase-mask-dependent,particle_texture
geometry_l2,known_oof,0grcilhi,Batch_1,Batch_3,8,-0.6682823368070796,0.6439720446887869,linear_decision_margin,pore_frac,-0.4529391593176483,2.309808755705094,True,True,phase-mask-dependent,existing_pore
geometry_l2,known_oof,0grcilhi,Batch_1,Batch_3,9,-0.6682823368070796,0.6439720446887869,linear_decision_margin,void_local_width_d90_px,0.44126059126124156,1.9191547140126446,True,True,image appearance,new_width
geometry_l2,known_oof,0grcilhi,Batch_1,Batch_3,10,-0.6682823368070796,0.6439720446887869,linear_decision_margin,crack_g_0.05,-0.3604754149210054,-2.1494790386820277,True,True,phase-mask-dependent,joint_appearance
geometry_l2,known_oof,0grcilhi,Batch_1,Batch_3,11,-0.6682823368070796,0.6439720446887869,linear_decision_margin,pore_max_d,-0.3337938252169359,1.8783725392065374,True,True,phase-mask-dependent,existing_pore
geometry_l2,known_oof,0grcilhi,Batch_1,Batch_3,12,-0.6682823368070796,0.6439720446887869,linear_decision_margin,bright_count_per_Mpx,0.2906849346463097,-1.2419156727615503,True,True,phase-mask-dependent,existing_bright
geometry_l2,known_oof,0grcilhi,Batch_1,Batch_3,13,-0.6682823368070796,0.6439720446887869,linear_decision_margin,inlens_grad_energy,-0.2841037573090748,-1.2412154992285744,True,True,phase-mask-dependent,joint_appearance
geometry_l2,known_oof,0grcilhi,Batch_1,Batch_3,14,-0.6682823368070796,0.6439720446887869,linear_decision_margin,crack_g_0.1,0.24682685632738083,-2.366866449062235,True,True,phase-mask-dependent,joint_appearance
geometry_l2,known_oof,0grcilhi,Batch_1,Batch_3,15,-0.6682823368070796,0.6439720446887869,linear_decision_margin,crack_count_per_Mpx,0.23692417083135142,1.7712099144678646,True,True,phase-mask-dependent,existing_pore
geometry_l2,known_oof,0grcilhi,Batch_1,Batch_3,16,-0.6682823368070796,0.6439720446887869,linear_decision_margin,bright_pore_crosscorr_xy_contrast_256px,-0.22327471554492145,-1.4169713854699668,True,True,image appearance,new_crossphase
geometry_l2,known_oof,0grcilhi,Batch_1,Batch_3,17,-0.6682823368070796,0.6439720446887869,linear_decision_margin,pore_count_per_Mpx,-0.20845799592509026,-0.9684986330312442,True,True,phase-mask-dependent,existing_pore
geometry_l2,known_oof,0grcilhi,Batch_1,Batch_3,18,-0.6682823368070796,0.6439720446887869,linear_decision_margin,pore_d50,0.1930702649379268,3.3518117908037515,True,True,phase-mask-dependent,existing_pore
geometry_l2,known_oof,0grcilhi,Batch_1,Batch_3,19,-0.6682823368070796,0.6439720446887869,linear_decision_margin,graph_edge_length_iqr_ratio,0.13461806534281973,-0.5665686468207501,True,True,image appearance,new_spacing
geometry_l2,known_oof,0grcilhi,Batch_1,Batch_3,20,-0.6682823368070796,0.6439720446887869,linear_decision_margin,crack_frac,0.122312467562466,3.3428781373331216,True,True,phase-mask-dependent,existing_pore
geometry_l2,known_oof,0grcilhi,Batch_1,Batch_3,21,-0.6682823368070796,0.6439720446887869,linear_decision_margin,bright_aspect_count_iqr,-0.11363887339050825,-0.5816804543371982,True,True,image appearance,new_shape
geometry_l2,known_oof,0grcilhi,Batch_1,Batch_3,22,-0.6682823368070796,0.6439720446887869,linear_decision_margin,inlens_speckled_particle_frac,-0.10233668120253263,-0.9043583903715952,True,True,phase-mask-dependent,particle_texture
geometry_l2,known_oof,0grcilhi,Batch_1,Batch_3,23,-0.6682823368070796,0.6439720446887869,linear_decision_margin,pore_d90,-0.09875360645059103,2.450704929390675,True,True,phase-mask-dependent,existing_pore
geometry_l2,known_oof,0grcilhi,Batch_1,Batch_3,24,-0.6682823368070796,0.6439720446887869,linear_decision_margin,pore_elong,-0.09774949112101271,1.4716953568474254,True,True,phase-mask-dependent,existing_pore
geometry_l2,known_oof,0grcilhi,Batch_1,Batch_3,25,-0.6682823368070796,0.6439720446887869,linear_decision_margin,bright_d10,0.0960429207970827,1.6057526586350839,True,True,phase-mask-dependent,existing_bright
geometry_l2,known_oof,0grcilhi,Batch_1,Batch_3,26,-0.6682823368070796,0.6439720446887869,linear_decision_margin,void_local_width_d50_px,-0.09279107237129562,1.2932032328466991,True,True,image appearance,new_width
geometry_l2,known_oof,0grcilhi,Batch_1,Batch_3,27,-0.6682823368070796,0.6439720446887869,linear_decision_margin,bright_solidity,-0.08613044163533784,-0.703481527011616,True,True,phase-mask-dependent,existing_bright
geometry_l2,known_oof,0grcilhi,Batch_1,Batch_3,28,-0.6682823368070796,0.6439720446887869,linear_decision_margin,bright_frac,0.0845137919782761,-1.0808574047334536,True,True,phase-mask-dependent,existing_bright
geometry_l2,known_oof,0grcilhi,Batch_1,Batch_3,29,-0.6682823368070796,0.6439720446887869,linear_decision_margin,corr_len_px,0.07021260190365038,-0.49749587035671056,True,True,image appearance,raw_BSE_anchors
geometry_l2,known_oof,0grcilhi,Batch_1,Batch_3,30,-0.6682823368070796,0.6439720446887869,linear_decision_margin,bright_d50,-0.06252376536126597,-0.33684229715375036,True,True,phase-mask-dependent,existing_bright
geometry_l2,known_oof,0grcilhi,Batch_1,Batch_3,31,-0.6682823368070796,0.6439720446887869,linear_decision_margin,bright_circularity_count_iqr,0.04686314321633237,-0.6707632696078017,True,True,image appearance,new_shape
geometry_l2,known_oof,0grcilhi,Batch_1,Batch_3,32,-0.6682823368070796,0.6439720446887869,linear_decision_margin,local_bright_std_512px,-0.038387732748522294,0.44563371920595246,True,True,image appearance,new_dispersion
geometry_l2,known_oof,0grcilhi,Batch_1,Batch_3,33,-0.6682823368070796,0.6439720446887869,linear_decision_margin,etd_crack_density_particles,-0.02470609944233581,-0.7368432474013702,True,True,phase-mask-dependent,joint_appearance
geometry_l2,known_oof,0grcilhi,Batch_1,Batch_3,34,-0.6682823368070796,0.6439720446887869,linear_decision_margin,bright_circ,0.01524791205384059,-1.9576486624716956,True,True,phase-mask-dependent,existing_bright
geometry_l2,known_oof,0grcilhi,Batch_1,Batch_3,35,-0.6682823368070796,0.6439720446887869,linear_decision_margin,bright_d90,0.012051533870260053,-0.05477346197616849,True,True,phase-mask-dependent,existing_bright
geometry_l2,known_oof,0grcilhi,Batch_1,Batch_3,36,-0.6682823368070796,0.6439720446887869,linear_decision_margin,bright_max_d,0.008880420513378394,-0.24414465571841998,True,True,phase-mask-dependent,existing_bright
geometry_l2,known_oof,0grcilhi,Batch_1,Batch_3,37,-0.6682823368070796,0.6439720446887869,linear_decision_margin,bright_solidity_count_q10,-0.0003547551014435343,0.2819116697170517,True,True,image appearance,new_shape
geometry_l2,known_oof,i9jiqjwl,Batch_1,Batch_3,1,-0.7718200156121249,2.1006568575524547,linear_decision_margin,inlens_particle_texture,0.8683780393992667,2.38097731896702,True,True,phase-mask-dependent,particle_texture
geometry_l2,known_oof,i9jiqjwl,Batch_1,Batch_3,2,-0.7718200156121249,2.1006568575524547,linear_decision_margin,inlens_grad_energy,0.6749194524473888,2.4134618647614468,True,True,phase-mask-dependent,joint_appearance
geometry_l2,known_oof,i9jiqjwl,Batch_1,Batch_3,3,-0.7718200156121249,2.1006568575524547,linear_decision_margin,inlens_particle_texture_p90,0.6698354524359207,2.1494055960918295,True,True,phase-mask-dependent,particle_texture
geometry_l2,known_oof,i9jiqjwl,Batch_1,Batch_3,4,-0.7718200156121249,2.1006568575524547,linear_decision_margin,inlens_speckled_particle_frac,0.540440881621037,3.659263847337907,True,True,phase-mask-dependent,particle_texture
geometry_l2,known_oof,i9jiqjwl,Batch_1,Batch_3,5,-0.7718200156121249,2.1006568575524547,linear_decision_margin,graph_edge_length_iqr_ratio,-0.5118656755442802,2.230931272171255,True,True,image appearance,new_spacing
geometry_l2,known_oof,i9jiqjwl,Batch_1,Batch_3,6,-0.7718200156121249,2.1006568575524547,linear_decision_margin,pore_elong,0.37399991618714423,-2.372340408853532,True,True,phase-mask-dependent,existing_pore
geometry_l2,known_oof,i9jiqjwl,Batch_1,Batch_3,7,-0.7718200156121249,2.1006568575524547,linear_decision_margin,bright_pore_crosscorr_xy_contrast_256px,-0.35961227750384905,-2.468709521393184,True,True,image appearance,new_crossphase
geometry_l2,known_oof,i9jiqjwl,Batch_1,Batch_3,8,-0.7718200156121249,2.1006568575524547,linear_decision_margin,void_local_width_d90_px,-0.29233229667622657,-1.27223009015632,True,True,image appearance,new_width
geometry_l2,known_oof,i9jiqjwl,Batch_1,Batch_3,9,-0.7718200156121249,2.1006568575524547,linear_decision_margin,bright_count_per_Mpx,-0.27050566207365045,1.3092801485290897,True,True,phase-mask-dependent,existing_bright
geometry_l2,known_oof,i9jiqjwl,Batch_1,Batch_3,10,-0.7718200156121249,2.1006568575524547,linear_decision_margin,crack_count_per_Mpx,-0.26743944065064995,-2.157537787593127,True,True,phase-mask-dependent,existing_pore
geometry_l2,known_oof,i9jiqjwl,Batch_1,Batch_3,11,-0.7718200156121249,2.1006568575524547,linear_decision_margin,fft_slope,0.26558960107189383,0.9017228096332366,True,True,image appearance,raw_BSE_anchors
geometry_l2,known_oof,i9jiqjwl,Batch_1,Batch_3,12,-0.7718200156121249,2.1006568575524547,linear_decision_margin,bright_aspect_count_iqr,0.26295727430753024,1.2804675360485755,True,True,image appearance,new_shape
geometry_l2,known_oof,i9jiqjwl,Batch_1,Batch_3,13,-0.7718200156121249,2.1006568575524547,linear_decision_margin,pore_frac,0.22625660609239265,-0.987191406186196,True,True,phase-mask-dependent,existing_pore
geometry_l2,known_oof,i9jiqjwl,Batch_1,Batch_3,14,-0.7718200156121249,2.1006568575524547,linear_decision_margin,crack_g_0.2,0.2183426204278184,-0.9366325537219069,True,True,phase-mask-dependent,joint_appearance
geometry_l2,known_oof,i9jiqjwl,Batch_1,Batch_3,15,-0.7718200156121249,2.1006568575524547,linear_decision_margin,bright_solidity,-0.2050265416217719,-1.6867552409267488,True,True,phase-mask-dependent,existing_bright
geometry_l2,known_oof,i9jiqjwl,Batch_1,Batch_3,16,-0.7718200156121249,2.1006568575524547,linear_decision_margin,corr_len_px,0.20095098535725292,-1.445503389261884,True,True,image appearance,raw_BSE_anchors
geometry_l2,known_oof,i9jiqjwl,Batch_1,Batch_3,17,-0.7718200156121249,2.1006568575524547,linear_decision_margin,crack_g_0.3,0.16417720893802662,-0.7736707081951005,True,True,phase-mask-dependent,joint_appearance
geometry_l2,known_oof,i9jiqjwl,Batch_1,Batch_3,18,-0.7718200156121249,2.1006568575524547,linear_decision_margin,pore_max_d,0.16106192992631624,-0.7564393012676229,True,True,phase-mask-dependent,existing_pore
geometry_l2,known_oof,i9jiqjwl,Batch_1,Batch_3,19,-0.7718200156121249,2.1006568575524547,linear_decision_margin,bright_solidity_count_q10,0.14456528360116097,-2.8469964867210016,True,True,image appearance,new_shape
geometry_l2,known_oof,i9jiqjwl,Batch_1,Batch_3,20,-0.7718200156121249,2.1006568575524547,linear_decision_margin,bright_d50,-0.136620588898123,-0.7915929534517158,True,True,phase-mask-dependent,existing_bright
geometry_l2,known_oof,i9jiqjwl,Batch_1,Batch_3,21,-0.7718200156121249,2.1006568575524547,linear_decision_margin,pore_count_per_Mpx,-0.10052461036160601,-0.48083611735911264,True,True,phase-mask-dependent,existing_pore
geometry_l2,known_oof,i9jiqjwl,Batch_1,Batch_3,22,-0.7718200156121249,2.1006568575524547,linear_decision_margin,pore_d90,0.09951353700627805,-1.0367737444170322,True,True,phase-mask-dependent,existing_pore
geometry_l2,known_oof,i9jiqjwl,Batch_1,Batch_3,23,-0.7718200156121249,2.1006568575524547,linear_decision_margin,etd_crack_density_graphite,0.09582089348093024,-0.5432477726403964,True,True,phase-mask-dependent,joint_appearance
geometry_l2,known_oof,i9jiqjwl,Batch_1,Batch_3,24,-0.7718200156121249,2.1006568575524547,linear_decision_margin,ridge_p97,0.06364542914899601,-0.3922821650764574,True,True,phase-mask-dependent,joint_appearance
geometry_l2,known_oof,i9jiqjwl,Batch_1,Batch_3,25,-0.7718200156121249,2.1006568575524547,linear_decision_margin,crack_g_0.1,0.06153001211460007,-0.7635546803627002,True,True,phase-mask-dependent,joint_appearance
geometry_l2,known_oof,i9jiqjwl,Batch_1,Batch_3,26,-0.7718200156121249,2.1006568575524547,linear_decision_margin,bright_circ,-0.05560463166149599,-1.1161562701150296,True,True,phase-mask-dependent,existing_bright
geometry_l2,known_oof,i9jiqjwl,Batch_1,Batch_3,27,-0.7718200156121249,2.1006568575524547,linear_decision_margin,bright_max_d,-0.05395779842925208,1.787566047963131,True,True,phase-mask-dependent,existing_bright
geometry_l2,known_oof,i9jiqjwl,Batch_1,Batch_3,28,-0.7718200156121249,2.1006568575524547,linear_decision_margin,void_local_width_d50_px,0.037068809090307304,-0.8811099139668612,True,True,image appearance,new_width
geometry_l2,known_oof,i9jiqjwl,Batch_1,Batch_3,29,-0.7718200156121249,2.1006568575524547,linear_decision_margin,crack_frac,0.03257033053151285,-1.4324733613712564,True,True,phase-mask-dependent,existing_pore
geometry_l2,known_oof,i9jiqjwl,Batch_1,Batch_3,30,-0.7718200156121249,2.1006568575524547,linear_decision_margin,bright_d90,-0.016078320093140995,0.07555652947685815,True,True,phase-mask-dependent,existing_bright
geometry_l2,known_oof,i9jiqjwl,Batch_1,Batch_3,31,-0.7718200156121249,2.1006568575524547,linear_decision_margin,bright_frac,-0.015695688269049105,0.17184996599076732,True,True,phase-mask-dependent,existing_bright
geometry_l2,known_oof,i9jiqjwl,Batch_1,Batch_3,32,-0.7718200156121249,2.1006568575524547,linear_decision_margin,pore_d50,-0.013679360282377534,-0.9000859046446507,True,True,phase-mask-dependent,existing_pore
geometry_l2,known_oof,i9jiqjwl,Batch_1,Batch_3,33,-0.7718200156121249,2.1006568575524547,linear_decision_margin,local_bright_std_512px,0.013130932164651459,-0.15262595385072006,True,True,image appearance,new_dispersion
geometry_l2,known_oof,i9jiqjwl,Batch_1,Batch_3,34,-0.7718200156121249,2.1006568575524547,linear_decision_margin,crack_g_0.05,-0.006414919255664533,-0.03361686137732897,True,True,phase-mask-dependent,joint_appearance
geometry_l2,known_oof,i9jiqjwl,Batch_1,Batch_3,35,-0.7718200156121249,2.1006568575524547,linear_decision_margin,bright_circularity_count_iqr,-0.00462065236887152,0.0658936022236912,True,True,image appearance,new_shape
geometry_l2,known_oof,i9jiqjwl,Batch_1,Batch_3,36,-0.7718200156121249,2.1006568575524547,linear_decision_margin,etd_crack_density_particles,0.004325111928613037,-0.2851419378319463,True,True,phase-mask-dependent,joint_appearance
geometry_l2,known_oof,i9jiqjwl,Batch_1,Batch_3,37,-0.7718200156121249,2.1006568575524547,linear_decision_margin,bright_d10,0.0033750295755503434,-0.9359675953484546,True,True,phase-mask-dependent,existing_bright
geometry_l2,known_oof,kbdh4tri,Batch_3,Batch_2,1,0.3917084267965393,1.191366427294041,linear_decision_margin,inlens_particle_texture,0.4775848842976978,-1.466404150530534,True,True,phase-mask-dependent,particle_texture
geometry_l2,known_oof,kbdh4tri,Batch_3,Batch_2,2,0.3917084267965393,1.191366427294041,linear_decision_margin,graph_edge_length_iqr_ratio,0.4514004554581485,1.1144272376634528,True,True,image appearance,new_spacing
geometry_l2,known_oof,kbdh4tri,Batch_3,Batch_2,3,0.3917084267965393,1.191366427294041,linear_decision_margin,inlens_particle_texture_p90,0.25644423775790154,-1.4428732594543474,True,True,phase-mask-dependent,particle_texture
geometry_l2,known_oof,kbdh4tri,Batch_3,Batch_2,4,0.3917084267965393,1.191366427294041,linear_decision_margin,bright_d90,-0.08542780642280115,-1.0284573732271418,True,True,phase-mask-dependent,existing_bright
geometry_l2,known_oof,kbdh4tri,Batch_3,Batch_2,5,0.3917084267965393,1.191366427294041,linear_decision_margin,bright_max_d,-0.07362943261416573,-1.3443251979478934,True,True,phase-mask-dependent,existing_bright
geometry_l2,known_oof,kbdh4tri,Batch_3,Batch_2,6,0.3917084267965393,1.191366427294041,linear_decision_margin,bright_solidity_count_q10,-0.06684410388054814,-0.8895755671742307,True,True,image appearance,new_shape
geometry_l2,known_oof,kbdh4tri,Batch_3,Batch_2,7,0.3917084267965393,1.191366427294041,linear_decision_margin,pore_max_d,-0.06520482880860445,-0.27995642045120794,False,True,phase-mask-dependent,existing_pore
geometry_l2,known_oof,kbdh4tri,Batch_3,Batch_2,8,0.3917084267965393,1.191366427294041,linear_decision_margin,bright_count_per_Mpx,0.061757667930202986,1.8798926360721198,True,True,phase-mask-dependent,existing_bright
geometry_l2,known_oof,kbdh4tri,Batch_3,Batch_2,9,0.3917084267965393,1.191366427294041,linear_decision_margin,bright_d50,0.055950581393829864,-0.9184341480306494,True,True,phase-mask-dependent,existing_bright
geometry_l2,known_oof,kbdh4tri,Batch_3,Batch_2,10,0.3917084267965393,1.191366427294041,linear_decision_margin,local_bright_std_512px,-0.048190503864450625,-1.6256430346681725,True,True,image appearance,new_dispersion
geometry_l2,known_oof,kbdh4tri,Batch_3,Batch_2,11,0.3917084267965393,1.191366427294041,linear_decision_margin,corr_len_px,-0.0402518814170844,-0.19444069369563424,True,True,image appearance,raw_BSE_anchors
geometry_l2,known_oof,kbdh4tri,Batch_3,Batch_2,12,0.3917084267965393,1.191366427294041,linear_decision_margin,pore_count_per_Mpx,0.03553846971277362,0.08867240084308725,False,True,phase-mask-dependent,existing_pore
geometry_l2,known_oof,kbdh4tri,Batch_3,Batch_2,13,0.3917084267965393,1.191366427294041,linear_decision_margin,pore_d90,-0.03067164357282806,-0.21624326552577502,False,True,phase-mask-dependent,existing_pore
geometry_l2,known_oof,kbdh4tri,Batch_3,Batch_2,14,0.3917084267965393,1.191366427294041,linear_decision_margin,bright_circ,0.029396709036789766,0.28501457154039495,True,True,phase-mask-dependent,existing_bright
geometry_l2,known_oof,kbdh4tri,Batch_3,Batch_2,15,0.3917084267965393,1.191366427294041,linear_decision_margin,crack_frac,-0.029090479742859488,-0.15010898317622556,False,True,phase-mask-dependent,existing_pore
geometry_l2,known_oof,kbdh4tri,Batch_3,Batch_2,16,0.3917084267965393,1.191366427294041,linear_decision_margin,etd_crack_density_particles,-0.028605515970248338,-0.30601653880918833,False,True,phase-mask-dependent,joint_appearance
geometry_l2,known_oof,kbdh4tri,Batch_3,Batch_2,17,0.3917084267965393,1.191366427294041,linear_decision_margin,bright_circularity_count_iqr,-0.028138546538878546,0.23821416231006495,True,True,image appearance,new_shape
geometry_l2,known_oof,kbdh4tri,Batch_3,Batch_2,18,0.3917084267965393,1.191366427294041,linear_decision_margin,fft_slope,0.021266951335814716,-0.7276192159382242,True,True,image appearance,raw_BSE_anchors
geometry_l2,known_oof,kbdh4tri,Batch_3,Batch_2,19,0.3917084267965393,1.191366427294041,linear_decision_margin,pore_d50,-0.020375324711395363,-0.11304629032006243,False,True,phase-mask-dependent,existing_pore
geometry_l2,known_oof,kbdh4tri,Batch_3,Batch_2,20,0.3917084267965393,1.191366427294041,linear_decision_margin,bright_aspect_count_iqr,-0.01584059961373033,0.2965658117821167,True,True,image appearance,new_shape
geometry_l2,known_oof,kbdh4tri,Batch_3,Batch_2,21,0.3917084267965393,1.191366427294041,linear_decision_margin,inlens_grad_energy,-0.015775036352533668,0.1077280600496951,False,True,phase-mask-dependent,joint_appearance
geometry_l2,known_oof,kbdh4tri,Batch_3,Batch_2,22,0.3917084267965393,1.191366427294041,linear_decision_margin,crack_g_0.05,-0.009921040068397561,0.20536164110472693,False,True,phase-mask-dependent,joint_appearance
geometry_l2,known_oof,kbdh4tri,Batch_3,Batch_2,23,0.3917084267965393,1.191366427294041,linear_decision_margin,bright_frac,-0.009904532630744815,-0.17366650018040458,True,True,phase-mask-dependent,existing_bright
geometry_l2,known_oof,kbdh4tri,Batch_3,Batch_2,24,0.3917084267965393,1.191366427294041,linear_decision_margin,etd_crack_density_graphite,-0.007916803862292498,-0.13143298504115952,False,True,phase-mask-dependent,joint_appearance
geometry_l2,known_oof,kbdh4tri,Batch_3,Batch_2,25,0.3917084267965393,1.191366427294041,linear_decision_margin,inlens_speckled_particle_frac,0.00729797589396186,-0.9043583903715952,True,True,phase-mask-dependent,particle_texture
geometry_l2,known_oof,kbdh4tri,Batch_3,Batch_2,26,0.3917084267965393,1.191366427294041,linear_decision_margin,bright_solidity,-0.006990746423919821,-0.14774586193543088,True,True,phase-mask-dependent,existing_bright
geometry_l2,known_oof,kbdh4tri,Batch_3,Batch_2,27,0.3917084267965393,1.191366427294041,linear_decision_margin,crack_g_0.2,-0.006266869925257015,-0.053189429060936357,False,True,phase-mask-dependent,joint_appearance
geometry_l2,known_oof,kbdh4tri,Batch_3,Batch_2,28,0.3917084267965393,1.191366427294041,linear_decision_margin,void_local_width_d90_px,-0.005048217806815827,-0.11131060109511245,False,True,image appearance,new_width
geometry_l2,known_oof,kbdh4tri,Batch_3,Batch_2,29,0.3917084267965393,1.191366427294041,linear_decision_margin,pore_elong,0.0033018904188385867,0.037119914585347566,False,True,phase-mask-dependent,existing_pore
geometry_l2,known_oof,kbdh4tri,Batch_3,Batch_2,30,0.3917084267965393,1.191366427294041,linear_decision_margin,void_local_width_d50_px,0.0032050058384791597,-0.022495340077653487,False,True,image appearance,new_width
geometry_l2,known_oof,kbdh4tri,Batch_3,Batch_2,31,0.3917084267965393,1.191366427294041,linear_decision_margin,bright_d10,-0.002834804931582965,-1.5651544588446036,True,True,phase-mask-dependent,existing_bright
geometry_l2,known_oof,kbdh4tri,Batch_3,Batch_2,32,0.3917084267965393,1.191366427294041,linear_decision_margin,crack_count_per_Mpx,-0.0023246294829170934,-0.024237795730777726,False,True,phase-mask-dependent,existing_pore
geometry_l2,known_oof,kbdh4tri,Batch_3,Batch_2,33,0.3917084267965393,1.191366427294041,linear_decision_margin,ridge_p97,-0.002084174222629374,-0.11392331955567864,False,True,phase-mask-dependent,joint_appearance
geometry_l2,known_oof,kbdh4tri,Batch_3,Batch_2,34,0.3917084267965393,1.191366427294041,linear_decision_margin,crack_g_0.3,-0.0011187103534076918,-0.009725831195308619,False,True,phase-mask-dependent,joint_appearance
geometry_l2,known_oof,kbdh4tri,Batch_3,Batch_2,35,0.3917084267965393,1.191366427294041,linear_decision_margin,crack_g_0.1,-0.0007605305012439885,-0.05192663295001895,False,True,phase-mask-dependent,joint_appearance
geometry_l2,known_oof,kbdh4tri,Batch_3,Batch_2,36,0.3917084267965393,1.191366427294041,linear_decision_margin,pore_frac,-0.0006113891917833298,-0.0015971949442644471,False,True,phase-mask-dependent,existing_pore
geometry_l2,known_oof,kbdh4tri,Batch_3,Batch_2,37,0.3917084267965393,1.191366427294041,linear_decision_margin,bright_pore_crosscorr_xy_contrast_256px,0.00034132433418352536,0.016295867211634407,False,True,image appearance,new_crossphase
geometry_l2,known_oof,ptg8lmto,Batch_3,Batch_2,1,0.4123464847301217,0.2604730271385747,linear_decision_margin,graph_edge_length_iqr_ratio,0.7937928293100709,2.0977432961614206,True,True,image appearance,new_spacing
geometry_l2,known_oof,ptg8lmto,Batch_3,Batch_2,2,0.4123464847301217,0.2604730271385747,linear_decision_margin,inlens_particle_texture_p90,-0.4404902128184715,1.7395392927959252,True,True,phase-mask-dependent,particle_texture
geometry_l2,known_oof,ptg8lmto,Batch_3,Batch_2,3,0.4123464847301217,0.2604730271385747,linear_decision_margin,crack_g_0.2,0.24849855830183745,2.3247613985360447,True,True,phase-mask-dependent,joint_appearance
geometry_l2,known_oof,ptg8lmto,Batch_3,Batch_2,4,0.4123464847301217,0.2604730271385747,linear_decision_margin,crack_g_0.3,0.24235041039190044,3.0509231892782536,True,True,phase-mask-dependent,joint_appearance
geometry_l2,known_oof,ptg8lmto,Batch_3,Batch_2,5,0.4123464847301217,0.2604730271385747,linear_decision_margin,pore_frac,-0.22291547606306503,-0.5839790105476047,True,True,phase-mask-dependent,existing_pore
geometry_l2,known_oof,ptg8lmto,Batch_3,Batch_2,6,0.4123464847301217,0.2604730271385747,linear_decision_margin,pore_d50,-0.1928127030821651,-1.015272080977532,True,True,phase-mask-dependent,existing_pore
geometry_l2,known_oof,ptg8lmto,Batch_3,Batch_2,7,0.4123464847301217,0.2604730271385747,linear_decision_margin,corr_len_px,-0.17902653728883275,-0.8050055431119826,True,True,image appearance,raw_BSE_anchors
geometry_l2,known_oof,ptg8lmto,Batch_3,Batch_2,8,0.4123464847301217,0.2604730271385747,linear_decision_margin,fft_slope,-0.14431080355273973,1.8863031445334946,True,True,image appearance,raw_BSE_anchors
geometry_l2,known_oof,ptg8lmto,Batch_3,Batch_2,9,0.4123464847301217,0.2604730271385747,linear_decision_margin,ridge_p97,-0.13752306142632587,3.838499675621102,True,True,phase-mask-dependent,joint_appearance
geometry_l2,known_oof,ptg8lmto,Batch_3,Batch_2,10,0.4123464847301217,0.2604730271385747,linear_decision_margin,bright_circ,-0.1286356748720001,-0.9648805361323726,True,True,phase-mask-dependent,existing_bright
geometry_l2,known_oof,ptg8lmto,Batch_3,Batch_2,11,0.4123464847301217,0.2604730271385747,linear_decision_margin,void_local_width_d50_px,0.1246346243675174,-0.8811099139668612,True,True,image appearance,new_width
geometry_l2,known_oof,ptg8lmto,Batch_3,Batch_2,12,0.4123464847301217,0.2604730271385747,linear_decision_margin,inlens_grad_energy,0.12418569052696794,-1.020330338731797,True,True,phase-mask-dependent,joint_appearance
geometry_l2,known_oof,ptg8lmto,Batch_3,Batch_2,13,0.4123464847301217,0.2604730271385747,linear_decision_margin,inlens_particle_texture,0.11189958307740444,-0.33721590385696393,True,True,phase-mask-dependent,particle_texture
geometry_l2,known_oof,ptg8lmto,Batch_3,Batch_2,14,0.4123464847301217,0.2604730271385747,linear_decision_margin,pore_count_per_Mpx,-0.10368696287193113,-0.2478056566582882,True,True,phase-mask-dependent,existing_pore
geometry_l2,known_oof,ptg8lmto,Batch_3,Batch_2,15,0.4123464847301217,0.2604730271385747,linear_decision_margin,pore_max_d,-0.09867007001149315,-0.3975758548665565,True,True,phase-mask-dependent,existing_pore
geometry_l2,known_oof,ptg8lmto,Batch_3,Batch_2,16,0.4123464847301217,0.2604730271385747,linear_decision_margin,bright_circularity_count_iqr,-0.09825533571967768,0.7348585318933464,True,True,image appearance,new_shape
geometry_l2,known_oof,ptg8lmto,Batch_3,Batch_2,17,0.4123464847301217,0.2604730271385747,linear_decision_margin,crack_g_0.05,-0.09295878063175164,1.499573255164289,True,True,phase-mask-dependent,joint_appearance
geometry_l2,known_oof,ptg8lmto,Batch_3,Batch_2,18,0.4123464847301217,0.2604730271385747,linear_decision_margin,void_local_width_d90_px,-0.0880748670456725,-1.3811781165767922,True,True,image appearance,new_width
geometry_l2,known_oof,ptg8lmto,Batch_3,Batch_2,19,0.4123464847301217,0.2604730271385747,linear_decision_margin,pore_elong,0.08771341926018687,1.328294748411705,True,True,phase-mask-dependent,existing_pore
geometry_l2,known_oof,ptg8lmto,Batch_3,Batch_2,20,0.4123464847301217,0.2604730271385747,linear_decision_margin,crack_frac,-0.07999100968071284,-0.42134357182768156,True,True,phase-mask-dependent,existing_pore
geometry_l2,known_oof,ptg8lmto,Batch_3,Batch_2,21,0.4123464847301217,0.2604730271385747,linear_decision_margin,bright_d90,0.07705814528166402,1.3737099622464923,True,True,phase-mask-dependent,existing_bright
geometry_l2,known_oof,ptg8lmto,Batch_3,Batch_2,22,0.4123464847301217,0.2604730271385747,linear_decision_margin,etd_crack_density_graphite,0.06417916986597744,3.5931675160499124,True,True,phase-mask-dependent,joint_appearance
geometry_l2,known_oof,ptg8lmto,Batch_3,Batch_2,23,0.4123464847301217,0.2604730271385747,linear_decision_margin,etd_crack_density_particles,0.06260745618359302,1.0418667248300146,True,True,phase-mask-dependent,joint_appearance
geometry_l2,known_oof,ptg8lmto,Batch_3,Batch_2,24,0.4123464847301217,0.2604730271385747,linear_decision_margin,inlens_speckled_particle_frac,-0.058607112223575286,1.3154509276453474,True,True,phase-mask-dependent,particle_texture
geometry_l2,known_oof,ptg8lmto,Batch_3,Batch_2,25,0.4123464847301217,0.2604730271385747,linear_decision_margin,bright_d50,0.05014526192241089,-0.9046427783834997,True,True,phase-mask-dependent,existing_bright
geometry_l2,known_oof,ptg8lmto,Batch_3,Batch_2,26,0.4123464847301217,0.2604730271385747,linear_decision_margin,bright_frac,-0.04888603174192629,-0.6525006741895917,True,True,phase-mask-dependent,existing_bright
geometry_l2,known_oof,ptg8lmto,Batch_3,Batch_2,27,0.4123464847301217,0.2604730271385747,linear_decision_margin,pore_d90,-0.047042302069708164,-0.3110689309887095,True,True,phase-mask-dependent,existing_pore
geometry_l2,known_oof,ptg8lmto,Batch_3,Batch_2,28,0.4123464847301217,0.2604730271385747,linear_decision_margin,bright_solidity_count_q10,0.0461697846148016,0.996032418989539,True,True,image appearance,new_shape
geometry_l2,known_oof,ptg8lmto,Batch_3,Batch_2,29,0.4123464847301217,0.2604730271385747,linear_decision_margin,bright_max_d,0.02610120604281726,0.5931986204303219,True,True,phase-mask-dependent,existing_bright
geometry_l2,known_oof,ptg8lmto,Batch_3,Batch_2,30,0.4123464847301217,0.2604730271385747,linear_decision_margin,local_bright_std_512px,-0.02150482765507093,0.9195627004400829,True,True,image appearance,new_dispersion
geometry_l2,known_oof,ptg8lmto,Batch_3,Batch_2,31,0.4123464847301217,0.2604730271385747,linear_decision_margin,bright_d10,-0.020030546614719952,-1.0502463649792286,True,True,phase-mask-dependent,existing_bright
geometry_l2,known_oof,ptg8lmto,Batch_3,Batch_2,32,0.4123464847301217,0.2604730271385747,linear_decision_margin,crack_count_per_Mpx,0.015686707707177453,0.24921842192484056,True,True,phase-mask-dependent,existing_pore
geometry_l2,known_oof,ptg8lmto,Batch_3,Batch_2,33,0.4123464847301217,0.2604730271385747,linear_decision_margin,bright_pore_crosscorr_xy_contrast_256px,-0.0112157941128116,-0.4234692351547854,True,True,image appearance,new_crossphase
geometry_l2,known_oof,ptg8lmto,Batch_3,Batch_2,34,0.4123464847301217,0.2604730271385747,linear_decision_margin,bright_count_per_Mpx,-0.010121558177704323,-0.16013872675882007,True,True,phase-mask-dependent,existing_bright
geometry_l2,known_oof,ptg8lmto,Batch_3,Batch_2,35,0.4123464847301217,0.2604730271385747,linear_decision_margin,bright_aspect_count_iqr,-0.004543557844372682,0.08930380451777371,True,True,image appearance,new_shape
geometry_l2,known_oof,ptg8lmto,Batch_3,Batch_2,36,0.4123464847301217,0.2604730271385747,linear_decision_margin,crack_g_0.1,0.002087864296140724,1.7029137008854756,True,True,phase-mask-dependent,joint_appearance
geometry_l2,known_oof,ptg8lmto,Batch_3,Batch_2,37,0.4123464847301217,0.2604730271385747,linear_decision_margin,bright_solidity,0.00031905676271327385,0.0064689190677398355,True,True,phase-mask-dependent,existing_bright
geometry_l2,known_oof,fzrt2k6r,Batch_2,Batch_3,1,-0.40941451826619124,0.4327314728176818,linear_decision_margin,inlens_particle_texture,0.4698202574954475,1.3437808495811374,True,True,phase-mask-dependent,particle_texture
geometry_l2,known_oof,fzrt2k6r,Batch_2,Batch_3,2,-0.40941451826619124,0.4327314728176818,linear_decision_margin,inlens_particle_texture_p90,0.25885279672149697,1.2359811864374834,True,True,phase-mask-dependent,particle_texture
geometry_l2,known_oof,fzrt2k6r,Batch_2,Batch_3,3,-0.40941451826619124,0.4327314728176818,linear_decision_margin,inlens_grad_energy,0.2436961873180138,1.6226988408863436,True,True,phase-mask-dependent,joint_appearance
geometry_l2,known_oof,fzrt2k6r,Batch_2,Batch_3,4,-0.40941451826619124,0.4327314728176818,linear_decision_margin,bright_circ,0.18330228473779542,-1.5446011593688789,True,True,phase-mask-dependent,existing_bright
geometry_l2,known_oof,fzrt2k6r,Batch_2,Batch_3,5,-0.40941451826619124,0.4327314728176818,linear_decision_margin,graph_edge_length_iqr_ratio,0.16499217804350605,-0.40099510902968144,True,True,image appearance,new_spacing
geometry_l2,known_oof,fzrt2k6r,Batch_2,Batch_3,6,-0.40941451826619124,0.4327314728176818,linear_decision_margin,corr_len_px,-0.14031451357574118,0.7151022790845143,True,True,image appearance,raw_BSE_anchors
geometry_l2,known_oof,fzrt2k6r,Batch_2,Batch_3,7,-0.40941451826619124,0.4327314728176818,linear_decision_margin,pore_count_per_Mpx,-0.08924501251230256,0.2321512818347759,True,True,phase-mask-dependent,existing_pore
geometry_l2,known_oof,fzrt2k6r,Batch_2,Batch_3,8,-0.40941451826619124,0.4327314728176818,linear_decision_margin,pore_frac,-0.08804699934241668,0.25067884563814863,True,True,phase-mask-dependent,existing_pore
geometry_l2,known_oof,fzrt2k6r,Batch_2,Batch_3,9,-0.40941451826619124,0.4327314728176818,linear_decision_margin,etd_crack_density_particles,-0.07635248453622794,0.8761237431451911,True,True,phase-mask-dependent,joint_appearance
geometry_l2,known_oof,fzrt2k6r,Batch_2,Batch_3,10,-0.40941451826619124,0.4327314728176818,linear_decision_margin,bright_d90,0.07005562771014633,-0.8432474721425919,True,True,phase-mask-dependent,existing_bright
geometry_l2,known_oof,fzrt2k6r,Batch_2,Batch_3,11,-0.40941451826619124,0.4327314728176818,linear_decision_margin,bright_circularity_count_iqr,0.06438960234115547,0.5417399601524949,True,True,image appearance,new_shape
geometry_l2,known_oof,fzrt2k6r,Batch_2,Batch_3,12,-0.40941451826619124,0.4327314728176818,linear_decision_margin,bright_max_d,-0.0626666153903205,1.8991495784139756,True,True,phase-mask-dependent,existing_bright
geometry_l2,known_oof,fzrt2k6r,Batch_2,Batch_3,13,-0.40941451826619124,0.4327314728176818,linear_decision_margin,bright_frac,-0.04523038559572682,0.6201967586562841,True,True,phase-mask-dependent,existing_bright
geometry_l2,known_oof,fzrt2k6r,Batch_2,Batch_3,14,-0.40941451826619124,0.4327314728176818,linear_decision_margin,pore_elong,-0.04159675621621318,0.4538375732229383,True,True,phase-mask-dependent,existing_pore
geometry_l2,known_oof,fzrt2k6r,Batch_2,Batch_3,15,-0.40941451826619124,0.4327314728176818,linear_decision_margin,pore_d50,-0.03720588521466332,0.22720626463329702,True,True,phase-mask-dependent,existing_pore
geometry_l2,known_oof,fzrt2k6r,Batch_2,Batch_3,16,-0.40941451826619124,0.4327314728176818,linear_decision_margin,bright_d50,0.029416672322656177,0.40769339424046025,True,True,phase-mask-dependent,existing_bright
geometry_l2,known_oof,fzrt2k6r,Batch_2,Batch_3,17,-0.40941451826619124,0.4327314728176818,linear_decision_margin,inlens_speckled_particle_frac,0.028217110679265807,1.4385341172700705,True,True,phase-mask-dependent,particle_texture
geometry_l2,known_oof,fzrt2k6r,Batch_2,Batch_3,18,-0.40941451826619124,0.4327314728176818,linear_decision_margin,crack_g_0.2,-0.02780557092947119,0.25047354811200634,True,True,phase-mask-dependent,joint_appearance
geometry_l2,known_oof,fzrt2k6r,Batch_2,Batch_3,19,-0.40941451826619124,0.4327314728176818,linear_decision_margin,pore_d90,-0.02367227816462958,0.18458861555769115,True,True,phase-mask-dependent,existing_pore
geometry_l2,known_oof,fzrt2k6r,Batch_2,Batch_3,20,-0.40941451826619124,0.4327314728176818,linear_decision_margin,crack_g_0.05,0.02156302977186607,0.6084576478701383,True,True,phase-mask-dependent,joint_appearance
geometry_l2,known_oof,fzrt2k6r,Batch_2,Batch_3,21,-0.40941451826619124,0.4327314728176818,linear_decision_margin,crack_frac,-0.019394097376100487,0.106005855368305,True,True,phase-mask-dependent,existing_pore
geometry_l2,known_oof,fzrt2k6r,Batch_2,Batch_3,22,-0.40941451826619124,0.4327314728176818,linear_decision_margin,bright_count_per_Mpx,-0.017157660493522145,0.20826441037289214,True,True,phase-mask-dependent,existing_bright
geometry_l2,known_oof,fzrt2k6r,Batch_2,Batch_3,23,-0.40941451826619124,0.4327314728176818,linear_decision_margin,pore_max_d,-0.01563299174855188,0.06940038293346196,True,True,phase-mask-dependent,existing_pore
geometry_l2,known_oof,fzrt2k6r,Batch_2,Batch_3,24,-0.40941451826619124,0.4327314728176818,linear_decision_margin,fft_slope,-0.015559186478523354,-0.386323216369367,True,True,image appearance,raw_BSE_anchors
geometry_l2,known_oof,fzrt2k6r,Batch_2,Batch_3,25,-0.40941451826619124,0.4327314728176818,linear_decision_margin,crack_count_per_Mpx,0.010714506059252626,-0.11829269983516813,True,True,phase-mask-dependent,existing_pore
geometry_l2,known_oof,fzrt2k6r,Batch_2,Batch_3,26,-0.40941451826619124,0.4327314728176818,linear_decision_margin,bright_pore_crosscorr_xy_contrast_256px,-0.007867138538718099,0.5305497794112413,True,True,image appearance,new_crossphase
geometry_l2,known_oof,fzrt2k6r,Batch_2,Batch_3,27,-0.40941451826619124,0.4327314728176818,linear_decision_margin,etd_crack_density_graphite,0.0076984607478858555,-0.12700024243757377,True,True,phase-mask-dependent,joint_appearance
geometry_l2,known_oof,fzrt2k6r,Batch_2,Batch_3,28,-0.40941451826619124,0.4327314728176818,linear_decision_margin,bright_solidity_count_q10,0.006877906338696506,-0.15790551974909076,True,True,image appearance,new_shape
geometry_l2,known_oof,fzrt2k6r,Batch_2,Batch_3,29,-0.40941451826619124,0.4327314728176818,linear_decision_margin,void_local_width_d90_px,-0.006730770036248856,0.40514796005935017,True,True,image appearance,new_width
geometry_l2,known_oof,fzrt2k6r,Batch_2,Batch_3,30,-0.40941451826619124,0.4327314728176818,linear_decision_margin,bright_solidity,-0.006269062794211557,0.13729862453421568,True,True,phase-mask-dependent,existing_bright
geometry_l2,known_oof,fzrt2k6r,Batch_2,Batch_3,31,-0.40941451826619124,0.4327314728176818,linear_decision_margin,bright_aspect_count_iqr,0.005091292512832331,0.16361170207813672,True,True,image appearance,new_shape
geometry_l2,known_oof,fzrt2k6r,Batch_2,Batch_3,32,-0.40941451826619124,0.4327314728176818,linear_decision_margin,void_local_width_d50_px,-0.0031864532558939633,-0.022495340077653487,True,True,image appearance,new_width
geometry_l2,known_oof,fzrt2k6r,Batch_2,Batch_3,33,-0.40941451826619124,0.4327314728176818,linear_decision_margin,bright_d10,0.002988007193370465,0.2130393162534692,True,True,phase-mask-dependent,existing_bright
geometry_l2,known_oof,fzrt2k6r,Batch_2,Batch_3,34,-0.40941451826619124,0.4327314728176818,linear_decision_margin,crack_g_0.1,-0.002937909767242824,0.6890894866470401,True,True,phase-mask-dependent,joint_appearance
geometry_l2,known_oof,fzrt2k6r,Batch_2,Batch_3,35,-0.40941451826619124,0.4327314728176818,linear_decision_margin,local_bright_std_512px,0.0018144398067838664,-0.2187669709327798,True,True,image appearance,new_dispersion
geometry_l2,known_oof,fzrt2k6r,Batch_2,Batch_3,36,-0.40941451826619124,0.4327314728176818,linear_decision_margin,crack_g_0.3,-0.001047593297892423,0.010132039868201267,True,True,phase-mask-dependent,joint_appearance
geometry_l2,known_oof,fzrt2k6r,Batch_2,Batch_3,37,-0.40941451826619124,0.4327314728176818,linear_decision_margin,ridge_p97,0.0005749965483203787,-0.035588839378702185,True,True,phase-mask-dependent,joint_appearance
geometry_l2,known_oof,mgxahqnk,Batch_3,Batch_2,1,0.3970182963905124,0.26164551046114526,linear_decision_margin,graph_edge_length_iqr_ratio,-0.5485119565095666,-1.323016478813018,True,True,image appearance,new_spacing
geometry_l2,known_oof,mgxahqnk,Batch_3,Batch_2,2,0.3970182963905124,0.26164551046114526,linear_decision_margin,inlens_particle_texture,0.40674054959141753,-1.2323579487778624,True,True,phase-mask-dependent,particle_texture
geometry_l2,known_oof,mgxahqnk,Batch_3,Batch_2,3,0.3970182963905124,0.26164551046114526,linear_decision_margin,bright_d50,-0.3494921103418673,2.7934240368291325,True,True,phase-mask-dependent,existing_bright
geometry_l2,known_oof,mgxahqnk,Batch_3,Batch_2,4,0.3970182963905124,0.26164551046114526,linear_decision_margin,inlens_particle_texture_p90,0.307364638721795,-1.663054147254198,True,True,phase-mask-dependent,particle_texture
geometry_l2,known_oof,mgxahqnk,Batch_3,Batch_2,5,0.3970182963905124,0.26164551046114526,linear_decision_margin,bright_circularity_count_iqr,0.29195310277064873,-2.9312860266036127,True,True,image appearance,new_shape
geometry_l2,known_oof,mgxahqnk,Batch_3,Batch_2,6,0.3970182963905124,0.26164551046114526,linear_decision_margin,void_local_width_d50_px,-0.23197360732988245,1.293203232846699,True,True,image appearance,new_width
geometry_l2,known_oof,mgxahqnk,Batch_3,Batch_2,7,0.3970182963905124,0.26164551046114526,linear_decision_margin,corr_len_px,0.20229942135749315,1.0275395678278163,True,True,image appearance,raw_BSE_anchors
geometry_l2,known_oof,mgxahqnk,Batch_3,Batch_2,8,0.3970182963905124,0.26164551046114526,linear_decision_margin,inlens_grad_energy,0.1674989066380448,-1.3867700665780163,True,True,phase-mask-dependent,joint_appearance
geometry_l2,known_oof,mgxahqnk,Batch_3,Batch_2,9,0.3970182963905124,0.26164551046114526,linear_decision_margin,local_bright_std_512px,-0.1353197393642567,3.5005845786649674,True,True,image appearance,new_dispersion
geometry_l2,known_oof,mgxahqnk,Batch_3,Batch_2,10,0.3970182963905124,0.26164551046114526,linear_decision_margin,bright_count_per_Mpx,-0.11348284514988943,-1.3435122591172213,True,True,phase-mask-dependent,existing_bright
geometry_l2,known_oof,mgxahqnk,Batch_3,Batch_2,11,0.3970182963905124,0.26164551046114526,linear_decision_margin,etd_crack_density_particles,-0.10301805343597473,-1.0164247841303793,True,True,phase-mask-dependent,joint_appearance
geometry_l2,known_oof,mgxahqnk,Batch_3,Batch_2,12,0.3970182963905124,0.26164551046114526,linear_decision_margin,pore_frac,0.09381826746878309,0.265620158429984,True,True,phase-mask-dependent,existing_pore
geometry_l2,known_oof,mgxahqnk,Batch_3,Batch_2,13,0.3970182963905124,0.26164551046114526,linear_decision_margin,pore_d90,-0.0891376483821764,-0.5421326513037896,True,True,phase-mask-dependent,existing_pore
geometry_l2,known_oof,mgxahqnk,Batch_3,Batch_2,14,0.3970182963905124,0.26164551046114526,linear_decision_margin,bright_circ,0.08545406434579769,0.8409786854050691,True,True,phase-mask-dependent,existing_bright
geometry_l2,known_oof,mgxahqnk,Batch_3,Batch_2,15,0.3970182963905124,0.26164551046114526,linear_decision_margin,bright_frac,0.07058773469112538,1.103333225173935,True,True,phase-mask-dependent,existing_bright
geometry_l2,known_oof,mgxahqnk,Batch_3,Batch_2,16,0.3970182963905124,0.26164551046114526,linear_decision_margin,pore_max_d,-0.06875962001883253,-0.281578050754364,True,True,phase-mask-dependent,existing_pore
geometry_l2,known_oof,mgxahqnk,Batch_3,Batch_2,17,0.3970182963905124,0.26164551046114526,linear_decision_margin,bright_d90,0.06741875071203654,3.562846168066833,True,True,phase-mask-dependent,existing_bright
geometry_l2,known_oof,mgxahqnk,Batch_3,Batch_2,18,0.3970182963905124,0.26164551046114526,linear_decision_margin,crack_frac,-0.06581277211159757,-0.32003891642517285,True,True,phase-mask-dependent,existing_pore
geometry_l2,known_oof,mgxahqnk,Batch_3,Batch_2,19,0.3970182963905124,0.26164551046114526,linear_decision_margin,bright_d10,-0.06579624075186255,2.148936104910293,True,True,phase-mask-dependent,existing_bright
geometry_l2,known_oof,mgxahqnk,Batch_3,Batch_2,20,0.3970182963905124,0.26164551046114526,linear_decision_margin,bright_solidity_count_q10,0.05354991639285635,1.2187147338976483,True,True,image appearance,new_shape
geometry_l2,known_oof,mgxahqnk,Batch_3,Batch_2,21,0.3970182963905124,0.26164551046114526,linear_decision_margin,etd_crack_density_graphite,-0.0523195041510507,-0.6044283584431622,True,True,phase-mask-dependent,joint_appearance
geometry_l2,known_oof,mgxahqnk,Batch_3,Batch_2,22,0.3970182963905124,0.26164551046114526,linear_decision_margin,crack_g_0.3,-0.04524681158184402,-0.32881438251369205,True,True,phase-mask-dependent,joint_appearance
geometry_l2,known_oof,mgxahqnk,Batch_3,Batch_2,23,0.3970182963905124,0.26164551046114526,linear_decision_margin,pore_count_per_Mpx,0.038553861433142114,0.10248737833400143,True,True,phase-mask-dependent,existing_pore
geometry_l2,known_oof,mgxahqnk,Batch_3,Batch_2,24,0.3970182963905124,0.26164551046114526,linear_decision_margin,ridge_p97,-0.038422229667302764,-0.7958794480606034,True,True,phase-mask-dependent,joint_appearance
geometry_l2,known_oof,mgxahqnk,Batch_3,Batch_2,25,0.3970182963905124,0.26164551046114526,linear_decision_margin,bright_solidity,0.03576743779164713,1.666665561455197,True,True,phase-mask-dependent,existing_bright
geometry_l2,known_oof,mgxahqnk,Batch_3,Batch_2,26,0.3970182963905124,0.26164551046114526,linear_decision_margin,pore_elong,-0.03252134742852183,-0.28206401018005234,True,True,phase-mask-dependent,existing_pore
geometry_l2,known_oof,mgxahqnk,Batch_3,Batch_2,27,0.3970182963905124,0.26164551046114526,linear_decision_margin,pore_d50,-0.03159706549260353,-0.16901374802503422,True,True,phase-mask-dependent,existing_pore
geometry_l2,known_oof,mgxahqnk,Batch_3,Batch_2,28,0.3970182963905124,0.26164551046114526,linear_decision_margin,fft_slope,0.024235289765491753,-0.7102509624333163,True,True,image appearance,raw_BSE_anchors
geometry_l2,known_oof,mgxahqnk,Batch_3,Batch_2,29,0.3970182963905124,0.26164551046114526,linear_decision_margin,crack_g_0.05,-0.021269842607758258,0.36740658472963317,True,True,phase-mask-dependent,joint_appearance
geometry_l2,known_oof,mgxahqnk,Batch_3,Batch_2,30,0.3970182963905124,0.26164551046114526,linear_decision_margin,inlens_speckled_particle_frac,0.01898603783580028,-0.9043583903715952,True,True,phase-mask-dependent,particle_texture
geometry_l2,known_oof,mgxahqnk,Batch_3,Batch_2,31,0.3970182963905124,0.26164551046114526,linear_decision_margin,crack_count_per_Mpx,0.014170280065208119,0.16755546125597306,True,True,phase-mask-dependent,existing_pore
geometry_l2,known_oof,mgxahqnk,Batch_3,Batch_2,32,0.3970182963905124,0.26164551046114526,linear_decision_margin,bright_max_d,-0.012187822277752109,2.6278211121392565,True,True,phase-mask-dependent,existing_bright
geometry_l2,known_oof,mgxahqnk,Batch_3,Batch_2,33,0.3970182963905124,0.26164551046114526,linear_decision_margin,crack_g_0.2,-0.006515791034472741,-0.05090532737104656,True,True,phase-mask-dependent,joint_appearance
geometry_l2,known_oof,mgxahqnk,Batch_3,Batch_2,34,0.3970182963905124,0.26164551046114526,linear_decision_margin,void_local_width_d90_px,-0.006016509693848431,-0.11703598767013426,True,True,image appearance,new_width
geometry_l2,known_oof,mgxahqnk,Batch_3,Batch_2,35,0.3970182963905124,0.26164551046114526,linear_decision_margin,bright_aspect_count_iqr,0.0029567652964368435,-0.07139765668075186,True,True,image appearance,new_shape
geometry_l2,known_oof,mgxahqnk,Batch_3,Batch_2,36,0.3970182963905124,0.26164551046114526,linear_decision_margin,crack_g_0.1,0.0011855601286491087,0.19287543936043308,True,True,phase-mask-dependent,joint_appearance
geometry_l2,known_oof,mgxahqnk,Batch_3,Batch_2,37,0.3970182963905124,0.26164551046114526,linear_decision_margin,bright_pore_crosscorr_xy_contrast_256px,-0.0005118536046800085,-0.024589825432411994,True,True,image appearance,new_crossphase
geometry_l2,known_oof,tuy3zymq,Batch_2,Batch_3,1,-0.4005840535088664,0.03604325520398438,linear_decision_margin,corr_len_px,0.4649239280856866,-1.7856213257576532,True,True,image appearance,raw_BSE_anchors
geometry_l2,known_oof,tuy3zymq,Batch_2,Batch_3,2,-0.4005840535088664,0.03604325520398438,linear_decision_margin,inlens_particle_texture,-0.4115974474658333,-1.3271959417009087,True,True,phase-mask-dependent,particle_texture
geometry_l2,known_oof,tuy3zymq,Batch_2,Batch_3,3,-0.4005840535088664,0.03604325520398438,linear_decision_margin,graph_edge_length_iqr_ratio,-0.30147059638814055,0.7262758404012629,True,True,image appearance,new_spacing
geometry_l2,known_oof,tuy3zymq,Batch_2,Batch_3,4,-0.4005840535088664,0.03604325520398438,linear_decision_margin,inlens_particle_texture_p90,-0.16246132392230972,-0.9736043390012924,True,True,phase-mask-dependent,particle_texture
geometry_l2,known_oof,tuy3zymq,Batch_2,Batch_3,5,-0.4005840535088664,0.03604325520398438,linear_decision_margin,bright_circ,0.13478495988032868,-1.0005858121481017,True,True,phase-mask-dependent,existing_bright
geometry_l2,known_oof,tuy3zymq,Batch_2,Batch_3,6,-0.4005840535088664,0.03604325520398438,linear_decision_margin,bright_frac,0.13337421002862393,-1.3192819920098118,True,True,phase-mask-dependent,existing_bright
geometry_l2,known_oof,tuy3zymq,Batch_2,Batch_3,7,-0.4005840535088664,0.03604325520398438,linear_decision_margin,bright_circularity_count_iqr,0.13178068692612743,0.9856273008175145,True,True,image appearance,new_shape
geometry_l2,known_oof,tuy3zymq,Batch_2,Batch_3,8,-0.4005840535088664,0.03604325520398438,linear_decision_margin,bright_solidity_count_q10,0.0869506779791712,-1.0489700314873427,True,True,image appearance,new_shape
geometry_l2,known_oof,tuy3zymq,Batch_2,Batch_3,9,-0.4005840535088664,0.03604325520398438,linear_decision_margin,local_bright_std_512px,0.08555901664312171,-1.680967362676746,True,True,image appearance,new_dispersion
geometry_l2,known_oof,tuy3zymq,Batch_2,Batch_3,10,-0.4005840535088664,0.03604325520398438,linear_decision_margin,bright_solidity,0.08215869300552324,-1.1202391769599496,True,True,phase-mask-dependent,existing_bright
geometry_l2,known_oof,tuy3zymq,Batch_2,Batch_3,11,-0.4005840535088664,0.03604325520398438,linear_decision_margin,bright_d50,-0.06433076374521704,-1.0739078443529362,True,True,phase-mask-dependent,existing_bright
geometry_l2,known_oof,tuy3zymq,Batch_2,Batch_3,12,-0.4005840535088664,0.03604325520398438,linear_decision_margin,pore_max_d,0.06415469961955368,-0.27995642045120794,False,True,phase-mask-dependent,existing_pore
geometry_l2,known_oof,tuy3zymq,Batch_2,Batch_3,13,-0.4005840535088664,0.03604325520398438,linear_decision_margin,bright_d90,0.05705428582292816,-0.7050945266262021,True,True,phase-mask-dependent,existing_bright
geometry_l2,known_oof,tuy3zymq,Batch_2,Batch_3,14,-0.4005840535088664,0.03604325520398438,linear_decision_margin,bright_count_per_Mpx,-0.03771876823728998,1.7537191963033154,True,True,phase-mask-dependent,existing_bright
geometry_l2,known_oof,tuy3zymq,Batch_2,Batch_3,15,-0.4005840535088664,0.03604325520398438,linear_decision_margin,pore_count_per_Mpx,-0.034988844833138834,0.08867240084308725,False,True,phase-mask-dependent,existing_pore
geometry_l2,known_oof,tuy3zymq,Batch_2,Batch_3,16,-0.4005840535088664,0.03604325520398438,linear_decision_margin,bright_d10,0.03397368877409719,-2.0443399954986665,True,True,phase-mask-dependent,existing_bright
geometry_l2,known_oof,tuy3zymq,Batch_2,Batch_3,17,-0.4005840535088664,0.03604325520398438,linear_decision_margin,pore_d90,0.03082742738522343,-0.21624326552577502,False,True,phase-mask-dependent,existing_pore
geometry_l2,known_oof,tuy3zymq,Batch_2,Batch_3,18,-0.4005840535088664,0.03604325520398438,linear_decision_margin,etd_crack_density_particles,0.02959051407835239,-0.30601653880918833,False,True,phase-mask-dependent,joint_appearance
geometry_l2,known_oof,tuy3zymq,Batch_2,Batch_3,19,-0.4005840535088664,0.03604325520398438,linear_decision_margin,crack_frac,0.029299080083225744,-0.15010898317622556,False,True,phase-mask-dependent,existing_pore
geometry_l2,known_oof,tuy3zymq,Batch_2,Batch_3,20,-0.4005840535088664,0.03604325520398438,linear_decision_margin,bright_max_d,0.027891803813777278,-0.6616111150412362,True,True,phase-mask-dependent,existing_bright
geometry_l2,known_oof,tuy3zymq,Batch_2,Batch_3,21,-0.4005840535088664,0.03604325520398438,linear_decision_margin,pore_d50,0.020426317023228766,-0.11304629032006243,False,True,phase-mask-dependent,existing_pore
geometry_l2,known_oof,tuy3zymq,Batch_2,Batch_3,22,-0.4005840535088664,0.03604325520398438,linear_decision_margin,inlens_grad_energy,0.015582162121517678,0.10772806004969511,False,True,phase-mask-dependent,joint_appearance
geometry_l2,known_oof,tuy3zymq,Batch_2,Batch_3,23,-0.4005840535088664,0.03604325520398438,linear_decision_margin,bright_aspect_count_iqr,-0.012115419108879047,-0.3545430173698214,True,True,image appearance,new_shape
geometry_l2,known_oof,tuy3zymq,Batch_2,Batch_3,24,-0.4005840535088664,0.03604325520398438,linear_decision_margin,crack_g_0.05,0.011553562380958764,0.20536164110472693,False,True,phase-mask-dependent,joint_appearance
geometry_l2,known_oof,tuy3zymq,Batch_2,Batch_3,25,-0.4005840535088664,0.03604325520398438,linear_decision_margin,etd_crack_density_graphite,0.008336600964723462,-0.13143298504115952,False,True,phase-mask-dependent,joint_appearance
geometry_l2,known_oof,tuy3zymq,Batch_2,Batch_3,26,-0.4005840535088664,0.03604325520398438,linear_decision_margin,inlens_speckled_particle_frac,0.006935858522797057,-0.9043583903715952,True,True,phase-mask-dependent,particle_texture
geometry_l2,known_oof,tuy3zymq,Batch_2,Batch_3,27,-0.4005840535088664,0.03604325520398438,linear_decision_margin,crack_g_0.2,0.006170204156490587,-0.05318942906093634,False,True,phase-mask-dependent,joint_appearance
geometry_l2,known_oof,tuy3zymq,Batch_2,Batch_3,28,-0.4005840535088664,0.03604325520398438,linear_decision_margin,fft_slope,-0.0060043087757138585,-0.17482315074313845,True,True,image appearance,raw_BSE_anchors
geometry_l2,known_oof,tuy3zymq,Batch_2,Batch_3,29,-0.4005840535088664,0.03604325520398438,linear_decision_margin,void_local_width_d90_px,0.005655133533076562,-0.11131060109511245,False,True,image appearance,new_width
geometry_l2,known_oof,tuy3zymq,Batch_2,Batch_3,30,-0.4005840535088664,0.03604325520398438,linear_decision_margin,void_local_width_d50_px,-0.003273377980757297,-0.022495340077653487,False,True,image appearance,new_width
geometry_l2,known_oof,tuy3zymq,Batch_2,Batch_3,31,-0.4005840535088664,0.03604325520398438,linear_decision_margin,pore_elong,-0.0031967934794924677,0.037119914585347566,False,True,phase-mask-dependent,existing_pore
geometry_l2,known_oof,tuy3zymq,Batch_2,Batch_3,32,-0.4005840535088664,0.03604325520398438,linear_decision_margin,ridge_p97,0.002463554761546308,-0.11392331955567864,False,True,phase-mask-dependent,joint_appearance
geometry_l2,known_oof,tuy3zymq,Batch_2,Batch_3,33,-0.4005840535088664,0.03604325520398438,linear_decision_margin,crack_count_per_Mpx,0.002450883541802234,-0.024237795730777726,False,True,phase-mask-dependent,existing_pore
geometry_l2,known_oof,tuy3zymq,Batch_2,Batch_3,34,-0.4005840535088664,0.03604325520398438,linear_decision_margin,crack_g_0.3,0.0011224938790281344,-0.009725831195308619,False,True,phase-mask-dependent,joint_appearance
geometry_l2,known_oof,tuy3zymq,Batch_2,Batch_3,35,-0.4005840535088664,0.03604325520398438,linear_decision_margin,pore_frac,0.0005963633700202521,-0.0015971949442644471,False,True,phase-mask-dependent,existing_pore
geometry_l2,known_oof,tuy3zymq,Batch_2,Batch_3,36,-0.4005840535088664,0.03604325520398438,linear_decision_margin,crack_g_0.1,0.00039642523699010874,-0.05192663295001895,False,True,phase-mask-dependent,joint_appearance
geometry_l2,known_oof,tuy3zymq,Batch_2,Batch_3,37,-0.4005840535088664,0.03604325520398438,linear_decision_margin,bright_pore_crosscorr_xy_contrast_256px,-0.0002282789682976654,0.016295867211634407,False,True,image appearance,new_crossphase
geometry_l2,known_oof,r17byphk,Batch_3,Batch_2,1,0.5819339338083744,0.6937705389423147,linear_decision_margin,pore_count_per_Mpx,-0.5144720867952671,-1.3933817139985258,True,True,phase-mask-dependent,existing_pore
geometry_l2,known_oof,r17byphk,Batch_3,Batch_2,2,0.5819339338083744,0.6937705389423147,linear_decision_margin,crack_g_0.05,0.4390573459575003,-2.132405149314472,True,True,phase-mask-dependent,joint_appearance
geometry_l2,known_oof,r17byphk,Batch_3,Batch_2,3,0.5819339338083744,0.6937705389423147,linear_decision_margin,crack_count_per_Mpx,0.28281990139540425,1.3952240458409744,True,True,phase-mask-dependent,existing_pore
geometry_l2,known_oof,r17byphk,Batch_3,Batch_2,4,0.5819339338083744,0.6937705389423147,linear_decision_margin,graph_edge_length_iqr_ratio,0.2421088748981462,0.5443699035826669,True,True,image appearance,new_spacing
geometry_l2,known_oof,r17byphk,Batch_3,Batch_2,5,0.5819339338083744,0.6937705389423147,linear_decision_margin,pore_frac,-0.21235462386934598,-0.666861930326057,True,True,phase-mask-dependent,existing_pore
geometry_l2,known_oof,r17byphk,Batch_3,Batch_2,6,0.5819339338083744,0.6937705389423147,linear_decision_margin,bright_d10,0.16220758535669783,-1.5823926012972045,True,True,phase-mask-dependent,existing_bright
geometry_l2,known_oof,r17byphk,Batch_3,Batch_2,7,0.5819339338083744,0.6937705389423147,linear_decision_margin,pore_max_d,-0.11302573031756258,-0.5393895551369708,True,True,phase-mask-dependent,existing_pore
geometry_l2,known_oof,r17byphk,Batch_3,Batch_2,8,0.5819339338083744,0.6937705389423147,linear_decision_margin,void_local_width_d50_px,-0.08483294569373252,1.293203232846699,True,True,image appearance,new_width
geometry_l2,known_oof,r17byphk,Batch_3,Batch_2,9,0.5819339338083744,0.6937705389423147,linear_decision_margin,inlens_particle_texture_p90,-0.08416344013632497,0.48819526207775615,True,True,phase-mask-dependent,particle_texture
geometry_l2,known_oof,r17byphk,Batch_3,Batch_2,10,0.5819339338083744,0.6937705389423147,linear_decision_margin,bright_frac,0.06879377762488353,-1.5277230545584342,True,True,phase-mask-dependent,existing_bright
geometry_l2,known_oof,r17byphk,Batch_3,Batch_2,11,0.5819339338083744,0.6937705389423147,linear_decision_margin,crack_g_0.2,-0.06777574060477763,-0.5374193804527594,True,True,phase-mask-dependent,joint_appearance
geometry_l2,known_oof,r17byphk,Batch_3,Batch_2,12,0.5819339338083744,0.6937705389423147,linear_decision_margin,crack_g_0.3,-0.06151304146897322,-0.4997051449808611,True,True,phase-mask-dependent,joint_appearance
geometry_l2,known_oof,r17byphk,Batch_3,Batch_2,13,0.5819339338083744,0.6937705389423147,linear_decision_margin,crack_g_0.1,0.05992596553447528,-1.308480886107161,True,True,phase-mask-dependent,joint_appearance
geometry_l2,known_oof,r17byphk,Batch_3,Batch_2,14,0.5819339338083744,0.6937705389423147,linear_decision_margin,crack_frac,0.056778478793701154,0.2639074160139491,True,True,phase-mask-dependent,existing_pore
geometry_l2,known_oof,r17byphk,Batch_3,Batch_2,15,0.5819339338083744,0.6937705389423147,linear_decision_margin,etd_crack_density_particles,-0.05021186394531377,-0.6027868373188782,True,True,phase-mask-dependent,joint_appearance
geometry_l2,known_oof,r17byphk,Batch_3,Batch_2,16,0.5819339338083744,0.6937705389423147,linear_decision_margin,void_local_width_d90_px,0.04451057089346881,0.6359357206345861,True,True,image appearance,new_width
geometry_l2,known_oof,r17byphk,Batch_3,Batch_2,17,0.5819339338083744,0.6937705389423147,linear_decision_margin,corr_len_px,-0.0404572077766286,-0.19444069369563424,True,True,image appearance,raw_BSE_anchors
geometry_l2,known_oof,r17byphk,Batch_3,Batch_2,18,0.5819339338083744,0.6937705389423147,linear_decision_margin,fft_slope,0.036224775829378365,-0.6015024242401259,True,True,image appearance,raw_BSE_anchors
geometry_l2,known_oof,r17byphk,Batch_3,Batch_2,19,0.5819339338083744,0.6937705389423147,linear_decision_margin,bright_circ,-0.03554454226442342,-0.2928879591876519,True,True,phase-mask-dependent,existing_bright
geometry_l2,known_oof,r17byphk,Batch_3,Batch_2,20,0.5819339338083744,0.6937705389423147,linear_decision_margin,bright_circularity_count_iqr,0.03277121983187406,1.9544576705500742,True,True,image appearance,new_shape
geometry_l2,known_oof,r17byphk,Batch_3,Batch_2,21,0.5819339338083744,0.6937705389423147,linear_decision_margin,etd_crack_density_graphite,-0.029765716043606703,-0.49461489591260255,True,True,phase-mask-dependent,joint_appearance
geometry_l2,known_oof,r17byphk,Batch_3,Batch_2,22,0.5819339338083744,0.6937705389423147,linear_decision_margin,bright_solidity,-0.027775673815184462,-0.5229229985877516,True,True,phase-mask-dependent,existing_bright
geometry_l2,known_oof,r17byphk,Batch_3,Batch_2,23,0.5819339338083744,0.6937705389423147,linear_decision_margin,inlens_particle_texture,-0.026396167906115296,0.07597555548985084,True,True,phase-mask-dependent,particle_texture
geometry_l2,known_oof,r17byphk,Batch_3,Batch_2,24,0.5819339338083744,0.6937705389423147,linear_decision_margin,bright_count_per_Mpx,0.02391696381953667,0.41008475652769244,True,True,phase-mask-dependent,existing_bright
geometry_l2,known_oof,r17byphk,Batch_3,Batch_2,25,0.5819339338083744,0.6937705389423147,linear_decision_margin,pore_d50,0.02368343106760642,0.13701378169627362,True,True,phase-mask-dependent,existing_pore
geometry_l2,known_oof,r17byphk,Batch_3,Batch_2,26,0.5819339338083744,0.6937705389423147,linear_decision_margin,pore_d90,-0.016317929619557747,-0.1284750254848168,True,True,phase-mask-dependent,existing_pore
geometry_l2,known_oof,r17byphk,Batch_3,Batch_2,27,0.5819339338083744,0.6937705389423147,linear_decision_margin,bright_solidity_count_q10,-0.014334747936876203,-0.9824207955547796,True,True,image appearance,new_shape
geometry_l2,known_oof,r17byphk,Batch_3,Batch_2,28,0.5819339338083744,0.6937705389423147,linear_decision_margin,pore_elong,0.012778161297635341,0.11047745944618934,True,True,phase-mask-dependent,existing_pore
geometry_l2,known_oof,r17byphk,Batch_3,Batch_2,29,0.5819339338083744,0.6937705389423147,linear_decision_margin,bright_d90,0.011122804225702828,0.09720393276162437,True,True,phase-mask-dependent,existing_bright
geometry_l2,known_oof,r17byphk,Batch_3,Batch_2,30,0.5819339338083744,0.6937705389423147,linear_decision_margin,local_bright_std_512px,-0.008990877581555251,-0.41408904956175807,True,True,image appearance,new_dispersion
geometry_l2,known_oof,r17byphk,Batch_3,Batch_2,31,0.5819339338083744,0.6937705389423147,linear_decision_margin,bright_max_d,-0.008810478743825064,-0.11891743220447078,True,True,phase-mask-dependent,existing_bright
geometry_l2,known_oof,r17byphk,Batch_3,Batch_2,32,0.5819339338083744,0.6937705389423147,linear_decision_margin,bright_d50,0.00757403365326971,-0.16810671817657447,True,True,phase-mask-dependent,existing_bright
geometry_l2,known_oof,r17byphk,Batch_3,Batch_2,33,0.5819339338083744,0.6937705389423147,linear_decision_margin,bright_aspect_count_iqr,-0.006302372460833439,0.13514440576513764,True,True,image appearance,new_shape
geometry_l2,known_oof,r17byphk,Batch_3,Batch_2,34,0.5819339338083744,0.6937705389423147,linear_decision_margin,inlens_speckled_particle_frac,0.005465903008687475,-0.16479429942665813,True,True,phase-mask-dependent,particle_texture
geometry_l2,known_oof,r17byphk,Batch_3,Batch_2,35,0.5819339338083744,0.6937705389423147,linear_decision_margin,bright_pore_crosscorr_xy_contrast_256px,0.0033592479847093138,0.05933147113779758,True,True,image appearance,new_crossphase
geometry_l2,known_oof,r17byphk,Batch_3,Batch_2,36,0.5819339338083744,0.6937705389423147,linear_decision_margin,inlens_grad_energy,0.0012427140932903908,-0.007234156905477249,True,True,phase-mask-dependent,joint_appearance
geometry_l2,known_oof,r17byphk,Batch_3,Batch_2,37,0.5819339338083744,0.6937705389423147,linear_decision_margin,ridge_p97,0.0005400368478764674,-0.6701383087346188,True,True,phase-mask-dependent,joint_appearance
geometry_l2,known_oof,4ih2ggld,Batch_3,Batch_1,1,0.8023907321684838,0.08703266284751676,linear_decision_margin,fft_slope,-0.31805700778232077,1.251373727173317,True,True,image appearance,raw_BSE_anchors
geometry_l2,known_oof,4ih2ggld,Batch_3,Batch_1,2,0.8023907321684838,0.08703266284751676,linear_decision_margin,pore_count_per_Mpx,-0.29680899975454406,1.9361076666545571,True,True,phase-mask-dependent,existing_pore
geometry_l2,known_oof,4ih2ggld,Batch_3,Batch_1,3,0.8023907321684838,0.08703266284751676,linear_decision_margin,void_local_width_d90_px,-0.2964691975148324,3.3505269457669895,True,True,image appearance,new_width
geometry_l2,known_oof,4ih2ggld,Batch_3,Batch_1,4,0.8023907321684838,0.08703266284751676,linear_decision_margin,void_local_width_d50_px,0.19077519916675686,1.293203232846699,True,True,image appearance,new_width
geometry_l2,known_oof,4ih2ggld,Batch_3,Batch_1,5,0.8023907321684838,0.08703266284751676,linear_decision_margin,pore_frac,0.13356786355301276,0.6060214653233007,True,True,phase-mask-dependent,existing_pore
geometry_l2,known_oof,4ih2ggld,Batch_3,Batch_1,6,0.8023907321684838,0.08703266284751676,linear_decision_margin,crack_count_per_Mpx,-0.1259961029417077,1.2683165362794535,True,True,phase-mask-dependent,existing_pore
geometry_l2,known_oof,4ih2ggld,Batch_3,Batch_1,7,0.8023907321684838,0.08703266284751676,linear_decision_margin,pore_max_d,0.09170288110034583,0.41627972198704727,True,True,phase-mask-dependent,existing_pore
geometry_l2,known_oof,4ih2ggld,Batch_3,Batch_1,8,0.8023907321684838,0.08703266284751676,linear_decision_margin,bright_d90,-0.06821096565915714,-0.30431719093669174,False,True,phase-mask-dependent,existing_bright
geometry_l2,known_oof,4ih2ggld,Batch_3,Batch_1,9,0.8023907321684838,0.08703266284751676,linear_decision_margin,bright_aspect_count_iqr,0.0665830365935206,-0.30507514549531356,False,True,image appearance,new_shape
geometry_l2,known_oof,4ih2ggld,Batch_3,Batch_1,10,0.8023907321684838,0.08703266284751676,linear_decision_margin,crack_frac,0.06243625087727831,1.1054334078474433,True,True,phase-mask-dependent,existing_pore
geometry_l2,known_oof,4ih2ggld,Batch_3,Batch_1,11,0.8023907321684838,0.08703266284751676,linear_decision_margin,pore_elong,-0.05482770252032188,-1.5389313099633979,True,True,phase-mask-dependent,existing_pore
geometry_l2,known_oof,4ih2ggld,Batch_3,Batch_1,12,0.8023907321684838,0.08703266284751676,linear_decision_margin,pore_d50,0.051670261196048096,1.3591072029573013,True,True,phase-mask-dependent,existing_pore
geometry_l2,known_oof,4ih2ggld,Batch_3,Batch_1,13,0.8023907321684838,0.08703266284751676,linear_decision_margin,corr_len_px,-0.04688707138864763,-0.8050055431119826,True,True,image appearance,raw_BSE_anchors
geometry_l2,known_oof,4ih2ggld,Batch_3,Batch_1,14,0.8023907321684838,0.08703266284751676,linear_decision_margin,bright_d50,0.03579619037480965,-0.17160943986792765,False,True,phase-mask-dependent,existing_bright
geometry_l2,known_oof,4ih2ggld,Batch_3,Batch_1,15,0.8023907321684838,0.08703266284751676,linear_decision_margin,crack_g_0.05,-0.03501370073922232,0.20536164110472693,False,True,phase-mask-dependent,joint_appearance
geometry_l2,known_oof,4ih2ggld,Batch_3,Batch_1,16,0.8023907321684838,0.08703266284751676,linear_decision_margin,bright_count_per_Mpx,-0.03339282394873637,-0.16024832903795122,False,True,phase-mask-dependent,existing_bright
geometry_l2,known_oof,4ih2ggld,Batch_3,Batch_1,17,0.8023907321684838,0.08703266284751676,linear_decision_margin,inlens_speckled_particle_frac,0.03066909923038352,-0.24984390787275818,False,True,phase-mask-dependent,particle_texture
geometry_l2,known_oof,4ih2ggld,Batch_3,Batch_1,18,0.8023907321684838,0.08703266284751676,linear_decision_margin,inlens_grad_energy,-0.02997251913842302,0.10772806004969511,False,True,phase-mask-dependent,joint_appearance
geometry_l2,known_oof,4ih2ggld,Batch_3,Batch_1,19,0.8023907321684838,0.08703266284751676,linear_decision_margin,pore_d90,0.02714949690872167,0.32721792185786436,True,True,phase-mask-dependent,existing_pore
geometry_l2,known_oof,4ih2ggld,Batch_3,Batch_1,20,0.8023907321684838,0.08703266284751676,linear_decision_margin,etd_crack_density_graphite,-0.0265811581300396,-0.13143298504115952,False,True,phase-mask-dependent,joint_appearance
geometry_l2,known_oof,4ih2ggld,Batch_3,Batch_1,21,0.8023907321684838,0.08703266284751676,linear_decision_margin,bright_solidity,0.023642446608414306,-0.1528136140025656,False,True,phase-mask-dependent,existing_bright
geometry_l2,known_oof,4ih2ggld,Batch_3,Batch_1,22,0.8023907321684838,0.08703266284751676,linear_decision_margin,ridge_p97,-0.02249739434886865,-0.11392331955567864,False,True,phase-mask-dependent,joint_appearance
geometry_l2,known_oof,4ih2ggld,Batch_3,Batch_1,23,0.8023907321684838,0.08703266284751676,linear_decision_margin,inlens_particle_texture,-0.01738235377073242,0.04790224465792165,False,True,phase-mask-dependent,particle_texture
geometry_l2,known_oof,4ih2ggld,Batch_3,Batch_1,24,0.8023907321684838,0.08703266284751676,linear_decision_margin,local_bright_std_512px,-0.016717246105183867,-0.1444452333025929,False,True,image appearance,new_dispersion
geometry_l2,known_oof,4ih2ggld,Batch_3,Batch_1,25,0.8023907321684838,0.08703266284751676,linear_decision_margin,inlens_particle_texture_p90,-0.015248536481203792,0.049440367106467896,False,True,phase-mask-dependent,particle_texture
geometry_l2,known_oof,4ih2ggld,Batch_3,Batch_1,26,0.8023907321684838,0.08703266284751676,linear_decision_margin,graph_edge_length_iqr_ratio,-0.013740009625247258,-0.05770687852450815,False,True,image appearance,new_spacing
geometry_l2,known_oof,4ih2ggld,Batch_3,Batch_1,27,0.8023907321684838,0.08703266284751676,linear_decision_margin,crack_g_0.2,-0.013205318246195738,-0.05318942906093634,False,True,phase-mask-dependent,joint_appearance
geometry_l2,known_oof,4ih2ggld,Batch_3,Batch_1,28,0.8023907321684838,0.08703266284751676,linear_decision_margin,etd_crack_density_particles,0.006785591166695348,-0.30601653880918833,False,True,phase-mask-dependent,joint_appearance
geometry_l2,known_oof,4ih2ggld,Batch_3,Batch_1,29,0.8023907321684838,0.08703266284751676,linear_decision_margin,bright_circularity_count_iqr,0.0054078340499649075,0.10687460296310457,False,True,image appearance,new_shape
geometry_l2,known_oof,4ih2ggld,Batch_3,Batch_1,30,0.8023907321684838,0.08703266284751676,linear_decision_margin,crack_g_0.1,-0.004789643725041394,-0.05192663295001895,False,True,phase-mask-dependent,joint_appearance
geometry_l2,known_oof,4ih2ggld,Batch_3,Batch_1,31,0.8023907321684838,0.08703266284751676,linear_decision_margin,bright_max_d,-0.004280669721326977,-0.13287457729165425,False,True,phase-mask-dependent,existing_bright
geometry_l2,known_oof,4ih2ggld,Batch_3,Batch_1,32,0.8023907321684838,0.08703266284751676,linear_decision_margin,bright_pore_crosscorr_xy_contrast_256px,-0.0036271796218123,0.016295867211634407,False,True,image appearance,new_crossphase
geometry_l2,known_oof,4ih2ggld,Batch_3,Batch_1,33,0.8023907321684838,0.08703266284751676,linear_decision_margin,bright_frac,0.003369469054729469,0.03945712213584931,False,True,phase-mask-dependent,existing_bright
geometry_l2,known_oof,4ih2ggld,Batch_3,Batch_1,34,0.8023907321684838,0.08703266284751676,linear_decision_margin,crack_g_0.3,-0.0023202370849048216,-0.009725831195308619,False,True,phase-mask-dependent,joint_appearance
geometry_l2,known_oof,4ih2ggld,Batch_3,Batch_1,35,0.8023907321684838,0.08703266284751676,linear_decision_margin,bright_d10,0.0012457038589567195,-0.11376661628559057,False,True,phase-mask-dependent,existing_bright
geometry_l2,known_oof,4ih2ggld,Batch_3,Batch_1,36,0.8023907321684838,0.08703266284751676,linear_decision_margin,bright_circ,-0.0006611756945166184,0.02090210667099949,False,True,phase-mask-dependent,existing_bright
geometry_l2,known_oof,4ih2ggld,Batch_3,Batch_1,37,0.8023907321684838,0.08703266284751676,linear_decision_margin,bright_solidity_count_q10,0.0005276208823815038,0.04907131439647492,False,True,image appearance,new_shape
geometry_l2,known_oof,iv6g2oq0,Batch_1,Batch_3,1,-0.7089897899081883,1.5283857750722567,linear_decision_margin,bright_pore_crosscorr_xy_contrast_256px,0.33729213476503367,2.2204553898105512,True,True,image appearance,new_crossphase
geometry_l2,known_oof,iv6g2oq0,Batch_1,Batch_3,2,-0.7089897899081883,1.5283857750722567,linear_decision_margin,void_local_width_d90_px,0.3349274220419705,1.4068784686391884,True,True,image appearance,new_width
geometry_l2,known_oof,iv6g2oq0,Batch_1,Batch_3,3,-0.7089897899081883,1.5283857750722567,linear_decision_margin,inlens_particle_texture,0.31253714589936177,0.9303956456175175,True,True,phase-mask-dependent,particle_texture
geometry_l2,known_oof,iv6g2oq0,Batch_1,Batch_3,4,-0.7089897899081883,1.5283857750722567,linear_decision_margin,crack_g_0.2,0.2806209464031332,-1.3852043149930386,True,True,phase-mask-dependent,joint_appearance
geometry_l2,known_oof,iv6g2oq0,Batch_1,Batch_3,5,-0.7089897899081883,1.5283857750722567,linear_decision_margin,crack_g_0.3,0.23963815897023988,-1.2606584536175993,True,True,phase-mask-dependent,joint_appearance
geometry_l2,known_oof,iv6g2oq0,Batch_1,Batch_3,6,-0.7089897899081883,1.5283857750722567,linear_decision_margin,inlens_particle_texture_p90,0.23291836603140725,0.8363659178951796,True,True,phase-mask-dependent,particle_texture
geometry_l2,known_oof,iv6g2oq0,Batch_1,Batch_3,7,-0.7089897899081883,1.5283857750722567,linear_decision_margin,pore_frac,-0.20562361950077512,0.8588883134731713,True,True,phase-mask-dependent,existing_pore
geometry_l2,known_oof,iv6g2oq0,Batch_1,Batch_3,8,-0.7089897899081883,1.5283857750722567,linear_decision_margin,crack_count_per_Mpx,0.18882458649337852,1.7395663735610822,True,True,phase-mask-dependent,existing_pore
geometry_l2,known_oof,iv6g2oq0,Batch_1,Batch_3,9,-0.7089897899081883,1.5283857750722567,linear_decision_margin,ridge_p97,0.18618332945204968,-1.222328458945936,True,True,phase-mask-dependent,joint_appearance
geometry_l2,known_oof,iv6g2oq0,Batch_1,Batch_3,10,-0.7089897899081883,1.5283857750722567,linear_decision_margin,corr_len_px,-0.18172728899327273,1.0275395678278163,True,True,image appearance,raw_BSE_anchors
geometry_l2,known_oof,iv6g2oq0,Batch_1,Batch_3,11,-0.7089897899081883,1.5283857750722567,linear_decision_margin,etd_crack_density_graphite,0.17225758089425963,-1.0365454911906946,True,True,phase-mask-dependent,joint_appearance
geometry_l2,known_oof,iv6g2oq0,Batch_1,Batch_3,12,-0.7089897899081883,1.5283857750722567,linear_decision_margin,inlens_grad_energy,0.16297037651023535,0.613859718490767,True,True,phase-mask-dependent,joint_appearance
geometry_l2,known_oof,iv6g2oq0,Batch_1,Batch_3,13,-0.7089897899081883,1.5283857750722567,linear_decision_margin,bright_d90,0.14763670517485938,-0.716962917191596,True,True,phase-mask-dependent,existing_bright
geometry_l2,known_oof,iv6g2oq0,Batch_1,Batch_3,14,-0.7089897899081883,1.5283857750722567,linear_decision_margin,bright_d50,0.14384263512599404,0.8879110706731471,True,True,phase-mask-dependent,existing_bright
geometry_l2,known_oof,iv6g2oq0,Batch_1,Batch_3,15,-0.7089897899081883,1.5283857750722567,linear_decision_margin,void_local_width_d50_px,-0.12883889207562207,1.293203232846699,True,True,image appearance,new_width
geometry_l2,known_oof,iv6g2oq0,Batch_1,Batch_3,16,-0.7089897899081883,1.5283857750722567,linear_decision_margin,bright_solidity,-0.08479191473518873,-0.46171124256372154,True,True,phase-mask-dependent,existing_bright
geometry_l2,known_oof,iv6g2oq0,Batch_1,Batch_3,17,-0.7089897899081883,1.5283857750722567,linear_decision_margin,graph_edge_length_iqr_ratio,0.08175071366769932,-0.3751451671899963,True,True,image appearance,new_spacing
geometry_l2,known_oof,iv6g2oq0,Batch_1,Batch_3,18,-0.7089897899081883,1.5283857750722567,linear_decision_margin,crack_g_0.05,0.07758774242761303,0.4671231548322675,True,True,phase-mask-dependent,joint_appearance
geometry_l2,known_oof,iv6g2oq0,Batch_1,Batch_3,19,-0.7089897899081883,1.5283857750722567,linear_decision_margin,pore_elong,-0.07405157076480942,0.4757988547976287,True,True,phase-mask-dependent,existing_pore
geometry_l2,known_oof,iv6g2oq0,Batch_1,Batch_3,20,-0.7089897899081883,1.5283857750722567,linear_decision_margin,fft_slope,-0.056471270160324764,-0.18870196274014273,True,True,image appearance,raw_BSE_anchors
geometry_l2,known_oof,iv6g2oq0,Batch_1,Batch_3,21,-0.7089897899081883,1.5283857750722567,linear_decision_margin,crack_g_0.1,0.05400243362370927,-0.8895433923460717,True,True,phase-mask-dependent,joint_appearance
geometry_l2,known_oof,iv6g2oq0,Batch_1,Batch_3,22,-0.7089897899081883,1.5283857750722567,linear_decision_margin,local_bright_std_512px,0.053080004198032424,-0.5385446098967618,True,True,image appearance,new_dispersion
geometry_l2,known_oof,iv6g2oq0,Batch_1,Batch_3,23,-0.7089897899081883,1.5283857750722567,linear_decision_margin,bright_aspect_count_iqr,-0.05139825943492076,-0.22580013469933669,True,True,image appearance,new_shape
geometry_l2,known_oof,iv6g2oq0,Batch_1,Batch_3,24,-0.7089897899081883,1.5283857750722567,linear_decision_margin,pore_count_per_Mpx,0.0427704194052739,0.15870512310412702,True,True,phase-mask-dependent,existing_pore
geometry_l2,known_oof,iv6g2oq0,Batch_1,Batch_3,25,-0.7089897899081883,1.5283857750722567,linear_decision_margin,etd_crack_density_particles,-0.041158303783253594,-0.797487085818788,True,True,phase-mask-dependent,joint_appearance
geometry_l2,known_oof,iv6g2oq0,Batch_1,Batch_3,26,-0.7089897899081883,1.5283857750722567,linear_decision_margin,crack_frac,-0.019169928171811457,0.7518606462259588,True,True,phase-mask-dependent,existing_pore
geometry_l2,known_oof,iv6g2oq0,Batch_1,Batch_3,27,-0.7089897899081883,1.5283857750722567,linear_decision_margin,bright_count_per_Mpx,0.018771878494570033,-0.08335242585238685,True,True,phase-mask-dependent,existing_bright
geometry_l2,known_oof,iv6g2oq0,Batch_1,Batch_3,28,-0.7089897899081883,1.5283857750722567,linear_decision_margin,pore_max_d,0.01794467352723425,-0.08766559450445904,True,True,phase-mask-dependent,existing_pore
geometry_l2,known_oof,iv6g2oq0,Batch_1,Batch_3,29,-0.7089897899081883,1.5283857750722567,linear_decision_margin,inlens_speckled_particle_frac,-0.017670528794447322,-0.15114643098002395,True,True,phase-mask-dependent,particle_texture
geometry_l2,known_oof,iv6g2oq0,Batch_1,Batch_3,30,-0.7089897899081883,1.5283857750722567,linear_decision_margin,pore_d50,0.011776525895865947,0.6119131150957744,True,True,phase-mask-dependent,existing_pore
geometry_l2,known_oof,iv6g2oq0,Batch_1,Batch_3,31,-0.7089897899081883,1.5283857750722567,linear_decision_margin,bright_d10,-0.00904594088918454,-0.3100882206387884,True,True,phase-mask-dependent,existing_bright
geometry_l2,known_oof,iv6g2oq0,Batch_1,Batch_3,32,-0.7089897899081883,1.5283857750722567,linear_decision_margin,bright_max_d,0.008867786852566489,-1.4004252586928048,True,True,phase-mask-dependent,existing_bright
geometry_l2,known_oof,iv6g2oq0,Batch_1,Batch_3,33,-0.7089897899081883,1.5283857750722567,linear_decision_margin,bright_circularity_count_iqr,-0.0071673249815202315,0.10816478132725157,True,True,image appearance,new_shape
geometry_l2,known_oof,iv6g2oq0,Batch_1,Batch_3,34,-0.7089897899081883,1.5283857750722567,linear_decision_margin,bright_frac,0.006234042304201673,-0.09142536082642456,True,True,phase-mask-dependent,existing_bright
geometry_l2,known_oof,iv6g2oq0,Batch_1,Batch_3,35,-0.7089897899081883,1.5283857750722567,linear_decision_margin,bright_circ,0.005944615948472328,0.6511854782031169,True,True,phase-mask-dependent,existing_bright
geometry_l2,known_oof,iv6g2oq0,Batch_1,Batch_3,36,-0.7089897899081883,1.5283857750722567,linear_decision_margin,pore_d90,-0.003827562707186706,0.046764509745438027,True,True,phase-mask-dependent,existing_pore
geometry_l2,known_oof,iv6g2oq0,Batch_1,Batch_3,37,-0.7089897899081883,1.5283857750722567,linear_decision_margin,bright_solidity_count_q10,-6.225413439930739e-05,-0.1776579380363041,True,True,image appearance,new_shape
geometry_l2,known_oof,uhdslk0o,Batch_2,Batch_3,1,-0.45719995258926466,2.0199391881136366,linear_decision_margin,bright_aspect_count_iqr,1.2829526620141734,8.964860112082233,True,True,image appearance,new_shape
geometry_l2,known_oof,uhdslk0o,Batch_2,Batch_3,2,-0.45719995258926466,2.0199391881136366,linear_decision_margin,inlens_particle_texture,0.4094681070868885,1.1862801912200087,True,True,phase-mask-dependent,particle_texture
geometry_l2,known_oof,uhdslk0o,Batch_2,Batch_3,3,-0.45719995258926466,2.0199391881136366,linear_decision_margin,bright_d50,0.19522634504596656,2.228122351646306,True,True,phase-mask-dependent,existing_bright
geometry_l2,known_oof,uhdslk0o,Batch_2,Batch_3,4,-0.45719995258926466,2.0199391881136366,linear_decision_margin,inlens_particle_texture_p90,0.18444353463694813,0.942845841668376,True,True,phase-mask-dependent,particle_texture
geometry_l2,known_oof,uhdslk0o,Batch_2,Batch_3,5,-0.45719995258926466,2.0199391881136366,linear_decision_margin,bright_circularity_count_iqr,-0.15942583746595534,-1.3591052634666598,True,True,image appearance,new_shape
geometry_l2,known_oof,uhdslk0o,Batch_2,Batch_3,6,-0.45719995258926466,2.0199391881136366,linear_decision_margin,inlens_grad_energy,0.15044754509699443,1.0290463889130634,True,True,phase-mask-dependent,joint_appearance
geometry_l2,known_oof,uhdslk0o,Batch_2,Batch_3,7,-0.45719995258926466,2.0199391881136366,linear_decision_margin,corr_len_px,0.10820344683845845,-0.49749587035671056,True,True,image appearance,raw_BSE_anchors
geometry_l2,known_oof,uhdslk0o,Batch_2,Batch_3,8,-0.45719995258926466,2.0199391881136366,linear_decision_margin,crack_g_0.2,0.1024311530826266,-0.8386021024434094,True,True,phase-mask-dependent,joint_appearance
geometry_l2,known_oof,uhdslk0o,Batch_2,Batch_3,9,-0.45719995258926466,2.0199391881136366,linear_decision_margin,crack_g_0.3,0.09265024119378726,-0.7893610177268745,True,True,phase-mask-dependent,joint_appearance
geometry_l2,known_oof,uhdslk0o,Batch_2,Batch_3,10,-0.45719995258926466,2.0199391881136366,linear_decision_margin,bright_solidity_count_q10,0.07643872439549575,-1.4913066374889896,True,True,image appearance,new_shape
geometry_l2,known_oof,uhdslk0o,Batch_2,Batch_3,11,-0.45719995258926466,2.0199391881136366,linear_decision_margin,crack_count_per_Mpx,-0.06320570526949133,0.8233071093068308,True,True,phase-mask-dependent,existing_pore
geometry_l2,known_oof,uhdslk0o,Batch_2,Batch_3,12,-0.45719995258926466,2.0199391881136366,linear_decision_margin,bright_count_per_Mpx,-0.06259039011241904,0.84336274815943,True,True,phase-mask-dependent,existing_bright
geometry_l2,known_oof,uhdslk0o,Batch_2,Batch_3,13,-0.45719995258926466,2.0199391881136366,linear_decision_margin,bright_circ,0.05940895833760229,-0.5790816020450354,True,True,phase-mask-dependent,existing_bright
geometry_l2,known_oof,uhdslk0o,Batch_2,Batch_3,14,-0.45719995258926466,2.0199391881136366,linear_decision_margin,bright_d90,-0.05435790234284536,0.9420484621508765,True,True,phase-mask-dependent,existing_bright
geometry_l2,known_oof,uhdslk0o,Batch_2,Batch_3,15,-0.45719995258926466,2.0199391881136366,linear_decision_margin,pore_d90,0.05402658734917007,-0.37464688942543023,True,True,phase-mask-dependent,existing_pore
geometry_l2,known_oof,uhdslk0o,Batch_2,Batch_3,16,-0.45719995258926466,2.0199391881136366,linear_decision_margin,bright_frac,-0.05233071918288835,0.6903709192450792,True,True,phase-mask-dependent,existing_bright
geometry_l2,known_oof,uhdslk0o,Batch_2,Batch_3,17,-0.45719995258926466,2.0199391881136366,linear_decision_margin,pore_count_per_Mpx,-0.05073520604032352,0.13378509883864767,True,True,phase-mask-dependent,existing_pore
geometry_l2,known_oof,uhdslk0o,Batch_2,Batch_3,18,-0.45719995258926466,2.0199391881136366,linear_decision_margin,pore_max_d,0.04046852429609703,-0.1837935288564837,True,True,phase-mask-dependent,existing_pore
geometry_l2,known_oof,uhdslk0o,Batch_2,Batch_3,19,-0.45719995258926466,2.0199391881136366,linear_decision_margin,pore_d50,0.039878948274970426,-0.22141414591673864,True,True,phase-mask-dependent,existing_pore
geometry_l2,known_oof,uhdslk0o,Batch_2,Batch_3,20,-0.45719995258926466,2.0199391881136366,linear_decision_margin,etd_crack_density_graphite,0.039809830642219594,-0.6843184219378609,True,True,phase-mask-dependent,joint_appearance
geometry_l2,known_oof,uhdslk0o,Batch_2,Batch_3,21,-0.45719995258926466,2.0199391881136366,linear_decision_margin,crack_g_0.05,0.024301866671107647,0.4618697547245081,True,True,phase-mask-dependent,joint_appearance
geometry_l2,known_oof,uhdslk0o,Batch_2,Batch_3,22,-0.45719995258926466,2.0199391881136366,linear_decision_margin,graph_edge_length_iqr_ratio,0.020916876161853483,-0.04933931542175562,True,True,image appearance,new_spacing
geometry_l2,known_oof,uhdslk0o,Batch_2,Batch_3,23,-0.45719995258926466,2.0199391881136366,linear_decision_margin,pore_elong,0.015756083211952134,-0.17066522502826467,True,True,phase-mask-dependent,existing_pore
geometry_l2,known_oof,uhdslk0o,Batch_2,Batch_3,24,-0.45719995258926466,2.0199391881136366,linear_decision_margin,bright_solidity,-0.01542839313424446,0.3389979159600505,True,True,phase-mask-dependent,existing_bright
geometry_l2,known_oof,uhdslk0o,Batch_2,Batch_3,25,-0.45719995258926466,2.0199391881136366,linear_decision_margin,void_local_width_d90_px,0.014242676859027244,-0.31806577027416966,True,True,image appearance,new_width
geometry_l2,known_oof,uhdslk0o,Batch_2,Batch_3,26,-0.45719995258926466,2.0199391881136366,linear_decision_margin,etd_crack_density_particles,0.010406277521379481,-0.10973021563548549,True,True,phase-mask-dependent,joint_appearance
geometry_l2,known_oof,uhdslk0o,Batch_2,Batch_3,27,-0.45719995258926466,2.0199391881136366,linear_decision_margin,ridge_p97,0.010063891998069195,-0.6946375118589431,True,True,phase-mask-dependent,joint_appearance
geometry_l2,known_oof,uhdslk0o,Batch_2,Batch_3,28,-0.45719995258926466,2.0199391881136366,linear_decision_margin,bright_max_d,-0.00861281242911805,0.16930738664609665,True,True,phase-mask-dependent,existing_bright
geometry_l2,known_oof,uhdslk0o,Batch_2,Batch_3,29,-0.45719995258926466,2.0199391881136366,linear_decision_margin,crack_g_0.1,0.008309191064854646,-0.3985440705717403,True,True,phase-mask-dependent,joint_appearance
geometry_l2,known_oof,uhdslk0o,Batch_2,Batch_3,30,-0.45719995258926466,2.0199391881136366,linear_decision_margin,pore_frac,-0.00624268611538637,0.01731402021501324,True,True,phase-mask-dependent,existing_pore
geometry_l2,known_oof,uhdslk0o,Batch_2,Batch_3,31,-0.45719995258926466,2.0199391881136366,linear_decision_margin,crack_frac,0.004468465312337239,-0.024787400489083254,True,True,phase-mask-dependent,existing_pore
geometry_l2,known_oof,uhdslk0o,Batch_2,Batch_3,32,-0.45719995258926466,2.0199391881136366,linear_decision_margin,fft_slope,0.004394086223066372,0.0913128893967271,True,True,image appearance,raw_BSE_anchors
geometry_l2,known_oof,uhdslk0o,Batch_2,Batch_3,33,-0.45719995258926466,2.0199391881136366,linear_decision_margin,void_local_width_d50_px,-0.003214878222794079,-0.022495340077653487,True,True,image appearance,new_width
geometry_l2,known_oof,uhdslk0o,Batch_2,Batch_3,34,-0.45719995258926466,2.0199391881136366,linear_decision_margin,bright_d10,0.0028595463649330813,0.09494868382187827,True,True,phase-mask-dependent,existing_bright
geometry_l2,known_oof,uhdslk0o,Batch_2,Batch_3,35,-0.45719995258926466,2.0199391881136366,linear_decision_margin,inlens_speckled_particle_frac,0.0025097479869614645,0.5082415531467472,True,True,phase-mask-dependent,particle_texture
geometry_l2,known_oof,uhdslk0o,Batch_2,Batch_3,36,-0.45719995258926466,2.0199391881136366,linear_decision_margin,bright_pore_crosscorr_xy_contrast_256px,-0.0009505228833646893,0.9318920410189472,True,True,image appearance,new_crossphase
geometry_l2,known_oof,uhdslk0o,Batch_2,Batch_3,37,-0.45719995258926466,2.0199391881136366,linear_decision_margin,local_bright_std_512px,0.00015087623479119203,-0.012534174936286934,True,True,image appearance,new_dispersion
geometry_l2,known_oof,ffwubibz,Batch_2,Batch_3,1,-0.46148140232538065,2.0084572489991803,linear_decision_margin,crack_g_0.2,0.3313361526454659,-2.256941246839145,True,True,phase-mask-dependent,joint_appearance
geometry_l2,known_oof,ffwubibz,Batch_2,Batch_3,2,-0.46148140232538065,2.0084572489991803,linear_decision_margin,pore_max_d,0.2892855446175982,-1.1823724862672984,True,True,phase-mask-dependent,existing_pore
geometry_l2,known_oof,ffwubibz,Batch_2,Batch_3,3,-0.46148140232538065,2.0084572489991803,linear_decision_margin,pore_count_per_Mpx,0.2704116145491981,-0.6543743311198735,True,True,phase-mask-dependent,existing_pore
geometry_l2,known_oof,ffwubibz,Batch_2,Batch_3,4,-0.46148140232538065,2.0084572489991803,linear_decision_margin,crack_g_0.3,0.2577566312229829,-1.8932778101541206,True,True,phase-mask-dependent,joint_appearance
geometry_l2,known_oof,ffwubibz,Batch_2,Batch_3,5,-0.46148140232538065,2.0084572489991803,linear_decision_margin,corr_len_px,0.25496940453652006,-1.1199102634290738,True,True,image appearance,raw_BSE_anchors
geometry_l2,known_oof,ffwubibz,Batch_2,Batch_3,6,-0.46148140232538065,2.0084572489991803,linear_decision_margin,inlens_particle_texture,0.23856930920723646,0.711870060366646,True,True,phase-mask-dependent,particle_texture
geometry_l2,known_oof,ffwubibz,Batch_2,Batch_3,7,-0.46148140232538065,2.0084572489991803,linear_decision_margin,graph_edge_length_iqr_ratio,-0.2125934478444046,0.5299687825523429,True,True,image appearance,new_spacing
geometry_l2,known_oof,ffwubibz,Batch_2,Batch_3,8,-0.46148140232538065,2.0084572489991803,linear_decision_margin,pore_frac,0.2098735070845537,-0.5642524809924878,True,True,phase-mask-dependent,existing_pore
geometry_l2,known_oof,ffwubibz,Batch_2,Batch_3,9,-0.46148140232538065,2.0084572489991803,linear_decision_margin,bright_circ,-0.1464835806436991,1.4918931031490517,True,True,phase-mask-dependent,existing_bright
geometry_l2,known_oof,ffwubibz,Batch_2,Batch_3,10,-0.46148140232538065,2.0084572489991803,linear_decision_margin,bright_max_d,0.1406747286014989,-2.019255753832132,True,True,phase-mask-dependent,existing_bright
geometry_l2,known_oof,ffwubibz,Batch_2,Batch_3,11,-0.46148140232538065,2.0084572489991803,linear_decision_margin,inlens_grad_energy,0.1375839942184294,0.8717886836260766,True,True,phase-mask-dependent,joint_appearance
geometry_l2,known_oof,ffwubibz,Batch_2,Batch_3,12,-0.46148140232538065,2.0084572489991803,linear_decision_margin,etd_crack_density_graphite,0.11369606802100812,-1.574846760949327,True,True,phase-mask-dependent,joint_appearance
geometry_l2,known_oof,ffwubibz,Batch_2,Batch_3,13,-0.46148140232538065,2.0084572489991803,linear_decision_margin,inlens_particle_texture_p90,0.10369986519511555,0.5131642863214477,True,True,phase-mask-dependent,particle_texture
geometry_l2,known_oof,ffwubibz,Batch_2,Batch_3,14,-0.46148140232538065,2.0084572489991803,linear_decision_margin,crack_g_0.1,0.09947763435099584,-2.2859952699916155,True,True,phase-mask-dependent,joint_appearance
geometry_l2,known_oof,ffwubibz,Batch_2,Batch_3,15,-0.46148140232538065,2.0084572489991803,linear_decision_margin,void_local_width_d50_px,-0.09830492549034842,-0.8811099139668612,True,True,image appearance,new_width
geometry_l2,known_oof,ffwubibz,Batch_2,Batch_3,16,-0.46148140232538065,2.0084572489991803,linear_decision_margin,pore_d90,0.09300370301735954,-0.6337616759216054,True,True,phase-mask-dependent,existing_pore
geometry_l2,known_oof,ffwubibz,Batch_2,Batch_3,17,-0.46148140232538065,2.0084572489991803,linear_decision_margin,crack_frac,0.0909106900025344,-0.47954365114959746,True,True,phase-mask-dependent,existing_pore
geometry_l2,known_oof,ffwubibz,Batch_2,Batch_3,18,-0.46148140232538065,2.0084572489991803,linear_decision_margin,bright_d90,0.08746156162877577,-1.1114397377453993,True,True,phase-mask-dependent,existing_bright
geometry_l2,known_oof,ffwubibz,Batch_2,Batch_3,19,-0.46148140232538065,2.0084572489991803,linear_decision_margin,pore_elong,0.08488902584265677,-0.8021527024964763,True,True,phase-mask-dependent,existing_pore
geometry_l2,known_oof,ffwubibz,Batch_2,Batch_3,20,-0.46148140232538065,2.0084572489991803,linear_decision_margin,bright_count_per_Mpx,0.08245696026494988,-1.0537225930444167,True,True,phase-mask-dependent,existing_bright
geometry_l2,known_oof,ffwubibz,Batch_2,Batch_3,21,-0.46148140232538065,2.0084572489991803,linear_decision_margin,etd_crack_density_particles,0.07719410855096916,-0.9363561488743836,True,True,phase-mask-dependent,joint_appearance
geometry_l2,known_oof,ffwubibz,Batch_2,Batch_3,22,-0.46148140232538065,2.0084572489991803,linear_decision_margin,bright_frac,0.07445789621072864,-1.196896876893863,True,True,phase-mask-dependent,existing_bright
geometry_l2,known_oof,ffwubibz,Batch_2,Batch_3,23,-0.46148140232538065,2.0084572489991803,linear_decision_margin,ridge_p97,0.07222476758402309,-1.790591698740094,True,True,phase-mask-dependent,joint_appearance
geometry_l2,known_oof,ffwubibz,Batch_2,Batch_3,24,-0.46148140232538065,2.0084572489991803,linear_decision_margin,bright_circularity_count_iqr,-0.049086656660883986,-0.4237262199223356,True,True,image appearance,new_shape
geometry_l2,known_oof,ffwubibz,Batch_2,Batch_3,25,-0.46148140232538065,2.0084572489991803,linear_decision_margin,bright_d50,-0.03210257513061465,-0.5948797273279336,True,True,phase-mask-dependent,existing_bright
geometry_l2,known_oof,ffwubibz,Batch_2,Batch_3,26,-0.46148140232538065,2.0084572489991803,linear_decision_margin,bright_solidity,-0.022924423465137848,0.6504101730734728,True,True,phase-mask-dependent,existing_bright
geometry_l2,known_oof,ffwubibz,Batch_2,Batch_3,27,-0.46148140232538065,2.0084572489991803,linear_decision_margin,bright_aspect_count_iqr,-0.019358331039978183,-0.734572815544594,True,True,image appearance,new_shape
geometry_l2,known_oof,ffwubibz,Batch_2,Batch_3,28,-0.46148140232538065,2.0084572489991803,linear_decision_margin,crack_g_0.05,-0.019083890467823224,-0.494659805945727,True,True,phase-mask-dependent,joint_appearance
geometry_l2,known_oof,ffwubibz,Batch_2,Batch_3,29,-0.46148140232538065,2.0084572489991803,linear_decision_margin,bright_solidity_count_q10,-0.018806130220501354,0.4698734871837219,True,True,image appearance,new_shape
geometry_l2,known_oof,ffwubibz,Batch_2,Batch_3,30,-0.46148140232538065,2.0084572489991803,linear_decision_margin,crack_count_per_Mpx,-0.018541556457606582,0.24021345291523408,True,True,phase-mask-dependent,existing_pore
geometry_l2,known_oof,ffwubibz,Batch_2,Batch_3,31,-0.46148140232538065,2.0084572489991803,linear_decision_margin,local_bright_std_512px,0.011152751316635583,-1.0278302733092468,True,True,image appearance,new_dispersion
geometry_l2,known_oof,ffwubibz,Batch_2,Batch_3,32,-0.46148140232538065,2.0084572489991803,linear_decision_margin,bright_d10,-0.006070154101969428,-0.560397574203768,True,True,phase-mask-dependent,existing_bright
geometry_l2,known_oof,ffwubibz,Batch_2,Batch_3,33,-0.46148140232538065,2.0084572489991803,linear_decision_margin,fft_slope,-0.0060160973019689435,-0.27304537207352714,True,True,image appearance,raw_BSE_anchors
geometry_l2,known_oof,ffwubibz,Batch_2,Batch_3,34,-0.46148140232538065,2.0084572489991803,linear_decision_margin,inlens_speckled_particle_frac,0.004043837356540398,0.19663231937903133,True,True,phase-mask-dependent,particle_texture
geometry_l2,known_oof,ffwubibz,Batch_2,Batch_3,35,-0.46148140232538065,2.0084572489991803,linear_decision_margin,bright_pore_crosscorr_xy_contrast_256px,-0.003647557510159821,0.17734478200329265,True,True,image appearance,new_crossphase
geometry_l2,known_oof,ffwubibz,Batch_2,Batch_3,36,-0.46148140232538065,2.0084572489991803,linear_decision_margin,pore_d50,-0.0030273686107602027,0.018717536569451305,True,True,phase-mask-dependent,existing_pore
geometry_l2,known_oof,ffwubibz,Batch_2,Batch_3,37,-0.46148140232538065,2.0084572489991803,linear_decision_margin,void_local_width_d90_px,0.0008555902446413198,-0.02351740018358115,True,True,image appearance,new_width
geometry_l2,known_oof,hzumfsms,Batch_3,Batch_1,1,0.614946162845101,3.9906197974826236,linear_decision_margin,pore_max_d,1.0341401597540278,4.578129828494591,True,True,phase-mask-dependent,existing_pore
geometry_l2,known_oof,hzumfsms,Batch_3,Batch_1,2,0.614946162845101,3.9906197974826236,linear_decision_margin,pore_frac,0.7299860431732973,3.3613703949643643,True,True,phase-mask-dependent,existing_pore
geometry_l2,known_oof,hzumfsms,Batch_3,Batch_1,3,0.614946162845101,3.9906197974826236,linear_decision_margin,fft_slope,0.6683391199776597,-2.279334692827574,True,True,image appearance,raw_BSE_anchors
geometry_l2,known_oof,hzumfsms,Batch_3,Batch_1,4,0.614946162845101,3.9906197974826236,linear_decision_margin,pore_d90,0.5701429560189534,6.477771550123652,True,True,phase-mask-dependent,existing_pore
geometry_l2,known_oof,hzumfsms,Batch_3,Batch_1,5,0.614946162845101,3.9906197974826236,linear_decision_margin,void_local_width_d90_px,-0.49161881303742466,1.984697444925396,True,True,image appearance,new_width
geometry_l2,known_oof,hzumfsms,Batch_3,Batch_1,6,0.614946162845101,3.9906197974826236,linear_decision_margin,crack_g_0.05,0.43215823222023747,-2.330779990894593,True,True,phase-mask-dependent,joint_appearance
geometry_l2,known_oof,hzumfsms,Batch_3,Batch_1,7,0.614946162845101,3.9906197974826236,linear_decision_margin,bright_solidity,-0.420060695099911,3.042356462922864,True,True,phase-mask-dependent,existing_bright
geometry_l2,known_oof,hzumfsms,Batch_3,Batch_1,8,0.614946162845101,3.9906197974826236,linear_decision_margin,bright_pore_crosscorr_xy_contrast_256px,0.2610203235094297,-1.3594027173818763,True,True,image appearance,new_crossphase
geometry_l2,known_oof,hzumfsms,Batch_3,Batch_1,9,0.614946162845101,3.9906197974826236,linear_decision_margin,bright_d50,0.1975566073587654,-0.9710174764734589,True,True,phase-mask-dependent,existing_bright
geometry_l2,known_oof,hzumfsms,Batch_3,Batch_1,10,0.614946162845101,3.9906197974826236,linear_decision_margin,bright_count_per_Mpx,-0.18669228765406248,-0.8893045878998481,True,True,phase-mask-dependent,existing_bright
geometry_l2,known_oof,hzumfsms,Batch_3,Batch_1,11,0.614946162845101,3.9906197974826236,linear_decision_margin,pore_elong,0.18431966660087717,1.751749108901642,True,True,phase-mask-dependent,existing_pore
geometry_l2,known_oof,hzumfsms,Batch_3,Batch_1,12,0.614946162845101,3.9906197974826236,linear_decision_margin,bright_circ,-0.1157857387685067,2.69201650060242,True,True,phase-mask-dependent,existing_bright
geometry_l2,known_oof,hzumfsms,Batch_3,Batch_1,13,0.614946162845101,3.9906197974826236,linear_decision_margin,crack_g_0.2,0.11331989132092005,0.5043568146309099,True,True,phase-mask-dependent,joint_appearance
geometry_l2,known_oof,hzumfsms,Batch_3,Batch_1,14,0.614946162845101,3.9906197974826236,linear_decision_margin,crack_g_0.3,0.11093346373615719,0.5257740748529863,True,True,phase-mask-dependent,joint_appearance
geometry_l2,known_oof,hzumfsms,Batch_3,Batch_1,15,0.614946162845101,3.9906197974826236,linear_decision_margin,bright_circularity_count_iqr,0.10860527570739087,1.9126107997199506,True,True,image appearance,new_shape
geometry_l2,known_oof,hzumfsms,Batch_3,Batch_1,16,0.614946162845101,3.9906197974826236,linear_decision_margin,local_bright_std_512px,-0.09952442587837947,-1.0144300425436004,True,True,image appearance,new_dispersion
geometry_l2,known_oof,hzumfsms,Batch_3,Batch_1,17,0.614946162845101,3.9906197974826236,linear_decision_margin,graph_edge_length_iqr_ratio,0.08842913029742816,0.35476981277498343,True,True,image appearance,new_spacing
geometry_l2,known_oof,hzumfsms,Batch_3,Batch_1,18,0.614946162845101,3.9906197974826236,linear_decision_margin,pore_d50,-0.08713238030668115,2.4557895041159643,True,True,phase-mask-dependent,existing_pore
geometry_l2,known_oof,hzumfsms,Batch_3,Batch_1,19,0.614946162845101,3.9906197974826236,linear_decision_margin,corr_len_px,0.08380598758193311,0.7151022790845143,True,True,image appearance,raw_BSE_anchors
geometry_l2,known_oof,hzumfsms,Batch_3,Batch_1,20,0.614946162845101,3.9906197974826236,linear_decision_margin,crack_count_per_Mpx,0.08124748641257218,-0.606442763999362,True,True,phase-mask-dependent,existing_pore
geometry_l2,known_oof,hzumfsms,Batch_3,Batch_1,21,0.614946162845101,3.9906197974826236,linear_decision_margin,etd_crack_density_graphite,0.07506975014303105,0.4258385968765246,True,True,phase-mask-dependent,joint_appearance
geometry_l2,known_oof,hzumfsms,Batch_3,Batch_1,22,0.614946162845101,3.9906197974826236,linear_decision_margin,void_local_width_d50_px,0.07071107108329157,1.2932032328467014,True,True,image appearance,new_width
geometry_l2,known_oof,hzumfsms,Batch_3,Batch_1,23,0.614946162845101,3.9906197974826236,linear_decision_margin,bright_aspect_count_iqr,0.06942154602000332,-0.3348186996081353,True,True,image appearance,new_shape
geometry_l2,known_oof,hzumfsms,Batch_3,Batch_1,24,0.614946162845101,3.9906197974826236,linear_decision_margin,bright_frac,-0.06847359706271591,-1.00898415260647,True,True,phase-mask-dependent,existing_bright
geometry_l2,known_oof,hzumfsms,Batch_3,Batch_1,25,0.614946162845101,3.9906197974826236,linear_decision_margin,pore_count_per_Mpx,-0.04039659761563952,0.1632483298069836,True,True,phase-mask-dependent,existing_pore
geometry_l2,known_oof,hzumfsms,Batch_3,Batch_1,26,0.614946162845101,3.9906197974826236,linear_decision_margin,ridge_p97,0.0390265446487414,0.23612449212696968,True,True,phase-mask-dependent,joint_appearance
geometry_l2,known_oof,hzumfsms,Batch_3,Batch_1,27,0.614946162845101,3.9906197974826236,linear_decision_margin,inlens_speckled_particle_frac,0.03832583641066524,-0.31023434391851207,True,True,phase-mask-dependent,particle_texture
geometry_l2,known_oof,hzumfsms,Batch_3,Batch_1,28,0.614946162845101,3.9906197974826236,linear_decision_margin,crack_g_0.1,-0.03745129919241389,-0.47178946073327077,True,True,phase-mask-dependent,joint_appearance
geometry_l2,known_oof,hzumfsms,Batch_3,Batch_1,29,0.614946162845101,3.9906197974826236,linear_decision_margin,inlens_grad_energy,-0.032775438794782494,0.12315280700229382,True,True,phase-mask-dependent,joint_appearance
geometry_l2,known_oof,hzumfsms,Batch_3,Batch_1,30,0.614946162845101,3.9906197974826236,linear_decision_margin,inlens_particle_texture,-0.027991378893908285,0.07863589977233915,True,True,phase-mask-dependent,particle_texture
geometry_l2,known_oof,hzumfsms,Batch_3,Batch_1,31,0.614946162845101,3.9906197974826236,linear_decision_margin,crack_frac,-0.02142176117519111,3.155155070259908,True,True,phase-mask-dependent,existing_pore
geometry_l2,known_oof,hzumfsms,Batch_3,Batch_1,32,0.614946162845101,3.9906197974826236,linear_decision_margin,bright_solidity_count_q10,0.01934344962033795,1.2363520608171998,True,True,image appearance,new_shape
geometry_l2,known_oof,hzumfsms,Batch_3,Batch_1,33,0.614946162845101,3.9906197974826236,linear_decision_margin,etd_crack_density_particles,0.016750618787542193,-0.6161200633895562,True,True,phase-mask-dependent,joint_appearance
geometry_l2,known_oof,hzumfsms,Batch_3,Batch_1,34,0.614946162845101,3.9906197974826236,linear_decision_margin,inlens_particle_texture_p90,-0.016373643544737863,0.0542775849715708,True,True,phase-mask-dependent,particle_texture
geometry_l2,known_oof,hzumfsms,Batch_3,Batch_1,35,0.614946162845101,3.9906197974826236,linear_decision_margin,bright_max_d,0.013181041345418336,0.2670172788823543,True,True,phase-mask-dependent,existing_bright
geometry_l2,known_oof,hzumfsms,Batch_3,Batch_1,36,0.614946162845101,3.9906197974826236,linear_decision_margin,bright_d90,0.010262122970051505,0.04545038878149196,True,True,phase-mask-dependent,existing_bright
geometry_l2,known_oof,hzumfsms,Batch_3,Batch_1,37,0.614946162845101,3.9906197974826236,linear_decision_margin,bright_d10,0.005275366963144955,-0.23918650181168072,True,True,phase-mask-dependent,existing_bright
geometry_l2,known_oof,ufdvpb81,Batch_3,Batch_1,1,0.6238805143485779,2.3220902533684766,linear_decision_margin,pore_max_d,0.4071512253844656,1.9769219109164806,True,True,phase-mask-dependent,existing_pore
geometry_l2,known_oof,ufdvpb81,Batch_3,Batch_1,2,0.6238805143485779,2.3220902533684766,linear_decision_margin,pore_frac,0.3675453738317418,1.7044754877877333,True,True,phase-mask-dependent,existing_pore
geometry_l2,known_oof,ufdvpb81,Batch_3,Batch_1,3,0.6238805143485779,2.3220902533684766,linear_decision_margin,crack_count_per_Mpx,-0.36444377877730194,2.3580665907326477,True,True,phase-mask-dependent,existing_pore
geometry_l2,known_oof,ufdvpb81,Batch_3,Batch_1,4,0.6238805143485779,2.3220902533684766,linear_decision_margin,fft_slope,0.34910020758138266,-1.2284162991874712,True,True,image appearance,raw_BSE_anchors
geometry_l2,known_oof,ufdvpb81,Batch_3,Batch_1,5,0.6238805143485779,2.3220902533684766,linear_decision_margin,pore_elong,0.25997799745768757,2.4030572403187467,True,True,phase-mask-dependent,existing_pore
geometry_l2,known_oof,ufdvpb81,Batch_3,Batch_1,6,0.6238805143485779,2.3220902533684766,linear_decision_margin,ridge_p97,0.2203846438276927,1.4253648698947536,True,True,phase-mask-dependent,joint_appearance
geometry_l2,known_oof,ufdvpb81,Batch_3,Batch_1,7,0.6238805143485779,2.3220902533684766,linear_decision_margin,crack_g_0.05,0.20841750646567297,-1.108681991063778,True,True,phase-mask-dependent,joint_appearance
geometry_l2,known_oof,ufdvpb81,Batch_3,Batch_1,8,0.6238805143485779,2.3220902533684766,linear_decision_margin,graph_edge_length_iqr_ratio,0.20650528424473164,0.8405728576813823,True,True,image appearance,new_spacing
geometry_l2,known_oof,ufdvpb81,Batch_3,Batch_1,9,0.6238805143485779,2.3220902533684766,linear_decision_margin,inlens_particle_texture,-0.16560264701253785,0.45334857064897943,True,True,phase-mask-dependent,particle_texture
geometry_l2,known_oof,ufdvpb81,Batch_3,Batch_1,10,0.6238805143485779,2.3220902533684766,linear_decision_margin,bright_solidity,0.160702196470262,-1.174502601191931,True,True,phase-mask-dependent,existing_bright
geometry_l2,known_oof,ufdvpb81,Batch_3,Batch_1,11,0.6238805143485779,2.3220902533684766,linear_decision_margin,bright_pore_crosscorr_xy_contrast_256px,0.1513611705968291,-0.7942912218159909,True,True,image appearance,new_crossphase
geometry_l2,known_oof,ufdvpb81,Batch_3,Batch_1,12,0.6238805143485779,2.3220902533684766,linear_decision_margin,inlens_particle_texture_p90,-0.13563759893194582,0.43938913661191753,True,True,phase-mask-dependent,particle_texture
geometry_l2,known_oof,ufdvpb81,Batch_3,Batch_1,13,0.6238805143485779,2.3220902533684766,linear_decision_margin,pore_d90,0.1148896140012752,1.4295970665781428,True,True,phase-mask-dependent,existing_pore
geometry_l2,known_oof,ufdvpb81,Batch_3,Batch_1,14,0.6238805143485779,2.3220902533684766,linear_decision_margin,void_local_width_d90_px,-0.11445382380843867,0.5103526101587459,True,True,image appearance,new_width
geometry_l2,known_oof,ufdvpb81,Batch_3,Batch_1,15,0.6238805143485779,2.3220902533684766,linear_decision_margin,bright_d50,0.10478130214062777,-0.5224109252989407,True,True,phase-mask-dependent,existing_bright
geometry_l2,known_oof,ufdvpb81,Batch_3,Batch_1,16,0.6238805143485779,2.3220902533684766,linear_decision_margin,void_local_width_d50_px,0.07628300832297068,1.2932032328467014,True,True,image appearance,new_width
geometry_l2,known_oof,ufdvpb81,Batch_3,Batch_1,17,0.6238805143485779,2.3220902533684766,linear_decision_margin,etd_crack_density_graphite,0.07282309206807284,0.42395984542406867,True,True,phase-mask-dependent,joint_appearance
geometry_l2,known_oof,ufdvpb81,Batch_3,Batch_1,18,0.6238805143485779,2.3220902533684766,linear_decision_margin,pore_d50,-0.07011148699806462,2.441167220021042,True,True,phase-mask-dependent,existing_pore
geometry_l2,known_oof,ufdvpb81,Batch_3,Batch_1,19,0.6238805143485779,2.3220902533684766,linear_decision_margin,bright_d90,-0.06621526606929802,-0.31195293829246734,True,True,phase-mask-dependent,existing_bright
geometry_l2,known_oof,ufdvpb81,Batch_3,Batch_1,20,0.6238805143485779,2.3220902533684766,linear_decision_margin,crack_g_0.1,-0.06202150230622577,-0.7807485206305862,True,True,phase-mask-dependent,joint_appearance
geometry_l2,known_oof,ufdvpb81,Batch_3,Batch_1,21,0.6238805143485779,2.3220902533684766,linear_decision_margin,bright_max_d,-0.0581316385254785,-1.0611252804100417,True,True,phase-mask-dependent,existing_bright
geometry_l2,known_oof,ufdvpb81,Batch_3,Batch_1,22,0.6238805143485779,2.3220902533684766,linear_decision_margin,crack_g_0.3,0.053421852097234115,0.25567957650367823,True,True,phase-mask-dependent,joint_appearance
geometry_l2,known_oof,ufdvpb81,Batch_3,Batch_1,23,0.6238805143485779,2.3220902533684766,linear_decision_margin,corr_len_px,0.05109653532983151,0.40917718424826555,True,True,image appearance,raw_BSE_anchors
geometry_l2,known_oof,ufdvpb81,Batch_3,Batch_1,24,0.6238805143485779,2.3220902533684766,linear_decision_margin,etd_crack_density_particles,-0.050233378190341245,1.3974143622131672,True,True,phase-mask-dependent,joint_appearance
geometry_l2,known_oof,ufdvpb81,Batch_3,Batch_1,25,0.6238805143485779,2.3220902533684766,linear_decision_margin,bright_circ,0.039266461321280574,-0.6929225312035714,True,True,phase-mask-dependent,existing_bright
geometry_l2,known_oof,ufdvpb81,Batch_3,Batch_1,26,0.6238805143485779,2.3220902533684766,linear_decision_margin,pore_count_per_Mpx,0.03762614628562937,-0.15577820353117924,True,True,phase-mask-dependent,existing_pore
geometry_l2,known_oof,ufdvpb81,Batch_3,Batch_1,27,0.6238805143485779,2.3220902533684766,linear_decision_margin,bright_frac,-0.034645689849969484,-0.5132301681351544,True,True,phase-mask-dependent,existing_bright
geometry_l2,known_oof,ufdvpb81,Batch_3,Batch_1,28,0.6238805143485779,2.3220902533684766,linear_decision_margin,bright_aspect_count_iqr,-0.032350902835044895,0.1575201375749002,True,True,image appearance,new_shape
geometry_l2,known_oof,ufdvpb81,Batch_3,Batch_1,29,0.6238805143485779,2.3220902533684766,linear_decision_margin,local_bright_std_512px,-0.0322646600587704,-0.326596811424894,True,True,image appearance,new_dispersion
geometry_l2,known_oof,ufdvpb81,Batch_3,Batch_1,30,0.6238805143485779,2.3220902533684766,linear_decision_margin,inlens_grad_energy,-0.0319870931589653,0.11851505695476416,True,True,phase-mask-dependent,joint_appearance
geometry_l2,known_oof,ufdvpb81,Batch_3,Batch_1,31,0.6238805143485779,2.3220902533684766,linear_decision_margin,bright_solidity_count_q10,-0.021139548937256895,-0.941797712154581,True,True,image appearance,new_shape
geometry_l2,known_oof,ufdvpb81,Batch_3,Batch_1,32,0.6238805143485779,2.3220902533684766,linear_decision_margin,bright_count_per_Mpx,0.019524911777350974,0.08995059885227254,True,True,phase-mask-dependent,existing_bright
geometry_l2,known_oof,ufdvpb81,Batch_3,Batch_1,33,0.6238805143485779,2.3220902533684766,linear_decision_margin,crack_frac,0.018654608591467614,1.9375870395116037,True,True,phase-mask-dependent,existing_pore
geometry_l2,known_oof,ufdvpb81,Batch_3,Batch_1,34,0.6238805143485779,2.3220902533684766,linear_decision_margin,inlens_speckled_particle_frac,0.013409941581249118,-0.11721760911177738,True,True,phase-mask-dependent,particle_texture
geometry_l2,known_oof,ufdvpb81,Batch_3,Batch_1,35,0.6238805143485779,2.3220902533684766,linear_decision_margin,bright_d10,0.009081012122554591,-0.6450715128615221,True,True,phase-mask-dependent,existing_bright
geometry_l2,known_oof,ufdvpb81,Batch_3,Batch_1,36,0.6238805143485779,2.3220902533684766,linear_decision_margin,bright_circularity_count_iqr,-0.007147987260558274,-0.11762297803683154,True,True,image appearance,new_shape
geometry_l2,known_oof,ufdvpb81,Batch_3,Batch_1,37,0.6238805143485779,2.3220902533684766,linear_decision_margin,crack_g_0.2,0.002592650240086076,0.011492083490685872,True,True,phase-mask-dependent,joint_appearance
geometry_l2,known_oof,9luzk4jm,Batch_3,Batch_2,1,0.3804593776297204,1.1890488317379064,linear_decision_margin,pore_frac,0.598732565825568,1.7273059324500402,True,True,phase-mask-dependent,existing_pore
geometry_l2,known_oof,9luzk4jm,Batch_3,Batch_2,2,0.3804593776297204,1.1890488317379064,linear_decision_margin,graph_edge_length_iqr_ratio,-0.39281168236988684,-0.8970726853287752,True,True,image appearance,new_spacing
geometry_l2,known_oof,9luzk4jm,Batch_3,Batch_2,3,0.3804593776297204,1.1890488317379064,linear_decision_margin,corr_len_px,0.3210528974704173,1.685127221022349,True,True,image appearance,raw_BSE_anchors
geometry_l2,known_oof,9luzk4jm,Batch_3,Batch_2,4,0.3804593776297204,1.1890488317379064,linear_decision_margin,void_local_width_d50_px,-0.21565000808493023,1.2932032328467014,True,True,image appearance,new_width
geometry_l2,known_oof,9luzk4jm,Batch_3,Batch_2,5,0.3804593776297204,1.1890488317379064,linear_decision_margin,inlens_particle_texture,-0.206662619654928,0.5652674861232498,True,True,phase-mask-dependent,particle_texture
geometry_l2,known_oof,9luzk4jm,Batch_3,Batch_2,6,0.3804593776297204,1.1890488317379064,linear_decision_margin,crack_frac,0.18074301133830395,1.0124779832183333,True,True,phase-mask-dependent,existing_pore
geometry_l2,known_oof,9luzk4jm,Batch_3,Batch_2,7,0.3804593776297204,1.1890488317379064,linear_decision_margin,pore_d50,0.15473931316871686,0.9272818384282914,True,True,phase-mask-dependent,existing_pore
geometry_l2,known_oof,9luzk4jm,Batch_3,Batch_2,8,0.3804593776297204,1.1890488317379064,linear_decision_margin,bright_circularity_count_iqr,0.1447491794287507,-1.497620271426926,True,True,image appearance,new_shape
geometry_l2,known_oof,9luzk4jm,Batch_3,Batch_2,9,0.3804593776297204,1.1890488317379064,linear_decision_margin,pore_max_d,0.11254742052194164,0.4999551329819211,True,True,phase-mask-dependent,existing_pore
geometry_l2,known_oof,9luzk4jm,Batch_3,Batch_2,10,0.3804593776297204,1.1890488317379064,linear_decision_margin,inlens_grad_energy,-0.09628111465525976,0.5758933740671849,True,True,phase-mask-dependent,joint_appearance
geometry_l2,known_oof,9luzk4jm,Batch_3,Batch_2,11,0.3804593776297204,1.1890488317379064,linear_decision_margin,crack_count_per_Mpx,0.08146143785862073,1.0821095031993224,True,True,phase-mask-dependent,existing_pore
geometry_l2,known_oof,9luzk4jm,Batch_3,Batch_2,12,0.3804593776297204,1.1890488317379064,linear_decision_margin,pore_elong,-0.0765741048421612,-0.6090296699913269,True,True,phase-mask-dependent,existing_pore
geometry_l2,known_oof,9luzk4jm,Batch_3,Batch_2,13,0.3804593776297204,1.1890488317379064,linear_decision_margin,crack_g_0.2,0.07621619078324054,0.736841155632409,True,True,phase-mask-dependent,joint_appearance
geometry_l2,known_oof,9luzk4jm,Batch_3,Batch_2,14,0.3804593776297204,1.1890488317379064,linear_decision_margin,pore_count_per_Mpx,0.0741569014941553,0.19173114269199001,True,True,phase-mask-dependent,existing_pore
geometry_l2,known_oof,9luzk4jm,Batch_3,Batch_2,15,0.3804593776297204,1.1890488317379064,linear_decision_margin,crack_g_0.3,0.06839054940813818,0.7777935078254696,True,True,phase-mask-dependent,joint_appearance
geometry_l2,known_oof,9luzk4jm,Batch_3,Batch_2,16,0.3804593776297204,1.1890488317379064,linear_decision_margin,etd_crack_density_particles,-0.06404923109049879,-0.69790673926026,True,True,phase-mask-dependent,joint_appearance
geometry_l2,known_oof,9luzk4jm,Batch_3,Batch_2,17,0.3804593776297204,1.1890488317379064,linear_decision_margin,bright_pore_crosscorr_xy_contrast_256px,-0.05691374323435397,-1.3770762774811387,True,True,image appearance,new_crossphase
geometry_l2,known_oof,9luzk4jm,Batch_3,Batch_2,18,0.3804593776297204,1.1890488317379064,linear_decision_margin,bright_circ,0.055802733923991474,0.5479995888731566,True,True,phase-mask-dependent,existing_bright
geometry_l2,known_oof,9luzk4jm,Batch_3,Batch_2,19,0.3804593776297204,1.1890488317379064,linear_decision_margin,bright_d10,-0.04870163519641892,1.5032459796228546,True,True,phase-mask-dependent,existing_bright
geometry_l2,known_oof,9luzk4jm,Batch_3,Batch_2,20,0.3804593776297204,1.1890488317379064,linear_decision_margin,bright_d90,-0.048611840782673235,-0.5077144281382755,True,True,phase-mask-dependent,existing_bright
geometry_l2,known_oof,9luzk4jm,Batch_3,Batch_2,21,0.3804593776297204,1.1890488317379064,linear_decision_margin,bright_count_per_Mpx,-0.04511086830684058,-0.6470303597953583,True,True,phase-mask-dependent,existing_bright
geometry_l2,known_oof,9luzk4jm,Batch_3,Batch_2,22,0.3804593776297204,1.1890488317379064,linear_decision_margin,bright_d50,0.03499195841132146,-0.6388666105847577,True,True,phase-mask-dependent,existing_bright
geometry_l2,known_oof,9luzk4jm,Batch_3,Batch_2,23,0.3804593776297204,1.1890488317379064,linear_decision_margin,fft_slope,0.03404383680667496,-0.9271639930544917,True,True,image appearance,raw_BSE_anchors
geometry_l2,known_oof,9luzk4jm,Batch_3,Batch_2,24,0.3804593776297204,1.1890488317379064,linear_decision_margin,bright_solidity_count_q10,0.03110458816853751,0.5681390545159571,True,True,image appearance,new_shape
geometry_l2,known_oof,9luzk4jm,Batch_3,Batch_2,25,0.3804593776297204,1.1890488317379064,linear_decision_margin,etd_crack_density_graphite,0.028982665604261593,0.6834093826784865,True,True,phase-mask-dependent,joint_appearance
geometry_l2,known_oof,9luzk4jm,Batch_3,Batch_2,26,0.3804593776297204,1.1890488317379064,linear_decision_margin,bright_max_d,0.02871459246476245,1.0848645597155764,True,True,phase-mask-dependent,existing_bright
geometry_l2,known_oof,9luzk4jm,Batch_3,Batch_2,27,0.3804593776297204,1.1890488317379064,linear_decision_margin,bright_solidity,0.02759510307947088,0.8310218591908088,True,True,phase-mask-dependent,existing_bright
geometry_l2,known_oof,9luzk4jm,Batch_3,Batch_2,28,0.3804593776297204,1.1890488317379064,linear_decision_margin,pore_d90,0.02392720826611792,0.1719076143148924,True,True,phase-mask-dependent,existing_pore
geometry_l2,known_oof,9luzk4jm,Batch_3,Batch_2,29,0.3804593776297204,1.1890488317379064,linear_decision_margin,bright_aspect_count_iqr,0.0207400855794338,-0.4634332791361684,True,True,image appearance,new_shape
geometry_l2,known_oof,9luzk4jm,Batch_3,Batch_2,30,0.3804593776297204,1.1890488317379064,linear_decision_margin,inlens_particle_texture_p90,-0.020026862989080962,0.09425091403519602,True,True,phase-mask-dependent,particle_texture
geometry_l2,known_oof,9luzk4jm,Batch_3,Batch_2,31,0.3804593776297204,1.1890488317379064,linear_decision_margin,crack_g_0.05,-0.018206299672478273,-2.2133313699441306,True,True,phase-mask-dependent,joint_appearance
geometry_l2,known_oof,9luzk4jm,Batch_3,Batch_2,32,0.3804593776297204,1.1890488317379064,linear_decision_margin,bright_frac,0.014372287656551914,0.2395849523739166,True,True,phase-mask-dependent,existing_bright
geometry_l2,known_oof,9luzk4jm,Batch_3,Batch_2,33,0.3804593776297204,1.1890488317379064,linear_decision_margin,crack_g_0.1,-0.008482248184216083,-0.31632528234664614,True,True,phase-mask-dependent,joint_appearance
geometry_l2,known_oof,9luzk4jm,Batch_3,Batch_2,34,0.3804593776297204,1.1890488317379064,linear_decision_margin,void_local_width_d90_px,-0.006702669173420884,-0.11703598767013426,True,True,image appearance,new_width
geometry_l2,known_oof,9luzk4jm,Batch_3,Batch_2,35,0.3804593776297204,1.1890488317379064,linear_decision_margin,inlens_speckled_particle_frac,-0.003887609737285172,0.13951696403093325,True,True,phase-mask-dependent,particle_texture
geometry_l2,known_oof,9luzk4jm,Batch_3,Batch_2,36,0.3804593776297204,1.1890488317379064,linear_decision_margin,ridge_p97,0.002542967400789816,0.6858973304630535,True,True,phase-mask-dependent,joint_appearance
geometry_l2,known_oof,9luzk4jm,Batch_3,Batch_2,37,0.3804593776297204,1.1890488317379064,linear_decision_margin,local_bright_std_512px,0.001654497422852182,0.6667371853403277,True,True,image appearance,new_dispersion
geometry_l2,known_oof,utfgcjfa,Batch_3,Batch_2,1,0.37592013212580316,1.6177757778132744,linear_decision_margin,pore_max_d,0.3078367078755182,1.46242915673285,True,True,phase-mask-dependent,existing_pore
geometry_l2,known_oof,utfgcjfa,Batch_3,Batch_2,2,0.37592013212580316,1.6177757778132744,linear_decision_margin,corr_len_px,0.2631584734556112,1.3496626265097886,True,True,image appearance,raw_BSE_anchors
geometry_l2,known_oof,utfgcjfa,Batch_3,Batch_2,3,0.37592013212580316,1.6177757778132744,linear_decision_margin,inlens_particle_texture,0.22028130554277614,-0.6298145757465391,True,True,phase-mask-dependent,particle_texture
geometry_l2,known_oof,utfgcjfa,Batch_3,Batch_2,4,0.37592013212580316,1.6177757778132744,linear_decision_margin,inlens_grad_energy,0.19150801930071587,-1.486351544343791,True,True,phase-mask-dependent,joint_appearance
geometry_l2,known_oof,utfgcjfa,Batch_3,Batch_2,5,0.37592013212580316,1.6177757778132744,linear_decision_margin,bright_d50,-0.19032593711029683,1.808686204168528,True,True,phase-mask-dependent,existing_bright
geometry_l2,known_oof,utfgcjfa,Batch_3,Batch_2,6,0.37592013212580316,1.6177757778132744,linear_decision_margin,pore_count_per_Mpx,-0.1727855056162226,-0.4079466507107682,True,True,phase-mask-dependent,existing_pore
geometry_l2,known_oof,utfgcjfa,Batch_3,Batch_2,7,0.37592013212580316,1.6177757778132744,linear_decision_margin,inlens_particle_texture_p90,0.16747855696796632,-0.823475763746293,True,True,phase-mask-dependent,particle_texture
geometry_l2,known_oof,utfgcjfa,Batch_3,Batch_2,8,0.37592013212580316,1.6177757778132744,linear_decision_margin,bright_circ,0.15765500318491968,1.9004386876695223,True,True,phase-mask-dependent,existing_bright
geometry_l2,known_oof,utfgcjfa,Batch_3,Batch_2,9,0.37592013212580316,1.6177757778132744,linear_decision_margin,pore_frac,0.12270413715328846,0.3415771212712888,True,True,phase-mask-dependent,existing_pore
geometry_l2,known_oof,utfgcjfa,Batch_3,Batch_2,10,0.37592013212580316,1.6177757778132744,linear_decision_margin,void_local_width_d50_px,0.0752677558883453,-0.5831042631301442,True,True,image appearance,new_width
geometry_l2,known_oof,utfgcjfa,Batch_3,Batch_2,11,0.37592013212580316,1.6177757778132744,linear_decision_margin,pore_elong,-0.05814530268367394,-0.5236113071360348,True,True,phase-mask-dependent,existing_pore
geometry_l2,known_oof,utfgcjfa,Batch_3,Batch_2,12,0.37592013212580316,1.6177757778132744,linear_decision_margin,bright_pore_crosscorr_xy_contrast_256px,-0.04381518016216629,-1.076082516164868,True,True,image appearance,new_crossphase
geometry_l2,known_oof,utfgcjfa,Batch_3,Batch_2,13,0.37592013212580316,1.6177757778132744,linear_decision_margin,pore_d90,0.04211953568188245,0.32072919241670844,True,True,phase-mask-dependent,existing_pore
geometry_l2,known_oof,utfgcjfa,Batch_3,Batch_2,14,0.37592013212580316,1.6177757778132744,linear_decision_margin,bright_circularity_count_iqr,-0.04003188098769542,0.2943246468835498,True,True,image appearance,new_shape
geometry_l2,known_oof,utfgcjfa,Batch_3,Batch_2,15,0.37592013212580316,1.6177757778132744,linear_decision_margin,bright_solidity,0.039782491099446975,1.0652577999372372,True,True,phase-mask-dependent,existing_bright
geometry_l2,known_oof,utfgcjfa,Batch_3,Batch_2,16,0.37592013212580316,1.6177757778132744,linear_decision_margin,crack_g_0.2,0.035698300053337,0.29723376617202646,True,True,phase-mask-dependent,joint_appearance
geometry_l2,known_oof,utfgcjfa,Batch_3,Batch_2,17,0.37592013212580316,1.6177757778132744,linear_decision_margin,pore_d50,0.03439602692173998,0.1948490829845312,True,True,phase-mask-dependent,existing_pore
geometry_l2,known_oof,utfgcjfa,Batch_3,Batch_2,18,0.37592013212580316,1.6177757778132744,linear_decision_margin,etd_crack_density_particles,0.026130894140207337,0.4202962352723316,True,True,phase-mask-dependent,joint_appearance
geometry_l2,known_oof,utfgcjfa,Batch_3,Batch_2,19,0.37592013212580316,1.6177757778132744,linear_decision_margin,crack_frac,0.025870518326954618,0.1354978683426663,True,True,phase-mask-dependent,existing_pore
geometry_l2,known_oof,utfgcjfa,Batch_3,Batch_2,20,0.37592013212580316,1.6177757778132744,linear_decision_margin,bright_max_d,-0.025259161307842008,-0.49930167831503974,True,True,phase-mask-dependent,existing_bright
geometry_l2,known_oof,utfgcjfa,Batch_3,Batch_2,21,0.37592013212580316,1.6177757778132744,linear_decision_margin,inlens_speckled_particle_frac,0.01452498514654846,-0.9043583903715952,True,True,phase-mask-dependent,particle_texture
geometry_l2,known_oof,utfgcjfa,Batch_3,Batch_2,22,0.37592013212580316,1.6177757778132744,linear_decision_margin,bright_aspect_count_iqr,0.012835984106870415,-0.30687944971407344,True,True,image appearance,new_shape
geometry_l2,known_oof,utfgcjfa,Batch_3,Batch_2,23,0.37592013212580316,1.6177757778132744,linear_decision_margin,void_local_width_d90_px,0.01245890221380267,0.3205278809538188,True,True,image appearance,new_width
geometry_l2,known_oof,utfgcjfa,Batch_3,Batch_2,24,0.37592013212580316,1.6177757778132744,linear_decision_margin,crack_g_0.3,0.009126972685882737,0.08485672379158074,True,True,phase-mask-dependent,joint_appearance
geometry_l2,known_oof,utfgcjfa,Batch_3,Batch_2,25,0.37592013212580316,1.6177757778132744,linear_decision_margin,local_bright_std_512px,-0.009013667893724788,1.0986118468050377,True,True,image appearance,new_dispersion
geometry_l2,known_oof,utfgcjfa,Batch_3,Batch_2,26,0.37592013212580316,1.6177757778132744,linear_decision_margin,crack_g_0.05,0.007566312237559753,-0.2630516409675942,True,True,phase-mask-dependent,joint_appearance
geometry_l2,known_oof,utfgcjfa,Batch_3,Batch_2,27,0.37592013212580316,1.6177757778132744,linear_decision_margin,fft_slope,0.007252221945151655,-0.16933195353275696,True,True,image appearance,raw_BSE_anchors
geometry_l2,known_oof,utfgcjfa,Batch_3,Batch_2,28,0.37592013212580316,1.6177757778132744,linear_decision_margin,bright_d90,0.004758315924789468,0.06079913987134699,True,True,phase-mask-dependent,existing_bright
geometry_l2,known_oof,utfgcjfa,Batch_3,Batch_2,29,0.37592013212580316,1.6177757778132744,linear_decision_margin,bright_frac,0.004514801663800588,0.06740683537606726,True,True,phase-mask-dependent,existing_bright
geometry_l2,known_oof,utfgcjfa,Batch_3,Batch_2,30,0.37592013212580316,1.6177757778132744,linear_decision_margin,graph_edge_length_iqr_ratio,0.0038331667561798326,0.009261253865850014,True,True,image appearance,new_spacing
geometry_l2,known_oof,utfgcjfa,Batch_3,Batch_2,31,0.37592013212580316,1.6177757778132744,linear_decision_margin,etd_crack_density_graphite,-0.0028649826000937814,-0.0468160330240038,True,True,phase-mask-dependent,joint_appearance
geometry_l2,known_oof,utfgcjfa,Batch_3,Batch_2,32,0.37592013212580316,1.6177757778132744,linear_decision_margin,ridge_p97,-0.0027635538091820484,-0.11013227618276951,True,True,phase-mask-dependent,joint_appearance
geometry_l2,known_oof,utfgcjfa,Batch_3,Batch_2,33,0.37592013212580316,1.6177757778132744,linear_decision_margin,crack_count_per_Mpx,-0.002531699223461316,-0.025484317186769953,True,True,phase-mask-dependent,existing_pore
geometry_l2,known_oof,utfgcjfa,Batch_3,Batch_2,34,0.37592013212580316,1.6177757778132744,linear_decision_margin,bright_solidity_count_q10,0.002271052149952663,0.035400601520478435,True,True,image appearance,new_shape
geometry_l2,known_oof,utfgcjfa,Batch_3,Batch_2,35,0.37592013212580316,1.6177757778132744,linear_decision_margin,bright_d10,0.001907814501896792,-0.36478317157334295,True,True,phase-mask-dependent,existing_bright
geometry_l2,known_oof,utfgcjfa,Batch_3,Batch_2,36,0.37592013212580316,1.6177757778132744,linear_decision_margin,bright_count_per_Mpx,-0.000779036892770771,-0.012220946502632444,True,True,phase-mask-dependent,existing_bright
geometry_l2,known_oof,utfgcjfa,Batch_3,Batch_2,37,0.37592013212580316,1.6177757778132744,linear_decision_margin,crack_g_0.1,-0.0007667009505434603,0.3779967808063565,True,True,phase-mask-dependent,joint_appearance
geometry_l2,known_oof,vc2whyaq,Batch_3,Batch_2,1,0.4006716342129004,0.8079584282836645,linear_decision_margin,pore_count_per_Mpx,-0.6304433653352562,-1.4320043674872363,True,True,phase-mask-dependent,existing_pore
geometry_l2,known_oof,vc2whyaq,Batch_3,Batch_2,2,0.4006716342129004,0.8079584282836645,linear_decision_margin,corr_len_px,0.46412066131463964,2.8210561939796057,True,True,image appearance,raw_BSE_anchors
geometry_l2,known_oof,vc2whyaq,Batch_3,Batch_2,3,0.4006716342129004,0.8079584282836645,linear_decision_margin,graph_edge_length_iqr_ratio,-0.404854531149251,-0.9708159074492385,True,True,image appearance,new_spacing
geometry_l2,known_oof,vc2whyaq,Batch_3,Batch_2,4,0.4006716342129004,0.8079584282836645,linear_decision_margin,pore_frac,-0.22180185029906777,-0.5469318733645053,True,True,phase-mask-dependent,existing_pore
geometry_l2,known_oof,vc2whyaq,Batch_3,Batch_2,5,0.4006716342129004,0.8079584282836645,linear_decision_margin,inlens_particle_texture,0.2125929194759628,-0.6257690268378717,True,True,phase-mask-dependent,particle_texture
geometry_l2,known_oof,vc2whyaq,Batch_3,Batch_2,6,0.4006716342129004,0.8079584282836645,linear_decision_margin,pore_max_d,0.187212994629364,0.9174698831502218,True,True,phase-mask-dependent,existing_pore
geometry_l2,known_oof,vc2whyaq,Batch_3,Batch_2,7,0.4006716342129004,0.8079584282836645,linear_decision_margin,inlens_grad_energy,0.14827309772896802,-1.0929640827842806,True,True,phase-mask-dependent,joint_appearance
geometry_l2,known_oof,vc2whyaq,Batch_3,Batch_2,8,0.4006716342129004,0.8079584282836645,linear_decision_margin,inlens_particle_texture_p90,0.14503761981905894,-0.7259912279713067,True,True,phase-mask-dependent,particle_texture
geometry_l2,known_oof,vc2whyaq,Batch_3,Batch_2,9,0.4006716342129004,0.8079584282836645,linear_decision_margin,crack_g_0.2,0.144937941987294,1.3224426891822896,True,True,phase-mask-dependent,joint_appearance
geometry_l2,known_oof,vc2whyaq,Batch_3,Batch_2,10,0.4006716342129004,0.8079584282836645,linear_decision_margin,crack_g_0.3,0.11097270896193347,1.1593004651066905,True,True,phase-mask-dependent,joint_appearance
geometry_l2,known_oof,vc2whyaq,Batch_3,Batch_2,11,0.4006716342129004,0.8079584282836645,linear_decision_margin,bright_circ,0.09100314983614155,0.906415823385539,True,True,phase-mask-dependent,existing_bright
geometry_l2,known_oof,vc2whyaq,Batch_3,Batch_2,12,0.4006716342129004,0.8079584282836645,linear_decision_margin,bright_solidity_count_q10,0.07875978911111874,1.1879577475162648,True,True,image appearance,new_shape
geometry_l2,known_oof,vc2whyaq,Batch_3,Batch_2,13,0.4006716342129004,0.8079584282836645,linear_decision_margin,pore_elong,0.07628468661422594,0.8374491991884045,True,True,phase-mask-dependent,existing_pore
geometry_l2,known_oof,vc2whyaq,Batch_3,Batch_2,14,0.4006716342129004,0.8079584282836645,linear_decision_margin,bright_circularity_count_iqr,0.06636938353270963,-0.6057540758887823,True,True,image appearance,new_shape
geometry_l2,known_oof,vc2whyaq,Batch_3,Batch_2,15,0.4006716342129004,0.8079584282836645,linear_decision_margin,pore_d90,0.06238142168500348,0.5122341074616473,True,True,phase-mask-dependent,existing_pore
geometry_l2,known_oof,vc2whyaq,Batch_3,Batch_2,16,0.4006716342129004,0.8079584282836645,linear_decision_margin,bright_max_d,-0.06164607974182868,-1.0133690410823957,True,True,phase-mask-dependent,existing_bright
geometry_l2,known_oof,vc2whyaq,Batch_3,Batch_2,17,0.4006716342129004,0.8079584282836645,linear_decision_margin,bright_pore_crosscorr_xy_contrast_256px,-0.05717978901039279,2.0705845756206434,True,True,image appearance,new_crossphase
geometry_l2,known_oof,vc2whyaq,Batch_3,Batch_2,18,0.4006716342129004,0.8079584282836645,linear_decision_margin,bright_count_per_Mpx,-0.05525313093838954,-0.8285266733309458,True,True,phase-mask-dependent,existing_bright
geometry_l2,known_oof,vc2whyaq,Batch_3,Batch_2,19,0.4006716342129004,0.8079584282836645,linear_decision_margin,etd_crack_density_graphite,0.05491447452204068,1.1253471600450333,True,True,phase-mask-dependent,joint_appearance
geometry_l2,known_oof,vc2whyaq,Batch_3,Batch_2,20,0.4006716342129004,0.8079584282836645,linear_decision_margin,etd_crack_density_particles,0.05185779989549491,0.9845518553877626,True,True,phase-mask-dependent,joint_appearance
geometry_l2,known_oof,vc2whyaq,Batch_3,Batch_2,21,0.4006716342129004,0.8079584282836645,linear_decision_margin,bright_d10,-0.05022718299096368,1.3559934274349177,True,True,phase-mask-dependent,existing_bright
geometry_l2,known_oof,vc2whyaq,Batch_3,Batch_2,22,0.4006716342129004,0.8079584282836645,linear_decision_margin,crack_g_0.05,-0.04817344450696293,1.0234725030083551,True,True,phase-mask-dependent,joint_appearance
geometry_l2,known_oof,vc2whyaq,Batch_3,Batch_2,23,0.4006716342129004,0.8079584282836645,linear_decision_margin,bright_solidity,0.044103251467253246,0.7180733710405681,True,True,phase-mask-dependent,existing_bright
geometry_l2,known_oof,vc2whyaq,Batch_3,Batch_2,24,0.4006716342129004,0.8079584282836645,linear_decision_margin,bright_d90,-0.042567866932298574,-0.48316663969790474,True,True,phase-mask-dependent,existing_bright
geometry_l2,known_oof,vc2whyaq,Batch_3,Batch_2,25,0.4006716342129004,0.8079584282836645,linear_decision_margin,crack_frac,0.022423745090423195,0.12335797974854537,True,True,phase-mask-dependent,existing_pore
geometry_l2,known_oof,vc2whyaq,Batch_3,Batch_2,26,0.4006716342129004,0.8079584282836645,linear_decision_margin,bright_aspect_count_iqr,0.02157424271906804,-0.4896728276749721,True,True,image appearance,new_shape
geometry_l2,known_oof,vc2whyaq,Batch_3,Batch_2,27,0.4006716342129004,0.8079584282836645,linear_decision_margin,fft_slope,-0.01567063379607353,0.2921270367840129,True,True,image appearance,raw_BSE_anchors
geometry_l2,known_oof,vc2whyaq,Batch_3,Batch_2,28,0.4006716342129004,0.8079584282836645,linear_decision_margin,inlens_speckled_particle_frac,0.010782861324770137,-0.4055476058451603,True,True,phase-mask-dependent,particle_texture
geometry_l2,known_oof,vc2whyaq,Batch_3,Batch_2,29,0.4006716342129004,0.8079584282836645,linear_decision_margin,ridge_p97,0.010607738770661974,1.0150637845456687,True,True,phase-mask-dependent,joint_appearance
geometry_l2,known_oof,vc2whyaq,Batch_3,Batch_2,30,0.4006716342129004,0.8079584282836645,linear_decision_margin,bright_frac,0.008527655149124652,0.15439750419729165,True,True,phase-mask-dependent,existing_bright
geometry_l2,known_oof,vc2whyaq,Batch_3,Batch_2,31,0.4006716342129004,0.8079584282836645,linear_decision_margin,pore_d50,-0.007492163335148886,-0.04380756527301751,True,True,phase-mask-dependent,existing_pore
geometry_l2,known_oof,vc2whyaq,Batch_3,Batch_2,32,0.4006716342129004,0.8079584282836645,linear_decision_margin,bright_d50,0.007434586605004034,-0.10852254022359314,True,True,phase-mask-dependent,existing_bright
geometry_l2,known_oof,vc2whyaq,Batch_3,Batch_2,33,0.4006716342129004,0.8079584282836645,linear_decision_margin,local_bright_std_512px,-0.007289918342077528,-0.4522162041245203,True,True,image appearance,new_dispersion
geometry_l2,known_oof,vc2whyaq,Batch_3,Batch_2,34,0.4006716342129004,0.8079584282836645,linear_decision_margin,crack_g_0.1,-0.005865373348203607,1.586012775656472,True,True,phase-mask-dependent,joint_appearance
geometry_l2,known_oof,vc2whyaq,Batch_3,Batch_2,35,0.4006716342129004,0.8079584282836645,linear_decision_margin,void_local_width_d90_px,-0.0049831935791325044,-0.11703598767013426,True,True,image appearance,new_width
geometry_l2,known_oof,vc2whyaq,Batch_3,Batch_2,36,0.4006716342129004,0.8079584282836645,linear_decision_margin,void_local_width_d50_px,0.003146888884705455,-0.02249534007765349,True,True,image appearance,new_width
geometry_l2,known_oof,vc2whyaq,Batch_3,Batch_2,37,0.4006716342129004,0.8079584282836645,linear_decision_margin,crack_count_per_Mpx,-0.0025843017491551843,-0.02684760678848984,True,True,phase-mask-dependent,existing_pore
geometry_l2,known_oof,b3esycq1,Batch_1,Batch_3,1,-0.6831396353847228,1.0858931906663076,linear_decision_margin,bright_count_per_Mpx,-0.458428247659671,2.4986789546125023,True,True,phase-mask-dependent,existing_bright
geometry_l2,known_oof,b3esycq1,Batch_1,Batch_3,2,-0.6831396353847228,1.0858931906663076,linear_decision_margin,inlens_grad_energy,0.3620021054308667,1.3219951780523713,True,True,phase-mask-dependent,joint_appearance
geometry_l2,known_oof,b3esycq1,Batch_1,Batch_3,3,-0.6831396353847228,1.0858931906663076,linear_decision_margin,bright_pore_crosscorr_xy_contrast_256px,0.3524145905538008,1.611511640795697,True,True,image appearance,new_crossphase
geometry_l2,known_oof,b3esycq1,Batch_1,Batch_3,4,-0.6831396353847228,1.0858931906663076,linear_decision_margin,inlens_particle_texture,0.33115312912105815,0.9856005379284858,True,True,phase-mask-dependent,particle_texture
geometry_l2,known_oof,b3esycq1,Batch_1,Batch_3,5,-0.6831396353847228,1.0858931906663076,linear_decision_margin,graph_edge_length_iqr_ratio,0.21671706986841993,-0.8659474420997947,True,True,image appearance,new_spacing
geometry_l2,known_oof,b3esycq1,Batch_1,Batch_3,6,-0.6831396353847228,1.0858931906663076,linear_decision_margin,inlens_particle_texture_p90,0.18642518883656203,0.6622548449077961,True,True,phase-mask-dependent,particle_texture
geometry_l2,known_oof,b3esycq1,Batch_1,Batch_3,7,-0.6831396353847228,1.0858931906663076,linear_decision_margin,pore_elong,0.18153486449866701,-1.084767347081335,True,True,phase-mask-dependent,existing_pore
geometry_l2,known_oof,b3esycq1,Batch_1,Batch_3,8,-0.6831396353847228,1.0858931906663076,linear_decision_margin,ridge_p97,0.14896238412497673,-0.8249863909890599,True,True,phase-mask-dependent,joint_appearance
geometry_l2,known_oof,b3esycq1,Batch_1,Batch_3,9,-0.6831396353847228,1.0858931906663076,linear_decision_margin,bright_d50,0.13549856446659278,0.765034297897035,True,True,phase-mask-dependent,existing_bright
geometry_l2,known_oof,b3esycq1,Batch_1,Batch_3,10,-0.6831396353847228,1.0858931906663076,linear_decision_margin,etd_crack_density_graphite,0.11517105610555979,-0.6291461335490505,True,True,phase-mask-dependent,joint_appearance
geometry_l2,known_oof,b3esycq1,Batch_1,Batch_3,11,-0.6831396353847228,1.0858931906663076,linear_decision_margin,bright_aspect_count_iqr,0.10807106643634043,0.5838890807908537,True,True,image appearance,new_shape
geometry_l2,known_oof,b3esycq1,Batch_1,Batch_3,12,-0.6831396353847228,1.0858931906663076,linear_decision_margin,crack_g_0.3,0.1002180582700356,-0.47919746872022023,True,True,phase-mask-dependent,joint_appearance
geometry_l2,known_oof,b3esycq1,Batch_1,Batch_3,13,-0.6831396353847228,1.0858931906663076,linear_decision_margin,crack_g_0.05,0.09698094227082471,0.5342027494191206,True,True,phase-mask-dependent,joint_appearance
geometry_l2,known_oof,b3esycq1,Batch_1,Batch_3,14,-0.6831396353847228,1.0858931906663076,linear_decision_margin,etd_crack_density_particles,0.08557294313598839,2.3360993968217993,True,True,phase-mask-dependent,joint_appearance
geometry_l2,known_oof,b3esycq1,Batch_1,Batch_3,15,-0.6831396353847228,1.0858931906663076,linear_decision_margin,bright_solidity,-0.08019352017587272,-0.6136917434807435,True,True,phase-mask-dependent,existing_bright
geometry_l2,known_oof,b3esycq1,Batch_1,Batch_3,16,-0.6831396353847228,1.0858931906663076,linear_decision_margin,bright_frac,-0.07082190774046696,3.1215673003105766,True,True,phase-mask-dependent,existing_bright
geometry_l2,known_oof,b3esycq1,Batch_1,Batch_3,17,-0.6831396353847228,1.0858931906663076,linear_decision_margin,bright_d90,0.07056839470589767,-0.34236328628688917,True,True,phase-mask-dependent,existing_bright
geometry_l2,known_oof,b3esycq1,Batch_1,Batch_3,18,-0.6831396353847228,1.0858931906663076,linear_decision_margin,corr_len_px,0.0686421855631259,-0.49749587035671056,True,True,image appearance,raw_BSE_anchors
geometry_l2,known_oof,b3esycq1,Batch_1,Batch_3,19,-0.6831396353847228,1.0858931906663076,linear_decision_margin,bright_circ,-0.06666328726775626,-1.6766010918456005,True,True,phase-mask-dependent,existing_bright
geometry_l2,known_oof,b3esycq1,Batch_1,Batch_3,20,-0.6831396353847228,1.0858931906663076,linear_decision_margin,fft_slope,-0.057704798566475986,-0.2110513878483711,True,True,image appearance,raw_BSE_anchors
geometry_l2,known_oof,b3esycq1,Batch_1,Batch_3,21,-0.6831396353847228,1.0858931906663076,linear_decision_margin,crack_g_0.2,0.04830298543836313,-0.21835506412649303,True,True,phase-mask-dependent,joint_appearance
geometry_l2,known_oof,b3esycq1,Batch_1,Batch_3,22,-0.6831396353847228,1.0858931906663076,linear_decision_margin,local_bright_std_512px,-0.04777199630792357,0.5422537191185759,True,True,image appearance,new_dispersion
geometry_l2,known_oof,b3esycq1,Batch_1,Batch_3,23,-0.6831396353847228,1.0858931906663076,linear_decision_margin,pore_d90,0.04731772555495422,-0.4912831137803425,True,True,phase-mask-dependent,existing_pore
geometry_l2,known_oof,b3esycq1,Batch_1,Batch_3,24,-0.6831396353847228,1.0858931906663076,linear_decision_margin,pore_count_per_Mpx,-0.04440847969386632,-0.20423531168380302,True,True,phase-mask-dependent,existing_pore
geometry_l2,known_oof,b3esycq1,Batch_1,Batch_3,25,-0.6831396353847228,1.0858931906663076,linear_decision_margin,void_local_width_d90_px,-0.04391474409026279,-0.18349410134833147,True,True,image appearance,new_width
geometry_l2,known_oof,b3esycq1,Batch_1,Batch_3,26,-0.6831396353847228,1.0858931906663076,linear_decision_margin,pore_max_d,0.038084191625781146,-0.1844295123457713,True,True,phase-mask-dependent,existing_pore
geometry_l2,known_oof,b3esycq1,Batch_1,Batch_3,27,-0.6831396353847228,1.0858931906663076,linear_decision_margin,bright_circularity_count_iqr,-0.03596287617502354,1.09115995064228,True,True,image appearance,new_shape
geometry_l2,known_oof,b3esycq1,Batch_1,Batch_3,28,-0.6831396353847228,1.0858931906663076,linear_decision_margin,bright_solidity_count_q10,0.033000726478598814,-1.2318964025888255,True,True,image appearance,new_shape
geometry_l2,known_oof,b3esycq1,Batch_1,Batch_3,29,-0.6831396353847228,1.0858931906663076,linear_decision_margin,pore_frac,-0.029334467820646866,0.14264135181862156,True,True,phase-mask-dependent,existing_pore
geometry_l2,known_oof,b3esycq1,Batch_1,Batch_3,30,-0.6831396353847228,1.0858931906663076,linear_decision_margin,crack_g_0.1,-0.023858608573258177,0.29624177686221215,True,True,phase-mask-dependent,joint_appearance
geometry_l2,known_oof,b3esycq1,Batch_1,Batch_3,31,-0.6831396353847228,1.0858931906663076,linear_decision_margin,inlens_speckled_particle_frac,0.019121968146818182,0.24715742993235862,True,True,phase-mask-dependent,particle_texture
geometry_l2,known_oof,b3esycq1,Batch_1,Batch_3,32,-0.6831396353847228,1.0858931906663076,linear_decision_margin,crack_count_per_Mpx,-0.016348240747271883,-0.11829269983516813,True,True,phase-mask-dependent,existing_pore
geometry_l2,known_oof,b3esycq1,Batch_1,Batch_3,33,-0.6831396353847228,1.0858931906663076,linear_decision_margin,crack_frac,0.010663470468909789,-0.43960353682929953,True,True,phase-mask-dependent,existing_pore
geometry_l2,known_oof,b3esycq1,Batch_1,Batch_3,34,-0.6831396353847228,1.0858931906663076,linear_decision_margin,pore_d50,-0.0056081856888099335,-0.38578145522819246,True,True,phase-mask-dependent,existing_pore
geometry_l2,known_oof,b3esycq1,Batch_1,Batch_3,35,-0.6831396353847228,1.0858931906663076,linear_decision_margin,bright_max_d,-0.004774919388318221,0.07060647092713886,True,True,phase-mask-dependent,existing_bright
geometry_l2,known_oof,b3esycq1,Batch_1,Batch_3,36,-0.6831396353847228,1.0858931906663076,linear_decision_margin,bright_d10,-0.003001165352346364,-0.38050227201046594,True,True,phase-mask-dependent,existing_bright
geometry_l2,known_oof,b3esycq1,Batch_1,Batch_3,37,-0.6831396353847228,1.0858931906663076,linear_decision_margin,void_local_width_d50_px,0.0014046601968593225,-0.02249534007765349,True,True,image appearance,new_width
geometry_l2,known_oof,hawkfj64,Batch_3,Batch_2,1,0.3866149555258016,1.5585266874863761,linear_decision_margin,inlens_particle_texture,0.5129712482127329,-1.4920284743794123,True,True,phase-mask-dependent,particle_texture
geometry_l2,known_oof,hawkfj64,Batch_3,Batch_2,2,0.3866149555258016,1.5585266874863761,linear_decision_margin,graph_edge_length_iqr_ratio,0.4638050025973831,1.1516301849253412,True,True,image appearance,new_spacing
geometry_l2,known_oof,hawkfj64,Batch_3,Batch_2,3,0.3866149555258016,1.5585266874863761,linear_decision_margin,inlens_particle_texture_p90,0.2650267205746639,-1.3384741676716359,True,True,phase-mask-dependent,particle_texture
geometry_l2,known_oof,hawkfj64,Batch_3,Batch_2,4,0.3866149555258016,1.5585266874863761,linear_decision_margin,corr_len_px,0.25773414793296656,1.3496626265097886,True,True,image appearance,raw_BSE_anchors
geometry_l2,known_oof,hawkfj64,Batch_3,Batch_2,5,0.3866149555258016,1.5585266874863761,linear_decision_margin,void_local_width_d50_px,-0.2177774224326593,1.2932032328467014,True,True,image appearance,new_width
geometry_l2,known_oof,hawkfj64,Batch_3,Batch_2,6,0.3866149555258016,1.5585266874863761,linear_decision_margin,bright_d90,-0.2106588003286397,-2.0498609642802643,True,True,phase-mask-dependent,existing_bright
geometry_l2,known_oof,hawkfj64,Batch_3,Batch_2,7,0.3866149555258016,1.5585266874863761,linear_decision_margin,pore_max_d,-0.1947863090633356,-0.7564720206029186,True,True,phase-mask-dependent,existing_pore
geometry_l2,known_oof,hawkfj64,Batch_3,Batch_2,8,0.3866149555258016,1.5585266874863761,linear_decision_margin,inlens_grad_energy,0.18376078871489224,-1.449665398033597,True,True,phase-mask-dependent,joint_appearance
geometry_l2,known_oof,hawkfj64,Batch_3,Batch_2,9,0.3866149555258016,1.5585266874863761,linear_decision_margin,bright_frac,-0.14443904027671686,-1.7671005530002057,True,True,phase-mask-dependent,existing_bright
geometry_l2,known_oof,hawkfj64,Batch_3,Batch_2,10,0.3866149555258016,1.5585266874863761,linear_decision_margin,pore_count_per_Mpx,0.10958150371550943,0.28562746317112153,True,True,phase-mask-dependent,existing_pore
geometry_l2,known_oof,hawkfj64,Batch_3,Batch_2,11,0.3866149555258016,1.5585266874863761,linear_decision_margin,bright_d50,0.10766740189205017,-1.7793701122118417,True,True,phase-mask-dependent,existing_bright
geometry_l2,known_oof,hawkfj64,Batch_3,Batch_2,12,0.3866149555258016,1.5585266874863761,linear_decision_margin,pore_d90,-0.08936537104093416,-0.5557380278578951,True,True,phase-mask-dependent,existing_pore
geometry_l2,known_oof,hawkfj64,Batch_3,Batch_2,13,0.3866149555258016,1.5585266874863761,linear_decision_margin,crack_g_0.05,-0.08004550246441709,1.3027072482784658,True,True,phase-mask-dependent,joint_appearance
geometry_l2,known_oof,hawkfj64,Batch_3,Batch_2,14,0.3866149555258016,1.5585266874863761,linear_decision_margin,bright_circ,0.06909598918557097,0.6365868672366044,True,True,phase-mask-dependent,existing_bright
geometry_l2,known_oof,hawkfj64,Batch_3,Batch_2,15,0.3866149555258016,1.5585266874863761,linear_decision_margin,bright_count_per_Mpx,-0.06526813764804924,-0.8461348221645177,True,True,phase-mask-dependent,existing_bright
geometry_l2,known_oof,hawkfj64,Batch_3,Batch_2,16,0.3866149555258016,1.5585266874863761,linear_decision_margin,crack_g_0.2,0.05523463603855701,0.45807721705145477,True,True,phase-mask-dependent,joint_appearance
geometry_l2,known_oof,hawkfj64,Batch_3,Batch_2,17,0.3866149555258016,1.5585266874863761,linear_decision_margin,pore_d50,-0.054823466149519606,-0.2872207151314788,True,True,phase-mask-dependent,existing_pore
geometry_l2,known_oof,hawkfj64,Batch_3,Batch_2,18,0.3866149555258016,1.5585266874863761,linear_decision_margin,bright_solidity_count_q10,0.0529777016345565,0.996885490051257,True,True,image appearance,new_shape
geometry_l2,known_oof,hawkfj64,Batch_3,Batch_2,19,0.3866149555258016,1.5585266874863761,linear_decision_margin,bright_solidity,0.05122657434855802,1.3665378022425794,True,True,phase-mask-dependent,existing_bright
geometry_l2,known_oof,hawkfj64,Batch_3,Batch_2,20,0.3866149555258016,1.5585266874863761,linear_decision_margin,etd_crack_density_particles,0.04953721592385089,0.9074951696040513,True,True,phase-mask-dependent,joint_appearance
geometry_l2,known_oof,hawkfj64,Batch_3,Batch_2,21,0.3866149555258016,1.5585266874863761,linear_decision_margin,bright_pore_crosscorr_xy_contrast_256px,-0.04588866285765933,-1.0887552787347785,True,True,image appearance,new_crossphase
geometry_l2,known_oof,hawkfj64,Batch_3,Batch_2,22,0.3866149555258016,1.5585266874863761,linear_decision_margin,crack_count_per_Mpx,0.04283627992111241,0.47325659322261254,True,True,phase-mask-dependent,existing_pore
geometry_l2,known_oof,hawkfj64,Batch_3,Batch_2,23,0.3866149555258016,1.5585266874863761,linear_decision_margin,bright_circularity_count_iqr,-0.03804373659412723,0.30632067351162223,True,True,image appearance,new_shape
geometry_l2,known_oof,hawkfj64,Batch_3,Batch_2,24,0.3866149555258016,1.5585266874863761,linear_decision_margin,crack_g_0.3,0.034080161880343664,0.3178264500946253,True,True,phase-mask-dependent,joint_appearance
geometry_l2,known_oof,hawkfj64,Batch_3,Batch_2,25,0.3866149555258016,1.5585266874863761,linear_decision_margin,pore_frac,0.0284734493329034,0.07940848459798253,True,True,phase-mask-dependent,existing_pore
geometry_l2,known_oof,hawkfj64,Batch_3,Batch_2,26,0.3866149555258016,1.5585266874863761,linear_decision_margin,crack_frac,-0.028339906833670638,-0.14579895275165147,True,True,phase-mask-dependent,existing_pore
geometry_l2,known_oof,hawkfj64,Batch_3,Batch_2,27,0.3866149555258016,1.5585266874863761,linear_decision_margin,bright_aspect_count_iqr,0.025747167656494055,-0.5536571878604235,True,True,image appearance,new_shape
geometry_l2,known_oof,hawkfj64,Batch_3,Batch_2,28,0.3866149555258016,1.5585266874863761,linear_decision_margin,fft_slope,0.024415816559643394,-0.936655527288404,True,True,image appearance,raw_BSE_anchors
geometry_l2,known_oof,hawkfj64,Batch_3,Batch_2,29,0.3866149555258016,1.5585266874863761,linear_decision_margin,bright_max_d,-0.022831959271077815,-0.5859320896605271,True,True,phase-mask-dependent,existing_bright
geometry_l2,known_oof,hawkfj64,Batch_3,Batch_2,30,0.3866149555258016,1.5585266874863761,linear_decision_margin,void_local_width_d90_px,0.015153784774392814,0.40514796005935017,True,True,image appearance,new_width
geometry_l2,known_oof,hawkfj64,Batch_3,Batch_2,31,0.3866149555258016,1.5585266874863761,linear_decision_margin,local_bright_std_512px,-0.013297265784024724,-1.249050492354555,True,True,image appearance,new_dispersion
geometry_l2,known_oof,hawkfj64,Batch_3,Batch_2,32,0.3866149555258016,1.5585266874863761,linear_decision_margin,inlens_speckled_particle_frac,0.013153773823492648,-0.9043583903715952,True,True,phase-mask-dependent,particle_texture
geometry_l2,known_oof,hawkfj64,Batch_3,Batch_2,33,0.3866149555258016,1.5585266874863761,linear_decision_margin,etd_crack_density_graphite,0.009262318115688164,0.1462321422500266,True,True,phase-mask-dependent,joint_appearance
geometry_l2,known_oof,hawkfj64,Batch_3,Batch_2,34,0.3866149555258016,1.5585266874863761,linear_decision_margin,pore_elong,0.004089669686908336,0.042402858834875275,True,True,phase-mask-dependent,existing_pore
geometry_l2,known_oof,hawkfj64,Batch_3,Batch_2,35,0.3866149555258016,1.5585266874863761,linear_decision_margin,crack_g_0.1,-0.0037454769723464557,1.0236733176563304,True,True,phase-mask-dependent,joint_appearance
geometry_l2,known_oof,hawkfj64,Batch_3,Batch_2,36,0.3866149555258016,1.5585266874863761,linear_decision_margin,ridge_p97,0.003051592410408013,0.1303502298168124,True,True,phase-mask-dependent,joint_appearance
geometry_l2,known_oof,hawkfj64,Batch_3,Batch_2,37,0.3866149555258016,1.5585266874863761,linear_decision_margin,bright_d10,0.0023398447450736874,-1.255339197256084,True,True,phase-mask-dependent,existing_bright
geometry_l2,known_oof,epqdaau9,Batch_3,Batch_2,1,0.529599776146549,0.0044742535133201755,linear_decision_margin,pore_count_per_Mpx,0.6056464129647948,1.1891515823473413,True,True,phase-mask-dependent,existing_pore
geometry_l2,known_oof,epqdaau9,Batch_3,Batch_2,2,0.529599776146549,0.0044742535133201755,linear_decision_margin,pore_frac,-0.4407534722471064,-1.239514552364509,True,True,phase-mask-dependent,existing_pore
geometry_l2,known_oof,epqdaau9,Batch_3,Batch_2,3,0.529599776146549,0.0044742535133201755,linear_decision_margin,inlens_particle_texture,-0.30184428663967616,1.007488686014676,True,True,phase-mask-dependent,particle_texture
geometry_l2,known_oof,epqdaau9,Batch_3,Batch_2,4,0.529599776146549,0.0044742535133201755,linear_decision_margin,void_local_width_d50_px,0.21496939896924872,-1.195971517325742,True,True,image appearance,new_width
geometry_l2,known_oof,epqdaau9,Batch_3,Batch_2,5,0.529599776146549,0.0044742535133201755,linear_decision_margin,bright_d10,0.1761588213496711,1.6771039756260528,True,True,phase-mask-dependent,existing_bright
geometry_l2,known_oof,epqdaau9,Batch_3,Batch_2,6,0.529599776146549,0.0044742535133201755,linear_decision_margin,pore_d50,-0.17365997717767273,-1.246831480921927,True,True,phase-mask-dependent,existing_pore
geometry_l2,known_oof,epqdaau9,Batch_3,Batch_2,7,0.529599776146549,0.0044742535133201755,linear_decision_margin,crack_frac,-0.16752663071011406,-0.8891428217538158,True,True,phase-mask-dependent,existing_pore
geometry_l2,known_oof,epqdaau9,Batch_3,Batch_2,8,0.529599776146549,0.0044742535133201755,linear_decision_margin,pore_max_d,-0.16157336925793161,-0.6910531967535859,True,True,phase-mask-dependent,existing_pore
geometry_l2,known_oof,epqdaau9,Batch_3,Batch_2,9,0.529599776146549,0.0044742535133201755,linear_decision_margin,graph_edge_length_iqr_ratio,-0.1607756213207837,-0.3959874904445139,True,True,image appearance,new_spacing
geometry_l2,known_oof,epqdaau9,Batch_3,Batch_2,10,0.529599776146549,0.0044742535133201755,linear_decision_margin,inlens_particle_texture_p90,-0.12153123737295694,0.6762863455159132,True,True,phase-mask-dependent,particle_texture
geometry_l2,known_oof,epqdaau9,Batch_3,Batch_2,11,0.529599776146549,0.0044742535133201755,linear_decision_margin,bright_aspect_count_iqr,0.09440022854452895,-0.8706115762926266,True,True,image appearance,new_shape
geometry_l2,known_oof,epqdaau9,Batch_3,Batch_2,12,0.529599776146549,0.0044742535133201755,linear_decision_margin,pore_d90,-0.07827295065988076,-0.5169400875365006,True,True,phase-mask-dependent,existing_pore
geometry_l2,known_oof,epqdaau9,Batch_3,Batch_2,13,0.529599776146549,0.0044742535133201755,linear_decision_margin,crack_count_per_Mpx,-0.07794869571088191,-1.2083421816021576,True,True,phase-mask-dependent,existing_pore
geometry_l2,known_oof,epqdaau9,Batch_3,Batch_2,14,0.529599776146549,0.0044742535133201755,linear_decision_margin,inlens_grad_energy,-0.06970537369721799,0.7435480788744806,True,True,phase-mask-dependent,joint_appearance
geometry_l2,known_oof,epqdaau9,Batch_3,Batch_2,15,0.529599776146549,0.0044742535133201755,linear_decision_margin,ridge_p97,0.06756505719337283,0.8570395937223302,True,True,phase-mask-dependent,joint_appearance
geometry_l2,known_oof,epqdaau9,Batch_3,Batch_2,16,0.529599776146549,0.0044742535133201755,linear_decision_margin,etd_crack_density_graphite,0.05330693007859015,0.5744751546169691,True,True,phase-mask-dependent,joint_appearance
geometry_l2,known_oof,epqdaau9,Batch_3,Batch_2,17,0.529599776146549,0.0044742535133201755,linear_decision_margin,bright_circularity_count_iqr,-0.044872759091710075,0.7731536498204472,True,True,image appearance,new_shape
geometry_l2,known_oof,epqdaau9,Batch_3,Batch_2,18,0.529599776146549,0.0044742535133201755,linear_decision_margin,corr_len_px,-0.03953690429552124,-0.19444069369563424,True,True,image appearance,raw_BSE_anchors
geometry_l2,known_oof,epqdaau9,Batch_3,Batch_2,19,0.529599776146549,0.0044742535133201755,linear_decision_margin,bright_frac,0.037468667417775714,0.4791970078482336,True,True,phase-mask-dependent,existing_bright
geometry_l2,known_oof,epqdaau9,Batch_3,Batch_2,20,0.529599776146549,0.0044742535133201755,linear_decision_margin,bright_solidity_count_q10,0.03323454196088058,0.3464754776365941,True,True,image appearance,new_shape
geometry_l2,known_oof,epqdaau9,Batch_3,Batch_2,21,0.529599776146549,0.0044742535133201755,linear_decision_margin,bright_d90,0.03268755259572739,0.31581102709586606,True,True,phase-mask-dependent,existing_bright
geometry_l2,known_oof,epqdaau9,Batch_3,Batch_2,22,0.529599776146549,0.0044742535133201755,linear_decision_margin,bright_solidity,0.03182513052513301,-1.3096643538541426,True,True,phase-mask-dependent,existing_bright
geometry_l2,known_oof,epqdaau9,Batch_3,Batch_2,23,0.529599776146549,0.0044742535133201755,linear_decision_margin,crack_g_0.3,0.029274441673642505,0.2558672195460235,True,True,phase-mask-dependent,joint_appearance
geometry_l2,known_oof,epqdaau9,Batch_3,Batch_2,24,0.529599776146549,0.0044742535133201755,linear_decision_margin,bright_d50,-0.017205022164955595,0.3997032056205088,True,True,phase-mask-dependent,existing_bright
geometry_l2,known_oof,epqdaau9,Batch_3,Batch_2,25,0.529599776146549,0.0044742535133201755,linear_decision_margin,bright_count_per_Mpx,-0.01615313390216149,-0.3309564798462874,True,True,phase-mask-dependent,existing_bright
geometry_l2,known_oof,epqdaau9,Batch_3,Batch_2,26,0.529599776146549,0.0044742535133201755,linear_decision_margin,pore_elong,-0.014979546876003958,-0.1127484673721747,True,True,phase-mask-dependent,existing_pore
geometry_l2,known_oof,epqdaau9,Batch_3,Batch_2,27,0.529599776146549,0.0044742535133201755,linear_decision_margin,crack_g_0.2,-0.01454392861934169,-0.13920132754167747,True,True,phase-mask-dependent,joint_appearance
geometry_l2,known_oof,epqdaau9,Batch_3,Batch_2,28,0.529599776146549,0.0044742535133201755,linear_decision_margin,crack_g_0.1,0.013899542029659793,-0.46563357867116056,True,True,phase-mask-dependent,joint_appearance
geometry_l2,known_oof,epqdaau9,Batch_3,Batch_2,29,0.529599776146549,0.0044742535133201755,linear_decision_margin,etd_crack_density_particles,-0.013229266713673126,-0.8851126647390477,True,True,phase-mask-dependent,joint_appearance
geometry_l2,known_oof,epqdaau9,Batch_3,Batch_2,30,0.529599776146549,0.0044742535133201755,linear_decision_margin,fft_slope,-0.01117138251913781,0.20850328355474668,True,True,image appearance,raw_BSE_anchors
geometry_l2,known_oof,epqdaau9,Batch_3,Batch_2,31,0.529599776146549,0.0044742535133201755,linear_decision_margin,crack_g_0.05,0.009171910770645863,-0.18582093760003698,True,True,phase-mask-dependent,joint_appearance
geometry_l2,known_oof,epqdaau9,Batch_3,Batch_2,32,0.529599776146549,0.0044742535133201755,linear_decision_margin,void_local_width_d90_px,-0.008452084956435688,-1.1396766425192553,True,True,image appearance,new_width
geometry_l2,known_oof,epqdaau9,Batch_3,Batch_2,33,0.529599776146549,0.0044742535133201755,linear_decision_margin,inlens_speckled_particle_frac,-0.006843045142182251,0.45034328984510935,True,True,phase-mask-dependent,particle_texture
geometry_l2,known_oof,epqdaau9,Batch_3,Batch_2,34,0.529599776146549,0.0044742535133201755,linear_decision_margin,bright_pore_crosscorr_xy_contrast_256px,0.004722717900931552,-0.43225917139099945,True,True,image appearance,new_crossphase
geometry_l2,known_oof,epqdaau9,Batch_3,Batch_2,35,0.529599776146549,0.0044742535133201755,linear_decision_margin,bright_max_d,0.004416828867048779,-0.4683234783699559,True,True,phase-mask-dependent,existing_bright
geometry_l2,known_oof,epqdaau9,Batch_3,Batch_2,36,0.529599776146549,0.0044742535133201755,linear_decision_margin,local_bright_std_512px,0.0035623638580453503,0.2701180960003458,True,True,image appearance,new_dispersion
geometry_l2,known_oof,epqdaau9,Batch_3,Batch_2,37,0.529599776146549,0.0044742535133201755,linear_decision_margin,bright_circ,0.0031426197424193197,0.02178123695678607,True,True,phase-mask-dependent,existing_bright
geometry_l2,known_oof,x7u69zsw,Batch_3,Batch_2,1,0.4011291434458188,0.3271300599143796,linear_decision_margin,inlens_particle_texture,0.4150516433468182,-1.320377237823385,True,True,phase-mask-dependent,particle_texture
geometry_l2,known_oof,x7u69zsw,Batch_3,Batch_2,2,0.4011291434458188,0.3271300599143796,linear_decision_margin,corr_len_px,-0.25988281332692087,-1.1199102634290738,True,True,image appearance,raw_BSE_anchors
geometry_l2,known_oof,x7u69zsw,Batch_3,Batch_2,3,0.4011291434458188,0.3271300599143796,linear_decision_margin,local_bright_std_512px,-0.13453528630598527,2.8131521247662983,True,True,image appearance,new_dispersion
geometry_l2,known_oof,x7u69zsw,Batch_3,Batch_2,4,0.4011291434458188,0.3271300599143796,linear_decision_margin,bright_solidity_count_q10,-0.1170271931366086,-1.38027032787783,True,True,image appearance,new_shape
geometry_l2,known_oof,x7u69zsw,Batch_3,Batch_2,5,0.4011291434458188,0.3271300599143796,linear_decision_margin,bright_solidity,-0.1108562763333464,-1.3906600484451563,True,True,phase-mask-dependent,existing_bright
geometry_l2,known_oof,x7u69zsw,Batch_3,Batch_2,6,0.4011291434458188,0.3271300599143796,linear_decision_margin,bright_circularity_count_iqr,0.09747371334729772,-0.9859485331778781,True,True,image appearance,new_shape
geometry_l2,known_oof,x7u69zsw,Batch_3,Batch_2,7,0.4011291434458188,0.3271300599143796,linear_decision_margin,bright_d90,0.07992525606475138,2.3172816136290733,True,True,phase-mask-dependent,existing_bright
geometry_l2,known_oof,x7u69zsw,Batch_3,Batch_2,8,0.4011291434458188,0.3271300599143796,linear_decision_margin,pore_max_d,-0.06601315012380511,-0.2799564204512079,False,True,phase-mask-dependent,existing_pore
geometry_l2,known_oof,x7u69zsw,Batch_3,Batch_2,9,0.4011291434458188,0.3271300599143796,linear_decision_margin,bright_circ,-0.05977034871472218,-0.6000014081708646,True,True,phase-mask-dependent,existing_bright
geometry_l2,known_oof,x7u69zsw,Batch_3,Batch_2,10,0.4011291434458188,0.3271300599143796,linear_decision_margin,graph_edge_length_iqr_ratio,0.055325283520280794,0.1338127095584646,True,True,image appearance,new_spacing
geometry_l2,known_oof,x7u69zsw,Batch_3,Batch_2,11,0.4011291434458188,0.3271300599143796,linear_decision_margin,bright_count_per_Mpx,0.05069992659543111,2.3028300815169187,True,True,phase-mask-dependent,existing_bright
geometry_l2,known_oof,x7u69zsw,Batch_3,Batch_2,12,0.4011291434458188,0.3271300599143796,linear_decision_margin,bright_frac,0.047230233248562126,2.634533691038066,True,True,phase-mask-dependent,existing_bright
geometry_l2,known_oof,x7u69zsw,Batch_3,Batch_2,13,0.4011291434458188,0.3271300599143796,linear_decision_margin,pore_count_per_Mpx,0.03657780766133388,0.08867240084308725,False,True,phase-mask-dependent,existing_pore
geometry_l2,known_oof,x7u69zsw,Batch_3,Batch_2,14,0.4011291434458188,0.3271300599143796,linear_decision_margin,etd_crack_density_particles,-0.030527909377852828,-0.3060165388091885,False,True,phase-mask-dependent,joint_appearance
geometry_l2,known_oof,x7u69zsw,Batch_3,Batch_2,15,0.4011291434458188,0.3271300599143796,linear_decision_margin,pore_d90,-0.02941544630694675,-0.21624326552577536,False,True,phase-mask-dependent,existing_pore
geometry_l2,known_oof,x7u69zsw,Batch_3,Batch_2,16,0.4011291434458188,0.3271300599143796,linear_decision_margin,crack_frac,-0.028576303397653532,-0.15010898317622556,False,True,phase-mask-dependent,existing_pore
geometry_l2,known_oof,x7u69zsw,Batch_3,Batch_2,17,0.4011291434458188,0.3271300599143796,linear_decision_margin,inlens_particle_texture_p90,0.02818614235405242,-0.14038026785995678,True,True,phase-mask-dependent,particle_texture
geometry_l2,known_oof,x7u69zsw,Batch_3,Batch_2,18,0.4011291434458188,0.3271300599143796,linear_decision_margin,pore_d50,-0.01982176940327497,-0.1130462903200613,False,True,phase-mask-dependent,existing_pore
geometry_l2,known_oof,x7u69zsw,Batch_3,Batch_2,19,0.4011291434458188,0.3271300599143796,linear_decision_margin,inlens_grad_energy,-0.014911125898260973,0.10772806004969511,False,True,phase-mask-dependent,joint_appearance
geometry_l2,known_oof,x7u69zsw,Batch_3,Batch_2,20,0.4011291434458188,0.3271300599143796,linear_decision_margin,fft_slope,0.01477579088254563,-0.48180062320881817,True,True,image appearance,raw_BSE_anchors
geometry_l2,known_oof,x7u69zsw,Batch_3,Batch_2,21,0.4011291434458188,0.3271300599143796,linear_decision_margin,bright_d50,0.014366354429112172,-0.4878146378206156,True,True,phase-mask-dependent,existing_bright
geometry_l2,known_oof,x7u69zsw,Batch_3,Batch_2,22,0.4011291434458188,0.3271300599143796,linear_decision_margin,crack_g_0.05,-0.010560345508383837,0.20536164110472693,False,True,phase-mask-dependent,joint_appearance
geometry_l2,known_oof,x7u69zsw,Batch_3,Batch_2,23,0.4011291434458188,0.3271300599143796,linear_decision_margin,bright_aspect_count_iqr,-0.008910432753155034,0.22418561090379494,True,True,image appearance,new_shape
geometry_l2,known_oof,x7u69zsw,Batch_3,Batch_2,24,0.4011291434458188,0.3271300599143796,linear_decision_margin,etd_crack_density_graphite,-0.008471708512463965,-0.13143298504116052,False,True,phase-mask-dependent,joint_appearance
geometry_l2,known_oof,x7u69zsw,Batch_3,Batch_2,25,0.4011291434458188,0.3271300599143796,linear_decision_margin,crack_g_0.2,-0.00663350221035199,-0.053189429060936357,False,True,phase-mask-dependent,joint_appearance
geometry_l2,known_oof,x7u69zsw,Batch_3,Batch_2,26,0.4011291434458188,0.3271300599143796,linear_decision_margin,bright_max_d,-0.004754312980201482,2.31143120531797,True,True,phase-mask-dependent,existing_bright
geometry_l2,known_oof,x7u69zsw,Batch_3,Batch_2,27,0.4011291434458188,0.3271300599143796,linear_decision_margin,void_local_width_d90_px,-0.003708286651178816,-0.11131060109511245,False,True,image appearance,new_width
geometry_l2,known_oof,x7u69zsw,Batch_3,Batch_2,28,0.4011291434458188,0.3271300599143796,linear_decision_margin,void_local_width_d50_px,0.0031606304130449335,-0.02249534007765349,False,True,image appearance,new_width
geometry_l2,known_oof,x7u69zsw,Batch_3,Batch_2,29,0.4011291434458188,0.3271300599143796,linear_decision_margin,pore_elong,0.002871879951831062,0.03711991458534756,False,True,phase-mask-dependent,existing_pore
geometry_l2,known_oof,x7u69zsw,Batch_3,Batch_2,30,0.4011291434458188,0.3271300599143796,linear_decision_margin,ridge_p97,-0.002531013347546644,-0.1139233195556808,False,True,phase-mask-dependent,joint_appearance
geometry_l2,known_oof,x7u69zsw,Batch_3,Batch_2,31,0.4011291434458188,0.3271300599143796,linear_decision_margin,crack_count_per_Mpx,-0.002144899155633591,-0.024237795730777726,False,True,phase-mask-dependent,existing_pore
geometry_l2,known_oof,x7u69zsw,Batch_3,Batch_2,32,0.4011291434458188,0.3271300599143796,linear_decision_margin,inlens_speckled_particle_frac,0.0018912069842363147,-0.5001739633520991,True,True,phase-mask-dependent,particle_texture
geometry_l2,known_oof,x7u69zsw,Batch_3,Batch_2,33,0.4011291434458188,0.3271300599143796,linear_decision_margin,crack_g_0.3,-0.0011766079437154383,-0.009725831195308619,False,True,phase-mask-dependent,joint_appearance
geometry_l2,known_oof,x7u69zsw,Batch_3,Batch_2,34,0.4011291434458188,0.3271300599143796,linear_decision_margin,crack_g_0.1,-0.0008654780500099466,-0.05192663295001895,False,True,phase-mask-dependent,joint_appearance
geometry_l2,known_oof,x7u69zsw,Batch_3,Batch_2,35,0.4011291434458188,0.3271300599143796,linear_decision_margin,pore_frac,-0.0006205847308926999,-0.0015971949442644471,False,True,phase-mask-dependent,existing_pore
geometry_l2,known_oof,x7u69zsw,Batch_3,Batch_2,36,0.4011291434458188,0.3271300599143796,linear_decision_margin,bright_pore_crosscorr_xy_contrast_256px,0.000229943514886551,0.016295867211634407,False,True,image appearance,new_crossphase
geometry_l2,known_oof,x7u69zsw,Batch_3,Batch_2,37,0.4011291434458188,0.3271300599143796,linear_decision_margin,bright_d10,-5.0101676712514685e-05,-0.4890758503715856,True,True,phase-mask-dependent,existing_bright
geometry_l2,known_oof,avn74qx1,Batch_3,Batch_2,1,0.5830982354768405,0.7238141434854615,linear_decision_margin,pore_count_per_Mpx,-0.7702323097387173,-2.464782820030467,True,True,phase-mask-dependent,existing_pore
geometry_l2,known_oof,avn74qx1,Batch_3,Batch_2,2,0.5830982354768405,0.7238141434854615,linear_decision_margin,graph_edge_length_iqr_ratio,-0.4862289734527038,-1.3421686114121045,True,True,image appearance,new_spacing
geometry_l2,known_oof,avn74qx1,Batch_3,Batch_2,3,0.5830982354768405,0.7238141434854615,linear_decision_margin,bright_circ,0.4694025452447089,1.933445939594901,True,True,phase-mask-dependent,existing_bright
geometry_l2,known_oof,avn74qx1,Batch_3,Batch_2,4,0.5830982354768405,0.7238141434854615,linear_decision_margin,pore_frac,-0.35241257338719734,-1.0203578716768613,True,True,phase-mask-dependent,existing_pore
geometry_l2,known_oof,avn74qx1,Batch_3,Batch_2,5,0.5830982354768405,0.7238141434854615,linear_decision_margin,bright_solidity,0.27597367047203625,1.840167969790038,True,True,phase-mask-dependent,existing_bright
geometry_l2,known_oof,avn74qx1,Batch_3,Batch_2,6,0.5830982354768405,0.7238141434854615,linear_decision_margin,bright_d50,0.23257554233021474,-1.2986293462942327,True,True,phase-mask-dependent,existing_bright
geometry_l2,known_oof,avn74qx1,Batch_3,Batch_2,7,0.5830982354768405,0.7238141434854615,linear_decision_margin,bright_solidity_count_q10,0.22631950472350343,1.8000475603213926,True,True,image appearance,new_shape
geometry_l2,known_oof,avn74qx1,Batch_3,Batch_2,8,0.5830982354768405,0.7238141434854615,linear_decision_margin,bright_d90,0.13799974444156787,0.8599366271033664,True,True,phase-mask-dependent,existing_bright
geometry_l2,known_oof,avn74qx1,Batch_3,Batch_2,9,0.5830982354768405,0.7238141434854615,linear_decision_margin,crack_g_0.05,0.13342948200085794,1.7049125979860997,True,True,phase-mask-dependent,joint_appearance
geometry_l2,known_oof,avn74qx1,Batch_3,Batch_2,10,0.5830982354768405,0.7238141434854615,linear_decision_margin,pore_elong,0.1169468613730915,0.9066151786171097,True,True,phase-mask-dependent,existing_pore
geometry_l2,known_oof,avn74qx1,Batch_3,Batch_2,11,0.5830982354768405,0.7238141434854615,linear_decision_margin,inlens_particle_texture_p90,0.11202203334196698,-0.5280889795360537,True,True,phase-mask-dependent,particle_texture
geometry_l2,known_oof,avn74qx1,Batch_3,Batch_2,12,0.5830982354768405,0.7238141434854615,linear_decision_margin,pore_max_d,-0.09668587279810673,-0.424194881678145,True,True,phase-mask-dependent,existing_pore
geometry_l2,known_oof,avn74qx1,Batch_3,Batch_2,13,0.5830982354768405,0.7238141434854615,linear_decision_margin,crack_g_0.1,0.09127780613011245,1.259196370716145,True,True,phase-mask-dependent,joint_appearance
geometry_l2,known_oof,avn74qx1,Batch_3,Batch_2,14,0.5830982354768405,0.7238141434854615,linear_decision_margin,void_local_width_d50_px,-0.0687517873910453,1.2932032328467014,True,True,image appearance,new_width
geometry_l2,known_oof,avn74qx1,Batch_3,Batch_2,15,0.5830982354768405,0.7238141434854615,linear_decision_margin,local_bright_std_512px,0.06845223494667561,-0.9914431614753081,True,True,image appearance,new_dispersion
geometry_l2,known_oof,avn74qx1,Batch_3,Batch_2,16,0.5830982354768405,0.7238141434854615,linear_decision_margin,etd_crack_density_particles,-0.058303454831587095,-0.8328283188664675,True,True,phase-mask-dependent,joint_appearance
geometry_l2,known_oof,avn74qx1,Batch_3,Batch_2,17,0.5830982354768405,0.7238141434854615,linear_decision_margin,crack_frac,-0.05514979803711885,-0.2991846101483893,True,True,phase-mask-dependent,existing_pore
geometry_l2,known_oof,avn74qx1,Batch_3,Batch_2,18,0.5830982354768405,0.7238141434854615,linear_decision_margin,bright_count_per_Mpx,-0.05459408944085269,-1.4142990688077155,True,True,phase-mask-dependent,existing_bright
geometry_l2,known_oof,avn74qx1,Batch_3,Batch_2,19,0.5830982354768405,0.7238141434854615,linear_decision_margin,inlens_grad_energy,0.03140905976650651,-0.313425979094816,True,True,phase-mask-dependent,joint_appearance
geometry_l2,known_oof,avn74qx1,Batch_3,Batch_2,20,0.5830982354768405,0.7238141434854615,linear_decision_margin,pore_d90,0.029560491134226534,0.17943455596407473,True,True,phase-mask-dependent,existing_pore
geometry_l2,known_oof,avn74qx1,Batch_3,Batch_2,21,0.5830982354768405,0.7238141434854615,linear_decision_margin,crack_g_0.2,0.025443984267164325,0.24490312512831694,True,True,phase-mask-dependent,joint_appearance
geometry_l2,known_oof,avn74qx1,Batch_3,Batch_2,22,0.5830982354768405,0.7238141434854615,linear_decision_margin,void_local_width_d90_px,0.025235501661601538,0.3205278809538188,True,True,image appearance,new_width
geometry_l2,known_oof,avn74qx1,Batch_3,Batch_2,23,0.5830982354768405,0.7238141434854615,linear_decision_margin,crack_g_0.3,0.023403107847443982,0.2591163338061725,True,True,phase-mask-dependent,joint_appearance
geometry_l2,known_oof,avn74qx1,Batch_3,Batch_2,24,0.5830982354768405,0.7238141434854615,linear_decision_margin,etd_crack_density_graphite,0.02335672612497201,0.41526327808739094,True,True,phase-mask-dependent,joint_appearance
geometry_l2,known_oof,avn74qx1,Batch_3,Batch_2,25,0.5830982354768405,0.7238141434854615,linear_decision_margin,corr_len_px,0.02098741332808892,0.1068969246418024,True,True,image appearance,raw_BSE_anchors
geometry_l2,known_oof,avn74qx1,Batch_3,Batch_2,26,0.5830982354768405,0.7238141434854615,linear_decision_margin,bright_circularity_count_iqr,0.02055656033859292,-0.17497473242706735,True,True,image appearance,new_shape
geometry_l2,known_oof,avn74qx1,Batch_3,Batch_2,27,0.5830982354768405,0.7238141434854615,linear_decision_margin,inlens_particle_texture,0.01978037085165317,-0.061956908389700215,True,True,phase-mask-dependent,particle_texture
geometry_l2,known_oof,avn74qx1,Batch_3,Batch_2,28,0.5830982354768405,0.7238141434854615,linear_decision_margin,bright_frac,-0.017717389665619483,-1.5872339057305005,True,True,phase-mask-dependent,existing_bright
geometry_l2,known_oof,avn74qx1,Batch_3,Batch_2,29,0.5830982354768405,0.7238141434854615,linear_decision_margin,pore_d50,-0.016211014285424315,-0.08624758466722438,True,True,phase-mask-dependent,existing_pore
geometry_l2,known_oof,avn74qx1,Batch_3,Batch_2,30,0.5830982354768405,0.7238141434854615,linear_decision_margin,fft_slope,0.010008170190006493,0.6132008110072564,True,True,image appearance,raw_BSE_anchors
geometry_l2,known_oof,avn74qx1,Batch_3,Batch_2,31,0.5830982354768405,0.7238141434854615,linear_decision_margin,bright_aspect_count_iqr,0.008057012668773246,-0.3496683288903286,True,True,image appearance,new_shape
geometry_l2,known_oof,avn74qx1,Batch_3,Batch_2,32,0.5830982354768405,0.7238141434854615,linear_decision_margin,ridge_p97,0.007870007303732843,0.42088459466876876,True,True,phase-mask-dependent,joint_appearance
geometry_l2,known_oof,avn74qx1,Batch_3,Batch_2,33,0.5830982354768405,0.7238141434854615,linear_decision_margin,bright_max_d,0.005065608618558121,0.07139529152216756,True,True,phase-mask-dependent,existing_bright
geometry_l2,known_oof,avn74qx1,Batch_3,Batch_2,34,0.5830982354768405,0.7238141434854615,linear_decision_margin,bright_d10,0.0025938494128592304,0.5313544253244146,True,True,phase-mask-dependent,existing_bright
geometry_l2,known_oof,avn74qx1,Batch_3,Batch_2,35,0.5830982354768405,0.7238141434854615,linear_decision_margin,inlens_speckled_particle_frac,-0.000402755048660295,-0.25072263459626853,True,True,phase-mask-dependent,particle_texture
geometry_l2,known_oof,avn74qx1,Batch_3,Batch_2,36,0.5830982354768405,0.7238141434854615,linear_decision_margin,crack_count_per_Mpx,-0.0002897436151981713,-0.0035634177121862945,True,True,phase-mask-dependent,existing_pore
geometry_l2,known_oof,avn74qx1,Batch_3,Batch_2,37,0.5830982354768405,0.7238141434854615,linear_decision_margin,bright_pore_crosscorr_xy_contrast_256px,-3.161881806317889e-05,0.01606620769804204,True,True,image appearance,new_crossphase
geometry_l2,known_oof,x77cy643,Batch_3,Batch_2,1,0.40319700295896665,0.5637977638250316,linear_decision_margin,graph_edge_length_iqr_ratio,-0.7496000819481194,-1.6556245850360465,True,True,image appearance,new_spacing
geometry_l2,known_oof,x77cy643,Batch_3,Batch_2,2,0.40319700295896665,0.5637977638250316,linear_decision_margin,bright_circularity_count_iqr,-0.32395332002910454,1.7847769975184098,True,True,image appearance,new_shape
geometry_l2,known_oof,x77cy643,Batch_3,Batch_2,3,0.40319700295896665,0.5637977638250316,linear_decision_margin,inlens_particle_texture,0.250409697589799,-0.7189098301317588,True,True,phase-mask-dependent,particle_texture
geometry_l2,known_oof,x77cy643,Batch_3,Batch_2,4,0.40319700295896665,0.5637977638250316,linear_decision_margin,inlens_particle_texture_p90,0.2020354372098789,-1.0037292997884881,True,True,phase-mask-dependent,particle_texture
geometry_l2,known_oof,x77cy643,Batch_3,Batch_2,5,0.40319700295896665,0.5637977638250316,linear_decision_margin,inlens_grad_energy,0.16821325506818544,-1.47455263852446,True,True,phase-mask-dependent,joint_appearance
geometry_l2,known_oof,x77cy643,Batch_3,Batch_2,6,0.40319700295896665,0.5637977638250316,linear_decision_margin,pore_count_per_Mpx,0.14604812645470858,0.38127879323840846,True,True,phase-mask-dependent,existing_pore
geometry_l2,known_oof,x77cy643,Batch_3,Batch_2,7,0.40319700295896665,0.5637977638250316,linear_decision_margin,corr_len_px,0.14403196638040316,0.7151022790845142,True,True,image appearance,raw_BSE_anchors
geometry_l2,known_oof,x77cy643,Batch_3,Batch_2,8,0.40319700295896665,0.5637977638250316,linear_decision_margin,crack_g_0.2,0.12202786644288116,1.1330938635913514,True,True,phase-mask-dependent,joint_appearance
geometry_l2,known_oof,x77cy643,Batch_3,Batch_2,9,0.40319700295896665,0.5637977638250316,linear_decision_margin,void_local_width_d50_px,0.10461563143672259,-0.8811099139668612,True,True,image appearance,new_width
geometry_l2,known_oof,x77cy643,Batch_3,Batch_2,10,0.40319700295896665,0.5637977638250316,linear_decision_margin,pore_max_d,-0.09116553306332134,-0.35408859140839194,True,True,phase-mask-dependent,existing_pore
geometry_l2,known_oof,x77cy643,Batch_3,Batch_2,11,0.40319700295896665,0.5637977638250316,linear_decision_margin,bright_d10,-0.09045507183247777,1.7899860002785581,True,True,phase-mask-dependent,existing_bright
geometry_l2,known_oof,x77cy643,Batch_3,Batch_2,12,0.40319700295896665,0.5637977638250316,linear_decision_margin,crack_g_0.3,0.07973937918056187,0.7824158234686948,True,True,phase-mask-dependent,joint_appearance
geometry_l2,known_oof,x77cy643,Batch_3,Batch_2,13,0.40319700295896665,0.5637977638250316,linear_decision_margin,pore_frac,0.061805197534385806,0.1771455131772727,True,True,phase-mask-dependent,existing_pore
geometry_l2,known_oof,x77cy643,Batch_3,Batch_2,14,0.40319700295896665,0.5637977638250316,linear_decision_margin,bright_solidity_count_q10,0.06149111260815589,1.0995132648538635,True,True,image appearance,new_shape
geometry_l2,known_oof,x77cy643,Batch_3,Batch_2,15,0.40319700295896665,0.5637977638250316,linear_decision_margin,bright_max_d,-0.052393397419721724,-0.9012580159867849,True,True,phase-mask-dependent,existing_bright
geometry_l2,known_oof,x77cy643,Batch_3,Batch_2,16,0.40319700295896665,0.5637977638250316,linear_decision_margin,pore_elong,0.05075970193576081,0.5973370943177762,True,True,phase-mask-dependent,existing_pore
geometry_l2,known_oof,x77cy643,Batch_3,Batch_2,17,0.40319700295896665,0.5637977638250316,linear_decision_margin,bright_d50,0.04594313294960782,-0.9986123458324994,True,True,phase-mask-dependent,existing_bright
geometry_l2,known_oof,x77cy643,Batch_3,Batch_2,18,0.40319700295896665,0.5637977638250316,linear_decision_margin,bright_circ,0.044407039212547884,0.4338835241783986,True,True,phase-mask-dependent,existing_bright
geometry_l2,known_oof,x77cy643,Batch_3,Batch_2,19,0.40319700295896665,0.5637977638250316,linear_decision_margin,crack_count_per_Mpx,0.04183896775165538,0.5385919332038411,True,True,phase-mask-dependent,existing_pore
geometry_l2,known_oof,x77cy643,Batch_3,Batch_2,20,0.40319700295896665,0.5637977638250316,linear_decision_margin,bright_d90,-0.041368884419346864,-0.4787942552170648,True,True,phase-mask-dependent,existing_bright
geometry_l2,known_oof,x77cy643,Batch_3,Batch_2,21,0.40319700295896665,0.5637977638250316,linear_decision_margin,bright_count_per_Mpx,-0.040486665323342885,-0.5825600911847588,True,True,phase-mask-dependent,existing_bright
geometry_l2,known_oof,x77cy643,Batch_3,Batch_2,22,0.40319700295896665,0.5637977638250316,linear_decision_margin,etd_crack_density_graphite,0.03602915659294854,0.6003364320050144,True,True,phase-mask-dependent,joint_appearance
geometry_l2,known_oof,x77cy643,Batch_3,Batch_2,23,0.40319700295896665,0.5637977638250316,linear_decision_margin,bright_aspect_count_iqr,0.03602854002484095,-0.6785591874697958,True,True,image appearance,new_shape
geometry_l2,known_oof,x77cy643,Batch_3,Batch_2,24,0.40319700295896665,0.5637977638250316,linear_decision_margin,pore_d90,-0.03311434618678372,-0.2157578207328785,True,True,phase-mask-dependent,existing_pore
geometry_l2,known_oof,x77cy643,Batch_3,Batch_2,25,0.40319700295896665,0.5637977638250316,linear_decision_margin,crack_g_0.1,-0.031120550473836918,1.5531740915407535,True,True,phase-mask-dependent,joint_appearance
geometry_l2,known_oof,x77cy643,Batch_3,Batch_2,26,0.40319700295896665,0.5637977638250316,linear_decision_margin,bright_frac,0.029250605729666382,0.6446396130894443,True,True,phase-mask-dependent,existing_bright
geometry_l2,known_oof,x77cy643,Batch_3,Batch_2,27,0.40319700295896665,0.5637977638250316,linear_decision_margin,etd_crack_density_particles,-0.02302318722261434,-0.26100327938239004,True,True,phase-mask-dependent,joint_appearance
geometry_l2,known_oof,x77cy643,Batch_3,Batch_2,28,0.40319700295896665,0.5637977638250316,linear_decision_margin,pore_d50,-0.01970280583708763,-0.11100973278459728,True,True,phase-mask-dependent,existing_pore
geometry_l2,known_oof,x77cy643,Batch_3,Batch_2,29,0.40319700295896665,0.5637977638250316,linear_decision_margin,bright_solidity,0.018403698178563382,0.3892268178916876,True,True,phase-mask-dependent,existing_bright
geometry_l2,known_oof,x77cy643,Batch_3,Batch_2,30,0.40319700295896665,0.5637977638250316,linear_decision_margin,inlens_speckled_particle_frac,0.01825894598201365,-0.9043583903715952,True,True,phase-mask-dependent,particle_texture
geometry_l2,known_oof,x77cy643,Batch_3,Batch_2,31,0.40319700295896665,0.5637977638250316,linear_decision_margin,crack_g_0.05,-0.012128126341053827,0.348004651878168,True,True,phase-mask-dependent,joint_appearance
geometry_l2,known_oof,x77cy643,Batch_3,Batch_2,32,0.40319700295896665,0.5637977638250316,linear_decision_margin,ridge_p97,0.010577277161659461,0.4167219933728432,True,True,phase-mask-dependent,joint_appearance
geometry_l2,known_oof,x77cy643,Batch_3,Batch_2,33,0.40319700295896665,0.5637977638250316,linear_decision_margin,bright_pore_crosscorr_xy_contrast_256px,0.005738730407880323,0.3206135913819807,True,True,image appearance,new_crossphase
geometry_l2,known_oof,x77cy643,Batch_3,Batch_2,34,0.40319700295896665,0.5637977638250316,linear_decision_margin,fft_slope,-0.0034832184967713126,0.07442642109910326,True,True,image appearance,raw_BSE_anchors
geometry_l2,known_oof,x77cy643,Batch_3,Batch_2,35,0.40319700295896665,0.5637977638250316,linear_decision_margin,crack_frac,-0.0025839611684594895,-0.013482915853415637,True,True,phase-mask-dependent,existing_pore
geometry_l2,known_oof,x77cy643,Batch_3,Batch_2,36,0.40319700295896665,0.5637977638250316,linear_decision_margin,local_bright_std_512px,-0.0015361830059455238,-0.14864290923865303,True,True,image appearance,new_dispersion
geometry_l2,known_oof,x77cy643,Batch_3,Batch_2,37,0.40319700295896665,0.5637977638250316,linear_decision_margin,void_local_width_d90_px,-0.0009373721987747383,-0.02351740018358115,True,True,image appearance,new_width
geometry_l2,known_oof,pl8uabbv,Batch_1,Batch_3,1,-0.6079346061693682,1.8319837618189927,linear_decision_margin,inlens_particle_texture,0.5931520321185265,1.4853436117880612,True,True,phase-mask-dependent,particle_texture
geometry_l2,known_oof,pl8uabbv,Batch_1,Batch_3,2,-0.6079346061693682,1.8319837618189927,linear_decision_margin,inlens_grad_energy,0.4457979952945821,1.5091425925176585,True,True,phase-mask-dependent,joint_appearance
geometry_l2,known_oof,pl8uabbv,Batch_1,Batch_3,3,-0.6079346061693682,1.8319837618189927,linear_decision_margin,bright_pore_crosscorr_xy_contrast_256px,0.3971538405257483,1.4059779532423982,True,True,image appearance,new_crossphase
geometry_l2,known_oof,pl8uabbv,Batch_1,Batch_3,4,-0.6079346061693682,1.8319837618189927,linear_decision_margin,inlens_particle_texture_p90,0.3789689954253246,1.192047986494846,True,True,phase-mask-dependent,particle_texture
geometry_l2,known_oof,pl8uabbv,Batch_1,Batch_3,5,-0.6079346061693682,1.8319837618189927,linear_decision_margin,graph_edge_length_iqr_ratio,-0.298458743943992,1.6321779221010655,True,True,image appearance,new_spacing
geometry_l2,known_oof,pl8uabbv,Batch_1,Batch_3,6,-0.6079346061693682,1.8319837618189927,linear_decision_margin,inlens_speckled_particle_frac,0.29818085583668474,1.6973193655564531,True,True,phase-mask-dependent,particle_texture
geometry_l2,known_oof,pl8uabbv,Batch_1,Batch_3,7,-0.6079346061693682,1.8319837618189927,linear_decision_margin,pore_count_per_Mpx,0.26113589623733646,0.9363363726076005,True,True,phase-mask-dependent,existing_pore
geometry_l2,known_oof,pl8uabbv,Batch_1,Batch_3,8,-0.6079346061693682,1.8319837618189927,linear_decision_margin,local_bright_std_512px,0.23782459784557683,-1.5003022226865692,True,True,image appearance,new_dispersion
geometry_l2,known_oof,pl8uabbv,Batch_1,Batch_3,9,-0.6079346061693682,1.8319837618189927,linear_decision_margin,corr_len_px,0.19694309883992528,-1.1199102634290738,True,True,image appearance,raw_BSE_anchors
geometry_l2,known_oof,pl8uabbv,Batch_1,Batch_3,10,-0.6079346061693682,1.8319837618189927,linear_decision_margin,bright_count_per_Mpx,-0.18888657611574264,0.954041481526559,True,True,phase-mask-dependent,existing_bright
geometry_l2,known_oof,pl8uabbv,Batch_1,Batch_3,11,-0.6079346061693682,1.8319837618189927,linear_decision_margin,pore_elong,0.17735447748169872,-1.0287477022400449,True,True,phase-mask-dependent,existing_pore
geometry_l2,known_oof,pl8uabbv,Batch_1,Batch_3,12,-0.6079346061693682,1.8319837618189927,linear_decision_margin,bright_d50,-0.16838428515879592,-1.1241667943321736,True,True,phase-mask-dependent,existing_bright
geometry_l2,known_oof,pl8uabbv,Batch_1,Batch_3,13,-0.6079346061693682,1.8319837618189927,linear_decision_margin,bright_aspect_count_iqr,-0.1424955049437098,-0.9943972755473346,True,True,image appearance,new_shape
geometry_l2,known_oof,pl8uabbv,Batch_1,Batch_3,14,-0.6079346061693682,1.8319837618189927,linear_decision_margin,bright_d90,0.12961421330130504,-0.6471564194149667,True,True,phase-mask-dependent,existing_bright
geometry_l2,known_oof,pl8uabbv,Batch_1,Batch_3,15,-0.6079346061693682,1.8319837618189927,linear_decision_margin,pore_frac,-0.10903580803141699,0.7434855125387522,True,True,phase-mask-dependent,existing_pore
geometry_l2,known_oof,pl8uabbv,Batch_1,Batch_3,16,-0.6079346061693682,1.8319837618189927,linear_decision_margin,bright_solidity,-0.10223463311288797,-0.8298103385801996,True,True,phase-mask-dependent,existing_bright
geometry_l2,known_oof,pl8uabbv,Batch_1,Batch_3,17,-0.6079346061693682,1.8319837618189927,linear_decision_margin,fft_slope,0.09788477572473658,0.3442891681742723,True,True,image appearance,raw_BSE_anchors
geometry_l2,known_oof,pl8uabbv,Batch_1,Batch_3,18,-0.6079346061693682,1.8319837618189927,linear_decision_margin,pore_max_d,-0.09585266352020338,0.6717921581971642,True,True,phase-mask-dependent,existing_pore
geometry_l2,known_oof,pl8uabbv,Batch_1,Batch_3,19,-0.6079346061693682,1.8319837618189927,linear_decision_margin,crack_g_0.2,0.07162628182916966,-0.3245574983547385,True,True,phase-mask-dependent,joint_appearance
geometry_l2,known_oof,pl8uabbv,Batch_1,Batch_3,20,-0.6079346061693682,1.8319837618189927,linear_decision_margin,ridge_p97,0.0652622145514219,-0.3612583010545896,True,True,phase-mask-dependent,joint_appearance
geometry_l2,known_oof,pl8uabbv,Batch_1,Batch_3,21,-0.6079346061693682,1.8319837618189927,linear_decision_margin,crack_g_0.3,0.0604422136750597,-0.2902582799871213,True,True,phase-mask-dependent,joint_appearance
geometry_l2,known_oof,pl8uabbv,Batch_1,Batch_3,22,-0.6079346061693682,1.8319837618189927,linear_decision_margin,void_local_width_d50_px,0.052007661312669054,-0.5831042631301442,True,True,image appearance,new_width
geometry_l2,known_oof,pl8uabbv,Batch_1,Batch_3,23,-0.6079346061693682,1.8319837618189927,linear_decision_margin,crack_count_per_Mpx,-0.05125268315613791,-0.4846093169254866,True,True,phase-mask-dependent,existing_pore
geometry_l2,known_oof,pl8uabbv,Batch_1,Batch_3,24,-0.6079346061693682,1.8319837618189927,linear_decision_margin,bright_circularity_count_iqr,-0.05013548090505047,0.9955772013071102,True,True,image appearance,new_shape
geometry_l2,known_oof,pl8uabbv,Batch_1,Batch_3,25,-0.6079346061693682,1.8319837618189927,linear_decision_margin,etd_crack_density_graphite,0.046875785793603686,-0.2622107006507242,True,True,phase-mask-dependent,joint_appearance
geometry_l2,known_oof,pl8uabbv,Batch_1,Batch_3,26,-0.6079346061693682,1.8319837618189927,linear_decision_margin,bright_d10,0.045858648803239574,-1.323979258443123,True,True,phase-mask-dependent,existing_bright
geometry_l2,known_oof,pl8uabbv,Batch_1,Batch_3,27,-0.6079346061693682,1.8319837618189927,linear_decision_margin,crack_g_0.05,0.04099610116097212,0.20509160113902702,True,True,phase-mask-dependent,joint_appearance
geometry_l2,known_oof,pl8uabbv,Batch_1,Batch_3,28,-0.6079346061693682,1.8319837618189927,linear_decision_margin,crack_g_0.1,0.028301529051815776,-0.36703373757447666,True,True,phase-mask-dependent,joint_appearance
geometry_l2,known_oof,pl8uabbv,Batch_1,Batch_3,29,-0.6079346061693682,1.8319837618189927,linear_decision_margin,bright_circ,-0.023359226438287,-0.5241856550514107,True,True,phase-mask-dependent,existing_bright
geometry_l2,known_oof,pl8uabbv,Batch_1,Batch_3,30,-0.6079346061693682,1.8319837618189927,linear_decision_margin,bright_frac,0.020870580810412834,-0.22348085231274092,True,True,phase-mask-dependent,existing_bright
geometry_l2,known_oof,pl8uabbv,Batch_1,Batch_3,31,-0.6079346061693682,1.8319837618189927,linear_decision_margin,void_local_width_d90_px,0.013703276054117659,0.06348132658625628,True,True,image appearance,new_width
geometry_l2,known_oof,pl8uabbv,Batch_1,Batch_3,32,-0.6079346061693682,1.8319837618189927,linear_decision_margin,bright_max_d,0.006303802444867258,-0.1295689595337775,True,True,phase-mask-dependent,existing_bright
geometry_l2,known_oof,pl8uabbv,Batch_1,Batch_3,33,-0.6079346061693682,1.8319837618189927,linear_decision_margin,pore_d90,-0.004955907710857427,0.06834508536972599,True,True,phase-mask-dependent,existing_pore
geometry_l2,known_oof,pl8uabbv,Batch_1,Batch_3,34,-0.6079346061693682,1.8319837618189927,linear_decision_margin,etd_crack_density_particles,0.004534207298588284,0.3677251195567528,True,True,phase-mask-dependent,joint_appearance
geometry_l2,known_oof,pl8uabbv,Batch_1,Batch_3,35,-0.6079346061693682,1.8319837618189927,linear_decision_margin,crack_frac,0.002973432654511966,-0.14075861307539722,True,True,phase-mask-dependent,existing_pore
geometry_l2,known_oof,pl8uabbv,Batch_1,Batch_3,36,-0.6079346061693682,1.8319837618189927,linear_decision_margin,bright_solidity_count_q10,0.001685928259555491,0.04760713910484749,True,True,image appearance,new_shape
geometry_l2,known_oof,pl8uabbv,Batch_1,Batch_3,37,-0.6079346061693682,1.8319837618189927,linear_decision_margin,pore_d50,-0.00048256130600737146,-0.041123336050771134,True,True,phase-mask-dependent,existing_pore
geometry_l2,known_oof,cfe5vt7s,Batch_2,Batch_3,1,-0.39784923553717816,1.8510182088108447,linear_decision_margin,graph_edge_length_iqr_ratio,-0.558016478888081,1.6850613644094214,True,True,image appearance,new_spacing
geometry_l2,known_oof,cfe5vt7s,Batch_2,Batch_3,2,-0.39784923553717816,1.8510182088108447,linear_decision_margin,pore_max_d,0.30988035243089734,-1.1119976627752413,True,True,phase-mask-dependent,existing_pore
geometry_l2,known_oof,cfe5vt7s,Batch_2,Batch_3,3,-0.39784923553717816,1.8510182088108447,linear_decision_margin,pore_frac,0.28636044181060444,-0.7207759720621554,True,True,phase-mask-dependent,existing_pore
geometry_l2,known_oof,cfe5vt7s,Batch_2,Batch_3,4,-0.39784923553717816,1.8510182088108447,linear_decision_margin,crack_frac,0.28461600017626915,-1.2121494520187495,True,True,phase-mask-dependent,existing_pore
geometry_l2,known_oof,cfe5vt7s,Batch_2,Batch_3,5,-0.39784923553717816,1.8510182088108447,linear_decision_margin,inlens_particle_texture_p90,0.25586169109568024,1.0784114906826854,True,True,phase-mask-dependent,particle_texture
geometry_l2,known_oof,cfe5vt7s,Batch_2,Batch_3,6,-0.39784923553717816,1.8510182088108447,linear_decision_margin,crack_count_per_Mpx,0.25264700315261723,-1.4813425758304486,True,True,phase-mask-dependent,existing_pore
geometry_l2,known_oof,cfe5vt7s,Batch_2,Batch_3,7,-0.39784923553717816,1.8510182088108447,linear_decision_margin,inlens_particle_texture,0.1970472562775565,0.5836420366527331,True,True,phase-mask-dependent,particle_texture
geometry_l2,known_oof,cfe5vt7s,Batch_2,Batch_3,8,-0.39784923553717816,1.8510182088108447,linear_decision_margin,pore_d50,0.18888064678826919,-0.941878025236533,True,True,phase-mask-dependent,existing_pore
geometry_l2,known_oof,cfe5vt7s,Batch_2,Batch_3,9,-0.39784923553717816,1.8510182088108447,linear_decision_margin,pore_count_per_Mpx,0.1600349246010787,-0.3711460121174123,True,True,phase-mask-dependent,existing_pore
geometry_l2,known_oof,cfe5vt7s,Batch_2,Batch_3,10,-0.39784923553717816,1.8510182088108447,linear_decision_margin,corr_len_px,-0.14373148216844714,1.3496626265097886,True,True,image appearance,raw_BSE_anchors
geometry_l2,known_oof,cfe5vt7s,Batch_2,Batch_3,11,-0.39784923553717816,1.8510182088108447,linear_decision_margin,bright_aspect_count_iqr,0.14276852100426818,1.2879783167844496,True,True,image appearance,new_shape
geometry_l2,known_oof,cfe5vt7s,Batch_2,Batch_3,12,-0.39784923553717816,1.8510182088108447,linear_decision_margin,pore_elong,0.14024886011451418,-1.0666800385119233,True,True,phase-mask-dependent,existing_pore
geometry_l2,known_oof,cfe5vt7s,Batch_2,Batch_3,13,-0.39784923553717816,1.8510182088108447,linear_decision_margin,etd_crack_density_particles,0.12033920236339807,-0.9202025875623633,True,True,phase-mask-dependent,joint_appearance
geometry_l2,known_oof,cfe5vt7s,Batch_2,Batch_3,14,-0.39784923553717816,1.8510182088108447,linear_decision_margin,bright_d50,0.11519613854653331,1.0310112807136371,True,True,phase-mask-dependent,existing_bright
geometry_l2,known_oof,cfe5vt7s,Batch_2,Batch_3,15,-0.39784923553717816,1.8510182088108447,linear_decision_margin,pore_d90,0.10371655478212428,-0.6893141909885283,True,True,phase-mask-dependent,existing_pore
geometry_l2,known_oof,cfe5vt7s,Batch_2,Batch_3,16,-0.39784923553717816,1.8510182088108447,linear_decision_margin,bright_solidity,0.09908166981069762,-1.1393765652509988,True,True,phase-mask-dependent,existing_bright
geometry_l2,known_oof,cfe5vt7s,Batch_2,Batch_3,17,-0.39784923553717816,1.8510182088108447,linear_decision_margin,void_local_width_d50_px,-0.07889632908846862,-0.5831042631301442,True,True,image appearance,new_width
geometry_l2,known_oof,cfe5vt7s,Batch_2,Batch_3,18,-0.39784923553717816,1.8510182088108447,linear_decision_margin,crack_g_0.05,0.07566161472529506,-1.6718960872872322,True,True,phase-mask-dependent,joint_appearance
geometry_l2,known_oof,cfe5vt7s,Batch_2,Batch_3,19,-0.39784923553717816,1.8510182088108447,linear_decision_margin,bright_solidity_count_q10,0.058498118277857274,-0.8559938752284919,True,True,image appearance,new_shape
geometry_l2,known_oof,cfe5vt7s,Batch_2,Batch_3,20,-0.39784923553717816,1.8510182088108447,linear_decision_margin,inlens_speckled_particle_frac,0.05361331909101685,0.9468234636085625,True,True,phase-mask-dependent,particle_texture
geometry_l2,known_oof,cfe5vt7s,Batch_2,Batch_3,21,-0.39784923553717816,1.8510182088108447,linear_decision_margin,crack_g_0.1,0.04411750202146175,-1.0196867027489784,True,True,phase-mask-dependent,joint_appearance
geometry_l2,known_oof,cfe5vt7s,Batch_2,Batch_3,22,-0.39784923553717816,1.8510182088108447,linear_decision_margin,crack_g_0.2,0.038240514298531654,-0.3426576915495866,True,True,phase-mask-dependent,joint_appearance
geometry_l2,known_oof,cfe5vt7s,Batch_2,Batch_3,23,-0.39784923553717816,1.8510182088108447,linear_decision_margin,bright_pore_crosscorr_xy_contrast_256px,0.036948228302524186,-0.7092166676642895,True,True,image appearance,new_crossphase
geometry_l2,known_oof,cfe5vt7s,Batch_2,Batch_3,24,-0.39784923553717816,1.8510182088108447,linear_decision_margin,crack_g_0.3,0.034001068064133624,-0.30017025659622343,True,True,phase-mask-dependent,joint_appearance
geometry_l2,known_oof,cfe5vt7s,Batch_2,Batch_3,25,-0.39784923553717816,1.8510182088108447,linear_decision_margin,bright_count_per_Mpx,-0.028278381857942573,0.5839392946466421,True,True,phase-mask-dependent,existing_bright
geometry_l2,known_oof,cfe5vt7s,Batch_2,Batch_3,26,-0.39784923553717816,1.8510182088108447,linear_decision_margin,bright_max_d,0.02527458387932985,-0.3790029357848416,True,True,phase-mask-dependent,existing_bright
geometry_l2,known_oof,cfe5vt7s,Batch_2,Batch_3,27,-0.39784923553717816,1.8510182088108447,linear_decision_margin,inlens_grad_energy,0.023657786719095963,0.1898461208643674,True,True,phase-mask-dependent,joint_appearance
geometry_l2,known_oof,cfe5vt7s,Batch_2,Batch_3,28,-0.39784923553717816,1.8510182088108447,linear_decision_margin,bright_frac,-0.020170459010208107,0.6289783324038883,True,True,phase-mask-dependent,existing_bright
geometry_l2,known_oof,cfe5vt7s,Batch_2,Batch_3,29,-0.39784923553717816,1.8510182088108447,linear_decision_margin,local_bright_std_512px,0.019534304329737295,-0.3847728779416312,True,True,image appearance,new_dispersion
geometry_l2,known_oof,cfe5vt7s,Batch_2,Batch_3,30,-0.39784923553717816,1.8510182088108447,linear_decision_margin,bright_circ,0.017893139315975522,-0.18212734334073674,True,True,phase-mask-dependent,existing_bright
geometry_l2,known_oof,cfe5vt7s,Batch_2,Batch_3,31,-0.39784923553717816,1.8510182088108447,linear_decision_margin,bright_circularity_count_iqr,-0.01585837066014778,-0.14160126258698386,True,True,image appearance,new_shape
geometry_l2,known_oof,cfe5vt7s,Batch_2,Batch_3,32,-0.39784923553717816,1.8510182088108447,linear_decision_margin,etd_crack_density_graphite,0.015487726450807978,-0.2570142547815115,True,True,phase-mask-dependent,joint_appearance
geometry_l2,known_oof,cfe5vt7s,Batch_2,Batch_3,33,-0.39784923553717816,1.8510182088108447,linear_decision_margin,ridge_p97,0.015249339403673767,-0.42780053432343257,True,True,phase-mask-dependent,joint_appearance
geometry_l2,known_oof,cfe5vt7s,Batch_2,Batch_3,34,-0.39784923553717816,1.8510182088108447,linear_decision_margin,fft_slope,-0.01323248414382394,-0.5390324621386426,True,True,image appearance,raw_BSE_anchors
geometry_l2,known_oof,cfe5vt7s,Batch_2,Batch_3,35,-0.39784923553717816,1.8510182088108447,linear_decision_margin,bright_d90,-0.01055358979251148,0.24528450589803166,True,True,phase-mask-dependent,existing_bright
geometry_l2,known_oof,cfe5vt7s,Batch_2,Batch_3,36,-0.39784923553717816,1.8510182088108447,linear_decision_margin,void_local_width_d90_px,0.005252316471888751,-0.31806577027417077,True,True,image appearance,new_width
geometry_l2,known_oof,cfe5vt7s,Batch_2,Batch_3,37,-0.39784923553717816,1.8510182088108447,linear_decision_margin,bright_d10,-0.002503804348184321,-0.11588234460943066,True,True,phase-mask-dependent,existing_bright
geometry_l2,known_oof,rxax5ozo,Batch_3,Batch_2,1,0.5612604246266367,0.712728198742042,linear_decision_margin,graph_edge_length_iqr_ratio,-0.38629058274369116,-1.1295084586045463,True,True,image appearance,new_spacing
geometry_l2,known_oof,rxax5ozo,Batch_3,Batch_2,2,0.5612604246266367,0.712728198742042,linear_decision_margin,pore_count_per_Mpx,-0.38349878567851536,-1.0250526060811382,True,True,phase-mask-dependent,existing_pore
geometry_l2,known_oof,rxax5ozo,Batch_3,Batch_2,3,0.5612604246266367,0.712728198742042,linear_decision_margin,inlens_grad_energy,0.35127036233407916,-1.3831021874645588,True,True,phase-mask-dependent,joint_appearance
geometry_l2,known_oof,rxax5ozo,Batch_3,Batch_2,4,0.5612604246266367,0.712728198742042,linear_decision_margin,inlens_particle_texture,0.261731417617516,-0.692336898696944,True,True,phase-mask-dependent,particle_texture
geometry_l2,known_oof,rxax5ozo,Batch_3,Batch_2,5,0.5612604246266367,0.712728198742042,linear_decision_margin,bright_circularity_count_iqr,0.22566641434023965,-0.9952030995740322,True,True,image appearance,new_shape
geometry_l2,known_oof,rxax5ozo,Batch_3,Batch_2,6,0.5612604246266367,0.712728198742042,linear_decision_margin,pore_frac,-0.1787789067186138,-0.45677441331617824,True,True,phase-mask-dependent,existing_pore
geometry_l2,known_oof,rxax5ozo,Batch_3,Batch_2,7,0.5612604246266367,0.712728198742042,linear_decision_margin,void_local_width_d50_px,0.1265101503748994,-0.5831042631301442,True,True,image appearance,new_width
geometry_l2,known_oof,rxax5ozo,Batch_3,Batch_2,8,0.5612604246266367,0.712728198742042,linear_decision_margin,inlens_particle_texture_p90,0.11583358010017553,-0.5509415549279455,True,True,phase-mask-dependent,particle_texture
geometry_l2,known_oof,rxax5ozo,Batch_3,Batch_2,9,0.5612604246266367,0.712728198742042,linear_decision_margin,pore_max_d,-0.10619703975606591,-0.4608368610895241,True,True,phase-mask-dependent,existing_pore
geometry_l2,known_oof,rxax5ozo,Batch_3,Batch_2,10,0.5612604246266367,0.712728198742042,linear_decision_margin,corr_len_px,0.10017964794642244,0.4091771842482655,True,True,image appearance,raw_BSE_anchors
geometry_l2,known_oof,rxax5ozo,Batch_3,Batch_2,11,0.5612604246266367,0.712728198742042,linear_decision_margin,crack_frac,-0.09642191365135512,-0.5493077869231013,True,True,phase-mask-dependent,existing_pore
geometry_l2,known_oof,rxax5ozo,Batch_3,Batch_2,12,0.5612604246266367,0.712728198742042,linear_decision_margin,bright_pore_crosscorr_xy_contrast_256px,0.08268225442746027,-0.9429983307728415,True,True,image appearance,new_crossphase
geometry_l2,known_oof,rxax5ozo,Batch_3,Batch_2,13,0.5612604246266367,0.712728198742042,linear_decision_margin,pore_d50,-0.0793587104382257,-0.45956942498142384,True,True,phase-mask-dependent,existing_pore
geometry_l2,known_oof,rxax5ozo,Batch_3,Batch_2,14,0.5612604246266367,0.712728198742042,linear_decision_margin,fft_slope,0.059924388798237437,-0.6377522031208088,True,True,image appearance,raw_BSE_anchors
geometry_l2,known_oof,rxax5ozo,Batch_3,Batch_2,15,0.5612604246266367,0.712728198742042,linear_decision_margin,inlens_speckled_particle_frac,0.058268906489867975,-0.9043583903715952,True,True,phase-mask-dependent,particle_texture
geometry_l2,known_oof,rxax5ozo,Batch_3,Batch_2,16,0.5612604246266367,0.712728198742042,linear_decision_margin,pore_d90,-0.05171367814353551,-0.3703281886932675,True,True,phase-mask-dependent,existing_pore
geometry_l2,known_oof,rxax5ozo,Batch_3,Batch_2,17,0.5612604246266367,0.712728198742042,linear_decision_margin,crack_g_0.2,0.04557218445837917,0.340940380299517,True,True,phase-mask-dependent,joint_appearance
geometry_l2,known_oof,rxax5ozo,Batch_3,Batch_2,18,0.5612604246266367,0.712728198742042,linear_decision_margin,etd_crack_density_particles,-0.0429574640563105,-0.5284360822178253,True,True,phase-mask-dependent,joint_appearance
geometry_l2,known_oof,rxax5ozo,Batch_3,Batch_2,19,0.5612604246266367,0.712728198742042,linear_decision_margin,crack_g_0.3,0.028681039987097017,0.25715690395676927,True,True,phase-mask-dependent,joint_appearance
geometry_l2,known_oof,rxax5ozo,Batch_3,Batch_2,20,0.5612604246266367,0.712728198742042,linear_decision_margin,crack_count_per_Mpx,-0.027038074930981603,-0.3072840270703856,True,True,phase-mask-dependent,existing_pore
geometry_l2,known_oof,rxax5ozo,Batch_3,Batch_2,21,0.5612604246266367,0.712728198742042,linear_decision_margin,pore_elong,0.019548825133624992,0.20194500646437386,True,True,phase-mask-dependent,existing_pore
geometry_l2,known_oof,rxax5ozo,Batch_3,Batch_2,22,0.5612604246266367,0.712728198742042,linear_decision_margin,etd_crack_density_graphite,0.01740391557946106,0.25987211694017004,True,True,phase-mask-dependent,joint_appearance
geometry_l2,known_oof,rxax5ozo,Batch_3,Batch_2,23,0.5612604246266367,0.712728198742042,linear_decision_margin,bright_d50,-0.01591030076520952,0.35257558589985155,True,True,phase-mask-dependent,existing_bright
geometry_l2,known_oof,rxax5ozo,Batch_3,Batch_2,24,0.5612604246266367,0.712728198742042,linear_decision_margin,void_local_width_d90_px,-0.015657272209132125,-0.4782375931714734,True,True,image appearance,new_width
geometry_l2,known_oof,rxax5ozo,Batch_3,Batch_2,25,0.5612604246266367,0.712728198742042,linear_decision_margin,bright_frac,-0.012469088568564905,-0.4324291081430728,True,True,phase-mask-dependent,existing_bright
geometry_l2,known_oof,rxax5ozo,Batch_3,Batch_2,26,0.5612604246266367,0.712728198742042,linear_decision_margin,crack_g_0.1,0.009811822724261517,0.3757881005340611,True,True,phase-mask-dependent,joint_appearance
geometry_l2,known_oof,rxax5ozo,Batch_3,Batch_2,27,0.5612604246266367,0.712728198742042,linear_decision_margin,ridge_p97,0.007788921131696884,0.2916979304142104,True,True,phase-mask-dependent,joint_appearance
geometry_l2,known_oof,rxax5ozo,Batch_3,Batch_2,28,0.5612604246266367,0.712728198742042,linear_decision_margin,bright_circ,0.0075059935556715035,-1.028690772952484,True,True,phase-mask-dependent,existing_bright
geometry_l2,known_oof,rxax5ozo,Batch_3,Batch_2,29,0.5612604246266367,0.712728198742042,linear_decision_margin,bright_count_per_Mpx,0.006564872929910006,-0.8285266733309459,True,True,phase-mask-dependent,existing_bright
geometry_l2,known_oof,rxax5ozo,Batch_3,Batch_2,30,0.5612604246266367,0.712728198742042,linear_decision_margin,bright_max_d,0.0065186772395992,-0.5653175888088615,True,True,phase-mask-dependent,existing_bright
geometry_l2,known_oof,rxax5ozo,Batch_3,Batch_2,31,0.5612604246266367,0.712728198742042,linear_decision_margin,bright_solidity,0.006338433168337572,-0.5200864946127276,True,True,phase-mask-dependent,existing_bright
geometry_l2,known_oof,rxax5ozo,Batch_3,Batch_2,32,0.5612604246266367,0.712728198742042,linear_decision_margin,bright_solidity_count_q10,0.004586118434529508,0.10655624719031474,True,True,image appearance,new_shape
geometry_l2,known_oof,rxax5ozo,Batch_3,Batch_2,33,0.5612604246266367,0.712728198742042,linear_decision_margin,bright_d90,0.0039996147663558706,-0.5276946475869592,True,True,phase-mask-dependent,existing_bright
geometry_l2,known_oof,rxax5ozo,Batch_3,Batch_2,34,0.5612604246266367,0.712728198742042,linear_decision_margin,bright_aspect_count_iqr,0.003635879466167592,0.30665566443598236,True,True,image appearance,new_shape
geometry_l2,known_oof,rxax5ozo,Batch_3,Batch_2,35,0.5612604246266367,0.712728198742042,linear_decision_margin,bright_d10,-0.0032570423610778893,0.07408867097315185,True,True,phase-mask-dependent,existing_bright
geometry_l2,known_oof,rxax5ozo,Batch_3,Batch_2,36,0.5612604246266367,0.712728198742042,linear_decision_margin,local_bright_std_512px,0.0020150356562661413,0.180896554402336,True,True,image appearance,new_dispersion
geometry_l2,known_oof,rxax5ozo,Batch_3,Batch_2,37,0.5612604246266367,0.712728198742042,linear_decision_margin,crack_g_0.05,-0.0010218225235714958,0.06609408267085848,True,True,phase-mask-dependent,joint_appearance
geometry_l2,known_oof,3806gxp0,Batch_2,Batch_3,1,-0.4545303108460419,1.4933284455526785,linear_decision_margin,pore_count_per_Mpx,0.5788603564037225,-1.4678587794146638,True,True,phase-mask-dependent,existing_pore
geometry_l2,known_oof,3806gxp0,Batch_2,Batch_3,2,-0.4545303108460419,1.4933284455526785,linear_decision_margin,graph_edge_length_iqr_ratio,0.48938298407442676,-1.1592683097086938,True,True,image appearance,new_spacing
geometry_l2,known_oof,3806gxp0,Batch_2,Batch_3,3,-0.4545303108460419,1.4933284455526785,linear_decision_margin,pore_frac,0.4385922900718785,-1.1438444062253281,True,True,phase-mask-dependent,existing_pore
geometry_l2,known_oof,3806gxp0,Batch_2,Batch_3,4,-0.4545303108460419,1.4933284455526785,linear_decision_margin,bright_circularity_count_iqr,-0.35791857994111503,-1.845363504889436,True,True,image appearance,new_shape
geometry_l2,known_oof,3806gxp0,Batch_2,Batch_3,5,-0.4545303108460419,1.4933284455526785,linear_decision_margin,pore_max_d,0.2537731512495603,-1.150227514713504,True,True,phase-mask-dependent,existing_pore
geometry_l2,known_oof,3806gxp0,Batch_2,Batch_3,6,-0.4545303108460419,1.4933284455526785,linear_decision_margin,crack_frac,0.22714460612465628,-1.298853280967431,True,True,phase-mask-dependent,existing_pore
geometry_l2,known_oof,3806gxp0,Batch_2,Batch_3,7,-0.4545303108460419,1.4933284455526785,linear_decision_margin,pore_d50,0.18173188935145546,-1.1001957509652245,True,True,phase-mask-dependent,existing_pore
geometry_l2,known_oof,3806gxp0,Batch_2,Batch_3,8,-0.4545303108460419,1.4933284455526785,linear_decision_margin,bright_pore_crosscorr_xy_contrast_256px,-0.14514603650357338,1.630966433181947,True,True,image appearance,new_crossphase
geometry_l2,known_oof,3806gxp0,Batch_2,Batch_3,9,-0.4545303108460419,1.4933284455526785,linear_decision_margin,corr_len_px,0.13860272550367428,-0.8050055431119825,True,True,image appearance,raw_BSE_anchors
geometry_l2,known_oof,3806gxp0,Batch_2,Batch_3,10,-0.4545303108460419,1.4933284455526785,linear_decision_margin,pore_d90,0.12754178586400036,-1.022637058379252,True,True,phase-mask-dependent,existing_pore
geometry_l2,known_oof,3806gxp0,Batch_2,Batch_3,11,-0.4545303108460419,1.4933284455526785,linear_decision_margin,inlens_particle_texture_p90,-0.08861907202112103,-0.4293727426057049,True,True,phase-mask-dependent,particle_texture
geometry_l2,known_oof,3806gxp0,Batch_2,Batch_3,12,-0.4545303108460419,1.4933284455526785,linear_decision_margin,crack_count_per_Mpx,0.08036539062939463,-1.466898986341511,True,True,phase-mask-dependent,existing_pore
geometry_l2,known_oof,3806gxp0,Batch_2,Batch_3,13,-0.4545303108460419,1.4933284455526785,linear_decision_margin,bright_solidity_count_q10,-0.07641703832552349,0.8924039228853371,True,True,image appearance,new_shape
geometry_l2,known_oof,3806gxp0,Batch_2,Batch_3,14,-0.4545303108460419,1.4933284455526785,linear_decision_margin,bright_solidity,-0.07082122511854115,0.778474795946507,True,True,phase-mask-dependent,existing_bright
geometry_l2,known_oof,3806gxp0,Batch_2,Batch_3,15,-0.4545303108460419,1.4933284455526785,linear_decision_margin,etd_crack_density_particles,0.06513950580599562,-1.0585556904738629,True,True,phase-mask-dependent,joint_appearance
geometry_l2,known_oof,3806gxp0,Batch_2,Batch_3,16,-0.4545303108460419,1.4933284455526785,linear_decision_margin,crack_g_0.3,0.05525862902585145,-0.4964177778395356,True,True,phase-mask-dependent,joint_appearance
geometry_l2,known_oof,3806gxp0,Batch_2,Batch_3,17,-0.4545303108460419,1.4933284455526785,linear_decision_margin,bright_aspect_count_iqr,-0.0454531759867113,-0.6518416311393284,True,True,image appearance,new_shape
geometry_l2,known_oof,3806gxp0,Batch_2,Batch_3,18,-0.4545303108460419,1.4933284455526785,linear_decision_margin,inlens_grad_energy,-0.045006099990378044,-0.31240742492289264,True,True,phase-mask-dependent,joint_appearance
geometry_l2,known_oof,3806gxp0,Batch_2,Batch_3,19,-0.4545303108460419,1.4933284455526785,linear_decision_margin,crack_g_0.2,0.0413659784952981,-0.3507563237175749,True,True,phase-mask-dependent,joint_appearance
geometry_l2,known_oof,3806gxp0,Batch_2,Batch_3,20,-0.4545303108460419,1.4933284455526785,linear_decision_margin,bright_d50,0.03703338822848349,0.7947678990959968,True,True,phase-mask-dependent,existing_bright
geometry_l2,known_oof,3806gxp0,Batch_2,Batch_3,21,-0.4545303108460419,1.4933284455526785,linear_decision_margin,inlens_speckled_particle_frac,-0.03595670340338346,-0.9043583903715952,True,True,phase-mask-dependent,particle_texture
geometry_l2,known_oof,3806gxp0,Batch_2,Batch_3,22,-0.4545303108460419,1.4933284455526785,linear_decision_margin,bright_circ,-0.033514076032283416,0.28254153297490175,True,True,phase-mask-dependent,existing_bright
geometry_l2,known_oof,3806gxp0,Batch_2,Batch_3,23,-0.4545303108460419,1.4933284455526785,linear_decision_margin,bright_count_per_Mpx,0.03093767765949148,-0.5440222388513902,True,True,phase-mask-dependent,existing_bright
geometry_l2,known_oof,3806gxp0,Batch_2,Batch_3,24,-0.4545303108460419,1.4933284455526785,linear_decision_margin,etd_crack_density_graphite,0.025713874623037435,-0.5137715941148514,True,True,phase-mask-dependent,joint_appearance
geometry_l2,known_oof,3806gxp0,Batch_2,Batch_3,25,-0.4545303108460419,1.4933284455526785,linear_decision_margin,pore_elong,0.02117916346973593,-0.2065424288480609,True,True,phase-mask-dependent,existing_pore
geometry_l2,known_oof,3806gxp0,Batch_2,Batch_3,26,-0.4545303108460419,1.4933284455526785,linear_decision_margin,bright_d90,0.020067626562335173,-0.6691120942832445,True,True,phase-mask-dependent,existing_bright
geometry_l2,known_oof,3806gxp0,Batch_2,Batch_3,27,-0.4545303108460419,1.4933284455526785,linear_decision_margin,void_local_width_d90_px,0.018892749139536896,-1.0876980672173302,True,True,image appearance,new_width
geometry_l2,known_oof,3806gxp0,Batch_2,Batch_3,28,-0.4545303108460419,1.4933284455526785,linear_decision_margin,inlens_particle_texture,0.017128600195539762,0.05063278631003456,True,True,phase-mask-dependent,particle_texture
geometry_l2,known_oof,3806gxp0,Batch_2,Batch_3,29,-0.4545303108460419,1.4933284455526785,linear_decision_margin,bright_max_d,0.015181625077113634,-0.36942804453792316,True,True,phase-mask-dependent,existing_bright
geometry_l2,known_oof,3806gxp0,Batch_2,Batch_3,30,-0.4545303108460419,1.4933284455526785,linear_decision_margin,fft_slope,-0.01481420840783131,-0.3185088589212156,True,True,image appearance,raw_BSE_anchors
geometry_l2,known_oof,3806gxp0,Batch_2,Batch_3,31,-0.4545303108460419,1.4933284455526785,linear_decision_margin,local_bright_std_512px,-0.010188916715628289,0.4173770392984456,True,True,image appearance,new_dispersion
geometry_l2,known_oof,3806gxp0,Batch_2,Batch_3,32,-0.4545303108460419,1.4933284455526785,linear_decision_margin,bright_d10,0.0067776121753838235,0.31414268653293187,True,True,phase-mask-dependent,existing_bright
geometry_l2,known_oof,3806gxp0,Batch_2,Batch_3,33,-0.4545303108460419,1.4933284455526785,linear_decision_margin,ridge_p97,0.005840886049649947,-0.22740615843152012,True,True,phase-mask-dependent,joint_appearance
geometry_l2,known_oof,3806gxp0,Batch_2,Batch_3,34,-0.4545303108460419,1.4933284455526785,linear_decision_margin,void_local_width_d50_px,-0.0030411512922375616,-0.02249534007765349,True,True,image appearance,new_width
geometry_l2,known_oof,3806gxp0,Batch_2,Batch_3,35,-0.4545303108460419,1.4933284455526785,linear_decision_margin,bright_frac,-0.002659573742849717,0.042890444655364984,True,True,phase-mask-dependent,existing_bright
geometry_l2,known_oof,3806gxp0,Batch_2,Batch_3,36,-0.4545303108460419,1.4933284455526785,linear_decision_margin,crack_g_0.05,0.0009823093202441639,0.02004778683181538,True,True,phase-mask-dependent,joint_appearance
geometry_l2,known_oof,3806gxp0,Batch_2,Batch_3,37,-0.4545303108460419,1.4933284455526785,linear_decision_margin,crack_g_0.1,-8.019122056841796e-05,-0.03234436572970271,True,True,phase-mask-dependent,joint_appearance
