scale_px,y0,x0,bright_frac,pore_frac,batch,site
512,0,0,0.11353683471679688,0.121795654296875,Batch_1,4ih2ggld
512,0,512,0.18909072875976562,0.07919692993164062,Batch_1,4ih2ggld
512,0,1024,0.08406829833984375,0.18017959594726562,Batch_1,4ih2ggld
512,0,1536,0.09068679809570312,0.14023590087890625,Batch_1,4ih2ggld
512,0,2048,0.11037063598632812,0.10454177856445312,Batch_1,4ih2ggld
512,0,2560,0.12912750244140625,0.0516357421875,Batch_1,4ih2ggld
512,0,3072,0.098663330078125,0.04169464111328125,Batch_1,4ih2ggld
512,0,3584,0.18585205078125,0.07902145385742188,Batch_1,4ih2ggld
512,0,4096,0.19942474365234375,0.1787872314453125,Batch_1,4ih2ggld
512,0,4608,0.0291290283203125,0.16497421264648438,Batch_1,4ih2ggld
512,0,5120,0.064178466796875,0.1865386962890625,Batch_1,4ih2ggld
512,0,5632,0.03194427490234375,0.06726455688476562,Batch_1,4ih2ggld
512,0,6144,0.14322662353515625,0.13838958740234375,Batch_1,4ih2ggld
512,512,0,0.0916290283203125,0.09986114501953125,Batch_1,4ih2ggld
512,512,512,0.039276123046875,0.09029769897460938,Batch_1,4ih2ggld
512,512,1024,0.21668243408203125,0.06300735473632812,Batch_1,4ih2ggld
512,512,1536,0.17061233520507812,0.05330657958984375,Batch_1,4ih2ggld
512,512,2048,0.12919235229492188,0.04953765869140625,Batch_1,4ih2ggld
512,512,2560,0.16862106323242188,0.12281417846679688,Batch_1,4ih2ggld
512,512,3072,0.37939453125,0.06547164916992188,Batch_1,4ih2ggld
512,512,3584,0.07025527954101562,0.12461471557617188,Batch_1,4ih2ggld
512,512,4096,0.2852439880371094,0.06502914428710938,Batch_1,4ih2ggld
512,512,4608,0.022296905517578125,0.0838165283203125,Batch_1,4ih2ggld
512,512,5120,0.0464324951171875,0.13868331909179688,Batch_1,4ih2ggld
512,512,5632,0.030208587646484375,0.0966033935546875,Batch_1,4ih2ggld
512,512,6144,0.08479690551757812,0.0580291748046875,Batch_1,4ih2ggld
512,1024,0,0.05233001708984375,0.10870361328125,Batch_1,4ih2ggld
512,1024,512,0.04152679443359375,0.12311553955078125,Batch_1,4ih2ggld
512,1024,1024,0.13947677612304688,0.08736038208007812,Batch_1,4ih2ggld
512,1024,1536,0.09130096435546875,0.12760543823242188,Batch_1,4ih2ggld
512,1024,2048,0.03192901611328125,0.09299468994140625,Batch_1,4ih2ggld
512,1024,2560,0.15451812744140625,0.152313232421875,Batch_1,4ih2ggld
512,1024,3072,0.11504745483398438,0.252471923828125,Batch_1,4ih2ggld
512,1024,3584,0.0618743896484375,0.09753799438476562,Batch_1,4ih2ggld
512,1024,4096,0.031543731689453125,0.038791656494140625,Batch_1,4ih2ggld
512,1024,4608,0.02801513671875,0.21392440795898438,Batch_1,4ih2ggld
512,1024,5120,0.13637542724609375,0.19662857055664062,Batch_1,4ih2ggld
512,1024,5632,0.12858200073242188,0.15511322021484375,Batch_1,4ih2ggld
512,1024,6144,0.3352203369140625,0.10811614990234375,Batch_1,4ih2ggld
512,1536,0,0.14013290405273438,0.019634246826171875,Batch_1,4ih2ggld
512,1536,512,0.0648193359375,0.058929443359375,Batch_1,4ih2ggld
512,1536,1024,0.28830718994140625,0.06617355346679688,Batch_1,4ih2ggld
512,1536,1536,0.08334732055664062,0.03763580322265625,Batch_1,4ih2ggld
512,1536,2048,0.0203399658203125,0.061920166015625,Batch_1,4ih2ggld
512,1536,2560,0.037258148193359375,0.050319671630859375,Batch_1,4ih2ggld
512,1536,3072,0.23107528686523438,0.07529449462890625,Batch_1,4ih2ggld
512,1536,3584,0.042667388916015625,0.15620803833007812,Batch_1,4ih2ggld
512,1536,4096,0.08382034301757812,0.16552734375,Batch_1,4ih2ggld
512,1536,4608,0.08218002319335938,0.060741424560546875,Batch_1,4ih2ggld
512,1536,5120,0.117462158203125,0.08124542236328125,Batch_1,4ih2ggld
512,1536,5632,0.20059967041015625,0.02886199951171875,Batch_1,4ih2ggld
512,1536,6144,0.14821624755859375,0.0875244140625,Batch_1,4ih2ggld
1024,0,0,0.1083831787109375,0.09778785705566406,Batch_1,4ih2ggld
1024,0,1024,0.14051246643066406,0.10918235778808594,Batch_1,4ih2ggld
1024,0,2048,0.13432788848876953,0.08213233947753906,Batch_1,4ih2ggld
1024,0,3072,0.18354129791259766,0.07770061492919922,Batch_1,4ih2ggld
1024,0,4096,0.13402366638183594,0.12315177917480469,Batch_1,4ih2ggld
1024,0,5120,0.043190956115722656,0.12227249145507812,Batch_1,4ih2ggld
1024,1024,0,0.07470226287841797,0.07759571075439453,Batch_1,4ih2ggld
1024,1024,1024,0.15060806274414062,0.07969379425048828,Batch_1,4ih2ggld
1024,1024,2048,0.061011314392089844,0.0893869400024414,Batch_1,4ih2ggld
1024,1024,3072,0.11266613006591797,0.14537811279296875,Batch_1,4ih2ggld
1024,1024,4096,0.056389808654785156,0.11974620819091797,Batch_1,4ih2ggld
1024,1024,5120,0.14575481414794922,0.1154623031616211,Batch_1,4ih2ggld
512,0,0,0.10514450073242188,0.068603515625,Batch_1,5n1q8atc
512,0,512,0.038692474365234375,0.0406646728515625,Batch_1,5n1q8atc
512,0,1024,0.06633758544921875,0.07805633544921875,Batch_1,5n1q8atc
512,0,1536,0.20764541625976562,0.054706573486328125,Batch_1,5n1q8atc
512,0,2048,0.18672561645507812,0.11376190185546875,Batch_1,5n1q8atc
512,0,2560,0.235260009765625,0.047824859619140625,Batch_1,5n1q8atc
512,0,3072,0.07443618774414062,0.14638900756835938,Batch_1,5n1q8atc
512,0,3584,0.3395652770996094,0.06837081909179688,Batch_1,5n1q8atc
512,0,4096,0.23731613159179688,0.096160888671875,Batch_1,5n1q8atc
512,0,4608,0.39900970458984375,0.033782958984375,Batch_1,5n1q8atc
512,0,5120,0.28282928466796875,0.022308349609375,Batch_1,5n1q8atc
512,0,5632,0.032703399658203125,0.0385589599609375,Batch_1,5n1q8atc
512,0,6144,0.07741165161132812,0.025592803955078125,Batch_1,5n1q8atc
512,512,0,0.05796051025390625,0.13814544677734375,Batch_1,5n1q8atc
512,512,512,0.19187545776367188,0.08329391479492188,Batch_1,5n1q8atc
512,512,1024,0.42601776123046875,0.0317230224609375,Batch_1,5n1q8atc
512,512,1536,0.1222076416015625,0.0669708251953125,Batch_1,5n1q8atc
512,512,2048,0.09302902221679688,0.1280517578125,Batch_1,5n1q8atc
512,512,2560,0.08165740966796875,0.16938400268554688,Batch_1,5n1q8atc
512,512,3072,0.1490325927734375,0.05223846435546875,Batch_1,5n1q8atc
512,512,3584,0.09822845458984375,0.07407379150390625,Batch_1,5n1q8atc
512,512,4096,0.1425933837890625,0.06826400756835938,Batch_1,5n1q8atc
512,512,4608,0.323974609375,0.04285430908203125,Batch_1,5n1q8atc
512,512,5120,0.3665809631347656,0.040531158447265625,Batch_1,5n1q8atc
512,512,5632,0.19107818603515625,0.064453125,Batch_1,5n1q8atc
512,512,6144,0.09550094604492188,0.07883834838867188,Batch_1,5n1q8atc
512,1024,0,0.07146072387695312,0.027191162109375,Batch_1,5n1q8atc
512,1024,512,0.10083389282226562,0.10636520385742188,Batch_1,5n1q8atc
512,1024,1024,0.3210029602050781,0.047298431396484375,Batch_1,5n1q8atc
512,1024,1536,0.2717857360839844,0.05184173583984375,Batch_1,5n1q8atc
512,1024,2048,0.23218536376953125,0.0482025146484375,Batch_1,5n1q8atc
512,1024,2560,0.1004791259765625,0.070892333984375,Batch_1,5n1q8atc
512,1024,3072,0.19342803955078125,0.023647308349609375,Batch_1,5n1q8atc
512,1024,3584,0.11164474487304688,0.0323638916015625,Batch_1,5n1q8atc
512,1024,4096,0.06668472290039062,0.04439544677734375,Batch_1,5n1q8atc
512,1024,4608,0.13935470581054688,0.036724090576171875,Batch_1,5n1q8atc
512,1024,5120,0.15827178955078125,0.01177978515625,Batch_1,5n1q8atc
512,1024,5632,0.10320663452148438,0.04505157470703125,Batch_1,5n1q8atc
512,1024,6144,0.12112045288085938,0.04229736328125,Batch_1,5n1q8atc
512,1536,0,0.16971206665039062,0.106719970703125,Batch_1,5n1q8atc
512,1536,512,0.14228439331054688,0.05396270751953125,Batch_1,5n1q8atc
512,1536,1024,0.20723724365234375,0.11465835571289062,Batch_1,5n1q8atc
512,1536,1536,0.07006072998046875,0.10660171508789062,Batch_1,5n1q8atc
512,1536,2048,0.052616119384765625,0.06352615356445312,Batch_1,5n1q8atc
512,1536,2560,0.0181884765625,0.02725982666015625,Batch_1,5n1q8atc
512,1536,3072,0.14297866821289062,0.030467987060546875,Batch_1,5n1q8atc
512,1536,3584,0.09005355834960938,0.040096282958984375,Batch_1,5n1q8atc
512,1536,4096,0.33908843994140625,0.02704620361328125,Batch_1,5n1q8atc
512,1536,4608,0.22832489013671875,0.16604232788085938,Batch_1,5n1q8atc
512,1536,5120,0.06806564331054688,0.082794189453125,Batch_1,5n1q8atc
512,1536,5632,0.11332321166992188,0.05149078369140625,Batch_1,5n1q8atc
512,1536,6144,0.5679359436035156,0.0356597900390625,Batch_1,5n1q8atc
1024,0,0,0.0984182357788086,0.08267688751220703,Batch_1,5n1q8atc
1024,0,1024,0.2055521011352539,0.05786418914794922,Batch_1,5n1q8atc
1024,0,2048,0.1491680145263672,0.11475563049316406,Batch_1,5n1q8atc
1024,0,3072,0.1653156280517578,0.08526802062988281,Batch_1,5n1q8atc
1024,0,4096,0.2757234573364258,0.060265541076660156,Batch_1,5n1q8atc
1024,0,5120,0.21829795837402344,0.04146289825439453,Batch_1,5n1q8atc
1024,1024,0,0.12107276916503906,0.07355976104736328,Batch_1,5n1q8atc
1024,1024,1024,0.21752166748046875,0.08010005950927734,Batch_1,5n1q8atc
1024,1024,2048,0.10086727142333984,0.05247020721435547,Batch_1,5n1q8atc
1024,1024,3072,0.13452625274658203,0.03164386749267578,Batch_1,5n1q8atc
1024,1024,4096,0.19336318969726562,0.06855201721191406,Batch_1,5n1q8atc
1024,1024,5120,0.1107168197631836,0.047779083251953125,Batch_1,5n1q8atc
512,0,0,0.000335693359375,0.018001556396484375,Batch_1,f1vzngrs
512,0,512,0.0733795166015625,0.05672454833984375,Batch_1,f1vzngrs
512,0,1024,0.02930450439453125,0.03607940673828125,Batch_1,f1vzngrs
512,0,1536,0.0035247802734375,0.06412506103515625,Batch_1,f1vzngrs
512,0,2048,0.04750823974609375,0.064239501953125,Batch_1,f1vzngrs
512,0,2560,0.02681732177734375,0.06145477294921875,Batch_1,f1vzngrs
512,0,3072,0.0,0.036937713623046875,Batch_1,f1vzngrs
512,0,3584,0.00084686279296875,0.051403045654296875,Batch_1,f1vzngrs
512,0,4096,0.10733795166015625,0.0619049072265625,Batch_1,f1vzngrs
512,0,4608,0.13761520385742188,0.058513641357421875,Batch_1,f1vzngrs
512,0,5120,0.050006866455078125,0.038837432861328125,Batch_1,f1vzngrs
512,0,5632,0.0051727294921875,0.024570465087890625,Batch_1,f1vzngrs
512,0,6144,0.06335067749023438,0.1532135009765625,Batch_1,f1vzngrs
512,512,0,0.05755615234375,0.07469558715820312,Batch_1,f1vzngrs
512,512,512,0.0615234375,0.039569854736328125,Batch_1,f1vzngrs
512,512,1024,0.00463104248046875,0.08046340942382812,Batch_1,f1vzngrs
512,512,1536,0.1042938232421875,0.07383346557617188,Batch_1,f1vzngrs
512,512,2048,0.06874847412109375,0.09649276733398438,Batch_1,f1vzngrs
512,512,2560,0.017459869384765625,0.053310394287109375,Batch_1,f1vzngrs
512,512,3072,0.11851119995117188,0.042163848876953125,Batch_1,f1vzngrs
512,512,3584,0.024372100830078125,0.02581787109375,Batch_1,f1vzngrs
512,512,4096,0.06258010864257812,0.08355331420898438,Batch_1,f1vzngrs
512,512,4608,0.1893463134765625,0.038318634033203125,Batch_1,f1vzngrs
512,512,5120,0.09624099731445312,0.06712722778320312,Batch_1,f1vzngrs
512,512,5632,0.12722015380859375,0.06341934204101562,Batch_1,f1vzngrs
512,512,6144,0.00025177001953125,0.0259552001953125,Batch_1,f1vzngrs
512,1024,0,0.1091461181640625,0.05229949951171875,Batch_1,f1vzngrs
512,1024,512,0.010772705078125,0.05324554443359375,Batch_1,f1vzngrs
512,1024,1024,0.17194366455078125,0.06363677978515625,Batch_1,f1vzngrs
512,1024,1536,0.003810882568359375,0.07535171508789062,Batch_1,f1vzngrs
512,1024,2048,0.016925811767578125,0.0345458984375,Batch_1,f1vzngrs
512,1024,2560,0.048717498779296875,0.04387664794921875,Batch_1,f1vzngrs
512,1024,3072,0.018085479736328125,0.06275558471679688,Batch_1,f1vzngrs
512,1024,3584,0.09690093994140625,0.09769439697265625,Batch_1,f1vzngrs
512,1024,4096,0.07068634033203125,0.09023666381835938,Batch_1,f1vzngrs
512,1024,4608,0.028285980224609375,0.09088897705078125,Batch_1,f1vzngrs
512,1024,5120,0.055599212646484375,0.06846237182617188,Batch_1,f1vzngrs
512,1024,5632,0.00957489013671875,0.046825408935546875,Batch_1,f1vzngrs
512,1024,6144,0.050151824951171875,0.08648300170898438,Batch_1,f1vzngrs
512,1536,0,0.12595367431640625,0.04953765869140625,Batch_1,f1vzngrs
512,1536,512,0.2606544494628906,0.058628082275390625,Batch_1,f1vzngrs
512,1536,1024,0.06362533569335938,0.09174728393554688,Batch_1,f1vzngrs
512,1536,1536,0.04400634765625,0.045085906982421875,Batch_1,f1vzngrs
512,1536,2048,0.06969833374023438,0.07929229736328125,Batch_1,f1vzngrs
512,1536,2560,0.12576675415039062,0.06037139892578125,Batch_1,f1vzngrs
512,1536,3072,0.2743263244628906,0.046436309814453125,Batch_1,f1vzngrs
512,1536,3584,0.0310516357421875,0.051647186279296875,Batch_1,f1vzngrs
512,1536,4096,0.003170013427734375,0.06667327880859375,Batch_1,f1vzngrs
512,1536,4608,0.07034683227539062,0.06914520263671875,Batch_1,f1vzngrs
512,1536,5120,0.00730133056640625,0.08072280883789062,Batch_1,f1vzngrs
512,1536,5632,0.13433837890625,0.0640716552734375,Batch_1,f1vzngrs
512,1536,6144,0.012481689453125,0.03096771240234375,Batch_1,f1vzngrs
1024,0,0,0.048198699951171875,0.047247886657714844,Batch_1,f1vzngrs
1024,0,1024,0.03543853759765625,0.06362533569335938,Batch_1,f1vzngrs
1024,0,2048,0.04013347625732422,0.06887435913085938,Batch_1,f1vzngrs
1024,0,3072,0.03593254089355469,0.03908061981201172,Batch_1,f1vzngrs
1024,0,4096,0.12421989440917969,0.06057262420654297,Batch_1,f1vzngrs
1024,0,5120,0.06966018676757812,0.048488616943359375,Batch_1,f1vzngrs
1024,1024,0,0.1266317367553711,0.053427696228027344,Batch_1,f1vzngrs
1024,1024,1024,0.0708465576171875,0.0689554214477539,Batch_1,f1vzngrs
1024,1024,2048,0.065277099609375,0.05452156066894531,Batch_1,f1vzngrs
1024,1024,3072,0.10509109497070312,0.06463336944580078,Batch_1,f1vzngrs
1024,1024,4096,0.043122291564941406,0.07923603057861328,Batch_1,f1vzngrs
1024,1024,5120,0.051703453063964844,0.06502056121826172,Batch_1,f1vzngrs
512,0,0,0.0002288818359375,0.05454254150390625,Batch_1,ffwubibz
512,0,512,0.08450698852539062,0.055145263671875,Batch_1,ffwubibz
512,0,1024,0.1389312744140625,0.0662078857421875,Batch_1,ffwubibz
512,0,1536,0.00968170166015625,0.08408737182617188,Batch_1,ffwubibz
512,0,2048,0.00838470458984375,0.09069061279296875,Batch_1,ffwubibz
512,0,2560,0.1981964111328125,0.09241485595703125,Batch_1,ffwubibz
512,0,3072,0.18013763427734375,0.08155059814453125,Batch_1,ffwubibz
512,0,3584,0.002056121826171875,0.09154891967773438,Batch_1,ffwubibz
512,0,4096,0.14973831176757812,0.10089492797851562,Batch_1,ffwubibz
512,0,4608,0.0089569091796875,0.08859634399414062,Batch_1,ffwubibz
512,0,5120,0.10749053955078125,0.07458877563476562,Batch_1,ffwubibz
512,0,5632,0.09978485107421875,0.061641693115234375,Batch_1,ffwubibz
512,0,6144,0.013668060302734375,0.0777740478515625,Batch_1,ffwubibz
512,512,0,0.0142669677734375,0.1256561279296875,Batch_1,ffwubibz
512,512,512,0.011783599853515625,0.08882904052734375,Batch_1,ffwubibz
512,512,1024,0.04242706298828125,0.06319808959960938,Batch_1,ffwubibz
512,512,1536,0.036800384521484375,0.04467010498046875,Batch_1,ffwubibz
512,512,2048,0.027801513671875,0.08059310913085938,Batch_1,ffwubibz
512,512,2560,0.000240325927734375,0.154327392578125,Batch_1,ffwubibz
512,512,3072,0.01889801025390625,0.07184982299804688,Batch_1,ffwubibz
512,512,3584,6.103515625e-05,0.08580398559570312,Batch_1,ffwubibz
512,512,4096,0.1252899169921875,0.12579345703125,Batch_1,ffwubibz
512,512,4608,0.08047866821289062,0.058971405029296875,Batch_1,ffwubibz
512,512,5120,0.024692535400390625,0.026645660400390625,Batch_1,ffwubibz
512,512,5632,0.021808624267578125,0.07668685913085938,Batch_1,ffwubibz
512,512,6144,0.02246856689453125,0.09514236450195312,Batch_1,ffwubibz
512,1024,0,0.010097503662109375,0.12909317016601562,Batch_1,ffwubibz
512,1024,512,0.00185394287109375,0.12412643432617188,Batch_1,ffwubibz
512,1024,1024,0.049266815185546875,0.17823028564453125,Batch_1,ffwubibz
512,1024,1536,0.0,0.08117294311523438,Batch_1,ffwubibz
512,1024,2048,0.01824188232421875,0.06997299194335938,Batch_1,ffwubibz
512,1024,2560,0.06817626953125,0.0572662353515625,Batch_1,ffwubibz
512,1024,3072,0.003505706787109375,0.06375885009765625,Batch_1,ffwubibz
512,1024,3584,0.02419281005859375,0.06464004516601562,Batch_1,ffwubibz
512,1024,4096,0.06554794311523438,0.056568145751953125,Batch_1,ffwubibz
512,1024,4608,0.05820465087890625,0.052398681640625,Batch_1,ffwubibz
512,1024,5120,0.02829742431640625,0.07112503051757812,Batch_1,ffwubibz
512,1024,5632,0.011508941650390625,0.12322235107421875,Batch_1,ffwubibz
512,1024,6144,0.016326904296875,0.050762176513671875,Batch_1,ffwubibz
512,1536,0,0.16127777099609375,0.10892105102539062,Batch_1,ffwubibz
512,1536,512,0.06552886962890625,0.11541366577148438,Batch_1,ffwubibz
512,1536,1024,0.0067901611328125,0.07155990600585938,Batch_1,ffwubibz
512,1536,1536,0.00762176513671875,0.06575393676757812,Batch_1,ffwubibz
512,1536,2048,0.019016265869140625,0.02538299560546875,Batch_1,ffwubibz
512,1536,2560,0.01024627685546875,0.07958602905273438,Batch_1,ffwubibz
512,1536,3072,0.0511627197265625,0.05629730224609375,Batch_1,ffwubibz
512,1536,3584,0.024749755859375,0.10722732543945312,Batch_1,ffwubibz
512,1536,4096,0.004261016845703125,0.08687973022460938,Batch_1,ffwubibz
512,1536,4608,0.003997802734375,0.048572540283203125,Batch_1,ffwubibz
512,1536,5120,0.0876312255859375,0.06587600708007812,Batch_1,ffwubibz
512,1536,5632,0.001605987548828125,0.08372879028320312,Batch_1,ffwubibz
512,1536,6144,0.0461273193359375,0.0594940185546875,Batch_1,ffwubibz
1024,0,0,0.027696609497070312,0.08104324340820312,Batch_1,ffwubibz
1024,0,1024,0.056960105895996094,0.06454086303710938,Batch_1,ffwubibz
1024,0,2048,0.058655738830566406,0.1045064926147461,Batch_1,ffwubibz
1024,0,3072,0.05028820037841797,0.0826883316040039,Batch_1,ffwubibz
1024,0,4096,0.09111595153808594,0.09356403350830078,Batch_1,ffwubibz
1024,0,5120,0.06344413757324219,0.0598907470703125,Batch_1,ffwubibz
1024,1024,0,0.05968952178955078,0.11938858032226562,Batch_1,ffwubibz
1024,1024,1024,0.01591968536376953,0.09917926788330078,Batch_1,ffwubibz
1024,1024,2048,0.02892017364501953,0.05805206298828125,Batch_1,ffwubibz
1024,1024,3072,0.025902748107910156,0.07298088073730469,Batch_1,ffwubibz
1024,1024,4096,0.03300285339355469,0.061104774475097656,Batch_1,ffwubibz
1024,1024,5120,0.032260894775390625,0.08598804473876953,Batch_1,ffwubibz
512,0,0,0.108306884765625,0.08644485473632812,Batch_1,fzrt2k6r
512,0,512,0.041500091552734375,0.07147598266601562,Batch_1,fzrt2k6r
512,0,1024,0.20542526245117188,0.07659530639648438,Batch_1,fzrt2k6r
512,0,1536,0.01280975341796875,0.102874755859375,Batch_1,fzrt2k6r
512,0,2048,0.000705718994140625,0.0589752197265625,Batch_1,fzrt2k6r
512,0,2560,0.009368896484375,0.07732391357421875,Batch_1,fzrt2k6r
512,0,3072,0.0022430419921875,0.0626373291015625,Batch_1,fzrt2k6r
512,0,3584,0.019092559814453125,0.07003402709960938,Batch_1,fzrt2k6r
512,0,4096,0.08108139038085938,0.0764312744140625,Batch_1,fzrt2k6r
512,0,4608,0.024784088134765625,0.1083221435546875,Batch_1,fzrt2k6r
512,0,5120,0.034576416015625,0.15389251708984375,Batch_1,fzrt2k6r
512,0,5632,0.1390380859375,0.08027267456054688,Batch_1,fzrt2k6r
512,0,6144,0.06261444091796875,0.08487319946289062,Batch_1,fzrt2k6r
512,512,0,0.03205108642578125,0.07873153686523438,Batch_1,fzrt2k6r
512,512,512,0.050457000732421875,0.0683135986328125,Batch_1,fzrt2k6r
512,512,1024,0.025180816650390625,0.048336029052734375,Batch_1,fzrt2k6r
512,512,1536,0.024539947509765625,0.100006103515625,Batch_1,fzrt2k6r
512,512,2048,0.042263031005859375,0.0682830810546875,Batch_1,fzrt2k6r
512,512,2560,0.025115966796875,0.14654541015625,Batch_1,fzrt2k6r
512,512,3072,0.01328277587890625,0.1314697265625,Batch_1,fzrt2k6r
512,512,3584,0.03832244873046875,0.13043212890625,Batch_1,fzrt2k6r
512,512,4096,0.056377410888671875,0.07253646850585938,Batch_1,fzrt2k6r
512,512,4608,0.16559982299804688,0.10229873657226562,Batch_1,fzrt2k6r
512,512,5120,0.07419586181640625,0.19868850708007812,Batch_1,fzrt2k6r
512,512,5632,0.19228744506835938,0.11419677734375,Batch_1,fzrt2k6r
512,512,6144,0.001155853271484375,0.09091949462890625,Batch_1,fzrt2k6r
512,1024,0,0.020915985107421875,0.10826492309570312,Batch_1,fzrt2k6r
512,1024,512,0.0009307861328125,0.17063522338867188,Batch_1,fzrt2k6r
512,1024,1024,0.022029876708984375,0.10886764526367188,Batch_1,fzrt2k6r
512,1024,1536,0.17932510375976562,0.18478775024414062,Batch_1,fzrt2k6r
512,1024,2048,0.10329437255859375,0.22686004638671875,Batch_1,fzrt2k6r
512,1024,2560,0.01971435546875,0.1423187255859375,Batch_1,fzrt2k6r
512,1024,3072,0.00940704345703125,0.08979415893554688,Batch_1,fzrt2k6r
512,1024,3584,0.09450531005859375,0.060413360595703125,Batch_1,fzrt2k6r
512,1024,4096,0.116485595703125,0.032421112060546875,Batch_1,fzrt2k6r
512,1024,4608,0.048137664794921875,0.07043838500976562,Batch_1,fzrt2k6r
512,1024,5120,0.09477615356445312,0.10992813110351562,Batch_1,fzrt2k6r
512,1024,5632,0.042572021484375,0.13993072509765625,Batch_1,fzrt2k6r
512,1024,6144,0.02051544189453125,0.13082122802734375,Batch_1,fzrt2k6r
512,1536,0,0.07083892822265625,0.026500701904296875,Batch_1,fzrt2k6r
512,1536,512,0.019977569580078125,0.06224822998046875,Batch_1,fzrt2k6r
512,1536,1024,0.25005340576171875,0.045452117919921875,Batch_1,fzrt2k6r
512,1536,1536,0.007022857666015625,0.04917144775390625,Batch_1,fzrt2k6r
512,1536,2048,0.039188385009765625,0.10218048095703125,Batch_1,fzrt2k6r
512,1536,2560,0.002201080322265625,0.13193511962890625,Batch_1,fzrt2k6r
512,1536,3072,0.00576019287109375,0.0144195556640625,Batch_1,fzrt2k6r
512,1536,3584,0.024097442626953125,0.12353515625,Batch_1,fzrt2k6r
512,1536,4096,0.001857757568359375,0.1156005859375,Batch_1,fzrt2k6r
512,1536,4608,0.06880950927734375,0.07966232299804688,Batch_1,fzrt2k6r
512,1536,5120,0.12517547607421875,0.0636444091796875,Batch_1,fzrt2k6r
512,1536,5632,0.0371551513671875,0.07660675048828125,Batch_1,fzrt2k6r
512,1536,6144,0.011699676513671875,0.07424545288085938,Batch_1,fzrt2k6r
1024,0,0,0.058078765869140625,0.07624149322509766,Batch_1,fzrt2k6r
1024,0,1024,0.06698894500732422,0.08195304870605469,Batch_1,fzrt2k6r
1024,0,2048,0.0193634033203125,0.08778190612792969,Batch_1,fzrt2k6r
1024,0,3072,0.018235206604003906,0.09864330291748047,Batch_1,fzrt2k6r
1024,0,4096,0.08196067810058594,0.08989715576171875,Batch_1,fzrt2k6r
1024,0,5120,0.11002445220947266,0.1367626190185547,Batch_1,fzrt2k6r
1024,1024,0,0.028165817260742188,0.09191226959228516,Batch_1,fzrt2k6r
1024,1024,1024,0.1146078109741211,0.09706974029541016,Batch_1,fzrt2k6r
1024,1024,2048,0.04109954833984375,0.15082359313964844,Batch_1,fzrt2k6r
1024,1024,3072,0.03344249725341797,0.07204055786132812,Batch_1,fzrt2k6r
1024,1024,4096,0.0588226318359375,0.07453060150146484,Batch_1,fzrt2k6r
1024,1024,5120,0.0749197006225586,0.09752750396728516,Batch_1,fzrt2k6r
512,0,0,0.001373291015625,0.18102264404296875,Batch_1,iv6g2oq0
512,0,512,0.037784576416015625,0.11655044555664062,Batch_1,iv6g2oq0
512,0,1024,0.0,0.13775634765625,Batch_1,iv6g2oq0
512,0,1536,0.031833648681640625,0.11034011840820312,Batch_1,iv6g2oq0
512,0,2048,0.02632904052734375,0.10039520263671875,Batch_1,iv6g2oq0
512,0,2560,0.12284469604492188,0.1034088134765625,Batch_1,iv6g2oq0
512,0,3072,0.017383575439453125,0.08685684204101562,Batch_1,iv6g2oq0
512,0,3584,0.11647415161132812,0.12247848510742188,Batch_1,iv6g2oq0
512,0,4096,0.02978515625,0.15180587768554688,Batch_1,iv6g2oq0
512,0,4608,0.02292633056640625,0.10882949829101562,Batch_1,iv6g2oq0
512,0,5120,0.02907562255859375,0.11106109619140625,Batch_1,iv6g2oq0
512,0,5632,0.039764404296875,0.13718414306640625,Batch_1,iv6g2oq0
512,0,6144,0.1424407958984375,0.07149505615234375,Batch_1,iv6g2oq0
512,512,0,0.06917190551757812,0.13718414306640625,Batch_1,iv6g2oq0
512,512,512,0.025455474853515625,0.17517471313476562,Batch_1,iv6g2oq0
512,512,1024,0.031116485595703125,0.08286666870117188,Batch_1,iv6g2oq0
512,512,1536,0.06608963012695312,0.10440826416015625,Batch_1,iv6g2oq0
512,512,2048,0.01910400390625,0.13030242919921875,Batch_1,iv6g2oq0
512,512,2560,0.06808090209960938,0.10390853881835938,Batch_1,iv6g2oq0
512,512,3072,0.00267791748046875,0.18755722045898438,Batch_1,iv6g2oq0
512,512,3584,0.055637359619140625,0.12450790405273438,Batch_1,iv6g2oq0
512,512,4096,0.053264617919921875,0.09206390380859375,Batch_1,iv6g2oq0
512,512,4608,0.10824966430664062,0.0890350341796875,Batch_1,iv6g2oq0
512,512,5120,0.051197052001953125,0.161346435546875,Batch_1,iv6g2oq0
512,512,5632,0.2927742004394531,0.04257965087890625,Batch_1,iv6g2oq0
512,512,6144,0.015453338623046875,0.12237548828125,Batch_1,iv6g2oq0
512,1024,0,0.010406494140625,0.137451171875,Batch_1,iv6g2oq0
512,1024,512,0.000255584716796875,0.022701263427734375,Batch_1,iv6g2oq0
512,1024,1024,9.5367431640625e-05,0.01627349853515625,Batch_1,iv6g2oq0
512,1024,1536,0.041110992431640625,0.09043121337890625,Batch_1,iv6g2oq0
512,1024,2048,0.03224945068359375,0.10566329956054688,Batch_1,iv6g2oq0
512,1024,2560,0.022674560546875,0.16620254516601562,Batch_1,iv6g2oq0
512,1024,3072,0.016765594482421875,0.06277847290039062,Batch_1,iv6g2oq0
512,1024,3584,0.06421279907226562,0.09570693969726562,Batch_1,iv6g2oq0
512,1024,4096,0.05255889892578125,0.0758514404296875,Batch_1,iv6g2oq0
512,1024,4608,0.002899169921875,0.12767791748046875,Batch_1,iv6g2oq0
512,1024,5120,0.14044189453125,0.10702896118164062,Batch_1,iv6g2oq0
512,1024,5632,0.09914016723632812,0.0955657958984375,Batch_1,iv6g2oq0
512,1024,6144,0.00572967529296875,0.12896728515625,Batch_1,iv6g2oq0
1024,0,0,0.033446311950683594,0.1524829864501953,Batch_1,iv6g2oq0
1024,0,1024,0.03225994110107422,0.10884284973144531,Batch_1,iv6g2oq0
1024,0,2048,0.05908966064453125,0.10950374603271484,Batch_1,iv6g2oq0
1024,0,3072,0.048043251037597656,0.13035011291503906,Batch_1,iv6g2oq0
1024,0,4096,0.05355644226074219,0.11043357849121094,Batch_1,iv6g2oq0
1024,0,5120,0.10320281982421875,0.11304283142089844,Batch_1,iv6g2oq0
512,0,0,0.01186370849609375,0.08935928344726562,Batch_1,uhdslk0o
512,0,512,0.01434326171875,0.08003616333007812,Batch_1,uhdslk0o
512,0,1024,0.03582000732421875,0.12822723388671875,Batch_1,uhdslk0o
512,0,1536,0.00138092041015625,0.05364990234375,Batch_1,uhdslk0o
512,0,2048,0.01718902587890625,0.05745697021484375,Batch_1,uhdslk0o
512,0,2560,0.037433624267578125,0.061557769775390625,Batch_1,uhdslk0o
512,0,3072,0.00229644775390625,0.09250259399414062,Batch_1,uhdslk0o
512,0,3584,0.014423370361328125,0.06079864501953125,Batch_1,uhdslk0o
512,0,4096,0.002925872802734375,0.13186264038085938,Batch_1,uhdslk0o
512,0,4608,0.07242584228515625,0.13523101806640625,Batch_1,uhdslk0o
512,0,5120,0.11883926391601562,0.1080169677734375,Batch_1,uhdslk0o
512,0,5632,0.005336761474609375,0.1136474609375,Batch_1,uhdslk0o
512,0,6144,0.114715576171875,0.07345962524414062,Batch_1,uhdslk0o
512,512,0,0.18690109252929688,0.095001220703125,Batch_1,uhdslk0o
512,512,512,0.07013320922851562,0.18761062622070312,Batch_1,uhdslk0o
512,512,1024,0.020290374755859375,0.042560577392578125,Batch_1,uhdslk0o
512,512,1536,0.00826263427734375,0.06444168090820312,Batch_1,uhdslk0o
512,512,2048,0.01047515869140625,0.07285308837890625,Batch_1,uhdslk0o
512,512,2560,0.09135055541992188,0.15867996215820312,Batch_1,uhdslk0o
512,512,3072,0.1718902587890625,0.1324310302734375,Batch_1,uhdslk0o
512,512,3584,0.06824111938476562,0.13074493408203125,Batch_1,uhdslk0o
512,512,4096,0.011692047119140625,0.045467376708984375,Batch_1,uhdslk0o
512,512,4608,0.003353118896484375,0.07777023315429688,Batch_1,uhdslk0o
512,512,5120,0.2587852478027344,0.163177490234375,Batch_1,uhdslk0o
512,512,5632,0.0580291748046875,0.11013412475585938,Batch_1,uhdslk0o
512,512,6144,0.13523483276367188,0.11075973510742188,Batch_1,uhdslk0o
512,1024,0,0.018314361572265625,0.11383056640625,Batch_1,uhdslk0o
512,1024,512,0.00620269775390625,0.12009811401367188,Batch_1,uhdslk0o
512,1024,1024,0.06683731079101562,0.11996841430664062,Batch_1,uhdslk0o
512,1024,1536,0.005687713623046875,0.042957305908203125,Batch_1,uhdslk0o
512,1024,2048,0.058319091796875,0.16248703002929688,Batch_1,uhdslk0o
512,1024,2560,0.045989990234375,0.12375259399414062,Batch_1,uhdslk0o
512,1024,3072,0.028987884521484375,0.02884674072265625,Batch_1,uhdslk0o
512,1024,3584,1.9073486328125e-05,0.19643020629882812,Batch_1,uhdslk0o
512,1024,4096,0.029247283935546875,0.09133529663085938,Batch_1,uhdslk0o
512,1024,4608,0.11397552490234375,0.08493423461914062,Batch_1,uhdslk0o
512,1024,5120,0.13666152954101562,0.06908416748046875,Batch_1,uhdslk0o
512,1024,5632,0.00091552734375,0.02642059326171875,Batch_1,uhdslk0o
512,1024,6144,3.0517578125e-05,0.062957763671875,Batch_1,uhdslk0o
1024,0,0,0.07081031799316406,0.11300182342529297,Batch_1,uhdslk0o
1024,0,1024,0.01643848419189453,0.0722198486328125,Batch_1,uhdslk0o
1024,0,2048,0.039112091064453125,0.08763694763183594,Batch_1,uhdslk0o
1024,0,3072,0.06421279907226562,0.10411930084228516,Batch_1,uhdslk0o
1024,0,4096,0.022599220275878906,0.09758281707763672,Batch_1,uhdslk0o
1024,0,5120,0.11024761199951172,0.12374401092529297,Batch_1,uhdslk0o
512,0,0,0.047443389892578125,0.0658721923828125,Batch_2,3806gxp0
512,0,512,0.004962921142578125,0.0667724609375,Batch_2,3806gxp0
512,0,1024,0.3101081848144531,0.08263015747070312,Batch_2,3806gxp0
512,0,1536,0.08748245239257812,0.051128387451171875,Batch_2,3806gxp0
512,0,2048,0.20242691040039062,0.08001708984375,Batch_2,3806gxp0
512,0,2560,0.12320709228515625,0.129119873046875,Batch_2,3806gxp0
512,0,3072,0.05539703369140625,0.08979034423828125,Batch_2,3806gxp0
512,0,3584,0.0907745361328125,0.10641098022460938,Batch_2,3806gxp0
512,0,4096,0.2270050048828125,0.09090423583984375,Batch_2,3806gxp0
512,0,4608,0.003223419189453125,0.09857559204101562,Batch_2,3806gxp0
512,0,5120,0.026119232177734375,0.0532073974609375,Batch_2,3806gxp0
512,0,5632,0.004833221435546875,0.029682159423828125,Batch_2,3806gxp0
512,0,6144,0.003246307373046875,0.07616806030273438,Batch_2,3806gxp0
512,512,0,0.005619049072265625,0.08271408081054688,Batch_2,3806gxp0
512,512,512,0.009075164794921875,0.042999267578125,Batch_2,3806gxp0
512,512,1024,0.030071258544921875,0.0665740966796875,Batch_2,3806gxp0
512,512,1536,0.023433685302734375,0.03527069091796875,Batch_2,3806gxp0
512,512,2048,0.059925079345703125,0.057384490966796875,Batch_2,3806gxp0
512,512,2560,0.0052947998046875,0.043956756591796875,Batch_2,3806gxp0
512,512,3072,0.0797271728515625,0.15938949584960938,Batch_2,3806gxp0
512,512,3584,0.0,0.1155242919921875,Batch_2,3806gxp0
512,512,4096,0.002590179443359375,0.0825347900390625,Batch_2,3806gxp0
512,512,4608,0.001628875732421875,0.12593841552734375,Batch_2,3806gxp0
512,512,5120,0.01753997802734375,0.060901641845703125,Batch_2,3806gxp0
512,512,5632,0.00014495849609375,0.11029815673828125,Batch_2,3806gxp0
512,512,6144,0.0,0.10986709594726562,Batch_2,3806gxp0
512,1024,0,0.0207977294921875,0.056629180908203125,Batch_2,3806gxp0
512,1024,512,0.09741592407226562,0.07545852661132812,Batch_2,3806gxp0
512,1024,1024,0.0,0.08777999877929688,Batch_2,3806gxp0
512,1024,1536,0.01320648193359375,0.07948684692382812,Batch_2,3806gxp0
512,1024,2048,0.14470291137695312,0.0285797119140625,Batch_2,3806gxp0
512,1024,2560,0.013671875,0.042354583740234375,Batch_2,3806gxp0
512,1024,3072,0.0053253173828125,0.034027099609375,Batch_2,3806gxp0
512,1024,3584,0.00629425048828125,0.0594940185546875,Batch_2,3806gxp0
512,1024,4096,0.000507354736328125,0.10669708251953125,Batch_2,3806gxp0
512,1024,4608,0.10678863525390625,0.07721328735351562,Batch_2,3806gxp0
512,1024,5120,0.02909088134765625,0.04793548583984375,Batch_2,3806gxp0
512,1024,5632,0.04323577880859375,0.028644561767578125,Batch_2,3806gxp0
512,1024,6144,0.1192474365234375,0.10066986083984375,Batch_2,3806gxp0
512,1536,0,0.088623046875,0.06801605224609375,Batch_2,3806gxp0
512,1536,512,0.0712127685546875,0.08396530151367188,Batch_2,3806gxp0
512,1536,1024,0.1162261962890625,0.04769134521484375,Batch_2,3806gxp0
512,1536,1536,0.019405364990234375,0.020397186279296875,Batch_2,3806gxp0
512,1536,2048,0.04785919189453125,0.0719146728515625,Batch_2,3806gxp0
512,1536,2560,0.054401397705078125,0.05025482177734375,Batch_2,3806gxp0
512,1536,3072,0.039501190185546875,0.0800628662109375,Batch_2,3806gxp0
512,1536,3584,0.012859344482421875,0.0936126708984375,Batch_2,3806gxp0
512,1536,4096,0.0577392578125,0.09496307373046875,Batch_2,3806gxp0
512,1536,4608,0.13405227661132812,0.049816131591796875,Batch_2,3806gxp0
512,1536,5120,0.016002655029296875,0.06755447387695312,Batch_2,3806gxp0
512,1536,5632,0.14508438110351562,0.07313919067382812,Batch_2,3806gxp0
512,1536,6144,0.004608154296875,0.06550979614257812,Batch_2,3806gxp0
1024,0,0,0.016775131225585938,0.0645895004272461,Batch_2,3806gxp0
1024,0,1024,0.11277389526367188,0.05890083312988281,Batch_2,3806gxp0
1024,0,2048,0.09771347045898438,0.07761955261230469,Batch_2,3806gxp0
1024,0,3072,0.05647468566894531,0.11777877807617188,Batch_2,3806gxp0
1024,0,4096,0.05861186981201172,0.0994882583618164,Batch_2,3806gxp0
1024,0,5120,0.012159347534179688,0.0635223388671875,Batch_2,3806gxp0
1024,1024,0,0.06951236724853516,0.07101726531982422,Batch_2,3806gxp0
1024,1024,1024,0.037209510803222656,0.058838844299316406,Batch_2,3806gxp0
1024,1024,2048,0.06515884399414062,0.04827594757080078,Batch_2,3806gxp0
1024,1024,3072,0.015995025634765625,0.06679916381835938,Batch_2,3806gxp0
1024,1024,4096,0.07477188110351562,0.08217239379882812,Batch_2,3806gxp0
1024,1024,5120,0.058353424072265625,0.05431842803955078,Batch_2,3806gxp0
512,0,0,0.001926422119140625,0.031940460205078125,Batch_2,avn74qx1
512,0,512,0.024993896484375,0.025348663330078125,Batch_2,avn74qx1
512,0,1024,0.0580291748046875,0.05576324462890625,Batch_2,avn74qx1
512,0,1536,0.0483551025390625,0.049304962158203125,Batch_2,avn74qx1
512,0,2048,0.01232147216796875,0.10731887817382812,Batch_2,avn74qx1
512,0,2560,4.1961669921875e-05,0.05381011962890625,Batch_2,avn74qx1
512,0,3072,0.0635528564453125,0.0784454345703125,Batch_2,avn74qx1
512,0,3584,0.002437591552734375,0.049137115478515625,Batch_2,avn74qx1
512,0,4096,0.040069580078125,0.12110519409179688,Batch_2,avn74qx1
512,0,4608,0.07373809814453125,0.048648834228515625,Batch_2,avn74qx1
512,0,5120,0.000438690185546875,0.08295059204101562,Batch_2,avn74qx1
512,0,5632,0.027622222900390625,0.08191299438476562,Batch_2,avn74qx1
512,0,6144,0.050540924072265625,0.10769271850585938,Batch_2,avn74qx1
512,512,0,0.0006103515625,0.00521087646484375,Batch_2,avn74qx1
512,512,512,0.00092315673828125,0.10483169555664062,Batch_2,avn74qx1
512,512,1024,0.044219970703125,0.09131622314453125,Batch_2,avn74qx1
512,512,1536,0.076385498046875,0.0754241943359375,Batch_2,avn74qx1
512,512,2048,0.02242279052734375,0.09133529663085938,Batch_2,avn74qx1
512,512,2560,0.013050079345703125,0.07131195068359375,Batch_2,avn74qx1
512,512,3072,0.029850006103515625,0.08945083618164062,Batch_2,avn74qx1
512,512,3584,0.0,0.03289031982421875,Batch_2,avn74qx1
512,512,4096,0.00020599365234375,0.0470123291015625,Batch_2,avn74qx1
512,512,4608,0.0,0.10445785522460938,Batch_2,avn74qx1
512,512,5120,0.01934051513671875,0.09107208251953125,Batch_2,avn74qx1
512,512,5632,0.07683563232421875,0.107635498046875,Batch_2,avn74qx1
512,512,6144,0.15382766723632812,0.07537841796875,Batch_2,avn74qx1
512,1024,0,0.00072479248046875,0.13509750366210938,Batch_2,avn74qx1
512,1024,512,0.005603790283203125,0.15694427490234375,Batch_2,avn74qx1
512,1024,1024,0.028903961181640625,0.131195068359375,Batch_2,avn74qx1
512,1024,1536,0.002201080322265625,0.13674163818359375,Batch_2,avn74qx1
512,1024,2048,0.04456329345703125,0.12757492065429688,Batch_2,avn74qx1
512,1024,2560,0.0,0.060649871826171875,Batch_2,avn74qx1
512,1024,3072,0.05230712890625,0.05364990234375,Batch_2,avn74qx1
512,1024,3584,0.0313873291015625,0.0535888671875,Batch_2,avn74qx1
512,1024,4096,0.0,0.14579010009765625,Batch_2,avn74qx1
512,1024,4608,0.00042724609375,0.05126953125,Batch_2,avn74qx1
512,1024,5120,0.17242431640625,0.06602859497070312,Batch_2,avn74qx1
512,1024,5632,0.12589263916015625,0.0843353271484375,Batch_2,avn74qx1
512,1024,6144,0.003814697265625,0.053905487060546875,Batch_2,avn74qx1
512,1536,0,0.02679443359375,0.06822586059570312,Batch_2,avn74qx1
512,1536,512,0.000431060791015625,0.0756988525390625,Batch_2,avn74qx1
512,1536,1024,0.1810150146484375,0.09611892700195312,Batch_2,avn74qx1
512,1536,1536,0.028652191162109375,0.032787322998046875,Batch_2,avn74qx1
512,1536,2048,0.059856414794921875,0.044765472412109375,Batch_2,avn74qx1
512,1536,2560,0.019916534423828125,0.03479766845703125,Batch_2,avn74qx1
512,1536,3072,0.000202178955078125,0.02783203125,Batch_2,avn74qx1
512,1536,3584,0.02985382080078125,0.057033538818359375,Batch_2,avn74qx1
512,1536,4096,0.000202178955078125,0.10483551025390625,Batch_2,avn74qx1
512,1536,4608,0.23290252685546875,0.11423873901367188,Batch_2,avn74qx1
512,1536,5120,0.007762908935546875,0.02154541015625,Batch_2,avn74qx1
512,1536,5632,0.030315399169921875,0.049610137939453125,Batch_2,avn74qx1
512,1536,6144,0.017147064208984375,0.0579071044921875,Batch_2,avn74qx1
1024,0,0,0.007113456726074219,0.041832923889160156,Batch_2,avn74qx1
1024,0,1024,0.0567474365234375,0.06795215606689453,Batch_2,avn74qx1
1024,0,2048,0.011959075927734375,0.08094406127929688,Batch_2,avn74qx1
1024,0,3072,0.023960113525390625,0.062480926513671875,Batch_2,avn74qx1
1024,0,4096,0.02850341796875,0.0803060531616211,Batch_2,avn74qx1
1024,0,5120,0.03105926513671875,0.09089279174804688,Batch_2,avn74qx1
1024,1024,0,0.008388519287109375,0.10899162292480469,Batch_2,avn74qx1
1024,1024,1024,0.06019306182861328,0.09921073913574219,Batch_2,avn74qx1
1024,1024,2048,0.031084060668945312,0.06694698333740234,Batch_2,avn74qx1
1024,1024,3072,0.02843761444091797,0.048026084899902344,Batch_2,avn74qx1
1024,1024,4096,0.05838298797607422,0.1040334701538086,Batch_2,avn74qx1
1024,1024,5120,0.08409881591796875,0.05537986755371094,Batch_2,avn74qx1
512,0,0,0.103118896484375,0.058685302734375,Batch_2,b3esycq1
512,0,512,0.011531829833984375,0.11686325073242188,Batch_2,b3esycq1
512,0,1024,0.00122833251953125,0.086517333984375,Batch_2,b3esycq1
512,0,1536,0.0040283203125,0.09505081176757812,Batch_2,b3esycq1
512,0,2048,0.21974945068359375,0.17242813110351562,Batch_2,b3esycq1
512,0,2560,0.10620880126953125,0.15889739990234375,Batch_2,b3esycq1
512,0,3072,0.19073104858398438,0.08648681640625,Batch_2,b3esycq1
512,0,3584,0.02752685546875,0.13602447509765625,Batch_2,b3esycq1
512,0,4096,0.13936233520507812,0.059970855712890625,Batch_2,b3esycq1
512,0,4608,0.008701324462890625,0.08136749267578125,Batch_2,b3esycq1
512,0,5120,0.012973785400390625,0.059680938720703125,Batch_2,b3esycq1
512,0,5632,0.10165023803710938,0.12830352783203125,Batch_2,b3esycq1
512,0,6144,0.1221771240234375,0.102020263671875,Batch_2,b3esycq1
512,512,0,0.20026016235351562,0.11894607543945312,Batch_2,b3esycq1
512,512,512,0.00243377685546875,0.15407562255859375,Batch_2,b3esycq1
512,512,1024,0.003566741943359375,0.10965347290039062,Batch_2,b3esycq1
512,512,1536,0.07277679443359375,0.0514984130859375,Batch_2,b3esycq1
512,512,2048,0.18856430053710938,0.10692977905273438,Batch_2,b3esycq1
512,512,2560,0.0365447998046875,0.06750869750976562,Batch_2,b3esycq1
512,512,3072,0.13915252685546875,0.14000701904296875,Batch_2,b3esycq1
512,512,3584,0.059650421142578125,0.09235000610351562,Batch_2,b3esycq1
512,512,4096,0.05118560791015625,0.080535888671875,Batch_2,b3esycq1
512,512,4608,0.07696151733398438,0.088775634765625,Batch_2,b3esycq1
512,512,5120,0.05324554443359375,0.0479736328125,Batch_2,b3esycq1
512,512,5632,0.1033172607421875,0.08541107177734375,Batch_2,b3esycq1
512,512,6144,0.0029754638671875,0.08378219604492188,Batch_2,b3esycq1
512,1024,0,0.01351165771484375,0.0484466552734375,Batch_2,b3esycq1
512,1024,512,0.011707305908203125,0.10777664184570312,Batch_2,b3esycq1
512,1024,1024,0.02812957763671875,0.12019729614257812,Batch_2,b3esycq1
512,1024,1536,0.11206817626953125,0.09017181396484375,Batch_2,b3esycq1
512,1024,2048,0.023193359375,0.09905242919921875,Batch_2,b3esycq1
512,1024,2560,0.028072357177734375,0.04343414306640625,Batch_2,b3esycq1
512,1024,3072,0.00323486328125,0.1233062744140625,Batch_2,b3esycq1
512,1024,3584,0.09831619262695312,0.08888626098632812,Batch_2,b3esycq1
512,1024,4096,0.02611541748046875,0.02625274658203125,Batch_2,b3esycq1
512,1024,4608,0.0359344482421875,0.060070037841796875,Batch_2,b3esycq1
512,1024,5120,0.017345428466796875,0.0654296875,Batch_2,b3esycq1
512,1024,5632,0.066925048828125,0.10666275024414062,Batch_2,b3esycq1
512,1024,6144,0.000675201416015625,0.09259414672851562,Batch_2,b3esycq1
512,1536,0,0.16777420043945312,0.14242935180664062,Batch_2,b3esycq1
512,1536,512,0.08780288696289062,0.08521652221679688,Batch_2,b3esycq1
512,1536,1024,0.00897216796875,0.04660797119140625,Batch_2,b3esycq1
512,1536,1536,0.0295257568359375,0.05115509033203125,Batch_2,b3esycq1
512,1536,2048,0.0724639892578125,0.06454849243164062,Batch_2,b3esycq1
512,1536,2560,0.21106338500976562,0.09215164184570312,Batch_2,b3esycq1
512,1536,3072,0.10561752319335938,0.08404159545898438,Batch_2,b3esycq1
512,1536,3584,0.23054885864257812,0.10975265502929688,Batch_2,b3esycq1
512,1536,4096,0.051013946533203125,0.14395523071289062,Batch_2,b3esycq1
512,1536,4608,0.030361175537109375,0.09615707397460938,Batch_2,b3esycq1
512,1536,5120,0.16143417358398438,0.0589447021484375,Batch_2,b3esycq1
512,1536,5632,0.0604248046875,0.03202056884765625,Batch_2,b3esycq1
512,1536,6144,0.003383636474609375,0.07640838623046875,Batch_2,b3esycq1
1024,0,0,0.07933616638183594,0.11214256286621094,Batch_2,b3esycq1
1024,0,1024,0.020400047302246094,0.08568000793457031,Batch_2,b3esycq1
1024,0,2048,0.13776683807373047,0.12644100189208984,Batch_2,b3esycq1
1024,0,3072,0.10426521301269531,0.11371707916259766,Batch_2,b3esycq1
1024,0,4096,0.06905269622802734,0.07766246795654297,Batch_2,b3esycq1
1024,0,5120,0.06779670715332031,0.08034229278564453,Batch_2,b3esycq1
1024,1024,0,0.07019901275634766,0.09596729278564453,Batch_2,b3esycq1
1024,1024,1024,0.044673919677734375,0.07703304290771484,Batch_2,b3esycq1
1024,1024,2048,0.08369827270507812,0.07479667663574219,Batch_2,b3esycq1
1024,1024,3072,0.10942935943603516,0.10149669647216797,Batch_2,b3esycq1
1024,1024,4096,0.03585624694824219,0.08160877227783203,Batch_2,b3esycq1
1024,1024,5120,0.07653236389160156,0.0657644271850586,Batch_2,b3esycq1
512,0,0,0.12871170043945312,0.0535888671875,Batch_2,epqdaau9
512,0,512,0.009990692138671875,0.029689788818359375,Batch_2,epqdaau9
512,0,1024,0.08004379272460938,0.0429534912109375,Batch_2,epqdaau9
512,0,1536,0.002201080322265625,0.030567169189453125,Batch_2,epqdaau9
512,0,2048,0.137115478515625,0.0450592041015625,Batch_2,epqdaau9
512,0,2560,0.06936264038085938,0.09092330932617188,Batch_2,epqdaau9
512,0,3072,0.030422210693359375,0.05524444580078125,Batch_2,epqdaau9
512,0,3584,0.056316375732421875,0.084320068359375,Batch_2,epqdaau9
512,0,4096,0.087371826171875,0.08916854858398438,Batch_2,epqdaau9
512,0,4608,0.0087890625,0.051082611083984375,Batch_2,epqdaau9
512,0,5120,0.003147125244140625,0.038852691650390625,Batch_2,epqdaau9
512,0,5632,0.06908035278320312,0.0263671875,Batch_2,epqdaau9
512,0,6144,0.08312225341796875,0.041233062744140625,Batch_2,epqdaau9
512,512,0,0.00470733642578125,0.034633636474609375,Batch_2,epqdaau9
512,512,512,0.047664642333984375,0.06607818603515625,Batch_2,epqdaau9
512,512,1024,0.2207794189453125,0.06835174560546875,Batch_2,epqdaau9
512,512,1536,0.039760589599609375,0.16249465942382812,Batch_2,epqdaau9
512,512,2048,0.013153076171875,0.03212738037109375,Batch_2,epqdaau9
512,512,2560,0.029720306396484375,0.0627899169921875,Batch_2,epqdaau9
512,512,3072,0.058013916015625,0.11517715454101562,Batch_2,epqdaau9
512,512,3584,0.002323150634765625,0.05287933349609375,Batch_2,epqdaau9
512,512,4096,0.00092315673828125,0.0707244873046875,Batch_2,epqdaau9
512,512,4608,0.035869598388671875,0.069427490234375,Batch_2,epqdaau9
512,512,5120,0.004497528076171875,0.07872772216796875,Batch_2,epqdaau9
512,512,5632,0.03733062744140625,0.09595489501953125,Batch_2,epqdaau9
512,512,6144,0.044994354248046875,0.076019287109375,Batch_2,epqdaau9
512,1024,0,0.2607917785644531,0.1000518798828125,Batch_2,epqdaau9
512,1024,512,0.07793045043945312,0.05340576171875,Batch_2,epqdaau9
512,1024,1024,0.150238037109375,0.0563507080078125,Batch_2,epqdaau9
512,1024,1536,0.041950225830078125,0.0570526123046875,Batch_2,epqdaau9
512,1024,2048,0.024585723876953125,0.10619354248046875,Batch_2,epqdaau9
512,1024,2560,0.00628662109375,0.1311798095703125,Batch_2,epqdaau9
512,1024,3072,0.025665283203125,0.14098358154296875,Batch_2,epqdaau9
512,1024,3584,0.0,0.07089614868164062,Batch_2,epqdaau9
512,1024,4096,0.004657745361328125,0.10519790649414062,Batch_2,epqdaau9
512,1024,4608,0.004657745361328125,0.02991485595703125,Batch_2,epqdaau9
512,1024,5120,0.000720977783203125,0.06865310668945312,Batch_2,epqdaau9
512,1024,5632,0.00096893310546875,0.11396026611328125,Batch_2,epqdaau9
512,1024,6144,0.017833709716796875,0.1483917236328125,Batch_2,epqdaau9
512,1536,0,0.27191162109375,0.0635528564453125,Batch_2,epqdaau9
512,1536,512,0.06552886962890625,0.055011749267578125,Batch_2,epqdaau9
512,1536,1024,0.14371109008789062,0.03481292724609375,Batch_2,epqdaau9
512,1536,1536,0.07342147827148438,0.02451324462890625,Batch_2,epqdaau9
512,1536,2048,0.01999664306640625,0.0245208740234375,Batch_2,epqdaau9
512,1536,2560,0.057018280029296875,0.046764373779296875,Batch_2,epqdaau9
512,1536,3072,0.08037948608398438,0.07492828369140625,Batch_2,epqdaau9
512,1536,3584,0.000152587890625,0.023464202880859375,Batch_2,epqdaau9
512,1536,4096,0.10433578491210938,0.061489105224609375,Batch_2,epqdaau9
512,1536,4608,0.00994873046875,0.0533294677734375,Batch_2,epqdaau9
512,1536,5120,0.07647705078125,0.08716583251953125,Batch_2,epqdaau9
512,1536,5632,0.000110626220703125,0.08817672729492188,Batch_2,epqdaau9
512,1536,6144,0.000293731689453125,0.1106719970703125,Batch_2,epqdaau9
1024,0,0,0.047768592834472656,0.04599761962890625,Batch_2,epqdaau9
1024,0,1024,0.08569622039794922,0.07609176635742188,Batch_2,epqdaau9
1024,0,2048,0.06233787536621094,0.057724952697753906,Batch_2,epqdaau9
1024,0,3072,0.03676891326904297,0.0769052505493164,Batch_2,epqdaau9
1024,0,4096,0.03323841094970703,0.07010078430175781,Batch_2,epqdaau9
1024,0,5120,0.02851390838623047,0.059975624084472656,Batch_2,epqdaau9
1024,1024,0,0.16904067993164062,0.06800556182861328,Batch_2,epqdaau9
1024,1024,1024,0.10233020782470703,0.043182373046875,Batch_2,epqdaau9
1024,1024,2048,0.026971817016601562,0.0771646499633789,Batch_2,epqdaau9
1024,1024,3072,0.026549339294433594,0.07756805419921875,Batch_2,epqdaau9
1024,1024,4096,0.030900001525878906,0.06248283386230469,Batch_2,epqdaau9
1024,1024,5120,0.01956939697265625,0.08948898315429688,Batch_2,epqdaau9
512,0,0,0.0011749267578125,0.106170654296875,Batch_2,i9jiqjwl
512,0,512,0.00806427001953125,0.18387603759765625,Batch_2,i9jiqjwl
512,0,1024,0.10891342163085938,0.06415939331054688,Batch_2,i9jiqjwl
512,0,1536,0.21352386474609375,0.051120758056640625,Batch_2,i9jiqjwl
512,0,2048,0.00121307373046875,0.04595184326171875,Batch_2,i9jiqjwl
512,0,2560,0.057514190673828125,0.06441497802734375,Batch_2,i9jiqjwl
512,0,3072,0.04412078857421875,0.04062652587890625,Batch_2,i9jiqjwl
512,0,3584,0.19184112548828125,0.07244491577148438,Batch_2,i9jiqjwl
512,0,4096,0.02257537841796875,0.041103363037109375,Batch_2,i9jiqjwl
512,0,4608,0.058162689208984375,0.07238388061523438,Batch_2,i9jiqjwl
512,0,5120,0.09701919555664062,0.10548019409179688,Batch_2,i9jiqjwl
512,0,5632,0.061611175537109375,0.059520721435546875,Batch_2,i9jiqjwl
512,0,6144,0.1710205078125,0.08435821533203125,Batch_2,i9jiqjwl
512,512,0,0.00031280517578125,0.10613250732421875,Batch_2,i9jiqjwl
512,512,512,0.005039215087890625,0.024578094482421875,Batch_2,i9jiqjwl
512,512,1024,0.039432525634765625,0.02362823486328125,Batch_2,i9jiqjwl
512,512,1536,0.10825347900390625,0.1078948974609375,Batch_2,i9jiqjwl
512,512,2048,0.01033782958984375,0.07576370239257812,Batch_2,i9jiqjwl
512,512,2560,0.06643295288085938,0.085418701171875,Batch_2,i9jiqjwl
512,512,3072,0.09174346923828125,0.12726974487304688,Batch_2,i9jiqjwl
512,512,3584,0.07935333251953125,0.134674072265625,Batch_2,i9jiqjwl
512,512,4096,0.00688934326171875,0.04718780517578125,Batch_2,i9jiqjwl
512,512,4608,0.03745269775390625,0.07526779174804688,Batch_2,i9jiqjwl
512,512,5120,0.19254302978515625,0.08760833740234375,Batch_2,i9jiqjwl
512,512,5632,0.07616043090820312,0.12203216552734375,Batch_2,i9jiqjwl
512,512,6144,0.2102508544921875,0.06306838989257812,Batch_2,i9jiqjwl
512,1024,0,0.0040130615234375,0.032184600830078125,Batch_2,i9jiqjwl
512,1024,512,0.14140701293945312,0.06949615478515625,Batch_2,i9jiqjwl
512,1024,1024,0.05327606201171875,0.091217041015625,Batch_2,i9jiqjwl
512,1024,1536,0.00351715087890625,0.05063629150390625,Batch_2,i9jiqjwl
512,1024,2048,0.0,0.04051971435546875,Batch_2,i9jiqjwl
512,1024,2560,0.014980316162109375,0.054492950439453125,Batch_2,i9jiqjwl
512,1024,3072,0.0028228759765625,0.07544326782226562,Batch_2,i9jiqjwl
512,1024,3584,0.01605224609375,0.096923828125,Batch_2,i9jiqjwl
512,1024,4096,0.1368255615234375,0.06781768798828125,Batch_2,i9jiqjwl
512,1024,4608,0.0060577392578125,0.1014862060546875,Batch_2,i9jiqjwl
512,1024,5120,0.00783538818359375,0.08750152587890625,Batch_2,i9jiqjwl
512,1024,5632,0.0874786376953125,0.09101104736328125,Batch_2,i9jiqjwl
512,1024,6144,0.000751495361328125,0.12322998046875,Batch_2,i9jiqjwl
512,1536,0,0.006580352783203125,0.05081939697265625,Batch_2,i9jiqjwl
512,1536,512,0.018741607666015625,0.0813751220703125,Batch_2,i9jiqjwl
512,1536,1024,0.0188140869140625,0.06349563598632812,Batch_2,i9jiqjwl
512,1536,1536,0.08728790283203125,0.08469772338867188,Batch_2,i9jiqjwl
512,1536,2048,0.07947540283203125,0.0536346435546875,Batch_2,i9jiqjwl
512,1536,2560,0.0057220458984375,0.10751724243164062,Batch_2,i9jiqjwl
512,1536,3072,0.0147857666015625,0.11848831176757812,Batch_2,i9jiqjwl
512,1536,3584,0.03440093994140625,0.08429336547851562,Batch_2,i9jiqjwl
512,1536,4096,0.01201629638671875,0.08748245239257812,Batch_2,i9jiqjwl
512,1536,4608,0.0028228759765625,0.10761642456054688,Batch_2,i9jiqjwl
512,1536,5120,0.052661895751953125,0.06332015991210938,Batch_2,i9jiqjwl
512,1536,5632,0.056308746337890625,0.030727386474609375,Batch_2,i9jiqjwl
512,1536,6144,0.051662445068359375,0.06756591796875,Batch_2,i9jiqjwl
1024,0,0,0.0036478042602539062,0.10518932342529297,Batch_2,i9jiqjwl
1024,0,1024,0.11753082275390625,0.06170082092285156,Batch_2,i9jiqjwl
1024,0,2048,0.03387451171875,0.0678873062133789,Batch_2,i9jiqjwl
1024,0,3072,0.10176467895507812,0.09375381469726562,Batch_2,i9jiqjwl
1024,0,4096,0.03127002716064453,0.05898571014404297,Batch_2,i9jiqjwl
1024,0,5120,0.10683345794677734,0.09366035461425781,Batch_2,i9jiqjwl
1024,1024,0,0.042685508728027344,0.05846881866455078,Batch_2,i9jiqjwl
1024,1024,1024,0.04072380065917969,0.07251167297363281,Batch_2,i9jiqjwl
1024,1024,2048,0.02504444122314453,0.0640411376953125,Batch_2,i9jiqjwl
1024,1024,3072,0.017015457153320312,0.09378719329833984,Batch_2,i9jiqjwl
1024,1024,4096,0.03943061828613281,0.09110069274902344,Batch_2,i9jiqjwl
1024,1024,5120,0.0510711669921875,0.06814002990722656,Batch_2,i9jiqjwl
512,0,0,0.030986785888671875,0.08418655395507812,Batch_2,r17byphk
512,0,512,0.008983612060546875,0.13477706909179688,Batch_2,r17byphk
512,0,1024,0.023193359375,0.12194442749023438,Batch_2,r17byphk
512,0,1536,0.05525970458984375,0.06850051879882812,Batch_2,r17byphk
512,0,2048,0.16873550415039062,0.0868682861328125,Batch_2,r17byphk
512,0,2560,0.002349853515625,0.031879425048828125,Batch_2,r17byphk
512,0,3072,0.017398834228515625,0.04850006103515625,Batch_2,r17byphk
512,0,3584,0.00064849853515625,0.0477752685546875,Batch_2,r17byphk
512,0,4096,0.19583511352539062,0.032085418701171875,Batch_2,r17byphk
512,0,4608,0.088470458984375,0.07214736938476562,Batch_2,r17byphk
512,0,5120,0.17452239990234375,0.03655242919921875,Batch_2,r17byphk
512,0,5632,0.029144287109375,0.055599212646484375,Batch_2,r17byphk
512,0,6144,0.08970260620117188,0.02394866943359375,Batch_2,r17byphk
512,512,0,0.00170135498046875,0.053958892822265625,Batch_2,r17byphk
512,512,512,0.0020599365234375,0.15929794311523438,Batch_2,r17byphk
512,512,1024,0.002864837646484375,0.08476638793945312,Batch_2,r17byphk
512,512,1536,0.00997161865234375,0.10861968994140625,Batch_2,r17byphk
512,512,2048,0.07685470581054688,0.078948974609375,Batch_2,r17byphk
512,512,2560,0.009525299072265625,0.041900634765625,Batch_2,r17byphk
512,512,3072,0.00199127197265625,0.090484619140625,Batch_2,r17byphk
512,512,3584,0.0182037353515625,0.21390533447265625,Batch_2,r17byphk
512,512,4096,0.042881011962890625,0.15457916259765625,Batch_2,r17byphk
512,512,4608,0.001857757568359375,0.13277816772460938,Batch_2,r17byphk
512,512,5120,8.0108642578125e-05,0.061664581298828125,Batch_2,r17byphk
512,512,5632,0.028598785400390625,0.042995452880859375,Batch_2,r17byphk
512,512,6144,0.22433090209960938,0.035785675048828125,Batch_2,r17byphk
512,1024,0,0.002559661865234375,0.10652542114257812,Batch_2,r17byphk
512,1024,512,1.9073486328125e-05,0.08541107177734375,Batch_2,r17byphk
512,1024,1024,0.010711669921875,0.06299209594726562,Batch_2,r17byphk
512,1024,1536,0.039958953857421875,0.11240768432617188,Batch_2,r17byphk
512,1024,2048,0.0030364990234375,0.056804656982421875,Batch_2,r17byphk
512,1024,2560,0.036945343017578125,0.09649276733398438,Batch_2,r17byphk
512,1024,3072,0.030841827392578125,0.08179855346679688,Batch_2,r17byphk
512,1024,3584,0.03298187255859375,0.029144287109375,Batch_2,r17byphk
512,1024,4096,0.0280914306640625,0.039958953857421875,Batch_2,r17byphk
512,1024,4608,0.001140594482421875,0.06484603881835938,Batch_2,r17byphk
512,1024,5120,0.0,0.06551361083984375,Batch_2,r17byphk
512,1024,5632,0.17698287963867188,0.032184600830078125,Batch_2,r17byphk
512,1024,6144,0.00568389892578125,0.10090255737304688,Batch_2,r17byphk
512,1536,0,0.009456634521484375,0.07379913330078125,Batch_2,r17byphk
512,1536,512,0.05377960205078125,0.07576370239257812,Batch_2,r17byphk
512,1536,1024,0.12023544311523438,0.058147430419921875,Batch_2,r17byphk
512,1536,1536,0.0976715087890625,0.040252685546875,Batch_2,r17byphk
512,1536,2048,0.08533859252929688,0.07304000854492188,Batch_2,r17byphk
512,1536,2560,0.00307464599609375,0.0886383056640625,Batch_2,r17byphk
512,1536,3072,0.010448455810546875,0.13276290893554688,Batch_2,r17byphk
512,1536,3584,0.09936904907226562,0.10654830932617188,Batch_2,r17byphk
512,1536,4096,0.00241851806640625,0.08098220825195312,Batch_2,r17byphk
512,1536,4608,0.0171966552734375,0.09879302978515625,Batch_2,r17byphk
512,1536,5120,0.00844573974609375,0.1073150634765625,Batch_2,r17byphk
512,1536,5632,0.005199432373046875,0.0731201171875,Batch_2,r17byphk
512,1536,6144,0.042171478271484375,0.0771484375,Batch_2,r17byphk
1024,0,0,0.01093292236328125,0.10805511474609375,Batch_2,r17byphk
1024,0,1024,0.02282238006591797,0.09595775604248047,Batch_2,r17byphk
1024,0,2048,0.06436634063720703,0.059899330139160156,Batch_2,r17byphk
1024,0,3072,0.009560585021972656,0.10016632080078125,Batch_2,r17byphk
1024,0,4096,0.0822610855102539,0.09789752960205078,Batch_2,r17byphk
1024,0,5120,0.058086395263671875,0.049202919006347656,Batch_2,r17byphk
1024,1024,0,0.01645374298095703,0.08537483215332031,Batch_2,r17byphk
1024,1024,1024,0.06714439392089844,0.0684499740600586,Batch_2,r17byphk
1024,1024,2048,0.03209877014160156,0.07874393463134766,Batch_2,r17byphk
1024,1024,3072,0.043410301208496094,0.08756351470947266,Batch_2,r17byphk
1024,1024,4096,0.012211799621582031,0.07114505767822266,Batch_2,r17byphk
1024,1024,5120,0.047657012939453125,0.0695333480834961,Batch_2,r17byphk
512,0,0,0.006191253662109375,0.08159637451171875,Batch_2,rxax5ozo
512,0,512,0.035709381103515625,0.11954498291015625,Batch_2,rxax5ozo
512,0,1024,0.0201568603515625,0.05310821533203125,Batch_2,rxax5ozo
512,0,1536,0.2509193420410156,0.11606979370117188,Batch_2,rxax5ozo
512,0,2048,0.11307525634765625,0.0471343994140625,Batch_2,rxax5ozo
512,0,2560,0.0010223388671875,0.06552886962890625,Batch_2,rxax5ozo
512,0,3072,0.016941070556640625,0.059413909912109375,Batch_2,rxax5ozo
512,0,3584,0.0442352294921875,0.0818023681640625,Batch_2,rxax5ozo
512,0,4096,0.08492660522460938,0.169097900390625,Batch_2,rxax5ozo
512,0,4608,0.10218048095703125,0.09449005126953125,Batch_2,rxax5ozo
512,0,5120,0.01067352294921875,0.03243255615234375,Batch_2,rxax5ozo
512,0,5632,0.011569976806640625,0.10846710205078125,Batch_2,rxax5ozo
512,0,6144,0.0467681884765625,0.049060821533203125,Batch_2,rxax5ozo
512,512,0,0.031696319580078125,0.139404296875,Batch_2,rxax5ozo
512,512,512,0.02419281005859375,0.10068511962890625,Batch_2,rxax5ozo
512,512,1024,0.22283172607421875,0.09165573120117188,Batch_2,rxax5ozo
512,512,1536,0.18730926513671875,0.09310150146484375,Batch_2,rxax5ozo
512,512,2048,0.01373291015625,0.06163787841796875,Batch_2,rxax5ozo
512,512,2560,0.0285186767578125,0.04265594482421875,Batch_2,rxax5ozo
512,512,3072,0.010105133056640625,0.10410690307617188,Batch_2,rxax5ozo
512,512,3584,0.016216278076171875,0.08166885375976562,Batch_2,rxax5ozo
512,512,4096,0.18114471435546875,0.04637908935546875,Batch_2,rxax5ozo
512,512,4608,0.001247406005859375,0.037425994873046875,Batch_2,rxax5ozo
512,512,5120,0.004207611083984375,0.17721939086914062,Batch_2,rxax5ozo
512,512,5632,0.03143310546875,0.07367706298828125,Batch_2,rxax5ozo
512,512,6144,0.0,0.13903427124023438,Batch_2,rxax5ozo
512,1024,0,0.007015228271484375,0.086456298828125,Batch_2,rxax5ozo
512,1024,512,0.057308197021484375,0.05683135986328125,Batch_2,rxax5ozo
512,1024,1024,0.03174591064453125,0.11341476440429688,Batch_2,rxax5ozo
512,1024,1536,0.05191802978515625,0.055450439453125,Batch_2,rxax5ozo
512,1024,2048,0.06697463989257812,0.03079986572265625,Batch_2,rxax5ozo
512,1024,2560,0.015316009521484375,0.07899093627929688,Batch_2,rxax5ozo
512,1024,3072,0.0,0.08957290649414062,Batch_2,rxax5ozo
512,1024,3584,0.07956695556640625,0.062282562255859375,Batch_2,rxax5ozo
512,1024,4096,0.002979278564453125,0.11267471313476562,Batch_2,rxax5ozo
512,1024,4608,0.0,0.08360671997070312,Batch_2,rxax5ozo
512,1024,5120,1.9073486328125e-05,0.14685440063476562,Batch_2,rxax5ozo
512,1024,5632,0.020931243896484375,0.06656646728515625,Batch_2,rxax5ozo
512,1024,6144,0.0625457763671875,0.0692291259765625,Batch_2,rxax5ozo
512,1536,0,0.00785064697265625,0.08514785766601562,Batch_2,rxax5ozo
512,1536,512,0.00379180908203125,0.08008575439453125,Batch_2,rxax5ozo
512,1536,1024,0.00643157958984375,0.06740570068359375,Batch_2,rxax5ozo
512,1536,1536,0.0909423828125,0.10100173950195312,Batch_2,rxax5ozo
512,1536,2048,0.06520843505859375,0.03630828857421875,Batch_2,rxax5ozo
512,1536,2560,0.16790771484375,0.042835235595703125,Batch_2,rxax5ozo
512,1536,3072,0.13574981689453125,0.061405181884765625,Batch_2,rxax5ozo
512,1536,3584,0.060871124267578125,0.07367706298828125,Batch_2,rxax5ozo
512,1536,4096,0.001506805419921875,0.13457489013671875,Batch_2,rxax5ozo
512,1536,4608,0.07843017578125,0.12258529663085938,Batch_2,rxax5ozo
512,1536,5120,0.17840576171875,0.06818771362304688,Batch_2,rxax5ozo
512,1536,5632,0.0168304443359375,0.07452011108398438,Batch_2,rxax5ozo
512,1536,6144,0.002246856689453125,0.10829925537109375,Batch_2,rxax5ozo
1024,0,0,0.02444744110107422,0.11030769348144531,Batch_2,rxax5ozo
1024,0,1024,0.1703042984008789,0.08848381042480469,Batch_2,rxax5ozo
1024,0,2048,0.03908729553222656,0.05423927307128906,Batch_2,rxax5ozo
1024,0,3072,0.021874427795410156,0.08174800872802734,Batch_2,rxax5ozo
1024,0,4096,0.09237480163574219,0.08684825897216797,Batch_2,rxax5ozo
1024,0,5120,0.014471054077148438,0.09794902801513672,Batch_2,rxax5ozo
1024,1024,0,0.018991470336914062,0.07713031768798828,Batch_2,rxax5ozo
1024,1024,1024,0.04525947570800781,0.08431816101074219,Batch_2,rxax5ozo
1024,1024,2048,0.07885169982910156,0.04723358154296875,Batch_2,rxax5ozo
1024,1024,3072,0.0690469741821289,0.07173442840576172,Batch_2,rxax5ozo
1024,1024,4096,0.02072906494140625,0.11336040496826172,Batch_2,rxax5ozo
1024,1024,5120,0.054046630859375,0.08903217315673828,Batch_2,rxax5ozo
512,0,0,0.0092620849609375,0.1076812744140625,Batch_3,0grcilhi
512,0,512,0.009891510009765625,0.14679718017578125,Batch_3,0grcilhi
512,0,1024,0.01120758056640625,0.08758544921875,Batch_3,0grcilhi
512,0,1536,0.038753509521484375,0.09111404418945312,Batch_3,0grcilhi
512,0,2048,0.2747802734375,0.09086990356445312,Batch_3,0grcilhi
512,0,2560,0.06482315063476562,0.10638427734375,Batch_3,0grcilhi
512,0,3072,0.0883026123046875,0.21486663818359375,Batch_3,0grcilhi
512,0,3584,0.0091705322265625,0.19647216796875,Batch_3,0grcilhi
512,0,4096,0.01222991943359375,0.125335693359375,Batch_3,0grcilhi
512,0,4608,0.023193359375,0.07793807983398438,Batch_3,0grcilhi
512,0,5120,0.00775146484375,0.06311416625976562,Batch_3,0grcilhi
512,0,5632,0.01015472412109375,0.06938934326171875,Batch_3,0grcilhi
512,0,6144,0.061023712158203125,0.11179351806640625,Batch_3,0grcilhi
512,512,0,0.01944732666015625,0.06407928466796875,Batch_3,0grcilhi
512,512,512,0.12388992309570312,0.042205810546875,Batch_3,0grcilhi
512,512,1024,0.2325286865234375,0.067535400390625,Batch_3,0grcilhi
512,512,1536,0.029399871826171875,0.18117523193359375,Batch_3,0grcilhi
512,512,2048,0.036853790283203125,0.11410903930664062,Batch_3,0grcilhi
512,512,2560,0.011913299560546875,0.07784271240234375,Batch_3,0grcilhi
512,512,3072,0.15083694458007812,0.12581253051757812,Batch_3,0grcilhi
512,512,3584,0.03812408447265625,0.09912109375,Batch_3,0grcilhi
512,512,4096,0.1108856201171875,0.0912322998046875,Batch_3,0grcilhi
512,512,4608,0.006793975830078125,0.08174896240234375,Batch_3,0grcilhi
512,512,5120,0.023639678955078125,0.12635421752929688,Batch_3,0grcilhi
512,512,5632,0.0014801025390625,0.21721267700195312,Batch_3,0grcilhi
512,512,6144,0.00064849853515625,0.12857437133789062,Batch_3,0grcilhi
512,1024,0,0.034000396728515625,0.0780792236328125,Batch_3,0grcilhi
512,1024,512,0.19667434692382812,0.10865402221679688,Batch_3,0grcilhi
512,1024,1024,0.026607513427734375,0.04827880859375,Batch_3,0grcilhi
512,1024,1536,0.0967559814453125,0.12693023681640625,Batch_3,0grcilhi
512,1024,2048,0.013957977294921875,0.15849685668945312,Batch_3,0grcilhi
512,1024,2560,0.039226531982421875,0.09753036499023438,Batch_3,0grcilhi
512,1024,3072,3.814697265625e-05,0.00940704345703125,Batch_3,0grcilhi
512,1024,3584,0.000457763671875,0.1004638671875,Batch_3,0grcilhi
512,1024,4096,0.037937164306640625,0.201019287109375,Batch_3,0grcilhi
512,1024,4608,0.003173828125,0.20307540893554688,Batch_3,0grcilhi
512,1024,5120,0.001834869384765625,0.123504638671875,Batch_3,0grcilhi
512,1024,5632,0.07932281494140625,0.08196258544921875,Batch_3,0grcilhi
512,1024,6144,0.0012054443359375,0.12602615356445312,Batch_3,0grcilhi
1024,0,0,0.040622711181640625,0.09019088745117188,Batch_3,0grcilhi
1024,0,1024,0.077972412109375,0.10685253143310547,Batch_3,0grcilhi
1024,0,2048,0.0970926284790039,0.09730148315429688,Batch_3,0grcilhi
1024,0,3072,0.0716085433959961,0.15906810760498047,Batch_3,0grcilhi
1024,0,4096,0.038275718688964844,0.09406375885009766,Batch_3,0grcilhi
1024,0,5120,0.010756492614746094,0.1190176010131836,Batch_3,0grcilhi
512,0,0,0.10396957397460938,0.0703582763671875,Batch_3,71vgq3fw
512,0,512,0.000568389892578125,0.0555572509765625,Batch_3,71vgq3fw
512,0,1024,0.061824798583984375,0.07841110229492188,Batch_3,71vgq3fw
512,0,1536,0.0443878173828125,0.0845947265625,Batch_3,71vgq3fw
512,0,2048,0.12628555297851562,0.05644989013671875,Batch_3,71vgq3fw
512,0,2560,0.029788970947265625,0.11728668212890625,Batch_3,71vgq3fw
512,0,3072,0.006683349609375,0.07770538330078125,Batch_3,71vgq3fw
512,0,3584,0.13002395629882812,0.056980133056640625,Batch_3,71vgq3fw
512,0,4096,0.05193328857421875,0.058055877685546875,Batch_3,71vgq3fw
512,0,4608,0.07999038696289062,0.06602096557617188,Batch_3,71vgq3fw
512,0,5120,0.0093841552734375,0.14665603637695312,Batch_3,71vgq3fw
512,0,5632,0.07921981811523438,0.06563568115234375,Batch_3,71vgq3fw
512,0,6144,0.0169525146484375,0.058620452880859375,Batch_3,71vgq3fw
512,512,0,0.0348052978515625,0.062496185302734375,Batch_3,71vgq3fw
512,512,512,0.00160980224609375,0.08331298828125,Batch_3,71vgq3fw
512,512,1024,0.3343009948730469,0.09637832641601562,Batch_3,71vgq3fw
512,512,1536,0.005664825439453125,0.0820159912109375,Batch_3,71vgq3fw
512,512,2048,0.037384033203125,0.0686798095703125,Batch_3,71vgq3fw
512,512,2560,0.083831787109375,0.08010482788085938,Batch_3,71vgq3fw
512,512,3072,0.21692276000976562,0.03511810302734375,Batch_3,71vgq3fw
512,512,3584,0.03739166259765625,0.07949447631835938,Batch_3,71vgq3fw
512,512,4096,0.06523513793945312,0.054393768310546875,Batch_3,71vgq3fw
512,512,4608,0.047252655029296875,0.10390090942382812,Batch_3,71vgq3fw
512,512,5120,0.1230010986328125,0.07219696044921875,Batch_3,71vgq3fw
512,512,5632,0.09610366821289062,0.10161590576171875,Batch_3,71vgq3fw
512,512,6144,0.00693511962890625,0.04601287841796875,Batch_3,71vgq3fw
512,1024,0,0.002582550048828125,0.09774398803710938,Batch_3,71vgq3fw
512,1024,512,0.009311676025390625,0.11304855346679688,Batch_3,71vgq3fw
512,1024,1024,0.07743453979492188,0.06465530395507812,Batch_3,71vgq3fw
512,1024,1536,0.12504959106445312,0.06278610229492188,Batch_3,71vgq3fw
512,1024,2048,0.000492095947265625,0.09126663208007812,Batch_3,71vgq3fw
512,1024,2560,0.024890899658203125,0.07922744750976562,Batch_3,71vgq3fw
512,1024,3072,0.271209716796875,0.07157135009765625,Batch_3,71vgq3fw
512,1024,3584,0.05757904052734375,0.095916748046875,Batch_3,71vgq3fw
512,1024,4096,0.005001068115234375,0.05567169189453125,Batch_3,71vgq3fw
512,1024,4608,0.09058761596679688,0.07349777221679688,Batch_3,71vgq3fw
512,1024,5120,0.0238800048828125,0.089935302734375,Batch_3,71vgq3fw
512,1024,5632,0.07482528686523438,0.08649444580078125,Batch_3,71vgq3fw
512,1024,6144,0.020721435546875,0.046413421630859375,Batch_3,71vgq3fw
512,1536,0,0.00679779052734375,0.07545089721679688,Batch_3,71vgq3fw
512,1536,512,0.009593963623046875,0.055511474609375,Batch_3,71vgq3fw
512,1536,1024,0.03269195556640625,0.07366561889648438,Batch_3,71vgq3fw
512,1536,1536,0.09278106689453125,0.052860260009765625,Batch_3,71vgq3fw
512,1536,2048,0.051666259765625,0.08111572265625,Batch_3,71vgq3fw
512,1536,2560,0.04169464111328125,0.04492950439453125,Batch_3,71vgq3fw
512,1536,3072,0.17572784423828125,0.12243270874023438,Batch_3,71vgq3fw
512,1536,3584,0.07997512817382812,0.12786483764648438,Batch_3,71vgq3fw
512,1536,4096,0.013103485107421875,0.08030319213867188,Batch_3,71vgq3fw
512,1536,4608,0.03128814697265625,0.06552886962890625,Batch_3,71vgq3fw
512,1536,5120,0.011928558349609375,0.051067352294921875,Batch_3,71vgq3fw
512,1536,5632,0.010467529296875,0.09160614013671875,Batch_3,71vgq3fw
512,1536,6144,0.0360870361328125,0.0457611083984375,Batch_3,71vgq3fw
1024,0,0,0.03523826599121094,0.0679311752319336,Batch_3,71vgq3fw
1024,0,1024,0.11154460906982422,0.08535003662109375,Batch_3,71vgq3fw
1024,0,2048,0.06932258605957031,0.08063030242919922,Batch_3,71vgq3fw
1024,0,3072,0.09775543212890625,0.06232452392578125,Batch_3,71vgq3fw
1024,0,4096,0.061102867126464844,0.07059288024902344,Batch_3,71vgq3fw
1024,0,5120,0.07692718505859375,0.0965261459350586,Batch_3,71vgq3fw
1024,1024,0,0.007071495056152344,0.08543872833251953,Batch_3,71vgq3fw
1024,1024,1024,0.08198928833007812,0.0634918212890625,Batch_3,71vgq3fw
1024,1024,2048,0.02968597412109375,0.07413482666015625,Batch_3,71vgq3fw
1024,1024,3072,0.14612293243408203,0.1044464111328125,Batch_3,71vgq3fw
1024,1024,4096,0.034995079040527344,0.06875038146972656,Batch_3,71vgq3fw
1024,1024,5120,0.030275344848632812,0.07977581024169922,Batch_3,71vgq3fw
512,0,0,0.18148040771484375,0.0722503662109375,Batch_3,9luzk4jm
512,0,512,0.029201507568359375,0.0780181884765625,Batch_3,9luzk4jm
512,0,1024,0.256103515625,0.17529678344726562,Batch_3,9luzk4jm
512,0,1536,0.04209136962890625,0.14214324951171875,Batch_3,9luzk4jm
512,0,2048,0.00710296630859375,0.03791046142578125,Batch_3,9luzk4jm
512,0,2560,0.08219528198242188,0.08046722412109375,Batch_3,9luzk4jm
512,0,3072,0.03646087646484375,0.09833145141601562,Batch_3,9luzk4jm
512,0,3584,0.017314910888671875,0.06969070434570312,Batch_3,9luzk4jm
512,0,4096,0.021942138671875,0.11835098266601562,Batch_3,9luzk4jm
512,0,4608,0.04317474365234375,0.12645721435546875,Batch_3,9luzk4jm
512,0,5120,4.57763671875e-05,0.06206512451171875,Batch_3,9luzk4jm
512,0,5632,0.04395294189453125,0.0708770751953125,Batch_3,9luzk4jm
512,0,6144,0.07038116455078125,0.0915374755859375,Batch_3,9luzk4jm
512,512,0,0.003894805908203125,0.18911361694335938,Batch_3,9luzk4jm
512,512,512,0.0154876708984375,0.14765167236328125,Batch_3,9luzk4jm
512,512,1024,0.06645965576171875,0.07696533203125,Batch_3,9luzk4jm
512,512,1536,0.08850860595703125,0.10794830322265625,Batch_3,9luzk4jm
512,512,2048,0.0103759765625,0.061920166015625,Batch_3,9luzk4jm
512,512,2560,0.2939910888671875,0.09745407104492188,Batch_3,9luzk4jm
512,512,3072,0.0341644287109375,0.09064483642578125,Batch_3,9luzk4jm
512,512,3584,0.0631866455078125,0.13704299926757812,Batch_3,9luzk4jm
512,512,4096,0.18114471435546875,0.0886993408203125,Batch_3,9luzk4jm
512,512,4608,0.07112884521484375,0.10074996948242188,Batch_3,9luzk4jm
512,512,5120,0.1854400634765625,0.0881195068359375,Batch_3,9luzk4jm
512,512,5632,0.019077301025390625,0.13237762451171875,Batch_3,9luzk4jm
512,512,6144,0.20348358154296875,0.21373367309570312,Batch_3,9luzk4jm
512,1024,0,0.09961700439453125,0.11513900756835938,Batch_3,9luzk4jm
512,1024,512,0.000354766845703125,0.08333587646484375,Batch_3,9luzk4jm
512,1024,1024,0.000751495361328125,0.11453628540039062,Batch_3,9luzk4jm
512,1024,1536,0.056941986083984375,0.14113235473632812,Batch_3,9luzk4jm
512,1024,2048,0.011241912841796875,0.178497314453125,Batch_3,9luzk4jm
512,1024,2560,0.000232696533203125,0.08836746215820312,Batch_3,9luzk4jm
512,1024,3072,0.111053466796875,0.1215362548828125,Batch_3,9luzk4jm
512,1024,3584,0.014888763427734375,0.08921051025390625,Batch_3,9luzk4jm
512,1024,4096,0.00042724609375,0.17441940307617188,Batch_3,9luzk4jm
512,1024,4608,0.001007080078125,0.17902374267578125,Batch_3,9luzk4jm
512,1024,5120,0.040557861328125,0.13101577758789062,Batch_3,9luzk4jm
512,1024,5632,0.0430755615234375,0.17254638671875,Batch_3,9luzk4jm
512,1024,6144,0.11689376831054688,0.14298629760742188,Batch_3,9luzk4jm
512,1536,0,0.0031280517578125,0.0237884521484375,Batch_3,9luzk4jm
512,1536,512,0.10046768188476562,0.10336685180664062,Batch_3,9luzk4jm
512,1536,1024,0.003559112548828125,0.1552581787109375,Batch_3,9luzk4jm
512,1536,1536,0.0080108642578125,0.13074874877929688,Batch_3,9luzk4jm
512,1536,2048,0.0252227783203125,0.11642837524414062,Batch_3,9luzk4jm
512,1536,2560,0.08888626098632812,0.06882476806640625,Batch_3,9luzk4jm
512,1536,3072,0.000392913818359375,0.07999038696289062,Batch_3,9luzk4jm
512,1536,3584,0.052165985107421875,0.13232803344726562,Batch_3,9luzk4jm
512,1536,4096,0.040439605712890625,0.056232452392578125,Batch_3,9luzk4jm
512,1536,4608,0.006500244140625,0.1002349853515625,Batch_3,9luzk4jm
512,1536,5120,0.07740020751953125,0.20644760131835938,Batch_3,9luzk4jm
512,1536,5632,0.00605010986328125,0.2220916748046875,Batch_3,9luzk4jm
512,1536,6144,0.0166168212890625,0.18785476684570312,Batch_3,9luzk4jm
1024,0,0,0.05751609802246094,0.12175846099853516,Batch_3,9luzk4jm
1024,0,1024,0.11329078674316406,0.12558841705322266,Batch_3,9luzk4jm
1024,0,2048,0.09841632843017578,0.06943798065185547,Batch_3,9luzk4jm
1024,0,3072,0.037781715393066406,0.09892749786376953,Batch_3,9luzk4jm
1024,0,4096,0.07934761047363281,0.10856437683105469,Batch_3,9luzk4jm
1024,0,5120,0.06212902069091797,0.08835983276367188,Batch_3,9luzk4jm
1024,1024,0,0.050891876220703125,0.08140754699707031,Batch_3,9luzk4jm
1024,1024,1024,0.01731586456298828,0.13541889190673828,Batch_3,9luzk4jm
1024,1024,2048,0.031395912170410156,0.11302947998046875,Batch_3,9luzk4jm
1024,1024,3072,0.044625282287597656,0.10576629638671875,Batch_3,9luzk4jm
1024,1024,4096,0.012093544006347656,0.12747764587402344,Batch_3,9luzk4jm
1024,1024,5120,0.04177093505859375,0.18302536010742188,Batch_3,9luzk4jm
512,0,0,0.07969284057617188,0.0835113525390625,Batch_3,cfe5vt7s
512,0,512,0.052143096923828125,0.08259201049804688,Batch_3,cfe5vt7s
512,0,1024,0.000579833984375,0.045574188232421875,Batch_3,cfe5vt7s
512,0,1536,0.1431427001953125,0.043674468994140625,Batch_3,cfe5vt7s
512,0,2048,0.1182708740234375,0.03903961181640625,Batch_3,cfe5vt7s
512,0,2560,0.0853271484375,0.053497314453125,Batch_3,cfe5vt7s
512,0,3072,0.0258026123046875,0.03424835205078125,Batch_3,cfe5vt7s
512,0,3584,0.06514358520507812,0.054103851318359375,Batch_3,cfe5vt7s
512,0,4096,0.032932281494140625,0.04857635498046875,Batch_3,cfe5vt7s
512,0,4608,0.0036773681640625,0.08101272583007812,Batch_3,cfe5vt7s
512,0,5120,0.03753662109375,0.052692413330078125,Batch_3,cfe5vt7s
512,0,5632,0.09695053100585938,0.018718719482421875,Batch_3,cfe5vt7s
512,0,6144,0.059429168701171875,0.037120819091796875,Batch_3,cfe5vt7s
512,512,0,0.051059722900390625,0.059234619140625,Batch_3,cfe5vt7s
512,512,512,0.17979049682617188,0.07189559936523438,Batch_3,cfe5vt7s
512,512,1024,0.012298583984375,0.06278610229492188,Batch_3,cfe5vt7s
512,512,1536,0.039752960205078125,0.065093994140625,Batch_3,cfe5vt7s
512,512,2048,0.020061492919921875,0.09602737426757812,Batch_3,cfe5vt7s
512,512,2560,0.08484268188476562,0.0739593505859375,Batch_3,cfe5vt7s
512,512,3072,0.06866455078125,0.09865188598632812,Batch_3,cfe5vt7s
512,512,3584,0.025852203369140625,0.0550994873046875,Batch_3,cfe5vt7s
512,512,4096,0.024539947509765625,0.12998199462890625,Batch_3,cfe5vt7s
512,512,4608,0.0687713623046875,0.1741485595703125,Batch_3,cfe5vt7s
512,512,5120,0.042652130126953125,0.11735153198242188,Batch_3,cfe5vt7s
512,512,5632,0.10009384155273438,0.10634231567382812,Batch_3,cfe5vt7s
512,512,6144,0.04095458984375,0.09587860107421875,Batch_3,cfe5vt7s
512,1024,0,0.04457855224609375,0.15129470825195312,Batch_3,cfe5vt7s
512,1024,512,0.046215057373046875,0.11072158813476562,Batch_3,cfe5vt7s
512,1024,1024,0.00095367431640625,0.09562301635742188,Batch_3,cfe5vt7s
512,1024,1536,0.004642486572265625,0.0738372802734375,Batch_3,cfe5vt7s
512,1024,2048,0.11452865600585938,0.08484649658203125,Batch_3,cfe5vt7s
512,1024,2560,0.03243255615234375,0.10795211791992188,Batch_3,cfe5vt7s
512,1024,3072,0.050998687744140625,0.08635330200195312,Batch_3,cfe5vt7s
512,1024,3584,0.09560012817382812,0.08917999267578125,Batch_3,cfe5vt7s
512,1024,4096,0.2533378601074219,0.05081939697265625,Batch_3,cfe5vt7s
512,1024,4608,0.14866256713867188,0.04270172119140625,Batch_3,cfe5vt7s
512,1024,5120,0.11413955688476562,0.08934783935546875,Batch_3,cfe5vt7s
512,1024,5632,0.01378631591796875,0.09981155395507812,Batch_3,cfe5vt7s
512,1024,6144,0.000881195068359375,0.12483596801757812,Batch_3,cfe5vt7s
512,1536,0,0.013416290283203125,0.038967132568359375,Batch_3,cfe5vt7s
512,1536,512,0.0120697021484375,0.0362701416015625,Batch_3,cfe5vt7s
512,1536,1024,0.08389663696289062,0.041049957275390625,Batch_3,cfe5vt7s
512,1536,1536,0.2233123779296875,0.07916259765625,Batch_3,cfe5vt7s
512,1536,2048,0.10638809204101562,0.08177566528320312,Batch_3,cfe5vt7s
512,1536,2560,0.169036865234375,0.12371826171875,Batch_3,cfe5vt7s
512,1536,3072,0.014415740966796875,0.13476181030273438,Batch_3,cfe5vt7s
512,1536,3584,0.000957489013671875,0.1068115234375,Batch_3,cfe5vt7s
512,1536,4096,0.052989959716796875,0.10729598999023438,Batch_3,cfe5vt7s
512,1536,4608,0.000354766845703125,0.05692291259765625,Batch_3,cfe5vt7s
512,1536,5120,0.0370635986328125,0.06539154052734375,Batch_3,cfe5vt7s
512,1536,5632,0.02569580078125,0.0428009033203125,Batch_3,cfe5vt7s
512,1536,6144,0.050445556640625,0.0690155029296875,Batch_3,cfe5vt7s
1024,0,0,0.09067153930664062,0.07430839538574219,Batch_3,cfe5vt7s
1024,0,1024,0.048943519592285156,0.054282188415527344,Batch_3,cfe5vt7s
1024,0,2048,0.07712554931640625,0.06563091278076172,Batch_3,cfe5vt7s
1024,0,3072,0.04636573791503906,0.06052589416503906,Batch_3,cfe5vt7s
1024,0,4096,0.03248023986816406,0.1084299087524414,Batch_3,cfe5vt7s
1024,0,5120,0.06930828094482422,0.0737762451171875,Batch_3,cfe5vt7s
1024,1024,0,0.029069900512695312,0.08431339263916016,Batch_3,cfe5vt7s
1024,1024,1024,0.0782012939453125,0.072418212890625,Batch_3,cfe5vt7s
1024,1024,2048,0.10559654235839844,0.09957313537597656,Batch_3,cfe5vt7s
1024,1024,3072,0.040493011474609375,0.10427665710449219,Batch_3,cfe5vt7s
1024,1024,4096,0.11383628845214844,0.06443500518798828,Batch_3,cfe5vt7s
1024,1024,5120,0.04767131805419922,0.07433795928955078,Batch_3,cfe5vt7s
512,0,0,0.003803253173828125,0.07256698608398438,Batch_3,hawkfj64
512,0,512,0.020694732666015625,0.11928939819335938,Batch_3,hawkfj64
512,0,1024,0.00766754150390625,0.16012191772460938,Batch_3,hawkfj64
512,0,1536,0.008899688720703125,0.1033935546875,Batch_3,hawkfj64
512,0,2048,0.02390289306640625,0.034229278564453125,Batch_3,hawkfj64
512,0,2560,0.0037384033203125,0.16158676147460938,Batch_3,hawkfj64
512,0,3072,0.08472442626953125,0.08420562744140625,Batch_3,hawkfj64
512,0,3584,0.011539459228515625,0.10051345825195312,Batch_3,hawkfj64
512,0,4096,0.035953521728515625,0.088226318359375,Batch_3,hawkfj64
512,0,4608,0.02562713623046875,0.09632110595703125,Batch_3,hawkfj64
512,0,5120,0.026371002197265625,0.058559417724609375,Batch_3,hawkfj64
512,0,5632,0.043506622314453125,0.07078170776367188,Batch_3,hawkfj64
512,0,6144,0.014667510986328125,0.10111618041992188,Batch_3,hawkfj64
512,512,0,0.0367584228515625,0.08864212036132812,Batch_3,hawkfj64
512,512,512,0.0381622314453125,0.0540771484375,Batch_3,hawkfj64
512,512,1024,0.02222442626953125,0.07572555541992188,Batch_3,hawkfj64
512,512,1536,0.016628265380859375,0.02223968505859375,Batch_3,hawkfj64
512,512,2048,0.20063018798828125,0.07488632202148438,Batch_3,hawkfj64
512,512,2560,0.102813720703125,0.13128280639648438,Batch_3,hawkfj64
512,512,3072,0.015354156494140625,0.1453704833984375,Batch_3,hawkfj64
512,512,3584,0.032756805419921875,0.1918182373046875,Batch_3,hawkfj64
512,512,4096,0.00307464599609375,0.0530242919921875,Batch_3,hawkfj64
512,512,4608,0.006378173828125,0.11729812622070312,Batch_3,hawkfj64
512,512,5120,0.028972625732421875,0.15240478515625,Batch_3,hawkfj64
512,512,5632,0.1095428466796875,0.08770751953125,Batch_3,hawkfj64
512,512,6144,0.00026702880859375,0.1511993408203125,Batch_3,hawkfj64
512,1024,0,0.072784423828125,0.024028778076171875,Batch_3,hawkfj64
512,1024,512,0.004199981689453125,0.08859634399414062,Batch_3,hawkfj64
512,1024,1024,0.01385498046875,0.07462310791015625,Batch_3,hawkfj64
512,1024,1536,0.002208709716796875,0.10688018798828125,Batch_3,hawkfj64
512,1024,2048,0.08241653442382812,0.06983566284179688,Batch_3,hawkfj64
512,1024,2560,0.05230712890625,0.10595321655273438,Batch_3,hawkfj64
512,1024,3072,0.02933502197265625,0.08014678955078125,Batch_3,hawkfj64
512,1024,3584,0.20704269409179688,0.07183074951171875,Batch_3,hawkfj64
512,1024,4096,0.001346588134765625,0.05931854248046875,Batch_3,hawkfj64
512,1024,4608,0.03980255126953125,0.0853118896484375,Batch_3,hawkfj64
512,1024,5120,0.10216140747070312,0.10551071166992188,Batch_3,hawkfj64
512,1024,5632,0.023311614990234375,0.07909393310546875,Batch_3,hawkfj64
512,1024,6144,0.0,0.09384536743164062,Batch_3,hawkfj64
1024,0,0,0.024854660034179688,0.08364391326904297,Batch_3,hawkfj64
1024,0,1024,0.01385498046875,0.09037017822265625,Batch_3,hawkfj64
1024,0,2048,0.08277130126953125,0.10049629211425781,Batch_3,hawkfj64
1024,0,3072,0.036093711853027344,0.1304769515991211,Batch_3,hawkfj64
1024,0,4096,0.01775836944580078,0.08871746063232422,Batch_3,hawkfj64
1024,0,5120,0.05209827423095703,0.09236335754394531,Batch_3,hawkfj64
512,0,0,0.002593994140625,0.10472488403320312,Batch_3,hzumfsms
512,0,512,0.11627578735351562,0.13808822631835938,Batch_3,hzumfsms
512,0,1024,0.021419525146484375,0.13541793823242188,Batch_3,hzumfsms
512,0,1536,0.0358123779296875,0.13556289672851562,Batch_3,hzumfsms
512,0,2048,0.059993743896484375,0.08367156982421875,Batch_3,hzumfsms
512,0,2560,0.00786590576171875,0.26354217529296875,Batch_3,hzumfsms
512,0,3072,0.009540557861328125,0.3152122497558594,Batch_3,hzumfsms
512,0,3584,0.005313873291015625,0.14889907836914062,Batch_3,hzumfsms
512,0,4096,0.04217529296875,0.22081375122070312,Batch_3,hzumfsms
512,0,4608,0.02936553955078125,0.13474273681640625,Batch_3,hzumfsms
512,0,5120,0.08413314819335938,0.15732192993164062,Batch_3,hzumfsms
512,0,5632,0.041584014892578125,0.07696914672851562,Batch_3,hzumfsms
512,0,6144,0.00421142578125,0.21560287475585938,Batch_3,hzumfsms
512,512,0,0.012691497802734375,0.08995819091796875,Batch_3,hzumfsms
512,512,512,0.1708984375,0.08671188354492188,Batch_3,hzumfsms
512,512,1024,0.09772109985351562,0.11000442504882812,Batch_3,hzumfsms
512,512,1536,0.0211029052734375,0.10821533203125,Batch_3,hzumfsms
512,512,2048,0.000232696533203125,0.100372314453125,Batch_3,hzumfsms
512,512,2560,0.0070648193359375,0.10216522216796875,Batch_3,hzumfsms
512,512,3072,0.0189208984375,0.06826400756835938,Batch_3,hzumfsms
512,512,3584,6.103515625e-05,0.25504302978515625,Batch_3,hzumfsms
512,512,4096,0.015644073486328125,0.119781494140625,Batch_3,hzumfsms
512,512,4608,0.032314300537109375,0.08663558959960938,Batch_3,hzumfsms
512,512,5120,0.16801071166992188,0.18368148803710938,Batch_3,hzumfsms
512,512,5632,0.003955841064453125,0.21886062622070312,Batch_3,hzumfsms
512,512,6144,0.0086517333984375,0.0836029052734375,Batch_3,hzumfsms
512,1024,0,0.00380706787109375,0.14043045043945312,Batch_3,hzumfsms
512,1024,512,0.06624603271484375,0.0908355712890625,Batch_3,hzumfsms
512,1024,1024,0.209136962890625,0.09274673461914062,Batch_3,hzumfsms
512,1024,1536,0.005496978759765625,0.10411834716796875,Batch_3,hzumfsms
512,1024,2048,9.918212890625e-05,0.09641647338867188,Batch_3,hzumfsms
512,1024,2560,0.0,0.3344917297363281,Batch_3,hzumfsms
512,1024,3072,0.13733291625976562,0.16973495483398438,Batch_3,hzumfsms
512,1024,3584,0.015193939208984375,0.19220352172851562,Batch_3,hzumfsms
512,1024,4096,0.08260345458984375,0.07823562622070312,Batch_3,hzumfsms
512,1024,4608,0.035648345947265625,0.12631607055664062,Batch_3,hzumfsms
512,1024,5120,0.058361053466796875,0.07393264770507812,Batch_3,hzumfsms
512,1024,5632,0.048797607421875,0.08557891845703125,Batch_3,hzumfsms
512,1024,6144,0.038822174072265625,0.19890213012695312,Batch_3,hzumfsms
512,1536,0,0.011638641357421875,0.1891326904296875,Batch_3,hzumfsms
512,1536,512,0.0393524169921875,0.21184921264648438,Batch_3,hzumfsms
512,1536,1024,0.021022796630859375,0.2973976135253906,Batch_3,hzumfsms
512,1536,1536,0.0798492431640625,0.2067718505859375,Batch_3,hzumfsms
512,1536,2048,0.0532684326171875,0.2639427185058594,Batch_3,hzumfsms
512,1536,2560,0.04372406005859375,0.09001922607421875,Batch_3,hzumfsms
512,1536,3072,0.07428359985351562,0.0703582763671875,Batch_3,hzumfsms
512,1536,3584,0.000514984130859375,0.04312896728515625,Batch_3,hzumfsms
512,1536,4096,0.0,0.08649444580078125,Batch_3,hzumfsms
512,1536,4608,0.08176422119140625,0.07773590087890625,Batch_3,hzumfsms
512,1536,5120,0.06951141357421875,0.10276412963867188,Batch_3,hzumfsms
512,1536,5632,0.13483810424804688,0.056331634521484375,Batch_3,hzumfsms
512,1536,6144,0.13850021362304688,0.057064056396484375,Batch_3,hzumfsms
1024,0,0,0.07561492919921875,0.10487079620361328,Batch_3,hzumfsms
1024,0,1024,0.04401397705078125,0.1223001480102539,Batch_3,hzumfsms
1024,0,2048,0.018789291381835938,0.1374378204345703,Batch_3,hzumfsms
1024,0,3072,0.008459091186523438,0.1968545913696289,Batch_3,hzumfsms
1024,0,4096,0.029874801635742188,0.14049339294433594,Batch_3,hzumfsms
1024,0,5120,0.07442092895507812,0.1592082977294922,Batch_3,hzumfsms
1024,1024,0,0.03026103973388672,0.15806198120117188,Batch_3,hzumfsms
1024,1024,1024,0.07887649536132812,0.17525863647460938,Batch_3,hzumfsms
1024,1024,2048,0.024272918701171875,0.19621753692626953,Batch_3,hzumfsms
1024,1024,3072,0.05683135986328125,0.11885643005371094,Batch_3,hzumfsms
1024,1024,4096,0.050004005432128906,0.09219551086425781,Batch_3,hzumfsms
1024,1024,5120,0.07787704467773438,0.0796518325805664,Batch_3,hzumfsms
512,0,0,0.0198822021484375,0.05518341064453125,Batch_3,kbdh4tri
512,0,512,0.0189056396484375,0.0335235595703125,Batch_3,kbdh4tri
512,0,1024,0.03211212158203125,0.054767608642578125,Batch_3,kbdh4tri
512,0,1536,0.02707672119140625,0.07126998901367188,Batch_3,kbdh4tri
512,0,2048,0.10669708251953125,0.08893203735351562,Batch_3,kbdh4tri
512,0,2560,0.0881195068359375,0.0448455810546875,Batch_3,kbdh4tri
512,0,3072,0.21191024780273438,0.069091796875,Batch_3,kbdh4tri
512,0,3584,0.00020599365234375,0.067596435546875,Batch_3,kbdh4tri
512,0,4096,0.09112930297851562,0.03101348876953125,Batch_3,kbdh4tri
512,0,4608,0.008312225341796875,0.09392929077148438,Batch_3,kbdh4tri
512,0,5120,0.0023651123046875,0.09398651123046875,Batch_3,kbdh4tri
512,0,5632,0.072784423828125,0.08015060424804688,Batch_3,kbdh4tri
512,0,6144,0.03985595703125,0.0493316650390625,Batch_3,kbdh4tri
512,512,0,0.02281951904296875,0.07117080688476562,Batch_3,kbdh4tri
512,512,512,0.09117889404296875,0.0267791748046875,Batch_3,kbdh4tri
512,512,1024,0.0256500244140625,0.058307647705078125,Batch_3,kbdh4tri
512,512,1536,0.00359344482421875,0.037242889404296875,Batch_3,kbdh4tri
512,512,2048,0.008533477783203125,0.0985565185546875,Batch_3,kbdh4tri
512,512,2560,0.0046844482421875,0.07422637939453125,Batch_3,kbdh4tri
512,512,3072,0.08277130126953125,0.0626678466796875,Batch_3,kbdh4tri
512,512,3584,0.049591064453125,0.04598236083984375,Batch_3,kbdh4tri
512,512,4096,0.01369476318359375,0.030364990234375,Batch_3,kbdh4tri
512,512,4608,0.056583404541015625,0.08736419677734375,Batch_3,kbdh4tri
512,512,5120,0.019744873046875,0.06799697875976562,Batch_3,kbdh4tri
512,512,5632,0.07116317749023438,0.09768295288085938,Batch_3,kbdh4tri
512,512,6144,0.049037933349609375,0.11742401123046875,Batch_3,kbdh4tri
512,1024,0,0.05773162841796875,0.09448623657226562,Batch_3,kbdh4tri
512,1024,512,0.0902862548828125,0.07900238037109375,Batch_3,kbdh4tri
512,1024,1024,0.06406021118164062,0.045928955078125,Batch_3,kbdh4tri
512,1024,1536,0.09606552124023438,0.11179351806640625,Batch_3,kbdh4tri
512,1024,2048,0.0168304443359375,0.08968353271484375,Batch_3,kbdh4tri
512,1024,2560,0.038532257080078125,0.0629730224609375,Batch_3,kbdh4tri
512,1024,3072,0.00127410888671875,0.10728836059570312,Batch_3,kbdh4tri
512,1024,3584,0.00460052490234375,0.09645843505859375,Batch_3,kbdh4tri
512,1024,4096,0.06862640380859375,0.0557403564453125,Batch_3,kbdh4tri
512,1024,4608,0.0171966552734375,0.06906890869140625,Batch_3,kbdh4tri
512,1024,5120,0.01888275146484375,0.10191726684570312,Batch_3,kbdh4tri
512,1024,5632,0.13566207885742188,0.024837493896484375,Batch_3,kbdh4tri
512,1024,6144,0.11358642578125,0.06400680541992188,Batch_3,kbdh4tri
512,1536,0,0.07544708251953125,0.09686279296875,Batch_3,kbdh4tri
512,1536,512,0.12755203247070312,0.054866790771484375,Batch_3,kbdh4tri
512,1536,1024,0.11139678955078125,0.0726776123046875,Batch_3,kbdh4tri
512,1536,1536,0.00322723388671875,0.07041549682617188,Batch_3,kbdh4tri
512,1536,2048,0.07253646850585938,0.09402847290039062,Batch_3,kbdh4tri
512,1536,2560,0.05517578125,0.13025665283203125,Batch_3,kbdh4tri
512,1536,3072,0.07639312744140625,0.07220840454101562,Batch_3,kbdh4tri
512,1536,3584,0.11139297485351562,0.15853500366210938,Batch_3,kbdh4tri
512,1536,4096,0.11806106567382812,0.07912063598632812,Batch_3,kbdh4tri
512,1536,4608,0.08949661254882812,0.10812759399414062,Batch_3,kbdh4tri
512,1536,5120,0.06806182861328125,0.07697677612304688,Batch_3,kbdh4tri
512,1536,5632,0.01525115966796875,0.03397369384765625,Batch_3,kbdh4tri
512,1536,6144,0.0048675537109375,0.0383758544921875,Batch_3,kbdh4tri
1024,0,0,0.038196563720703125,0.04666423797607422,Batch_3,kbdh4tri
1024,0,1024,0.022108078002929688,0.05539703369140625,Batch_3,kbdh4tri
1024,0,2048,0.052008628845214844,0.07664012908935547,Batch_3,kbdh4tri
1024,0,3072,0.0861196517944336,0.06133460998535156,Batch_3,kbdh4tri
1024,0,4096,0.04242992401123047,0.060667991638183594,Batch_3,kbdh4tri
1024,0,5120,0.04151439666748047,0.08495426177978516,Batch_3,kbdh4tri
1024,1024,0,0.0877542495727539,0.08130455017089844,Batch_3,kbdh4tri
1024,1024,1024,0.06868743896484375,0.07520389556884766,Batch_3,kbdh4tri
1024,1024,2048,0.04576873779296875,0.09423542022705078,Batch_3,kbdh4tri
1024,1024,3072,0.048415184020996094,0.10862255096435547,Batch_3,kbdh4tri
1024,1024,4096,0.07334518432617188,0.07801437377929688,Batch_3,kbdh4tri
1024,1024,5120,0.059464454650878906,0.059426307678222656,Batch_3,kbdh4tri
512,0,0,0.0616302490234375,0.0368804931640625,Batch_3,mgxahqnk
512,0,512,0.0732421875,0.047977447509765625,Batch_3,mgxahqnk
512,0,1024,0.1058197021484375,0.13948822021484375,Batch_3,mgxahqnk
512,0,1536,0.006687164306640625,0.1085052490234375,Batch_3,mgxahqnk
512,0,2048,0.04691314697265625,0.14862060546875,Batch_3,mgxahqnk
512,0,2560,0.07343673706054688,0.08599853515625,Batch_3,mgxahqnk
512,0,3072,0.08507156372070312,0.10508346557617188,Batch_3,mgxahqnk
512,0,3584,0.03008270263671875,0.17777633666992188,Batch_3,mgxahqnk
512,0,4096,0.16214752197265625,0.11299896240234375,Batch_3,mgxahqnk
512,0,4608,0.02161407470703125,0.062274932861328125,Batch_3,mgxahqnk
512,0,5120,0.10512542724609375,0.09508514404296875,Batch_3,mgxahqnk
512,0,5632,0.01909637451171875,0.068115234375,Batch_3,mgxahqnk
512,0,6144,0.005390167236328125,0.17418670654296875,Batch_3,mgxahqnk
512,512,0,0.15319061279296875,0.09982681274414062,Batch_3,mgxahqnk
512,512,512,0.028850555419921875,0.08379364013671875,Batch_3,mgxahqnk
512,512,1024,3.814697265625e-05,0.0961456298828125,Batch_3,mgxahqnk
512,512,1536,0.027256011962890625,0.07955169677734375,Batch_3,mgxahqnk
512,512,2048,0.023571014404296875,0.05493927001953125,Batch_3,mgxahqnk
512,512,2560,0.03460693359375,0.015117645263671875,Batch_3,mgxahqnk
512,512,3072,0.036163330078125,0.0630035400390625,Batch_3,mgxahqnk
512,512,3584,0.001811981201171875,0.10443115234375,Batch_3,mgxahqnk
512,512,4096,0.19004058837890625,0.14362335205078125,Batch_3,mgxahqnk
512,512,4608,0.15866470336914062,0.17014312744140625,Batch_3,mgxahqnk
512,512,5120,0.0223541259765625,0.124420166015625,Batch_3,mgxahqnk
512,512,5632,0.10152435302734375,0.13974761962890625,Batch_3,mgxahqnk
512,512,6144,0.032512664794921875,0.15845108032226562,Batch_3,mgxahqnk
512,1024,0,0.027172088623046875,0.09835433959960938,Batch_3,mgxahqnk
512,1024,512,0.00939178466796875,0.05652618408203125,Batch_3,mgxahqnk
512,1024,1024,0.040164947509765625,0.06394577026367188,Batch_3,mgxahqnk
512,1024,1536,0.002353668212890625,0.071441650390625,Batch_3,mgxahqnk
512,1024,2048,0.00174713134765625,0.057422637939453125,Batch_3,mgxahqnk
512,1024,2560,0.002361297607421875,0.1057891845703125,Batch_3,mgxahqnk
512,1024,3072,0.000217437744140625,0.159454345703125,Batch_3,mgxahqnk
512,1024,3584,0.021495819091796875,0.13977432250976562,Batch_3,mgxahqnk
512,1024,4096,0.000156402587890625,0.08187484741210938,Batch_3,mgxahqnk
512,1024,4608,0.4988250732421875,0.04372406005859375,Batch_3,mgxahqnk
512,1024,5120,0.18744277954101562,0.08659744262695312,Batch_3,mgxahqnk
512,1024,5632,0.1768646240234375,0.09103012084960938,Batch_3,mgxahqnk
512,1024,6144,0.001857757568359375,0.07871246337890625,Batch_3,mgxahqnk
1024,0,0,0.07922840118408203,0.06711959838867188,Batch_3,mgxahqnk
1024,0,1024,0.03495025634765625,0.10592269897460938,Batch_3,mgxahqnk
1024,0,2048,0.0446319580078125,0.07616901397705078,Batch_3,mgxahqnk
1024,0,3072,0.03828239440917969,0.11257362365722656,Batch_3,mgxahqnk
1024,0,4096,0.1331167221069336,0.12226009368896484,Batch_3,mgxahqnk
1024,0,5120,0.06202507019042969,0.106842041015625,Batch_3,mgxahqnk
512,0,0,0.06595230102539062,0.1472930908203125,Batch_3,pl8uabbv
512,0,512,0.07244110107421875,0.12742996215820312,Batch_3,pl8uabbv
512,0,1024,0.17984771728515625,0.13280487060546875,Batch_3,pl8uabbv
512,0,1536,0.07506179809570312,0.01691436767578125,Batch_3,pl8uabbv
512,0,2048,0.0120697021484375,0.14986419677734375,Batch_3,pl8uabbv
512,0,2560,0.054172515869140625,0.152313232421875,Batch_3,pl8uabbv
512,0,3072,0.035999298095703125,0.07311248779296875,Batch_3,pl8uabbv
512,0,3584,0.053897857666015625,0.037487030029296875,Batch_3,pl8uabbv
512,0,4096,0.11032867431640625,0.05846405029296875,Batch_3,pl8uabbv
512,0,4608,0.00257110595703125,0.051265716552734375,Batch_3,pl8uabbv
512,0,5120,0.04290771484375,0.09796142578125,Batch_3,pl8uabbv
512,0,5632,0.10324478149414062,0.07189178466796875,Batch_3,pl8uabbv
512,0,6144,0.059902191162109375,0.101593017578125,Batch_3,pl8uabbv
512,512,0,0.02423858642578125,0.22494888305664062,Batch_3,pl8uabbv
512,512,512,0.002315521240234375,0.1395263671875,Batch_3,pl8uabbv
512,512,1024,0.09651947021484375,0.1919403076171875,Batch_3,pl8uabbv
512,512,1536,0.053783416748046875,0.21123504638671875,Batch_3,pl8uabbv
512,512,2048,0.06000518798828125,0.08808135986328125,Batch_3,pl8uabbv
512,512,2560,0.000637054443359375,0.0712738037109375,Batch_3,pl8uabbv
512,512,3072,0.0268707275390625,0.03821563720703125,Batch_3,pl8uabbv
512,512,3584,0.07073593139648438,0.07978057861328125,Batch_3,pl8uabbv
512,512,4096,0.00017547607421875,0.07640457153320312,Batch_3,pl8uabbv
512,512,4608,0.19290924072265625,0.07940673828125,Batch_3,pl8uabbv
512,512,5120,0.018558502197265625,0.06888198852539062,Batch_3,pl8uabbv
512,512,5632,0.1160430908203125,0.09299468994140625,Batch_3,pl8uabbv
512,512,6144,0.0469512939453125,0.13035202026367188,Batch_3,pl8uabbv
512,1024,0,0.0269622802734375,0.12479019165039062,Batch_3,pl8uabbv
512,1024,512,0.01619720458984375,0.11699676513671875,Batch_3,pl8uabbv
512,1024,1024,0.0302886962890625,0.13356399536132812,Batch_3,pl8uabbv
512,1024,1536,0.000995635986328125,0.07236862182617188,Batch_3,pl8uabbv
512,1024,2048,0.017368316650390625,0.038402557373046875,Batch_3,pl8uabbv
512,1024,2560,0.00428009033203125,0.06267547607421875,Batch_3,pl8uabbv
512,1024,3072,0.07906341552734375,0.09402084350585938,Batch_3,pl8uabbv
512,1024,3584,0.0687103271484375,0.10347366333007812,Batch_3,pl8uabbv
512,1024,4096,0.038066864013671875,0.06618118286132812,Batch_3,pl8uabbv
512,1024,4608,0.09397506713867188,0.10000228881835938,Batch_3,pl8uabbv
512,1024,5120,0.00091552734375,0.06673812866210938,Batch_3,pl8uabbv
512,1024,5632,0.00030517578125,0.08783721923828125,Batch_3,pl8uabbv
512,1024,6144,0.029254913330078125,0.11607742309570312,Batch_3,pl8uabbv
512,1536,0,0.015064239501953125,0.19684600830078125,Batch_3,pl8uabbv
512,1536,512,0.002895355224609375,0.05823516845703125,Batch_3,pl8uabbv
512,1536,1024,0.0684967041015625,0.10111236572265625,Batch_3,pl8uabbv
512,1536,1536,0.02455902099609375,0.09660720825195312,Batch_3,pl8uabbv
512,1536,2048,0.04682159423828125,0.12306976318359375,Batch_3,pl8uabbv
512,1536,2560,0.13383865356445312,0.10974502563476562,Batch_3,pl8uabbv
512,1536,3072,0.006504058837890625,0.11824417114257812,Batch_3,pl8uabbv
512,1536,3584,0.002044677734375,0.09535598754882812,Batch_3,pl8uabbv
512,1536,4096,0.0584564208984375,0.10976409912109375,Batch_3,pl8uabbv
512,1536,4608,0.00384521484375,0.12571334838867188,Batch_3,pl8uabbv
512,1536,5120,6.4849853515625e-05,0.16220855712890625,Batch_3,pl8uabbv
512,1536,5632,0.1254730224609375,0.09767532348632812,Batch_3,pl8uabbv
512,1536,6144,0.00140380859375,0.20473480224609375,Batch_3,pl8uabbv
1024,0,0,0.04123687744140625,0.15979957580566406,Batch_3,pl8uabbv
1024,0,1024,0.1013031005859375,0.13822364807128906,Batch_3,pl8uabbv
1024,0,2048,0.03172111511230469,0.11538314819335938,Batch_3,pl8uabbv
1024,0,3072,0.046875953674316406,0.05714893341064453,Batch_3,pl8uabbv
1024,0,4096,0.07649612426757812,0.06638526916503906,Batch_3,pl8uabbv
1024,0,5120,0.07018852233886719,0.0829324722290039,Batch_3,pl8uabbv
1024,1024,0,0.015279769897460938,0.12421703338623047,Batch_3,pl8uabbv
1024,1024,1024,0.03108501434326172,0.10091304779052734,Batch_3,pl8uabbv
1024,1024,2048,0.05057716369628906,0.08347320556640625,Batch_3,pl8uabbv
1024,1024,3072,0.03908061981201172,0.10277366638183594,Batch_3,pl8uabbv
1024,1024,4096,0.04858589172363281,0.10041522979736328,Batch_3,pl8uabbv
1024,1024,5120,0.03168964385986328,0.10361480712890625,Batch_3,pl8uabbv
512,0,0,0.08638381958007812,0.03350830078125,Batch_3,ptg8lmto
512,0,512,0.22063446044921875,0.10488128662109375,Batch_3,ptg8lmto
512,0,1024,0.026973724365234375,0.1222381591796875,Batch_3,ptg8lmto
512,0,1536,0.0265655517578125,0.12417221069335938,Batch_3,ptg8lmto
512,0,2048,0.185943603515625,0.09587860107421875,Batch_3,ptg8lmto
512,0,2560,0.02498626708984375,0.044036865234375,Batch_3,ptg8lmto
512,0,3072,0.0015411376953125,0.0592803955078125,Batch_3,ptg8lmto
512,0,3584,0.001220703125,0.09669113159179688,Batch_3,ptg8lmto
512,0,4096,0.002689361572265625,0.10523223876953125,Batch_3,ptg8lmto
512,0,4608,0.0838775634765625,0.09486007690429688,Batch_3,ptg8lmto
512,0,5120,0.0360260009765625,0.09249496459960938,Batch_3,ptg8lmto
512,0,5632,0.0666351318359375,0.12434005737304688,Batch_3,ptg8lmto
512,0,6144,0.009296417236328125,0.11163711547851562,Batch_3,ptg8lmto
512,512,0,0.00272369384765625,0.034832000732421875,Batch_3,ptg8lmto
512,512,512,0.00476837158203125,0.041805267333984375,Batch_3,ptg8lmto
512,512,1024,0.052764892578125,0.095367431640625,Batch_3,ptg8lmto
512,512,1536,0.00616455078125,0.030879974365234375,Batch_3,ptg8lmto
512,512,2048,0.006114959716796875,0.08665847778320312,Batch_3,ptg8lmto
512,512,2560,4.9591064453125e-05,0.047542572021484375,Batch_3,ptg8lmto
512,512,3072,0.039066314697265625,0.10223007202148438,Batch_3,ptg8lmto
512,512,3584,0.016376495361328125,0.06612396240234375,Batch_3,ptg8lmto
512,512,4096,0.056613922119140625,0.11015701293945312,Batch_3,ptg8lmto
512,512,4608,0.01372528076171875,0.053562164306640625,Batch_3,ptg8lmto
512,512,5120,0.062290191650390625,0.060222625732421875,Batch_3,ptg8lmto
512,512,5632,0.08053207397460938,0.08510208129882812,Batch_3,ptg8lmto
512,512,6144,0.011989593505859375,0.08737945556640625,Batch_3,ptg8lmto
512,1024,0,0.003086090087890625,0.10650634765625,Batch_3,ptg8lmto
512,1024,512,0.011699676513671875,0.03333282470703125,Batch_3,ptg8lmto
512,1024,1024,0.08847427368164062,0.10393524169921875,Batch_3,ptg8lmto
512,1024,1536,0.07330703735351562,0.0471038818359375,Batch_3,ptg8lmto
512,1024,2048,0.008392333984375,0.039096832275390625,Batch_3,ptg8lmto
512,1024,2560,0.0938720703125,0.12665939331054688,Batch_3,ptg8lmto
512,1024,3072,0.3659553527832031,0.16684341430664062,Batch_3,ptg8lmto
512,1024,3584,0.02381134033203125,0.0914306640625,Batch_3,ptg8lmto
512,1024,4096,0.0128173828125,0.07313156127929688,Batch_3,ptg8lmto
512,1024,4608,0.04087066650390625,0.043949127197265625,Batch_3,ptg8lmto
512,1024,5120,0.013515472412109375,0.056507110595703125,Batch_3,ptg8lmto
512,1024,5632,0.07458114624023438,0.09949111938476562,Batch_3,ptg8lmto
512,1024,6144,0.012386322021484375,0.09342575073242188,Batch_3,ptg8lmto
1024,0,0,0.0786275863647461,0.0537567138671875,Batch_3,ptg8lmto
1024,0,1024,0.02811717987060547,0.09316444396972656,Batch_3,ptg8lmto
1024,0,2048,0.05427360534667969,0.06852912902832031,Batch_3,ptg8lmto
1024,0,3072,0.014551162719726562,0.08108139038085938,Batch_3,ptg8lmto
1024,0,4096,0.039226531982421875,0.09095287322998047,Batch_3,ptg8lmto
1024,0,5120,0.061370849609375,0.09053993225097656,Batch_3,ptg8lmto
512,0,0,0.028697967529296875,0.0271148681640625,Batch_3,tuy3zymq
512,0,512,0.0279693603515625,0.09455490112304688,Batch_3,tuy3zymq
512,0,1024,0.06859207153320312,0.042926788330078125,Batch_3,tuy3zymq
512,0,1536,0.02625274658203125,0.018833160400390625,Batch_3,tuy3zymq
512,0,2048,0.00726318359375,0.040760040283203125,Batch_3,tuy3zymq
512,0,2560,0.0204010009765625,0.05480194091796875,Batch_3,tuy3zymq
512,0,3072,0.2317657470703125,0.04042816162109375,Batch_3,tuy3zymq
512,0,3584,0.024570465087890625,0.08211135864257812,Batch_3,tuy3zymq
512,0,4096,0.008670806884765625,0.110137939453125,Batch_3,tuy3zymq
512,0,4608,0.061046600341796875,0.06987762451171875,Batch_3,tuy3zymq
512,0,5120,0.08580780029296875,0.08248138427734375,Batch_3,tuy3zymq
512,0,5632,0.006435394287109375,0.07606124877929688,Batch_3,tuy3zymq
512,0,6144,0.039302825927734375,0.06372833251953125,Batch_3,tuy3zymq
512,512,0,0.016635894775390625,0.07121658325195312,Batch_3,tuy3zymq
512,512,512,0.002185821533203125,0.10918426513671875,Batch_3,tuy3zymq
512,512,1024,0.018421173095703125,0.11642837524414062,Batch_3,tuy3zymq
512,512,1536,0.013820648193359375,0.06291961669921875,Batch_3,tuy3zymq
512,512,2048,0.03737640380859375,0.082122802734375,Batch_3,tuy3zymq
512,512,2560,0.12167739868164062,0.08766937255859375,Batch_3,tuy3zymq
512,512,3072,0.05261993408203125,0.12050628662109375,Batch_3,tuy3zymq
512,512,3584,0.029571533203125,0.18874740600585938,Batch_3,tuy3zymq
512,512,4096,0.017200469970703125,0.15451812744140625,Batch_3,tuy3zymq
512,512,4608,0.013973236083984375,0.13832473754882812,Batch_3,tuy3zymq
512,512,5120,0.033405303955078125,0.0498046875,Batch_3,tuy3zymq
512,512,5632,0.003971099853515625,0.06882858276367188,Batch_3,tuy3zymq
512,512,6144,0.005645751953125,0.10434341430664062,Batch_3,tuy3zymq
512,1024,0,0.002429962158203125,0.1020355224609375,Batch_3,tuy3zymq
512,1024,512,0.032321929931640625,0.10206985473632812,Batch_3,tuy3zymq
512,1024,1024,9.918212890625e-05,0.057147979736328125,Batch_3,tuy3zymq
512,1024,1536,0.07134246826171875,0.11751556396484375,Batch_3,tuy3zymq
512,1024,2048,0.08203887939453125,0.12600326538085938,Batch_3,tuy3zymq
512,1024,2560,0.033130645751953125,0.06479263305664062,Batch_3,tuy3zymq
512,1024,3072,0.12030792236328125,0.09617996215820312,Batch_3,tuy3zymq
512,1024,3584,0.000545501708984375,0.09944534301757812,Batch_3,tuy3zymq
512,1024,4096,0.08341598510742188,0.10460662841796875,Batch_3,tuy3zymq
512,1024,4608,0.00051116943359375,0.030914306640625,Batch_3,tuy3zymq
512,1024,5120,0.014434814453125,0.088104248046875,Batch_3,tuy3zymq
512,1024,5632,0.04615020751953125,0.0814361572265625,Batch_3,tuy3zymq
512,1024,6144,0.021266937255859375,0.0447540283203125,Batch_3,tuy3zymq
512,1536,0,0.036457061767578125,0.071624755859375,Batch_3,tuy3zymq
512,1536,512,0.056552886962890625,0.061206817626953125,Batch_3,tuy3zymq
512,1536,1024,0.08221817016601562,0.10481643676757812,Batch_3,tuy3zymq
512,1536,1536,0.01091766357421875,0.06972503662109375,Batch_3,tuy3zymq
512,1536,2048,0.006145477294921875,0.060161590576171875,Batch_3,tuy3zymq
512,1536,2560,0.022510528564453125,0.11112594604492188,Batch_3,tuy3zymq
512,1536,3072,0.026554107666015625,0.049594879150390625,Batch_3,tuy3zymq
512,1536,3584,0.09890365600585938,0.062122344970703125,Batch_3,tuy3zymq
512,1536,4096,0.008914947509765625,0.06587982177734375,Batch_3,tuy3zymq
512,1536,4608,0.00228118896484375,0.056255340576171875,Batch_3,tuy3zymq
512,1536,5120,0.038330078125,0.08628463745117188,Batch_3,tuy3zymq
512,1536,5632,0.006732940673828125,0.03476715087890625,Batch_3,tuy3zymq
512,1536,6144,0.1591949462890625,0.0805206298828125,Batch_3,tuy3zymq
1024,0,0,0.01887226104736328,0.07551765441894531,Batch_3,tuy3zymq
1024,0,1024,0.03177165985107422,0.06027698516845703,Batch_3,tuy3zymq
1024,0,2048,0.04667949676513672,0.06633853912353516,Batch_3,tuy3zymq
1024,0,3072,0.08463191986083984,0.10794830322265625,Batch_3,tuy3zymq
1024,0,4096,0.0252227783203125,0.11821460723876953,Batch_3,tuy3zymq
1024,0,5120,0.03240489959716797,0.06929397583007812,Batch_3,tuy3zymq
1024,1024,0,0.031940460205078125,0.08423423767089844,Batch_3,tuy3zymq
1024,1024,1024,0.041144371032714844,0.08730125427246094,Batch_3,tuy3zymq
1024,1024,2048,0.035956382751464844,0.09052085876464844,Batch_3,tuy3zymq
1024,1024,3072,0.061577796936035156,0.07683563232421875,Batch_3,tuy3zymq
1024,1024,4096,0.02378082275390625,0.06441402435302734,Batch_3,tuy3zymq
1024,1024,5120,0.026412010192871094,0.0726480484008789,Batch_3,tuy3zymq
512,0,0,0.074066162109375,0.072998046875,Batch_3,ufdvpb81
512,0,512,0.011074066162109375,0.07003021240234375,Batch_3,ufdvpb81
512,0,1024,0.07513809204101562,0.1084136962890625,Batch_3,ufdvpb81
512,0,1536,0.005718231201171875,0.11767578125,Batch_3,ufdvpb81
512,0,2048,0.07941436767578125,0.143218994140625,Batch_3,ufdvpb81
512,0,2560,0.14197921752929688,0.12344741821289062,Batch_3,ufdvpb81
512,0,3072,0.040035247802734375,0.09227371215820312,Batch_3,ufdvpb81
512,0,3584,0.07545852661132812,0.09497833251953125,Batch_3,ufdvpb81
512,0,4096,0.0780181884765625,0.11584854125976562,Batch_3,ufdvpb81
512,0,4608,0.06287002563476562,0.08311080932617188,Batch_3,ufdvpb81
512,0,5120,0.1010284423828125,0.06102752685546875,Batch_3,ufdvpb81
512,0,5632,0.0006561279296875,0.1007232666015625,Batch_3,ufdvpb81
512,0,6144,0.07558822631835938,0.11464309692382812,Batch_3,ufdvpb81
512,512,0,0.0366973876953125,0.0647430419921875,Batch_3,ufdvpb81
512,512,512,0.12023544311523438,0.10013961791992188,Batch_3,ufdvpb81
512,512,1024,0.0124969482421875,0.1520538330078125,Batch_3,ufdvpb81
512,512,1536,0.09503936767578125,0.12546157836914062,Batch_3,ufdvpb81
512,512,2048,0.000148773193359375,0.03829193115234375,Batch_3,ufdvpb81
512,512,2560,0.000743865966796875,0.1016693115234375,Batch_3,ufdvpb81
512,512,3072,0.042636871337890625,0.0638275146484375,Batch_3,ufdvpb81
512,512,3584,0.3497810363769531,0.107330322265625,Batch_3,ufdvpb81
512,512,4096,0.01946258544921875,0.12650680541992188,Batch_3,ufdvpb81
512,512,4608,0.00012969970703125,0.13350677490234375,Batch_3,ufdvpb81
512,512,5120,0.043987274169921875,0.18079376220703125,Batch_3,ufdvpb81
512,512,5632,0.02312469482421875,0.09711456298828125,Batch_3,ufdvpb81
512,512,6144,0.0555877685546875,0.03150177001953125,Batch_3,ufdvpb81
512,1024,0,0.005474090576171875,0.09624099731445312,Batch_3,ufdvpb81
512,1024,512,0.000392913818359375,0.14862442016601562,Batch_3,ufdvpb81
512,1024,1024,4.9591064453125e-05,0.226531982421875,Batch_3,ufdvpb81
512,1024,1536,0.0,0.13042449951171875,Batch_3,ufdvpb81
512,1024,2048,0.0359954833984375,0.15198898315429688,Batch_3,ufdvpb81
512,1024,2560,0.000247955322265625,0.14316177368164062,Batch_3,ufdvpb81
512,1024,3072,0.07127761840820312,0.12394332885742188,Batch_3,ufdvpb81
512,1024,3584,0.05004119873046875,0.0861968994140625,Batch_3,ufdvpb81
512,1024,4096,0.0185394287109375,0.10058212280273438,Batch_3,ufdvpb81
512,1024,4608,0.004604339599609375,0.14204025268554688,Batch_3,ufdvpb81
512,1024,5120,0.07481765747070312,0.0953521728515625,Batch_3,ufdvpb81
512,1024,5632,0.10314178466796875,0.1292266845703125,Batch_3,ufdvpb81
512,1024,6144,0.04207611083984375,0.24868392944335938,Batch_3,ufdvpb81
512,1536,0,0.011135101318359375,0.12875747680664062,Batch_3,ufdvpb81
512,1536,512,0.01210784912109375,0.12155532836914062,Batch_3,ufdvpb81
512,1536,1024,0.0134124755859375,0.06818008422851562,Batch_3,ufdvpb81
512,1536,1536,0.002338409423828125,0.1753082275390625,Batch_3,ufdvpb81
512,1536,2048,0.024166107177734375,0.1437225341796875,Batch_3,ufdvpb81
512,1536,2560,0.02862548828125,0.040248870849609375,Batch_3,ufdvpb81
512,1536,3072,0.01107025146484375,0.08170318603515625,Batch_3,ufdvpb81
512,1536,3584,0.0059814453125,0.13293838500976562,Batch_3,ufdvpb81
512,1536,4096,0.0866241455078125,0.16183090209960938,Batch_3,ufdvpb81
512,1536,4608,0.02732086181640625,0.17718505859375,Batch_3,ufdvpb81
512,1536,5120,0.11468887329101562,0.13021087646484375,Batch_3,ufdvpb81
512,1536,5632,0.11029815673828125,0.08378219604492188,Batch_3,ufdvpb81
512,1536,6144,0.103118896484375,0.12878036499023438,Batch_3,ufdvpb81
1024,0,0,0.06051826477050781,0.07697772979736328,Batch_3,ufdvpb81
1024,0,1024,0.04709815979003906,0.1259012222290039,Batch_3,ufdvpb81
1024,0,2048,0.055571556091308594,0.10165691375732422,Batch_3,ufdvpb81
1024,0,3072,0.12697792053222656,0.08960247039794922,Batch_3,ufdvpb81
1024,0,4096,0.04012012481689453,0.11474323272705078,Batch_3,ufdvpb81
1024,0,5120,0.042199134826660156,0.10991477966308594,Batch_3,ufdvpb81
1024,1024,0,0.007277488708496094,0.1237945556640625,Batch_3,ufdvpb81
1024,1024,1024,0.0039501190185546875,0.15011119842529297,Batch_3,ufdvpb81
1024,1024,2048,0.022258758544921875,0.1197805404663086,Batch_3,ufdvpb81
1024,1024,3072,0.034592628479003906,0.10619544982910156,Batch_3,ufdvpb81
1024,1024,4096,0.034272193908691406,0.14540958404541016,Batch_3,ufdvpb81
1024,1024,5120,0.10073661804199219,0.10964298248291016,Batch_3,ufdvpb81
512,0,0,0.3022422790527344,0.06563568115234375,Batch_3,utfgcjfa
512,0,512,0.01996612548828125,0.08484268188476562,Batch_3,utfgcjfa
512,0,1024,0.009113311767578125,0.0532989501953125,Batch_3,utfgcjfa
512,0,1536,0.1453704833984375,0.04694366455078125,Batch_3,utfgcjfa
512,0,2048,0.13756942749023438,0.08607101440429688,Batch_3,utfgcjfa
512,0,2560,0.1002655029296875,0.09179306030273438,Batch_3,utfgcjfa
512,0,3072,0.06608200073242188,0.0887603759765625,Batch_3,utfgcjfa
512,0,3584,0.00037384033203125,0.07547760009765625,Batch_3,utfgcjfa
512,0,4096,0.000125885009765625,0.07379913330078125,Batch_3,utfgcjfa
512,0,4608,0.07087326049804688,0.07247161865234375,Batch_3,utfgcjfa
512,0,5120,0.03914642333984375,0.10631942749023438,Batch_3,utfgcjfa
512,0,5632,0.03160858154296875,0.087371826171875,Batch_3,utfgcjfa
512,0,6144,0.00380706787109375,0.1078643798828125,Batch_3,utfgcjfa
512,512,0,0.01987457275390625,0.08648681640625,Batch_3,utfgcjfa
512,512,512,0.00891876220703125,0.07688522338867188,Batch_3,utfgcjfa
512,512,1024,0.00091552734375,0.11095809936523438,Batch_3,utfgcjfa
512,512,1536,0.059101104736328125,0.102813720703125,Batch_3,utfgcjfa
512,512,2048,0.14826202392578125,0.11815261840820312,Batch_3,utfgcjfa
512,512,2560,0.0153350830078125,0.1573944091796875,Batch_3,utfgcjfa
512,512,3072,0.034183502197265625,0.09679031372070312,Batch_3,utfgcjfa
512,512,3584,0.011505126953125,0.11798858642578125,Batch_3,utfgcjfa
512,512,4096,0.04906463623046875,0.09163665771484375,Batch_3,utfgcjfa
512,512,4608,0.038036346435546875,0.12878799438476562,Batch_3,utfgcjfa
512,512,5120,0.16514968872070312,0.15392303466796875,Batch_3,utfgcjfa
512,512,5632,0.0035858154296875,0.06269073486328125,Batch_3,utfgcjfa
512,512,6144,0.00238037109375,0.075714111328125,Batch_3,utfgcjfa
512,1024,0,0.05113983154296875,0.19077301025390625,Batch_3,utfgcjfa
512,1024,512,0.021396636962890625,0.109619140625,Batch_3,utfgcjfa
512,1024,1024,0.052509307861328125,0.15850830078125,Batch_3,utfgcjfa
512,1024,1536,0.02672576904296875,0.08564376831054688,Batch_3,utfgcjfa
512,1024,2048,0.0036163330078125,0.05292510986328125,Batch_3,utfgcjfa
512,1024,2560,0.001468658447265625,0.07089614868164062,Batch_3,utfgcjfa
512,1024,3072,0.0,0.08847808837890625,Batch_3,utfgcjfa
512,1024,3584,0.011913299560546875,0.08141326904296875,Batch_3,utfgcjfa
512,1024,4096,0.3110923767089844,0.041748046875,Batch_3,utfgcjfa
512,1024,4608,0.025707244873046875,0.06549453735351562,Batch_3,utfgcjfa
512,1024,5120,0.0,0.05467987060546875,Batch_3,utfgcjfa
512,1024,5632,0.12175369262695312,0.24699020385742188,Batch_3,utfgcjfa
512,1024,6144,0.000270843505859375,0.17593765258789062,Batch_3,utfgcjfa
512,1536,0,0.056640625,0.09579849243164062,Batch_3,utfgcjfa
512,1536,512,0.09275054931640625,0.11837005615234375,Batch_3,utfgcjfa
512,1536,1024,0.001056671142578125,0.07993316650390625,Batch_3,utfgcjfa
512,1536,1536,0.011505126953125,0.1165313720703125,Batch_3,utfgcjfa
512,1536,2048,0.011920928955078125,0.018924713134765625,Batch_3,utfgcjfa
512,1536,2560,0.002765655517578125,0.12158966064453125,Batch_3,utfgcjfa
512,1536,3072,0.05606842041015625,0.11100387573242188,Batch_3,utfgcjfa
512,1536,3584,0.02215576171875,0.09432601928710938,Batch_3,utfgcjfa
512,1536,4096,0.24079513549804688,0.07024383544921875,Batch_3,utfgcjfa
512,1536,4608,0.039844512939453125,0.13437652587890625,Batch_3,utfgcjfa
512,1536,5120,0.00176239013671875,0.13043594360351562,Batch_3,utfgcjfa
512,1536,5632,0.017871856689453125,0.14346694946289062,Batch_3,utfgcjfa
512,1536,6144,0.038860321044921875,0.020969390869140625,Batch_3,utfgcjfa
1024,0,0,0.08775043487548828,0.07846260070800781,Batch_3,utfgcjfa
1024,0,1024,0.05362510681152344,0.07850360870361328,Batch_3,utfgcjfa
1024,0,2048,0.1003580093383789,0.11335277557373047,Batch_3,utfgcjfa
1024,0,3072,0.028036117553710938,0.09475421905517578,Batch_3,utfgcjfa
1024,0,4096,0.03952503204345703,0.0916738510131836,Batch_3,utfgcjfa
1024,0,5120,0.05987262725830078,0.10257625579833984,Batch_3,utfgcjfa
1024,1024,0,0.055481910705566406,0.12864017486572266,Batch_3,utfgcjfa
1024,1024,1024,0.02294921875,0.1101541519165039,Batch_3,utfgcjfa
1024,1024,2048,0.004942893981933594,0.06608390808105469,Batch_3,utfgcjfa
1024,1024,3072,0.02253437042236328,0.09380531311035156,Batch_3,utfgcjfa
1024,1024,4096,0.1543598175048828,0.07796573638916016,Batch_3,utfgcjfa
1024,1024,5120,0.03534698486328125,0.14389324188232422,Batch_3,utfgcjfa
512,0,0,0.13422012329101562,0.08477020263671875,Batch_3,vc2whyaq
512,0,512,0.048908233642578125,0.11217880249023438,Batch_3,vc2whyaq
512,0,1024,0.06392288208007812,0.049900054931640625,Batch_3,vc2whyaq
512,0,1536,0.03717041015625,0.11100006103515625,Batch_3,vc2whyaq
512,0,2048,0.020153045654296875,0.034526824951171875,Batch_3,vc2whyaq
512,0,2560,0.000392913818359375,0.015289306640625,Batch_3,vc2whyaq
512,0,3072,0.02123260498046875,0.06717681884765625,Batch_3,vc2whyaq
512,0,3584,0.04352569580078125,0.05046844482421875,Batch_3,vc2whyaq
512,0,4096,0.003681182861328125,0.0014801025390625,Batch_3,vc2whyaq
512,0,4608,0.0105133056640625,0.07472610473632812,Batch_3,vc2whyaq
512,0,5120,0.12533950805664062,0.0619964599609375,Batch_3,vc2whyaq
512,0,5632,0.07329940795898438,0.07749176025390625,Batch_3,vc2whyaq
512,0,6144,0.0964508056640625,0.0698089599609375,Batch_3,vc2whyaq
512,512,0,0.006160736083984375,0.0680389404296875,Batch_3,vc2whyaq
512,512,512,0.1130218505859375,0.1269073486328125,Batch_3,vc2whyaq
512,512,1024,0.0386810302734375,0.17409896850585938,Batch_3,vc2whyaq
512,512,1536,0.006317138671875,0.0862884521484375,Batch_3,vc2whyaq
512,512,2048,4.1961669921875e-05,0.089813232421875,Batch_3,vc2whyaq
512,512,2560,0.06497573852539062,0.14949417114257812,Batch_3,vc2whyaq
512,512,3072,0.06520462036132812,0.1397857666015625,Batch_3,vc2whyaq
512,512,3584,0.11870193481445312,0.0822601318359375,Batch_3,vc2whyaq
512,512,4096,0.0681915283203125,0.14091873168945312,Batch_3,vc2whyaq
512,512,4608,0.002422332763671875,0.22707748413085938,Batch_3,vc2whyaq
512,512,5120,0.0850830078125,0.07025909423828125,Batch_3,vc2whyaq
512,512,5632,0.17654037475585938,0.06438446044921875,Batch_3,vc2whyaq
512,512,6144,0.05957794189453125,0.08730697631835938,Batch_3,vc2whyaq
512,1024,0,0.213409423828125,0.057315826416015625,Batch_3,vc2whyaq
512,1024,512,0.042873382568359375,0.03794097900390625,Batch_3,vc2whyaq
512,1024,1024,0.060970306396484375,0.11868667602539062,Batch_3,vc2whyaq
512,1024,1536,0.173858642578125,0.05539703369140625,Batch_3,vc2whyaq
512,1024,2048,0.14447021484375,0.052852630615234375,Batch_3,vc2whyaq
512,1024,2560,0.08650588989257812,0.054691314697265625,Batch_3,vc2whyaq
512,1024,3072,0.003498077392578125,0.048748016357421875,Batch_3,vc2whyaq
512,1024,3584,0.00269317626953125,0.116180419921875,Batch_3,vc2whyaq
512,1024,4096,0.00081634521484375,0.06527328491210938,Batch_3,vc2whyaq
512,1024,4608,0.014987945556640625,0.057071685791015625,Batch_3,vc2whyaq
512,1024,5120,0.07806396484375,0.09990310668945312,Batch_3,vc2whyaq
512,1024,5632,0.017093658447265625,0.07071685791015625,Batch_3,vc2whyaq
512,1024,6144,0.024280548095703125,0.10499191284179688,Batch_3,vc2whyaq
512,1536,0,0.01308441162109375,0.076385498046875,Batch_3,vc2whyaq
512,1536,512,3.814697265625e-05,0.07141494750976562,Batch_3,vc2whyaq
512,1536,1024,0.09017562866210938,0.04164886474609375,Batch_3,vc2whyaq
512,1536,1536,0.039028167724609375,0.063568115234375,Batch_3,vc2whyaq
512,1536,2048,0.0181427001953125,0.06756591796875,Batch_3,vc2whyaq
512,1536,2560,0.0943145751953125,0.07738494873046875,Batch_3,vc2whyaq
512,1536,3072,0.096160888671875,0.057125091552734375,Batch_3,vc2whyaq
512,1536,3584,0.20876693725585938,0.06655120849609375,Batch_3,vc2whyaq
512,1536,4096,0.021724700927734375,0.13497543334960938,Batch_3,vc2whyaq
512,1536,4608,0.012359619140625,0.04860687255859375,Batch_3,vc2whyaq
512,1536,5120,0.0156402587890625,0.14332962036132812,Batch_3,vc2whyaq
512,1536,5632,0.0,0.0756072998046875,Batch_3,vc2whyaq
512,1536,6144,0.0,0.11902999877929688,Batch_3,vc2whyaq
1024,0,0,0.0755777359008789,0.09797382354736328,Batch_3,vc2whyaq
1024,0,1024,0.036522865295410156,0.10532188415527344,Batch_3,vc2whyaq
1024,0,2048,0.021390914916992188,0.0722808837890625,Batch_3,vc2whyaq
1024,0,3072,0.06216621398925781,0.08492279052734375,Batch_3,vc2whyaq
1024,0,4096,0.02120208740234375,0.11105060577392578,Batch_3,vc2whyaq
1024,0,5120,0.1150655746459961,0.06853294372558594,Batch_3,vc2whyaq
1024,1024,0,0.0673513412475586,0.060764312744140625,Batch_3,vc2whyaq
1024,1024,1024,0.09100818634033203,0.0698251724243164,Batch_3,vc2whyaq
1024,1024,2048,0.08585834503173828,0.06312370300292969,Batch_3,vc2whyaq
1024,1024,3072,0.07777976989746094,0.07215118408203125,Batch_3,vc2whyaq
1024,1024,4096,0.012472152709960938,0.07648181915283203,Batch_3,vc2whyaq
1024,1024,5120,0.02769947052001953,0.09738922119140625,Batch_3,vc2whyaq
512,0,0,0.01812744140625,0.034595489501953125,Batch_3,x77cy643
512,0,512,0.06653594970703125,0.0178985595703125,Batch_3,x77cy643
512,0,1024,0.04244232177734375,0.0560455322265625,Batch_3,x77cy643
512,0,1536,0.06072998046875,0.03160858154296875,Batch_3,x77cy643
512,0,2048,0.1688995361328125,0.054393768310546875,Batch_3,x77cy643
512,0,2560,0.01433563232421875,0.08658599853515625,Batch_3,x77cy643
512,0,3072,0.053249359130859375,0.053691864013671875,Batch_3,x77cy643
512,0,3584,0.0,0.050506591796875,Batch_3,x77cy643
512,0,4096,0.00052642822265625,0.10996627807617188,Batch_3,x77cy643
512,0,4608,0.0483856201171875,0.07576370239257812,Batch_3,x77cy643
512,0,5120,0.056331634521484375,0.111236572265625,Batch_3,x77cy643
512,0,5632,0.012096405029296875,0.050388336181640625,Batch_3,x77cy643
512,0,6144,0.09619140625,0.07213592529296875,Batch_3,x77cy643
512,512,0,0.03998565673828125,0.100830078125,Batch_3,x77cy643
512,512,512,0.0908355712890625,0.09660720825195312,Batch_3,x77cy643
512,512,1024,0.0273590087890625,0.14010238647460938,Batch_3,x77cy643
512,512,1536,0.08904647827148438,0.047542572021484375,Batch_3,x77cy643
512,512,2048,0.0774688720703125,0.15787887573242188,Batch_3,x77cy643
512,512,2560,0.19394302368164062,0.09811782836914062,Batch_3,x77cy643
512,512,3072,0.07991409301757812,0.049396514892578125,Batch_3,x77cy643
512,512,3584,0.06427001953125,0.11392593383789062,Batch_3,x77cy643
512,512,4096,0.012226104736328125,0.09629058837890625,Batch_3,x77cy643
512,512,4608,0.019504547119140625,0.14616775512695312,Batch_3,x77cy643
512,512,5120,0.191650390625,0.1648712158203125,Batch_3,x77cy643
512,512,5632,0.0103302001953125,0.1200103759765625,Batch_3,x77cy643
512,512,6144,0.02304840087890625,0.07118606567382812,Batch_3,x77cy643
512,1024,0,0.00800323486328125,0.07525634765625,Batch_3,x77cy643
512,1024,512,0.17641830444335938,0.07293319702148438,Batch_3,x77cy643
512,1024,1024,0.064971923828125,0.16705703735351562,Batch_3,x77cy643
512,1024,1536,0.040416717529296875,0.112701416015625,Batch_3,x77cy643
512,1024,2048,0.094818115234375,0.10271835327148438,Batch_3,x77cy643
512,1024,2560,0.021877288818359375,0.18317413330078125,Batch_3,x77cy643
512,1024,3072,0.061481475830078125,0.11812591552734375,Batch_3,x77cy643
512,1024,3584,0.002593994140625,0.07699203491210938,Batch_3,x77cy643
512,1024,4096,4.9591064453125e-05,0.10846710205078125,Batch_3,x77cy643
512,1024,4608,0.1075286865234375,0.09788131713867188,Batch_3,x77cy643
512,1024,5120,0.02851104736328125,0.047603607177734375,Batch_3,x77cy643
512,1024,5632,0.01760101318359375,0.08850860595703125,Batch_3,x77cy643
512,1024,6144,0.0703887939453125,0.10657882690429688,Batch_3,x77cy643
512,1536,0,0.16765213012695312,0.09128189086914062,Batch_3,x77cy643
512,1536,512,0.08460617065429688,0.15593338012695312,Batch_3,x77cy643
512,1536,1024,0.02718353271484375,0.048870086669921875,Batch_3,x77cy643
512,1536,1536,0.00093841552734375,0.101898193359375,Batch_3,x77cy643
512,1536,2048,0.02384185791015625,0.14246749877929688,Batch_3,x77cy643
512,1536,2560,0.24619674682617188,0.13891983032226562,Batch_3,x77cy643
512,1536,3072,0.004222869873046875,0.07721710205078125,Batch_3,x77cy643
512,1536,3584,0.000362396240234375,0.06689453125,Batch_3,x77cy643
512,1536,4096,0.025234222412109375,0.11100387573242188,Batch_3,x77cy643
512,1536,4608,0.0,0.08895492553710938,Batch_3,x77cy643
512,1536,5120,0.0476226806640625,0.11556625366210938,Batch_3,x77cy643
512,1536,5632,0.17004013061523438,0.07779312133789062,Batch_3,x77cy643
512,1536,6144,0.09002685546875,0.0859832763671875,Batch_3,x77cy643
1024,0,0,0.05387115478515625,0.06248283386230469,Batch_3,x77cy643
1024,0,1024,0.054894447326660156,0.06882476806640625,Batch_3,x77cy643
1024,0,2048,0.1136617660522461,0.0992441177368164,Batch_3,x77cy643
1024,0,3072,0.049358367919921875,0.0668802261352539,Batch_3,x77cy643
1024,0,4096,0.020160675048828125,0.10704708099365234,Batch_3,x77cy643
1024,0,5120,0.06760215759277344,0.11162662506103516,Batch_3,x77cy643
1024,1024,0,0.10916996002197266,0.09885120391845703,Batch_3,x77cy643
1024,1024,1024,0.033377647399902344,0.10763168334960938,Batch_3,x77cy643
1024,1024,2048,0.09668350219726562,0.14181995391845703,Batch_3,x77cy643
1024,1024,3072,0.017165184020996094,0.0848073959350586,Batch_3,x77cy643
1024,1024,4096,0.033203125,0.1015768051147461,Batch_3,x77cy643
1024,1024,5120,0.06594371795654297,0.0823678970336914,Batch_3,x77cy643
512,0,0,0.056537628173828125,0.030384063720703125,Batch_3,x7u69zsw
512,0,512,0.10565567016601562,0.03014373779296875,Batch_3,x7u69zsw
512,0,1024,0.04150390625,0.07707977294921875,Batch_3,x7u69zsw
512,0,1536,0.10947036743164062,0.06090545654296875,Batch_3,x7u69zsw
512,0,2048,0.045146942138671875,0.039249420166015625,Batch_3,x7u69zsw
512,0,2560,0.029659271240234375,0.045444488525390625,Batch_3,x7u69zsw
512,0,3072,0.15662765502929688,0.0871429443359375,Batch_3,x7u69zsw
512,0,3584,0.0903778076171875,0.1200408935546875,Batch_3,x7u69zsw
512,0,4096,0.2890205383300781,0.07351303100585938,Batch_3,x7u69zsw
512,0,4608,0.014190673828125,0.0347137451171875,Batch_3,x7u69zsw
512,0,5120,0.00699615478515625,0.09973526000976562,Batch_3,x7u69zsw
512,0,5632,0.0693511962890625,0.043834686279296875,Batch_3,x7u69zsw
512,0,6144,0.01434326171875,0.0274200439453125,Batch_3,x7u69zsw
512,512,0,0.16720199584960938,0.054351806640625,Batch_3,x7u69zsw
512,512,512,0.08071517944335938,0.04129791259765625,Batch_3,x7u69zsw
512,512,1024,0.056194305419921875,0.05210113525390625,Batch_3,x7u69zsw
512,512,1536,0.2762870788574219,0.0865936279296875,Batch_3,x7u69zsw
512,512,2048,0.013278961181640625,0.1003265380859375,Batch_3,x7u69zsw
512,512,2560,0.045825958251953125,0.06805801391601562,Batch_3,x7u69zsw
512,512,3072,0.06005859375,0.060199737548828125,Batch_3,x7u69zsw
512,512,3584,0.0193634033203125,0.06631851196289062,Batch_3,x7u69zsw
512,512,4096,0.08479690551757812,0.060817718505859375,Batch_3,x7u69zsw
512,512,4608,0.04604339599609375,0.07209014892578125,Batch_3,x7u69zsw
512,512,5120,0.0352630615234375,0.08731460571289062,Batch_3,x7u69zsw
512,512,5632,0.05797576904296875,0.07166671752929688,Batch_3,x7u69zsw
512,512,6144,0.079681396484375,0.0468597412109375,Batch_3,x7u69zsw
512,1024,0,0.009853363037109375,0.032901763916015625,Batch_3,x7u69zsw
512,1024,512,0.01415252685546875,0.05225372314453125,Batch_3,x7u69zsw
512,1024,1024,0.03029632568359375,0.029567718505859375,Batch_3,x7u69zsw
512,1024,1536,0.00864410400390625,0.08401870727539062,Batch_3,x7u69zsw
512,1024,2048,0.00780487060546875,0.06642532348632812,Batch_3,x7u69zsw
512,1024,2560,0.19936370849609375,0.061065673828125,Batch_3,x7u69zsw
512,1024,3072,0.06395721435546875,0.07645416259765625,Batch_3,x7u69zsw
512,1024,3584,0.0063629150390625,0.04752349853515625,Batch_3,x7u69zsw
512,1024,4096,0.10120391845703125,0.049251556396484375,Batch_3,x7u69zsw
512,1024,4608,0.001079559326171875,0.14731597900390625,Batch_3,x7u69zsw
512,1024,5120,0.06681442260742188,0.06262969970703125,Batch_3,x7u69zsw
512,1024,5632,0.06816482543945312,0.09138870239257812,Batch_3,x7u69zsw
512,1024,6144,0.000728607177734375,0.07769775390625,Batch_3,x7u69zsw
512,1536,0,0.12506103515625,0.086669921875,Batch_3,x7u69zsw
512,1536,512,0.2648468017578125,0.0460052490234375,Batch_3,x7u69zsw
512,1536,1024,0.06896209716796875,0.027515411376953125,Batch_3,x7u69zsw
512,1536,1536,0.007633209228515625,0.045597076416015625,Batch_3,x7u69zsw
512,1536,2048,0.001220703125,0.062652587890625,Batch_3,x7u69zsw
512,1536,2560,0.0664825439453125,0.04842376708984375,Batch_3,x7u69zsw
512,1536,3072,0.0161590576171875,0.053394317626953125,Batch_3,x7u69zsw
512,1536,3584,0.03749847412109375,0.06572341918945312,Batch_3,x7u69zsw
512,1536,4096,0.014751434326171875,0.07798385620117188,Batch_3,x7u69zsw
512,1536,4608,0.016872406005859375,0.07265090942382812,Batch_3,x7u69zsw
512,1536,5120,0.3432464599609375,0.037017822265625,Batch_3,x7u69zsw
512,1536,5632,0.06805038452148438,0.0661468505859375,Batch_3,x7u69zsw
512,1536,6144,0.346771240234375,0.07446670532226562,Batch_3,x7u69zsw
1024,0,0,0.10252761840820312,0.03904438018798828,Batch_3,x7u69zsw
1024,0,1024,0.1208639144897461,0.06916999816894531,Batch_3,x7u69zsw
1024,0,2048,0.033477783203125,0.06326961517333984,Batch_3,x7u69zsw
1024,0,3072,0.08160686492919922,0.08342552185058594,Batch_3,x7u69zsw
1024,0,4096,0.10851287841796875,0.060283660888671875,Batch_3,x7u69zsw
1024,0,5120,0.04239654541015625,0.0756378173828125,Batch_3,x7u69zsw
1024,1024,0,0.10347843170166016,0.054457664489746094,Batch_3,x7u69zsw
1024,1024,1024,0.028883934020996094,0.04667472839355469,Batch_3,x7u69zsw
1024,1024,2048,0.06871795654296875,0.05964183807373047,Batch_3,x7u69zsw
1024,1024,3072,0.030994415283203125,0.06077384948730469,Batch_3,x7u69zsw
1024,1024,4096,0.033476829528808594,0.08680057525634766,Batch_3,x7u69zsw
1024,1024,5120,0.13656902313232422,0.06429576873779297,Batch_3,x7u69zsw
512,0,0,0.02321624755859375,0.2008209228515625,Batch_3,xgj4xftb
512,0,512,0.038219451904296875,0.17577362060546875,Batch_3,xgj4xftb
512,0,1024,0.12789535522460938,0.14018630981445312,Batch_3,xgj4xftb
512,0,1536,0.1573944091796875,0.058635711669921875,Batch_3,xgj4xftb
512,0,2048,0.2432403564453125,0.04070281982421875,Batch_3,xgj4xftb
512,0,2560,0.008754730224609375,0.014598846435546875,Batch_3,xgj4xftb
512,0,3072,0.000621795654296875,0.052562713623046875,Batch_3,xgj4xftb
512,0,3584,0.056255340576171875,0.08687591552734375,Batch_3,xgj4xftb
512,0,4096,0.14530181884765625,0.08145523071289062,Batch_3,xgj4xftb
512,0,4608,0.0074920654296875,0.13568496704101562,Batch_3,xgj4xftb
512,0,5120,0.15888214111328125,0.19987869262695312,Batch_3,xgj4xftb
512,0,5632,0.000946044921875,0.14006805419921875,Batch_3,xgj4xftb
512,0,6144,0.003223419189453125,0.09582138061523438,Batch_3,xgj4xftb
512,512,0,0.00527191162109375,0.039623260498046875,Batch_3,xgj4xftb
512,512,512,0.004909515380859375,0.058628082275390625,Batch_3,xgj4xftb
512,512,1024,0.0034637451171875,0.10963058471679688,Batch_3,xgj4xftb
512,512,1536,0.15929794311523438,0.07457351684570312,Batch_3,xgj4xftb
512,512,2048,0.000591278076171875,0.10146331787109375,Batch_3,xgj4xftb
512,512,2560,0.13459014892578125,0.076019287109375,Batch_3,xgj4xftb
512,512,3072,0.015354156494140625,0.046886444091796875,Batch_3,xgj4xftb
512,512,3584,0.021209716796875,0.042514801025390625,Batch_3,xgj4xftb
512,512,4096,0.046924591064453125,0.1324615478515625,Batch_3,xgj4xftb
512,512,4608,0.20598602294921875,0.1155242919921875,Batch_3,xgj4xftb
512,512,5120,0.1043701171875,0.07564544677734375,Batch_3,xgj4xftb
512,512,5632,0.02050018310546875,0.0983734130859375,Batch_3,xgj4xftb
512,512,6144,0.017551422119140625,0.05387115478515625,Batch_3,xgj4xftb
512,1024,0,0.053569793701171875,0.10965347290039062,Batch_3,xgj4xftb
512,1024,512,0.000202178955078125,0.044994354248046875,Batch_3,xgj4xftb
512,1024,1024,0.00214385986328125,0.061786651611328125,Batch_3,xgj4xftb
512,1024,1536,0.19272994995117188,0.08739089965820312,Batch_3,xgj4xftb
512,1024,2048,0.000789642333984375,0.061069488525390625,Batch_3,xgj4xftb
512,1024,2560,0.000141143798828125,0.04693603515625,Batch_3,xgj4xftb
512,1024,3072,9.1552734375e-05,0.12610244750976562,Batch_3,xgj4xftb
512,1024,3584,0.000377655029296875,0.09715652465820312,Batch_3,xgj4xftb
512,1024,4096,0.005481719970703125,0.09497833251953125,Batch_3,xgj4xftb
512,1024,4608,0.000576019287109375,0.0199432373046875,Batch_3,xgj4xftb
512,1024,5120,0.008602142333984375,0.04476165771484375,Batch_3,xgj4xftb
512,1024,5632,0.003421783447265625,0.06995010375976562,Batch_3,xgj4xftb
512,1024,6144,0.06541824340820312,0.117462158203125,Batch_3,xgj4xftb
1024,0,0,0.017904281616210938,0.11871147155761719,Batch_3,xgj4xftb
1024,0,1024,0.11201286315917969,0.09575653076171875,Batch_3,xgj4xftb
1024,0,2048,0.09679412841796875,0.058196067810058594,Batch_3,xgj4xftb
1024,0,3072,0.023360252380371094,0.05720996856689453,Batch_3,xgj4xftb
1024,0,4096,0.1014261245727539,0.11628150939941406,Batch_3,xgj4xftb
1024,0,5120,0.07117462158203125,0.12849140167236328,Batch_3,xgj4xftb
