view,kpi,control,batch,site,observed,prediction,loo_r2,n_sites
phase_usable,bright_aspect_count_iqr,acquisition,Batch_1,f1vzngrs,1.3280303255663228,1.2948908630291098,-0.25128607451718565,29
phase_usable,bright_aspect_count_iqr,acquisition,Batch_1,ffwubibz,1.0393162156094558,1.3895257345651693,-0.25128607451718565,29
phase_usable,bright_aspect_count_iqr,acquisition,Batch_1,fzrt2k6r,1.2777180320055102,1.445195414332608,-0.25128607451718565,29
phase_usable,bright_aspect_count_iqr,acquisition,Batch_1,iv6g2oq0,1.1732083784439744,1.5823852666220204,-0.25128607451718565,29
phase_usable,bright_aspect_count_iqr,acquisition,Batch_1,uhdslk0o,2.5040087116684235,1.248290925580953,-0.25128607451718565,29
phase_usable,bright_aspect_count_iqr,acquisition,Batch_2,3806gxp0,1.0610059461394905,1.1818540020129142,-0.25128607451718565,29
phase_usable,bright_aspect_count_iqr,acquisition,Batch_2,avn74qx1,1.1410763659801881,1.2794338434688772,-0.25128607451718565,29
phase_usable,bright_aspect_count_iqr,acquisition,Batch_2,b3esycq1,1.3897492968227363,1.3670861552584206,-0.25128607451718565,29
phase_usable,bright_aspect_count_iqr,acquisition,Batch_2,epqdaau9,1.0039284687877945,1.5129809801444936,-0.25128607451718565,29
phase_usable,bright_aspect_count_iqr,acquisition,Batch_2,i9jiqjwl,1.568925686670113,1.1082988071061994,-0.25128607451718565,29
phase_usable,bright_aspect_count_iqr,acquisition,Batch_2,r17byphk,1.2700812747232677,1.199437141517092,-0.25128607451718565,29
phase_usable,bright_aspect_count_iqr,acquisition,Batch_2,rxax5ozo,1.3160275073995735,1.0431283269490936,-0.25128607451718565,29
phase_usable,bright_aspect_count_iqr,acquisition,Batch_3,0grcilhi,1.0794884273014924,1.1194274486469236,-0.25128607451718565,29
phase_usable,bright_aspect_count_iqr,acquisition,Batch_3,71vgq3fw,1.076495146192574,1.235970270292883,-0.25128607451718565,29
phase_usable,bright_aspect_count_iqr,acquisition,Batch_3,9luzk4jm,1.1107975484569683,1.2232779442107935,-0.25128607451718565,29
phase_usable,bright_aspect_count_iqr,acquisition,Batch_3,cfe5vt7s,1.5707918561681988,1.284114653546534,-0.25128607451718565,29
phase_usable,bright_aspect_count_iqr,acquisition,Batch_3,hawkfj64,1.0868912454513906,1.0588238325188333,-0.25128607451718565,29
phase_usable,bright_aspect_count_iqr,acquisition,Batch_3,hzumfsms,1.145038005167056,1.2326702647278789,-0.25128607451718565,29
phase_usable,bright_aspect_count_iqr,acquisition,Batch_3,kbdh4tri,1.3133297137982216,1.1273008847699972,-0.25128607451718565,29
phase_usable,bright_aspect_count_iqr,acquisition,Batch_3,mgxahqnk,1.214625675601436,1.1572003940906244,-0.25128607451718565,29
phase_usable,bright_aspect_count_iqr,acquisition,Batch_3,pl8uabbv,0.9720686911303789,1.198534012749253,-0.25128607451718565,29
phase_usable,bright_aspect_count_iqr,acquisition,Batch_3,ptg8lmto,1.257778163579661,1.4016276401405798,-0.25128607451718565,29
phase_usable,bright_aspect_count_iqr,acquisition,Batch_3,tuy3zymq,1.1397763066649162,1.1374205728160585,-0.25128607451718565,29
phase_usable,bright_aspect_count_iqr,acquisition,Batch_3,ufdvpb81,1.2760841520356345,1.5649277752396564,-0.25128607451718565,29
phase_usable,bright_aspect_count_iqr,acquisition,Batch_3,utfgcjfa,1.1522454018041988,1.0783859096218296,-0.25128607451718565,29
phase_usable,bright_aspect_count_iqr,acquisition,Batch_3,vc2whyaq,1.10383422347358,1.2074936679947204,-0.25128607451718565,29
phase_usable,bright_aspect_count_iqr,acquisition,Batch_3,x77cy643,1.05398849888521,1.1018130370855383,-0.25128607451718565,29
phase_usable,bright_aspect_count_iqr,acquisition,Batch_3,x7u69zsw,1.2939556586481293,1.1995360806407172,-0.25128607451718565,29
phase_usable,bright_aspect_count_iqr,acquisition,Batch_3,xgj4xftb,1.0301984312574695,1.2284610002645893,-0.25128607451718565,29
phase_usable,bright_aspect_count_iqr,existing_geometry_loading,Batch_1,f1vzngrs,1.3280303255663228,1.3008522327637437,-0.4663586620791442,29
phase_usable,bright_aspect_count_iqr,existing_geometry_loading,Batch_1,ffwubibz,1.0393162156094558,1.0457367158692477,-0.4663586620791442,29
phase_usable,bright_aspect_count_iqr,existing_geometry_loading,Batch_1,fzrt2k6r,1.2777180320055102,1.5200511566827526,-0.4663586620791442,29
phase_usable,bright_aspect_count_iqr,existing_geometry_loading,Batch_1,iv6g2oq0,1.1732083784439744,1.3276162309900785,-0.4663586620791442,29
phase_usable,bright_aspect_count_iqr,existing_geometry_loading,Batch_1,uhdslk0o,2.5040087116684235,1.2647860456094342,-0.4663586620791442,29
phase_usable,bright_aspect_count_iqr,existing_geometry_loading,Batch_2,3806gxp0,1.0610059461394905,1.3906288516153034,-0.4663586620791442,29
phase_usable,bright_aspect_count_iqr,existing_geometry_loading,Batch_2,avn74qx1,1.1410763659801881,0.8991777978134409,-0.4663586620791442,29
phase_usable,bright_aspect_count_iqr,existing_geometry_loading,Batch_2,b3esycq1,1.3897492968227363,1.886992211546832,-0.4663586620791442,29
phase_usable,bright_aspect_count_iqr,existing_geometry_loading,Batch_2,epqdaau9,1.0039284687877945,1.1764959388147953,-0.4663586620791442,29
phase_usable,bright_aspect_count_iqr,existing_geometry_loading,Batch_2,i9jiqjwl,1.568925686670113,1.1390439747614425,-0.4663586620791442,29
phase_usable,bright_aspect_count_iqr,existing_geometry_loading,Batch_2,r17byphk,1.2700812747232677,1.3706358693731093,-0.4663586620791442,29
phase_usable,bright_aspect_count_iqr,existing_geometry_loading,Batch_2,rxax5ozo,1.3160275073995735,1.14992270644036,-0.4663586620791442,29
phase_usable,bright_aspect_count_iqr,existing_geometry_loading,Batch_3,0grcilhi,1.0794884273014924,1.186519751600615,-0.4663586620791442,29
phase_usable,bright_aspect_count_iqr,existing_geometry_loading,Batch_3,71vgq3fw,1.076495146192574,1.2486852778967665,-0.4663586620791442,29
phase_usable,bright_aspect_count_iqr,existing_geometry_loading,Batch_3,9luzk4jm,1.1107975484569683,1.0971101234565839,-0.4663586620791442,29
phase_usable,bright_aspect_count_iqr,existing_geometry_loading,Batch_3,cfe5vt7s,1.5707918561681988,1.3237340466216718,-0.4663586620791442,29
phase_usable,bright_aspect_count_iqr,existing_geometry_loading,Batch_3,hawkfj64,1.0868912454513906,1.003496432272371,-0.4663586620791442,29
phase_usable,bright_aspect_count_iqr,existing_geometry_loading,Batch_3,hzumfsms,1.145038005167056,0.8721759218080853,-0.4663586620791442,29
phase_usable,bright_aspect_count_iqr,existing_geometry_loading,Batch_3,kbdh4tri,1.3133297137982216,1.434986789247343,-0.4663586620791442,29
phase_usable,bright_aspect_count_iqr,existing_geometry_loading,Batch_3,mgxahqnk,1.214625675601436,1.4092054570064294,-0.4663586620791442,29
phase_usable,bright_aspect_count_iqr,existing_geometry_loading,Batch_3,pl8uabbv,0.9720686911303789,1.2908735315723678,-0.4663586620791442,29
phase_usable,bright_aspect_count_iqr,existing_geometry_loading,Batch_3,ptg8lmto,1.257778163579661,1.0275603711725423,-0.4663586620791442,29
phase_usable,bright_aspect_count_iqr,existing_geometry_loading,Batch_3,tuy3zymq,1.1397763066649162,1.5056721359942715,-0.4663586620791442,29
phase_usable,bright_aspect_count_iqr,existing_geometry_loading,Batch_3,ufdvpb81,1.2760841520356345,1.0630433819045526,-0.4663586620791442,29
phase_usable,bright_aspect_count_iqr,existing_geometry_loading,Batch_3,utfgcjfa,1.1522454018041988,1.511120547021286,-0.4663586620791442,29
phase_usable,bright_aspect_count_iqr,existing_geometry_loading,Batch_3,vc2whyaq,1.10383422347358,1.133472831042831,-0.4663586620791442,29
phase_usable,bright_aspect_count_iqr,existing_geometry_loading,Batch_3,x77cy643,1.05398849888521,1.045313634339585,-0.4663586620791442,29
phase_usable,bright_aspect_count_iqr,existing_geometry_loading,Batch_3,x7u69zsw,1.2939556586481293,0.9233679860399816,-0.4663586620791442,29
phase_usable,bright_aspect_count_iqr,existing_geometry_loading,Batch_3,xgj4xftb,1.0301984312574695,1.5220233773601688,-0.4663586620791442,29
quality_matched,bright_aspect_count_iqr,acquisition,Batch_1,f1vzngrs,1.3280303255663228,1.23650428992795,-0.3575519514314751,25
quality_matched,bright_aspect_count_iqr,acquisition,Batch_1,ffwubibz,1.0393162156094558,1.4289128759907839,-0.3575519514314751,25
quality_matched,bright_aspect_count_iqr,acquisition,Batch_1,fzrt2k6r,1.2777180320055102,1.4275145469480786,-0.3575519514314751,25
quality_matched,bright_aspect_count_iqr,acquisition,Batch_1,iv6g2oq0,1.1732083784439744,1.895638405743843,-0.3575519514314751,25
quality_matched,bright_aspect_count_iqr,acquisition,Batch_1,uhdslk0o,2.5040087116684235,1.2721698162913961,-0.3575519514314751,25
quality_matched,bright_aspect_count_iqr,acquisition,Batch_2,3806gxp0,1.0610059461394905,1.2384796469966224,-0.3575519514314751,25
quality_matched,bright_aspect_count_iqr,acquisition,Batch_2,avn74qx1,1.1410763659801881,1.3114904645462848,-0.3575519514314751,25
quality_matched,bright_aspect_count_iqr,acquisition,Batch_2,b3esycq1,1.3897492968227363,1.3672041509336297,-0.3575519514314751,25
quality_matched,bright_aspect_count_iqr,acquisition,Batch_2,epqdaau9,1.0039284687877945,1.49240692894773,-0.3575519514314751,25
quality_matched,bright_aspect_count_iqr,acquisition,Batch_2,i9jiqjwl,1.568925686670113,1.1188775623385556,-0.3575519514314751,25
quality_matched,bright_aspect_count_iqr,acquisition,Batch_2,r17byphk,1.2700812747232677,1.221556122791525,-0.3575519514314751,25
quality_matched,bright_aspect_count_iqr,acquisition,Batch_2,rxax5ozo,1.3160275073995735,1.0734597172514309,-0.3575519514314751,25
quality_matched,bright_aspect_count_iqr,acquisition,Batch_3,0grcilhi,1.0794884273014924,1.1397205882860257,-0.3575519514314751,25
quality_matched,bright_aspect_count_iqr,acquisition,Batch_3,9luzk4jm,1.1107975484569683,0.9854681679969459,-0.3575519514314751,25
quality_matched,bright_aspect_count_iqr,acquisition,Batch_3,cfe5vt7s,1.5707918561681988,1.2874674058645805,-0.3575519514314751,25
quality_matched,bright_aspect_count_iqr,acquisition,Batch_3,hawkfj64,1.0868912454513906,1.0836502235413294,-0.3575519514314751,25
quality_matched,bright_aspect_count_iqr,acquisition,Batch_3,hzumfsms,1.145038005167056,1.3101848228164454,-0.3575519514314751,25
quality_matched,bright_aspect_count_iqr,acquisition,Batch_3,mgxahqnk,1.214625675601436,1.157909184533485,-0.3575519514314751,25
quality_matched,bright_aspect_count_iqr,acquisition,Batch_3,pl8uabbv,0.9720686911303789,1.2373797547703234,-0.3575519514314751,25
quality_matched,bright_aspect_count_iqr,acquisition,Batch_3,ptg8lmto,1.257778163579661,1.3985697694588768,-0.3575519514314751,25
quality_matched,bright_aspect_count_iqr,acquisition,Batch_3,ufdvpb81,1.2760841520356345,1.4453238211095303,-0.3575519514314751,25
quality_matched,bright_aspect_count_iqr,acquisition,Batch_3,utfgcjfa,1.1522454018041988,1.0916476022080035,-0.3575519514314751,25
quality_matched,bright_aspect_count_iqr,acquisition,Batch_3,vc2whyaq,1.10383422347358,1.1487779428138942,-0.3575519514314751,25
quality_matched,bright_aspect_count_iqr,acquisition,Batch_3,x77cy643,1.05398849888521,1.1096977655741813,-0.3575519514314751,25
quality_matched,bright_aspect_count_iqr,acquisition,Batch_3,xgj4xftb,1.0301984312574695,0.9293802537602577,-0.3575519514314751,25
quality_matched,bright_aspect_count_iqr,existing_geometry_loading,Batch_1,f1vzngrs,1.3280303255663228,1.2830908562849208,-0.48109086841940396,25
quality_matched,bright_aspect_count_iqr,existing_geometry_loading,Batch_1,ffwubibz,1.0393162156094558,1.0847495968195076,-0.48109086841940396,25
quality_matched,bright_aspect_count_iqr,existing_geometry_loading,Batch_1,fzrt2k6r,1.2777180320055102,1.614878162814981,-0.48109086841940396,25
quality_matched,bright_aspect_count_iqr,existing_geometry_loading,Batch_1,iv6g2oq0,1.1732083784439744,1.3950596211531723,-0.48109086841940396,25
quality_matched,bright_aspect_count_iqr,existing_geometry_loading,Batch_1,uhdslk0o,2.5040087116684235,1.2870596031616635,-0.48109086841940396,25
quality_matched,bright_aspect_count_iqr,existing_geometry_loading,Batch_2,3806gxp0,1.0610059461394905,1.4175896150793859,-0.48109086841940396,25
quality_matched,bright_aspect_count_iqr,existing_geometry_loading,Batch_2,avn74qx1,1.1410763659801881,1.0179448260183328,-0.48109086841940396,25
quality_matched,bright_aspect_count_iqr,existing_geometry_loading,Batch_2,b3esycq1,1.3897492968227363,1.9749664071806685,-0.48109086841940396,25
quality_matched,bright_aspect_count_iqr,existing_geometry_loading,Batch_2,epqdaau9,1.0039284687877945,1.115228370024192,-0.48109086841940396,25
quality_matched,bright_aspect_count_iqr,existing_geometry_loading,Batch_2,i9jiqjwl,1.568925686670113,1.159134008883477,-0.48109086841940396,25
quality_matched,bright_aspect_count_iqr,existing_geometry_loading,Batch_2,r17byphk,1.2700812747232677,1.6357629073936946,-0.48109086841940396,25
quality_matched,bright_aspect_count_iqr,existing_geometry_loading,Batch_2,rxax5ozo,1.3160275073995735,1.200428687686915,-0.48109086841940396,25
quality_matched,bright_aspect_count_iqr,existing_geometry_loading,Batch_3,0grcilhi,1.0794884273014924,1.3092550058867107,-0.48109086841940396,25
quality_matched,bright_aspect_count_iqr,existing_geometry_loading,Batch_3,9luzk4jm,1.1107975484569683,1.0483675407106745,-0.48109086841940396,25
quality_matched,bright_aspect_count_iqr,existing_geometry_loading,Batch_3,cfe5vt7s,1.5707918561681988,1.3558196933302236,-0.48109086841940396,25
quality_matched,bright_aspect_count_iqr,existing_geometry_loading,Batch_3,hawkfj64,1.0868912454513906,1.0973014296175467,-0.48109086841940396,25
quality_matched,bright_aspect_count_iqr,existing_geometry_loading,Batch_3,hzumfsms,1.145038005167056,0.8122954601120658,-0.48109086841940396,25
quality_matched,bright_aspect_count_iqr,existing_geometry_loading,Batch_3,mgxahqnk,1.214625675601436,1.1869925891259374,-0.48109086841940396,25
quality_matched,bright_aspect_count_iqr,existing_geometry_loading,Batch_3,pl8uabbv,0.9720686911303789,1.387880413904601,-0.48109086841940396,25
quality_matched,bright_aspect_count_iqr,existing_geometry_loading,Batch_3,ptg8lmto,1.257778163579661,0.878184609875331,-0.48109086841940396,25
quality_matched,bright_aspect_count_iqr,existing_geometry_loading,Batch_3,ufdvpb81,1.2760841520356345,1.0836497653481147,-0.48109086841940396,25
quality_matched,bright_aspect_count_iqr,existing_geometry_loading,Batch_3,utfgcjfa,1.1522454018041988,1.5155110318763607,-0.48109086841940396,25
quality_matched,bright_aspect_count_iqr,existing_geometry_loading,Batch_3,vc2whyaq,1.10383422347358,1.1292967724814744,-0.48109086841940396,25
quality_matched,bright_aspect_count_iqr,existing_geometry_loading,Batch_3,x77cy643,1.05398849888521,0.9788101493258261,-0.48109086841940396,25
quality_matched,bright_aspect_count_iqr,existing_geometry_loading,Batch_3,xgj4xftb,1.0301984312574695,1.435396277660601,-0.48109086841940396,25
phase_usable,bright_solidity_count_q10,acquisition,Batch_1,f1vzngrs,0.6312443438914027,0.6636388938934047,0.13217193485551926,29
phase_usable,bright_solidity_count_q10,acquisition,Batch_1,ffwubibz,0.6962025316455697,0.6606899269957304,0.13217193485551926,29
phase_usable,bright_solidity_count_q10,acquisition,Batch_1,fzrt2k6r,0.669780676910005,0.6329761774866359,0.13217193485551926,29
phase_usable,bright_solidity_count_q10,acquisition,Batch_1,iv6g2oq0,0.6689451352093053,0.6902508178520202,0.13217193485551926,29
phase_usable,bright_solidity_count_q10,acquisition,Batch_1,uhdslk0o,0.6154480937448423,0.6797727840018573,0.13217193485551926,29
phase_usable,bright_solidity_count_q10,acquisition,Batch_2,3806gxp0,0.7136921215938768,0.6885367723475536,0.13217193485551926,29
phase_usable,bright_solidity_count_q10,acquisition,Batch_2,avn74qx1,0.7489130434782608,0.6698093219405555,0.13217193485551926,29
phase_usable,bright_solidity_count_q10,acquisition,Batch_2,b3esycq1,0.6255175983436854,0.6490002614242698,0.13217193485551926,29
phase_usable,bright_solidity_count_q10,acquisition,Batch_2,epqdaau9,0.6910184155906748,0.6247324837626447,0.13217193485551926,29
phase_usable,bright_solidity_count_q10,acquisition,Batch_2,i9jiqjwl,0.569095047552772,0.6829048832912866,0.13217193485551926,29
phase_usable,bright_solidity_count_q10,acquisition,Batch_2,r17byphk,0.6354858731813894,0.6858711198958661,0.13217193485551926,29
phase_usable,bright_solidity_count_q10,acquisition,Batch_2,rxax5ozo,0.6808846221114506,0.7049831297078216,0.13217193485551926,29
phase_usable,bright_solidity_count_q10,acquisition,Batch_3,0grcilhi,0.688296999784157,0.7212162681898668,0.13217193485551926,29
phase_usable,bright_solidity_count_q10,acquisition,Batch_3,71vgq3fw,0.6636836372798611,0.637941560752915,0.13217193485551926,29
phase_usable,bright_solidity_count_q10,acquisition,Batch_3,9luzk4jm,0.7003105590062112,0.6771353608244841,0.13217193485551926,29
phase_usable,bright_solidity_count_q10,acquisition,Batch_3,cfe5vt7s,0.6406291228261463,0.6656268037110068,0.13217193485551926,29
phase_usable,bright_solidity_count_q10,acquisition,Batch_3,hawkfj64,0.7179326549942164,0.7257569042733729,0.13217193485551926,29
phase_usable,bright_solidity_count_q10,acquisition,Batch_3,hzumfsms,0.7274905660377358,0.6625468642061291,0.13217193485551926,29
phase_usable,bright_solidity_count_q10,acquisition,Batch_3,kbdh4tri,0.6392575257481593,0.6470524414687124,0.13217193485551926,29
phase_usable,bright_solidity_count_q10,acquisition,Batch_3,mgxahqnk,0.7267949062198278,0.7030083894713511,0.13217193485551926,29
phase_usable,bright_solidity_count_q10,acquisition,Batch_3,pl8uabbv,0.6784668989547039,0.664485955836253,0.13217193485551926,29
phase_usable,bright_solidity_count_q10,acquisition,Batch_3,ptg8lmto,0.7178981937602628,0.7337593797824852,0.13217193485551926,29
phase_usable,bright_solidity_count_q10,acquisition,Batch_3,tuy3zymq,0.6328020713463752,0.6567434596779256,0.13217193485551926,29
phase_usable,bright_solidity_count_q10,acquisition,Batch_3,ufdvpb81,0.637132302725523,0.6577418758343199,0.13217193485551926,29
phase_usable,bright_solidity_count_q10,acquisition,Batch_3,utfgcjfa,0.6779661016949152,0.7002948745685194,0.13217193485551926,29
phase_usable,bright_solidity_count_q10,acquisition,Batch_3,vc2whyaq,0.725578476743274,0.6761723352940813,0.13217193485551926,29
phase_usable,bright_solidity_count_q10,acquisition,Batch_3,x77cy643,0.7220578566732413,0.6918971467007604,0.13217193485551926,29
phase_usable,bright_solidity_count_q10,acquisition,Batch_3,x7u69zsw,0.6197183098591549,0.6362726691067659,0.13217193485551926,29
phase_usable,bright_solidity_count_q10,acquisition,Batch_3,xgj4xftb,0.7488699555200796,0.7311680041071836,0.13217193485551926,29
phase_usable,bright_solidity_count_q10,existing_geometry_loading,Batch_1,f1vzngrs,0.6312443438914027,0.6458996445729585,0.6475351129459603,29
phase_usable,bright_solidity_count_q10,existing_geometry_loading,Batch_1,ffwubibz,0.6962025316455697,0.7219747083589487,0.6475351129459603,29
phase_usable,bright_solidity_count_q10,existing_geometry_loading,Batch_1,fzrt2k6r,0.669780676910005,0.6758960172410949,0.6475351129459603,29
phase_usable,bright_solidity_count_q10,existing_geometry_loading,Batch_1,iv6g2oq0,0.6689451352093053,0.6446288968224028,0.6475351129459603,29
phase_usable,bright_solidity_count_q10,existing_geometry_loading,Batch_1,uhdslk0o,0.6154480937448423,0.6725411782754882,0.6475351129459603,29
phase_usable,bright_solidity_count_q10,existing_geometry_loading,Batch_2,3806gxp0,0.7136921215938768,0.7206104631631431,0.6475351129459603,29
phase_usable,bright_solidity_count_q10,existing_geometry_loading,Batch_2,avn74qx1,0.7489130434782608,0.7486964238360136,0.6475351129459603,29
phase_usable,bright_solidity_count_q10,existing_geometry_loading,Batch_2,b3esycq1,0.6255175983436854,0.5914393389069897,0.6475351129459603,29
phase_usable,bright_solidity_count_q10,existing_geometry_loading,Batch_2,epqdaau9,0.6910184155906748,0.6744698185492147,0.6475351129459603,29
phase_usable,bright_solidity_count_q10,existing_geometry_loading,Batch_2,i9jiqjwl,0.569095047552772,0.6251090838933995,0.6475351129459603,29
phase_usable,bright_solidity_count_q10,existing_geometry_loading,Batch_2,r17byphk,0.6354858731813894,0.6304650339845416,0.6475351129459603,29
phase_usable,bright_solidity_count_q10,existing_geometry_loading,Batch_2,rxax5ozo,0.6808846221114506,0.6861676696720418,0.6475351129459603,29
phase_usable,bright_solidity_count_q10,existing_geometry_loading,Batch_3,0grcilhi,0.688296999784157,0.7080364462843505,0.6475351129459603,29
phase_usable,bright_solidity_count_q10,existing_geometry_loading,Batch_3,71vgq3fw,0.6636836372798611,0.6569573292432047,0.6475351129459603,29
phase_usable,bright_solidity_count_q10,existing_geometry_loading,Batch_3,9luzk4jm,0.7003105590062112,0.6915018944921519,0.6475351129459603,29
phase_usable,bright_solidity_count_q10,existing_geometry_loading,Batch_3,cfe5vt7s,0.6406291228261463,0.6506800994908423,0.6475351129459603,29
phase_usable,bright_solidity_count_q10,existing_geometry_loading,Batch_3,hawkfj64,0.7179326549942164,0.7269127880079241,0.6475351129459603,29
phase_usable,bright_solidity_count_q10,existing_geometry_loading,Batch_3,hzumfsms,0.7274905660377358,0.7645502273871676,0.6475351129459603,29
phase_usable,bright_solidity_count_q10,existing_geometry_loading,Batch_3,kbdh4tri,0.6392575257481593,0.6168164151267248,0.6475351129459603,29
phase_usable,bright_solidity_count_q10,existing_geometry_loading,Batch_3,mgxahqnk,0.7267949062198278,0.7026229615497167,0.6475351129459603,29
phase_usable,bright_solidity_count_q10,existing_geometry_loading,Batch_3,pl8uabbv,0.6784668989547039,0.6458337937286588,0.6475351129459603,29
phase_usable,bright_solidity_count_q10,existing_geometry_loading,Batch_3,ptg8lmto,0.7178981937602628,0.6919653829261319,0.6475351129459603,29
phase_usable,bright_solidity_count_q10,existing_geometry_loading,Batch_3,tuy3zymq,0.6328020713463752,0.616893898094934,0.6475351129459603,29
phase_usable,bright_solidity_count_q10,existing_geometry_loading,Batch_3,ufdvpb81,0.637132302725523,0.6533473342690072,0.6475351129459603,29
phase_usable,bright_solidity_count_q10,existing_geometry_loading,Batch_3,utfgcjfa,0.6779661016949152,0.691146271614106,0.6475351129459603,29
phase_usable,bright_solidity_count_q10,existing_geometry_loading,Batch_3,vc2whyaq,0.725578476743274,0.7023309613727157,0.6475351129459603,29
phase_usable,bright_solidity_count_q10,existing_geometry_loading,Batch_3,x77cy643,0.7220578566732413,0.7085698763777482,0.6475351129459603,29
phase_usable,bright_solidity_count_q10,existing_geometry_loading,Batch_3,x7u69zsw,0.6197183098591549,0.6631195097321544,0.6475351129459603,29
phase_usable,bright_solidity_count_q10,existing_geometry_loading,Batch_3,xgj4xftb,0.7488699555200796,0.6976782366967299,0.6475351129459603,29
quality_matched,bright_solidity_count_q10,acquisition,Batch_1,f1vzngrs,0.6312443438914027,0.6693636391065013,-0.03865829442597213,25
quality_matched,bright_solidity_count_q10,acquisition,Batch_1,ffwubibz,0.6962025316455697,0.6604400603147713,-0.03865829442597213,25
quality_matched,bright_solidity_count_q10,acquisition,Batch_1,fzrt2k6r,0.669780676910005,0.635158303225351,-0.03865829442597213,25
quality_matched,bright_solidity_count_q10,acquisition,Batch_1,iv6g2oq0,0.6689451352093053,0.6637122705359837,-0.03865829442597213,25
quality_matched,bright_solidity_count_q10,acquisition,Batch_1,uhdslk0o,0.6154480937448423,0.6690455292355508,-0.03865829442597213,25
quality_matched,bright_solidity_count_q10,acquisition,Batch_2,3806gxp0,0.7136921215938768,0.6819550239592901,-0.03865829442597213,25
quality_matched,bright_solidity_count_q10,acquisition,Batch_2,avn74qx1,0.7489130434782608,0.6668890867261287,-0.03865829442597213,25
quality_matched,bright_solidity_count_q10,acquisition,Batch_2,b3esycq1,0.6255175983436854,0.6475576985097671,-0.03865829442597213,25
quality_matched,bright_solidity_count_q10,acquisition,Batch_2,epqdaau9,0.6910184155906748,0.6190085424367674,-0.03865829442597213,25
quality_matched,bright_solidity_count_q10,acquisition,Batch_2,i9jiqjwl,0.569095047552772,0.6810423923031073,-0.03865829442597213,25
quality_matched,bright_solidity_count_q10,acquisition,Batch_2,r17byphk,0.6354858731813894,0.685870919504884,-0.03865829442597213,25
quality_matched,bright_solidity_count_q10,acquisition,Batch_2,rxax5ozo,0.6808846221114506,0.701935805708772,-0.03865829442597213,25
quality_matched,bright_solidity_count_q10,acquisition,Batch_3,0grcilhi,0.688296999784157,0.7217398583853305,-0.03865829442597213,25
quality_matched,bright_solidity_count_q10,acquisition,Batch_3,9luzk4jm,0.7003105590062112,0.7022420081523651,-0.03865829442597213,25
quality_matched,bright_solidity_count_q10,acquisition,Batch_3,cfe5vt7s,0.6406291228261463,0.664554300685627,-0.03865829442597213,25
quality_matched,bright_solidity_count_q10,acquisition,Batch_3,hawkfj64,0.7179326549942164,0.7283296780392139,-0.03865829442597213,25
quality_matched,bright_solidity_count_q10,acquisition,Batch_3,hzumfsms,0.7274905660377358,0.6542985464166572,-0.03865829442597213,25
quality_matched,bright_solidity_count_q10,acquisition,Batch_3,mgxahqnk,0.7267949062198278,0.703611181562466,-0.03865829442597213,25
quality_matched,bright_solidity_count_q10,acquisition,Batch_3,pl8uabbv,0.6784668989547039,0.6582255213586502,-0.03865829442597213,25
quality_matched,bright_solidity_count_q10,acquisition,Batch_3,ptg8lmto,0.7178981937602628,0.7318819933189695,-0.03865829442597213,25
quality_matched,bright_solidity_count_q10,acquisition,Batch_3,ufdvpb81,0.637132302725523,0.7029114178053285,-0.03865829442597213,25
quality_matched,bright_solidity_count_q10,acquisition,Batch_3,utfgcjfa,0.6779661016949152,0.6994587584875247,-0.03865829442597213,25
quality_matched,bright_solidity_count_q10,acquisition,Batch_3,vc2whyaq,0.725578476743274,0.683269950808317,-0.03865829442597213,25
quality_matched,bright_solidity_count_q10,acquisition,Batch_3,x77cy643,0.7220578566732413,0.6908246311861795,-0.03865829442597213,25
quality_matched,bright_solidity_count_q10,acquisition,Batch_3,xgj4xftb,0.7488699555200796,0.7654104699138709,-0.03865829442597213,25
quality_matched,bright_solidity_count_q10,existing_geometry_loading,Batch_1,f1vzngrs,0.6312443438914027,0.6490573368785348,0.6511111868934385,25
quality_matched,bright_solidity_count_q10,existing_geometry_loading,Batch_1,ffwubibz,0.6962025316455697,0.7191936946723095,0.6511111868934385,25
quality_matched,bright_solidity_count_q10,existing_geometry_loading,Batch_1,fzrt2k6r,0.669780676910005,0.6682670304925749,0.6511111868934385,25
quality_matched,bright_solidity_count_q10,existing_geometry_loading,Batch_1,iv6g2oq0,0.6689451352093053,0.6355771979777926,0.6511111868934385,25
quality_matched,bright_solidity_count_q10,existing_geometry_loading,Batch_1,uhdslk0o,0.6154480937448423,0.6638614652190977,0.6511111868934385,25
quality_matched,bright_solidity_count_q10,existing_geometry_loading,Batch_2,3806gxp0,0.7136921215938768,0.7202190427743538,0.6511111868934385,25
quality_matched,bright_solidity_count_q10,existing_geometry_loading,Batch_2,avn74qx1,0.7489130434782608,0.7358350215276126,0.6511111868934385,25
quality_matched,bright_solidity_count_q10,existing_geometry_loading,Batch_2,b3esycq1,0.6255175983436854,0.5883735986995905,0.6511111868934385,25
quality_matched,bright_solidity_count_q10,existing_geometry_loading,Batch_2,epqdaau9,0.6910184155906748,0.6844531947585804,0.6511111868934385,25
quality_matched,bright_solidity_count_q10,existing_geometry_loading,Batch_2,i9jiqjwl,0.569095047552772,0.6289344152006047,0.6511111868934385,25
quality_matched,bright_solidity_count_q10,existing_geometry_loading,Batch_2,r17byphk,0.6354858731813894,0.6099325377388501,0.6511111868934385,25
quality_matched,bright_solidity_count_q10,existing_geometry_loading,Batch_2,rxax5ozo,0.6808846221114506,0.6815775285700285,0.6511111868934385,25
quality_matched,bright_solidity_count_q10,existing_geometry_loading,Batch_3,0grcilhi,0.688296999784157,0.714264925030789,0.6511111868934385,25
quality_matched,bright_solidity_count_q10,existing_geometry_loading,Batch_3,9luzk4jm,0.7003105590062112,0.6954108114514532,0.6511111868934385,25
quality_matched,bright_solidity_count_q10,existing_geometry_loading,Batch_3,cfe5vt7s,0.6406291228261463,0.6497353181856107,0.6511111868934385,25
quality_matched,bright_solidity_count_q10,existing_geometry_loading,Batch_3,hawkfj64,0.7179326549942164,0.7179823528980921,0.6511111868934385,25
quality_matched,bright_solidity_count_q10,existing_geometry_loading,Batch_3,hzumfsms,0.7274905660377358,0.7656174702750435,0.6511111868934385,25
quality_matched,bright_solidity_count_q10,existing_geometry_loading,Batch_3,mgxahqnk,0.7267949062198278,0.7181537645007451,0.6511111868934385,25
quality_matched,bright_solidity_count_q10,existing_geometry_loading,Batch_3,pl8uabbv,0.6784668989547039,0.6394863689783378,0.6511111868934385,25
quality_matched,bright_solidity_count_q10,existing_geometry_loading,Batch_3,ptg8lmto,0.7178981937602628,0.6988745486850877,0.6511111868934385,25
quality_matched,bright_solidity_count_q10,existing_geometry_loading,Batch_3,ufdvpb81,0.637132302725523,0.6536362063325502,0.6511111868934385,25
quality_matched,bright_solidity_count_q10,existing_geometry_loading,Batch_3,utfgcjfa,0.6779661016949152,0.6940870507074499,0.6511111868934385,25
quality_matched,bright_solidity_count_q10,existing_geometry_loading,Batch_3,vc2whyaq,0.725578476743274,0.6987274523010458,0.6511111868934385,25
quality_matched,bright_solidity_count_q10,existing_geometry_loading,Batch_3,x77cy643,0.7220578566732413,0.715303904812326,0.6511111868934385,25
quality_matched,bright_solidity_count_q10,existing_geometry_loading,Batch_3,xgj4xftb,0.7488699555200796,0.7069021705206192,0.6511111868934385,25
phase_usable,bright_circularity_count_iqr,acquisition,Batch_1,f1vzngrs,0.3086619559924545,0.3091558014452581,-0.6070424944789696,29
phase_usable,bright_circularity_count_iqr,acquisition,Batch_1,ffwubibz,0.29580901132170545,0.307851049894144,-0.6070424944789696,29
phase_usable,bright_circularity_count_iqr,acquisition,Batch_1,fzrt2k6r,0.3190669166071468,0.30941218192533976,-0.6070424944789696,29
phase_usable,bright_circularity_count_iqr,acquisition,Batch_1,iv6g2oq0,0.3086291855488903,0.2946372073777421,-0.6070424944789696,29
phase_usable,bright_circularity_count_iqr,acquisition,Batch_1,uhdslk0o,0.27406322446009246,0.3083545868252104,-0.6070424944789696,29
phase_usable,bright_circularity_count_iqr,acquisition,Batch_2,3806gxp0,0.2636164788445393,0.3091726390479219,-0.6070424944789696,29
phase_usable,bright_circularity_count_iqr,acquisition,Batch_2,avn74qx1,0.30180634691730496,0.30462519352663914,-0.6070424944789696,29
phase_usable,bright_circularity_count_iqr,acquisition,Batch_2,b3esycq1,0.3319406940301192,0.3080532295308247,-0.6070424944789696,29
phase_usable,bright_circularity_count_iqr,acquisition,Batch_2,epqdaau9,0.3245548157134046,0.3047919749060881,-0.6070424944789696,29
phase_usable,bright_circularity_count_iqr,acquisition,Batch_2,i9jiqjwl,0.3076380472469466,0.320227376123953,-0.6070424944789696,29
phase_usable,bright_circularity_count_iqr,acquisition,Batch_2,r17byphk,0.3506689792406074,0.2980370403533222,-0.6070424944789696,29
phase_usable,bright_circularity_count_iqr,acquisition,Batch_2,rxax5ozo,0.2823141462826685,0.3099155060786704,-0.6070424944789696,29
phase_usable,bright_circularity_count_iqr,acquisition,Batch_3,0grcilhi,0.28991273582042004,0.2989098002440681,-0.6070424944789696,29
phase_usable,bright_circularity_count_iqr,acquisition,Batch_3,71vgq3fw,0.3169838431217776,0.30578584882552967,-0.6070424944789696,29
phase_usable,bright_circularity_count_iqr,acquisition,Batch_3,9luzk4jm,0.27101439806581135,0.33946478936616004,-0.6070424944789696,29
phase_usable,bright_circularity_count_iqr,acquisition,Batch_3,cfe5vt7s,0.3026136797864124,0.30799982902487605,-0.6070424944789696,29
phase_usable,bright_circularity_count_iqr,acquisition,Batch_3,hawkfj64,0.3134161882401809,0.2923449170467189,-0.6070424944789696,29
phase_usable,bright_circularity_count_iqr,acquisition,Batch_3,hzumfsms,0.34981467961599605,0.2906484647775318,-0.6070424944789696,29
phase_usable,bright_circularity_count_iqr,acquisition,Batch_3,kbdh4tri,0.3117727693386907,0.30699685354670253,-0.6070424944789696,29
phase_usable,bright_circularity_count_iqr,acquisition,Batch_3,mgxahqnk,0.24322009801497635,0.3049915859775493,-0.6070424944789696,29
phase_usable,bright_circularity_count_iqr,acquisition,Batch_3,pl8uabbv,0.32974280241018855,0.3153181531694414,-0.6070424944789696,29
phase_usable,bright_circularity_count_iqr,acquisition,Batch_3,ptg8lmto,0.3236523602358135,0.2610153162863245,-0.6070424944789696,29
phase_usable,bright_circularity_count_iqr,acquisition,Batch_3,tuy3zymq,0.329512848563024,0.30014971533893725,-0.6070424944789696,29
phase_usable,bright_circularity_count_iqr,acquisition,Batch_3,ufdvpb81,0.3031939679217329,0.3114136277010402,-0.6070424944789696,29
phase_usable,bright_circularity_count_iqr,acquisition,Batch_3,utfgcjfa,0.31312694172176414,0.30392461811843247,-0.6070424944789696,29
phase_usable,bright_circularity_count_iqr,acquisition,Batch_3,vc2whyaq,0.29145671898829156,0.30579265646871995,-0.6070424944789696,29
phase_usable,bright_circularity_count_iqr,acquisition,Batch_3,x77cy643,0.34716845531411084,0.299797111776561,-0.6070424944789696,29
phase_usable,bright_circularity_count_iqr,acquisition,Batch_3,x7u69zsw,0.2825280582344585,0.32098787230137565,-0.6070424944789696,29
phase_usable,bright_circularity_count_iqr,acquisition,Batch_3,xgj4xftb,0.28211659319854754,0.2893103338989751,-0.6070424944789696,29
phase_usable,bright_circularity_count_iqr,existing_geometry_loading,Batch_1,f1vzngrs,0.3086619559924545,0.3087693024936264,-0.198356703264859,29
phase_usable,bright_circularity_count_iqr,existing_geometry_loading,Batch_1,ffwubibz,0.29580901132170545,0.3263163816118894,-0.198356703264859,29
phase_usable,bright_circularity_count_iqr,existing_geometry_loading,Batch_1,fzrt2k6r,0.3190669166071468,0.30590315530187207,-0.198356703264859,29
phase_usable,bright_circularity_count_iqr,existing_geometry_loading,Batch_1,iv6g2oq0,0.3086291855488903,0.30228465264136684,-0.198356703264859,29
phase_usable,bright_circularity_count_iqr,existing_geometry_loading,Batch_1,uhdslk0o,0.27406322446009246,0.31290691484578315,-0.198356703264859,29
phase_usable,bright_circularity_count_iqr,existing_geometry_loading,Batch_2,3806gxp0,0.2636164788445393,0.2685669908474195,-0.198356703264859,29
phase_usable,bright_circularity_count_iqr,existing_geometry_loading,Batch_2,avn74qx1,0.30180634691730496,0.3104255426900686,-0.198356703264859,29
phase_usable,bright_circularity_count_iqr,existing_geometry_loading,Batch_2,b3esycq1,0.3319406940301192,0.30634680822889293,-0.198356703264859,29
phase_usable,bright_circularity_count_iqr,existing_geometry_loading,Batch_2,epqdaau9,0.3245548157134046,0.29552840856690316,-0.198356703264859,29
phase_usable,bright_circularity_count_iqr,existing_geometry_loading,Batch_2,i9jiqjwl,0.3076380472469466,0.3129880486610341,-0.198356703264859,29
phase_usable,bright_circularity_count_iqr,existing_geometry_loading,Batch_2,r17byphk,0.3506689792406074,0.3013926256771611,-0.198356703264859,29
phase_usable,bright_circularity_count_iqr,existing_geometry_loading,Batch_2,rxax5ozo,0.2823141462826685,0.26945245975921706,-0.198356703264859,29
phase_usable,bright_circularity_count_iqr,existing_geometry_loading,Batch_3,0grcilhi,0.28991273582042004,0.33983061075450655,-0.198356703264859,29
phase_usable,bright_circularity_count_iqr,existing_geometry_loading,Batch_3,71vgq3fw,0.3169838431217776,0.29620388451236906,-0.198356703264859,29
phase_usable,bright_circularity_count_iqr,existing_geometry_loading,Batch_3,9luzk4jm,0.27101439806581135,0.31716891555310966,-0.198356703264859,29
phase_usable,bright_circularity_count_iqr,existing_geometry_loading,Batch_3,cfe5vt7s,0.3026136797864124,0.3112750927025283,-0.198356703264859,29
phase_usable,bright_circularity_count_iqr,existing_geometry_loading,Batch_3,hawkfj64,0.3134161882401809,0.3179658042241084,-0.198356703264859,29
phase_usable,bright_circularity_count_iqr,existing_geometry_loading,Batch_3,hzumfsms,0.34981467961599605,0.30210993662430297,-0.198356703264859,29
phase_usable,bright_circularity_count_iqr,existing_geometry_loading,Batch_3,kbdh4tri,0.3117727693386907,0.3327977990925335,-0.198356703264859,29
phase_usable,bright_circularity_count_iqr,existing_geometry_loading,Batch_3,mgxahqnk,0.24322009801497635,0.24477156383981488,-0.198356703264859,29
phase_usable,bright_circularity_count_iqr,existing_geometry_loading,Batch_3,pl8uabbv,0.32974280241018855,0.33037045472031645,-0.198356703264859,29
phase_usable,bright_circularity_count_iqr,existing_geometry_loading,Batch_3,ptg8lmto,0.3236523602358135,0.3024754005983742,-0.198356703264859,29
phase_usable,bright_circularity_count_iqr,existing_geometry_loading,Batch_3,tuy3zymq,0.329512848563024,0.33657056710426503,-0.198356703264859,29
phase_usable,bright_circularity_count_iqr,existing_geometry_loading,Batch_3,ufdvpb81,0.3031939679217329,0.30805543229284976,-0.198356703264859,29
phase_usable,bright_circularity_count_iqr,existing_geometry_loading,Batch_3,utfgcjfa,0.31312694172176414,0.28381148017752916,-0.198356703264859,29
phase_usable,bright_circularity_count_iqr,existing_geometry_loading,Batch_3,vc2whyaq,0.29145671898829156,0.31217890261958525,-0.198356703264859,29
phase_usable,bright_circularity_count_iqr,existing_geometry_loading,Batch_3,x77cy643,0.34716845531411084,0.29845897933503635,-0.198356703264859,29
phase_usable,bright_circularity_count_iqr,existing_geometry_loading,Batch_3,x7u69zsw,0.2825280582344585,0.33890448289623576,-0.198356703264859,29
phase_usable,bright_circularity_count_iqr,existing_geometry_loading,Batch_3,xgj4xftb,0.28211659319854754,0.302068903498337,-0.198356703264859,29
quality_matched,bright_circularity_count_iqr,acquisition,Batch_1,f1vzngrs,0.3086619559924545,0.30626799828370915,-0.7184943758635391,25
quality_matched,bright_circularity_count_iqr,acquisition,Batch_1,ffwubibz,0.29580901132170545,0.30594073273863176,-0.7184943758635391,25
quality_matched,bright_circularity_count_iqr,acquisition,Batch_1,fzrt2k6r,0.3190669166071468,0.30902943559914914,-0.7184943758635391,25
quality_matched,bright_circularity_count_iqr,acquisition,Batch_1,iv6g2oq0,0.3086291855488903,0.3066758144539562,-0.7184943758635391,25
quality_matched,bright_circularity_count_iqr,acquisition,Batch_1,uhdslk0o,0.27406322446009246,0.3181391214328702,-0.7184943758635391,25
quality_matched,bright_circularity_count_iqr,acquisition,Batch_2,3806gxp0,0.2636164788445393,0.31297664215761356,-0.7184943758635391,25
quality_matched,bright_circularity_count_iqr,acquisition,Batch_2,avn74qx1,0.30180634691730496,0.3031187303215533,-0.7184943758635391,25
quality_matched,bright_circularity_count_iqr,acquisition,Batch_2,b3esycq1,0.3319406940301192,0.31087857569753363,-0.7184943758635391,25
quality_matched,bright_circularity_count_iqr,acquisition,Batch_2,epqdaau9,0.3245548157134046,0.3027359864043164,-0.7184943758635391,25
quality_matched,bright_circularity_count_iqr,acquisition,Batch_2,i9jiqjwl,0.3076380472469466,0.3205173049714137,-0.7184943758635391,25
quality_matched,bright_circularity_count_iqr,acquisition,Batch_2,r17byphk,0.3506689792406074,0.2988403411221119,-0.7184943758635391,25
quality_matched,bright_circularity_count_iqr,acquisition,Batch_2,rxax5ozo,0.2823141462826685,0.31091260778700575,-0.7184943758635391,25
quality_matched,bright_circularity_count_iqr,acquisition,Batch_3,0grcilhi,0.28991273582042004,0.301199018681073,-0.7184943758635391,25
quality_matched,bright_circularity_count_iqr,acquisition,Batch_3,9luzk4jm,0.27101439806581135,0.3473880250001943,-0.7184943758635391,25
quality_matched,bright_circularity_count_iqr,acquisition,Batch_3,cfe5vt7s,0.3026136797864124,0.30965428982323695,-0.7184943758635391,25
quality_matched,bright_circularity_count_iqr,acquisition,Batch_3,hawkfj64,0.3134161882401809,0.2881541503322759,-0.7184943758635391,25
quality_matched,bright_circularity_count_iqr,acquisition,Batch_3,hzumfsms,0.34981467961599605,0.2906743490182042,-0.7184943758635391,25
quality_matched,bright_circularity_count_iqr,acquisition,Batch_3,mgxahqnk,0.24322009801497635,0.3053245903361388,-0.7184943758635391,25
quality_matched,bright_circularity_count_iqr,acquisition,Batch_3,pl8uabbv,0.32974280241018855,0.3175994270687515,-0.7184943758635391,25
quality_matched,bright_circularity_count_iqr,acquisition,Batch_3,ptg8lmto,0.3236523602358135,0.2589141385207335,-0.7184943758635391,25
quality_matched,bright_circularity_count_iqr,acquisition,Batch_3,ufdvpb81,0.3031939679217329,0.2934705525170606,-0.7184943758635391,25
quality_matched,bright_circularity_count_iqr,acquisition,Batch_3,utfgcjfa,0.31312694172176414,0.30390272790627254,-0.7184943758635391,25
quality_matched,bright_circularity_count_iqr,acquisition,Batch_3,vc2whyaq,0.29145671898829156,0.30232079069257506,-0.7184943758635391,25
quality_matched,bright_circularity_count_iqr,acquisition,Batch_3,x77cy643,0.34716845531411084,0.3000435960636102,-0.7184943758635391,25
quality_matched,bright_circularity_count_iqr,acquisition,Batch_3,xgj4xftb,0.28211659319854754,0.27619591197242566,-0.7184943758635391,25
quality_matched,bright_circularity_count_iqr,existing_geometry_loading,Batch_1,f1vzngrs,0.3086619559924545,0.3136561504449588,0.05135137830783565,25
quality_matched,bright_circularity_count_iqr,existing_geometry_loading,Batch_1,ffwubibz,0.29580901132170545,0.32621398513890776,0.05135137830783565,25
quality_matched,bright_circularity_count_iqr,existing_geometry_loading,Batch_1,fzrt2k6r,0.3190669166071468,0.2952117270179515,0.05135137830783565,25
quality_matched,bright_circularity_count_iqr,existing_geometry_loading,Batch_1,iv6g2oq0,0.3086291855488903,0.29445799909136144,0.05135137830783565,25
quality_matched,bright_circularity_count_iqr,existing_geometry_loading,Batch_1,uhdslk0o,0.27406322446009246,0.3125982802284744,0.05135137830783565,25
quality_matched,bright_circularity_count_iqr,existing_geometry_loading,Batch_2,3806gxp0,0.2636164788445393,0.2763718279235299,0.05135137830783565,25
quality_matched,bright_circularity_count_iqr,existing_geometry_loading,Batch_2,avn74qx1,0.30180634691730496,0.30925484006922277,0.05135137830783565,25
quality_matched,bright_circularity_count_iqr,existing_geometry_loading,Batch_2,b3esycq1,0.3319406940301192,0.32396329707386223,0.05135137830783565,25
quality_matched,bright_circularity_count_iqr,existing_geometry_loading,Batch_2,epqdaau9,0.3245548157134046,0.2957341083036401,0.05135137830783565,25
quality_matched,bright_circularity_count_iqr,existing_geometry_loading,Batch_2,i9jiqjwl,0.3076380472469466,0.32487701415642056,0.05135137830783565,25
quality_matched,bright_circularity_count_iqr,existing_geometry_loading,Batch_2,r17byphk,0.3506689792406074,0.2960232853283448,0.05135137830783565,25
quality_matched,bright_circularity_count_iqr,existing_geometry_loading,Batch_2,rxax5ozo,0.2823141462826685,0.2627872873698022,0.05135137830783565,25
quality_matched,bright_circularity_count_iqr,existing_geometry_loading,Batch_3,0grcilhi,0.28991273582042004,0.31176483144938966,0.05135137830783565,25
quality_matched,bright_circularity_count_iqr,existing_geometry_loading,Batch_3,9luzk4jm,0.27101439806581135,0.3194945078919705,0.05135137830783565,25
quality_matched,bright_circularity_count_iqr,existing_geometry_loading,Batch_3,cfe5vt7s,0.3026136797864124,0.3154232467151519,0.05135137830783565,25
quality_matched,bright_circularity_count_iqr,existing_geometry_loading,Batch_3,hawkfj64,0.3134161882401809,0.31818110745630745,0.05135137830783565,25
quality_matched,bright_circularity_count_iqr,existing_geometry_loading,Batch_3,hzumfsms,0.34981467961599605,0.3021216102485918,0.05135137830783565,25
quality_matched,bright_circularity_count_iqr,existing_geometry_loading,Batch_3,mgxahqnk,0.24322009801497635,0.24166314866215904,0.05135137830783565,25
quality_matched,bright_circularity_count_iqr,existing_geometry_loading,Batch_3,pl8uabbv,0.32974280241018855,0.3415864649358338,0.05135137830783565,25
quality_matched,bright_circularity_count_iqr,existing_geometry_loading,Batch_3,ptg8lmto,0.3236523602358135,0.3188157656860962,0.05135137830783565,25
quality_matched,bright_circularity_count_iqr,existing_geometry_loading,Batch_3,ufdvpb81,0.3031939679217329,0.3132578424691767,0.05135137830783565,25
quality_matched,bright_circularity_count_iqr,existing_geometry_loading,Batch_3,utfgcjfa,0.31312694172176414,0.2920883294037609,0.05135137830783565,25
quality_matched,bright_circularity_count_iqr,existing_geometry_loading,Batch_3,vc2whyaq,0.29145671898829156,0.3044802084191091,0.05135137830783565,25
quality_matched,bright_circularity_count_iqr,existing_geometry_loading,Batch_3,x77cy643,0.34716845531411084,0.30082322988351823,0.05135137830783565,25
quality_matched,bright_circularity_count_iqr,existing_geometry_loading,Batch_3,xgj4xftb,0.28211659319854754,0.2995999617927116,0.05135137830783565,25
phase_usable,bright_autocorr_xy_contrast_64px,acquisition,Batch_1,f1vzngrs,0.03222535288255052,0.061685011902080145,-0.3259775803048899,29
phase_usable,bright_autocorr_xy_contrast_64px,acquisition,Batch_1,ffwubibz,0.05986142746880685,0.03876149449691083,-0.3259775803048899,29
phase_usable,bright_autocorr_xy_contrast_64px,acquisition,Batch_1,fzrt2k6r,0.0700967611543381,0.049457449556527935,-0.3259775803048899,29
phase_usable,bright_autocorr_xy_contrast_64px,acquisition,Batch_1,iv6g2oq0,0.07767982416423302,0.054888097253420275,-0.3259775803048899,29
phase_usable,bright_autocorr_xy_contrast_64px,acquisition,Batch_1,uhdslk0o,0.021036267678394505,0.061360648054576014,-0.3259775803048899,29
phase_usable,bright_autocorr_xy_contrast_64px,acquisition,Batch_2,3806gxp0,0.04173141079523901,0.05801659256714074,-0.3259775803048899,29
phase_usable,bright_autocorr_xy_contrast_64px,acquisition,Batch_2,avn74qx1,0.0651989815485684,0.04336957430135446,-0.3259775803048899,29
phase_usable,bright_autocorr_xy_contrast_64px,acquisition,Batch_2,b3esycq1,0.07646449406643141,0.05748702624494897,-0.3259775803048899,29
phase_usable,bright_autocorr_xy_contrast_64px,acquisition,Batch_2,epqdaau9,0.053124057304872796,0.0713370457496589,-0.3259775803048899,29
phase_usable,bright_autocorr_xy_contrast_64px,acquisition,Batch_2,i9jiqjwl,0.09455045317159072,0.044805073554094514,-0.3259775803048899,29
phase_usable,bright_autocorr_xy_contrast_64px,acquisition,Batch_2,r17byphk,0.09406188807769289,0.04854372716211709,-0.3259775803048899,29
phase_usable,bright_autocorr_xy_contrast_64px,acquisition,Batch_2,rxax5ozo,0.02115560163703717,0.0605815052972503,-0.3259775803048899,29
phase_usable,bright_autocorr_xy_contrast_64px,acquisition,Batch_3,0grcilhi,0.07033915133589552,0.05755502435992256,-0.3259775803048899,29
phase_usable,bright_autocorr_xy_contrast_64px,acquisition,Batch_3,71vgq3fw,0.006564224577139011,0.028473613215942037,-0.3259775803048899,29
phase_usable,bright_autocorr_xy_contrast_64px,acquisition,Batch_3,9luzk4jm,0.023892799529231012,0.055896879504632825,-0.3259775803048899,29
phase_usable,bright_autocorr_xy_contrast_64px,acquisition,Batch_3,cfe5vt7s,0.030984630549124148,0.06088989448887705,-0.3259775803048899,29
phase_usable,bright_autocorr_xy_contrast_64px,acquisition,Batch_3,hawkfj64,0.025918303761935935,0.05235179570815479,-0.3259775803048899,29
phase_usable,bright_autocorr_xy_contrast_64px,acquisition,Batch_3,hzumfsms,0.04268595229052263,0.04870228547355139,-0.3259775803048899,29
phase_usable,bright_autocorr_xy_contrast_64px,acquisition,Batch_3,kbdh4tri,0.05261426892748644,0.01410039790975278,-0.3259775803048899,29
phase_usable,bright_autocorr_xy_contrast_64px,acquisition,Batch_3,mgxahqnk,0.027614277314829516,0.06092216248933968,-0.3259775803048899,29
phase_usable,bright_autocorr_xy_contrast_64px,acquisition,Batch_3,pl8uabbv,0.06968494207455328,0.05566071482374842,-0.3259775803048899,29
phase_usable,bright_autocorr_xy_contrast_64px,acquisition,Batch_3,ptg8lmto,0.08112837476219564,0.016486651786181625,-0.3259775803048899,29
phase_usable,bright_autocorr_xy_contrast_64px,acquisition,Batch_3,tuy3zymq,0.029246615691372324,0.019044787161809778,-0.3259775803048899,29
phase_usable,bright_autocorr_xy_contrast_64px,acquisition,Batch_3,ufdvpb81,-0.0024284813560326857,0.049625945626594906,-0.3259775803048899,29
phase_usable,bright_autocorr_xy_contrast_64px,acquisition,Batch_3,utfgcjfa,0.03855730966362536,0.06011695502102684,-0.3259775803048899,29
phase_usable,bright_autocorr_xy_contrast_64px,acquisition,Batch_3,vc2whyaq,0.09066889930391969,0.04975696645285996,-0.3259775803048899,29
phase_usable,bright_autocorr_xy_contrast_64px,acquisition,Batch_3,x77cy643,0.064984715764692,0.05909857989061462,-0.3259775803048899,29
phase_usable,bright_autocorr_xy_contrast_64px,acquisition,Batch_3,x7u69zsw,0.014838184739396687,0.03719134870589101,-0.3259775803048899,29
phase_usable,bright_autocorr_xy_contrast_64px,acquisition,Batch_3,xgj4xftb,0.058432769681747265,0.05251098913345385,-0.3259775803048899,29
phase_usable,bright_autocorr_xy_contrast_64px,existing_geometry_loading,Batch_1,f1vzngrs,0.03222535288255052,0.07330688813371737,-0.5674607747191647,29
phase_usable,bright_autocorr_xy_contrast_64px,existing_geometry_loading,Batch_1,ffwubibz,0.05986142746880685,0.061415240486226555,-0.5674607747191647,29
phase_usable,bright_autocorr_xy_contrast_64px,existing_geometry_loading,Batch_1,fzrt2k6r,0.0700967611543381,0.06470946546617606,-0.5674607747191647,29
phase_usable,bright_autocorr_xy_contrast_64px,existing_geometry_loading,Batch_1,iv6g2oq0,0.07767982416423302,0.0314134584026135,-0.5674607747191647,29
phase_usable,bright_autocorr_xy_contrast_64px,existing_geometry_loading,Batch_1,uhdslk0o,0.021036267678394505,0.06547594921220007,-0.5674607747191647,29
phase_usable,bright_autocorr_xy_contrast_64px,existing_geometry_loading,Batch_2,3806gxp0,0.04173141079523901,0.006807655271656984,-0.5674607747191647,29
phase_usable,bright_autocorr_xy_contrast_64px,existing_geometry_loading,Batch_2,avn74qx1,0.0651989815485684,0.04727198482949849,-0.5674607747191647,29
phase_usable,bright_autocorr_xy_contrast_64px,existing_geometry_loading,Batch_2,b3esycq1,0.07646449406643141,0.03243934293815437,-0.5674607747191647,29
phase_usable,bright_autocorr_xy_contrast_64px,existing_geometry_loading,Batch_2,epqdaau9,0.053124057304872796,0.04805497690435211,-0.5674607747191647,29
phase_usable,bright_autocorr_xy_contrast_64px,existing_geometry_loading,Batch_2,i9jiqjwl,0.09455045317159072,0.038421892687888856,-0.5674607747191647,29
phase_usable,bright_autocorr_xy_contrast_64px,existing_geometry_loading,Batch_2,r17byphk,0.09406188807769289,0.050069345766500475,-0.5674607747191647,29
phase_usable,bright_autocorr_xy_contrast_64px,existing_geometry_loading,Batch_2,rxax5ozo,0.02115560163703717,0.04237900569807699,-0.5674607747191647,29
phase_usable,bright_autocorr_xy_contrast_64px,existing_geometry_loading,Batch_3,0grcilhi,0.07033915133589552,0.04746239718834626,-0.5674607747191647,29
phase_usable,bright_autocorr_xy_contrast_64px,existing_geometry_loading,Batch_3,71vgq3fw,0.006564224577139011,0.06563319033717795,-0.5674607747191647,29
phase_usable,bright_autocorr_xy_contrast_64px,existing_geometry_loading,Batch_3,9luzk4jm,0.023892799529231012,0.05155243024352124,-0.5674607747191647,29
phase_usable,bright_autocorr_xy_contrast_64px,existing_geometry_loading,Batch_3,cfe5vt7s,0.030984630549124148,0.04918577902128746,-0.5674607747191647,29
phase_usable,bright_autocorr_xy_contrast_64px,existing_geometry_loading,Batch_3,hawkfj64,0.025918303761935935,0.07288756234429125,-0.5674607747191647,29
phase_usable,bright_autocorr_xy_contrast_64px,existing_geometry_loading,Batch_3,hzumfsms,0.04268595229052263,0.05783172929013112,-0.5674607747191647,29
phase_usable,bright_autocorr_xy_contrast_64px,existing_geometry_loading,Batch_3,kbdh4tri,0.05261426892748644,0.05669002890004707,-0.5674607747191647,29
phase_usable,bright_autocorr_xy_contrast_64px,existing_geometry_loading,Batch_3,mgxahqnk,0.027614277314829516,0.017271813498793073,-0.5674607747191647,29
phase_usable,bright_autocorr_xy_contrast_64px,existing_geometry_loading,Batch_3,pl8uabbv,0.06968494207455328,0.037082896538606594,-0.5674607747191647,29
phase_usable,bright_autocorr_xy_contrast_64px,existing_geometry_loading,Batch_3,ptg8lmto,0.08112837476219564,0.04169582296925174,-0.5674607747191647,29
phase_usable,bright_autocorr_xy_contrast_64px,existing_geometry_loading,Batch_3,tuy3zymq,0.029246615691372324,0.06586431130955035,-0.5674607747191647,29
phase_usable,bright_autocorr_xy_contrast_64px,existing_geometry_loading,Batch_3,ufdvpb81,-0.0024284813560326857,0.05101226380050915,-0.5674607747191647,29
phase_usable,bright_autocorr_xy_contrast_64px,existing_geometry_loading,Batch_3,utfgcjfa,0.03855730966362536,0.035393127811764416,-0.5674607747191647,29
phase_usable,bright_autocorr_xy_contrast_64px,existing_geometry_loading,Batch_3,vc2whyaq,0.09066889930391969,0.05835162269211311,-0.5674607747191647,29
phase_usable,bright_autocorr_xy_contrast_64px,existing_geometry_loading,Batch_3,x77cy643,0.064984715764692,0.03959028799923969,-0.5674607747191647,29
phase_usable,bright_autocorr_xy_contrast_64px,existing_geometry_loading,Batch_3,x7u69zsw,0.014838184739396687,0.04796975381598378,-0.5674607747191647,29
phase_usable,bright_autocorr_xy_contrast_64px,existing_geometry_loading,Batch_3,xgj4xftb,0.058432769681747265,0.060696224163345684,-0.5674607747191647,29
quality_matched,bright_autocorr_xy_contrast_64px,acquisition,Batch_1,f1vzngrs,0.03222535288255052,0.061534750768652696,-0.6014993088370189,25
quality_matched,bright_autocorr_xy_contrast_64px,acquisition,Batch_1,ffwubibz,0.05986142746880685,0.03549296829547989,-0.6014993088370189,25
quality_matched,bright_autocorr_xy_contrast_64px,acquisition,Batch_1,fzrt2k6r,0.0700967611543381,0.04947602715318002,-0.6014993088370189,25
quality_matched,bright_autocorr_xy_contrast_64px,acquisition,Batch_1,iv6g2oq0,0.07767982416423302,0.060694295928976856,-0.6014993088370189,25
quality_matched,bright_autocorr_xy_contrast_64px,acquisition,Batch_1,uhdslk0o,0.021036267678394505,0.06957905717066196,-0.6014993088370189,25
quality_matched,bright_autocorr_xy_contrast_64px,acquisition,Batch_2,3806gxp0,0.04173141079523901,0.05985459337678081,-0.6014993088370189,25
quality_matched,bright_autocorr_xy_contrast_64px,acquisition,Batch_2,avn74qx1,0.0651989815485684,0.04105761673485831,-0.6014993088370189,25
quality_matched,bright_autocorr_xy_contrast_64px,acquisition,Batch_2,b3esycq1,0.07646449406643141,0.060257296981375795,-0.6014993088370189,25
quality_matched,bright_autocorr_xy_contrast_64px,acquisition,Batch_2,epqdaau9,0.053124057304872796,0.0772751986043634,-0.6014993088370189,25
quality_matched,bright_autocorr_xy_contrast_64px,acquisition,Batch_2,i9jiqjwl,0.09455045317159072,0.04494112494826487,-0.6014993088370189,25
quality_matched,bright_autocorr_xy_contrast_64px,acquisition,Batch_2,r17byphk,0.09406188807769289,0.04850831894846145,-0.6014993088370189,25
quality_matched,bright_autocorr_xy_contrast_64px,acquisition,Batch_2,rxax5ozo,0.02115560163703717,0.061318791076081854,-0.6014993088370189,25
quality_matched,bright_autocorr_xy_contrast_64px,acquisition,Batch_3,0grcilhi,0.07033915133589552,0.05814711972238965,-0.6014993088370189,25
quality_matched,bright_autocorr_xy_contrast_64px,acquisition,Batch_3,9luzk4jm,0.023892799529231012,0.05775041668971339,-0.6014993088370189,25
quality_matched,bright_autocorr_xy_contrast_64px,acquisition,Batch_3,cfe5vt7s,0.030984630549124148,0.0625264060670579,-0.6014993088370189,25
quality_matched,bright_autocorr_xy_contrast_64px,acquisition,Batch_3,hawkfj64,0.025918303761935935,0.05038181827376202,-0.6014993088370189,25
quality_matched,bright_autocorr_xy_contrast_64px,acquisition,Batch_3,hzumfsms,0.04268595229052263,0.04924406208040169,-0.6014993088370189,25
quality_matched,bright_autocorr_xy_contrast_64px,acquisition,Batch_3,mgxahqnk,0.027614277314829516,0.06090663870724987,-0.6014993088370189,25
quality_matched,bright_autocorr_xy_contrast_64px,acquisition,Batch_3,pl8uabbv,0.06968494207455328,0.057361374080841715,-0.6014993088370189,25
quality_matched,bright_autocorr_xy_contrast_64px,acquisition,Batch_3,ptg8lmto,0.08112837476219564,0.015405476409191099,-0.6014993088370189,25
quality_matched,bright_autocorr_xy_contrast_64px,acquisition,Batch_3,ufdvpb81,-0.0024284813560326857,0.05219784733063988,-0.6014993088370189,25
quality_matched,bright_autocorr_xy_contrast_64px,acquisition,Batch_3,utfgcjfa,0.03855730966362536,0.059962084671502394,-0.6014993088370189,25
quality_matched,bright_autocorr_xy_contrast_64px,acquisition,Batch_3,vc2whyaq,0.09066889930391969,0.04608968718570543,-0.6014993088370189,25
quality_matched,bright_autocorr_xy_contrast_64px,acquisition,Batch_3,x77cy643,0.064984715764692,0.05921928731560694,-0.6014993088370189,25
quality_matched,bright_autocorr_xy_contrast_64px,acquisition,Batch_3,xgj4xftb,0.058432769681747265,0.03938276947386394,-0.6014993088370189,25
quality_matched,bright_autocorr_xy_contrast_64px,existing_geometry_loading,Batch_1,f1vzngrs,0.03222535288255052,0.09192657941679991,-0.5584946447965389,25
quality_matched,bright_autocorr_xy_contrast_64px,existing_geometry_loading,Batch_1,ffwubibz,0.05986142746880685,0.06284752247022982,-0.5584946447965389,25
quality_matched,bright_autocorr_xy_contrast_64px,existing_geometry_loading,Batch_1,fzrt2k6r,0.0700967611543381,0.06511841432837288,-0.5584946447965389,25
quality_matched,bright_autocorr_xy_contrast_64px,existing_geometry_loading,Batch_1,iv6g2oq0,0.07767982416423302,0.022415914603344116,-0.5584946447965389,25
quality_matched,bright_autocorr_xy_contrast_64px,existing_geometry_loading,Batch_1,uhdslk0o,0.021036267678394505,0.06670696947790208,-0.5584946447965389,25
quality_matched,bright_autocorr_xy_contrast_64px,existing_geometry_loading,Batch_2,3806gxp0,0.04173141079523901,0.010868550615141123,-0.5584946447965389,25
quality_matched,bright_autocorr_xy_contrast_64px,existing_geometry_loading,Batch_2,avn74qx1,0.0651989815485684,0.051824341564250365,-0.5584946447965389,25
quality_matched,bright_autocorr_xy_contrast_64px,existing_geometry_loading,Batch_2,b3esycq1,0.07646449406643141,0.0492048941199186,-0.5584946447965389,25
quality_matched,bright_autocorr_xy_contrast_64px,existing_geometry_loading,Batch_2,epqdaau9,0.053124057304872796,0.059941832053008674,-0.5584946447965389,25
quality_matched,bright_autocorr_xy_contrast_64px,existing_geometry_loading,Batch_2,i9jiqjwl,0.09455045317159072,0.056546983006087126,-0.5584946447965389,25
quality_matched,bright_autocorr_xy_contrast_64px,existing_geometry_loading,Batch_2,r17byphk,0.09406188807769289,0.06320361050565854,-0.5584946447965389,25
quality_matched,bright_autocorr_xy_contrast_64px,existing_geometry_loading,Batch_2,rxax5ozo,0.02115560163703717,0.04629534076381895,-0.5584946447965389,25
quality_matched,bright_autocorr_xy_contrast_64px,existing_geometry_loading,Batch_3,0grcilhi,0.07033915133589552,0.04021475104697745,-0.5584946447965389,25
quality_matched,bright_autocorr_xy_contrast_64px,existing_geometry_loading,Batch_3,9luzk4jm,0.023892799529231012,0.05750384454145885,-0.5584946447965389,25
quality_matched,bright_autocorr_xy_contrast_64px,existing_geometry_loading,Batch_3,cfe5vt7s,0.030984630549124148,0.05547570956923896,-0.5584946447965389,25
quality_matched,bright_autocorr_xy_contrast_64px,existing_geometry_loading,Batch_3,hawkfj64,0.025918303761935935,0.07864266223306779,-0.5584946447965389,25
quality_matched,bright_autocorr_xy_contrast_64px,existing_geometry_loading,Batch_3,hzumfsms,0.04268595229052263,0.03419948998650166,-0.5584946447965389,25
quality_matched,bright_autocorr_xy_contrast_64px,existing_geometry_loading,Batch_3,mgxahqnk,0.027614277314829516,0.012708907401985645,-0.5584946447965389,25
quality_matched,bright_autocorr_xy_contrast_64px,existing_geometry_loading,Batch_3,pl8uabbv,0.06968494207455328,0.042746773069132805,-0.5584946447965389,25
quality_matched,bright_autocorr_xy_contrast_64px,existing_geometry_loading,Batch_3,ptg8lmto,0.08112837476219564,0.06219642554660042,-0.5584946447965389,25
quality_matched,bright_autocorr_xy_contrast_64px,existing_geometry_loading,Batch_3,ufdvpb81,-0.0024284813560326857,0.0583698428916508,-0.5584946447965389,25
quality_matched,bright_autocorr_xy_contrast_64px,existing_geometry_loading,Batch_3,utfgcjfa,0.03855730966362536,0.0399817197441423,-0.5584946447965389,25
quality_matched,bright_autocorr_xy_contrast_64px,existing_geometry_loading,Batch_3,vc2whyaq,0.09066889930391969,0.052812970398366695,-0.5584946447965389,25
quality_matched,bright_autocorr_xy_contrast_64px,existing_geometry_loading,Batch_3,x77cy643,0.064984715764692,0.044812609537177035,-0.5584946447965389,25
quality_matched,bright_autocorr_xy_contrast_64px,existing_geometry_loading,Batch_3,xgj4xftb,0.058432769681747265,0.053276555789117136,-0.5584946447965389,25
phase_usable,bright_autocorr_xy_contrast_256px,acquisition,Batch_1,f1vzngrs,0.10386949429457476,0.004439660585712619,-0.46751898606515696,29
phase_usable,bright_autocorr_xy_contrast_256px,acquisition,Batch_1,ffwubibz,-0.006669295083271958,0.017012152225975945,-0.46751898606515696,29
phase_usable,bright_autocorr_xy_contrast_256px,acquisition,Batch_1,fzrt2k6r,0.0016356265095106154,0.023267738017358267,-0.46751898606515696,29
phase_usable,bright_autocorr_xy_contrast_256px,acquisition,Batch_1,iv6g2oq0,-0.011174091903810269,0.010001443635265738,-0.46751898606515696,29
phase_usable,bright_autocorr_xy_contrast_256px,acquisition,Batch_1,uhdslk0o,0.03136245455835174,-0.0006183460186662722,-0.46751898606515696,29
phase_usable,bright_autocorr_xy_contrast_256px,acquisition,Batch_2,3806gxp0,0.023278027608628023,0.015756486746073467,-0.46751898606515696,29
phase_usable,bright_autocorr_xy_contrast_256px,acquisition,Batch_2,avn74qx1,0.017070345893226868,0.014215300095941836,-0.46751898606515696,29
phase_usable,bright_autocorr_xy_contrast_256px,acquisition,Batch_2,b3esycq1,-0.003368981019586166,0.02827261368206816,-0.46751898606515696,29
phase_usable,bright_autocorr_xy_contrast_256px,acquisition,Batch_2,epqdaau9,-0.00490120079650553,0.04060973373130347,-0.46751898606515696,29
phase_usable,bright_autocorr_xy_contrast_256px,acquisition,Batch_2,i9jiqjwl,0.04868389651031439,0.026013512239128175,-0.46751898606515696,29
phase_usable,bright_autocorr_xy_contrast_256px,acquisition,Batch_2,r17byphk,-0.011262911526754299,0.019412427182157962,-0.46751898606515696,29
phase_usable,bright_autocorr_xy_contrast_256px,acquisition,Batch_2,rxax5ozo,0.031469200497427,0.01748541982646342,-0.46751898606515696,29
phase_usable,bright_autocorr_xy_contrast_256px,acquisition,Batch_3,0grcilhi,0.047717201072075714,-0.014037836768103268,-0.46751898606515696,29
phase_usable,bright_autocorr_xy_contrast_256px,acquisition,Batch_3,71vgq3fw,-0.02888613421819847,0.017914340417130782,-0.46751898606515696,29
phase_usable,bright_autocorr_xy_contrast_256px,acquisition,Batch_3,9luzk4jm,0.033491654023701446,0.000778310861511226,-0.46751898606515696,29
phase_usable,bright_autocorr_xy_contrast_256px,acquisition,Batch_3,cfe5vt7s,0.05122529596757129,0.015113083050469678,-0.46751898606515696,29
phase_usable,bright_autocorr_xy_contrast_256px,acquisition,Batch_3,hawkfj64,-0.016877692579260667,0.010201027773055574,-0.46751898606515696,29
phase_usable,bright_autocorr_xy_contrast_256px,acquisition,Batch_3,hzumfsms,0.03558508921215223,-0.007373863489684154,-0.46751898606515696,29
phase_usable,bright_autocorr_xy_contrast_256px,acquisition,Batch_3,kbdh4tri,0.00553257992653277,0.008063741535691452,-0.46751898606515696,29
phase_usable,bright_autocorr_xy_contrast_256px,acquisition,Batch_3,mgxahqnk,0.013453201758119142,0.007472037755445991,-0.46751898606515696,29
phase_usable,bright_autocorr_xy_contrast_256px,acquisition,Batch_3,pl8uabbv,-0.021020473530553148,0.04742746573547987,-0.46751898606515696,29
phase_usable,bright_autocorr_xy_contrast_256px,acquisition,Batch_3,ptg8lmto,-0.01220160770087789,-0.0024877439983684944,-0.46751898606515696,29
phase_usable,bright_autocorr_xy_contrast_256px,acquisition,Batch_3,tuy3zymq,0.017124241988886162,0.002803834237718291,-0.46751898606515696,29
phase_usable,bright_autocorr_xy_contrast_256px,acquisition,Batch_3,ufdvpb81,-0.01459606508159813,0.02123552860241155,-0.46751898606515696,29
phase_usable,bright_autocorr_xy_contrast_256px,acquisition,Batch_3,utfgcjfa,-0.062040526571781954,0.02977995453657152,-0.46751898606515696,29
phase_usable,bright_autocorr_xy_contrast_256px,acquisition,Batch_3,vc2whyaq,0.06816472094207225,0.013177465303359696,-0.46751898606515696,29
phase_usable,bright_autocorr_xy_contrast_256px,acquisition,Batch_3,x77cy643,0.04428755120395335,0.016887259493727585,-0.46751898606515696,29
phase_usable,bright_autocorr_xy_contrast_256px,acquisition,Batch_3,x7u69zsw,0.035184013142000696,-0.0011300165824755393,-0.46751898606515696,29
phase_usable,bright_autocorr_xy_contrast_256px,acquisition,Batch_3,xgj4xftb,-0.02864193267479654,0.0027137493574573377,-0.46751898606515696,29
phase_usable,bright_autocorr_xy_contrast_256px,existing_geometry_loading,Batch_1,f1vzngrs,0.10386949429457476,0.01839302437904626,-0.9345955181823158,29
phase_usable,bright_autocorr_xy_contrast_256px,existing_geometry_loading,Batch_1,ffwubibz,-0.006669295083271958,0.012844623123341772,-0.9345955181823158,29
phase_usable,bright_autocorr_xy_contrast_256px,existing_geometry_loading,Batch_1,fzrt2k6r,0.0016356265095106154,0.034725805261354104,-0.9345955181823158,29
phase_usable,bright_autocorr_xy_contrast_256px,existing_geometry_loading,Batch_1,iv6g2oq0,-0.011174091903810269,0.022322205526485096,-0.9345955181823158,29
phase_usable,bright_autocorr_xy_contrast_256px,existing_geometry_loading,Batch_1,uhdslk0o,0.03136245455835174,-0.018007936800527383,-0.9345955181823158,29
phase_usable,bright_autocorr_xy_contrast_256px,existing_geometry_loading,Batch_2,3806gxp0,0.023278027608628023,0.004045773310653287,-0.9345955181823158,29
phase_usable,bright_autocorr_xy_contrast_256px,existing_geometry_loading,Batch_2,avn74qx1,0.017070345893226868,0.022471024695195102,-0.9345955181823158,29
phase_usable,bright_autocorr_xy_contrast_256px,existing_geometry_loading,Batch_2,b3esycq1,-0.003368981019586166,0.059599138652475105,-0.9345955181823158,29
phase_usable,bright_autocorr_xy_contrast_256px,existing_geometry_loading,Batch_2,epqdaau9,-0.00490120079650553,0.036751648929501765,-0.9345955181823158,29
phase_usable,bright_autocorr_xy_contrast_256px,existing_geometry_loading,Batch_2,i9jiqjwl,0.04868389651031439,0.019457018314954867,-0.9345955181823158,29
phase_usable,bright_autocorr_xy_contrast_256px,existing_geometry_loading,Batch_2,r17byphk,-0.011262911526754299,-0.008652096087405244,-0.9345955181823158,29
phase_usable,bright_autocorr_xy_contrast_256px,existing_geometry_loading,Batch_2,rxax5ozo,0.031469200497427,0.014008650248835339,-0.9345955181823158,29
phase_usable,bright_autocorr_xy_contrast_256px,existing_geometry_loading,Batch_3,0grcilhi,0.047717201072075714,-0.05659061510662753,-0.9345955181823158,29
phase_usable,bright_autocorr_xy_contrast_256px,existing_geometry_loading,Batch_3,71vgq3fw,-0.02888613421819847,0.043363089502488475,-0.9345955181823158,29
phase_usable,bright_autocorr_xy_contrast_256px,existing_geometry_loading,Batch_3,9luzk4jm,0.033491654023701446,0.021996566782809396,-0.9345955181823158,29
phase_usable,bright_autocorr_xy_contrast_256px,existing_geometry_loading,Batch_3,cfe5vt7s,0.05122529596757129,-0.0017073114952617027,-0.9345955181823158,29
phase_usable,bright_autocorr_xy_contrast_256px,existing_geometry_loading,Batch_3,hawkfj64,-0.016877692579260667,0.021873304100285443,-0.9345955181823158,29
phase_usable,bright_autocorr_xy_contrast_256px,existing_geometry_loading,Batch_3,hzumfsms,0.03558508921215223,-0.05005082579821289,-0.9345955181823158,29
phase_usable,bright_autocorr_xy_contrast_256px,existing_geometry_loading,Batch_3,kbdh4tri,0.00553257992653277,0.02537529096147169,-0.9345955181823158,29
phase_usable,bright_autocorr_xy_contrast_256px,existing_geometry_loading,Batch_3,mgxahqnk,0.013453201758119142,0.00912304610196124,-0.9345955181823158,29
phase_usable,bright_autocorr_xy_contrast_256px,existing_geometry_loading,Batch_3,pl8uabbv,-0.021020473530553148,0.019962392345216077,-0.9345955181823158,29
phase_usable,bright_autocorr_xy_contrast_256px,existing_geometry_loading,Batch_3,ptg8lmto,-0.01220160770087789,-0.003416362570614572,-0.9345955181823158,29
phase_usable,bright_autocorr_xy_contrast_256px,existing_geometry_loading,Batch_3,tuy3zymq,0.017124241988886162,-0.02667374433083108,-0.9345955181823158,29
phase_usable,bright_autocorr_xy_contrast_256px,existing_geometry_loading,Batch_3,ufdvpb81,-0.01459606508159813,0.015970474053477002,-0.9345955181823158,29
phase_usable,bright_autocorr_xy_contrast_256px,existing_geometry_loading,Batch_3,utfgcjfa,-0.062040526571781954,0.02150040363481042,-0.9345955181823158,29
phase_usable,bright_autocorr_xy_contrast_256px,existing_geometry_loading,Batch_3,vc2whyaq,0.06816472094207225,0.02990934290664818,-0.9345955181823158,29
phase_usable,bright_autocorr_xy_contrast_256px,existing_geometry_loading,Batch_3,x77cy643,0.04428755120395335,0.03648480218133922,-0.9345955181823158,29
phase_usable,bright_autocorr_xy_contrast_256px,existing_geometry_loading,Batch_3,x7u69zsw,0.035184013142000696,-0.018528481583195186,-0.9345955181823158,29
phase_usable,bright_autocorr_xy_contrast_256px,existing_geometry_loading,Batch_3,xgj4xftb,-0.02864193267479654,-0.0033025116871176485,-0.9345955181823158,29
quality_matched,bright_autocorr_xy_contrast_256px,acquisition,Batch_1,f1vzngrs,0.10386949429457476,0.0035397227938001622,-0.6640554810668529,25
quality_matched,bright_autocorr_xy_contrast_256px,acquisition,Batch_1,ffwubibz,-0.006669295083271958,0.019199511527011166,-0.6640554810668529,25
quality_matched,bright_autocorr_xy_contrast_256px,acquisition,Batch_1,fzrt2k6r,0.0016356265095106154,0.02311133926010927,-0.6640554810668529,25
quality_matched,bright_autocorr_xy_contrast_256px,acquisition,Batch_1,iv6g2oq0,-0.011174091903810269,0.012991591483195272,-0.6640554810668529,25
quality_matched,bright_autocorr_xy_contrast_256px,acquisition,Batch_1,uhdslk0o,0.03136245455835174,-0.0035780907582741613,-0.6640554810668529,25
quality_matched,bright_autocorr_xy_contrast_256px,acquisition,Batch_2,3806gxp0,0.023278027608628023,0.014935057206403052,-0.6640554810668529,25
quality_matched,bright_autocorr_xy_contrast_256px,acquisition,Batch_2,avn74qx1,0.017070345893226868,0.015552434510773783,-0.6640554810668529,25
quality_matched,bright_autocorr_xy_contrast_256px,acquisition,Batch_2,b3esycq1,-0.003368981019586166,0.027251622510248853,-0.6640554810668529,25
quality_matched,bright_autocorr_xy_contrast_256px,acquisition,Batch_2,epqdaau9,-0.00490120079650553,0.04712473470111633,-0.6640554810668529,25
quality_matched,bright_autocorr_xy_contrast_256px,acquisition,Batch_2,i9jiqjwl,0.04868389651031439,0.026775807450895195,-0.6640554810668529,25
quality_matched,bright_autocorr_xy_contrast_256px,acquisition,Batch_2,r17byphk,-0.011262911526754299,0.018080948468829475,-0.6640554810668529,25
quality_matched,bright_autocorr_xy_contrast_256px,acquisition,Batch_2,rxax5ozo,0.031469200497427,0.017979753364687295,-0.6640554810668529,25
quality_matched,bright_autocorr_xy_contrast_256px,acquisition,Batch_3,0grcilhi,0.047717201072075714,-0.017731367557664406,-0.6640554810668529,25
quality_matched,bright_autocorr_xy_contrast_256px,acquisition,Batch_3,9luzk4jm,0.033491654023701446,-0.008092863993798535,-0.6640554810668529,25
quality_matched,bright_autocorr_xy_contrast_256px,acquisition,Batch_3,cfe5vt7s,0.05122529596757129,0.014065953885712164,-0.6640554810668529,25
quality_matched,bright_autocorr_xy_contrast_256px,acquisition,Batch_3,hawkfj64,-0.016877692579260667,0.012570835871293333,-0.6640554810668529,25
quality_matched,bright_autocorr_xy_contrast_256px,acquisition,Batch_3,hzumfsms,0.03558508921215223,-0.010130766650653203,-0.6640554810668529,25
quality_matched,bright_autocorr_xy_contrast_256px,acquisition,Batch_3,mgxahqnk,0.013453201758119142,0.006735369609458333,-0.6640554810668529,25
quality_matched,bright_autocorr_xy_contrast_256px,acquisition,Batch_3,pl8uabbv,-0.021020473530553148,0.048575350439831966,-0.6640554810668529,25
quality_matched,bright_autocorr_xy_contrast_256px,acquisition,Batch_3,ptg8lmto,-0.01220160770087789,0.0009792261644249126,-0.6640554810668529,25
quality_matched,bright_autocorr_xy_contrast_256px,acquisition,Batch_3,ufdvpb81,-0.01459606508159813,0.03811886152757431,-0.6640554810668529,25
quality_matched,bright_autocorr_xy_contrast_256px,acquisition,Batch_3,utfgcjfa,-0.062040526571781954,0.030559716631770067,-0.6640554810668529,25
quality_matched,bright_autocorr_xy_contrast_256px,acquisition,Batch_3,vc2whyaq,0.06816472094207225,0.012177386511055007,-0.6640554810668529,25
quality_matched,bright_autocorr_xy_contrast_256px,acquisition,Batch_3,x77cy643,0.04428755120395335,0.016505844244965515,-0.6640554810668529,25
quality_matched,bright_autocorr_xy_contrast_256px,acquisition,Batch_3,xgj4xftb,-0.02864193267479654,0.02295522869545874,-0.6640554810668529,25
quality_matched,bright_autocorr_xy_contrast_256px,existing_geometry_loading,Batch_1,f1vzngrs,0.10386949429457476,0.02715300344262149,-0.8706386181988872,25
quality_matched,bright_autocorr_xy_contrast_256px,existing_geometry_loading,Batch_1,ffwubibz,-0.006669295083271958,0.012934264445693082,-0.8706386181988872,25
quality_matched,bright_autocorr_xy_contrast_256px,existing_geometry_loading,Batch_1,fzrt2k6r,0.0016356265095106154,0.052196701164610386,-0.8706386181988872,25
quality_matched,bright_autocorr_xy_contrast_256px,existing_geometry_loading,Batch_1,iv6g2oq0,-0.011174091903810269,0.033832611492296064,-0.8706386181988872,25
quality_matched,bright_autocorr_xy_contrast_256px,existing_geometry_loading,Batch_1,uhdslk0o,0.03136245455835174,-0.02428362450782403,-0.8706386181988872,25
quality_matched,bright_autocorr_xy_contrast_256px,existing_geometry_loading,Batch_2,3806gxp0,0.023278027608628023,-0.005876656613289068,-0.8706386181988872,25
quality_matched,bright_autocorr_xy_contrast_256px,existing_geometry_loading,Batch_2,avn74qx1,0.017070345893226868,0.029497012552741113,-0.8706386181988872,25
quality_matched,bright_autocorr_xy_contrast_256px,existing_geometry_loading,Batch_2,b3esycq1,-0.003368981019586166,0.06319261073340791,-0.8706386181988872,25
quality_matched,bright_autocorr_xy_contrast_256px,existing_geometry_loading,Batch_2,epqdaau9,-0.00490120079650553,0.04106604382645268,-0.8706386181988872,25
quality_matched,bright_autocorr_xy_contrast_256px,existing_geometry_loading,Batch_2,i9jiqjwl,0.04868389651031439,0.021241452642144984,-0.8706386181988872,25
quality_matched,bright_autocorr_xy_contrast_256px,existing_geometry_loading,Batch_2,r17byphk,-0.011262911526754299,-0.008148724900627098,-0.8706386181988872,25
quality_matched,bright_autocorr_xy_contrast_256px,existing_geometry_loading,Batch_2,rxax5ozo,0.031469200497427,0.025233624687603776,-0.8706386181988872,25
quality_matched,bright_autocorr_xy_contrast_256px,existing_geometry_loading,Batch_3,0grcilhi,0.047717201072075714,-0.056591966204993266,-0.8706386181988872,25
quality_matched,bright_autocorr_xy_contrast_256px,existing_geometry_loading,Batch_3,9luzk4jm,0.033491654023701446,0.029605114987545596,-0.8706386181988872,25
quality_matched,bright_autocorr_xy_contrast_256px,existing_geometry_loading,Batch_3,cfe5vt7s,0.05122529596757129,-0.009693111152364096,-0.8706386181988872,25
quality_matched,bright_autocorr_xy_contrast_256px,existing_geometry_loading,Batch_3,hawkfj64,-0.016877692579260667,0.026979222132957538,-0.8706386181988872,25
quality_matched,bright_autocorr_xy_contrast_256px,existing_geometry_loading,Batch_3,hzumfsms,0.03558508921215223,-0.0715605037373848,-0.8706386181988872,25
quality_matched,bright_autocorr_xy_contrast_256px,existing_geometry_loading,Batch_3,mgxahqnk,0.013453201758119142,0.03001205875000059,-0.8706386181988872,25
quality_matched,bright_autocorr_xy_contrast_256px,existing_geometry_loading,Batch_3,pl8uabbv,-0.021020473530553148,0.006432964351664834,-0.8706386181988872,25
quality_matched,bright_autocorr_xy_contrast_256px,existing_geometry_loading,Batch_3,ptg8lmto,-0.01220160770087789,-0.026151509700379993,-0.8706386181988872,25
quality_matched,bright_autocorr_xy_contrast_256px,existing_geometry_loading,Batch_3,ufdvpb81,-0.01459606508159813,0.008310959842801502,-0.8706386181988872,25
quality_matched,bright_autocorr_xy_contrast_256px,existing_geometry_loading,Batch_3,utfgcjfa,-0.062040526571781954,0.008922271793428157,-0.8706386181988872,25
quality_matched,bright_autocorr_xy_contrast_256px,existing_geometry_loading,Batch_3,vc2whyaq,0.06816472094207225,0.0495617354649896,-0.8706386181988872,25
quality_matched,bright_autocorr_xy_contrast_256px,existing_geometry_loading,Batch_3,x77cy643,0.04428755120395335,0.03768831372715679,-0.8706386181988872,25
quality_matched,bright_autocorr_xy_contrast_256px,existing_geometry_loading,Batch_3,xgj4xftb,-0.02864193267479654,-0.006315943282379874,-0.8706386181988872,25
phase_usable,bright_pore_crosscorr_xy_contrast_64px,acquisition,Batch_1,f1vzngrs,-0.005169547069652417,-0.014386526788166884,-0.4620135184937155,25
phase_usable,bright_pore_crosscorr_xy_contrast_64px,acquisition,Batch_1,ffwubibz,-0.01667586274388496,-0.010711857924636756,-0.4620135184937155,25
phase_usable,bright_pore_crosscorr_xy_contrast_64px,acquisition,Batch_1,fzrt2k6r,-0.017261120520054813,-0.010524750873109608,-0.4620135184937155,25
phase_usable,bright_pore_crosscorr_xy_contrast_64px,acquisition,Batch_1,iv6g2oq0,-0.016198610297950757,-0.018448236184151392,-0.4620135184937155,25
phase_usable,bright_pore_crosscorr_xy_contrast_64px,acquisition,Batch_1,uhdslk0o,-0.01032884013108622,-0.017093385759422236,-0.4620135184937155,25
phase_usable,bright_pore_crosscorr_xy_contrast_64px,acquisition,Batch_2,3806gxp0,-0.017121221201141838,-0.01379066084961488,-0.4620135184937155,25
phase_usable,bright_pore_crosscorr_xy_contrast_64px,acquisition,Batch_2,avn74qx1,-0.008760564336290426,-0.013526788151706609,-0.4620135184937155,25
phase_usable,bright_pore_crosscorr_xy_contrast_64px,acquisition,Batch_2,b3esycq1,-0.021062800042216227,-0.010216111475533746,-0.4620135184937155,25
phase_usable,bright_pore_crosscorr_xy_contrast_64px,acquisition,Batch_2,epqdaau9,-0.01736191998221827,-0.011185105969683931,-0.4620135184937155,25
phase_usable,bright_pore_crosscorr_xy_contrast_64px,acquisition,Batch_2,i9jiqjwl,-0.009763774462547751,-0.010683523926581489,-0.4620135184937155,25
phase_usable,bright_pore_crosscorr_xy_contrast_64px,acquisition,Batch_2,r17byphk,-0.01450139296943766,-0.01342699226466707,-0.4620135184937155,25
phase_usable,bright_pore_crosscorr_xy_contrast_64px,acquisition,Batch_2,rxax5ozo,-0.01113536628460443,-0.014192100054468887,-0.4620135184937155,25
phase_usable,bright_pore_crosscorr_xy_contrast_64px,acquisition,Batch_3,0grcilhi,-0.022754596456004705,-0.013893152887404125,-0.4620135184937155,25
phase_usable,bright_pore_crosscorr_xy_contrast_64px,acquisition,Batch_3,9luzk4jm,-0.013555527488961166,-0.015816470126643226,-0.4620135184937155,25
phase_usable,bright_pore_crosscorr_xy_contrast_64px,acquisition,Batch_3,cfe5vt7s,0.0016446072107946935,-0.015050830489861533,-0.4620135184937155,25
phase_usable,bright_pore_crosscorr_xy_contrast_64px,acquisition,Batch_3,hawkfj64,-0.017082300599527027,-0.015427178830434585,-0.4620135184937155,25
phase_usable,bright_pore_crosscorr_xy_contrast_64px,acquisition,Batch_3,hzumfsms,-0.012311876977234133,-0.014461543601222567,-0.4620135184937155,25
phase_usable,bright_pore_crosscorr_xy_contrast_64px,acquisition,Batch_3,mgxahqnk,-0.003152953722054078,-0.018318611914137962,-0.4620135184937155,25
phase_usable,bright_pore_crosscorr_xy_contrast_64px,acquisition,Batch_3,pl8uabbv,-0.011692574896295063,-0.010807192770893979,-0.4620135184937155,25
phase_usable,bright_pore_crosscorr_xy_contrast_64px,acquisition,Batch_3,ptg8lmto,-0.031357339139713995,-0.01069575104417474,-0.4620135184937155,25
phase_usable,bright_pore_crosscorr_xy_contrast_64px,acquisition,Batch_3,ufdvpb81,-0.009978816678337301,-0.013310717264098463,-0.4620135184937155,25
phase_usable,bright_pore_crosscorr_xy_contrast_64px,acquisition,Batch_3,utfgcjfa,-0.01566211163866658,-0.013826686864416437,-0.4620135184937155,25
phase_usable,bright_pore_crosscorr_xy_contrast_64px,acquisition,Batch_3,vc2whyaq,-0.018974560841923088,-0.013254204798096771,-0.4620135184937155,25
phase_usable,bright_pore_crosscorr_xy_contrast_64px,acquisition,Batch_3,x77cy643,-0.018612186683961154,-0.013667888953851941,-0.4620135184937155,25
phase_usable,bright_pore_crosscorr_xy_contrast_64px,acquisition,Batch_3,xgj4xftb,-0.018988076403605968,-0.02728000009448059,-0.4620135184937155,25
phase_usable,bright_pore_crosscorr_xy_contrast_64px,existing_geometry_loading,Batch_1,f1vzngrs,-0.005169547069652417,-0.012810847378502925,-0.5370719829339348,25
phase_usable,bright_pore_crosscorr_xy_contrast_64px,existing_geometry_loading,Batch_1,ffwubibz,-0.01667586274388496,-0.014331347608600675,-0.5370719829339348,25
phase_usable,bright_pore_crosscorr_xy_contrast_64px,existing_geometry_loading,Batch_1,fzrt2k6r,-0.017261120520054813,-0.01873366045675894,-0.5370719829339348,25
phase_usable,bright_pore_crosscorr_xy_contrast_64px,existing_geometry_loading,Batch_1,iv6g2oq0,-0.016198610297950757,-0.001918942592128688,-0.5370719829339348,25
phase_usable,bright_pore_crosscorr_xy_contrast_64px,existing_geometry_loading,Batch_1,uhdslk0o,-0.01032884013108622,-0.013511682539346533,-0.5370719829339348,25
phase_usable,bright_pore_crosscorr_xy_contrast_64px,existing_geometry_loading,Batch_2,3806gxp0,-0.017121221201141838,-0.005378186838472852,-0.5370719829339348,25
phase_usable,bright_pore_crosscorr_xy_contrast_64px,existing_geometry_loading,Batch_2,avn74qx1,-0.008760564336290426,-0.01874485921958365,-0.5370719829339348,25
phase_usable,bright_pore_crosscorr_xy_contrast_64px,existing_geometry_loading,Batch_2,b3esycq1,-0.021062800042216227,-0.009500662968040405,-0.5370719829339348,25
phase_usable,bright_pore_crosscorr_xy_contrast_64px,existing_geometry_loading,Batch_2,epqdaau9,-0.01736191998221827,-0.01350663128387726,-0.5370719829339348,25
phase_usable,bright_pore_crosscorr_xy_contrast_64px,existing_geometry_loading,Batch_2,i9jiqjwl,-0.009763774462547751,-0.013362418390746743,-0.5370719829339348,25
phase_usable,bright_pore_crosscorr_xy_contrast_64px,existing_geometry_loading,Batch_2,r17byphk,-0.01450139296943766,-0.013891603601685166,-0.5370719829339348,25
phase_usable,bright_pore_crosscorr_xy_contrast_64px,existing_geometry_loading,Batch_2,rxax5ozo,-0.01113536628460443,-0.011269433711236256,-0.5370719829339348,25
phase_usable,bright_pore_crosscorr_xy_contrast_64px,existing_geometry_loading,Batch_3,0grcilhi,-0.022754596456004705,-0.024398025087487448,-0.5370719829339348,25
phase_usable,bright_pore_crosscorr_xy_contrast_64px,existing_geometry_loading,Batch_3,9luzk4jm,-0.013555527488961166,-0.015620758981232417,-0.5370719829339348,25
phase_usable,bright_pore_crosscorr_xy_contrast_64px,existing_geometry_loading,Batch_3,cfe5vt7s,0.0016446072107946935,-0.0158655960554618,-0.5370719829339348,25
phase_usable,bright_pore_crosscorr_xy_contrast_64px,existing_geometry_loading,Batch_3,hawkfj64,-0.017082300599527027,-0.01698108702397947,-0.5370719829339348,25
phase_usable,bright_pore_crosscorr_xy_contrast_64px,existing_geometry_loading,Batch_3,hzumfsms,-0.012311876977234133,-0.019059146230453093,-0.5370719829339348,25
phase_usable,bright_pore_crosscorr_xy_contrast_64px,existing_geometry_loading,Batch_3,mgxahqnk,-0.003152953722054078,-0.020683852354710854,-0.5370719829339348,25
phase_usable,bright_pore_crosscorr_xy_contrast_64px,existing_geometry_loading,Batch_3,pl8uabbv,-0.011692574896295063,-0.015985451300203894,-0.5370719829339348,25
phase_usable,bright_pore_crosscorr_xy_contrast_64px,existing_geometry_loading,Batch_3,ptg8lmto,-0.031357339139713995,-0.01945202833930826,-0.5370719829339348,25
phase_usable,bright_pore_crosscorr_xy_contrast_64px,existing_geometry_loading,Batch_3,ufdvpb81,-0.009978816678337301,-0.012962407175023394,-0.5370719829339348,25
phase_usable,bright_pore_crosscorr_xy_contrast_64px,existing_geometry_loading,Batch_3,utfgcjfa,-0.01566211163866658,-0.007504174688825362,-0.5370719829339348,25
phase_usable,bright_pore_crosscorr_xy_contrast_64px,existing_geometry_loading,Batch_3,vc2whyaq,-0.018974560841923088,-0.01039467925346203,-0.5370719829339348,25
phase_usable,bright_pore_crosscorr_xy_contrast_64px,existing_geometry_loading,Batch_3,x77cy643,-0.018612186683961154,-0.015222028299752596,-0.5370719829339348,25
phase_usable,bright_pore_crosscorr_xy_contrast_64px,existing_geometry_loading,Batch_3,xgj4xftb,-0.018988076403605968,-0.019381025424359846,-0.5370719829339348,25
quality_matched,bright_pore_crosscorr_xy_contrast_64px,acquisition,Batch_1,f1vzngrs,-0.005169547069652417,-0.014386526788166884,-0.4620135184937155,25
quality_matched,bright_pore_crosscorr_xy_contrast_64px,acquisition,Batch_1,ffwubibz,-0.01667586274388496,-0.010711857924636756,-0.4620135184937155,25
quality_matched,bright_pore_crosscorr_xy_contrast_64px,acquisition,Batch_1,fzrt2k6r,-0.017261120520054813,-0.010524750873109608,-0.4620135184937155,25
quality_matched,bright_pore_crosscorr_xy_contrast_64px,acquisition,Batch_1,iv6g2oq0,-0.016198610297950757,-0.018448236184151392,-0.4620135184937155,25
quality_matched,bright_pore_crosscorr_xy_contrast_64px,acquisition,Batch_1,uhdslk0o,-0.01032884013108622,-0.017093385759422236,-0.4620135184937155,25
quality_matched,bright_pore_crosscorr_xy_contrast_64px,acquisition,Batch_2,3806gxp0,-0.017121221201141838,-0.01379066084961488,-0.4620135184937155,25
quality_matched,bright_pore_crosscorr_xy_contrast_64px,acquisition,Batch_2,avn74qx1,-0.008760564336290426,-0.013526788151706609,-0.4620135184937155,25
quality_matched,bright_pore_crosscorr_xy_contrast_64px,acquisition,Batch_2,b3esycq1,-0.021062800042216227,-0.010216111475533746,-0.4620135184937155,25
quality_matched,bright_pore_crosscorr_xy_contrast_64px,acquisition,Batch_2,epqdaau9,-0.01736191998221827,-0.011185105969683931,-0.4620135184937155,25
quality_matched,bright_pore_crosscorr_xy_contrast_64px,acquisition,Batch_2,i9jiqjwl,-0.009763774462547751,-0.010683523926581489,-0.4620135184937155,25
quality_matched,bright_pore_crosscorr_xy_contrast_64px,acquisition,Batch_2,r17byphk,-0.01450139296943766,-0.01342699226466707,-0.4620135184937155,25
quality_matched,bright_pore_crosscorr_xy_contrast_64px,acquisition,Batch_2,rxax5ozo,-0.01113536628460443,-0.014192100054468887,-0.4620135184937155,25
quality_matched,bright_pore_crosscorr_xy_contrast_64px,acquisition,Batch_3,0grcilhi,-0.022754596456004705,-0.013893152887404125,-0.4620135184937155,25
quality_matched,bright_pore_crosscorr_xy_contrast_64px,acquisition,Batch_3,9luzk4jm,-0.013555527488961166,-0.015816470126643226,-0.4620135184937155,25
quality_matched,bright_pore_crosscorr_xy_contrast_64px,acquisition,Batch_3,cfe5vt7s,0.0016446072107946935,-0.015050830489861533,-0.4620135184937155,25
quality_matched,bright_pore_crosscorr_xy_contrast_64px,acquisition,Batch_3,hawkfj64,-0.017082300599527027,-0.015427178830434585,-0.4620135184937155,25
quality_matched,bright_pore_crosscorr_xy_contrast_64px,acquisition,Batch_3,hzumfsms,-0.012311876977234133,-0.014461543601222567,-0.4620135184937155,25
quality_matched,bright_pore_crosscorr_xy_contrast_64px,acquisition,Batch_3,mgxahqnk,-0.003152953722054078,-0.018318611914137962,-0.4620135184937155,25
quality_matched,bright_pore_crosscorr_xy_contrast_64px,acquisition,Batch_3,pl8uabbv,-0.011692574896295063,-0.010807192770893979,-0.4620135184937155,25
quality_matched,bright_pore_crosscorr_xy_contrast_64px,acquisition,Batch_3,ptg8lmto,-0.031357339139713995,-0.01069575104417474,-0.4620135184937155,25
quality_matched,bright_pore_crosscorr_xy_contrast_64px,acquisition,Batch_3,ufdvpb81,-0.009978816678337301,-0.013310717264098463,-0.4620135184937155,25
quality_matched,bright_pore_crosscorr_xy_contrast_64px,acquisition,Batch_3,utfgcjfa,-0.01566211163866658,-0.013826686864416437,-0.4620135184937155,25
quality_matched,bright_pore_crosscorr_xy_contrast_64px,acquisition,Batch_3,vc2whyaq,-0.018974560841923088,-0.013254204798096771,-0.4620135184937155,25
quality_matched,bright_pore_crosscorr_xy_contrast_64px,acquisition,Batch_3,x77cy643,-0.018612186683961154,-0.013667888953851941,-0.4620135184937155,25
quality_matched,bright_pore_crosscorr_xy_contrast_64px,acquisition,Batch_3,xgj4xftb,-0.018988076403605968,-0.02728000009448059,-0.4620135184937155,25
quality_matched,bright_pore_crosscorr_xy_contrast_64px,existing_geometry_loading,Batch_1,f1vzngrs,-0.005169547069652417,-0.012810847378502925,-0.5370719829339348,25
quality_matched,bright_pore_crosscorr_xy_contrast_64px,existing_geometry_loading,Batch_1,ffwubibz,-0.01667586274388496,-0.014331347608600675,-0.5370719829339348,25
quality_matched,bright_pore_crosscorr_xy_contrast_64px,existing_geometry_loading,Batch_1,fzrt2k6r,-0.017261120520054813,-0.01873366045675894,-0.5370719829339348,25
quality_matched,bright_pore_crosscorr_xy_contrast_64px,existing_geometry_loading,Batch_1,iv6g2oq0,-0.016198610297950757,-0.001918942592128688,-0.5370719829339348,25
quality_matched,bright_pore_crosscorr_xy_contrast_64px,existing_geometry_loading,Batch_1,uhdslk0o,-0.01032884013108622,-0.013511682539346533,-0.5370719829339348,25
quality_matched,bright_pore_crosscorr_xy_contrast_64px,existing_geometry_loading,Batch_2,3806gxp0,-0.017121221201141838,-0.005378186838472852,-0.5370719829339348,25
quality_matched,bright_pore_crosscorr_xy_contrast_64px,existing_geometry_loading,Batch_2,avn74qx1,-0.008760564336290426,-0.01874485921958365,-0.5370719829339348,25
quality_matched,bright_pore_crosscorr_xy_contrast_64px,existing_geometry_loading,Batch_2,b3esycq1,-0.021062800042216227,-0.009500662968040405,-0.5370719829339348,25
quality_matched,bright_pore_crosscorr_xy_contrast_64px,existing_geometry_loading,Batch_2,epqdaau9,-0.01736191998221827,-0.01350663128387726,-0.5370719829339348,25
quality_matched,bright_pore_crosscorr_xy_contrast_64px,existing_geometry_loading,Batch_2,i9jiqjwl,-0.009763774462547751,-0.013362418390746743,-0.5370719829339348,25
quality_matched,bright_pore_crosscorr_xy_contrast_64px,existing_geometry_loading,Batch_2,r17byphk,-0.01450139296943766,-0.013891603601685166,-0.5370719829339348,25
quality_matched,bright_pore_crosscorr_xy_contrast_64px,existing_geometry_loading,Batch_2,rxax5ozo,-0.01113536628460443,-0.011269433711236256,-0.5370719829339348,25
quality_matched,bright_pore_crosscorr_xy_contrast_64px,existing_geometry_loading,Batch_3,0grcilhi,-0.022754596456004705,-0.024398025087487448,-0.5370719829339348,25
quality_matched,bright_pore_crosscorr_xy_contrast_64px,existing_geometry_loading,Batch_3,9luzk4jm,-0.013555527488961166,-0.015620758981232417,-0.5370719829339348,25
quality_matched,bright_pore_crosscorr_xy_contrast_64px,existing_geometry_loading,Batch_3,cfe5vt7s,0.0016446072107946935,-0.0158655960554618,-0.5370719829339348,25
quality_matched,bright_pore_crosscorr_xy_contrast_64px,existing_geometry_loading,Batch_3,hawkfj64,-0.017082300599527027,-0.01698108702397947,-0.5370719829339348,25
quality_matched,bright_pore_crosscorr_xy_contrast_64px,existing_geometry_loading,Batch_3,hzumfsms,-0.012311876977234133,-0.019059146230453093,-0.5370719829339348,25
quality_matched,bright_pore_crosscorr_xy_contrast_64px,existing_geometry_loading,Batch_3,mgxahqnk,-0.003152953722054078,-0.020683852354710854,-0.5370719829339348,25
quality_matched,bright_pore_crosscorr_xy_contrast_64px,existing_geometry_loading,Batch_3,pl8uabbv,-0.011692574896295063,-0.015985451300203894,-0.5370719829339348,25
quality_matched,bright_pore_crosscorr_xy_contrast_64px,existing_geometry_loading,Batch_3,ptg8lmto,-0.031357339139713995,-0.01945202833930826,-0.5370719829339348,25
quality_matched,bright_pore_crosscorr_xy_contrast_64px,existing_geometry_loading,Batch_3,ufdvpb81,-0.009978816678337301,-0.012962407175023394,-0.5370719829339348,25
quality_matched,bright_pore_crosscorr_xy_contrast_64px,existing_geometry_loading,Batch_3,utfgcjfa,-0.01566211163866658,-0.007504174688825362,-0.5370719829339348,25
quality_matched,bright_pore_crosscorr_xy_contrast_64px,existing_geometry_loading,Batch_3,vc2whyaq,-0.018974560841923088,-0.01039467925346203,-0.5370719829339348,25
quality_matched,bright_pore_crosscorr_xy_contrast_64px,existing_geometry_loading,Batch_3,x77cy643,-0.018612186683961154,-0.015222028299752596,-0.5370719829339348,25
quality_matched,bright_pore_crosscorr_xy_contrast_64px,existing_geometry_loading,Batch_3,xgj4xftb,-0.018988076403605968,-0.019381025424359846,-0.5370719829339348,25
phase_usable,bright_pore_crosscorr_xy_contrast_256px,acquisition,Batch_1,f1vzngrs,0.01632302620194396,0.005668049920565342,-0.24223719574894242,25
phase_usable,bright_pore_crosscorr_xy_contrast_256px,acquisition,Batch_1,ffwubibz,0.006089292112666002,0.0026802534021164014,-0.24223719574894242,25
phase_usable,bright_pore_crosscorr_xy_contrast_256px,acquisition,Batch_1,fzrt2k6r,0.010204255074252322,0.009898862469250955,-0.24223719574894242,25
phase_usable,bright_pore_crosscorr_xy_contrast_256px,acquisition,Batch_1,iv6g2oq0,0.02819706157719911,0.0122770404855013,-0.24223719574894242,25
phase_usable,bright_pore_crosscorr_xy_contrast_256px,acquisition,Batch_1,uhdslk0o,0.014788845949819319,0.016395996020381578,-0.24223719574894242,25
phase_usable,bright_pore_crosscorr_xy_contrast_256px,acquisition,Batch_2,3806gxp0,0.022365389920774865,0.0017938323963214069,-0.24223719574894242,25
phase_usable,bright_pore_crosscorr_xy_contrast_256px,acquisition,Batch_2,avn74qx1,0.004243833686206464,0.0028541955126234813,-0.24223719574894242,25
phase_usable,bright_pore_crosscorr_xy_contrast_256px,acquisition,Batch_2,b3esycq1,0.02216346557620095,0.008220634218506342,-0.24223719574894242,25
phase_usable,bright_pore_crosscorr_xy_contrast_256px,acquisition,Batch_2,epqdaau9,-0.0009569231589602761,0.02498994187904199,-0.24223719574894242,25
phase_usable,bright_pore_crosscorr_xy_contrast_256px,acquisition,Batch_2,i9jiqjwl,-0.02237090399498306,0.00811779321162982,-0.24223719574894242,25
phase_usable,bright_pore_crosscorr_xy_contrast_256px,acquisition,Batch_2,r17byphk,0.004706388256271579,0.003433823169719999,-0.24223719574894242,25
phase_usable,bright_pore_crosscorr_xy_contrast_256px,acquisition,Batch_2,rxax5ozo,-0.006806896355165487,0.0013498352889679188,-0.24223719574894242,25
phase_usable,bright_pore_crosscorr_xy_contrast_256px,acquisition,Batch_3,0grcilhi,-0.012007676390312392,0.012790433638065356,-0.24223719574894242,25
phase_usable,bright_pore_crosscorr_xy_contrast_256px,acquisition,Batch_3,9luzk4jm,-0.011580727574472743,-0.00850415455539422,-0.24223719574894242,25
phase_usable,bright_pore_crosscorr_xy_contrast_256px,acquisition,Batch_3,cfe5vt7s,-0.0041536782425693934,0.010234353803131924,-0.24223719574894242,25
phase_usable,bright_pore_crosscorr_xy_contrast_256px,acquisition,Batch_3,hawkfj64,-0.008434306922595879,-0.002998294824794045,-0.24223719574894242,25
phase_usable,bright_pore_crosscorr_xy_contrast_256px,acquisition,Batch_3,hzumfsms,-0.011390900927464111,-0.0016286622620149639,-0.24223719574894242,25
phase_usable,bright_pore_crosscorr_xy_contrast_256px,acquisition,Batch_3,mgxahqnk,0.0038091017960507553,0.0034555626118166166,-0.24223719574894242,25
phase_usable,bright_pore_crosscorr_xy_contrast_256px,acquisition,Batch_3,pl8uabbv,0.019996475210251094,-0.004597255559069754,-0.24223719574894242,25
phase_usable,bright_pore_crosscorr_xy_contrast_256px,acquisition,Batch_3,ptg8lmto,-0.0008547394634584263,0.010207702472306929,-0.24223719574894242,25
phase_usable,bright_pore_crosscorr_xy_contrast_256px,acquisition,Batch_3,ufdvpb81,-0.005124749638780325,0.0011134456755326257,-0.24223719574894242,25
phase_usable,bright_pore_crosscorr_xy_contrast_256px,acquisition,Batch_3,utfgcjfa,-0.008293722975054582,0.0022752385384194203,-0.24223719574894242,25
phase_usable,bright_pore_crosscorr_xy_contrast_256px,acquisition,Batch_3,vc2whyaq,0.026769179139865353,-0.0006583931577300193,-0.24223719574894242,25
phase_usable,bright_pore_crosscorr_xy_contrast_256px,acquisition,Batch_3,x77cy643,0.007764212942143299,0.001474140182288999,-0.24223719574894242,25
phase_usable,bright_pore_crosscorr_xy_contrast_256px,acquisition,Batch_3,xgj4xftb,0.00472633448105418,-0.008480081754785887,-0.24223719574894242,25
phase_usable,bright_pore_crosscorr_xy_contrast_256px,existing_geometry_loading,Batch_1,f1vzngrs,0.01632302620194396,0.012518956812221451,-0.5029676574942847,25
phase_usable,bright_pore_crosscorr_xy_contrast_256px,existing_geometry_loading,Batch_1,ffwubibz,0.006089292112666002,0.004193011088036601,-0.5029676574942847,25
phase_usable,bright_pore_crosscorr_xy_contrast_256px,existing_geometry_loading,Batch_1,fzrt2k6r,0.010204255074252322,0.01347216711366135,-0.5029676574942847,25
phase_usable,bright_pore_crosscorr_xy_contrast_256px,existing_geometry_loading,Batch_1,iv6g2oq0,0.02819706157719911,-0.0022799912268514594,-0.5029676574942847,25
phase_usable,bright_pore_crosscorr_xy_contrast_256px,existing_geometry_loading,Batch_1,uhdslk0o,0.014788845949819319,0.01901169861125761,-0.5029676574942847,25
phase_usable,bright_pore_crosscorr_xy_contrast_256px,existing_geometry_loading,Batch_2,3806gxp0,0.022365389920774865,0.002079847114680993,-0.5029676574942847,25
phase_usable,bright_pore_crosscorr_xy_contrast_256px,existing_geometry_loading,Batch_2,avn74qx1,0.004243833686206464,0.0018886828425725886,-0.5029676574942847,25
phase_usable,bright_pore_crosscorr_xy_contrast_256px,existing_geometry_loading,Batch_2,b3esycq1,0.02216346557620095,0.008946842656022573,-0.5029676574942847,25
phase_usable,bright_pore_crosscorr_xy_contrast_256px,existing_geometry_loading,Batch_2,epqdaau9,-0.0009569231589602761,0.00961537090475771,-0.5029676574942847,25
phase_usable,bright_pore_crosscorr_xy_contrast_256px,existing_geometry_loading,Batch_2,i9jiqjwl,-0.02237090399498306,0.013195729284251596,-0.5029676574942847,25
phase_usable,bright_pore_crosscorr_xy_contrast_256px,existing_geometry_loading,Batch_2,r17byphk,0.004706388256271579,-0.013261060231189531,-0.5029676574942847,25
phase_usable,bright_pore_crosscorr_xy_contrast_256px,existing_geometry_loading,Batch_2,rxax5ozo,-0.006806896355165487,0.009962835311888189,-0.5029676574942847,25
phase_usable,bright_pore_crosscorr_xy_contrast_256px,existing_geometry_loading,Batch_3,0grcilhi,-0.012007676390312392,-0.0179029951892941,-0.5029676574942847,25
phase_usable,bright_pore_crosscorr_xy_contrast_256px,existing_geometry_loading,Batch_3,9luzk4jm,-0.011580727574472743,-0.0042525922162986625,-0.5029676574942847,25
phase_usable,bright_pore_crosscorr_xy_contrast_256px,existing_geometry_loading,Batch_3,cfe5vt7s,-0.0041536782425693934,0.018912236664478436,-0.5029676574942847,25
phase_usable,bright_pore_crosscorr_xy_contrast_256px,existing_geometry_loading,Batch_3,hawkfj64,-0.008434306922595879,0.0038014022084983,-0.5029676574942847,25
phase_usable,bright_pore_crosscorr_xy_contrast_256px,existing_geometry_loading,Batch_3,hzumfsms,-0.011390900927464111,0.016712449101689165,-0.5029676574942847,25
phase_usable,bright_pore_crosscorr_xy_contrast_256px,existing_geometry_loading,Batch_3,mgxahqnk,0.0038091017960507553,-0.003381219652223216,-0.5029676574942847,25
phase_usable,bright_pore_crosscorr_xy_contrast_256px,existing_geometry_loading,Batch_3,pl8uabbv,0.019996475210251094,-0.000979322114002913,-0.5029676574942847,25
phase_usable,bright_pore_crosscorr_xy_contrast_256px,existing_geometry_loading,Batch_3,ptg8lmto,-0.0008547394634584263,-0.017994390518493313,-0.5029676574942847,25
phase_usable,bright_pore_crosscorr_xy_contrast_256px,existing_geometry_loading,Batch_3,ufdvpb81,-0.005124749638780325,-0.005996267526217264,-0.5029676574942847,25
phase_usable,bright_pore_crosscorr_xy_contrast_256px,existing_geometry_loading,Batch_3,utfgcjfa,-0.008293722975054582,0.00782258973409447,-0.5029676574942847,25
phase_usable,bright_pore_crosscorr_xy_contrast_256px,existing_geometry_loading,Batch_3,vc2whyaq,0.026769179139865353,0.005940406983286961,-0.5029676574942847,25
phase_usable,bright_pore_crosscorr_xy_contrast_256px,existing_geometry_loading,Batch_3,x77cy643,0.007764212942143299,0.004576912721598056,-0.5029676574942847,25
phase_usable,bright_pore_crosscorr_xy_contrast_256px,existing_geometry_loading,Batch_3,xgj4xftb,0.00472633448105418,0.009510116187907642,-0.5029676574942847,25
quality_matched,bright_pore_crosscorr_xy_contrast_256px,acquisition,Batch_1,f1vzngrs,0.01632302620194396,0.005668049920565342,-0.24223719574894242,25
quality_matched,bright_pore_crosscorr_xy_contrast_256px,acquisition,Batch_1,ffwubibz,0.006089292112666002,0.0026802534021164014,-0.24223719574894242,25
quality_matched,bright_pore_crosscorr_xy_contrast_256px,acquisition,Batch_1,fzrt2k6r,0.010204255074252322,0.009898862469250955,-0.24223719574894242,25
quality_matched,bright_pore_crosscorr_xy_contrast_256px,acquisition,Batch_1,iv6g2oq0,0.02819706157719911,0.0122770404855013,-0.24223719574894242,25
quality_matched,bright_pore_crosscorr_xy_contrast_256px,acquisition,Batch_1,uhdslk0o,0.014788845949819319,0.016395996020381578,-0.24223719574894242,25
quality_matched,bright_pore_crosscorr_xy_contrast_256px,acquisition,Batch_2,3806gxp0,0.022365389920774865,0.0017938323963214069,-0.24223719574894242,25
quality_matched,bright_pore_crosscorr_xy_contrast_256px,acquisition,Batch_2,avn74qx1,0.004243833686206464,0.0028541955126234813,-0.24223719574894242,25
quality_matched,bright_pore_crosscorr_xy_contrast_256px,acquisition,Batch_2,b3esycq1,0.02216346557620095,0.008220634218506342,-0.24223719574894242,25
quality_matched,bright_pore_crosscorr_xy_contrast_256px,acquisition,Batch_2,epqdaau9,-0.0009569231589602761,0.02498994187904199,-0.24223719574894242,25
quality_matched,bright_pore_crosscorr_xy_contrast_256px,acquisition,Batch_2,i9jiqjwl,-0.02237090399498306,0.00811779321162982,-0.24223719574894242,25
quality_matched,bright_pore_crosscorr_xy_contrast_256px,acquisition,Batch_2,r17byphk,0.004706388256271579,0.003433823169719999,-0.24223719574894242,25
quality_matched,bright_pore_crosscorr_xy_contrast_256px,acquisition,Batch_2,rxax5ozo,-0.006806896355165487,0.0013498352889679188,-0.24223719574894242,25
quality_matched,bright_pore_crosscorr_xy_contrast_256px,acquisition,Batch_3,0grcilhi,-0.012007676390312392,0.012790433638065356,-0.24223719574894242,25
quality_matched,bright_pore_crosscorr_xy_contrast_256px,acquisition,Batch_3,9luzk4jm,-0.011580727574472743,-0.00850415455539422,-0.24223719574894242,25
quality_matched,bright_pore_crosscorr_xy_contrast_256px,acquisition,Batch_3,cfe5vt7s,-0.0041536782425693934,0.010234353803131924,-0.24223719574894242,25
quality_matched,bright_pore_crosscorr_xy_contrast_256px,acquisition,Batch_3,hawkfj64,-0.008434306922595879,-0.002998294824794045,-0.24223719574894242,25
quality_matched,bright_pore_crosscorr_xy_contrast_256px,acquisition,Batch_3,hzumfsms,-0.011390900927464111,-0.0016286622620149639,-0.24223719574894242,25
quality_matched,bright_pore_crosscorr_xy_contrast_256px,acquisition,Batch_3,mgxahqnk,0.0038091017960507553,0.0034555626118166166,-0.24223719574894242,25
quality_matched,bright_pore_crosscorr_xy_contrast_256px,acquisition,Batch_3,pl8uabbv,0.019996475210251094,-0.004597255559069754,-0.24223719574894242,25
quality_matched,bright_pore_crosscorr_xy_contrast_256px,acquisition,Batch_3,ptg8lmto,-0.0008547394634584263,0.010207702472306929,-0.24223719574894242,25
quality_matched,bright_pore_crosscorr_xy_contrast_256px,acquisition,Batch_3,ufdvpb81,-0.005124749638780325,0.0011134456755326257,-0.24223719574894242,25
quality_matched,bright_pore_crosscorr_xy_contrast_256px,acquisition,Batch_3,utfgcjfa,-0.008293722975054582,0.0022752385384194203,-0.24223719574894242,25
quality_matched,bright_pore_crosscorr_xy_contrast_256px,acquisition,Batch_3,vc2whyaq,0.026769179139865353,-0.0006583931577300193,-0.24223719574894242,25
quality_matched,bright_pore_crosscorr_xy_contrast_256px,acquisition,Batch_3,x77cy643,0.007764212942143299,0.001474140182288999,-0.24223719574894242,25
quality_matched,bright_pore_crosscorr_xy_contrast_256px,acquisition,Batch_3,xgj4xftb,0.00472633448105418,-0.008480081754785887,-0.24223719574894242,25
quality_matched,bright_pore_crosscorr_xy_contrast_256px,existing_geometry_loading,Batch_1,f1vzngrs,0.01632302620194396,0.012518956812221451,-0.5029676574942847,25
quality_matched,bright_pore_crosscorr_xy_contrast_256px,existing_geometry_loading,Batch_1,ffwubibz,0.006089292112666002,0.004193011088036601,-0.5029676574942847,25
quality_matched,bright_pore_crosscorr_xy_contrast_256px,existing_geometry_loading,Batch_1,fzrt2k6r,0.010204255074252322,0.01347216711366135,-0.5029676574942847,25
quality_matched,bright_pore_crosscorr_xy_contrast_256px,existing_geometry_loading,Batch_1,iv6g2oq0,0.02819706157719911,-0.0022799912268514594,-0.5029676574942847,25
quality_matched,bright_pore_crosscorr_xy_contrast_256px,existing_geometry_loading,Batch_1,uhdslk0o,0.014788845949819319,0.01901169861125761,-0.5029676574942847,25
quality_matched,bright_pore_crosscorr_xy_contrast_256px,existing_geometry_loading,Batch_2,3806gxp0,0.022365389920774865,0.002079847114680993,-0.5029676574942847,25
quality_matched,bright_pore_crosscorr_xy_contrast_256px,existing_geometry_loading,Batch_2,avn74qx1,0.004243833686206464,0.0018886828425725886,-0.5029676574942847,25
quality_matched,bright_pore_crosscorr_xy_contrast_256px,existing_geometry_loading,Batch_2,b3esycq1,0.02216346557620095,0.008946842656022573,-0.5029676574942847,25
quality_matched,bright_pore_crosscorr_xy_contrast_256px,existing_geometry_loading,Batch_2,epqdaau9,-0.0009569231589602761,0.00961537090475771,-0.5029676574942847,25
quality_matched,bright_pore_crosscorr_xy_contrast_256px,existing_geometry_loading,Batch_2,i9jiqjwl,-0.02237090399498306,0.013195729284251596,-0.5029676574942847,25
quality_matched,bright_pore_crosscorr_xy_contrast_256px,existing_geometry_loading,Batch_2,r17byphk,0.004706388256271579,-0.013261060231189531,-0.5029676574942847,25
quality_matched,bright_pore_crosscorr_xy_contrast_256px,existing_geometry_loading,Batch_2,rxax5ozo,-0.006806896355165487,0.009962835311888189,-0.5029676574942847,25
quality_matched,bright_pore_crosscorr_xy_contrast_256px,existing_geometry_loading,Batch_3,0grcilhi,-0.012007676390312392,-0.0179029951892941,-0.5029676574942847,25
quality_matched,bright_pore_crosscorr_xy_contrast_256px,existing_geometry_loading,Batch_3,9luzk4jm,-0.011580727574472743,-0.0042525922162986625,-0.5029676574942847,25
quality_matched,bright_pore_crosscorr_xy_contrast_256px,existing_geometry_loading,Batch_3,cfe5vt7s,-0.0041536782425693934,0.018912236664478436,-0.5029676574942847,25
quality_matched,bright_pore_crosscorr_xy_contrast_256px,existing_geometry_loading,Batch_3,hawkfj64,-0.008434306922595879,0.0038014022084983,-0.5029676574942847,25
quality_matched,bright_pore_crosscorr_xy_contrast_256px,existing_geometry_loading,Batch_3,hzumfsms,-0.011390900927464111,0.016712449101689165,-0.5029676574942847,25
quality_matched,bright_pore_crosscorr_xy_contrast_256px,existing_geometry_loading,Batch_3,mgxahqnk,0.0038091017960507553,-0.003381219652223216,-0.5029676574942847,25
quality_matched,bright_pore_crosscorr_xy_contrast_256px,existing_geometry_loading,Batch_3,pl8uabbv,0.019996475210251094,-0.000979322114002913,-0.5029676574942847,25
quality_matched,bright_pore_crosscorr_xy_contrast_256px,existing_geometry_loading,Batch_3,ptg8lmto,-0.0008547394634584263,-0.017994390518493313,-0.5029676574942847,25
quality_matched,bright_pore_crosscorr_xy_contrast_256px,existing_geometry_loading,Batch_3,ufdvpb81,-0.005124749638780325,-0.005996267526217264,-0.5029676574942847,25
quality_matched,bright_pore_crosscorr_xy_contrast_256px,existing_geometry_loading,Batch_3,utfgcjfa,-0.008293722975054582,0.00782258973409447,-0.5029676574942847,25
quality_matched,bright_pore_crosscorr_xy_contrast_256px,existing_geometry_loading,Batch_3,vc2whyaq,0.026769179139865353,0.005940406983286961,-0.5029676574942847,25
quality_matched,bright_pore_crosscorr_xy_contrast_256px,existing_geometry_loading,Batch_3,x77cy643,0.007764212942143299,0.004576912721598056,-0.5029676574942847,25
quality_matched,bright_pore_crosscorr_xy_contrast_256px,existing_geometry_loading,Batch_3,xgj4xftb,0.00472633448105418,0.009510116187907642,-0.5029676574942847,25
