view,kpi,group,control,covariate,n_sites,rho
phase_usable,bright_aspect_count_iqr,pooled,acquisition,bright_sep,29,-0.20079286733099605
phase_usable,bright_aspect_count_iqr,pooled,acquisition,bse_p1,29,-0.0824777532261702
phase_usable,bright_aspect_count_iqr,pooled,acquisition,bse_std,29,0.11871921182266006
phase_usable,bright_aspect_count_iqr,pooled,acquisition,bse_empty_bin_frac,29,-0.03600940543356161
phase_usable,bright_aspect_count_iqr,pooled,acquisition,etd_boundary_sharpness,29,0.20788177339901473
phase_usable,bright_aspect_count_iqr,pooled,acquisition,H,29,0.14077329097091887
phase_usable,bright_aspect_count_iqr,Batch_1,acquisition,bright_sep,5,0.10259783520851541
phase_usable,bright_aspect_count_iqr,Batch_1,acquisition,bse_p1,5,
phase_usable,bright_aspect_count_iqr,Batch_1,acquisition,bse_std,5,0.39999999999999997
phase_usable,bright_aspect_count_iqr,Batch_1,acquisition,bse_empty_bin_frac,5,0.09999999999999999
phase_usable,bright_aspect_count_iqr,Batch_1,acquisition,etd_boundary_sharpness,5,0.09999999999999999
phase_usable,bright_aspect_count_iqr,Batch_1,acquisition,H,5,0.09999999999999999
phase_usable,bright_aspect_count_iqr,Batch_2,acquisition,bright_sep,7,-0.4642857142857144
phase_usable,bright_aspect_count_iqr,Batch_2,acquisition,bse_p1,7,
phase_usable,bright_aspect_count_iqr,Batch_2,acquisition,bse_std,7,-0.3214285714285715
phase_usable,bright_aspect_count_iqr,Batch_2,acquisition,bse_empty_bin_frac,7,0.5357142857142858
phase_usable,bright_aspect_count_iqr,Batch_2,acquisition,etd_boundary_sharpness,7,0.07142857142857144
phase_usable,bright_aspect_count_iqr,Batch_2,acquisition,H,7,0.594618725379069
phase_usable,bright_aspect_count_iqr,Batch_3,acquisition,bright_sep,17,-0.3564531154716028
phase_usable,bright_aspect_count_iqr,Batch_3,acquisition,bse_p1,17,0.25798043129275
phase_usable,bright_aspect_count_iqr,Batch_3,acquisition,bse_std,17,-0.2132352941176471
phase_usable,bright_aspect_count_iqr,Batch_3,acquisition,bse_empty_bin_frac,17,-0.1924782133731249
phase_usable,bright_aspect_count_iqr,Batch_3,acquisition,etd_boundary_sharpness,17,0.16176470588235298
phase_usable,bright_aspect_count_iqr,Batch_3,acquisition,H,17,0.04102345811144771
phase_usable,bright_aspect_count_iqr,pooled,existing_geometry_loading,bright_frac,29,0.3798029556650246
phase_usable,bright_aspect_count_iqr,pooled,existing_geometry_loading,pore_frac,29,-0.1532019704433497
phase_usable,bright_aspect_count_iqr,pooled,existing_geometry_loading,bright_d50,29,0.28128078817733987
phase_usable,bright_aspect_count_iqr,pooled,existing_geometry_loading,bright_circ,29,-0.31871921182266
phase_usable,bright_aspect_count_iqr,pooled,existing_geometry_loading,bright_solidity,29,-0.2635467980295566
phase_usable,bright_aspect_count_iqr,pooled,existing_geometry_loading,bright_aspect_aw,29,0.09507389162561573
phase_usable,bright_aspect_count_iqr,pooled,existing_geometry_loading,bright_nn_mean_px,29,-0.4266009852216748
phase_usable,bright_aspect_count_iqr,pooled,existing_geometry_loading,local_bright_std_512px,29,0.07192118226600984
phase_usable,bright_aspect_count_iqr,pooled,existing_geometry_loading,graph_edge_axial_strength,29,0.11576354679802954
phase_usable,bright_aspect_count_iqr,pooled,existing_geometry_loading,graph_node_density_per_mpx,29,0.5392289731750023
phase_usable,bright_aspect_count_iqr,Batch_1,existing_geometry_loading,bright_frac,5,0.8999999999999998
phase_usable,bright_aspect_count_iqr,Batch_1,existing_geometry_loading,pore_frac,5,-0.19999999999999998
phase_usable,bright_aspect_count_iqr,Batch_1,existing_geometry_loading,bright_d50,5,0.7
phase_usable,bright_aspect_count_iqr,Batch_1,existing_geometry_loading,bright_circ,5,-0.7
phase_usable,bright_aspect_count_iqr,Batch_1,existing_geometry_loading,bright_solidity,5,-0.3
phase_usable,bright_aspect_count_iqr,Batch_1,existing_geometry_loading,bright_aspect_aw,5,0.3
phase_usable,bright_aspect_count_iqr,Batch_1,existing_geometry_loading,bright_nn_mean_px,5,-0.8999999999999998
phase_usable,bright_aspect_count_iqr,Batch_1,existing_geometry_loading,local_bright_std_512px,5,0.8999999999999998
phase_usable,bright_aspect_count_iqr,Batch_1,existing_geometry_loading,graph_edge_axial_strength,5,-0.49999999999999994
phase_usable,bright_aspect_count_iqr,Batch_1,existing_geometry_loading,graph_node_density_per_mpx,5,0.9999999999999999
phase_usable,bright_aspect_count_iqr,Batch_2,existing_geometry_loading,bright_frac,7,0.1785714285714286
phase_usable,bright_aspect_count_iqr,Batch_2,existing_geometry_loading,pore_frac,7,0.7857142857142859
phase_usable,bright_aspect_count_iqr,Batch_2,existing_geometry_loading,bright_d50,7,-0.28571428571428575
phase_usable,bright_aspect_count_iqr,Batch_2,existing_geometry_loading,bright_circ,7,-0.8214285714285715
phase_usable,bright_aspect_count_iqr,Batch_2,existing_geometry_loading,bright_solidity,7,-0.39285714285714296
phase_usable,bright_aspect_count_iqr,Batch_2,existing_geometry_loading,bright_aspect_aw,7,0.5
phase_usable,bright_aspect_count_iqr,Batch_2,existing_geometry_loading,bright_nn_mean_px,7,-0.5714285714285715
phase_usable,bright_aspect_count_iqr,Batch_2,existing_geometry_loading,local_bright_std_512px,7,-0.03571428571428572
phase_usable,bright_aspect_count_iqr,Batch_2,existing_geometry_loading,graph_edge_axial_strength,7,0.6071428571428572
phase_usable,bright_aspect_count_iqr,Batch_2,existing_geometry_loading,graph_node_density_per_mpx,7,0.5357142857142858
phase_usable,bright_aspect_count_iqr,Batch_3,existing_geometry_loading,bright_frac,17,0.2303921568627451
phase_usable,bright_aspect_count_iqr,Batch_3,existing_geometry_loading,pore_frac,17,-0.3308823529411765
phase_usable,bright_aspect_count_iqr,Batch_3,existing_geometry_loading,bright_d50,17,0.21078431372549022
phase_usable,bright_aspect_count_iqr,Batch_3,existing_geometry_loading,bright_circ,17,0.019607843137254905
phase_usable,bright_aspect_count_iqr,Batch_3,existing_geometry_loading,bright_solidity,17,-0.25980392156862747
phase_usable,bright_aspect_count_iqr,Batch_3,existing_geometry_loading,bright_aspect_aw,17,-0.34558823529411764
phase_usable,bright_aspect_count_iqr,Batch_3,existing_geometry_loading,bright_nn_mean_px,17,-0.27941176470588236
phase_usable,bright_aspect_count_iqr,Batch_3,existing_geometry_loading,local_bright_std_512px,17,0.10784313725490197
phase_usable,bright_aspect_count_iqr,Batch_3,existing_geometry_loading,graph_edge_axial_strength,17,0.019607843137254905
phase_usable,bright_aspect_count_iqr,Batch_3,existing_geometry_loading,graph_node_density_per_mpx,17,0.43531583902551013
quality_matched,bright_aspect_count_iqr,pooled,acquisition,bright_sep,25,-0.2374358074323138
quality_matched,bright_aspect_count_iqr,pooled,acquisition,bse_p1,25,-0.16697132605893866
quality_matched,bright_aspect_count_iqr,pooled,acquisition,bse_std,25,0.18384615384615385
quality_matched,bright_aspect_count_iqr,pooled,acquisition,bse_empty_bin_frac,25,-0.020773226004579686
quality_matched,bright_aspect_count_iqr,pooled,acquisition,etd_boundary_sharpness,25,0.27999999999999997
quality_matched,bright_aspect_count_iqr,pooled,acquisition,H,25,0.1523018843123575
quality_matched,bright_aspect_count_iqr,Batch_1,acquisition,bright_sep,5,0.10259783520851541
quality_matched,bright_aspect_count_iqr,Batch_1,acquisition,bse_p1,5,
quality_matched,bright_aspect_count_iqr,Batch_1,acquisition,bse_std,5,0.39999999999999997
quality_matched,bright_aspect_count_iqr,Batch_1,acquisition,bse_empty_bin_frac,5,0.09999999999999999
quality_matched,bright_aspect_count_iqr,Batch_1,acquisition,etd_boundary_sharpness,5,0.09999999999999999
quality_matched,bright_aspect_count_iqr,Batch_1,acquisition,H,5,0.09999999999999999
quality_matched,bright_aspect_count_iqr,Batch_2,acquisition,bright_sep,7,-0.4642857142857144
quality_matched,bright_aspect_count_iqr,Batch_2,acquisition,bse_p1,7,
quality_matched,bright_aspect_count_iqr,Batch_2,acquisition,bse_std,7,-0.3214285714285715
quality_matched,bright_aspect_count_iqr,Batch_2,acquisition,bse_empty_bin_frac,7,0.5357142857142858
quality_matched,bright_aspect_count_iqr,Batch_2,acquisition,etd_boundary_sharpness,7,0.07142857142857144
quality_matched,bright_aspect_count_iqr,Batch_2,acquisition,H,7,0.594618725379069
quality_matched,bright_aspect_count_iqr,Batch_3,acquisition,bright_sep,13,-0.2849562246206423
quality_matched,bright_aspect_count_iqr,Batch_3,acquisition,bse_p1,13,0.13399506878104522
quality_matched,bright_aspect_count_iqr,Batch_3,acquisition,bse_std,13,-0.14835164835164835
quality_matched,bright_aspect_count_iqr,Batch_3,acquisition,bse_empty_bin_frac,13,-0.05502068478807294
quality_matched,bright_aspect_count_iqr,Batch_3,acquisition,etd_boundary_sharpness,13,0.40659340659340654
quality_matched,bright_aspect_count_iqr,Batch_3,acquisition,H,13,0.06434630096702339
quality_matched,bright_aspect_count_iqr,Batch_3_ordinary,acquisition,bright_sep,10,-0.13756718788575892
quality_matched,bright_aspect_count_iqr,Batch_3_ordinary,acquisition,bse_p1,10,0.0
quality_matched,bright_aspect_count_iqr,Batch_3_ordinary,acquisition,bse_std,10,0.13939393939393938
quality_matched,bright_aspect_count_iqr,Batch_3_ordinary,acquisition,bse_empty_bin_frac,10,0.01823716631040194
quality_matched,bright_aspect_count_iqr,Batch_3_ordinary,acquisition,etd_boundary_sharpness,10,0.23636363636363633
quality_matched,bright_aspect_count_iqr,Batch_3_ordinary,acquisition,H,10,-0.12347796442943935
quality_matched,bright_aspect_count_iqr,pooled,existing_geometry_loading,bright_frac,25,0.39999999999999997
quality_matched,bright_aspect_count_iqr,pooled,existing_geometry_loading,pore_frac,25,-0.11923076923076922
quality_matched,bright_aspect_count_iqr,pooled,existing_geometry_loading,bright_d50,25,0.34153846153846157
quality_matched,bright_aspect_count_iqr,pooled,existing_geometry_loading,bright_circ,25,-0.3830769230769231
quality_matched,bright_aspect_count_iqr,pooled,existing_geometry_loading,bright_solidity,25,-0.28769230769230764
quality_matched,bright_aspect_count_iqr,pooled,existing_geometry_loading,bright_aspect_aw,25,0.18307692307692305
quality_matched,bright_aspect_count_iqr,pooled,existing_geometry_loading,bright_nn_mean_px,25,-0.3876923076923077
quality_matched,bright_aspect_count_iqr,pooled,existing_geometry_loading,local_bright_std_512px,25,0.12846153846153846
quality_matched,bright_aspect_count_iqr,pooled,existing_geometry_loading,graph_edge_axial_strength,25,0.13076923076923078
quality_matched,bright_aspect_count_iqr,pooled,existing_geometry_loading,graph_node_density_per_mpx,25,0.5507692307692308
quality_matched,bright_aspect_count_iqr,Batch_1,existing_geometry_loading,bright_frac,5,0.8999999999999998
quality_matched,bright_aspect_count_iqr,Batch_1,existing_geometry_loading,pore_frac,5,-0.19999999999999998
quality_matched,bright_aspect_count_iqr,Batch_1,existing_geometry_loading,bright_d50,5,0.7
quality_matched,bright_aspect_count_iqr,Batch_1,existing_geometry_loading,bright_circ,5,-0.7
quality_matched,bright_aspect_count_iqr,Batch_1,existing_geometry_loading,bright_solidity,5,-0.3
quality_matched,bright_aspect_count_iqr,Batch_1,existing_geometry_loading,bright_aspect_aw,5,0.3
quality_matched,bright_aspect_count_iqr,Batch_1,existing_geometry_loading,bright_nn_mean_px,5,-0.8999999999999998
quality_matched,bright_aspect_count_iqr,Batch_1,existing_geometry_loading,local_bright_std_512px,5,0.8999999999999998
quality_matched,bright_aspect_count_iqr,Batch_1,existing_geometry_loading,graph_edge_axial_strength,5,-0.49999999999999994
quality_matched,bright_aspect_count_iqr,Batch_1,existing_geometry_loading,graph_node_density_per_mpx,5,0.9999999999999999
quality_matched,bright_aspect_count_iqr,Batch_2,existing_geometry_loading,bright_frac,7,0.1785714285714286
quality_matched,bright_aspect_count_iqr,Batch_2,existing_geometry_loading,pore_frac,7,0.7857142857142859
quality_matched,bright_aspect_count_iqr,Batch_2,existing_geometry_loading,bright_d50,7,-0.28571428571428575
quality_matched,bright_aspect_count_iqr,Batch_2,existing_geometry_loading,bright_circ,7,-0.8214285714285715
quality_matched,bright_aspect_count_iqr,Batch_2,existing_geometry_loading,bright_solidity,7,-0.39285714285714296
quality_matched,bright_aspect_count_iqr,Batch_2,existing_geometry_loading,bright_aspect_aw,7,0.5
quality_matched,bright_aspect_count_iqr,Batch_2,existing_geometry_loading,bright_nn_mean_px,7,-0.5714285714285715
quality_matched,bright_aspect_count_iqr,Batch_2,existing_geometry_loading,local_bright_std_512px,7,-0.03571428571428572
quality_matched,bright_aspect_count_iqr,Batch_2,existing_geometry_loading,graph_edge_axial_strength,7,0.6071428571428572
quality_matched,bright_aspect_count_iqr,Batch_2,existing_geometry_loading,graph_node_density_per_mpx,7,0.5357142857142858
quality_matched,bright_aspect_count_iqr,Batch_3,existing_geometry_loading,bright_frac,13,0.2087912087912088
quality_matched,bright_aspect_count_iqr,Batch_3,existing_geometry_loading,pore_frac,13,-0.18131868131868134
quality_matched,bright_aspect_count_iqr,Batch_3,existing_geometry_loading,bright_d50,13,0.3736263736263736
quality_matched,bright_aspect_count_iqr,Batch_3,existing_geometry_loading,bright_circ,13,0.03296703296703297
quality_matched,bright_aspect_count_iqr,Batch_3,existing_geometry_loading,bright_solidity,13,-0.12087912087912088
quality_matched,bright_aspect_count_iqr,Batch_3,existing_geometry_loading,bright_aspect_aw,13,-0.25274725274725274
quality_matched,bright_aspect_count_iqr,Batch_3,existing_geometry_loading,bright_nn_mean_px,13,0.0879120879120879
quality_matched,bright_aspect_count_iqr,Batch_3,existing_geometry_loading,local_bright_std_512px,13,0.2967032967032967
quality_matched,bright_aspect_count_iqr,Batch_3,existing_geometry_loading,graph_edge_axial_strength,13,0.08241758241758242
quality_matched,bright_aspect_count_iqr,Batch_3,existing_geometry_loading,graph_node_density_per_mpx,13,0.2802197802197803
quality_matched,bright_aspect_count_iqr,Batch_3_ordinary,existing_geometry_loading,bright_frac,10,0.28484848484848485
quality_matched,bright_aspect_count_iqr,Batch_3_ordinary,existing_geometry_loading,pore_frac,10,-0.3939393939393939
quality_matched,bright_aspect_count_iqr,Batch_3_ordinary,existing_geometry_loading,bright_d50,10,0.4545454545454545
quality_matched,bright_aspect_count_iqr,Batch_3_ordinary,existing_geometry_loading,bright_circ,10,0.05454545454545454
quality_matched,bright_aspect_count_iqr,Batch_3_ordinary,existing_geometry_loading,bright_solidity,10,-0.05454545454545454
quality_matched,bright_aspect_count_iqr,Batch_3_ordinary,existing_geometry_loading,bright_aspect_aw,10,-0.10303030303030303
quality_matched,bright_aspect_count_iqr,Batch_3_ordinary,existing_geometry_loading,bright_nn_mean_px,10,0.18787878787878787
quality_matched,bright_aspect_count_iqr,Batch_3_ordinary,existing_geometry_loading,local_bright_std_512px,10,0.5030303030303029
quality_matched,bright_aspect_count_iqr,Batch_3_ordinary,existing_geometry_loading,graph_edge_axial_strength,10,-0.29696969696969694
quality_matched,bright_aspect_count_iqr,Batch_3_ordinary,existing_geometry_loading,graph_node_density_per_mpx,10,0.12727272727272726
phase_usable,bright_solidity_count_q10,pooled,acquisition,bright_sep,29,0.45524589748320654
phase_usable,bright_solidity_count_q10,pooled,acquisition,bse_p1,29,0.07944345461249837
phase_usable,bright_solidity_count_q10,pooled,acquisition,bse_std,29,-0.08423645320197042
phase_usable,bright_solidity_count_q10,pooled,acquisition,bse_empty_bin_frac,29,0.2542855959041234
phase_usable,bright_solidity_count_q10,pooled,acquisition,etd_boundary_sharpness,29,-0.17980295566502458
phase_usable,bright_solidity_count_q10,pooled,acquisition,H,29,-0.3312749325308618
phase_usable,bright_solidity_count_q10,Batch_1,acquisition,bright_sep,5,-0.41039134083406165
phase_usable,bright_solidity_count_q10,Batch_1,acquisition,bse_p1,5,
phase_usable,bright_solidity_count_q10,Batch_1,acquisition,bse_std,5,-0.7
phase_usable,bright_solidity_count_q10,Batch_1,acquisition,bse_empty_bin_frac,5,-0.3
phase_usable,bright_solidity_count_q10,Batch_1,acquisition,etd_boundary_sharpness,5,-0.19999999999999998
phase_usable,bright_solidity_count_q10,Batch_1,acquisition,H,5,0.3
phase_usable,bright_solidity_count_q10,Batch_2,acquisition,bright_sep,7,0.5714285714285715
phase_usable,bright_solidity_count_q10,Batch_2,acquisition,bse_p1,7,
phase_usable,bright_solidity_count_q10,Batch_2,acquisition,bse_std,7,-0.1785714285714286
phase_usable,bright_solidity_count_q10,Batch_2,acquisition,bse_empty_bin_frac,7,-0.5357142857142858
phase_usable,bright_solidity_count_q10,Batch_2,acquisition,etd_boundary_sharpness,7,0.1785714285714286
phase_usable,bright_solidity_count_q10,Batch_2,acquisition,H,7,-0.8829187134416479
phase_usable,bright_solidity_count_q10,Batch_3,acquisition,bright_sep,17,0.6250306365040257
phase_usable,bright_solidity_count_q10,Batch_3,acquisition,bse_p1,17,-0.32652595651546135
phase_usable,bright_solidity_count_q10,Batch_3,acquisition,bse_std,17,0.44852941176470595
phase_usable,bright_solidity_count_q10,Batch_3,acquisition,bse_empty_bin_frac,17,0.54905644199385
phase_usable,bright_solidity_count_q10,Batch_3,acquisition,etd_boundary_sharpness,17,-0.25000000000000006
phase_usable,bright_solidity_count_q10,Batch_3,acquisition,H,17,-0.20760356074581116
phase_usable,bright_solidity_count_q10,pooled,existing_geometry_loading,bright_frac,29,-0.37339901477832504
phase_usable,bright_solidity_count_q10,pooled,existing_geometry_loading,pore_frac,29,0.27192118226600975
phase_usable,bright_solidity_count_q10,pooled,existing_geometry_loading,bright_d50,29,-0.17290640394088666
phase_usable,bright_solidity_count_q10,pooled,existing_geometry_loading,bright_circ,29,0.5743842364532018
phase_usable,bright_solidity_count_q10,pooled,existing_geometry_loading,bright_solidity,29,0.7399014778325121
phase_usable,bright_solidity_count_q10,pooled,existing_geometry_loading,bright_aspect_aw,29,-0.22955665024630537
phase_usable,bright_solidity_count_q10,pooled,existing_geometry_loading,bright_nn_mean_px,29,0.6172413793103447
phase_usable,bright_solidity_count_q10,pooled,existing_geometry_loading,local_bright_std_512px,29,0.029556650246305414
phase_usable,bright_solidity_count_q10,pooled,existing_geometry_loading,graph_edge_axial_strength,29,0.06403940886699507
phase_usable,bright_solidity_count_q10,pooled,existing_geometry_loading,graph_node_density_per_mpx,29,-0.8806503330747525
phase_usable,bright_solidity_count_q10,Batch_1,existing_geometry_loading,bright_frac,5,-0.7999999999999999
phase_usable,bright_solidity_count_q10,Batch_1,existing_geometry_loading,pore_frac,5,0.09999999999999999
phase_usable,bright_solidity_count_q10,Batch_1,existing_geometry_loading,bright_d50,5,-0.8999999999999998
phase_usable,bright_solidity_count_q10,Batch_1,existing_geometry_loading,bright_circ,5,0.39999999999999997
phase_usable,bright_solidity_count_q10,Batch_1,existing_geometry_loading,bright_solidity,5,0.39999999999999997
phase_usable,bright_solidity_count_q10,Batch_1,existing_geometry_loading,bright_aspect_aw,5,0.09999999999999999
phase_usable,bright_solidity_count_q10,Batch_1,existing_geometry_loading,bright_nn_mean_px,5,0.7999999999999999
phase_usable,bright_solidity_count_q10,Batch_1,existing_geometry_loading,local_bright_std_512px,5,-0.7999999999999999
phase_usable,bright_solidity_count_q10,Batch_1,existing_geometry_loading,graph_edge_axial_strength,5,0.19999999999999998
phase_usable,bright_solidity_count_q10,Batch_1,existing_geometry_loading,graph_node_density_per_mpx,5,-0.8999999999999998
phase_usable,bright_solidity_count_q10,Batch_2,existing_geometry_loading,bright_frac,7,-0.5
phase_usable,bright_solidity_count_q10,Batch_2,existing_geometry_loading,pore_frac,7,-0.6071428571428572
phase_usable,bright_solidity_count_q10,Batch_2,existing_geometry_loading,bright_d50,7,0.03571428571428572
phase_usable,bright_solidity_count_q10,Batch_2,existing_geometry_loading,bright_circ,7,0.9285714285714288
phase_usable,bright_solidity_count_q10,Batch_2,existing_geometry_loading,bright_solidity,7,0.7857142857142859
phase_usable,bright_solidity_count_q10,Batch_2,existing_geometry_loading,bright_aspect_aw,7,-0.6071428571428572
phase_usable,bright_solidity_count_q10,Batch_2,existing_geometry_loading,bright_nn_mean_px,7,0.8214285714285715
phase_usable,bright_solidity_count_q10,Batch_2,existing_geometry_loading,local_bright_std_512px,7,-0.1785714285714286
phase_usable,bright_solidity_count_q10,Batch_2,existing_geometry_loading,graph_edge_axial_strength,7,-0.42857142857142866
phase_usable,bright_solidity_count_q10,Batch_2,existing_geometry_loading,graph_node_density_per_mpx,7,-0.8571428571428573
phase_usable,bright_solidity_count_q10,Batch_3,existing_geometry_loading,bright_frac,17,-0.11764705882352941
phase_usable,bright_solidity_count_q10,Batch_3,existing_geometry_loading,pore_frac,17,0.4387254901960785
phase_usable,bright_solidity_count_q10,Batch_3,existing_geometry_loading,bright_d50,17,0.10784313725490197
phase_usable,bright_solidity_count_q10,Batch_3,existing_geometry_loading,bright_circ,17,0.5539215686274511
phase_usable,bright_solidity_count_q10,Batch_3,existing_geometry_loading,bright_solidity,17,0.8333333333333335
phase_usable,bright_solidity_count_q10,Batch_3,existing_geometry_loading,bright_aspect_aw,17,0.02696078431372549
phase_usable,bright_solidity_count_q10,Batch_3,existing_geometry_loading,bright_nn_mean_px,17,0.37500000000000006
phase_usable,bright_solidity_count_q10,Batch_3,existing_geometry_loading,local_bright_std_512px,17,0.16666666666666669
phase_usable,bright_solidity_count_q10,Batch_3,existing_geometry_loading,graph_edge_axial_strength,17,0.22549019607843138
phase_usable,bright_solidity_count_q10,Batch_3,existing_geometry_loading,graph_node_density_per_mpx,17,-0.8608217436504453
quality_matched,bright_solidity_count_q10,pooled,acquisition,bright_sep,25,0.3039487697749164
quality_matched,bright_solidity_count_q10,pooled,acquisition,bse_p1,25,0.5157972161542145
quality_matched,bright_solidity_count_q10,pooled,acquisition,bse_std,25,-0.4323076923076923
quality_matched,bright_solidity_count_q10,pooled,acquisition,bse_empty_bin_frac,25,0.03462204334096614
quality_matched,bright_solidity_count_q10,pooled,acquisition,etd_boundary_sharpness,25,-0.3376923076923077
quality_matched,bright_solidity_count_q10,pooled,acquisition,H,25,-0.4495611458255629
quality_matched,bright_solidity_count_q10,Batch_1,acquisition,bright_sep,5,-0.41039134083406165
quality_matched,bright_solidity_count_q10,Batch_1,acquisition,bse_p1,5,
quality_matched,bright_solidity_count_q10,Batch_1,acquisition,bse_std,5,-0.7
quality_matched,bright_solidity_count_q10,Batch_1,acquisition,bse_empty_bin_frac,5,-0.3
quality_matched,bright_solidity_count_q10,Batch_1,acquisition,etd_boundary_sharpness,5,-0.19999999999999998
quality_matched,bright_solidity_count_q10,Batch_1,acquisition,H,5,0.3
quality_matched,bright_solidity_count_q10,Batch_2,acquisition,bright_sep,7,0.5714285714285715
quality_matched,bright_solidity_count_q10,Batch_2,acquisition,bse_p1,7,
quality_matched,bright_solidity_count_q10,Batch_2,acquisition,bse_std,7,-0.1785714285714286
quality_matched,bright_solidity_count_q10,Batch_2,acquisition,bse_empty_bin_frac,7,-0.5357142857142858
quality_matched,bright_solidity_count_q10,Batch_2,acquisition,etd_boundary_sharpness,7,0.1785714285714286
quality_matched,bright_solidity_count_q10,Batch_2,acquisition,H,7,-0.8829187134416479
quality_matched,bright_solidity_count_q10,Batch_3,acquisition,bright_sep,13,0.22628876661051006
quality_matched,bright_solidity_count_q10,Batch_3,acquisition,bse_p1,13,0.4162400008943107
quality_matched,bright_solidity_count_q10,Batch_3,acquisition,bse_std,13,-0.09890109890109891
quality_matched,bright_solidity_count_q10,Batch_3,acquisition,bse_empty_bin_frac,13,0.08253102718210943
quality_matched,bright_solidity_count_q10,Batch_3,acquisition,etd_boundary_sharpness,13,-0.5439560439560439
quality_matched,bright_solidity_count_q10,Batch_3,acquisition,H,13,-0.4364357804719847
quality_matched,bright_solidity_count_q10,Batch_3_ordinary,acquisition,bright_sep,10,0.3689301856936262
quality_matched,bright_solidity_count_q10,Batch_3_ordinary,acquisition,bse_p1,10,0.5212262154542572
quality_matched,bright_solidity_count_q10,Batch_3_ordinary,acquisition,bse_std,10,-0.16363636363636364
quality_matched,bright_solidity_count_q10,Batch_3_ordinary,acquisition,bse_empty_bin_frac,10,-0.6443798763008685
quality_matched,bright_solidity_count_q10,Batch_3_ordinary,acquisition,etd_boundary_sharpness,10,-0.5636363636363636
quality_matched,bright_solidity_count_q10,Batch_3_ordinary,acquisition,H,10,-0.6359115168116126
quality_matched,bright_solidity_count_q10,pooled,existing_geometry_loading,bright_frac,25,-0.3853846153846154
quality_matched,bright_solidity_count_q10,pooled,existing_geometry_loading,pore_frac,25,0.09230769230769231
quality_matched,bright_solidity_count_q10,pooled,existing_geometry_loading,bright_d50,25,-0.2953846153846154
quality_matched,bright_solidity_count_q10,pooled,existing_geometry_loading,bright_circ,25,0.5823076923076923
quality_matched,bright_solidity_count_q10,pooled,existing_geometry_loading,bright_solidity,25,0.7269230769230769
quality_matched,bright_solidity_count_q10,pooled,existing_geometry_loading,bright_aspect_aw,25,-0.2792307692307692
quality_matched,bright_solidity_count_q10,pooled,existing_geometry_loading,bright_nn_mean_px,25,0.5423076923076924
quality_matched,bright_solidity_count_q10,pooled,existing_geometry_loading,local_bright_std_512px,25,0.010769230769230769
quality_matched,bright_solidity_count_q10,pooled,existing_geometry_loading,graph_edge_axial_strength,25,0.052307692307692305
quality_matched,bright_solidity_count_q10,pooled,existing_geometry_loading,graph_node_density_per_mpx,25,-0.8623076923076922
quality_matched,bright_solidity_count_q10,Batch_1,existing_geometry_loading,bright_frac,5,-0.7999999999999999
quality_matched,bright_solidity_count_q10,Batch_1,existing_geometry_loading,pore_frac,5,0.09999999999999999
quality_matched,bright_solidity_count_q10,Batch_1,existing_geometry_loading,bright_d50,5,-0.8999999999999998
quality_matched,bright_solidity_count_q10,Batch_1,existing_geometry_loading,bright_circ,5,0.39999999999999997
quality_matched,bright_solidity_count_q10,Batch_1,existing_geometry_loading,bright_solidity,5,0.39999999999999997
quality_matched,bright_solidity_count_q10,Batch_1,existing_geometry_loading,bright_aspect_aw,5,0.09999999999999999
quality_matched,bright_solidity_count_q10,Batch_1,existing_geometry_loading,bright_nn_mean_px,5,0.7999999999999999
quality_matched,bright_solidity_count_q10,Batch_1,existing_geometry_loading,local_bright_std_512px,5,-0.7999999999999999
quality_matched,bright_solidity_count_q10,Batch_1,existing_geometry_loading,graph_edge_axial_strength,5,0.19999999999999998
quality_matched,bright_solidity_count_q10,Batch_1,existing_geometry_loading,graph_node_density_per_mpx,5,-0.8999999999999998
quality_matched,bright_solidity_count_q10,Batch_2,existing_geometry_loading,bright_frac,7,-0.5
quality_matched,bright_solidity_count_q10,Batch_2,existing_geometry_loading,pore_frac,7,-0.6071428571428572
quality_matched,bright_solidity_count_q10,Batch_2,existing_geometry_loading,bright_d50,7,0.03571428571428572
quality_matched,bright_solidity_count_q10,Batch_2,existing_geometry_loading,bright_circ,7,0.9285714285714288
quality_matched,bright_solidity_count_q10,Batch_2,existing_geometry_loading,bright_solidity,7,0.7857142857142859
quality_matched,bright_solidity_count_q10,Batch_2,existing_geometry_loading,bright_aspect_aw,7,-0.6071428571428572
quality_matched,bright_solidity_count_q10,Batch_2,existing_geometry_loading,bright_nn_mean_px,7,0.8214285714285715
quality_matched,bright_solidity_count_q10,Batch_2,existing_geometry_loading,local_bright_std_512px,7,-0.1785714285714286
quality_matched,bright_solidity_count_q10,Batch_2,existing_geometry_loading,graph_edge_axial_strength,7,-0.42857142857142866
quality_matched,bright_solidity_count_q10,Batch_2,existing_geometry_loading,graph_node_density_per_mpx,7,-0.8571428571428573
quality_matched,bright_solidity_count_q10,Batch_3,existing_geometry_loading,bright_frac,13,-0.049450549450549455
quality_matched,bright_solidity_count_q10,Batch_3,existing_geometry_loading,pore_frac,13,-0.0879120879120879
quality_matched,bright_solidity_count_q10,Batch_3,existing_geometry_loading,bright_d50,13,0.021978021978021976
quality_matched,bright_solidity_count_q10,Batch_3,existing_geometry_loading,bright_circ,13,0.46153846153846156
quality_matched,bright_solidity_count_q10,Batch_3,existing_geometry_loading,bright_solidity,13,0.7142857142857143
quality_matched,bright_solidity_count_q10,Batch_3,existing_geometry_loading,bright_aspect_aw,13,-0.03846153846153846
quality_matched,bright_solidity_count_q10,Batch_3,existing_geometry_loading,bright_nn_mean_px,13,-0.03846153846153846
quality_matched,bright_solidity_count_q10,Batch_3,existing_geometry_loading,local_bright_std_512px,13,0.09890109890109891
quality_matched,bright_solidity_count_q10,Batch_3,existing_geometry_loading,graph_edge_axial_strength,13,0.34065934065934067
quality_matched,bright_solidity_count_q10,Batch_3,existing_geometry_loading,graph_node_density_per_mpx,13,-0.7362637362637362
quality_matched,bright_solidity_count_q10,Batch_3_ordinary,existing_geometry_loading,bright_frac,10,0.0303030303030303
quality_matched,bright_solidity_count_q10,Batch_3_ordinary,existing_geometry_loading,pore_frac,10,-0.11515151515151514
quality_matched,bright_solidity_count_q10,Batch_3_ordinary,existing_geometry_loading,bright_d50,10,0.16363636363636364
quality_matched,bright_solidity_count_q10,Batch_3_ordinary,existing_geometry_loading,bright_circ,10,0.19999999999999998
quality_matched,bright_solidity_count_q10,Batch_3_ordinary,existing_geometry_loading,bright_solidity,10,0.5030303030303029
quality_matched,bright_solidity_count_q10,Batch_3_ordinary,existing_geometry_loading,bright_aspect_aw,10,-0.18787878787878787
quality_matched,bright_solidity_count_q10,Batch_3_ordinary,existing_geometry_loading,bright_nn_mean_px,10,0.2606060606060606
quality_matched,bright_solidity_count_q10,Batch_3_ordinary,existing_geometry_loading,local_bright_std_512px,10,0.2121212121212121
quality_matched,bright_solidity_count_q10,Batch_3_ordinary,existing_geometry_loading,graph_edge_axial_strength,10,0.6848484848484848
quality_matched,bright_solidity_count_q10,Batch_3_ordinary,existing_geometry_loading,graph_node_density_per_mpx,10,-0.9272727272727272
phase_usable,bright_circularity_count_iqr,pooled,acquisition,bright_sep,29,-0.13699414840070417
phase_usable,bright_circularity_count_iqr,pooled,acquisition,bse_p1,29,-0.0755816200132797
phase_usable,bright_circularity_count_iqr,pooled,acquisition,bse_std,29,0.026600985221674867
phase_usable,bright_circularity_count_iqr,pooled,acquisition,bse_empty_bin_frac,29,0.14329770244451573
phase_usable,bright_circularity_count_iqr,pooled,acquisition,etd_boundary_sharpness,29,0.011330049261083741
phase_usable,bright_circularity_count_iqr,pooled,acquisition,H,29,0.4022800898395678
phase_usable,bright_circularity_count_iqr,Batch_1,acquisition,bright_sep,5,-0.051298917604257706
phase_usable,bright_circularity_count_iqr,Batch_1,acquisition,bse_p1,5,
phase_usable,bright_circularity_count_iqr,Batch_1,acquisition,bse_std,5,-0.19999999999999998
phase_usable,bright_circularity_count_iqr,Batch_1,acquisition,bse_empty_bin_frac,5,0.49999999999999994
phase_usable,bright_circularity_count_iqr,Batch_1,acquisition,etd_boundary_sharpness,5,-0.3
phase_usable,bright_circularity_count_iqr,Batch_1,acquisition,H,5,0.7
phase_usable,bright_circularity_count_iqr,Batch_2,acquisition,bright_sep,7,-0.6071428571428572
phase_usable,bright_circularity_count_iqr,Batch_2,acquisition,bse_p1,7,
phase_usable,bright_circularity_count_iqr,Batch_2,acquisition,bse_std,7,0.39285714285714296
phase_usable,bright_circularity_count_iqr,Batch_2,acquisition,bse_empty_bin_frac,7,-0.3571428571428572
phase_usable,bright_circularity_count_iqr,Batch_2,acquisition,etd_boundary_sharpness,7,-0.25
phase_usable,bright_circularity_count_iqr,Batch_2,acquisition,H,7,0.6126374746329801
phase_usable,bright_circularity_count_iqr,Batch_3,acquisition,bright_sep,17,-0.009901475429766745
phase_usable,bright_circularity_count_iqr,Batch_3,acquisition,bse_p1,17,-0.1408298972757524
phase_usable,bright_circularity_count_iqr,Batch_3,acquisition,bse_std,17,-0.12990196078431374
phase_usable,bright_circularity_count_iqr,Batch_3,acquisition,bse_empty_bin_frac,17,0.24306543611862566
phase_usable,bright_circularity_count_iqr,Batch_3,acquisition,etd_boundary_sharpness,17,0.303921568627451
phase_usable,bright_circularity_count_iqr,Batch_3,acquisition,H,17,0.274732855837271
phase_usable,bright_circularity_count_iqr,pooled,existing_geometry_loading,bright_frac,29,-0.15024630541871917
phase_usable,bright_circularity_count_iqr,pooled,existing_geometry_loading,pore_frac,29,0.04876847290640393
phase_usable,bright_circularity_count_iqr,pooled,existing_geometry_loading,bright_d50,29,-0.41133004926108363
phase_usable,bright_circularity_count_iqr,pooled,existing_geometry_loading,bright_circ,29,-0.11428571428571425
phase_usable,bright_circularity_count_iqr,pooled,existing_geometry_loading,bright_solidity,29,-0.20492610837438419
phase_usable,bright_circularity_count_iqr,pooled,existing_geometry_loading,bright_aspect_aw,29,0.3660098522167487
phase_usable,bright_circularity_count_iqr,pooled,existing_geometry_loading,bright_nn_mean_px,29,-0.38817733990147774
phase_usable,bright_circularity_count_iqr,pooled,existing_geometry_loading,local_bright_std_512px,29,-0.36945812807881767
phase_usable,bright_circularity_count_iqr,pooled,existing_geometry_loading,graph_edge_axial_strength,29,-0.17093596059113297
phase_usable,bright_circularity_count_iqr,pooled,existing_geometry_loading,graph_node_density_per_mpx,29,0.3702426435276512
phase_usable,bright_circularity_count_iqr,Batch_1,existing_geometry_loading,bright_frac,5,0.19999999999999998
phase_usable,bright_circularity_count_iqr,Batch_1,existing_geometry_loading,pore_frac,5,0.09999999999999999
phase_usable,bright_circularity_count_iqr,Batch_1,existing_geometry_loading,bright_d50,5,-0.39999999999999997
phase_usable,bright_circularity_count_iqr,Batch_1,existing_geometry_loading,bright_circ,5,-0.39999999999999997
phase_usable,bright_circularity_count_iqr,Batch_1,existing_geometry_loading,bright_solidity,5,-0.6
phase_usable,bright_circularity_count_iqr,Batch_1,existing_geometry_loading,bright_aspect_aw,5,0.09999999999999999
phase_usable,bright_circularity_count_iqr,Batch_1,existing_geometry_loading,bright_nn_mean_px,5,-0.19999999999999998
phase_usable,bright_circularity_count_iqr,Batch_1,existing_geometry_loading,local_bright_std_512px,5,0.19999999999999998
phase_usable,bright_circularity_count_iqr,Batch_1,existing_geometry_loading,graph_edge_axial_strength,5,0.3
phase_usable,bright_circularity_count_iqr,Batch_1,existing_geometry_loading,graph_node_density_per_mpx,5,-0.09999999999999999
phase_usable,bright_circularity_count_iqr,Batch_2,existing_geometry_loading,bright_frac,7,0.25
phase_usable,bright_circularity_count_iqr,Batch_2,existing_geometry_loading,pore_frac,7,0.3214285714285715
phase_usable,bright_circularity_count_iqr,Batch_2,existing_geometry_loading,bright_d50,7,-0.14285714285714288
phase_usable,bright_circularity_count_iqr,Batch_2,existing_geometry_loading,bright_circ,7,-0.42857142857142866
phase_usable,bright_circularity_count_iqr,Batch_2,existing_geometry_loading,bright_solidity,7,-0.5357142857142858
phase_usable,bright_circularity_count_iqr,Batch_2,existing_geometry_loading,bright_aspect_aw,7,0.8928571428571429
phase_usable,bright_circularity_count_iqr,Batch_2,existing_geometry_loading,bright_nn_mean_px,7,-0.8928571428571429
phase_usable,bright_circularity_count_iqr,Batch_2,existing_geometry_loading,local_bright_std_512px,7,-0.07142857142857144
phase_usable,bright_circularity_count_iqr,Batch_2,existing_geometry_loading,graph_edge_axial_strength,7,-0.25
phase_usable,bright_circularity_count_iqr,Batch_2,existing_geometry_loading,graph_node_density_per_mpx,7,0.6785714285714287
phase_usable,bright_circularity_count_iqr,Batch_3,existing_geometry_loading,bright_frac,17,-0.3602941176470589
phase_usable,bright_circularity_count_iqr,Batch_3,existing_geometry_loading,pore_frac,17,0.04656862745098039
phase_usable,bright_circularity_count_iqr,Batch_3,existing_geometry_loading,bright_d50,17,-0.6593137254901962
phase_usable,bright_circularity_count_iqr,Batch_3,existing_geometry_loading,bright_circ,17,-0.04656862745098039
phase_usable,bright_circularity_count_iqr,Batch_3,existing_geometry_loading,bright_solidity,17,-0.01715686274509804
phase_usable,bright_circularity_count_iqr,Batch_3,existing_geometry_loading,bright_aspect_aw,17,0.22303921568627455
phase_usable,bright_circularity_count_iqr,Batch_3,existing_geometry_loading,bright_nn_mean_px,17,-0.232843137254902
phase_usable,bright_circularity_count_iqr,Batch_3,existing_geometry_loading,local_bright_std_512px,17,-0.5147058823529412
phase_usable,bright_circularity_count_iqr,Batch_3,existing_geometry_loading,graph_edge_axial_strength,17,-0.18137254901960786
phase_usable,bright_circularity_count_iqr,Batch_3,existing_geometry_loading,graph_node_density_per_mpx,17,0.29552427381731816
quality_matched,bright_circularity_count_iqr,pooled,acquisition,bright_sep,25,-0.1055699925554099
quality_matched,bright_circularity_count_iqr,pooled,acquisition,bse_p1,25,-0.18604047471748042
quality_matched,bright_circularity_count_iqr,pooled,acquisition,bse_std,25,0.12230769230769231
quality_matched,bright_circularity_count_iqr,pooled,acquisition,bse_empty_bin_frac,25,0.2542796738708736
quality_matched,bright_circularity_count_iqr,pooled,acquisition,etd_boundary_sharpness,25,0.04538461538461538
quality_matched,bright_circularity_count_iqr,pooled,acquisition,H,25,0.4294603895203787
quality_matched,bright_circularity_count_iqr,Batch_1,acquisition,bright_sep,5,-0.051298917604257706
quality_matched,bright_circularity_count_iqr,Batch_1,acquisition,bse_p1,5,
quality_matched,bright_circularity_count_iqr,Batch_1,acquisition,bse_std,5,-0.19999999999999998
quality_matched,bright_circularity_count_iqr,Batch_1,acquisition,bse_empty_bin_frac,5,0.49999999999999994
quality_matched,bright_circularity_count_iqr,Batch_1,acquisition,etd_boundary_sharpness,5,-0.3
quality_matched,bright_circularity_count_iqr,Batch_1,acquisition,H,5,0.7
quality_matched,bright_circularity_count_iqr,Batch_2,acquisition,bright_sep,7,-0.6071428571428572
quality_matched,bright_circularity_count_iqr,Batch_2,acquisition,bse_p1,7,
quality_matched,bright_circularity_count_iqr,Batch_2,acquisition,bse_std,7,0.39285714285714296
quality_matched,bright_circularity_count_iqr,Batch_2,acquisition,bse_empty_bin_frac,7,-0.3571428571428572
quality_matched,bright_circularity_count_iqr,Batch_2,acquisition,etd_boundary_sharpness,7,-0.25
quality_matched,bright_circularity_count_iqr,Batch_2,acquisition,H,7,0.6126374746329801
quality_matched,bright_circularity_count_iqr,Batch_3,acquisition,bright_sep,13,0.0307305732434026
quality_matched,bright_circularity_count_iqr,Batch_3,acquisition,bse_p1,13,-0.26513917865185543
quality_matched,bright_circularity_count_iqr,Batch_3,acquisition,bse_std,13,-0.0934065934065934
quality_matched,bright_circularity_count_iqr,Batch_3,acquisition,bse_empty_bin_frac,13,0.4621737522198128
quality_matched,bright_circularity_count_iqr,Batch_3,acquisition,etd_boundary_sharpness,13,0.3131868131868132
quality_matched,bright_circularity_count_iqr,Batch_3,acquisition,H,13,0.293754852240759
quality_matched,bright_circularity_count_iqr,Batch_3_ordinary,acquisition,bright_sep,10,0.362677131698819
quality_matched,bright_circularity_count_iqr,Batch_3_ordinary,acquisition,bse_p1,10,-0.5593647190240808
quality_matched,bright_circularity_count_iqr,Batch_3_ordinary,acquisition,bse_std,10,0.19999999999999998
quality_matched,bright_circularity_count_iqr,Batch_3_ordinary,acquisition,bse_empty_bin_frac,10,0.33434804902403553
quality_matched,bright_circularity_count_iqr,Batch_3_ordinary,acquisition,etd_boundary_sharpness,10,0.406060606060606
quality_matched,bright_circularity_count_iqr,Batch_3_ordinary,acquisition,H,10,0.12347796442943935
quality_matched,bright_circularity_count_iqr,pooled,existing_geometry_loading,bright_frac,25,-0.07923076923076922
quality_matched,bright_circularity_count_iqr,pooled,existing_geometry_loading,pore_frac,25,0.039999999999999994
quality_matched,bright_circularity_count_iqr,pooled,existing_geometry_loading,bright_d50,25,-0.4084615384615385
quality_matched,bright_circularity_count_iqr,pooled,existing_geometry_loading,bright_circ,25,-0.08076923076923077
quality_matched,bright_circularity_count_iqr,pooled,existing_geometry_loading,bright_solidity,25,-0.24307692307692308
quality_matched,bright_circularity_count_iqr,pooled,existing_geometry_loading,bright_aspect_aw,25,0.3069230769230769
quality_matched,bright_circularity_count_iqr,pooled,existing_geometry_loading,bright_nn_mean_px,25,-0.4438461538461538
quality_matched,bright_circularity_count_iqr,pooled,existing_geometry_loading,local_bright_std_512px,25,-0.3384615384615385
quality_matched,bright_circularity_count_iqr,pooled,existing_geometry_loading,graph_edge_axial_strength,25,-0.16615384615384618
quality_matched,bright_circularity_count_iqr,pooled,existing_geometry_loading,graph_node_density_per_mpx,25,0.42923076923076925
quality_matched,bright_circularity_count_iqr,Batch_1,existing_geometry_loading,bright_frac,5,0.19999999999999998
quality_matched,bright_circularity_count_iqr,Batch_1,existing_geometry_loading,pore_frac,5,0.09999999999999999
quality_matched,bright_circularity_count_iqr,Batch_1,existing_geometry_loading,bright_d50,5,-0.39999999999999997
quality_matched,bright_circularity_count_iqr,Batch_1,existing_geometry_loading,bright_circ,5,-0.39999999999999997
quality_matched,bright_circularity_count_iqr,Batch_1,existing_geometry_loading,bright_solidity,5,-0.6
quality_matched,bright_circularity_count_iqr,Batch_1,existing_geometry_loading,bright_aspect_aw,5,0.09999999999999999
quality_matched,bright_circularity_count_iqr,Batch_1,existing_geometry_loading,bright_nn_mean_px,5,-0.19999999999999998
quality_matched,bright_circularity_count_iqr,Batch_1,existing_geometry_loading,local_bright_std_512px,5,0.19999999999999998
quality_matched,bright_circularity_count_iqr,Batch_1,existing_geometry_loading,graph_edge_axial_strength,5,0.3
quality_matched,bright_circularity_count_iqr,Batch_1,existing_geometry_loading,graph_node_density_per_mpx,5,-0.09999999999999999
quality_matched,bright_circularity_count_iqr,Batch_2,existing_geometry_loading,bright_frac,7,0.25
quality_matched,bright_circularity_count_iqr,Batch_2,existing_geometry_loading,pore_frac,7,0.3214285714285715
quality_matched,bright_circularity_count_iqr,Batch_2,existing_geometry_loading,bright_d50,7,-0.14285714285714288
quality_matched,bright_circularity_count_iqr,Batch_2,existing_geometry_loading,bright_circ,7,-0.42857142857142866
quality_matched,bright_circularity_count_iqr,Batch_2,existing_geometry_loading,bright_solidity,7,-0.5357142857142858
quality_matched,bright_circularity_count_iqr,Batch_2,existing_geometry_loading,bright_aspect_aw,7,0.8928571428571429
quality_matched,bright_circularity_count_iqr,Batch_2,existing_geometry_loading,bright_nn_mean_px,7,-0.8928571428571429
quality_matched,bright_circularity_count_iqr,Batch_2,existing_geometry_loading,local_bright_std_512px,7,-0.07142857142857144
quality_matched,bright_circularity_count_iqr,Batch_2,existing_geometry_loading,graph_edge_axial_strength,7,-0.25
quality_matched,bright_circularity_count_iqr,Batch_2,existing_geometry_loading,graph_node_density_per_mpx,7,0.6785714285714287
quality_matched,bright_circularity_count_iqr,Batch_3,existing_geometry_loading,bright_frac,13,-0.3021978021978022
quality_matched,bright_circularity_count_iqr,Batch_3,existing_geometry_loading,pore_frac,13,0.06593406593406594
quality_matched,bright_circularity_count_iqr,Batch_3,existing_geometry_loading,bright_d50,13,-0.7032967032967032
quality_matched,bright_circularity_count_iqr,Batch_3,existing_geometry_loading,bright_circ,13,0.06043956043956044
quality_matched,bright_circularity_count_iqr,Batch_3,existing_geometry_loading,bright_solidity,13,-0.049450549450549455
quality_matched,bright_circularity_count_iqr,Batch_3,existing_geometry_loading,bright_aspect_aw,13,0.0934065934065934
quality_matched,bright_circularity_count_iqr,Batch_3,existing_geometry_loading,bright_nn_mean_px,13,-0.3626373626373627
quality_matched,bright_circularity_count_iqr,Batch_3,existing_geometry_loading,local_bright_std_512px,13,-0.5164835164835164
quality_matched,bright_circularity_count_iqr,Batch_3,existing_geometry_loading,graph_edge_axial_strength,13,-0.23076923076923078
quality_matched,bright_circularity_count_iqr,Batch_3,existing_geometry_loading,graph_node_density_per_mpx,13,0.4725274725274725
quality_matched,bright_circularity_count_iqr,Batch_3_ordinary,existing_geometry_loading,bright_frac,10,-0.32121212121212117
quality_matched,bright_circularity_count_iqr,Batch_3_ordinary,existing_geometry_loading,pore_frac,10,-0.07878787878787878
quality_matched,bright_circularity_count_iqr,Batch_3_ordinary,existing_geometry_loading,bright_d50,10,-0.709090909090909
quality_matched,bright_circularity_count_iqr,Batch_3_ordinary,existing_geometry_loading,bright_circ,10,-0.41818181818181815
quality_matched,bright_circularity_count_iqr,Batch_3_ordinary,existing_geometry_loading,bright_solidity,10,-0.5030303030303029
quality_matched,bright_circularity_count_iqr,Batch_3_ordinary,existing_geometry_loading,bright_aspect_aw,10,0.17575757575757575
quality_matched,bright_circularity_count_iqr,Batch_3_ordinary,existing_geometry_loading,bright_nn_mean_px,10,-0.18787878787878787
quality_matched,bright_circularity_count_iqr,Batch_3_ordinary,existing_geometry_loading,local_bright_std_512px,10,-0.4424242424242424
quality_matched,bright_circularity_count_iqr,Batch_3_ordinary,existing_geometry_loading,graph_edge_axial_strength,10,-0.4787878787878787
quality_matched,bright_circularity_count_iqr,Batch_3_ordinary,existing_geometry_loading,graph_node_density_per_mpx,10,0.5515151515151515
phase_usable,bright_autocorr_xy_contrast_64px,pooled,acquisition,bright_sep,29,0.2250264892502542
phase_usable,bright_autocorr_xy_contrast_64px,pooled,acquisition,bse_p1,29,-0.41045784883124153
phase_usable,bright_autocorr_xy_contrast_64px,pooled,acquisition,bse_std,29,0.3980295566502462
phase_usable,bright_autocorr_xy_contrast_64px,pooled,acquisition,bse_empty_bin_frac,29,0.29695427494526155
phase_usable,bright_autocorr_xy_contrast_64px,pooled,acquisition,etd_boundary_sharpness,29,0.07881773399014776
phase_usable,bright_autocorr_xy_contrast_64px,pooled,acquisition,H,29,0.13755702949003673
phase_usable,bright_autocorr_xy_contrast_64px,Batch_1,acquisition,bright_sep,5,-0.10259783520851541
phase_usable,bright_autocorr_xy_contrast_64px,Batch_1,acquisition,bse_p1,5,
phase_usable,bright_autocorr_xy_contrast_64px,Batch_1,acquisition,bse_std,5,0.09999999999999999
phase_usable,bright_autocorr_xy_contrast_64px,Batch_1,acquisition,bse_empty_bin_frac,5,0.49999999999999994
phase_usable,bright_autocorr_xy_contrast_64px,Batch_1,acquisition,etd_boundary_sharpness,5,-0.6
phase_usable,bright_autocorr_xy_contrast_64px,Batch_1,acquisition,H,5,-0.09999999999999999
phase_usable,bright_autocorr_xy_contrast_64px,Batch_2,acquisition,bright_sep,7,-0.7500000000000002
phase_usable,bright_autocorr_xy_contrast_64px,Batch_2,acquisition,bse_p1,7,
phase_usable,bright_autocorr_xy_contrast_64px,Batch_2,acquisition,bse_std,7,0.0
phase_usable,bright_autocorr_xy_contrast_64px,Batch_2,acquisition,bse_empty_bin_frac,7,0.07142857142857144
phase_usable,bright_autocorr_xy_contrast_64px,Batch_2,acquisition,etd_boundary_sharpness,7,0.07142857142857144
phase_usable,bright_autocorr_xy_contrast_64px,Batch_2,acquisition,H,7,0.6486749731408026
phase_usable,bright_autocorr_xy_contrast_64px,Batch_3,acquisition,bright_sep,17,0.519827460062754
phase_usable,bright_autocorr_xy_contrast_64px,Batch_3,acquisition,bse_p1,17,-0.4125194336130447
phase_usable,bright_autocorr_xy_contrast_64px,Batch_3,acquisition,bse_std,17,0.502450980392157
phase_usable,bright_autocorr_xy_contrast_64px,Batch_3,acquisition,bse_empty_bin_frac,17,0.29982183236967536
phase_usable,bright_autocorr_xy_contrast_64px,Batch_3,acquisition,etd_boundary_sharpness,17,0.03921568627450981
phase_usable,bright_autocorr_xy_contrast_64px,Batch_3,acquisition,H,17,-0.15539188678578678
phase_usable,bright_autocorr_xy_contrast_64px,pooled,existing_geometry_loading,bright_frac,29,-0.20197044334975364
phase_usable,bright_autocorr_xy_contrast_64px,pooled,existing_geometry_loading,pore_frac,29,0.037438423645320185
phase_usable,bright_autocorr_xy_contrast_64px,pooled,existing_geometry_loading,bright_d50,29,-0.12660098522167484
phase_usable,bright_autocorr_xy_contrast_64px,pooled,existing_geometry_loading,bright_circ,29,-0.04137931034482758
phase_usable,bright_autocorr_xy_contrast_64px,pooled,existing_geometry_loading,bright_solidity,29,0.0251231527093596
phase_usable,bright_autocorr_xy_contrast_64px,pooled,existing_geometry_loading,bright_aspect_aw,29,0.3458128078817733
phase_usable,bright_autocorr_xy_contrast_64px,pooled,existing_geometry_loading,bright_nn_mean_px,29,-0.17684729064039403
phase_usable,bright_autocorr_xy_contrast_64px,pooled,existing_geometry_loading,local_bright_std_512px,29,-0.20492610837438419
phase_usable,bright_autocorr_xy_contrast_64px,pooled,existing_geometry_loading,graph_edge_axial_strength,29,-0.058128078817733984
phase_usable,bright_autocorr_xy_contrast_64px,pooled,existing_geometry_loading,graph_node_density_per_mpx,29,-0.030052962415418126
phase_usable,bright_autocorr_xy_contrast_64px,Batch_1,existing_geometry_loading,bright_frac,5,-0.6
phase_usable,bright_autocorr_xy_contrast_64px,Batch_1,existing_geometry_loading,pore_frac,5,0.7
phase_usable,bright_autocorr_xy_contrast_64px,Batch_1,existing_geometry_loading,bright_d50,5,-0.3
phase_usable,bright_autocorr_xy_contrast_64px,Batch_1,existing_geometry_loading,bright_circ,5,0.19999999999999998
phase_usable,bright_autocorr_xy_contrast_64px,Batch_1,existing_geometry_loading,bright_solidity,5,-0.19999999999999998
phase_usable,bright_autocorr_xy_contrast_64px,Batch_1,existing_geometry_loading,bright_aspect_aw,5,-0.3
phase_usable,bright_autocorr_xy_contrast_64px,Batch_1,existing_geometry_loading,bright_nn_mean_px,5,0.6
phase_usable,bright_autocorr_xy_contrast_64px,Batch_1,existing_geometry_loading,local_bright_std_512px,5,-0.6
phase_usable,bright_autocorr_xy_contrast_64px,Batch_1,existing_geometry_loading,graph_edge_axial_strength,5,0.6
phase_usable,bright_autocorr_xy_contrast_64px,Batch_1,existing_geometry_loading,graph_node_density_per_mpx,5,-0.7
phase_usable,bright_autocorr_xy_contrast_64px,Batch_2,existing_geometry_loading,bright_frac,7,0.10714285714285716
phase_usable,bright_autocorr_xy_contrast_64px,Batch_2,existing_geometry_loading,pore_frac,7,0.21428571428571433
phase_usable,bright_autocorr_xy_contrast_64px,Batch_2,existing_geometry_loading,bright_d50,7,-0.4642857142857144
phase_usable,bright_autocorr_xy_contrast_64px,Batch_2,existing_geometry_loading,bright_circ,7,-0.39285714285714296
phase_usable,bright_autocorr_xy_contrast_64px,Batch_2,existing_geometry_loading,bright_solidity,7,-0.5357142857142858
phase_usable,bright_autocorr_xy_contrast_64px,Batch_2,existing_geometry_loading,bright_aspect_aw,7,0.8571428571428573
phase_usable,bright_autocorr_xy_contrast_64px,Batch_2,existing_geometry_loading,bright_nn_mean_px,7,-0.6785714285714287
phase_usable,bright_autocorr_xy_contrast_64px,Batch_2,existing_geometry_loading,local_bright_std_512px,7,-0.3214285714285715
phase_usable,bright_autocorr_xy_contrast_64px,Batch_2,existing_geometry_loading,graph_edge_axial_strength,7,0.21428571428571433
phase_usable,bright_autocorr_xy_contrast_64px,Batch_2,existing_geometry_loading,graph_node_density_per_mpx,7,0.6785714285714287
phase_usable,bright_autocorr_xy_contrast_64px,Batch_3,existing_geometry_loading,bright_frac,17,-0.24019607843137256
phase_usable,bright_autocorr_xy_contrast_64px,Batch_3,existing_geometry_loading,pore_frac,17,0.11519607843137256
phase_usable,bright_autocorr_xy_contrast_64px,Batch_3,existing_geometry_loading,bright_d50,17,-0.09558823529411767
phase_usable,bright_autocorr_xy_contrast_64px,Batch_3,existing_geometry_loading,bright_circ,17,0.04901960784313726
phase_usable,bright_autocorr_xy_contrast_64px,Batch_3,existing_geometry_loading,bright_solidity,17,0.24264705882352944
phase_usable,bright_autocorr_xy_contrast_64px,Batch_3,existing_geometry_loading,bright_aspect_aw,17,0.18872549019607845
phase_usable,bright_autocorr_xy_contrast_64px,Batch_3,existing_geometry_loading,bright_nn_mean_px,17,-0.09803921568627452
phase_usable,bright_autocorr_xy_contrast_64px,Batch_3,existing_geometry_loading,local_bright_std_512px,17,-0.17156862745098042
phase_usable,bright_autocorr_xy_contrast_64px,Batch_3,existing_geometry_loading,graph_edge_axial_strength,17,-0.32598039215686275
phase_usable,bright_autocorr_xy_contrast_64px,Batch_3,existing_geometry_loading,graph_node_density_per_mpx,17,-0.3041079664178212
quality_matched,bright_autocorr_xy_contrast_64px,pooled,acquisition,bright_sep,25,-0.025909119052060302
quality_matched,bright_autocorr_xy_contrast_64px,pooled,acquisition,bse_p1,25,-0.22185326610059544
quality_matched,bright_autocorr_xy_contrast_64px,pooled,acquisition,bse_std,25,0.2323076923076923
quality_matched,bright_autocorr_xy_contrast_64px,pooled,acquisition,bse_empty_bin_frac,25,0.10540488750471914
quality_matched,bright_autocorr_xy_contrast_64px,pooled,acquisition,etd_boundary_sharpness,25,-0.014615384615384615
quality_matched,bright_autocorr_xy_contrast_64px,pooled,acquisition,H,25,0.10011722852005228
quality_matched,bright_autocorr_xy_contrast_64px,Batch_1,acquisition,bright_sep,5,-0.10259783520851541
quality_matched,bright_autocorr_xy_contrast_64px,Batch_1,acquisition,bse_p1,5,
quality_matched,bright_autocorr_xy_contrast_64px,Batch_1,acquisition,bse_std,5,0.09999999999999999
quality_matched,bright_autocorr_xy_contrast_64px,Batch_1,acquisition,bse_empty_bin_frac,5,0.49999999999999994
quality_matched,bright_autocorr_xy_contrast_64px,Batch_1,acquisition,etd_boundary_sharpness,5,-0.6
quality_matched,bright_autocorr_xy_contrast_64px,Batch_1,acquisition,H,5,-0.09999999999999999
quality_matched,bright_autocorr_xy_contrast_64px,Batch_2,acquisition,bright_sep,7,-0.7500000000000002
quality_matched,bright_autocorr_xy_contrast_64px,Batch_2,acquisition,bse_p1,7,
quality_matched,bright_autocorr_xy_contrast_64px,Batch_2,acquisition,bse_std,7,0.0
quality_matched,bright_autocorr_xy_contrast_64px,Batch_2,acquisition,bse_empty_bin_frac,7,0.07142857142857144
quality_matched,bright_autocorr_xy_contrast_64px,Batch_2,acquisition,etd_boundary_sharpness,7,0.07142857142857144
quality_matched,bright_autocorr_xy_contrast_64px,Batch_2,acquisition,H,7,0.6486749731408026
quality_matched,bright_autocorr_xy_contrast_64px,Batch_3,acquisition,bright_sep,13,0.37714794435085014
quality_matched,bright_autocorr_xy_contrast_64px,Batch_3,acquisition,bse_p1,13,-0.23377863063927037
quality_matched,bright_autocorr_xy_contrast_64px,Batch_3,acquisition,bse_std,13,0.40659340659340654
quality_matched,bright_autocorr_xy_contrast_64px,Batch_3,acquisition,bse_empty_bin_frac,13,-0.0027510342394036474
quality_matched,bright_autocorr_xy_contrast_64px,Batch_3,acquisition,etd_boundary_sharpness,13,0.016483516483516484
quality_matched,bright_autocorr_xy_contrast_64px,Batch_3,acquisition,H,13,-0.30214784801906636
quality_matched,bright_autocorr_xy_contrast_64px,Batch_3_ordinary,acquisition,bright_sep,10,0.33766491571959006
quality_matched,bright_autocorr_xy_contrast_64px,Batch_3_ordinary,acquisition,bse_p1,10,-0.17797968332584388
quality_matched,bright_autocorr_xy_contrast_64px,Batch_3_ordinary,acquisition,bse_std,10,0.19999999999999998
quality_matched,bright_autocorr_xy_contrast_64px,Batch_3_ordinary,acquisition,bse_empty_bin_frac,10,-0.15197638592001614
quality_matched,bright_autocorr_xy_contrast_64px,Batch_3_ordinary,acquisition,etd_boundary_sharpness,10,0.5393939393939393
quality_matched,bright_autocorr_xy_contrast_64px,Batch_3_ordinary,acquisition,H,10,-0.11730406620796739
quality_matched,bright_autocorr_xy_contrast_64px,pooled,existing_geometry_loading,bright_frac,25,-0.15923076923076923
quality_matched,bright_autocorr_xy_contrast_64px,pooled,existing_geometry_loading,pore_frac,25,-0.15076923076923077
quality_matched,bright_autocorr_xy_contrast_64px,pooled,existing_geometry_loading,bright_d50,25,-0.22846153846153847
quality_matched,bright_autocorr_xy_contrast_64px,pooled,existing_geometry_loading,bright_circ,25,-0.17307692307692307
quality_matched,bright_autocorr_xy_contrast_64px,pooled,existing_geometry_loading,bright_solidity,25,-0.21153846153846154
quality_matched,bright_autocorr_xy_contrast_64px,pooled,existing_geometry_loading,bright_aspect_aw,25,0.45
quality_matched,bright_autocorr_xy_contrast_64px,pooled,existing_geometry_loading,bright_nn_mean_px,25,-0.31153846153846154
quality_matched,bright_autocorr_xy_contrast_64px,pooled,existing_geometry_loading,local_bright_std_512px,25,-0.15692307692307692
quality_matched,bright_autocorr_xy_contrast_64px,pooled,existing_geometry_loading,graph_edge_axial_strength,25,-0.06615384615384615
quality_matched,bright_autocorr_xy_contrast_64px,pooled,existing_geometry_loading,graph_node_density_per_mpx,25,0.13384615384615384
quality_matched,bright_autocorr_xy_contrast_64px,Batch_1,existing_geometry_loading,bright_frac,5,-0.6
quality_matched,bright_autocorr_xy_contrast_64px,Batch_1,existing_geometry_loading,pore_frac,5,0.7
quality_matched,bright_autocorr_xy_contrast_64px,Batch_1,existing_geometry_loading,bright_d50,5,-0.3
quality_matched,bright_autocorr_xy_contrast_64px,Batch_1,existing_geometry_loading,bright_circ,5,0.19999999999999998
quality_matched,bright_autocorr_xy_contrast_64px,Batch_1,existing_geometry_loading,bright_solidity,5,-0.19999999999999998
quality_matched,bright_autocorr_xy_contrast_64px,Batch_1,existing_geometry_loading,bright_aspect_aw,5,-0.3
quality_matched,bright_autocorr_xy_contrast_64px,Batch_1,existing_geometry_loading,bright_nn_mean_px,5,0.6
quality_matched,bright_autocorr_xy_contrast_64px,Batch_1,existing_geometry_loading,local_bright_std_512px,5,-0.6
quality_matched,bright_autocorr_xy_contrast_64px,Batch_1,existing_geometry_loading,graph_edge_axial_strength,5,0.6
quality_matched,bright_autocorr_xy_contrast_64px,Batch_1,existing_geometry_loading,graph_node_density_per_mpx,5,-0.7
quality_matched,bright_autocorr_xy_contrast_64px,Batch_2,existing_geometry_loading,bright_frac,7,0.10714285714285716
quality_matched,bright_autocorr_xy_contrast_64px,Batch_2,existing_geometry_loading,pore_frac,7,0.21428571428571433
quality_matched,bright_autocorr_xy_contrast_64px,Batch_2,existing_geometry_loading,bright_d50,7,-0.4642857142857144
quality_matched,bright_autocorr_xy_contrast_64px,Batch_2,existing_geometry_loading,bright_circ,7,-0.39285714285714296
quality_matched,bright_autocorr_xy_contrast_64px,Batch_2,existing_geometry_loading,bright_solidity,7,-0.5357142857142858
quality_matched,bright_autocorr_xy_contrast_64px,Batch_2,existing_geometry_loading,bright_aspect_aw,7,0.8571428571428573
quality_matched,bright_autocorr_xy_contrast_64px,Batch_2,existing_geometry_loading,bright_nn_mean_px,7,-0.6785714285714287
quality_matched,bright_autocorr_xy_contrast_64px,Batch_2,existing_geometry_loading,local_bright_std_512px,7,-0.3214285714285715
quality_matched,bright_autocorr_xy_contrast_64px,Batch_2,existing_geometry_loading,graph_edge_axial_strength,7,0.21428571428571433
quality_matched,bright_autocorr_xy_contrast_64px,Batch_2,existing_geometry_loading,graph_node_density_per_mpx,7,0.6785714285714287
quality_matched,bright_autocorr_xy_contrast_64px,Batch_3,existing_geometry_loading,bright_frac,13,-0.14835164835164835
quality_matched,bright_autocorr_xy_contrast_64px,Batch_3,existing_geometry_loading,pore_frac,13,-0.2582417582417582
quality_matched,bright_autocorr_xy_contrast_64px,Batch_3,existing_geometry_loading,bright_d50,13,-0.07142857142857142
quality_matched,bright_autocorr_xy_contrast_64px,Batch_3,existing_geometry_loading,bright_circ,13,-0.1868131868131868
quality_matched,bright_autocorr_xy_contrast_64px,Batch_3,existing_geometry_loading,bright_solidity,13,-0.14835164835164835
quality_matched,bright_autocorr_xy_contrast_64px,Batch_3,existing_geometry_loading,bright_aspect_aw,13,0.34615384615384615
quality_matched,bright_autocorr_xy_contrast_64px,Batch_3,existing_geometry_loading,bright_nn_mean_px,13,-0.23626373626373626
quality_matched,bright_autocorr_xy_contrast_64px,Batch_3,existing_geometry_loading,local_bright_std_512px,13,-0.06593406593406594
quality_matched,bright_autocorr_xy_contrast_64px,Batch_3,existing_geometry_loading,graph_edge_axial_strength,13,-0.4835164835164835
quality_matched,bright_autocorr_xy_contrast_64px,Batch_3,existing_geometry_loading,graph_node_density_per_mpx,13,-0.16483516483516483
quality_matched,bright_autocorr_xy_contrast_64px,Batch_3_ordinary,existing_geometry_loading,bright_frac,10,-0.18787878787878787
quality_matched,bright_autocorr_xy_contrast_64px,Batch_3_ordinary,existing_geometry_loading,pore_frac,10,-0.38181818181818183
quality_matched,bright_autocorr_xy_contrast_64px,Batch_3_ordinary,existing_geometry_loading,bright_d50,10,-0.13939393939393938
quality_matched,bright_autocorr_xy_contrast_64px,Batch_3_ordinary,existing_geometry_loading,bright_circ,10,-0.2727272727272727
quality_matched,bright_autocorr_xy_contrast_64px,Batch_3_ordinary,existing_geometry_loading,bright_solidity,10,-0.5030303030303029
quality_matched,bright_autocorr_xy_contrast_64px,Batch_3_ordinary,existing_geometry_loading,bright_aspect_aw,10,0.06666666666666665
quality_matched,bright_autocorr_xy_contrast_64px,Batch_3_ordinary,existing_geometry_loading,bright_nn_mean_px,10,-0.3939393939393939
quality_matched,bright_autocorr_xy_contrast_64px,Batch_3_ordinary,existing_geometry_loading,local_bright_std_512px,10,-0.17575757575757575
quality_matched,bright_autocorr_xy_contrast_64px,Batch_3_ordinary,existing_geometry_loading,graph_edge_axial_strength,10,-0.2727272727272727
quality_matched,bright_autocorr_xy_contrast_64px,Batch_3_ordinary,existing_geometry_loading,graph_node_density_per_mpx,10,0.12727272727272726
phase_usable,bright_autocorr_xy_contrast_256px,pooled,acquisition,bright_sep,29,-0.008902146827482582
phase_usable,bright_autocorr_xy_contrast_256px,pooled,acquisition,bse_p1,29,-0.1379226642578097
phase_usable,bright_autocorr_xy_contrast_256px,pooled,acquisition,bse_std,29,0.17931034482758618
phase_usable,bright_autocorr_xy_contrast_256px,pooled,acquisition,bse_empty_bin_frac,29,0.11592068872447917
phase_usable,bright_autocorr_xy_contrast_256px,pooled,acquisition,etd_boundary_sharpness,29,0.022167487684729058
phase_usable,bright_autocorr_xy_contrast_256px,pooled,acquisition,H,29,0.1867905706204635
phase_usable,bright_autocorr_xy_contrast_256px,Batch_1,acquisition,bright_sep,5,0.20519567041703082
phase_usable,bright_autocorr_xy_contrast_256px,Batch_1,acquisition,bse_p1,5,
phase_usable,bright_autocorr_xy_contrast_256px,Batch_1,acquisition,bse_std,5,-0.09999999999999999
phase_usable,bright_autocorr_xy_contrast_256px,Batch_1,acquisition,bse_empty_bin_frac,5,-0.09999999999999999
phase_usable,bright_autocorr_xy_contrast_256px,Batch_1,acquisition,etd_boundary_sharpness,5,0.49999999999999994
phase_usable,bright_autocorr_xy_contrast_256px,Batch_1,acquisition,H,5,0.49999999999999994
phase_usable,bright_autocorr_xy_contrast_256px,Batch_2,acquisition,bright_sep,7,0.28571428571428575
phase_usable,bright_autocorr_xy_contrast_256px,Batch_2,acquisition,bse_p1,7,
phase_usable,bright_autocorr_xy_contrast_256px,Batch_2,acquisition,bse_std,7,-0.5
phase_usable,bright_autocorr_xy_contrast_256px,Batch_2,acquisition,bse_empty_bin_frac,7,0.7142857142857144
phase_usable,bright_autocorr_xy_contrast_256px,Batch_2,acquisition,etd_boundary_sharpness,7,0.42857142857142866
phase_usable,bright_autocorr_xy_contrast_256px,Batch_2,acquisition,H,7,0.01801874925391118
phase_usable,bright_autocorr_xy_contrast_256px,Batch_3,acquisition,bright_sep,17,-0.16584971344859295
phase_usable,bright_autocorr_xy_contrast_256px,Batch_3,acquisition,bse_p1,17,-0.16575554281128382
phase_usable,bright_autocorr_xy_contrast_256px,Batch_3,acquisition,bse_std,17,0.29901960784313725
phase_usable,bright_autocorr_xy_contrast_256px,Batch_3,acquisition,bse_empty_bin_frac,17,0.08513459437657447
phase_usable,bright_autocorr_xy_contrast_256px,Batch_3,acquisition,etd_boundary_sharpness,17,-0.08333333333333334
phase_usable,bright_autocorr_xy_contrast_256px,Batch_3,acquisition,H,17,0.17901145357722636
phase_usable,bright_autocorr_xy_contrast_256px,pooled,existing_geometry_loading,bright_frac,29,0.3300492610837438
phase_usable,bright_autocorr_xy_contrast_256px,pooled,existing_geometry_loading,pore_frac,29,-0.18226600985221672
phase_usable,bright_autocorr_xy_contrast_256px,pooled,existing_geometry_loading,bright_d50,29,-0.026108374384236445
phase_usable,bright_autocorr_xy_contrast_256px,pooled,existing_geometry_loading,bright_circ,29,-0.015270935960591127
phase_usable,bright_autocorr_xy_contrast_256px,pooled,existing_geometry_loading,bright_solidity,29,-0.11379310344827585
phase_usable,bright_autocorr_xy_contrast_256px,pooled,existing_geometry_loading,bright_aspect_aw,29,0.03940886699507388
phase_usable,bright_autocorr_xy_contrast_256px,pooled,existing_geometry_loading,bright_nn_mean_px,29,0.04334975369458127
phase_usable,bright_autocorr_xy_contrast_256px,pooled,existing_geometry_loading,local_bright_std_512px,29,-0.049753694581280775
phase_usable,bright_autocorr_xy_contrast_256px,pooled,existing_geometry_loading,graph_edge_axial_strength,29,0.006403940886699506
phase_usable,bright_autocorr_xy_contrast_256px,pooled,existing_geometry_loading,graph_node_density_per_mpx,29,0.0022170218175308455
phase_usable,bright_autocorr_xy_contrast_256px,Batch_1,existing_geometry_loading,bright_frac,5,0.8999999999999998
phase_usable,bright_autocorr_xy_contrast_256px,Batch_1,existing_geometry_loading,pore_frac,5,-0.7
phase_usable,bright_autocorr_xy_contrast_256px,Batch_1,existing_geometry_loading,bright_d50,5,0.19999999999999998
phase_usable,bright_autocorr_xy_contrast_256px,Batch_1,existing_geometry_loading,bright_circ,5,-0.49999999999999994
phase_usable,bright_autocorr_xy_contrast_256px,Batch_1,existing_geometry_loading,bright_solidity,5,-0.3
phase_usable,bright_autocorr_xy_contrast_256px,Batch_1,existing_geometry_loading,bright_aspect_aw,5,0.3
phase_usable,bright_autocorr_xy_contrast_256px,Batch_1,existing_geometry_loading,bright_nn_mean_px,5,-0.8999999999999998
phase_usable,bright_autocorr_xy_contrast_256px,Batch_1,existing_geometry_loading,local_bright_std_512px,5,0.8999999999999998
phase_usable,bright_autocorr_xy_contrast_256px,Batch_1,existing_geometry_loading,graph_edge_axial_strength,5,-0.39999999999999997
phase_usable,bright_autocorr_xy_contrast_256px,Batch_1,existing_geometry_loading,graph_node_density_per_mpx,5,0.7999999999999999
phase_usable,bright_autocorr_xy_contrast_256px,Batch_2,existing_geometry_loading,bright_frac,7,0.0
phase_usable,bright_autocorr_xy_contrast_256px,Batch_2,existing_geometry_loading,pore_frac,7,0.07142857142857144
phase_usable,bright_autocorr_xy_contrast_256px,Batch_2,existing_geometry_loading,bright_d50,7,-0.14285714285714288
phase_usable,bright_autocorr_xy_contrast_256px,Batch_2,existing_geometry_loading,bright_circ,7,-0.1785714285714286
phase_usable,bright_autocorr_xy_contrast_256px,Batch_2,existing_geometry_loading,bright_solidity,7,0.0
phase_usable,bright_autocorr_xy_contrast_256px,Batch_2,existing_geometry_loading,bright_aspect_aw,7,-0.4642857142857144
phase_usable,bright_autocorr_xy_contrast_256px,Batch_2,existing_geometry_loading,bright_nn_mean_px,7,0.39285714285714296
phase_usable,bright_autocorr_xy_contrast_256px,Batch_2,existing_geometry_loading,local_bright_std_512px,7,0.0
phase_usable,bright_autocorr_xy_contrast_256px,Batch_2,existing_geometry_loading,graph_edge_axial_strength,7,0.642857142857143
phase_usable,bright_autocorr_xy_contrast_256px,Batch_2,existing_geometry_loading,graph_node_density_per_mpx,7,-0.1785714285714286
phase_usable,bright_autocorr_xy_contrast_256px,Batch_3,existing_geometry_loading,bright_frac,17,0.1985294117647059
phase_usable,bright_autocorr_xy_contrast_256px,Batch_3,existing_geometry_loading,pore_frac,17,0.03431372549019608
phase_usable,bright_autocorr_xy_contrast_256px,Batch_3,existing_geometry_loading,bright_d50,17,-0.05147058823529412
phase_usable,bright_autocorr_xy_contrast_256px,Batch_3,existing_geometry_loading,bright_circ,17,0.05147058823529412
phase_usable,bright_autocorr_xy_contrast_256px,Batch_3,existing_geometry_loading,bright_solidity,17,-0.11519607843137256
phase_usable,bright_autocorr_xy_contrast_256px,Batch_3,existing_geometry_loading,bright_aspect_aw,17,0.19117647058823534
phase_usable,bright_autocorr_xy_contrast_256px,Batch_3,existing_geometry_loading,bright_nn_mean_px,17,0.12990196078431374
phase_usable,bright_autocorr_xy_contrast_256px,Batch_3,existing_geometry_loading,local_bright_std_512px,17,-0.18137254901960786
phase_usable,bright_autocorr_xy_contrast_256px,Batch_3,existing_geometry_loading,graph_edge_axial_strength,17,-0.18627450980392157
phase_usable,bright_autocorr_xy_contrast_256px,Batch_3,existing_geometry_loading,graph_node_density_per_mpx,17,-0.14469653240847943
quality_matched,bright_autocorr_xy_contrast_256px,pooled,acquisition,bright_sep,25,-0.05761878714562664
quality_matched,bright_autocorr_xy_contrast_256px,pooled,acquisition,bse_p1,25,-0.1823196652231308
quality_matched,bright_autocorr_xy_contrast_256px,pooled,acquisition,bse_std,25,0.20846153846153848
quality_matched,bright_autocorr_xy_contrast_256px,pooled,acquisition,bse_empty_bin_frac,25,0.09117138079787751
quality_matched,bright_autocorr_xy_contrast_256px,pooled,acquisition,etd_boundary_sharpness,25,0.05538461538461539
quality_matched,bright_autocorr_xy_contrast_256px,pooled,acquisition,H,25,0.1998479040342356
quality_matched,bright_autocorr_xy_contrast_256px,Batch_1,acquisition,bright_sep,5,0.20519567041703082
quality_matched,bright_autocorr_xy_contrast_256px,Batch_1,acquisition,bse_p1,5,
quality_matched,bright_autocorr_xy_contrast_256px,Batch_1,acquisition,bse_std,5,-0.09999999999999999
quality_matched,bright_autocorr_xy_contrast_256px,Batch_1,acquisition,bse_empty_bin_frac,5,-0.09999999999999999
quality_matched,bright_autocorr_xy_contrast_256px,Batch_1,acquisition,etd_boundary_sharpness,5,0.49999999999999994
quality_matched,bright_autocorr_xy_contrast_256px,Batch_1,acquisition,H,5,0.49999999999999994
quality_matched,bright_autocorr_xy_contrast_256px,Batch_2,acquisition,bright_sep,7,0.28571428571428575
quality_matched,bright_autocorr_xy_contrast_256px,Batch_2,acquisition,bse_p1,7,
quality_matched,bright_autocorr_xy_contrast_256px,Batch_2,acquisition,bse_std,7,-0.5
quality_matched,bright_autocorr_xy_contrast_256px,Batch_2,acquisition,bse_empty_bin_frac,7,0.7142857142857144
quality_matched,bright_autocorr_xy_contrast_256px,Batch_2,acquisition,etd_boundary_sharpness,7,0.42857142857142866
quality_matched,bright_autocorr_xy_contrast_256px,Batch_2,acquisition,H,7,0.01801874925391118
quality_matched,bright_autocorr_xy_contrast_256px,Batch_3,acquisition,bright_sep,13,-0.3631795019674853
quality_matched,bright_autocorr_xy_contrast_256px,Batch_3,acquisition,bse_p1,13,-0.19386520589598027
quality_matched,bright_autocorr_xy_contrast_256px,Batch_3,acquisition,bse_std,13,0.34615384615384615
quality_matched,bright_autocorr_xy_contrast_256px,Batch_3,acquisition,bse_empty_bin_frac,13,-0.041265513591054716
quality_matched,bright_autocorr_xy_contrast_256px,Batch_3,acquisition,etd_boundary_sharpness,13,-0.005494505494505494
quality_matched,bright_autocorr_xy_contrast_256px,Batch_3,acquisition,H,13,0.11190661037743198
quality_matched,bright_autocorr_xy_contrast_256px,Batch_3_ordinary,acquisition,bright_sep,10,-0.48148515760015625
quality_matched,bright_autocorr_xy_contrast_256px,Batch_3_ordinary,acquisition,bse_p1,10,-0.05720775535473554
quality_matched,bright_autocorr_xy_contrast_256px,Batch_3_ordinary,acquisition,bse_std,10,0.2727272727272727
quality_matched,bright_autocorr_xy_contrast_256px,Batch_3_ordinary,acquisition,bse_empty_bin_frac,10,-0.06079055436800646
quality_matched,bright_autocorr_xy_contrast_256px,Batch_3_ordinary,acquisition,etd_boundary_sharpness,10,0.2727272727272727
quality_matched,bright_autocorr_xy_contrast_256px,Batch_3_ordinary,acquisition,H,10,0.2716515217447666
quality_matched,bright_autocorr_xy_contrast_256px,pooled,existing_geometry_loading,bright_frac,25,0.40461538461538454
quality_matched,bright_autocorr_xy_contrast_256px,pooled,existing_geometry_loading,pore_frac,25,-0.20384615384615384
quality_matched,bright_autocorr_xy_contrast_256px,pooled,existing_geometry_loading,bright_d50,25,-0.007692307692307692
quality_matched,bright_autocorr_xy_contrast_256px,pooled,existing_geometry_loading,bright_circ,25,-0.03615384615384615
quality_matched,bright_autocorr_xy_contrast_256px,pooled,existing_geometry_loading,bright_solidity,25,-0.13538461538461538
quality_matched,bright_autocorr_xy_contrast_256px,pooled,existing_geometry_loading,bright_aspect_aw,25,0.16461538461538464
quality_matched,bright_autocorr_xy_contrast_256px,pooled,existing_geometry_loading,bright_nn_mean_px,25,0.12461538461538461
quality_matched,bright_autocorr_xy_contrast_256px,pooled,existing_geometry_loading,local_bright_std_512px,25,-0.013076923076923076
quality_matched,bright_autocorr_xy_contrast_256px,pooled,existing_geometry_loading,graph_edge_axial_strength,25,0.030769230769230767
quality_matched,bright_autocorr_xy_contrast_256px,pooled,existing_geometry_loading,graph_node_density_per_mpx,25,-0.033846153846153845
quality_matched,bright_autocorr_xy_contrast_256px,Batch_1,existing_geometry_loading,bright_frac,5,0.8999999999999998
quality_matched,bright_autocorr_xy_contrast_256px,Batch_1,existing_geometry_loading,pore_frac,5,-0.7
quality_matched,bright_autocorr_xy_contrast_256px,Batch_1,existing_geometry_loading,bright_d50,5,0.19999999999999998
quality_matched,bright_autocorr_xy_contrast_256px,Batch_1,existing_geometry_loading,bright_circ,5,-0.49999999999999994
quality_matched,bright_autocorr_xy_contrast_256px,Batch_1,existing_geometry_loading,bright_solidity,5,-0.3
quality_matched,bright_autocorr_xy_contrast_256px,Batch_1,existing_geometry_loading,bright_aspect_aw,5,0.3
quality_matched,bright_autocorr_xy_contrast_256px,Batch_1,existing_geometry_loading,bright_nn_mean_px,5,-0.8999999999999998
quality_matched,bright_autocorr_xy_contrast_256px,Batch_1,existing_geometry_loading,local_bright_std_512px,5,0.8999999999999998
quality_matched,bright_autocorr_xy_contrast_256px,Batch_1,existing_geometry_loading,graph_edge_axial_strength,5,-0.39999999999999997
quality_matched,bright_autocorr_xy_contrast_256px,Batch_1,existing_geometry_loading,graph_node_density_per_mpx,5,0.7999999999999999
quality_matched,bright_autocorr_xy_contrast_256px,Batch_2,existing_geometry_loading,bright_frac,7,0.0
quality_matched,bright_autocorr_xy_contrast_256px,Batch_2,existing_geometry_loading,pore_frac,7,0.07142857142857144
quality_matched,bright_autocorr_xy_contrast_256px,Batch_2,existing_geometry_loading,bright_d50,7,-0.14285714285714288
quality_matched,bright_autocorr_xy_contrast_256px,Batch_2,existing_geometry_loading,bright_circ,7,-0.1785714285714286
quality_matched,bright_autocorr_xy_contrast_256px,Batch_2,existing_geometry_loading,bright_solidity,7,0.0
quality_matched,bright_autocorr_xy_contrast_256px,Batch_2,existing_geometry_loading,bright_aspect_aw,7,-0.4642857142857144
quality_matched,bright_autocorr_xy_contrast_256px,Batch_2,existing_geometry_loading,bright_nn_mean_px,7,0.39285714285714296
quality_matched,bright_autocorr_xy_contrast_256px,Batch_2,existing_geometry_loading,local_bright_std_512px,7,0.0
quality_matched,bright_autocorr_xy_contrast_256px,Batch_2,existing_geometry_loading,graph_edge_axial_strength,7,0.642857142857143
quality_matched,bright_autocorr_xy_contrast_256px,Batch_2,existing_geometry_loading,graph_node_density_per_mpx,7,-0.1785714285714286
quality_matched,bright_autocorr_xy_contrast_256px,Batch_3,existing_geometry_loading,bright_frac,13,0.2692307692307692
quality_matched,bright_autocorr_xy_contrast_256px,Batch_3,existing_geometry_loading,pore_frac,13,-0.08241758241758242
quality_matched,bright_autocorr_xy_contrast_256px,Batch_3,existing_geometry_loading,bright_d50,13,0.010989010989010988
quality_matched,bright_autocorr_xy_contrast_256px,Batch_3,existing_geometry_loading,bright_circ,13,-0.016483516483516484
quality_matched,bright_autocorr_xy_contrast_256px,Batch_3,existing_geometry_loading,bright_solidity,13,-0.20329670329670327
quality_matched,bright_autocorr_xy_contrast_256px,Batch_3,existing_geometry_loading,bright_aspect_aw,13,0.4505494505494505
quality_matched,bright_autocorr_xy_contrast_256px,Batch_3,existing_geometry_loading,bright_nn_mean_px,13,0.34065934065934067
quality_matched,bright_autocorr_xy_contrast_256px,Batch_3,existing_geometry_loading,local_bright_std_512px,13,-0.2087912087912088
quality_matched,bright_autocorr_xy_contrast_256px,Batch_3,existing_geometry_loading,graph_edge_axial_strength,13,-0.13186813186813187
quality_matched,bright_autocorr_xy_contrast_256px,Batch_3,existing_geometry_loading,graph_node_density_per_mpx,13,-0.21978021978021978
quality_matched,bright_autocorr_xy_contrast_256px,Batch_3_ordinary,existing_geometry_loading,bright_frac,10,0.5757575757575757
quality_matched,bright_autocorr_xy_contrast_256px,Batch_3_ordinary,existing_geometry_loading,pore_frac,10,-0.3696969696969697
quality_matched,bright_autocorr_xy_contrast_256px,Batch_3_ordinary,existing_geometry_loading,bright_d50,10,-0.06666666666666665
quality_matched,bright_autocorr_xy_contrast_256px,Batch_3_ordinary,existing_geometry_loading,bright_circ,10,0.01818181818181818
quality_matched,bright_autocorr_xy_contrast_256px,Batch_3_ordinary,existing_geometry_loading,bright_solidity,10,-0.3696969696969697
quality_matched,bright_autocorr_xy_contrast_256px,Batch_3_ordinary,existing_geometry_loading,bright_aspect_aw,10,0.38181818181818183
quality_matched,bright_autocorr_xy_contrast_256px,Batch_3_ordinary,existing_geometry_loading,bright_nn_mean_px,10,0.406060606060606
quality_matched,bright_autocorr_xy_contrast_256px,Batch_3_ordinary,existing_geometry_loading,local_bright_std_512px,10,-0.24848484848484845
quality_matched,bright_autocorr_xy_contrast_256px,Batch_3_ordinary,existing_geometry_loading,graph_edge_axial_strength,10,0.09090909090909088
quality_matched,bright_autocorr_xy_contrast_256px,Batch_3_ordinary,existing_geometry_loading,graph_node_density_per_mpx,10,-0.12727272727272726
phase_usable,bright_pore_crosscorr_xy_contrast_64px,pooled,acquisition,bright_sep,25,-0.19915218375837396
phase_usable,bright_pore_crosscorr_xy_contrast_64px,pooled,acquisition,bse_p1,25,-0.14092565959849143
phase_usable,bright_pore_crosscorr_xy_contrast_64px,pooled,acquisition,bse_std,25,-0.1176923076923077
phase_usable,bright_pore_crosscorr_xy_contrast_64px,pooled,acquisition,bse_empty_bin_frac,25,0.09886516820698109
phase_usable,bright_pore_crosscorr_xy_contrast_64px,pooled,acquisition,etd_boundary_sharpness,25,0.3046153846153846
phase_usable,bright_pore_crosscorr_xy_contrast_64px,pooled,acquisition,H,25,0.2524191128324098
phase_usable,bright_pore_crosscorr_xy_contrast_64px,Batch_1,acquisition,bright_sep,5,0.8207826816681233
phase_usable,bright_pore_crosscorr_xy_contrast_64px,Batch_1,acquisition,bse_p1,5,
phase_usable,bright_pore_crosscorr_xy_contrast_64px,Batch_1,acquisition,bse_std,5,0.49999999999999994
phase_usable,bright_pore_crosscorr_xy_contrast_64px,Batch_1,acquisition,bse_empty_bin_frac,5,0.3
phase_usable,bright_pore_crosscorr_xy_contrast_64px,Batch_1,acquisition,etd_boundary_sharpness,5,0.7
phase_usable,bright_pore_crosscorr_xy_contrast_64px,Batch_1,acquisition,H,5,-0.3
phase_usable,bright_pore_crosscorr_xy_contrast_64px,Batch_2,acquisition,bright_sep,7,0.3214285714285715
phase_usable,bright_pore_crosscorr_xy_contrast_64px,Batch_2,acquisition,bse_p1,7,
phase_usable,bright_pore_crosscorr_xy_contrast_64px,Batch_2,acquisition,bse_std,7,-0.9285714285714288
phase_usable,bright_pore_crosscorr_xy_contrast_64px,Batch_2,acquisition,bse_empty_bin_frac,7,0.0
phase_usable,bright_pore_crosscorr_xy_contrast_64px,Batch_2,acquisition,etd_boundary_sharpness,7,0.5714285714285715
phase_usable,bright_pore_crosscorr_xy_contrast_64px,Batch_2,acquisition,H,7,-0.2882999880625789
phase_usable,bright_pore_crosscorr_xy_contrast_64px,Batch_3,acquisition,bright_sep,13,-0.6229925302980709
phase_usable,bright_pore_crosscorr_xy_contrast_64px,Batch_3,acquisition,bse_p1,13,-0.1910142469857453
phase_usable,bright_pore_crosscorr_xy_contrast_64px,Batch_3,acquisition,bse_std,13,0.03296703296703297
phase_usable,bright_pore_crosscorr_xy_contrast_64px,Batch_3,acquisition,bse_empty_bin_frac,13,0.2255848076310991
phase_usable,bright_pore_crosscorr_xy_contrast_64px,Batch_3,acquisition,etd_boundary_sharpness,13,0.22527472527472525
phase_usable,bright_pore_crosscorr_xy_contrast_64px,Batch_3,acquisition,H,13,0.6490583401891056
phase_usable,bright_pore_crosscorr_xy_contrast_64px,pooled,existing_geometry_loading,bright_frac,25,0.16692307692307692
phase_usable,bright_pore_crosscorr_xy_contrast_64px,pooled,existing_geometry_loading,pore_frac,25,-0.11461538461538462
phase_usable,bright_pore_crosscorr_xy_contrast_64px,pooled,existing_geometry_loading,bright_d50,25,0.09230769230769231
phase_usable,bright_pore_crosscorr_xy_contrast_64px,pooled,existing_geometry_loading,bright_circ,25,0.2053846153846154
phase_usable,bright_pore_crosscorr_xy_contrast_64px,pooled,existing_geometry_loading,bright_solidity,25,-0.059230769230769226
phase_usable,bright_pore_crosscorr_xy_contrast_64px,pooled,existing_geometry_loading,bright_aspect_aw,25,-0.3238461538461538
phase_usable,bright_pore_crosscorr_xy_contrast_64px,pooled,existing_geometry_loading,bright_nn_mean_px,25,-0.020769230769230772
phase_usable,bright_pore_crosscorr_xy_contrast_64px,pooled,existing_geometry_loading,local_bright_std_512px,25,-0.23307692307692307
phase_usable,bright_pore_crosscorr_xy_contrast_64px,pooled,existing_geometry_loading,graph_edge_axial_strength,25,0.3915384615384615
phase_usable,bright_pore_crosscorr_xy_contrast_64px,pooled,existing_geometry_loading,graph_node_density_per_mpx,25,0.19384615384615386
phase_usable,bright_pore_crosscorr_xy_contrast_64px,Batch_1,existing_geometry_loading,bright_frac,5,0.7
phase_usable,bright_pore_crosscorr_xy_contrast_64px,Batch_1,existing_geometry_loading,pore_frac,5,-0.49999999999999994
phase_usable,bright_pore_crosscorr_xy_contrast_64px,Batch_1,existing_geometry_loading,bright_d50,5,0.6
phase_usable,bright_pore_crosscorr_xy_contrast_64px,Batch_1,existing_geometry_loading,bright_circ,5,0.09999999999999999
phase_usable,bright_pore_crosscorr_xy_contrast_64px,Batch_1,existing_geometry_loading,bright_solidity,5,-0.49999999999999994
phase_usable,bright_pore_crosscorr_xy_contrast_64px,Batch_1,existing_geometry_loading,bright_aspect_aw,5,-0.49999999999999994
phase_usable,bright_pore_crosscorr_xy_contrast_64px,Batch_1,existing_geometry_loading,bright_nn_mean_px,5,-0.7
phase_usable,bright_pore_crosscorr_xy_contrast_64px,Batch_1,existing_geometry_loading,local_bright_std_512px,5,0.7
phase_usable,bright_pore_crosscorr_xy_contrast_64px,Batch_1,existing_geometry_loading,graph_edge_axial_strength,5,0.19999999999999998
phase_usable,bright_pore_crosscorr_xy_contrast_64px,Batch_1,existing_geometry_loading,graph_node_density_per_mpx,5,0.6
phase_usable,bright_pore_crosscorr_xy_contrast_64px,Batch_2,existing_geometry_loading,bright_frac,7,-0.7500000000000002
phase_usable,bright_pore_crosscorr_xy_contrast_64px,Batch_2,existing_geometry_loading,pore_frac,7,-0.07142857142857144
phase_usable,bright_pore_crosscorr_xy_contrast_64px,Batch_2,existing_geometry_loading,bright_d50,7,-0.8571428571428573
phase_usable,bright_pore_crosscorr_xy_contrast_64px,Batch_2,existing_geometry_loading,bright_circ,7,0.3214285714285715
phase_usable,bright_pore_crosscorr_xy_contrast_64px,Batch_2,existing_geometry_loading,bright_solidity,7,0.3214285714285715
phase_usable,bright_pore_crosscorr_xy_contrast_64px,Batch_2,existing_geometry_loading,bright_aspect_aw,7,-0.03571428571428572
phase_usable,bright_pore_crosscorr_xy_contrast_64px,Batch_2,existing_geometry_loading,bright_nn_mean_px,7,0.39285714285714296
phase_usable,bright_pore_crosscorr_xy_contrast_64px,Batch_2,existing_geometry_loading,local_bright_std_512px,7,-0.8571428571428573
phase_usable,bright_pore_crosscorr_xy_contrast_64px,Batch_2,existing_geometry_loading,graph_edge_axial_strength,7,0.6071428571428572
phase_usable,bright_pore_crosscorr_xy_contrast_64px,Batch_2,existing_geometry_loading,graph_node_density_per_mpx,7,-0.5357142857142858
phase_usable,bright_pore_crosscorr_xy_contrast_64px,Batch_3,existing_geometry_loading,bright_frac,13,0.4725274725274725
phase_usable,bright_pore_crosscorr_xy_contrast_64px,Batch_3,existing_geometry_loading,pore_frac,13,0.17032967032967034
phase_usable,bright_pore_crosscorr_xy_contrast_64px,Batch_3,existing_geometry_loading,bright_d50,13,0.13736263736263735
phase_usable,bright_pore_crosscorr_xy_contrast_64px,Batch_3,existing_geometry_loading,bright_circ,13,0.22527472527472525
phase_usable,bright_pore_crosscorr_xy_contrast_64px,Batch_3,existing_geometry_loading,bright_solidity,13,-0.06043956043956044
phase_usable,bright_pore_crosscorr_xy_contrast_64px,Batch_3,existing_geometry_loading,bright_aspect_aw,13,-0.4725274725274725
phase_usable,bright_pore_crosscorr_xy_contrast_64px,Batch_3,existing_geometry_loading,bright_nn_mean_px,13,-0.016483516483516484
phase_usable,bright_pore_crosscorr_xy_contrast_64px,Batch_3,existing_geometry_loading,local_bright_std_512px,13,-0.20329670329670327
phase_usable,bright_pore_crosscorr_xy_contrast_64px,Batch_3,existing_geometry_loading,graph_edge_axial_strength,13,0.32967032967032966
phase_usable,bright_pore_crosscorr_xy_contrast_64px,Batch_3,existing_geometry_loading,graph_node_density_per_mpx,13,0.4010989010989011
quality_matched,bright_pore_crosscorr_xy_contrast_64px,pooled,acquisition,bright_sep,25,-0.19915218375837396
quality_matched,bright_pore_crosscorr_xy_contrast_64px,pooled,acquisition,bse_p1,25,-0.14092565959849143
quality_matched,bright_pore_crosscorr_xy_contrast_64px,pooled,acquisition,bse_std,25,-0.1176923076923077
quality_matched,bright_pore_crosscorr_xy_contrast_64px,pooled,acquisition,bse_empty_bin_frac,25,0.09886516820698109
quality_matched,bright_pore_crosscorr_xy_contrast_64px,pooled,acquisition,etd_boundary_sharpness,25,0.3046153846153846
quality_matched,bright_pore_crosscorr_xy_contrast_64px,pooled,acquisition,H,25,0.2524191128324098
quality_matched,bright_pore_crosscorr_xy_contrast_64px,Batch_1,acquisition,bright_sep,5,0.8207826816681233
quality_matched,bright_pore_crosscorr_xy_contrast_64px,Batch_1,acquisition,bse_p1,5,
quality_matched,bright_pore_crosscorr_xy_contrast_64px,Batch_1,acquisition,bse_std,5,0.49999999999999994
quality_matched,bright_pore_crosscorr_xy_contrast_64px,Batch_1,acquisition,bse_empty_bin_frac,5,0.3
quality_matched,bright_pore_crosscorr_xy_contrast_64px,Batch_1,acquisition,etd_boundary_sharpness,5,0.7
quality_matched,bright_pore_crosscorr_xy_contrast_64px,Batch_1,acquisition,H,5,-0.3
quality_matched,bright_pore_crosscorr_xy_contrast_64px,Batch_2,acquisition,bright_sep,7,0.3214285714285715
quality_matched,bright_pore_crosscorr_xy_contrast_64px,Batch_2,acquisition,bse_p1,7,
quality_matched,bright_pore_crosscorr_xy_contrast_64px,Batch_2,acquisition,bse_std,7,-0.9285714285714288
quality_matched,bright_pore_crosscorr_xy_contrast_64px,Batch_2,acquisition,bse_empty_bin_frac,7,0.0
quality_matched,bright_pore_crosscorr_xy_contrast_64px,Batch_2,acquisition,etd_boundary_sharpness,7,0.5714285714285715
quality_matched,bright_pore_crosscorr_xy_contrast_64px,Batch_2,acquisition,H,7,-0.2882999880625789
quality_matched,bright_pore_crosscorr_xy_contrast_64px,Batch_3,acquisition,bright_sep,13,-0.6229925302980709
quality_matched,bright_pore_crosscorr_xy_contrast_64px,Batch_3,acquisition,bse_p1,13,-0.1910142469857453
quality_matched,bright_pore_crosscorr_xy_contrast_64px,Batch_3,acquisition,bse_std,13,0.03296703296703297
quality_matched,bright_pore_crosscorr_xy_contrast_64px,Batch_3,acquisition,bse_empty_bin_frac,13,0.2255848076310991
quality_matched,bright_pore_crosscorr_xy_contrast_64px,Batch_3,acquisition,etd_boundary_sharpness,13,0.22527472527472525
quality_matched,bright_pore_crosscorr_xy_contrast_64px,Batch_3,acquisition,H,13,0.6490583401891056
quality_matched,bright_pore_crosscorr_xy_contrast_64px,Batch_3_ordinary,acquisition,bright_sep,10,-0.6753298314391801
quality_matched,bright_pore_crosscorr_xy_contrast_64px,Batch_3_ordinary,acquisition,bse_p1,10,-0.47037487736115885
quality_matched,bright_pore_crosscorr_xy_contrast_64px,Batch_3_ordinary,acquisition,bse_std,10,0.49090909090909085
quality_matched,bright_pore_crosscorr_xy_contrast_64px,Batch_3_ordinary,acquisition,bse_empty_bin_frac,10,0.3586642707712381
quality_matched,bright_pore_crosscorr_xy_contrast_64px,Batch_3_ordinary,acquisition,etd_boundary_sharpness,10,-0.04242424242424241
quality_matched,bright_pore_crosscorr_xy_contrast_64px,Batch_3_ordinary,acquisition,H,10,0.6420854150330846
quality_matched,bright_pore_crosscorr_xy_contrast_64px,pooled,existing_geometry_loading,bright_frac,25,0.16692307692307692
quality_matched,bright_pore_crosscorr_xy_contrast_64px,pooled,existing_geometry_loading,pore_frac,25,-0.11461538461538462
quality_matched,bright_pore_crosscorr_xy_contrast_64px,pooled,existing_geometry_loading,bright_d50,25,0.09230769230769231
quality_matched,bright_pore_crosscorr_xy_contrast_64px,pooled,existing_geometry_loading,bright_circ,25,0.2053846153846154
quality_matched,bright_pore_crosscorr_xy_contrast_64px,pooled,existing_geometry_loading,bright_solidity,25,-0.059230769230769226
quality_matched,bright_pore_crosscorr_xy_contrast_64px,pooled,existing_geometry_loading,bright_aspect_aw,25,-0.3238461538461538
quality_matched,bright_pore_crosscorr_xy_contrast_64px,pooled,existing_geometry_loading,bright_nn_mean_px,25,-0.020769230769230772
quality_matched,bright_pore_crosscorr_xy_contrast_64px,pooled,existing_geometry_loading,local_bright_std_512px,25,-0.23307692307692307
quality_matched,bright_pore_crosscorr_xy_contrast_64px,pooled,existing_geometry_loading,graph_edge_axial_strength,25,0.3915384615384615
quality_matched,bright_pore_crosscorr_xy_contrast_64px,pooled,existing_geometry_loading,graph_node_density_per_mpx,25,0.19384615384615386
quality_matched,bright_pore_crosscorr_xy_contrast_64px,Batch_1,existing_geometry_loading,bright_frac,5,0.7
quality_matched,bright_pore_crosscorr_xy_contrast_64px,Batch_1,existing_geometry_loading,pore_frac,5,-0.49999999999999994
quality_matched,bright_pore_crosscorr_xy_contrast_64px,Batch_1,existing_geometry_loading,bright_d50,5,0.6
quality_matched,bright_pore_crosscorr_xy_contrast_64px,Batch_1,existing_geometry_loading,bright_circ,5,0.09999999999999999
quality_matched,bright_pore_crosscorr_xy_contrast_64px,Batch_1,existing_geometry_loading,bright_solidity,5,-0.49999999999999994
quality_matched,bright_pore_crosscorr_xy_contrast_64px,Batch_1,existing_geometry_loading,bright_aspect_aw,5,-0.49999999999999994
quality_matched,bright_pore_crosscorr_xy_contrast_64px,Batch_1,existing_geometry_loading,bright_nn_mean_px,5,-0.7
quality_matched,bright_pore_crosscorr_xy_contrast_64px,Batch_1,existing_geometry_loading,local_bright_std_512px,5,0.7
quality_matched,bright_pore_crosscorr_xy_contrast_64px,Batch_1,existing_geometry_loading,graph_edge_axial_strength,5,0.19999999999999998
quality_matched,bright_pore_crosscorr_xy_contrast_64px,Batch_1,existing_geometry_loading,graph_node_density_per_mpx,5,0.6
quality_matched,bright_pore_crosscorr_xy_contrast_64px,Batch_2,existing_geometry_loading,bright_frac,7,-0.7500000000000002
quality_matched,bright_pore_crosscorr_xy_contrast_64px,Batch_2,existing_geometry_loading,pore_frac,7,-0.07142857142857144
quality_matched,bright_pore_crosscorr_xy_contrast_64px,Batch_2,existing_geometry_loading,bright_d50,7,-0.8571428571428573
quality_matched,bright_pore_crosscorr_xy_contrast_64px,Batch_2,existing_geometry_loading,bright_circ,7,0.3214285714285715
quality_matched,bright_pore_crosscorr_xy_contrast_64px,Batch_2,existing_geometry_loading,bright_solidity,7,0.3214285714285715
quality_matched,bright_pore_crosscorr_xy_contrast_64px,Batch_2,existing_geometry_loading,bright_aspect_aw,7,-0.03571428571428572
quality_matched,bright_pore_crosscorr_xy_contrast_64px,Batch_2,existing_geometry_loading,bright_nn_mean_px,7,0.39285714285714296
quality_matched,bright_pore_crosscorr_xy_contrast_64px,Batch_2,existing_geometry_loading,local_bright_std_512px,7,-0.8571428571428573
quality_matched,bright_pore_crosscorr_xy_contrast_64px,Batch_2,existing_geometry_loading,graph_edge_axial_strength,7,0.6071428571428572
quality_matched,bright_pore_crosscorr_xy_contrast_64px,Batch_2,existing_geometry_loading,graph_node_density_per_mpx,7,-0.5357142857142858
quality_matched,bright_pore_crosscorr_xy_contrast_64px,Batch_3,existing_geometry_loading,bright_frac,13,0.4725274725274725
quality_matched,bright_pore_crosscorr_xy_contrast_64px,Batch_3,existing_geometry_loading,pore_frac,13,0.17032967032967034
quality_matched,bright_pore_crosscorr_xy_contrast_64px,Batch_3,existing_geometry_loading,bright_d50,13,0.13736263736263735
quality_matched,bright_pore_crosscorr_xy_contrast_64px,Batch_3,existing_geometry_loading,bright_circ,13,0.22527472527472525
quality_matched,bright_pore_crosscorr_xy_contrast_64px,Batch_3,existing_geometry_loading,bright_solidity,13,-0.06043956043956044
quality_matched,bright_pore_crosscorr_xy_contrast_64px,Batch_3,existing_geometry_loading,bright_aspect_aw,13,-0.4725274725274725
quality_matched,bright_pore_crosscorr_xy_contrast_64px,Batch_3,existing_geometry_loading,bright_nn_mean_px,13,-0.016483516483516484
quality_matched,bright_pore_crosscorr_xy_contrast_64px,Batch_3,existing_geometry_loading,local_bright_std_512px,13,-0.20329670329670327
quality_matched,bright_pore_crosscorr_xy_contrast_64px,Batch_3,existing_geometry_loading,graph_edge_axial_strength,13,0.32967032967032966
quality_matched,bright_pore_crosscorr_xy_contrast_64px,Batch_3,existing_geometry_loading,graph_node_density_per_mpx,13,0.4010989010989011
quality_matched,bright_pore_crosscorr_xy_contrast_64px,Batch_3_ordinary,existing_geometry_loading,bright_frac,10,0.5515151515151515
quality_matched,bright_pore_crosscorr_xy_contrast_64px,Batch_3_ordinary,existing_geometry_loading,pore_frac,10,0.34545454545454546
quality_matched,bright_pore_crosscorr_xy_contrast_64px,Batch_3_ordinary,existing_geometry_loading,bright_d50,10,0.2121212121212121
quality_matched,bright_pore_crosscorr_xy_contrast_64px,Batch_3_ordinary,existing_geometry_loading,bright_circ,10,0.10303030303030303
quality_matched,bright_pore_crosscorr_xy_contrast_64px,Batch_3_ordinary,existing_geometry_loading,bright_solidity,10,-0.04242424242424241
quality_matched,bright_pore_crosscorr_xy_contrast_64px,Batch_3_ordinary,existing_geometry_loading,bright_aspect_aw,10,-0.23636363636363633
quality_matched,bright_pore_crosscorr_xy_contrast_64px,Batch_3_ordinary,existing_geometry_loading,bright_nn_mean_px,10,0.17575757575757575
quality_matched,bright_pore_crosscorr_xy_contrast_64px,Batch_3_ordinary,existing_geometry_loading,local_bright_std_512px,10,-0.09090909090909088
quality_matched,bright_pore_crosscorr_xy_contrast_64px,Batch_3_ordinary,existing_geometry_loading,graph_edge_axial_strength,10,-0.01818181818181818
quality_matched,bright_pore_crosscorr_xy_contrast_64px,Batch_3_ordinary,existing_geometry_loading,graph_node_density_per_mpx,10,0.32121212121212117
phase_usable,bright_pore_crosscorr_xy_contrast_256px,pooled,acquisition,bright_sep,25,-0.013147911160747018
phase_usable,bright_pore_crosscorr_xy_contrast_256px,pooled,acquisition,bse_p1,25,-0.28557212869133247
phase_usable,bright_pore_crosscorr_xy_contrast_256px,pooled,acquisition,bse_std,25,0.41923076923076924
phase_usable,bright_pore_crosscorr_xy_contrast_256px,pooled,acquisition,bse_empty_bin_frac,25,-0.12271590917520223
phase_usable,bright_pore_crosscorr_xy_contrast_256px,pooled,acquisition,etd_boundary_sharpness,25,0.1723076923076923
phase_usable,bright_pore_crosscorr_xy_contrast_256px,pooled,acquisition,H,25,-0.06184848093902843
phase_usable,bright_pore_crosscorr_xy_contrast_256px,Batch_1,acquisition,bright_sep,5,0.7181848464596079
phase_usable,bright_pore_crosscorr_xy_contrast_256px,Batch_1,acquisition,bse_p1,5,
phase_usable,bright_pore_crosscorr_xy_contrast_256px,Batch_1,acquisition,bse_std,5,0.8999999999999998
phase_usable,bright_pore_crosscorr_xy_contrast_256px,Batch_1,acquisition,bse_empty_bin_frac,5,0.8999999999999998
phase_usable,bright_pore_crosscorr_xy_contrast_256px,Batch_1,acquisition,etd_boundary_sharpness,5,0.0
phase_usable,bright_pore_crosscorr_xy_contrast_256px,Batch_1,acquisition,H,5,-0.49999999999999994
phase_usable,bright_pore_crosscorr_xy_contrast_256px,Batch_2,acquisition,bright_sep,7,-0.4642857142857144
phase_usable,bright_pore_crosscorr_xy_contrast_256px,Batch_2,acquisition,bse_p1,7,
phase_usable,bright_pore_crosscorr_xy_contrast_256px,Batch_2,acquisition,bse_std,7,0.39285714285714296
phase_usable,bright_pore_crosscorr_xy_contrast_256px,Batch_2,acquisition,bse_empty_bin_frac,7,-0.14285714285714288
phase_usable,bright_pore_crosscorr_xy_contrast_256px,Batch_2,acquisition,etd_boundary_sharpness,7,-0.642857142857143
phase_usable,bright_pore_crosscorr_xy_contrast_256px,Batch_2,acquisition,H,7,-0.41443123283995714
phase_usable,bright_pore_crosscorr_xy_contrast_256px,Batch_3,acquisition,bright_sep,13,0.3017183554806801
phase_usable,bright_pore_crosscorr_xy_contrast_256px,Batch_3,acquisition,bse_p1,13,-0.13399506878104522
phase_usable,bright_pore_crosscorr_xy_contrast_256px,Batch_3,acquisition,bse_std,13,0.2802197802197803
phase_usable,bright_pore_crosscorr_xy_contrast_256px,Batch_3,acquisition,bse_empty_bin_frac,13,-0.07152689022449482
phase_usable,bright_pore_crosscorr_xy_contrast_256px,Batch_3,acquisition,etd_boundary_sharpness,13,0.3186813186813187
phase_usable,bright_pore_crosscorr_xy_contrast_256px,Batch_3,acquisition,H,13,-0.06154863570758759
phase_usable,bright_pore_crosscorr_xy_contrast_256px,pooled,existing_geometry_loading,bright_frac,25,0.3146153846153846
phase_usable,bright_pore_crosscorr_xy_contrast_256px,pooled,existing_geometry_loading,pore_frac,25,-0.21923076923076923
phase_usable,bright_pore_crosscorr_xy_contrast_256px,pooled,existing_geometry_loading,bright_d50,25,0.30923076923076925
phase_usable,bright_pore_crosscorr_xy_contrast_256px,pooled,existing_geometry_loading,bright_circ,25,0.06692307692307692
phase_usable,bright_pore_crosscorr_xy_contrast_256px,pooled,existing_geometry_loading,bright_solidity,25,0.004615384615384616
phase_usable,bright_pore_crosscorr_xy_contrast_256px,pooled,existing_geometry_loading,bright_aspect_aw,25,-0.033846153846153845
phase_usable,bright_pore_crosscorr_xy_contrast_256px,pooled,existing_geometry_loading,bright_nn_mean_px,25,-0.22153846153846157
phase_usable,bright_pore_crosscorr_xy_contrast_256px,pooled,existing_geometry_loading,local_bright_std_512px,25,-0.16384615384615386
phase_usable,bright_pore_crosscorr_xy_contrast_256px,pooled,existing_geometry_loading,graph_edge_axial_strength,25,-0.07769230769230769
phase_usable,bright_pore_crosscorr_xy_contrast_256px,pooled,existing_geometry_loading,graph_node_density_per_mpx,25,0.17615384615384613
phase_usable,bright_pore_crosscorr_xy_contrast_256px,Batch_1,existing_geometry_loading,bright_frac,5,0.39999999999999997
phase_usable,bright_pore_crosscorr_xy_contrast_256px,Batch_1,existing_geometry_loading,pore_frac,5,0.3
phase_usable,bright_pore_crosscorr_xy_contrast_256px,Batch_1,existing_geometry_loading,bright_d50,5,0.7
phase_usable,bright_pore_crosscorr_xy_contrast_256px,Batch_1,existing_geometry_loading,bright_circ,5,0.0
phase_usable,bright_pore_crosscorr_xy_contrast_256px,Batch_1,existing_geometry_loading,bright_solidity,5,-0.7999999999999999
phase_usable,bright_pore_crosscorr_xy_contrast_256px,Batch_1,existing_geometry_loading,bright_aspect_aw,5,-0.7
phase_usable,bright_pore_crosscorr_xy_contrast_256px,Batch_1,existing_geometry_loading,bright_nn_mean_px,5,-0.39999999999999997
phase_usable,bright_pore_crosscorr_xy_contrast_256px,Batch_1,existing_geometry_loading,local_bright_std_512px,5,0.39999999999999997
phase_usable,bright_pore_crosscorr_xy_contrast_256px,Batch_1,existing_geometry_loading,graph_edge_axial_strength,5,0.6
phase_usable,bright_pore_crosscorr_xy_contrast_256px,Batch_1,existing_geometry_loading,graph_node_density_per_mpx,5,0.3
phase_usable,bright_pore_crosscorr_xy_contrast_256px,Batch_2,existing_geometry_loading,bright_frac,7,0.03571428571428572
phase_usable,bright_pore_crosscorr_xy_contrast_256px,Batch_2,existing_geometry_loading,pore_frac,7,0.0
phase_usable,bright_pore_crosscorr_xy_contrast_256px,Batch_2,existing_geometry_loading,bright_d50,7,0.6071428571428572
phase_usable,bright_pore_crosscorr_xy_contrast_256px,Batch_2,existing_geometry_loading,bright_circ,7,0.25
phase_usable,bright_pore_crosscorr_xy_contrast_256px,Batch_2,existing_geometry_loading,bright_solidity,7,0.4642857142857144
phase_usable,bright_pore_crosscorr_xy_contrast_256px,Batch_2,existing_geometry_loading,bright_aspect_aw,7,0.0
phase_usable,bright_pore_crosscorr_xy_contrast_256px,Batch_2,existing_geometry_loading,bright_nn_mean_px,7,0.07142857142857144
phase_usable,bright_pore_crosscorr_xy_contrast_256px,Batch_2,existing_geometry_loading,local_bright_std_512px,7,0.42857142857142866
phase_usable,bright_pore_crosscorr_xy_contrast_256px,Batch_2,existing_geometry_loading,graph_edge_axial_strength,7,-0.4642857142857144
phase_usable,bright_pore_crosscorr_xy_contrast_256px,Batch_2,existing_geometry_loading,graph_node_density_per_mpx,7,0.07142857142857144
phase_usable,bright_pore_crosscorr_xy_contrast_256px,Batch_3,existing_geometry_loading,bright_frac,13,0.45604395604395603
phase_usable,bright_pore_crosscorr_xy_contrast_256px,Batch_3,existing_geometry_loading,pore_frac,13,-0.576923076923077
phase_usable,bright_pore_crosscorr_xy_contrast_256px,Batch_3,existing_geometry_loading,bright_d50,13,0.06593406593406594
phase_usable,bright_pore_crosscorr_xy_contrast_256px,Batch_3,existing_geometry_loading,bright_circ,13,0.010989010989010988
phase_usable,bright_pore_crosscorr_xy_contrast_256px,Batch_3,existing_geometry_loading,bright_solidity,13,-0.18131868131868134
phase_usable,bright_pore_crosscorr_xy_contrast_256px,Batch_3,existing_geometry_loading,bright_aspect_aw,13,-0.37912087912087916
phase_usable,bright_pore_crosscorr_xy_contrast_256px,Batch_3,existing_geometry_loading,bright_nn_mean_px,13,-0.2802197802197803
phase_usable,bright_pore_crosscorr_xy_contrast_256px,Batch_3,existing_geometry_loading,local_bright_std_512px,13,-0.0934065934065934
phase_usable,bright_pore_crosscorr_xy_contrast_256px,Batch_3,existing_geometry_loading,graph_edge_axial_strength,13,0.14835164835164835
phase_usable,bright_pore_crosscorr_xy_contrast_256px,Batch_3,existing_geometry_loading,graph_node_density_per_mpx,13,0.08241758241758242
quality_matched,bright_pore_crosscorr_xy_contrast_256px,pooled,acquisition,bright_sep,25,-0.013147911160747018
quality_matched,bright_pore_crosscorr_xy_contrast_256px,pooled,acquisition,bse_p1,25,-0.28557212869133247
quality_matched,bright_pore_crosscorr_xy_contrast_256px,pooled,acquisition,bse_std,25,0.41923076923076924
quality_matched,bright_pore_crosscorr_xy_contrast_256px,pooled,acquisition,bse_empty_bin_frac,25,-0.12271590917520223
quality_matched,bright_pore_crosscorr_xy_contrast_256px,pooled,acquisition,etd_boundary_sharpness,25,0.1723076923076923
quality_matched,bright_pore_crosscorr_xy_contrast_256px,pooled,acquisition,H,25,-0.06184848093902843
quality_matched,bright_pore_crosscorr_xy_contrast_256px,Batch_1,acquisition,bright_sep,5,0.7181848464596079
quality_matched,bright_pore_crosscorr_xy_contrast_256px,Batch_1,acquisition,bse_p1,5,
quality_matched,bright_pore_crosscorr_xy_contrast_256px,Batch_1,acquisition,bse_std,5,0.8999999999999998
quality_matched,bright_pore_crosscorr_xy_contrast_256px,Batch_1,acquisition,bse_empty_bin_frac,5,0.8999999999999998
quality_matched,bright_pore_crosscorr_xy_contrast_256px,Batch_1,acquisition,etd_boundary_sharpness,5,0.0
quality_matched,bright_pore_crosscorr_xy_contrast_256px,Batch_1,acquisition,H,5,-0.49999999999999994
quality_matched,bright_pore_crosscorr_xy_contrast_256px,Batch_2,acquisition,bright_sep,7,-0.4642857142857144
quality_matched,bright_pore_crosscorr_xy_contrast_256px,Batch_2,acquisition,bse_p1,7,
quality_matched,bright_pore_crosscorr_xy_contrast_256px,Batch_2,acquisition,bse_std,7,0.39285714285714296
quality_matched,bright_pore_crosscorr_xy_contrast_256px,Batch_2,acquisition,bse_empty_bin_frac,7,-0.14285714285714288
quality_matched,bright_pore_crosscorr_xy_contrast_256px,Batch_2,acquisition,etd_boundary_sharpness,7,-0.642857142857143
quality_matched,bright_pore_crosscorr_xy_contrast_256px,Batch_2,acquisition,H,7,-0.41443123283995714
quality_matched,bright_pore_crosscorr_xy_contrast_256px,Batch_3,acquisition,bright_sep,13,0.3017183554806801
quality_matched,bright_pore_crosscorr_xy_contrast_256px,Batch_3,acquisition,bse_p1,13,-0.13399506878104522
quality_matched,bright_pore_crosscorr_xy_contrast_256px,Batch_3,acquisition,bse_std,13,0.2802197802197803
quality_matched,bright_pore_crosscorr_xy_contrast_256px,Batch_3,acquisition,bse_empty_bin_frac,13,-0.07152689022449482
quality_matched,bright_pore_crosscorr_xy_contrast_256px,Batch_3,acquisition,etd_boundary_sharpness,13,0.3186813186813187
quality_matched,bright_pore_crosscorr_xy_contrast_256px,Batch_3,acquisition,H,13,-0.06154863570758759
quality_matched,bright_pore_crosscorr_xy_contrast_256px,Batch_3_ordinary,acquisition,bright_sep,10,0.13756718788575892
quality_matched,bright_pore_crosscorr_xy_contrast_256px,Batch_3_ordinary,acquisition,bse_p1,10,-0.23518743868057942
quality_matched,bright_pore_crosscorr_xy_contrast_256px,Batch_3_ordinary,acquisition,bse_std,10,0.4424242424242424
quality_matched,bright_pore_crosscorr_xy_contrast_256px,Batch_3_ordinary,acquisition,bse_empty_bin_frac,10,-0.26747843921922837
quality_matched,bright_pore_crosscorr_xy_contrast_256px,Batch_3_ordinary,acquisition,etd_boundary_sharpness,10,0.17575757575757575
quality_matched,bright_pore_crosscorr_xy_contrast_256px,Batch_3_ordinary,acquisition,H,10,0.006173898221471967
quality_matched,bright_pore_crosscorr_xy_contrast_256px,pooled,existing_geometry_loading,bright_frac,25,0.3146153846153846
quality_matched,bright_pore_crosscorr_xy_contrast_256px,pooled,existing_geometry_loading,pore_frac,25,-0.21923076923076923
quality_matched,bright_pore_crosscorr_xy_contrast_256px,pooled,existing_geometry_loading,bright_d50,25,0.30923076923076925
quality_matched,bright_pore_crosscorr_xy_contrast_256px,pooled,existing_geometry_loading,bright_circ,25,0.06692307692307692
quality_matched,bright_pore_crosscorr_xy_contrast_256px,pooled,existing_geometry_loading,bright_solidity,25,0.004615384615384616
quality_matched,bright_pore_crosscorr_xy_contrast_256px,pooled,existing_geometry_loading,bright_aspect_aw,25,-0.033846153846153845
quality_matched,bright_pore_crosscorr_xy_contrast_256px,pooled,existing_geometry_loading,bright_nn_mean_px,25,-0.22153846153846157
quality_matched,bright_pore_crosscorr_xy_contrast_256px,pooled,existing_geometry_loading,local_bright_std_512px,25,-0.16384615384615386
quality_matched,bright_pore_crosscorr_xy_contrast_256px,pooled,existing_geometry_loading,graph_edge_axial_strength,25,-0.07769230769230769
quality_matched,bright_pore_crosscorr_xy_contrast_256px,pooled,existing_geometry_loading,graph_node_density_per_mpx,25,0.17615384615384613
quality_matched,bright_pore_crosscorr_xy_contrast_256px,Batch_1,existing_geometry_loading,bright_frac,5,0.39999999999999997
quality_matched,bright_pore_crosscorr_xy_contrast_256px,Batch_1,existing_geometry_loading,pore_frac,5,0.3
quality_matched,bright_pore_crosscorr_xy_contrast_256px,Batch_1,existing_geometry_loading,bright_d50,5,0.7
quality_matched,bright_pore_crosscorr_xy_contrast_256px,Batch_1,existing_geometry_loading,bright_circ,5,0.0
quality_matched,bright_pore_crosscorr_xy_contrast_256px,Batch_1,existing_geometry_loading,bright_solidity,5,-0.7999999999999999
quality_matched,bright_pore_crosscorr_xy_contrast_256px,Batch_1,existing_geometry_loading,bright_aspect_aw,5,-0.7
quality_matched,bright_pore_crosscorr_xy_contrast_256px,Batch_1,existing_geometry_loading,bright_nn_mean_px,5,-0.39999999999999997
quality_matched,bright_pore_crosscorr_xy_contrast_256px,Batch_1,existing_geometry_loading,local_bright_std_512px,5,0.39999999999999997
quality_matched,bright_pore_crosscorr_xy_contrast_256px,Batch_1,existing_geometry_loading,graph_edge_axial_strength,5,0.6
quality_matched,bright_pore_crosscorr_xy_contrast_256px,Batch_1,existing_geometry_loading,graph_node_density_per_mpx,5,0.3
quality_matched,bright_pore_crosscorr_xy_contrast_256px,Batch_2,existing_geometry_loading,bright_frac,7,0.03571428571428572
quality_matched,bright_pore_crosscorr_xy_contrast_256px,Batch_2,existing_geometry_loading,pore_frac,7,0.0
quality_matched,bright_pore_crosscorr_xy_contrast_256px,Batch_2,existing_geometry_loading,bright_d50,7,0.6071428571428572
quality_matched,bright_pore_crosscorr_xy_contrast_256px,Batch_2,existing_geometry_loading,bright_circ,7,0.25
quality_matched,bright_pore_crosscorr_xy_contrast_256px,Batch_2,existing_geometry_loading,bright_solidity,7,0.4642857142857144
quality_matched,bright_pore_crosscorr_xy_contrast_256px,Batch_2,existing_geometry_loading,bright_aspect_aw,7,0.0
quality_matched,bright_pore_crosscorr_xy_contrast_256px,Batch_2,existing_geometry_loading,bright_nn_mean_px,7,0.07142857142857144
quality_matched,bright_pore_crosscorr_xy_contrast_256px,Batch_2,existing_geometry_loading,local_bright_std_512px,7,0.42857142857142866
quality_matched,bright_pore_crosscorr_xy_contrast_256px,Batch_2,existing_geometry_loading,graph_edge_axial_strength,7,-0.4642857142857144
quality_matched,bright_pore_crosscorr_xy_contrast_256px,Batch_2,existing_geometry_loading,graph_node_density_per_mpx,7,0.07142857142857144
quality_matched,bright_pore_crosscorr_xy_contrast_256px,Batch_3,existing_geometry_loading,bright_frac,13,0.45604395604395603
quality_matched,bright_pore_crosscorr_xy_contrast_256px,Batch_3,existing_geometry_loading,pore_frac,13,-0.576923076923077
quality_matched,bright_pore_crosscorr_xy_contrast_256px,Batch_3,existing_geometry_loading,bright_d50,13,0.06593406593406594
quality_matched,bright_pore_crosscorr_xy_contrast_256px,Batch_3,existing_geometry_loading,bright_circ,13,0.010989010989010988
quality_matched,bright_pore_crosscorr_xy_contrast_256px,Batch_3,existing_geometry_loading,bright_solidity,13,-0.18131868131868134
quality_matched,bright_pore_crosscorr_xy_contrast_256px,Batch_3,existing_geometry_loading,bright_aspect_aw,13,-0.37912087912087916
quality_matched,bright_pore_crosscorr_xy_contrast_256px,Batch_3,existing_geometry_loading,bright_nn_mean_px,13,-0.2802197802197803
quality_matched,bright_pore_crosscorr_xy_contrast_256px,Batch_3,existing_geometry_loading,local_bright_std_512px,13,-0.0934065934065934
quality_matched,bright_pore_crosscorr_xy_contrast_256px,Batch_3,existing_geometry_loading,graph_edge_axial_strength,13,0.14835164835164835
quality_matched,bright_pore_crosscorr_xy_contrast_256px,Batch_3,existing_geometry_loading,graph_node_density_per_mpx,13,0.08241758241758242
quality_matched,bright_pore_crosscorr_xy_contrast_256px,Batch_3_ordinary,existing_geometry_loading,bright_frac,10,0.1515151515151515
quality_matched,bright_pore_crosscorr_xy_contrast_256px,Batch_3_ordinary,existing_geometry_loading,pore_frac,10,-0.18787878787878787
quality_matched,bright_pore_crosscorr_xy_contrast_256px,Batch_3_ordinary,existing_geometry_loading,bright_d50,10,-0.0303030303030303
quality_matched,bright_pore_crosscorr_xy_contrast_256px,Batch_3_ordinary,existing_geometry_loading,bright_circ,10,-0.13939393939393938
quality_matched,bright_pore_crosscorr_xy_contrast_256px,Batch_3_ordinary,existing_geometry_loading,bright_solidity,10,-0.32121212121212117
quality_matched,bright_pore_crosscorr_xy_contrast_256px,Batch_3_ordinary,existing_geometry_loading,bright_aspect_aw,10,-0.1515151515151515
quality_matched,bright_pore_crosscorr_xy_contrast_256px,Batch_3_ordinary,existing_geometry_loading,bright_nn_mean_px,10,-0.19999999999999998
quality_matched,bright_pore_crosscorr_xy_contrast_256px,Batch_3_ordinary,existing_geometry_loading,local_bright_std_512px,10,-0.2606060606060606
quality_matched,bright_pore_crosscorr_xy_contrast_256px,Batch_3_ordinary,existing_geometry_loading,graph_edge_axial_strength,10,0.07878787878787878
quality_matched,bright_pore_crosscorr_xy_contrast_256px,Batch_3_ordinary,existing_geometry_loading,graph_node_density_per_mpx,10,-0.16363636363636364
